file,id,title,title_original,author,author_original,year,axis_t_raw,valid_t,invalid_t,status,suggested_t,special_hint,reason,verification_status,bibliography_status,canon_id
1914 and Other Poems.md,WL-WORK-1931,1914 and Other Poems,,鲁珀特·布鲁克,Rupert Brooke,,T4 全球现代主义时代,T4,,HAS_T,,,已有有效 T0–T6 坐标,自动通过,metadata_pending,
1984.md,WL-WORK-0488,1984,,乔治·奥威尔,George Orwell,,T5 二战后多极文学,T5,,HAS_T,,,已有有效 T0–T6 坐标,自动通过,,CANON-142
1988：我想和这个世界谈谈.md,WL-WORK-2667,1988：我想和这个世界谈谈,,韩寒,,,T6 当代全球文学,T6,,HAS_T,,,已有有效 T0–T6 坐标,个人补录,metadata_pending,
1Q84.md,WL-WORK-2668,1Q84,,村上春树,,,T6 当代全球文学,T6,,HAS_T,,,已有有效 T0–T6 坐标,个人补录,metadata_pending,
2001：太空漫游.md,WL-WORK-0309,2001：太空漫游,,阿瑟·克拉克,,,T5 二战后多极文学,T5,,HAS_T,,,已有有效 T0–T6 坐标,自动通过,,
2312.md,WL-WORK-2951,2312,2312,金·斯坦利·罗宾逊,Kim Stanley Robinson,,T6 当代全球文学,T6,,HAS_T,,,已有有效 T0–T6 坐标,需复核,metadata_pending,
24个比利.md,WL-WORK-2765,24个比利,,丹尼尔·凯斯,,,T6 当代全球文学,T6,,HAS_T,,,已有有效 T0–T6 坐标,个人补录,metadata_pending,
2666.md,WL-WORK-1522,2666,,波拉尼奥,,,T6 当代全球文学,T6,,HAS_T,,,已有有效 T0–T6 坐标,自动通过,metadata_pending,
64.md,WL-WORK-0174,64,,横山秀夫,,,T6 当代全球文学,T6,,HAS_T,,,已有有效 T0–T6 坐标,自动通过,,
82年生的金智英.md,WL-WORK-2669,82年生的金智英,,赵南柱,,,T6 当代全球文学,T6,,HAS_T,,,已有有效 T0–T6 坐标,个人补录,metadata_pending,
A Bollywood Affair.md,WL-WORK-1932,A Bollywood Affair,,索纳利·德夫,Sonali Dev,,,,,MISSING_T_REVIEW_NO_YEAR,,,缺 T 且缺少可机器读取 year，需要书目/成书史核验,自动通过,metadata_pending,
A Boy's Own Story.md,WL-WORK-0913,A Boy's Own Story,,埃德蒙·怀特,Edmund White,,,,,MISSING_T_REVIEW_NO_YEAR,,,缺 T 且缺少可机器读取 year，需要书目/成书史核验,自动通过,metadata_pending,
A Chegada de Lampião no Inferno.md,WL-WORK-2151,A Chegada de Lampião no Inferno,,何塞·帕切科,José Pacheco,,,,,MISSING_T_REVIEW_NO_YEAR,,,缺 T 且缺少可机器读取 year，需要书目/成书史核验,自动通过,metadata_pending,
A Court of Thorns and Roses.md,WL-WORK-1933,A Court of Thorns and Roses,,萨拉·J.马斯,Sarah J. Maas,,T6 当代全球文学,T6,,HAS_T,,,已有有效 T0–T6 坐标,自动通过,metadata_pending,
A General History of the Pyrates.md,WL-WORK-2152,A General History of the Pyrates,,查尔斯·约翰逊船长,Captain Charles Johnson,,,,,MISSING_T_REVIEW_NO_YEAR,,,缺 T 且缺少可机器读取 year，需要书目/成书史核验,自动通过,metadata_pending,
A Gentleman of France.md,WL-WORK-2153,A Gentleman of France,,斯坦利·韦曼,Stanley Weyman,,,,,MISSING_T_REVIEW_NO_YEAR,,,缺 T 且缺少可机器读取 year，需要书目/成书史核验,自动通过,metadata_pending,
A Gest of Robyn Hode.md,WL-WORK-2154,A Gest of Robyn Hode,,佚名,,,,,,MISSING_T_REVIEW_NO_YEAR,,anonymous_or_oral,缺 T 且缺少可机器读取 year，需要书目/成书史核验,自动通过,metadata_pending,
A Head Full of Ghosts.md,WL-WORK-0489,A Head Full of Ghosts,,保罗·特朗布莱,Paul Tremblay,,,,,MISSING_T_REVIEW_NO_YEAR,,,缺 T 且缺少可机器读取 year，需要书目/成书史核验,自动通过,metadata_pending,
A Hunger Like No Other.md,WL-WORK-1934,A Hunger Like No Other,,克雷斯莉·科尔,Kresley Cole,,,,,MISSING_T_REVIEW_NO_YEAR,,,缺 T 且缺少可机器读取 year，需要书目/成书史核验,自动通过,metadata_pending,
A Knight's Own Book of Chivalry.md,WL-WORK-2155,A Knight's Own Book of Chivalry,,若弗鲁瓦·德·沙尔尼,Geoffroi de Charny,,,,,MISSING_T_REVIEW_NO_YEAR,,,缺 T 且缺少可机器读取 year，需要书目/成书史核验,自动通过,metadata_pending,
A Lady's Life in the Rocky Mountains.md,WL-WORK-1342,A Lady's Life in the Rocky Mountains,,伊莎贝拉·伯德,Isabella Bird,,,,,MISSING_T_REVIEW_NO_YEAR,,,缺 T 且缺少可机器读取 year，需要书目/成书史核验,自动通过,metadata_pending,
A Long Way Gone.md,WL-WORK-1935,A Long Way Gone,,伊斯梅尔·比亚,Ishmael Beah,,T6 当代全球文学,T6,,HAS_T,,,已有有效 T0–T6 坐标,自动通过,metadata_pending,
A Man Called Horse.md,WL-WORK-2156,A Man Called Horse,,多萝西·M.约翰逊,Dorothy M. Johnson,,,,,MISSING_T_REVIEW_NO_YEAR,,,缺 T 且缺少可机器读取 year，需要书目/成书史核验,自动通过,metadata_pending,
A New Voyage Round the World.md,WL-WORK-0490,A New Voyage Round the World,,威廉·丹皮尔,William Dampier,,T2 早期现代文学,T2,,HAS_T,,,已有有效 T0–T6 坐标,自动通过,metadata_pending,
A Princess in Theory.md,WL-WORK-1936,A Princess in Theory,,艾莉莎·科尔,Alyssa Cole,,,,,MISSING_T_REVIEW_NO_YEAR,,,缺 T 且缺少可机器读取 year，需要书目/成书史核验,自动通过,metadata_pending,
A Rumor of War.md,WL-WORK-1937,A Rumor of War,,菲利普·卡普托,Philip Caputo,,,,,MISSING_T_REVIEW_NO_YEAR,,,缺 T 且缺少可机器读取 year，需要书目/成书史核验,自动通过,metadata_pending,
A Small Place.md,WL-WORK-1343,A Small Place,,牙买加·金凯德,Jamaica Kincaid,,,,,MISSING_T_REVIEW_NO_YEAR,,,缺 T 且缺少可机器读取 year，需要书目/成书史核验,自动通过,metadata_pending,
A Time of Gifts.md,WL-WORK-1344,A Time of Gifts,,帕特里克·利·弗莫尔,Patrick Leigh Fermor,,,,,MISSING_T_REVIEW_NO_YEAR,,,缺 T 且缺少可机器读取 year，需要书目/成书史核验,自动通过,metadata_pending,
A Tour on the Prairies.md,WL-WORK-2157,A Tour on the Prairies,,华盛顿·欧文,Washington Irving,,T3 19世纪现代文学体系,T3,,HAS_T,,,已有有效 T0–T6 坐标,自动通过,metadata_pending,
A Woman's Journey Round the World.md,WL-WORK-1345,A Woman's Journey Round the World,,伊达·普费弗尔,Ida Pfeiffer,,T3 19世纪现代文学体系,T3,,HAS_T,,,已有有效 T0–T6 坐标,自动通过,metadata_pending,
ABC谋杀案.md,WL-WORK-0025,ABC谋杀案,,阿加莎·克里斯蒂,,,T4 全球现代主义时代,T4,,HAS_T,,,已有有效 T0–T6 坐标,自动通过,,
Across the Black Waters.md,WL-WORK-1938,Across the Black Waters,,穆尔克·拉吉·安纳德,Mulk Raj Anand,,T4 全球现代主义时代,T4,,HAS_T,,,已有有效 T0–T6 坐标,自动通过,metadata_pending,
"Adam Bell, Clim of the Clough and William of Cloudesley.md",WL-WORK-2158,"Adam Bell, Clim of the Clough and William of Cloudesley",,佚名,,,,,,MISSING_T_REVIEW_NO_YEAR,,anonymous_or_oral,缺 T 且缺少可机器读取 year，需要书目/成书史核验,自动通过,metadata_pending,
Afsaneh ／ 传说.md,WL-WORK-1523,Afsaneh / 传说,,尼玛·尤什吉,Nima Yushij,,,,,MISSING_T_REVIEW_NO_YEAR,,title_aggregate_or_tradition,缺 T 且缺少可机器读取 year，需要书目/成书史核验,自动通过,metadata_pending,
Agents of Dreamland.md,WL-WORK-0491,Agents of Dreamland,,凯特琳·R.基尔南,Kiernan,,,,,MISSING_T_REVIEW_NO_YEAR,,,缺 T 且缺少可机器读取 year，需要书目/成书史核验,自动通过,metadata_pending,
All You Need Is Kill.md,WL-WORK-0418,All You Need Is Kill,,樱坂洋,,,T6 当代全球文学,T6,,HAS_T,,,已有有效 T0–T6 坐标,自动通过,,
Allan Quatermain.md,WL-WORK-0492,Allan Quatermain,,哈格德,Rider Haggard,,T3 19世纪现代文学体系,T3,,HAS_T,,,已有有效 T0–T6 坐标,自动通过,metadata_pending,
Almanac of the Dead.md,WL-WORK-2159,Almanac of the Dead,,莱斯利·马蒙·西尔科,Leslie Marmon Silko,,,,,MISSING_T_REVIEW_NO_YEAR,,,缺 T 且缺少可机器读取 year，需要书目/成书史核验,自动通过,metadata_pending,
Always Only You.md,WL-WORK-1939,Always Only You,,克洛伊·利泽,Chloe Liese,,,,,MISSING_T_REVIEW_NO_YEAR,,,缺 T 且缺少可机器读取 year，需要书目/成书史核验,自动通过,metadata_pending,
Ambiguity Machines and Other Stories.md,WL-WORK-0477,Ambiguity Machines and Other Stories,,万达娜·辛格,Vandana Singh,,,,,MISSING_T_REVIEW_NO_YEAR,,,缺 T 且缺少可机器读取 year，需要书目/成书史核验,自动通过,,
America Is in the Heart.md,WL-WORK-0914,America Is in the Heart,,卡洛斯·布洛桑,Carlos Bulosan,,,,,MISSING_T_REVIEW_NO_YEAR,,,缺 T 且缺少可机器读取 year，需要书目/成书史核验,自动通过,metadata_pending,
American Indian Myths and Legends.md,WL-WORK-1346,American Indian Myths and Legends,,理查德·厄尔多斯 / 阿方索·奥尔蒂斯,Richard Erdoes / Alfonso Ortiz,,,,,MISSING_T_REVIEW_NO_YEAR,,,缺 T 且缺少可机器读取 year，需要书目/成书史核验,自动通过,metadata_pending,
Amsterdam.md,WL-WORK-3059,Amsterdam,Amsterdam,伊恩·麦克尤恩,Ian McEwan,,T6 当代全球文学,T6,,HAS_T,,,已有有效 T0–T6 坐标,需复核,metadata_pending,
An African in Greenland.md,WL-WORK-1347,An African in Greenland,,托戈·科波马西,Kpomassie,,,,,MISSING_T_REVIEW_NO_YEAR,,,缺 T 且缺少可机器读取 year，需要书目/成书史核验,自动通过,metadata_pending,
An Area of Darkness.md,WL-WORK-1348,An Area of Darkness,,V.S.奈保尔,Naipaul,,T5 二战后多极文学,T5,,HAS_T,,,已有有效 T0–T6 坐标,自动通过,metadata_pending,
Angel Down.md,WL-WORK-3034,Angel Down,Angel Down,丹尼尔·克劳斯,Daniel Kraus,,T6 当代全球文学,T6,,HAS_T,,,已有有效 T0–T6 坐标,需复核,metadata_pending,
Aniceto el Gallo.md,WL-WORK-2160,Aniceto el Gallo,,阿斯卡苏比,Hilario Ascasubi,,,,,MISSING_T_REVIEW_NO_YEAR,,,缺 T 且缺少可机器读取 year，需要书目/成书史核验,自动通过,metadata_pending,
Anton Reiser.md,WL-WORK-0915,Anton Reiser,,卡尔·菲利普·莫里茨,Karl Philipp Moritz,,T2 早期现代文学,T2,,HAS_T,,,已有有效 T0–T6 坐标,自动通过,metadata_pending,
Anything for Billy.md,WL-WORK-2161,Anything for Billy,,拉里·麦克默特里,Larry McMurtry,,T6 当代全球文学,T6,,HAS_T,,,已有有效 T0–T6 坐标,自动通过,metadata_pending,
Arabella.md,WL-WORK-1940,Arabella,,乔吉特·海耶,Georgette Heyer,,T5 二战后多极文学,T5,,HAS_T,,,已有有效 T0–T6 坐标,自动通过,metadata_pending,
Arabian Sands.md,WL-WORK-1349,Arabian Sands,,威尔弗雷德·塞西格,Wilfred Thesiger,,,,,MISSING_T_REVIEW_NO_YEAR,,,缺 T 且缺少可机器读取 year，需要书目/成书史核验,自动通过,metadata_pending,
Aspremont.md,WL-WORK-2162,Aspremont,,佚名,,,,,,MISSING_T_REVIEW_NO_YEAR,,anonymous_or_oral,缺 T 且缺少可机器读取 year，需要书目/成书史核验,自动通过,metadata_pending,
Astoria.md,WL-WORK-2163,Astoria,,华盛顿·欧文,Irving,,T3 19世纪现代文学体系,T3,,HAS_T,,,已有有效 T0–T6 坐标,自动通过,metadata_pending,
"Astucia, el jefe de los Hermanos de la Hoja.md",WL-WORK-2164,"Astucia, el jefe de los Hermanos de la Hoja",Astucia,路易斯·G.因克兰,Luis G. Inclán,,,,,MISSING_T_REVIEW_NO_YEAR,,,缺 T 且缺少可机器读取 year，需要书目/成书史核验,自动通过,metadata_pending,
Audition.md,WL-WORK-0493,Audition,,村上龙,,,T6 当代全球文学,T6,,HAS_T,,,已有有效 T0–T6 坐标,自动通过,metadata_pending,
Auschwitz and After.md,WL-WORK-1941,Auschwitz and After,,夏洛特·德尔博,Charlotte Delbo,,,,,MISSING_T_REVIEW_NO_YEAR,,,缺 T 且缺少可机器读取 year，需要书目/成书史核验,自动通过,metadata_pending,
Ayesha at Last.md,WL-WORK-1942,Ayesha at Last,,乌兹玛·贾拉勒丁,Uzma Jalaluddin,,,,,MISSING_T_REVIEW_NO_YEAR,,,缺 T 且缺少可机器读取 year，需要书目/成书史核验,自动通过,metadata_pending,
A代表不在场证明.md,WL-WORK-0095,A代表不在场证明,A Is for Alibi,苏·格拉夫顿,Sue Grafton,,,,,MISSING_T_REVIEW_NO_YEAR,,,缺 T 且缺少可机器读取 year，需要书目/成书史核验,自动通过,,
Banalata Sen.md,WL-WORK-1524,Banalata Sen,,吉巴纳南达·达斯,Jibanananda Das,,,,,MISSING_T_REVIEW_NO_YEAR,,,缺 T 且缺少可机器读取 year，需要书目/成书史核验,自动通过,metadata_pending,
Bandits.md,WL-WORK-2165,Bandits,,艾瑞克·霍布斯鲍姆,Eric Hobsbawm,,T5 二战后多极文学,T5,,HAS_T,,,已有有效 T0–T6 坐标,自动通过,metadata_pending,
Bar-20.md,WL-WORK-2166,Bar-20,,克拉伦斯·E.马尔福德,Clarence E. Mulford,,,,,MISSING_T_REVIEW_NO_YEAR,,,缺 T 且缺少可机器读取 year，需要书目/成书史核验,自动通过,metadata_pending,
Bardelys the Magnificent.md,WL-WORK-2167,Bardelys the Magnificent,,拉斐尔·萨巴蒂尼,Rafael Sabatini,,T4 全球现代主义时代,T4,,HAS_T,,,已有有效 T0–T6 坐标,自动通过,metadata_pending,
Battle-Pieces.md,WL-WORK-1943,Battle-Pieces,,赫尔曼·麦尔维尔,Herman Melville,,T3 19世纪现代文学体系,T3,,HAS_T,,,已有有效 T0–T6 坐标,自动通过,metadata_pending,
Beach Read.md,WL-WORK-1944,Beach Read,,埃米莉·亨利,Emily Henry,,T6 当代全球文学,T6,,HAS_T,,,已有有效 T0–T6 坐标,自动通过,metadata_pending,
Before I Let Go.md,WL-WORK-1945,Before I Let Go,,肯尼迪·瑞安,Kennedy Ryan,,,,,MISSING_T_REVIEW_NO_YEAR,,,缺 T 且缺少可机器读取 year，需要书目/成书史核验,自动通过,metadata_pending,
Before She Sleeps.md,WL-WORK-0916,Before She Sleeps,,比娜·沙阿,Bina Shah,,,,,MISSING_T_REVIEW_NO_YEAR,,,缺 T 且缺少可机器读取 year，需要书目/成书史核验,自动通过,metadata_pending,
Before the Fall.md,WL-WORK-3143,Before the Fall,Before the Fall,诺亚·霍利,Noah Hawley,,T6 当代全球文学,T6,,HAS_T,,,已有有效 T0–T6 坐标,需复核,metadata_pending,
Beirut Blues.md,WL-WORK-1946,Beirut Blues,,哈南·谢赫,Hanan al-Shaykh,,,,,MISSING_T_REVIEW_NO_YEAR,,,缺 T 且缺少可机器读取 year，需要书目/成书史核验,自动通过,metadata_pending,
Bellarion the Fortunate.md,WL-WORK-2168,Bellarion the Fortunate,,拉斐尔·萨巴蒂尼,Rafael Sabatini,,T4 全球现代主义时代,T4,,HAS_T,,,已有有效 T0–T6 坐标,自动通过,metadata_pending,
Benito Cereno.md,WL-WORK-2169,Benito Cereno,,赫尔曼·麦尔维尔,Herman Melville,,T3 19世纪现代文学体系,T3,,HAS_T,,,已有有效 T0–T6 坐标,自动通过,metadata_pending,
Bet Me.md,WL-WORK-1947,Bet Me,,珍妮弗·克鲁西,Jennifer Crusie,,,,,MISSING_T_REVIEW_NO_YEAR,,,缺 T 且缺少可机器读取 year，需要书目/成书史核验,自动通过,metadata_pending,
Between the Woods and the Water.md,WL-WORK-1350,Between the Woods and the Water,,帕特里克·利·弗莫尔,Patrick Leigh Fermor,,,,,MISSING_T_REVIEW_NO_YEAR,,,缺 T 且缺少可机器读取 year，需要书目/成书史核验,自动通过,metadata_pending,
Bevis of Hampton.md,WL-WORK-2170,Bevis of Hampton,,佚名,,,,,,MISSING_T_REVIEW_NO_YEAR,,anonymous_or_oral,缺 T 且缺少可机器读取 year，需要书目/成书史核验,自动通过,metadata_pending,
Big Rock Candy Mountain.md,WL-WORK-2171,Big Rock Candy Mountain,,华莱士·斯特格纳,Wallace Stegner,,,,,MISSING_T_REVIEW_NO_YEAR,,,缺 T 且缺少可机器读取 year，需要书目/成书史核验,自动通过,metadata_pending,
BJ单身日记.md,WL-WORK-1948,BJ单身日记,,海伦·菲尔丁,Helen Fielding,,,,,MISSING_T_REVIEW_NO_YEAR,,,缺 T 且缺少可机器读取 year，需要书目/成书史核验,自动通过,metadata_pending,
Black Lamb and Grey Falcon.md,WL-WORK-1351,Black Lamb and Grey Falcon,,丽贝卡·韦斯特,Rebecca West,,T4 全球现代主义时代,T4,,HAS_T,,,已有有效 T0–T6 坐标,自动通过,metadata_pending,
"Black Leopard, Red Wolf.md",WL-WORK-2173,"Black Leopard, Red Wolf",,马龙·詹姆斯,Marlon James,,T6 当代全球文学,T6,,HAS_T,,,已有有效 T0–T6 坐标,自动通过,metadata_pending,
"Bless Me, Ultima.md",WL-WORK-2174,"Bless Me, Ultima",,鲁道夫·阿纳亚,Rudolfo Anaya,,,,,MISSING_T_REVIEW_NO_YEAR,,,缺 T 且缺少可机器读取 year，需要书目/成书史核验,自动通过,metadata_pending,
Blue Heaven.md,WL-WORK-3135,Blue Heaven,Blue Heaven,C.J.博克斯,C.J. Box,,T6 当代全球文学,T6,,HAS_T,,,已有有效 T0–T6 坐标,需复核,metadata_pending,
Bones.md,WL-WORK-3126,Bones,Bones,简·伯克,Jan Burke,,T6 当代全球文学,T6,,HAS_T,,,已有有效 T0–T6 坐标,需复核,metadata_pending,
Book Lovers.md,WL-WORK-1949,Book Lovers,,埃米莉·亨利,Emily Henry,,T6 当代全球文学,T6,,HAS_T,,,已有有效 T0–T6 坐标,自动通过,metadata_pending,
Borderlands ／ La Frontera.md,WL-WORK-2175,Borderlands / La Frontera,,格洛丽亚·安扎尔杜亚,Gloria Anzaldúa,,,,,MISSING_T_REVIEW_NO_YEAR,,,缺 T 且缺少可机器读取 year，需要书目/成书史核验,自动通过,metadata_pending,
Boyfriend Material.md,WL-WORK-1950,Boyfriend Material,,亚历克西斯·霍尔,Alexis Hall,,T6 当代全球文学,T6,,HAS_T,,,已有有效 T0–T6 坐标,自动通过,metadata_pending,
Bread Givers.md,WL-WORK-0917,Bread Givers,,安齐娅·叶济尔斯卡,Anzia Yezierska,,,,,MISSING_T_REVIEW_NO_YEAR,,,缺 T 且缺少可机器读取 year，需要书目/成书史核验,自动通过,metadata_pending,
Brut.md,WL-WORK-2176,Brut,,亚瑟王出现,,,,,,MISSING_T_REVIEW_NO_YEAR,,,缺 T 且缺少可机器读取 year，需要书目/成书史核验,自动通过,metadata_pending,
Buffalo Wagons.md,WL-WORK-2177,Buffalo Wagons,,埃尔默·凯尔顿,Elmer Kelton,,,,,MISSING_T_REVIEW_NO_YEAR,,,缺 T 且缺少可机器读取 year，需要书目/成书史核验,自动通过,metadata_pending,
Bugles in the Afternoon.md,WL-WORK-2178,Bugles in the Afternoon,,欧内斯特·海科克斯,Ernest Haycox,,,,,MISSING_T_REVIEW_NO_YEAR,,,缺 T 且缺少可机器读取 year，需要书目/成书史核验,自动通过,metadata_pending,
Burnt Offerings.md,WL-WORK-0494,Burnt Offerings,,罗伯特·马拉斯科,Robert Marasco,,,,,MISSING_T_REVIEW_NO_YEAR,,,缺 T 且缺少可机器读取 year，需要书目/成书史核验,自动通过,metadata_pending,
Butcher's Crossing.md,WL-WORK-2179,Butcher's Crossing,,约翰·威廉斯,John Williams,,,,,MISSING_T_REVIEW_NO_YEAR,,,缺 T 且缺少可机器读取 year，需要书目/成书史核验,自动通过,metadata_pending,
California Girl.md,WL-WORK-3131,California Girl,California Girl,T.杰斐逊·帕克,T. Jefferson Parker,,T6 当代全球文学,T6,,HAS_T,,,已有有效 T0–T6 坐标,需复核,metadata_pending,
Cancioneiro Guasca.md,WL-WORK-2180,Cancioneiro Guasca,,西蒙斯·洛佩斯·内托,Simões Lopes Neto,,,,,MISSING_T_REVIEW_NO_YEAR,,,缺 T 且缺少可机器读取 year，需要书目/成书史核验,自动通过,metadata_pending,
Cangaceiros.md,WL-WORK-2181,Cangaceiros,,若泽·林斯·多雷戈,巴西,,,,,MISSING_T_REVIEW_NO_YEAR,,,缺 T 且缺少可机器读取 year，需要书目/成书史核验,自动通过,metadata_pending,
Captain Singleton.md,WL-WORK-2182,Captain Singleton,,丹尼尔·笛福,Daniel Defoe,,T2 早期现代文学,T2,,HAS_T,,,已有有效 T0–T6 坐标,自动通过,metadata_pending,
Casos do Romualdo.md,WL-WORK-2183,Casos do Romualdo,,西蒙斯·洛佩斯·内托,Simões Lopes Neto,,,,,MISSING_T_REVIEW_NO_YEAR,,,缺 T 且缺少可机器读取 year，需要书目/成书史核验,自动通过,metadata_pending,
Ceremony.md,WL-WORK-0918,Ceremony,,莱斯利·马蒙·西尔科,Leslie Marmon Silko,,,,,MISSING_T_REVIEW_NO_YEAR,,,缺 T 且缺少可机器读取 year，需要书目/成书史核验,自动通过,metadata_pending,
Certain Dark Things.md,WL-WORK-0495,Certain Dark Things,,西尔维娅·莫雷诺-加西亚,Silvia Moreno-Garcia,,T6 当代全球文学,T6,,HAS_T,,,已有有效 T0–T6 坐标,自动通过,metadata_pending,
"Changó, el gran putas.md",WL-WORK-1525,"Changó, el gran putas",,曼努埃尔·萨帕塔·奥利韦利亚,Afro-Latin史诗性书写,,,,,MISSING_T_REVIEW_NO_YEAR,,,缺 T 且缺少可机器读取 year，需要书目/成书史核验,自动通过,metadata_pending,
China Iron历险记.md,WL-WORK-1526,China Iron历险记,,加夫列拉·卡贝松·卡马拉,,,,,,MISSING_T_REVIEW_NO_YEAR,,,缺 T 且缺少可机器读取 year，需要书目/成书史核验,自动通过,metadata_pending,
Cielitos.md,WL-WORK-2184,Cielitos,,巴托洛梅·伊达尔戈,Hidalgo,,,,,MISSING_T_REVIEW_NO_YEAR,,,缺 T 且缺少可机器读取 year，需要书目/成书史核验,自动通过,metadata_pending,
Cligès.md,WL-WORK-2185,Cligès,,克雷蒂安·德·特鲁瓦,,,T1 中古多中心文学世界,T1,,HAS_T,,,已有有效 T0–T6 坐标,自动通过,metadata_pending,
Close Range.md,WL-WORK-2186,Close Range,,安妮·普鲁,Proulx,,T6 当代全球文学,T6,,HAS_T,,,已有有效 T0–T6 坐标,自动通过,metadata_pending,
Cockfight.md,WL-WORK-0496,Cockfight,,玛丽亚·费尔南达·安普埃罗,María Fernanda Ampuero,,,,,MISSING_T_REVIEW_NO_YEAR,,,缺 T 且缺少可机器读取 year，需要书目/成书史核验,自动通过,metadata_pending,
"Cogewea, the Half-Blood.md",WL-WORK-2188,"Cogewea, the Half-Blood",,哀鸽,Mourning Dove,,,,,MISSING_T_REVIEW_NO_YEAR,,,缺 T 且缺少可机器读取 year，需要书目/成书史核验,自动通过,metadata_pending,
Cogewea.md,WL-WORK-2187,Cogewea,,哀鸽,Mourning Dove,,,,,MISSING_T_REVIEW_NO_YEAR,,,缺 T 且缺少可机器读取 year，需要书目/成书史核验,自动通过,metadata_pending,
Color.md,WL-WORK-1527,Color,,康蒂·卡伦,Countee Cullen,,,,,MISSING_T_REVIEW_NO_YEAR,,,缺 T 且缺少可机器读取 year，需要书目/成书史核验,自动通过,metadata_pending,
Comanche Moon.md,WL-WORK-2189,Comanche Moon,,拉里·麦克默特里,Larry McMurtry,,T6 当代全球文学,T6,,HAS_T,,,已有有效 T0–T6 坐标,自动通过,metadata_pending,
Contos Gauchescos.md,WL-WORK-2190,Contos Gauchescos,,西蒙斯·洛佩斯·内托,Simões Lopes Neto,,,,,MISSING_T_REVIEW_NO_YEAR,,,缺 T 且缺少可机器读取 year，需要书目/成书史核验,自动通过,metadata_pending,
Corrido de Gregorio Cortez.md,WL-WORK-2191,Corrido de Gregorio Cortez,,佚名,Gregorio Cortez,,,,,MISSING_T_REVIEW_NO_YEAR,,anonymous_or_oral,缺 T 且缺少可机器读取 year，需要书目/成书史核验,自动通过,metadata_pending,
Cotillion.md,WL-WORK-1951,Cotillion,,乔吉特·海耶,Georgette Heyer,,T5 二战后多极文学,T5,,HAS_T,,,已有有效 T0–T6 坐标,自动通过,metadata_pending,
Count Hannibal.md,WL-WORK-2192,Count Hannibal,,斯坦利·韦曼,Stanley Weyman,,,,,MISSING_T_REVIEW_NO_YEAR,,,缺 T 且缺少可机器读取 year，需要书目/成书史核验,自动通过,metadata_pending,
Cowboy Songs and Other Frontier Ballads.md,WL-WORK-2193,Cowboy Songs and Other Frontier Ballads,,约翰·A.洛马克斯,John A. Lomax,,,,,MISSING_T_REVIEW_NO_YEAR,,,缺 T 且缺少可机器读取 year，需要书目/成书史核验,自动通过,metadata_pending,
Cracking India.md,WL-WORK-0919,Cracking India,,巴普西·西德瓦,Bapsi Sidhwa,,,,,MISSING_T_REVIEW_NO_YEAR,,,缺 T 且缺少可机器读取 year，需要书目/成书史核验,自动通过,metadata_pending,
"Crick Crack, Monkey.md",WL-WORK-1528,"Crick Crack, Monkey",,默尔·霍奇,Merle Hodge,,T5 二战后多极文学,T5,,HAS_T,,,已有有效 T0–T6 坐标,自动通过,metadata_pending,
Cryptonomicon.md,WL-WORK-0920,Cryptonomicon,,尼尔·斯蒂芬森,Neal Stephenson,,T6 当代全球文学,T6,,HAS_T,,,已有有效 T0–T6 坐标,自动通过,metadata_pending,
Curial e Güelfa.md,WL-WORK-2194,Curial e Güelfa,,佚名,,,,,,MISSING_T_REVIEW_NO_YEAR,,anonymous_or_oral,缺 T 且缺少可机器读取 year，需要书目/成书史核验,自动通过,metadata_pending,
Cycle of the Werewolf.md,WL-WORK-0497,Cycle of the Werewolf,,斯蒂芬·金,Stephen King,,T6 当代全球文学,T6,,HAS_T,,,已有有效 T0–T6 坐标,自动通过,metadata_pending,
Dance Hall of the Dead.md,WL-WORK-2195,Dance Hall of the Dead,,托尼·希勒曼,Tony Hillerman,1973,T5 二战后多极文学,T5,,HAS_T,,,已有有效 T0–T6 坐标,自动通过,metadata_pending,
Darangen.md,WL-WORK-1352,Darangen,,佚名,菲律宾Maranao,,T1 中古多中心文学世界,T1,,HAS_T,,anonymous_or_oral,已有有效 T0–T6 坐标,自动通过,metadata_pending,
"Dark Continent, My Black Arse.md",WL-WORK-1353,"Dark Continent, My Black Arse",,西赫勒·库马洛,Sihle Khumalo,,,,,MISSING_T_REVIEW_NO_YEAR,,,缺 T 且缺少可机器读取 year，需要书目/成书史核验,自动通过,metadata_pending,
Dark Fire.md,WL-WORK-0921,Dark Fire,,C.J.桑瑟姆,C.J. Sansom,,,,,MISSING_T_REVIEW_NO_YEAR,,,缺 T 且缺少可机器读取 year，需要书目/成书史核验,自动通过,metadata_pending,
Dark Lover.md,WL-WORK-1952,Dark Lover,,J.R.沃德,J.R. Ward,,T6 当代全球文学,T6,,HAS_T,,,已有有效 T0–T6 坐标,自动通过,metadata_pending,
Dead in the West.md,WL-WORK-2196,Dead in the West,,乔·R.兰斯代尔,Joe R. Lansdale,,,,,MISSING_T_REVIEW_NO_YEAR,,,缺 T 且缺少可机器读取 year，需要书目/成书史核验,自动通过,metadata_pending,
Dead Man's Walk.md,WL-WORK-2197,Dead Man's Walk,,拉里·麦克默特里,Larry McMurtry,,T6 当代全球文学,T6,,HAS_T,,,已有有效 T0–T6 坐标,自动通过,metadata_pending,
Delilah Green Doesn't Care.md,WL-WORK-1953,Delilah Green Doesn't Care,,阿什莉·赫林·布莱克,Ashley Herring Blake,,,,,MISSING_T_REVIEW_NO_YEAR,,,缺 T 且缺少可机器读取 year，需要书目/成书史核验,自动通过,metadata_pending,
Delirium.md,WL-WORK-0922,Delirium,,劳伦·奥利弗,Lauren Oliver,,,,,MISSING_T_REVIEW_NO_YEAR,,,缺 T 且缺少可机器读取 year，需要书目/成书史核验,自动通过,metadata_pending,
Desert Gold.md,WL-WORK-2198,Desert Gold,,赞恩·格雷,Zane Grey,,T4 全球现代主义时代,T4,,HAS_T,,,已有有效 T0–T6 坐标,自动通过,metadata_pending,
Desert Solitaire.md,WL-WORK-2199,Desert Solitaire,,爱德华·艾比,Edward Abbey,,,,,MISSING_T_REVIEW_NO_YEAR,,,缺 T 且缺少可机器读取 year，需要书目/成书史核验,自动通过,metadata_pending,
Destination Biafra.md,WL-WORK-1954,Destination Biafra,,布奇·埃梅切塔,Buchi Emecheta,,T6 当代全球文学,T6,,HAS_T,,,已有有效 T0–T6 坐标,自动通过,metadata_pending,
Destry Rides Again.md,WL-WORK-2200,Destry Rides Again,,马克斯·布兰德,Max Brand,,,,,MISSING_T_REVIEW_NO_YEAR,,,缺 T 且缺少可机器读取 year，需要书目/成书史核验,自动通过,metadata_pending,
Devil in Winter.md,WL-WORK-1955,Devil in Winter,,丽莎·克莱帕斯,Lisa Kleypas,,,,,MISSING_T_REVIEW_NO_YEAR,,,缺 T 且缺少可机器读取 year，需要书目/成书史核验,自动通过,metadata_pending,
Diné Bahaneʼ：纳瓦霍创世故事.md,WL-WORK-1354,Diné Bahaneʼ：纳瓦霍创世故事,Diné Bahaneʼ: The Navajo Creation Story,佚名,,1984,T6 当代全球文学,T6,,HAS_T,,anonymous_or_oral,已有有效 T0–T6 坐标,自动通过,metadata_pending,
Dispatches.md,WL-WORK-1956,Dispatches,,迈克尔·赫尔,Michael Herr,,,,,MISSING_T_REVIEW_NO_YEAR,,,缺 T 且缺少可机器读取 year，需要书目/成书史核验,自动通过,metadata_pending,
Diálogos patrióticos.md,WL-WORK-2201,Diálogos patrióticos,,巴托洛梅·伊达尔戈,Hidalgo,,,,,MISSING_T_REVIEW_NO_YEAR,,,缺 T 且缺少可机器读取 year，需要书目/成书史核验,自动通过,metadata_pending,
Don Segundo Sombra.md,WL-WORK-2202,Don Segundo Sombra,,里卡多·吉拉尔德斯,Güiraldes,,,,,MISSING_T_REVIEW_NO_YEAR,,,缺 T 且缺少可机器读取 year，需要书目/成书史核验,自动通过,metadata_pending,
Down River.md,WL-WORK-3134,Down River,Down River,约翰·哈特,John Hart,,T6 当代全球文学,T6,,HAS_T,,,已有有效 T0–T6 坐标,需复核,metadata_pending,
Dragon Raja.md,WL-WORK-0498,Dragon Raja,,李英道,Lee Yeongdo,,T6 当代全球文学,T6,,HAS_T,,,已有有效 T0–T6 坐标,自动通过,metadata_pending,
Dreaming in Cuban.md,WL-WORK-0923,Dreaming in Cuban,,克里斯蒂娜·加西亚,Cristina García,,,,,MISSING_T_REVIEW_NO_YEAR,,,缺 T 且缺少可机器读取 year，需要书目/成书史核验,自动通过,metadata_pending,
Drum-Taps.md,WL-WORK-1957,Drum-Taps,,沃尔特·惠特曼,Whitman,,T3 19世纪现代文学体系,T3,,HAS_T,,,已有有效 T0–T6 坐标,自动通过,metadata_pending,
Dungeon Crawler Carl.md,WL-WORK-0499,Dungeon Crawler Carl,,马特·丁尼曼,Matt Dinniman,,,,,MISSING_T_REVIEW_NO_YEAR,,,缺 T 且缺少可机器读取 year，需要书目/成书史核验,自动通过,metadata_pending,
D坂杀人事件.md,WL-WORK-0147,D坂杀人事件,,江户川乱步,,,T4 全球现代主义时代,T4,,HAS_T,,,已有有效 T0–T6 坐标,自动通过,,
El escritor argentino y la tradición.md,WL-WORK-2203,El escritor argentino y la tradición,,博尔赫斯,Jorge Luis Borges,,T5 二战后多极文学,T5,,HAS_T,,,已有有效 T0–T6 坐标,自动通过,metadata_pending,
El gaucho Martín Fierro.md,WL-WORK-2205,El gaucho Martín Fierro,,何塞·埃尔南德斯,Hernández,,T3 19世纪现代文学体系,T3,,HAS_T,,,已有有效 T0–T6 坐标,自动通过,metadata_pending,
El guacho Martín Fierro.md,WL-WORK-2206,El guacho Martín Fierro,,法里尼亚,Fariña,,,,,MISSING_T_REVIEW_NO_YEAR,,,缺 T 且缺少可机器读取 year，需要书目/成书史核验,自动通过,metadata_pending,
El inglés de los güesos.md,WL-WORK-2207,El inglés de los güesos,,贝尼托·林奇,Lynch,,,,,MISSING_T_REVIEW_NO_YEAR,,,缺 T 且缺少可机器读取 year，需要书目/成书史核验,自动通过,metadata_pending,
El Martín Fierro.md,WL-WORK-2208,El Martín Fierro,,博尔赫斯 / 玛格丽塔·格雷罗,Borges / Margarita Guerrero,,,,,MISSING_T_REVIEW_NO_YEAR,,,缺 T 且缺少可机器读取 year，需要书目/成书史核验,自动通过,metadata_pending,
El matadero ／ 屠场.md,WL-WORK-2209,El matadero / 屠场,,埃斯特万·埃切维里亚,Esteban Echeverría,,,,,MISSING_T_REVIEW_NO_YEAR,,,缺 T 且缺少可机器读取 year，需要书目/成书史核验,自动通过,metadata_pending,
El muerto.md,WL-WORK-2210,El muerto,,博尔赫斯,Jorge Luis Borges,,T5 二战后多极文学,T5,,HAS_T,,,已有有效 T0–T6 坐标,自动通过,metadata_pending,
El payador.md,WL-WORK-2211,El payador,,莱奥波尔多·卢贡内斯,Lugones,,,,,MISSING_T_REVIEW_NO_YEAR,,,缺 T 且缺少可机器读取 year，需要书目/成书史核验,自动通过,metadata_pending,
El romance de un gaucho.md,WL-WORK-2212,El romance de un gaucho,,贝尼托·林奇,Lynch,,,,,MISSING_T_REVIEW_NO_YEAR,,,缺 T 且缺少可机器读取 year，需要书目/成书史核验,自动通过,metadata_pending,
El Zarco.md,WL-WORK-2214,El Zarco,,伊格纳西奥·曼努埃尔·阿尔塔米拉诺,Ignacio Manuel Altamirano,,,,,MISSING_T_REVIEW_NO_YEAR,,,缺 T 且缺少可机器读取 year，需要书目/成书史核验,自动通过,metadata_pending,
Eldorado.md,WL-WORK-2215,Eldorado,,奥希兹男爵夫人,Baroness Orczy,,,,,MISSING_T_REVIEW_NO_YEAR,,,缺 T 且缺少可机器读取 year，需要书目/成书史核验,自动通过,metadata_pending,
"Ema, la cautiva.md",WL-WORK-2216,"Ema, la cautiva",,塞萨尔·艾拉,Aira,,T6 当代全球文学,T6,,HAS_T,,,已有有效 T0–T6 坐标,自动通过,metadata_pending,
Enemy of God.md,WL-WORK-2217,Enemy of God,,伯纳德·康威尔,Bernard Cornwell,,T6 当代全球文学,T6,,HAS_T,,,已有有效 T0–T6 坐标,自动通过,metadata_pending,
Erec et Enide.md,WL-WORK-2219,Erec et Enide,,克雷蒂安·德·特鲁瓦,,,T1 中古多中心文学世界,T1,,HAS_T,,,已有有效 T0–T6 坐标,自动通过,metadata_pending,
Erec.md,WL-WORK-2218,Erec,,哈特曼·冯·奥埃,Hartmann von Aue,,,,,MISSING_T_REVIEW_NO_YEAR,,,缺 T 且缺少可机器读取 year，需要书目/成书史核验,自动通过,metadata_pending,
Estoire del Saint Graal.md,WL-WORK-2220,Estoire del Saint Graal,,佚名,,,,,,MISSING_T_REVIEW_NO_YEAR,,anonymous_or_oral,缺 T 且缺少可机器读取 year，需要书目/成书史核验,自动通过,metadata_pending,
Eustace the Monk.md,WL-WORK-2221,Eustace the Monk,,佚名,,,,,,MISSING_T_REVIEW_NO_YEAR,,anonymous_or_oral,缺 T 且缺少可机器读取 year，需要书目/成书史核验,自动通过,metadata_pending,
Excalibur.md,WL-WORK-2222,Excalibur,,伯纳德·康威尔,Bernard Cornwell,,T6 当代全球文学,T6,,HAS_T,,,已有有效 T0–T6 坐标,自动通过,metadata_pending,
Exquisite Corpse.md,WL-WORK-0500,Exquisite Corpse,,波比·Z.布赖特,Poppy Z. Brite,,T6 当代全球文学,T6,,HAS_T,,,已有有效 T0–T6 坐标,自动通过,metadata_pending,
Facial Justice.md,WL-WORK-0924,Facial Justice,,L.P.哈特利,L.P. Hartley,,,,,MISSING_T_REVIEW_NO_YEAR,,,缺 T 且缺少可机器读取 year，需要书目/成书史核验,自动通过,metadata_pending,
Facundo／ Civilization and Barbarism.md,WL-WORK-2224,Facundo: Civilization and Barbarism,,萨米恩托,Domingo Faustino Sarmiento,,,,,MISSING_T_REVIEW_NO_YEAR,,,缺 T 且缺少可机器读取 year，需要书目/成书史核验,自动通过,metadata_pending,
Fausto.md,WL-WORK-2225,Fausto,,埃斯塔尼斯劳·德尔·坎波,del Campo的,,,,,MISSING_T_REVIEW_NO_YEAR,,,缺 T 且缺少可机器读取 year，需要书目/成书史核验,自动通过,metadata_pending,
Feed.md,WL-WORK-0925,Feed,,M.T.安德森,M.T. Anderson,,T6 当代全球文学,T6,,HAS_T,,,已有有效 T0–T6 坐标,自动通过,metadata_pending,
Fierabras.md,WL-WORK-2226,Fierabras,,佚名,,,,,,MISSING_T_REVIEW_NO_YEAR,,anonymous_or_oral,缺 T 且缺少可机器读取 year，需要书目/成书史核验,自动通过,metadata_pending,
Flags on the Bayou.md,WL-WORK-3150,Flags on the Bayou,Flags on the Bayou,詹姆斯·李·伯克,James Lee Burke,,T6 当代全球文学,T6,,HAS_T,,,已有有效 T0–T6 坐标,需复核,metadata_pending,
Flashman.md,WL-WORK-2227,Flashman,,乔治·麦克唐纳·弗雷泽,Flashman系列，从,,,,,MISSING_T_REVIEW_NO_YEAR,,,缺 T 且缺少可机器读取 year，需要书目/成书史核验,自动通过,metadata_pending,
Flesh.md,WL-WORK-3082,Flesh,Flesh,戴维·萨莱,David Szalay,,T6 当代全球文学,T6,,HAS_T,,,已有有效 T0–T6 坐标,需复核,metadata_pending,
Flint.md,WL-WORK-2228,Flint,,路易斯·拉穆尔,Louis L'Amour,,T5 二战后多极文学,T5,,HAS_T,,,已有有效 T0–T6 坐标,自动通过,metadata_pending,
Fools Crow.md,WL-WORK-0926,Fools Crow,,詹姆斯·韦尔奇,James Welch,,,,,MISSING_T_REVIEW_NO_YEAR,,,缺 T 且缺少可机器读取 year，需要书目/成书史核验,自动通过,metadata_pending,
Forbidden.md,WL-WORK-1958,Forbidden,,贝弗利·詹金斯,Beverly Jenkins,,,,,MISSING_T_REVIEW_NO_YEAR,,,缺 T 且缺少可机器读取 year，需要书目/成书史核验,自动通过,metadata_pending,
Forfeit.md,WL-WORK-3097,Forfeit,Forfeit,迪克·弗朗西斯,Dick Francis,,T5 二战后多极文学,T5,,HAS_T,,,已有有效 T0–T6 坐标,需复核,metadata_pending,
Fortune's Fool.md,WL-WORK-2229,Fortune's Fool,,拉斐尔·萨巴蒂尼,Rafael Sabatini,,T4 全球现代主义时代,T4,,HAS_T,,,已有有效 T0–T6 坐标,自动通过,metadata_pending,
Fourth Wing.md,WL-WORK-1959,Fourth Wing,,丽贝卡·亚罗斯,Rebecca Yarros,,T6 当代全球文学,T6,,HAS_T,,,已有有效 T0–T6 坐标,自动通过,metadata_pending,
Frenchman's Creek.md,WL-WORK-2230,Frenchman's Creek,,达芙妮·杜穆里埃,du Maurier,,T4 全球现代主义时代,T4,,HAS_T,,,已有有效 T0–T6 坐标,自动通过,metadata_pending,
From a Crooked Rib.md,WL-WORK-0927,From a Crooked Rib,,努鲁丁·法拉赫,Nuruddin Farah,,,,,MISSING_T_REVIEW_NO_YEAR,,,缺 T 且缺少可机器读取 year，需要书目/成书史核验,自动通过,metadata_pending,
Fulk FitzWarin.md,WL-WORK-2231,Fulk FitzWarin,,佚名,,,,,,MISSING_T_REVIEW_NO_YEAR,,anonymous_or_oral,缺 T 且缺少可机器读取 year，需要书目/成书史核验,自动通过,metadata_pending,
G.H.受难记.md,WL-WORK-1529,G.H.受难记,,克拉丽丝·利斯佩克托,Clarice Lispector,,T5 二战后多极文学,T5,,HAS_T,,,已有有效 T0–T6 坐标,自动通过,metadata_pending,
G.（伯杰）.md,WL-WORK-3038,G.,G.,约翰·伯杰,John Berger,,T5 二战后多极文学,T5,,HAS_T,,,已有有效 T0–T6 坐标,需复核,metadata_pending,
Gamelyn.md,WL-WORK-2232,Gamelyn,,佚名,,,,,,MISSING_T_REVIEW_NO_YEAR,,anonymous_or_oral,缺 T 且缺少可机器读取 year，需要书目/成书史核验,自动通过,metadata_pending,
Games of Command.md,WL-WORK-1960,Games of Command,,林妮娅·辛克莱,Linnea Sinclair,,,,,MISSING_T_REVIEW_NO_YEAR,,,缺 T 且缺少可机器读取 year，需要书目/成书史核验,自动通过,metadata_pending,
Gestaltes en diere.md,WL-WORK-1530,Gestaltes en diere,,N.P.范维克·劳,N. P. van Wyk Louw,,,,,MISSING_T_REVIEW_NO_YEAR,,,缺 T 且缺少可机器读取 year，需要书目/成书史核验,自动通过,metadata_pending,
"Get a Life, Chloe Brown.md",WL-WORK-1961,"Get a Life, Chloe Brown",,塔莉娅·希伯特,Talia Hibbert,,,,,MISSING_T_REVIEW_NO_YEAR,,,缺 T 且缺少可机器读取 year，需要书目/成书史核验,自动通过,metadata_pending,
Girart de Roussillon.md,WL-WORK-2233,Girart de Roussillon,,佚名,,,,,,MISSING_T_REVIEW_NO_YEAR,,anonymous_or_oral,缺 T 且缺少可机器读取 year，需要书目/成书史核验,自动通过,metadata_pending,
Girls at War.md,WL-WORK-1962,Girls at War,,钦努阿·阿契贝,Chinua Achebe,,T5 二战后多极文学,T5,,HAS_T,,,已有有效 T0–T6 坐标,自动通过,metadata_pending,
Gnomon.md,WL-WORK-0928,Gnomon,,尼克·哈卡维,Nick Harkaway,,,,,MISSING_T_REVIEW_NO_YEAR,,,缺 T 且缺少可机器读取 year，需要书目/成书史核验,自动通过,metadata_pending,
God's Country.md,WL-WORK-2234,God's Country,,珀西瓦尔·埃弗里特,Percival Everett,,T6 当代全球文学,T6,,HAS_T,,,已有有效 T0–T6 坐标,自动通过,metadata_pending,
Going After Cacciato.md,WL-WORK-1963,Going After Cacciato,,美国一侧,,,,,,MISSING_T_REVIEW_NO_YEAR,,,缺 T 且缺少可机器读取 year，需要书目/成书史核验,自动通过,metadata_pending,
Gone.md,WL-WORK-3138,Gone,Gone,莫·海德,Mo Hayder,,T6 当代全球文学,T6,,HAS_T,,,已有有效 T0–T6 坐标,需复核,metadata_pending,
GOTH断掌事件.md,WL-WORK-0501,GOTH断掌事件,,乙一,,,,,,MISSING_T_REVIEW_NO_YEAR,,,缺 T 且缺少可机器读取 year，需要书目/成书史核验,自动通过,metadata_pending,
Grande Sertão／ Veredas.md,WL-WORK-2235,Grande Sertão: Veredas,,吉马朗埃斯·罗萨,Guimarães Rosa,,T5 二战后多极文学,T5,,HAS_T,,,已有有效 T0–T6 坐标,自动通过,metadata_pending,CANON-203
Greguerías.md,WL-WORK-1531,Greguerías,,拉蒙·戈麦斯·德拉塞尔纳,Ramón Gómez de la Serna,,,,,MISSING_T_REVIEW_NO_YEAR,,,缺 T 且缺少可机器读取 year，需要书目/成书史核验,自动通过,metadata_pending,
Grito de Gloria.md,WL-WORK-2236,Grito de Gloria,,阿塞韦多·迪亚斯,Acevedo Díaz,,,,,MISSING_T_REVIEW_NO_YEAR,,,缺 T 且缺少可机器读取 year，需要书目/成书史核验,自动通过,metadata_pending,
Guy of Warwick.md,WL-WORK-2237,Guy of Warwick,,佚名,,,,,,MISSING_T_REVIEW_NO_YEAR,,anonymous_or_oral,缺 T 且缺少可机器读取 year，需要书目/成书史核验,自动通过,metadata_pending,
Harmonium.md,WL-WORK-1532,Harmonium,,华莱士·史蒂文斯,Wallace Stevens,,,,,MISSING_T_REVIEW_NO_YEAR,,,缺 T 且缺少可机器读取 year，需要书目/成书史核验,自动通过,metadata_pending,
Harvest Home.md,WL-WORK-0502,Harvest Home,,托马斯·特赖恩,Thomas Tryon,,,,,MISSING_T_REVIEW_NO_YEAR,,,缺 T 且缺少可机器读取 year，需要书目/成书史核验,自动通过,metadata_pending,
Her Privates We.md,WL-WORK-1964,Her Privates We,,弗雷德里克·曼宁,Frederic Manning,,T4 全球现代主义时代,T4,,HAS_T,,,已有有效 T0–T6 坐标,自动通过,metadata_pending,
Holiday.md,WL-WORK-3041,Holiday,Holiday,斯坦利·米德尔顿,Stanley Middleton,,T5 二战后多极文学,T5,,HAS_T,,,已有有效 T0–T6 坐标,需复核,metadata_pending,
Hombre de la esquina rosada.md,WL-WORK-2238,Hombre de la esquina rosada,,博尔赫斯,Jorge Luis Borges,,T4 全球现代主义时代,T4,,HAS_T,,,已有有效 T0–T6 坐标,自动通过,metadata_pending,
Hondo.md,WL-WORK-2239,Hondo,,路易斯·拉穆尔,Louis L'Amour,,T5 二战后多极文学,T5,,HAS_T,,,已有有效 T0–T6 坐标,自动通过,metadata_pending,
Hood.md,WL-WORK-2240,Hood,,斯蒂芬·R.劳黑德,Stephen R. Lawhead,,,,,MISSING_T_REVIEW_NO_YEAR,,,缺 T 且缺少可机器读取 year，需要书目/成书史核验,自动通过,metadata_pending,
Hopscotch.md,WL-WORK-3102,Hopscotch,Hopscotch,布赖恩·加菲尔德,Brian Garfield,,T5 二战后多极文学,T5,,HAS_T,,,已有有效 T0–T6 坐标,需复核,metadata_pending,
Hormiga Negra.md,WL-WORK-2241,Hormiga Negra,,爱德华多·古铁雷斯,Eduardo Gutiérrez,,,,,MISSING_T_REVIEW_NO_YEAR,,,缺 T 且缺少可机器读取 year，需要书目/成书史核验,自动通过,metadata_pending,
"Horseman, Pass By.md",WL-WORK-2242,"Horseman, Pass By",,拉里·麦克默特里,Larry McMurtry,,T5 二战后多极文学,T5,,HAS_T,,,已有有效 T0–T6 坐标,自动通过,metadata_pending,
House Made of Dawn.md,WL-WORK-2243,House Made of Dawn,,N.斯科特·莫马迪,N. Scott Momaday,1968,T5 二战后多极文学,T5,,HAS_T,,,已有有效 T0–T6 坐标,自动通过,metadata_pending,
How Much of These Hills Is Gold.md,WL-WORK-2244,How Much of These Hills Is Gold,,张沧畔,C Pam Zhang,,T6 当代全球文学,T6,,HAS_T,,,已有有效 T0–T6 坐标,自动通过,metadata_pending,
How the Soldier Repairs the Gramophone.md,WL-WORK-1965,How the Soldier Repairs the Gramophone,,萨沙·斯塔尼希奇,Saša Stanišić,,,,,MISSING_T_REVIEW_NO_YEAR,,,缺 T 且缺少可机器读取 year，需要书目/成书史核验,自动通过,metadata_pending,
Human Sacrifices.md,WL-WORK-0503,Human Sacrifices,,玛丽亚·费尔南达·安普埃罗,María Fernanda Ampuero,,T6 当代全球文学,T6,,HAS_T,,,已有有效 T0–T6 坐标,自动通过,metadata_pending,
Huon de Bordeaux.md,WL-WORK-2245,Huon de Bordeaux,,佚名,,,,,,MISSING_T_REVIEW_NO_YEAR,,anonymous_or_oral,缺 T 且缺少可机器读取 year，需要书目/成书史核验,自动通过,metadata_pending,
I Will Repay.md,WL-WORK-2246,I Will Repay,,奥希兹男爵夫人,Baroness Orczy,,,,,MISSING_T_REVIEW_NO_YEAR,,,缺 T 且缺少可机器读取 year，需要书目/成书史核验,自动通过,metadata_pending,
I'm Waiting for You and Other Stories.md,WL-WORK-0480,I'm Waiting for You and Other Stories,,金宝英,,,,,,MISSING_T_REVIEW_NO_YEAR,,,缺 T 且缺少可机器读取 year，需要书目/成书史核验,自动通过,,
If I Die in a Combat Zone.md,WL-WORK-1966,If I Die in a Combat Zone,,美国一侧,,,,,,MISSING_T_REVIEW_NO_YEAR,,,缺 T 且缺少可机器读取 year，需要书目/成书史核验,自动通过,metadata_pending,
Imperium.md,WL-WORK-0929,Imperium,,罗伯特·哈里斯,Robert Harris,,T6 当代全球文学,T6,,HAS_T,,,已有有效 T0–T6 坐标,自动通过,metadata_pending,
In an Antique Land.md,WL-WORK-1355,In an Antique Land,,阿米塔夫·高希,Amitav Ghosh,,T6 当代全球文学,T6,,HAS_T,,,已有有效 T0–T6 坐标,自动通过,metadata_pending,
In Flanders Fields.md,WL-WORK-1967,In Flanders Fields,,约翰·麦克雷,John McCrae,,,,,MISSING_T_REVIEW_NO_YEAR,,,缺 T 且缺少可机器读取 year，需要书目/成书史核验,自动通过,metadata_pending,
In Parenthesis.md,WL-WORK-1968,In Parenthesis,,戴维·琼斯,David Jones,,,,,MISSING_T_REVIEW_NO_YEAR,,,缺 T 且缺少可机器读取 year，需要书目/成书史核验,自动通过,metadata_pending,
In Patagonia.md,WL-WORK-1356,In Patagonia,,布鲁斯·查特文,Bruce Chatwin,,T5 二战后多极文学,T5,,HAS_T,,,已有有效 T0–T6 坐标,自动通过,metadata_pending,
In the Castle of My Skin.md,WL-WORK-0930,In the Castle of My Skin,,乔治·拉明,George Lamming,,T5 二战后多极文学,T5,,HAS_T,,,已有有效 T0–T6 坐标,自动通过,metadata_pending,CANON-278
In the Distance.md,WL-WORK-2247,In the Distance,,埃尔南·迪亚斯,Hernan Diaz,,T6 当代全球文学,T6,,HAS_T,,,已有有效 T0–T6 坐标,自动通过,metadata_pending,
In the Miso Soup.md,WL-WORK-0504,In the Miso Soup,,村上龙,,,T6 当代全球文学,T6,,HAS_T,,,已有有效 T0–T6 坐标,自动通过,metadata_pending,
India／ A Wounded Civilization.md,WL-WORK-1357,India: A Wounded Civilization,,V.S.奈保尔,V.S. Naipaul,,T5 二战后多极文学,T5,,HAS_T,,,已有有效 T0–T6 坐标,自动通过,metadata_pending,
Indigo.md,WL-WORK-1969,Indigo,,贝弗利·詹金斯,Beverly Jenkins,,,,,MISSING_T_REVIEW_NO_YEAR,,,缺 T 且缺少可机器读取 year，需要书目/成书史核验,自动通过,metadata_pending,
Indulekha.md,WL-WORK-T3-INDULEKHA,Indulekha,Indulekha,O·钱杜·梅农,O. Chandu Menon,,T3 19世纪现代文学体系,T3,,HAS_T,,,已有有效 T0–T6 坐标,手工核验,metadata_pending,
Inland.md,WL-WORK-2248,Inland,,特娅·奥布雷赫特,Téa Obreht,,,,,MISSING_T_REVIEW_NO_YEAR,,,缺 T 且缺少可机器读取 year，需要书目/成书史核验,自动通过,metadata_pending,
invert 城塚翡翠倒叙集.md,WL-WORK-0209,invert 城塚翡翠倒叙集,,相泽沙呼,,,T6 当代全球文学,T6,,HAS_T,,,已有有效 T0–T6 坐标,自动通过,,
Ismael.md,WL-WORK-2249,Ismael,,阿塞韦多·迪亚斯,Acevedo Díaz,,,,,MISSING_T_REVIEW_NO_YEAR,,,缺 T 且缺少可机器读取 year，需要书目/成书史核验,自动通过,metadata_pending,
It Had to Be You.md,WL-WORK-1970,It Had to Be You,,诺拉·罗伯茨,Nora Roberts,,T6 当代全球文学,T6,,HAS_T,,,已有有效 T0–T6 坐标,自动通过,metadata_pending,
Iwein.md,WL-WORK-2250,Iwein,,哈特曼·冯·奥埃,Hartmann,,,,,MISSING_T_REVIEW_NO_YEAR,,,缺 T 且缺少可机器读取 year，需要书目/成书史核验,自动通过,metadata_pending,
J. Alfred Prufrock的情歌.md,WL-WORK-1533,J. Alfred Prufrock的情歌,,T.S.艾略特,T.S. Eliot,,T4 全球现代主义时代,T4,,HAS_T,,,已有有效 T0–T6 坐标,自动通过,metadata_pending,
James.md,WL-WORK-3033,James,James,珀西瓦尔·埃弗里特,Percival Everett,,T6 当代全球文学,T6,,HAS_T,,,已有有效 T0–T6 坐标,需复核,metadata_pending,
Jawbone.md,WL-WORK-0505,Jawbone,,莫妮卡·奥赫达,Mónica Ojeda,,T6 当代全球文学,T6,,HAS_T,,,已有有效 T0–T6 坐标,自动通过,metadata_pending,
Jennifer Government.md,WL-WORK-0931,Jennifer Government,,马克斯·巴里,Max Barry,,T6 当代全球文学,T6,,HAS_T,,,已有有效 T0–T6 坐标,自动通过,metadata_pending,
Jerilderie Letter.md,WL-WORK-2251,Jerilderie Letter,,内德·凯利,Ned Kelly,,,,,MISSING_T_REVIEW_NO_YEAR,,,缺 T 且缺少可机器读取 year，需要书目/成书史核验,自动通过,metadata_pending,
Johnnie Armstrong.md,WL-WORK-2252,Johnnie Armstrong,,沃尔特·司各特,Walter Scott,,T3 19世纪现代文学体系,T3,,HAS_T,,,已有有效 T0–T6 坐标,自动通过,metadata_pending,
Joseph d'Arimathie.md,WL-WORK-2253,Joseph d'Arimathie,,罗贝尔·德·博龙,Robert de Boron,,,,,MISSING_T_REVIEW_NO_YEAR,,,缺 T 且缺少可机器读取 year，需要书目/成书史核验,自动通过,metadata_pending,
Juan Cuello.md,WL-WORK-2254,Juan Cuello,,爱德华多·古铁雷斯,Eduardo Gutiérrez,,,,,MISSING_T_REVIEW_NO_YEAR,,,缺 T 且缺少可机器读取 year，需要书目/成书史核验,自动通过,metadata_pending,
Juan Moreira.md,WL-WORK-2255,Juan Moreira,,爱德华多·古铁雷斯,Gutiérrez,,,,,MISSING_T_REVIEW_NO_YEAR,,,缺 T 且缺少可机器读取 year，需要书目/成书史核验,自动通过,metadata_pending,
Just Like Home.md,WL-WORK-0506,Just Like Home,,萨拉·盖利,Sarah Gailey,,T6 当代全球文学,T6,,HAS_T,,,已有有效 T0–T6 坐标,自动通过,metadata_pending,
Kalpa Imperial.md,WL-WORK-0472,Kalpa Imperial,,安赫利卡·戈罗迪舍尔,Angélica Gorodischer,,,,,MISSING_T_REVIEW_NO_YEAR,,,缺 T 且缺少可机器读取 year，需要书目/成书史核验,自动通过,,
Kaputt.md,WL-WORK-1971,Kaputt,,库尔齐奥·马拉帕尔特,Curzio Malaparte,,,,,MISSING_T_REVIEW_NO_YEAR,,,缺 T 且缺少可机器读取 year，需要书目/成书史核验,自动通过,metadata_pending,
Kernok the Pirate.md,WL-WORK-2256,Kernok the Pirate,,欧仁·苏,Eugène Sue,,,,,MISSING_T_REVIEW_NO_YEAR,,,缺 T 且缺少可机器读取 year，需要书目/成书史核验,自动通过,metadata_pending,
Kinmont Willie.md,WL-WORK-2257,Kinmont Willie,,沃尔特·司各特,Walter Scott,,T3 19世纪现代文学体系,T3,,HAS_T,,,已有有效 T0–T6 坐标,自动通过,metadata_pending,
Kintu.md,WL-WORK-0932,Kintu,,珍妮弗·南布西·马昆比,与Makumbi,,,,,MISSING_T_REVIEW_NO_YEAR,,,缺 T 且缺少可机器读取 year，需要书目/成书史核验,自动通过,metadata_pending,
Kumulipo.md,WL-WORK-1358,Kumulipo,,佚名,,,T2 早期现代文学,T2,,HAS_T,,anonymous_or_oral,已有有效 T0–T6 坐标,自动通过,metadata_pending,
Kushiel's Dart.md,WL-WORK-1972,Kushiel's Dart,,杰奎琳·凯里,Jacqueline Carey,,,,,MISSING_T_REVIEW_NO_YEAR,,,缺 T 且缺少可机器读取 year，需要书目/成书史核验,自动通过,metadata_pending,
L'Allegria.md,WL-WORK-1534,L'Allegria,,朱塞佩·翁加雷蒂,Giuseppe Ungaretti,,,,,MISSING_T_REVIEW_NO_YEAR,,,缺 T 且缺少可机器读取 year，需要书目/成书史核验,自动通过,metadata_pending,
La cautiva.md,WL-WORK-2258,La cautiva,,埃斯特万·埃切维里亚,Echeverría,,,,,MISSING_T_REVIEW_NO_YEAR,,,缺 T 且缺少可机器读取 year，需要书目/成书史核验,自动通过,metadata_pending,
La guerra gaucha.md,WL-WORK-2259,La guerra gaucha,,莱奥波尔多·卢贡内斯,Lugones,,,,,MISSING_T_REVIEW_NO_YEAR,,,缺 T 且缺少可机器读取 year，需要书目/成书史核验,自动通过,metadata_pending,
La liebre.md,WL-WORK-2260,La liebre,,塞萨尔·艾拉,Aira,,T6 当代全球文学,T6,,HAS_T,,,已有有效 T0–T6 坐标,自动通过,metadata_pending,
La noche de los dones.md,WL-WORK-2261,La noche de los dones,,博尔赫斯,Jorge Luis Borges,,T5 二战后多极文学,T5,,HAS_T,,,已有有效 T0–T6 坐标,自动通过,metadata_pending,
La poesía gauchesca.md,WL-WORK-2262,La poesía gauchesca,,博尔赫斯,Jorge Luis Borges,,T4 全球现代主义时代,T4,,HAS_T,,,已有有效 T0–T6 坐标,自动通过,metadata_pending,
La vuelta de Martín Fierro.md,WL-WORK-2263,La vuelta de Martín Fierro,,何塞·埃尔南德斯,Hernández,,T3 19世纪现代文学体系,T3,,HAS_T,,,已有有效 T0–T6 坐标,自动通过,metadata_pending,
Lancelot propre.md,WL-WORK-2265,Lancelot propre,,佚名,,,,,,MISSING_T_REVIEW_NO_YEAR,,anonymous_or_oral,缺 T 且缺少可机器读取 year，需要书目/成书史核验,自动通过,metadata_pending,
"Lancelot, the Knight of the Cart.md",WL-WORK-2266,"Lancelot, the Knight of the Cart",,克雷蒂安·德·特鲁瓦,,,T1 中古多中心文学世界,T1,,HAS_T,,,已有有效 T0–T6 坐标,自动通过,metadata_pending,
Lancelot.md,WL-WORK-2264,Lancelot,,克雷蒂安·德·特鲁瓦,古代,,T1 中古多中心文学世界,T1,,HAS_T,,,已有有效 T0–T6 坐标,自动通过,metadata_pending,
Las aventuras de la China Iron.md,WL-WORK-2267,Las aventuras de la China Iron,,加布里埃拉·卡贝松·卡马拉,Cabezón Cámara,,,,,MISSING_T_REVIEW_NO_YEAR,,,缺 T 且缺少可机器读取 year，需要书目/成书史核验,自动通过,metadata_pending,
Last of the Breed.md,WL-WORK-2268,Last of the Breed,,路易斯·拉穆尔,Louis L'Amour,,T6 当代全球文学,T6,,HAS_T,,,已有有效 T0–T6 坐标,自动通过,metadata_pending,
Le Capitan.md,WL-WORK-2269,Le Capitan,,米歇尔·泽瓦科,Le Capitan,,,,,MISSING_T_REVIEW_NO_YEAR,,,缺 T 且缺少可机器读取 year，需要书目/成书史核验,自动通过,metadata_pending,
Leaving Cheyenne.md,WL-WORK-2270,Leaving Cheyenne,,拉里·麦克默特里,Larry McMurtry,,T5 二战后多极文学,T5,,HAS_T,,,已有有效 T0–T6 坐标,自动通过,metadata_pending,
Legendary Tales of the Australian Aborigines.md,WL-WORK-1359,Legendary Tales of the Australian Aborigines,,戴维·乌奈庞,David Unaipon,,,,,MISSING_T_REVIEW_NO_YEAR,,,缺 T 且缺少可机器读取 year，需要书目/成书史核验,自动通过,metadata_pending,
Legion.md,WL-WORK-0507,Legion,,威廉·彼得·布拉蒂,William Peter Blatty,,T6 当代全球文学,T6,,HAS_T,,,已有有效 T0–T6 坐标,自动通过,metadata_pending,
Leila.md,WL-WORK-0933,Leila,,普拉亚格·阿克巴尔,Prayaag Akbar,,,,,MISSING_T_REVIEW_NO_YEAR,,,缺 T 且缺少可机器读取 year，需要书目/成书史核验,自动通过,metadata_pending,
Lendas do Sul.md,WL-WORK-2271,Lendas do Sul,,西蒙斯·洛佩斯·内托,Simões Lopes Neto,,,,,MISSING_T_REVIEW_NO_YEAR,,,缺 T 且缺少可机器读取 year，需要书目/成书史核验,自动通过,metadata_pending,
Less.md,WL-WORK-3026,Less,Less,安德鲁·肖恩·格里尔,Andrew Sean Greer,,T6 当代全球文学,T6,,HAS_T,,,已有有效 T0–T6 坐标,需复核,metadata_pending,
"Letters Written during a Short Residence in Sweden, Norway, and Denmark.md",WL-WORK-1360,"Letters Written during a Short Residence in Sweden, Norway, and Denmark",,玛丽·沃斯通克拉夫特,Mary Wollstonecraft,,T2 早期现代文学,T2,,HAS_T,,,已有有效 T0–T6 坐标,自动通过,metadata_pending,
Libro del caballero Zifar.md,WL-WORK-2272,Libro del caballero Zifar,,佚名,,,,,,MISSING_T_REVIEW_NO_YEAR,,anonymous_or_oral,缺 T 且缺少可机器读取 year，需要书目/成书史核验,自动通过,metadata_pending,
Limbo.md,WL-WORK-0934,Limbo,,伯纳德·沃尔夫,Bernard Wolfe,,,,,MISSING_T_REVIEW_NO_YEAR,,,缺 T 且缺少可机器读取 year，需要书目/成书史核验,自动通过,metadata_pending,
Little Big Man.md,WL-WORK-2273,Little Big Man,,托马斯·伯杰,Thomas Berger,,,,,MISSING_T_REVIEW_NO_YEAR,,,缺 T 且缺少可机器读取 year，需要书目/成书史核验,自动通过,metadata_pending,
Little Brother.md,WL-WORK-0935,Little Brother,,科里·多克托罗,Cory Doctorow,,T6 当代全球文学,T6,,HAS_T,,,已有有效 T0–T6 坐标,自动通过,metadata_pending,
Live by Night.md,WL-WORK-3139,Live by Night,Live by Night,丹尼斯·勒翰,Dennis Lehane,,T6 当代全球文学,T6,,HAS_T,,,已有有效 T0–T6 坐标,需复核,metadata_pending,
Lone Women.md,WL-WORK-2274,Lone Women,,维克多·拉瓦勒,Victor LaValle,,T6 当代全球文学,T6,,HAS_T,,,已有有效 T0–T6 坐标,自动通过,metadata_pending,
Long John Silver.md,WL-WORK-2275,Long John Silver,,比约恩·拉尔森,Björn Larsson,,,,,MISSING_T_REVIEW_NO_YEAR,,,缺 T 且缺少可机器读取 year，需要书目/成书史核验,自动通过,metadata_pending,
Looking for Transwonderland／ Travels in Nigeria.md,WL-WORK-1361,Looking for Transwonderland: Travels in Nigeria,Looking for Transwonderland,努·萨罗-维瓦,Noo Saro-Wiwa,,T6 当代全球文学,T6,,HAS_T,,,已有有效 T0–T6 坐标,自动通过,metadata_pending,
Los bandidos de Río Frío.md,WL-WORK-2276,Los bandidos de Río Frío,,曼努埃尔·派诺,Manuel Payno,,,,,MISSING_T_REVIEW_NO_YEAR,,,缺 T 且缺少可机器读取 year，需要书目/成书史核验,自动通过,metadata_pending,
Los caranchos de La Florida.md,WL-WORK-2277,Los caranchos de La Florida,,贝尼托·林奇,Benito Lynch,,,,,MISSING_T_REVIEW_NO_YEAR,,,缺 T 且缺少可机器读取 year，需要书目/成书史核验,自动通过,metadata_pending,
Los tres gauchos orientales.md,WL-WORK-2278,Los tres gauchos orientales,,安东尼奥·卢西奇,Lussich,,,,,MISSING_T_REVIEW_NO_YEAR,,,缺 T 且缺少可机器读取 year，需要书目/成书史核验,自动通过,metadata_pending,
Lost in the Barrens.md,WL-WORK-0508,Lost in the Barrens,,法利·莫厄特,Farley Mowat,,,,,MISSING_T_REVIEW_NO_YEAR,,,缺 T 且缺少可机器读取 year，需要书目/成书史核验,自动通过,metadata_pending,
Love Only Once.md,WL-WORK-1973,Love Only Once,,约翰娜·林赛,Johanna Lindsey,,,,,MISSING_T_REVIEW_NO_YEAR,,,缺 T 且缺少可机器读取 year，需要书目/成书史核验,自动通过,metadata_pending,
Lumpérica.md,WL-WORK-1535,Lumpérica,,迪亚梅拉·埃尔蒂特,,,,,,MISSING_T_REVIEW_NO_YEAR,,,缺 T 且缺少可机器读取 year，需要书目/成书史核验,自动通过,metadata_pending,
Maid Marian.md,WL-WORK-2279,Maid Marian,,托马斯·洛夫·皮科克,Peacock,,,,,MISSING_T_REVIEW_NO_YEAR,,,缺 T 且缺少可机器读取 year，需要书目/成书史核验,自动通过,metadata_pending,
Malaeska.md,WL-WORK-2280,Malaeska,,安·S.斯蒂芬斯,Ann S. Stephens,,,,,MISSING_T_REVIEW_NO_YEAR,,,缺 T 且缺少可机器读取 year，需要书目/成书史核验,自动通过,metadata_pending,
Manhunt.md,WL-WORK-0509,Manhunt,,格蕾琴·费尔克-马丁,Gretchen Felker-Martin,,,,,MISSING_T_REVIEW_NO_YEAR,,,缺 T 且缺少可机器读取 year，需要书目/成书史核验,自动通过,metadata_pending,
Masterman Ready.md,WL-WORK-0510,Masterman Ready,,弗雷德里克·马里亚特,Marryat,,,,,MISSING_T_REVIEW_NO_YEAR,,,缺 T 且缺少可机器读取 year，需要书目/成书史核验,自动通过,metadata_pending,
medium 灵媒侦探城塚翡翠.md,WL-WORK-0208,medium 灵媒侦探城塚翡翠,,相泽沙呼,,,T6 当代全球文学,T6,,HAS_T,,,已有有效 T0–T6 坐标,自动通过,,
Men of Iron.md,WL-WORK-2281,Men of Iron,,霍华德·派尔,Howard Pyle,,T4 全球现代主义时代,T4,,HAS_T,,,已有有效 T0–T6 坐标,自动通过,metadata_pending,
Merlin.md,WL-WORK-2282,Merlin,,T.H.怀特,T.H. White,,,,,MISSING_T_REVIEW_NO_YEAR,,,缺 T 且缺少可机器读取 year，需要书目/成书史核验,自动通过,metadata_pending,
Micah Clarke.md,WL-WORK-2283,Micah Clarke,,柯南·道尔,Conan Doyle,,T3 19世纪现代文学体系,T3,,HAS_T,,,已有有效 T0–T6 坐标,自动通过,metadata_pending,
Michael Howe.md,WL-WORK-2284,Michael Howe,,佚名,,,,,,MISSING_T_REVIEW_NO_YEAR,,anonymous_or_oral,缺 T 且缺少可机器读取 year，需要书目/成书史核验,自动通过,metadata_pending,
Milkman.md,WL-WORK-3074,Milkman,Milkman,安娜·伯恩斯,Anna Burns,,T6 当代全球文学,T6,,HAS_T,,,已有有效 T0–T6 坐标,需复核,metadata_pending,
Minty Alley.md,WL-WORK-1536,Minty Alley,,C.L.R.詹姆斯,C. L. R. James,,,,,MISSING_T_REVIEW_NO_YEAR,,,缺 T 且缺少可机器读取 year，需要书目/成书史核验,自动通过,metadata_pending,
Missionary Travels and Researches in South Africa.md,WL-WORK-1362,Missionary Travels and Researches in South Africa,Missionary Travels,戴维·利文斯通,Livingstone,,,,,MISSING_T_REVIEW_NO_YEAR,,,缺 T 且缺少可机器读取 year，需要书目/成书史核验,自动通过,metadata_pending,
Moll Flanders.md,WL-WORK-2285,Moll Flanders,,丹尼尔·笛福,Daniel Defoe,,T2 早期现代文学,T2,,HAS_T,,,已有有效 T0–T6 坐标,自动通过,metadata_pending,
Mongrels.md,WL-WORK-0511,Mongrels,,斯蒂芬·格雷厄姆·琼斯,Stephen Graham Jones,,T6 当代全球文学,T6,,HAS_T,,,已有有效 T0–T6 坐标,自动通过,metadata_pending,
Monte Walsh.md,WL-WORK-2286,Monte Walsh,,杰克·谢弗,Jack Schaefer,,,,,MISSING_T_REVIEW_NO_YEAR,,,缺 T 且缺少可机器读取 year，需要书目/成书史核验,自动通过,metadata_pending,
More Ghost Stories.md,WL-WORK-0512,More Ghost Stories,,M.R.詹姆斯,M.R. James,,T4 全球现代主义时代,T4,,HAS_T,,,已有有效 T0–T6 坐标,自动通过,metadata_pending,
Morgante.md,WL-WORK-2287,Morgante,,路易吉·普尔奇,Luigi Pulci,,,,,MISSING_T_REVIEW_NO_YEAR,,,缺 T 且缺少可机器读取 year，需要书目/成书史核验,自动通过,metadata_pending,
Mort Artu.md,WL-WORK-2288,Mort Artu,,佚名,,,,,,MISSING_T_REVIEW_NO_YEAR,,anonymous_or_oral,缺 T 且缺少可机器读取 year，需要书目/成书史核验,自动通过,metadata_pending,
Moxyland.md,WL-WORK-0398,Moxyland,,劳伦·博克斯,Lauren Beukes,,T6 当代全球文学,T6,,HAS_T,,,已有有效 T0–T6 坐标,自动通过,,
"Murambi, The Book of Bones.md",WL-WORK-1974,"Murambi, The Book of Bones",Murambi,相关研究也将,,,,,,MISSING_T_REVIEW_NO_YEAR,,,缺 T 且缺少可机器读取 year，需要书目/成书史核验,自动通过,metadata_pending,
My Side of the Mountain.md,WL-WORK-0513,My Side of the Mountain,,琼·克雷格黑德·乔治,Jean Craighead George,,,,,MISSING_T_REVIEW_NO_YEAR,,,缺 T 且缺少可机器读取 year，需要书目/成书史核验,自动通过,metadata_pending,
My Soul to Keep.md,WL-WORK-0514,My Soul to Keep,,塔纳纳里夫·杜,Tananarive Due,,T6 当代全球文学,T6,,HAS_T,,,已有有效 T0–T6 坐标,自动通过,metadata_pending,
Nativa.md,WL-WORK-2289,Nativa,,阿塞韦多·迪亚斯,Acevedo Díaz,,,,,MISSING_T_REVIEW_NO_YEAR,,,缺 T 且缺少可机器读取 year，需要书目/成书史核验,自动通过,metadata_pending,
Naufragios.md,WL-WORK-0515,Naufragios,,卡贝萨·德·巴卡,Cabeza de Vaca,,,,,MISSING_T_REVIEW_NO_YEAR,,,缺 T 且缺少可机器读取 year，需要书目/成书史核验,自动通过,metadata_pending,
Nervous Conditions.md,WL-WORK-0936,Nervous Conditions,,齐齐·丹加雷姆加,Tsitsi Dangarembga,1988,T6 当代全球文学,T6,,HAS_T,,,已有有效 T0–T6 坐标,自动通过,metadata_pending,CANON-261
News of the World.md,WL-WORK-2290,News of the World,,波莱特·贾尔斯,Paulette Jiles,,,,,MISSING_T_REVIEW_NO_YEAR,,,缺 T 且缺少可机器读取 year，需要书目/成书史核验,自动通过,metadata_pending,
Nexus.md,WL-WORK-0399,Nexus,,拉梅兹·纳姆,Ramez Naam,,T6 当代全球文学,T6,,HAS_T,,,已有有效 T0–T6 坐标,自动通过,,
Night Watch.md,WL-WORK-3032,Night Watch,Night Watch,杰恩·安妮·菲利普斯,Jayne Anne Phillips,,T6 当代全球文学,T6,,HAS_T,,,已有有效 T0–T6 坐标,需复核,metadata_pending,
Nine Coaches Waiting.md,WL-WORK-1975,Nine Coaches Waiting,,玛丽·斯图尔特,Mary Stewart,,T5 二战后多极文学,T5,,HAS_T,,,已有有效 T0–T6 坐标,自动通过,metadata_pending,
No-No Boy.md,WL-WORK-0937,No-No Boy,,约翰·冈田,John Okada,,,,,MISSING_T_REVIEW_NO_YEAR,,,缺 T 且缺少可机器读取 year，需要书目/成书史核验,自动通过,metadata_pending,
O Cabeleira.md,WL-WORK-2291,O Cabeleira,,富兰克林·塔沃拉,Franklin Távora,,,,,MISSING_T_REVIEW_NO_YEAR,,,缺 T 且缺少可机器读取 year，需要书目/成书史核验,自动通过,metadata_pending,
O Gaúcho.md,WL-WORK-2292,O Gaúcho,,若泽·德·阿伦卡尔,José de Alencar,,,,,MISSING_T_REVIEW_NO_YEAR,,,缺 T 且缺少可机器读取 year，需要书目/成书史核验,自动通过,metadata_pending,
Observations.md,WL-WORK-1537,Observations,,玛丽安娜·穆尔,Marianne Moore,,,,,MISSING_T_REVIEW_NO_YEAR,,,缺 T 且缺少可机器读取 year，需要书目/成书史核验,自动通过,metadata_pending,
Offshore.md,WL-WORK-3046,Offshore,Offshore,佩内洛普·菲茨杰拉德,Penelope Fitzgerald,,T5 二战后多极文学,T5,,HAS_T,,,已有有效 T0–T6 坐标,需复核,metadata_pending,
Old Bones.md,WL-WORK-3114,Old Bones,Old Bones,亚伦·埃尔金斯,Aaron Elkins,,T6 当代全球文学,T6,,HAS_T,,,已有有效 T0–T6 坐标,需复核,metadata_pending,
Old Jules.md,WL-WORK-2293,Old Jules,,玛丽·桑多兹,Mari Sandoz,,,,,MISSING_T_REVIEW_NO_YEAR,,,缺 T 且缺少可机器读取 year，需要书目/成书史核验,自动通过,metadata_pending,
On Stranger Tides.md,WL-WORK-2294,On Stranger Tides,,蒂姆·鲍尔斯,Tim Powers,,,,,MISSING_T_REVIEW_NO_YEAR,,,缺 T 且缺少可机器读取 year，需要书目/成书史核验,自动通过,metadata_pending,
Open Season.md,WL-WORK-2295,Open Season,,C.J.博克斯,C.J. Box,,T6 当代全球文学,T6,,HAS_T,,,已有有效 T0–T6 坐标,自动通过,metadata_pending,
Orbital.md,WL-WORK-3081,Orbital,Orbital,萨曼莎·哈维,Samantha Harvey,,T6 当代全球文学,T6,,HAS_T,,,已有有效 T0–T6 坐标,需复核,metadata_pending,
Our Sunshine.md,WL-WORK-2296,Our Sunshine,,罗伯特·德鲁,Robert Drewe,,,,,MISSING_T_REVIEW_NO_YEAR,,,缺 T 且缺少可机器读取 year，需要书目/成书史核验,自动通过,metadata_pending,
OUT.md,WL-WORK-0172,OUT,,桐野夏生,,,T6 当代全球文学,T6,,HAS_T,,,已有有效 T0–T6 坐标,自动通过,,
Outlawed.md,WL-WORK-2297,Outlawed,,安娜·诺斯,Anna North,,,,,MISSING_T_REVIEW_NO_YEAR,,,缺 T 且缺少可机器读取 year，需要书目/成书史核验,自动通过,metadata_pending,
Ozidi Saga.md,WL-WORK-1363,Ozidi Saga,The Ozidi Saga,佚名,中非,1977,T5 二战后多极文学,T5,,HAS_T,,anonymous_or_oral,已有有效 T0–T6 坐标,自动通过,metadata_pending,
Palmerín de Inglaterra.md,WL-WORK-2298,Palmerín de Inglaterra,,弗朗西斯科·德·莫拉埃斯,Francisco de Moraes,,,,,MISSING_T_REVIEW_NO_YEAR,,,缺 T 且缺少可机器读取 year，需要书目/成书史核验,自动通过,metadata_pending,
Palmerín de Oliva.md,WL-WORK-2299,Palmerín de Oliva,,佚名,,,,,,MISSING_T_REVIEW_NO_YEAR,,anonymous_or_oral,缺 T 且缺少可机器读取 year，需要书目/成书史核验,自动通过,metadata_pending,
Paradise Sky.md,WL-WORK-2300,Paradise Sky,,乔·R.兰斯代尔,Joe R. Lansdale,,,,,MISSING_T_REVIEW_NO_YEAR,,,缺 T 且缺少可机器读取 year，需要书目/成书史核验,自动通过,metadata_pending,
Parzival.md,WL-WORK-2301,Parzival,,沃尔夫拉姆·冯·埃申巴赫,Wolfram的,,,,,MISSING_T_REVIEW_NO_YEAR,,,缺 T 且缺少可机器读取 year，需要书目/成书史核验,自动通过,metadata_pending,
Paulino Lucero.md,WL-WORK-2302,Paulino Lucero,,阿斯卡苏比,Ascasubi,,,,,MISSING_T_REVIEW_NO_YEAR,,,缺 T 且缺少可机器读取 year，需要书目/成书史核验,自动通过,metadata_pending,
People of the Book.md,WL-WORK-0938,People of the Book,,杰拉尔丁·布鲁克斯,Geraldine Brooks,,T6 当代全球文学,T6,,HAS_T,,,已有有效 T0–T6 坐标,自动通过,metadata_pending,
"Perceval, the Story of the Grail.md",WL-WORK-2304,"Perceval, the Story of the Grail",,克雷蒂安·德·特鲁瓦,,,T1 中古多中心文学世界,T1,,HAS_T,,,已有有效 T0–T6 坐标,自动通过,metadata_pending,
Perceval.md,WL-WORK-2303,Perceval,,克雷蒂安·德·特鲁瓦,Chrétien,,T1 中古多中心文学世界,T1,,HAS_T,,,已有有效 T0–T6 坐标,自动通过,metadata_pending,
Peregrine's Progress.md,WL-WORK-2305,Peregrine's Progress,,杰弗里·法诺尔,Farnol,,,,,MISSING_T_REVIEW_NO_YEAR,,,缺 T 且缺少可机器读取 year，需要书目/成书史核验,自动通过,metadata_pending,
Peregrine.md,WL-WORK-3108,Peregrine,Peregrine,威廉·拜尔,William Bayer,,T6 当代全球文学,T6,,HAS_T,,,已有有效 T0–T6 坐标,需复核,metadata_pending,
Perlesvaus ／ The High Book of the Grail.md,WL-WORK-2306,Perlesvaus / The High Book of the Grail,,佚名,,,,,,MISSING_T_REVIEW_NO_YEAR,,anonymous_or_oral,缺 T 且缺少可机器读取 year，需要书目/成书史核验,自动通过,metadata_pending,
Persian Pictures.md,WL-WORK-1364,Persian Pictures,,格特鲁德·贝尔,Gertrude Bell,,,,,MISSING_T_REVIEW_NO_YEAR,,,缺 T 且缺少可机器读取 year，需要书目/成书史核验,自动通过,metadata_pending,
Personal Narrative.md,WL-WORK-1365,Personal Narrative,,亚历山大·冯·洪堡,Humboldt,,,,,MISSING_T_REVIEW_NO_YEAR,,,缺 T 且缺少可机器读取 year，需要书目/成书史核验,自动通过,metadata_pending,
Peter Pan.md,WL-WORK-2307,Peter Pan,,J.M.巴里,J.M. Barrie,,T4 全球现代主义时代,T4,,HAS_T,,,已有有效 T0–T6 坐标,自动通过,metadata_pending,
Pictures from Italy.md,WL-WORK-1366,Pictures from Italy,,查尔斯·狄更斯,Dickens,,T3 19世纪现代文学体系,T3,,HAS_T,,,已有有效 T0–T6 坐标,自动通过,metadata_pending,
Pirate Freedom.md,WL-WORK-2308,Pirate Freedom,,吉恩·沃尔夫,Gene Wolfe,,T6 当代全球文学,T6,,HAS_T,,,已有有效 T0–T6 坐标,自动通过,metadata_pending,
Polynesian Mythology.md,WL-WORK-1367,Polynesian Mythology,,乔治·格雷,George Grey,,,,,MISSING_T_REVIEW_NO_YEAR,,,缺 T 且缺少可机器读取 year，需要书目/成书史核验,自动通过,metadata_pending,
Primitive Rebels.md,WL-WORK-2309,Primitive Rebels,,艾瑞克·霍布斯鲍姆,Eric Hobsbawm,,T5 二战后多极文学,T5,,HAS_T,,,已有有效 T0–T6 坐标,自动通过,metadata_pending,
Promised Land.md,WL-WORK-3103,Promised Land,Promised Land,罗伯特·B·帕克,Robert B. Parker,,T5 二战后多极文学,T5,,HAS_T,,,已有有效 T0–T6 坐标,需复核,metadata_pending,
Prose Tristan.md,WL-WORK-2310,Prose Tristan,,佚名,Prose Tristan,,,,,MISSING_T_REVIEW_NO_YEAR,,anonymous_or_oral,缺 T 且缺少可机器读取 year，需要书目/成书史核验,自动通过,metadata_pending,
QualityLand.md,WL-WORK-0939,QualityLand,,马克-乌韦·克林,Marc-Uwe Kling,,T6 当代全球文学,T6,,HAS_T,,,已有有效 T0–T6 坐标,自动通过,metadata_pending,
Queste del Saint Graal.md,WL-WORK-2311,Queste del Saint Graal,,佚名,,,,,,MISSING_T_REVIEW_NO_YEAR,,anonymous_or_oral,缺 T 且缺少可机器读取 year，需要书目/成书史核验,自动通过,metadata_pending,
R.U.R.md,WL-WORK-0281,R.U.R.,,卡雷尔·恰佩克,,,T4 全球现代主义时代,T4,,HAS_T,,,已有有效 T0–T6 坐标,自动通过,,
Radiance.md,WL-WORK-1976,Radiance,,格蕾丝·德雷文,Grace Draven,,,,,MISSING_T_REVIEW_NO_YEAR,,,缺 T 且缺少可机器读取 year，需要书目/成书史核验,自动通过,metadata_pending,
Ragged Dick.md,WL-WORK-0940,Ragged Dick,,霍雷肖·阿尔杰,Horatio Alger,,,,,MISSING_T_REVIEW_NO_YEAR,,,缺 T 且缺少可机器读取 year，需要书目/成书史核验,自动通过,metadata_pending,
Ramrod.md,WL-WORK-2312,Ramrod,,卢克·肖特,Luke Short,,,,,MISSING_T_REVIEW_NO_YEAR,,,缺 T 且缺少可机器读取 year，需要书目/成书史核验,自动通过,metadata_pending,
Raoul de Cambrai.md,WL-WORK-2313,Raoul de Cambrai,,佚名,,,,,,MISSING_T_REVIEW_NO_YEAR,,anonymous_or_oral,缺 T 且缺少可机器读取 year，需要书目/成书史核验,自动通过,metadata_pending,
"Red, White & Royal Blue.md",WL-WORK-1977,"Red, White & Royal Blue",,凯西·麦奎斯顿,Casey McQuiston,,,,,MISSING_T_REVIEW_NO_YEAR,,,缺 T 且缺少可机器读取 year，需要书目/成书史核验,自动通过,metadata_pending,
Redeployment.md,WL-WORK-1978,Redeployment,,菲尔·克莱,Phil Klay,,,,,MISSING_T_REVIEW_NO_YEAR,,,缺 T 且缺少可机器读取 year，需要书目/成书史核验,自动通过,metadata_pending,
Renaud de Montauban ／ The Four Sons of Aymon.md,WL-WORK-2314,Renaud de Montauban / The Four Sons of Aymon,,佚名,,,,,,MISSING_T_REVIEW_NO_YEAR,,anonymous_or_oral,缺 T 且缺少可机器读取 year，需要书目/成书史核验,自动通过,metadata_pending,
Reservation Blues.md,WL-WORK-2315,Reservation Blues,,谢尔曼·阿莱克西,Sherman Alexie,,T6 当代全球文学,T6,,HAS_T,,,已有有效 T0–T6 坐标,自动通过,metadata_pending,
Ride the River.md,WL-WORK-2316,Ride the River,,路易斯·拉穆尔,Louis L'Amour,,T6 当代全球文学,T6,,HAS_T,,,已有有效 T0–T6 坐标,自动通过,metadata_pending,
Riders of the Silences.md,WL-WORK-2317,Riders of the Silences,,马克斯·布兰德,Max Brand,,,,,MISSING_T_REVIEW_NO_YEAR,,,缺 T 且缺少可机器读取 year，需要书目/成书史核验,自动通过,metadata_pending,
"Rinaldo Rinaldini, the Robber Captain.md",WL-WORK-2319,"Rinaldo Rinaldini, the Robber Captain",,克里斯蒂安·奥古斯特·武尔皮乌斯,Christian August Vulpius,,,,,MISSING_T_REVIEW_NO_YEAR,,,缺 T 且缺少可机器读取 year，需要书目/成书史核验,自动通过,metadata_pending,
Rinaldo Rinaldini.md,WL-WORK-2318,Rinaldo Rinaldini,,克里斯蒂安·奥古斯特·武尔皮乌斯,Christian August Vulpius,,,,,MISSING_T_REVIEW_NO_YEAR,,,缺 T 且缺少可机器读取 year，需要书目/成书史核验,自动通过,metadata_pending,
Ring Shout.md,WL-WORK-0516,Ring Shout,,P.杰利·克拉克,P. Djèlí Clark,,T6 当代全球文学,T6,,HAS_T,,,已有有效 T0–T6 坐标,自动通过,metadata_pending,
Robbery Under Arms.md,WL-WORK-2320,Robbery Under Arms,,澳大利亚,,,,,,MISSING_T_REVIEW_NO_YEAR,,,缺 T 且缺少可机器读取 year，需要书目/成书史核验,自动通过,metadata_pending,
Robin and the King.md,WL-WORK-2321,Robin and the King,,帕克·戈德温,Parke Godwin,,,,,MISSING_T_REVIEW_NO_YEAR,,,缺 T 且缺少可机器读取 year，需要书目/成书史核验,自动通过,metadata_pending,
Robin Hood and Guy of Gisborne.md,WL-WORK-2322,Robin Hood and Guy of Gisborne,,佚名,,,,,,MISSING_T_REVIEW_NO_YEAR,,anonymous_or_oral,缺 T 且缺少可机器读取 year，需要书目/成书史核验,自动通过,metadata_pending,
Robin Hood and the Curtal Friar.md,WL-WORK-2323,Robin Hood and the Curtal Friar,,佚名,,,,,,MISSING_T_REVIEW_NO_YEAR,,anonymous_or_oral,缺 T 且缺少可机器读取 year，需要书目/成书史核验,自动通过,metadata_pending,
Robin Hood and the Golden Arrow.md,WL-WORK-2324,Robin Hood and the Golden Arrow,,佚名,,,,,,MISSING_T_REVIEW_NO_YEAR,,anonymous_or_oral,缺 T 且缺少可机器读取 year，需要书目/成书史核验,自动通过,metadata_pending,
Robin Hood and the Monk.md,WL-WORK-2325,Robin Hood and the Monk,,佚名,,,,,,MISSING_T_REVIEW_NO_YEAR,,anonymous_or_oral,缺 T 且缺少可机器读取 year，需要书目/成书史核验,自动通过,metadata_pending,
Robin Hood and the Potter.md,WL-WORK-2326,Robin Hood and the Potter,,佚名,,,,,,MISSING_T_REVIEW_NO_YEAR,,anonymous_or_oral,缺 T 且缺少可机器读取 year，需要书目/成书史核验,自动通过,metadata_pending,
Robin Hood's Death.md,WL-WORK-2327,Robin Hood's Death,,佚名,,,,,,MISSING_T_REVIEW_NO_YEAR,,anonymous_or_oral,缺 T 且缺少可机器读取 year，需要书目/成书史核验,自动通过,metadata_pending,
Roman d'Alexandre.md,WL-WORK-2328,Roman d'Alexandre,,佚名,,,,,,MISSING_T_REVIEW_NO_YEAR,,anonymous_or_oral,缺 T 且缺少可机器读取 year，需要书目/成书史核验,自动通过,metadata_pending,
Roman d'Enéas.md,WL-WORK-2329,Roman d'Enéas,,佚名,,,,,,MISSING_T_REVIEW_NO_YEAR,,anonymous_or_oral,缺 T 且缺少可机器读取 year，需要书目/成书史核验,自动通过,metadata_pending,
Roman de Brut.md,WL-WORK-2330,Roman de Brut,,瓦斯,Wace,,,,,MISSING_T_REVIEW_NO_YEAR,,,缺 T 且缺少可机器读取 year，需要书目/成书史核验,自动通过,metadata_pending,
Roman de Silence.md,WL-WORK-2331,Roman de Silence,,康沃尔的埃尔德里斯,Heldris of Cornwall,,,,,MISSING_T_REVIEW_NO_YEAR,,,缺 T 且缺少可机器读取 year，需要书目/成书史核验,自动通过,metadata_pending,
Roman de Thèbes.md,WL-WORK-2332,Roman de Thèbes,,佚名,,,,,,MISSING_T_REVIEW_NO_YEAR,,anonymous_or_oral,缺 T 且缺少可机器读取 year，需要书目/成书史核验,自动通过,metadata_pending,
Roman de Troie.md,WL-WORK-2333,Roman de Troie,,伯努瓦·德·圣莫尔,Benoît de Sainte-Maure,,,,,MISSING_T_REVIEW_NO_YEAR,,,缺 T 且缺少可机器读取 year，需要书目/成书史核验,自动通过,metadata_pending,
Room to Swing.md,WL-WORK-3086,Room to Swing,Room to Swing,埃德·莱西,Ed Lacy,,T5 二战后多极文学,T5,,HAS_T,,,已有有效 T0–T6 坐标,需复核,metadata_pending,
Rubyfruit Jungle.md,WL-WORK-0941,Rubyfruit Jungle,,丽塔·梅·布朗,Rita Mae Brown,,,,,MISSING_T_REVIEW_NO_YEAR,,,缺 T 且缺少可机器读取 year，需要书目/成书史核验,自动通过,metadata_pending,
Russian Folk Belief.md,WL-WORK-1369,Russian Folk Belief,,琳达·伊万尼茨,Linda Ivanits,,,,,MISSING_T_REVIEW_NO_YEAR,,,缺 T 且缺少可机器读取 year，需要书目/成书史核验,自动通过,metadata_pending,
Sabu.md,WL-WORK-2334,Sabu,,山本周五郎,,,T5 二战后多极文学,T5,,HAS_T,,,已有有效 T0–T6 坐标,自动通过,metadata_pending,
Safarnama ／ 旅行记.md,WL-WORK-1370,Safarnama / 旅行记,Safarnama,纳赛尔·霍斯陆,Nasir Khusraw,,,,,MISSING_T_REVIEW_NO_YEAR,,,缺 T 且缺少可机器读取 year，需要书目/成书史核验,自动通过,metadata_pending,
Saint Martin's Summer.md,WL-WORK-2335,Saint Martin's Summer,,拉斐尔·萨巴蒂尼,Rafael Sabatini,,T4 全球现代主义时代,T4,,HAS_T,,,已有有效 T0–T6 坐标,自动通过,metadata_pending,
Santos Vega o los mellizos de la Flor.md,WL-WORK-2337,Santos Vega o los mellizos de la Flor,,阿斯卡苏比,Ascasubi,,,,,MISSING_T_REVIEW_NO_YEAR,,,缺 T 且缺少可机器读取 year，需要书目/成书史核验,自动通过,metadata_pending,
Santos Vega.md,WL-WORK-2336,Santos Vega,,拉斐尔·奥夫利加多,Obligado,,,,,MISSING_T_REVIEW_NO_YEAR,,,缺 T 且缺少可机器读取 year，需要书目/成书史核验,自动通过,metadata_pending,
Sarajevo Blues.md,WL-WORK-1979,Sarajevo Blues,,塞梅兹丁·梅赫梅迪诺维奇,Semezdin Mehmedinović,,,,,MISSING_T_REVIEW_NO_YEAR,,,缺 T 且缺少可机器读取 year，需要书目/成书史核验,自动通过,metadata_pending,
Sarajevo Marlboro.md,WL-WORK-1980,Sarajevo Marlboro,,米连科·耶尔戈维奇,Miljenko Jergović,,,,,MISSING_T_REVIEW_NO_YEAR,,,缺 T 且缺少可机器读取 year，需要书目/成书史核验,自动通过,metadata_pending,
Scary Stories to Tell in the Dark.md,WL-WORK-0517,Scary Stories to Tell in the Dark,,阿尔文·施瓦茨,Alvin Schwartz,,,,,MISSING_T_REVIEW_NO_YEAR,,,缺 T 且缺少可机器读取 year，需要书目/成书史核验,自动通过,metadata_pending,
Segu.md,WL-WORK-0942,Segu,,玛丽斯·孔戴,Maryse Condé,,,,,MISSING_T_REVIEW_NO_YEAR,,,缺 T 且缺少可机器读取 year，需要书目/成书史核验,自动通过,metadata_pending,
Seth Jones.md,WL-WORK-2338,Seth Jones,,爱德华·S.埃利斯,Edward S. Ellis,,,,,MISSING_T_REVIEW_NO_YEAR,,,缺 T 且缺少可机器读取 year，需要书目/成书史核验,自动通过,metadata_pending,
Shadowland.md,WL-WORK-0518,Shadowland,,彼得·斯特劳布,Peter Straub,,,,,MISSING_T_REVIEW_NO_YEAR,,,缺 T 且缺少可机器读取 year，需要书目/成书史核验,自动通过,metadata_pending,
Shards of Honor.md,WL-WORK-1981,Shards of Honor,,洛伊斯·麦克马斯特·比约德,Lois McMaster Bujold,,T6 当代全球文学,T6,,HAS_T,,,已有有效 T0–T6 坐标,自动通过,metadata_pending,
Sharpe's Eagle.md,WL-WORK-0943,Sharpe's Eagle,,伯纳德·康威尔,Bernard Cornwell,,T6 当代全球文学,T6,,HAS_T,,,已有有效 T0–T6 坐标,自动通过,metadata_pending,
Sherwood.md,WL-WORK-2339,Sherwood,,帕克·戈德温,Parke Godwin,,,,,MISSING_T_REVIEW_NO_YEAR,,,缺 T 且缺少可机器读取 year，需要书目/成书史核验,自动通过,metadata_pending,
Silent Joe.md,WL-WORK-3128,Silent Joe,Silent Joe,T.杰斐逊·帕克,T. Jefferson Parker,,T6 当代全球文学,T6,,HAS_T,,,已有有效 T0–T6 坐标,需复核,metadata_pending,
Simon Dale.md,WL-WORK-2340,Simon Dale,,安东尼·霍普,Anthony Hope,,,,,MISSING_T_REVIEW_NO_YEAR,,,缺 T 且缺少可机器读取 year，需要书目/成书史核验,自动通过,metadata_pending,
Sinophagia／ A Celebration of Chinese Horror.md,WL-WORK-0519,Sinophagia: A Celebration of Chinese Horror,,倪雪婷,Xueting C. Ni,,,,,MISSING_T_REVIEW_NO_YEAR,,,缺 T 且缺少可机器读取 year，需要书目/成书史核验,自动通过,metadata_pending,
Sir Launfal.md,WL-WORK-2341,Sir Launfal,,托马斯·切斯特,Thomas Chestre,,,,,MISSING_T_REVIEW_NO_YEAR,,,缺 T 且缺少可机器读取 year，需要书目/成书史核验,自动通过,metadata_pending,
Sir Orfeo.md,WL-WORK-2342,Sir Orfeo,,佚名,英国,,,,,MISSING_T_REVIEW_NO_YEAR,,anonymous_or_oral,缺 T 且缺少可机器读取 year，需要书目/成书史核验,自动通过,metadata_pending,
Slave to Sensation.md,WL-WORK-1982,Slave to Sensation,,纳莉妮·辛格,Nalini Singh,,T6 当代全球文学,T6,,HAS_T,,,已有有效 T0–T6 坐标,自动通过,metadata_pending,
Slogum House.md,WL-WORK-2343,Slogum House,,玛丽·桑多兹,Mari Sandoz,,,,,MISSING_T_REVIEW_NO_YEAR,,,缺 T 且缺少可机器读取 year，需要书目/成书史核验,自动通过,metadata_pending,
Smoky the Cowhorse.md,WL-WORK-2344,Smoky the Cowhorse,,威尔·詹姆斯,Will James,,,,,MISSING_T_REVIEW_NO_YEAR,,,缺 T 且缺少可机器读取 year，需要书目/成书史核验,自动通过,metadata_pending,
So Far from God.md,WL-WORK-2345,So Far from God,,安娜·卡斯蒂略,Ana Castillo,,,,,MISSING_T_REVIEW_NO_YEAR,,,缺 T 且缺少可机器读取 year，需要书目/成书史核验,自动通过,metadata_pending,
Song for the Unraveling of the World.md,WL-WORK-0520,Song for the Unraveling of the World,,布赖恩·埃文森,Brian Evenson,,,,,MISSING_T_REVIEW_NO_YEAR,,,缺 T 且缺少可机器读取 year，需要书目/成书史核验,自动通过,metadata_pending,
Sozaboy.md,WL-WORK-1983,Sozaboy,,肯·萨罗-维瓦,Saro-Wiwa,,,,,MISSING_T_REVIEW_NO_YEAR,,,缺 T 且缺少可机器读取 year，需要书目/成书史核验,自动通过,metadata_pending,
Spring and All.md,WL-WORK-1538,Spring and All,,威廉·卡洛斯·威廉斯,William Carlos Williams,,,,,MISSING_T_REVIEW_NO_YEAR,,,缺 T 且缺少可机器读取 year，需要书目/成书史核验,自动通过,metadata_pending,
Stanzaic Morte Arthur.md,WL-WORK-2346,Stanzaic Morte Arthur,,佚名,英国,,,,,MISSING_T_REVIEW_NO_YEAR,,anonymous_or_oral,缺 T 且缺少可机器读取 year，需要书目/成书史核验,自动通过,metadata_pending,
Starve Acre.md,WL-WORK-0521,Starve Acre,,安德鲁·迈克尔·赫尔利,Andrew Michael Hurley,,,,,MISSING_T_REVIEW_NO_YEAR,,,缺 T 且缺少可机器读取 year，需要书目/成书史核验,自动通过,metadata_pending,
Streets of Laredo.md,WL-WORK-2347,Streets of Laredo,,拉里·麦克默特里,Larry McMurtry,,T6 当代全球文学,T6,,HAS_T,,,已有有效 T0–T6 坐标,自动通过,metadata_pending,
Sun and Saddle Leather.md,WL-WORK-2348,Sun and Saddle Leather,,查尔斯·巴杰·克拉克,Charles Badger Clark,,,,,MISSING_T_REVIEW_NO_YEAR,,,缺 T 且缺少可机器读取 year，需要书目/成书史核验,自动通过,metadata_pending,
Sundown.md,WL-WORK-2349,Sundown,,约翰·约瑟夫·马修斯,John Joseph Mathews,,,,,MISSING_T_REVIEW_NO_YEAR,,,缺 T 且缺少可机器读取 year，需要书目/成书史核验,自动通过,metadata_pending,
Sword at Sunset.md,WL-WORK-2350,Sword at Sunset,,罗斯玛丽·萨克利夫,Rosemary Sutcliff,,,,,MISSING_T_REVIEW_NO_YEAR,,,缺 T 且缺少可机器读取 year，需要书目/成书史核验,自动通过,metadata_pending,
Sóngoro cosongo.md,WL-WORK-1539,Sóngoro cosongo,,尼古拉斯·纪廉,Nicolás Guillén,,,,,MISSING_T_REVIEW_NO_YEAR,,,缺 T 且缺少可机器读取 year，需要书目/成书史核验,自动通过,metadata_pending,
Tadeo Isidoro Cruz小传.md,WL-WORK-2351,Tadeo Isidoro Cruz小传,Biografía de Tadeo Isidoro Cruz,博尔赫斯,Jorge Luis Borges,1949,T5 二战后多极文学,T5,,HAS_T,,,已有有效 T0–T6 坐标,人工核验,verified,
Tales of Soldiers and Civilians.md,WL-WORK-1984,Tales of Soldiers and Civilians,,安布罗斯·比尔斯,Ambrose Bierce,,,,,MISSING_T_REVIEW_NO_YEAR,,,缺 T 且缺少可机器读取 year，需要书目/成书史核验,自动通过,metadata_pending,
Tamas.md,WL-WORK-0944,Tamas,,比沙姆·萨赫尼,Bhisham Sahni,,T5 二战后多极文学,T5,,HAS_T,,,已有有效 T0–T6 坐标,自动通过,metadata_pending,
Tarr.md,WL-WORK-1540,Tarr,,温德姆·刘易斯,Wyndham Lewis,,,,,MISSING_T_REVIEW_NO_YEAR,,,缺 T 且缺少可机器读取 year，需要书目/成书史核验,自动通过,metadata_pending,
Teatro Grottesco.md,WL-WORK-0522,Teatro Grottesco,,托马斯·利戈蒂,Ligotti,,,,,MISSING_T_REVIEW_NO_YEAR,,,缺 T 且缺少可机器读取 year，需要书目/成书史核验,自动通过,metadata_pending,
Tell Me I'm Worthless.md,WL-WORK-0523,Tell Me I'm Worthless,,艾莉森·拉姆菲特,Alison Rumfitt,,,,,MISSING_T_REVIEW_NO_YEAR,,,缺 T 且缺少可机器读取 year，需要书目/成书史核验,自动通过,metadata_pending,
Territory.md,WL-WORK-2352,Territory,,艾玛·布尔,Emma Bull,,T6 当代全球文学,T6,,HAS_T,,,已有有效 T0–T6 坐标,自动通过,metadata_pending,
Testament of Youth.md,WL-WORK-1985,Testament of Youth,,薇拉·布里顿,Vera Brittain,,,,,MISSING_T_REVIEW_NO_YEAR,,,缺 T 且缺少可机器读取 year，需要书目/成书史核验,自动通过,metadata_pending,
Thaddeus of Warsaw.md,WL-WORK-0945,Thaddeus of Warsaw,,简·波特,Jane Porter,,,,,MISSING_T_REVIEW_NO_YEAR,,,缺 T 且缺少可机器读取 year，需要书目/成书史核验,自动通过,metadata_pending,
That Old Ace in the Hole.md,WL-WORK-2353,That Old Ace in the Hole,,安妮·普鲁,Annie Proulx,,T6 当代全球文学,T6,,HAS_T,,,已有有效 T0–T6 坐标,自动通过,metadata_pending,
The Absolutely True Diary of a Part-Time Indian.md,WL-WORK-0946,The Absolutely True Diary of a Part-Time Indian,,谢尔曼·阿莱克西,Sherman Alexie,,T6 当代全球文学,T6,,HAS_T,,,已有有效 T0–T6 坐标,自动通过,metadata_pending,
The Acts of King Arthur and His Noble Knights.md,WL-WORK-2354,The Acts of King Arthur and His Noble Knights,,约翰·斯坦贝克,John Steinbeck,,T5 二战后多极文学,T5,,HAS_T,,,已有有效 T0–T6 坐标,自动通过,metadata_pending,
The Adventures of Col. Daniel Boone.md,WL-WORK-2355,The Adventures of Col. Daniel Boone,,约翰·菲尔森,John Filson,,,,,MISSING_T_REVIEW_NO_YEAR,,,缺 T 且缺少可机器读取 year，需要书目/成书史核验,自动通过,metadata_pending,
The Adventures of Gerard.md,WL-WORK-2356,The Adventures of Gerard,,柯南·道尔,Brigadier Gerard,,T4 全球现代主义时代,T4,,HAS_T,,,已有有效 T0–T6 坐标,自动通过,metadata_pending,
The Adventures of Robin Hood.md,WL-WORK-2357,The Adventures of Robin Hood,,罗杰·兰塞林·格林,Roger Lancelyn Green,,,,,MISSING_T_REVIEW_NO_YEAR,,,缺 T 且缺少可机器读取 year，需要书目/成书史核验,自动通过,metadata_pending,
The Alliterative Morte Arthure.md,WL-WORK-2358,The Alliterative Morte Arthure,,佚名,,,,,,MISSING_T_REVIEW_NO_YEAR,,anonymous_or_oral,缺 T 且缺少可机器读取 year，需要书目/成书史核验,自动通过,metadata_pending,
The Amateur Gentleman.md,WL-WORK-2359,The Amateur Gentleman,,杰弗里·法诺尔,Jeffery Farnol,,,,,MISSING_T_REVIEW_NO_YEAR,,,缺 T 且缺少可机器读取 year，需要书目/成书史核验,自动通过,metadata_pending,
The Arrivants.md,WL-WORK-1541,The Arrivants,,卡莫·布拉思韦特,Kamau Brathwaite,,T5 二战后多极文学,T5,,HAS_T,,,已有有效 T0–T6 坐标,自动通过,metadata_pending,
The Assassination of Jesse James by the Coward Robert Ford.md,WL-WORK-2360,The Assassination of Jesse James by the Coward Robert Ford,,罗恩·汉森,Ron Hansen,,,,,MISSING_T_REVIEW_NO_YEAR,,,缺 T 且缺少可机器读取 year，需要书目/成书史核验,自动通过,metadata_pending,
The Assassination of Jesse James.md,WL-WORK-2361,The Assassination of Jesse James...,,罗恩·汉森,Ron Hansen,,,,,MISSING_T_REVIEW_NO_YEAR,,,缺 T 且缺少可机器读取 year，需要书目/成书史核验,自动通过,metadata_pending,
The Ballad of Black Tom.md,WL-WORK-0524,The Ballad of Black Tom,,维克多·拉瓦勒,Victor LaValle,,,,,MISSING_T_REVIEW_NO_YEAR,,,缺 T 且缺少可机器读取 year，需要书目/成书史核验,自动通过,metadata_pending,
The Big Empty.md,WL-WORK-3152,The Big Empty,The Big Empty,罗伯特·克雷斯,Robert Crais,,T6 当代全球文学,T6,,HAS_T,,,已有有效 T0–T6 坐标,需复核,metadata_pending,
The Black Swan.md,WL-WORK-2362,The Black Swan,,拉斐尔·萨巴蒂尼,Rafael Sabatini,,T4 全球现代主义时代,T4,,HAS_T,,,已有有效 T0–T6 坐标,自动通过,metadata_pending,
The Blessing Way.md,WL-WORK-2363,The Blessing Way,,托尼·希勒曼,Tony Hillerman,,,,,MISSING_T_REVIEW_NO_YEAR,,,缺 T 且缺少可机器读取 year，需要书目/成书史核验,自动通过,metadata_pending,
The Book of Deeds of Arms and of Chivalry.md,WL-WORK-2364,The Book of Deeds of Arms and of Chivalry,,克里斯蒂娜·德·皮桑,Christine de Pizan,,,,,MISSING_T_REVIEW_NO_YEAR,,,缺 T 且缺少可机器读取 year，需要书目/成书史核验,自动通过,metadata_pending,
The Book of Not.md,WL-WORK-0947,The Book of Not,,齐齐·丹加雷姆加,Tsitsi Dangarembga,,,,,MISSING_T_REVIEW_NO_YEAR,,,缺 T 且缺少可机器读取 year，需要书目/成书史核验,自动通过,metadata_pending,
The Book of Pirates.md,WL-WORK-2365,The Book of Pirates,,霍华德·派尔,Howard Pyle,,T4 全球现代主义时代,T4,,HAS_T,,,已有有效 T0–T6 坐标,自动通过,metadata_pending,
The Book of the Order of Chivalry.md,WL-WORK-2366,The Book of the Order of Chivalry,,拉蒙·柳利,Ramon Llull,,,,,MISSING_T_REVIEW_NO_YEAR,,,缺 T 且缺少可机器读取 year，需要书目/成书史核验,自动通过,metadata_pending,
The Bottoms.md,WL-WORK-3127,The Bottoms,The Bottoms,乔·R·兰斯代尔,Joe R. Lansdale,,T6 当代全球文学,T6,,HAS_T,,,已有有效 T0–T6 坐标,需复核,metadata_pending,
The Boy Hunters.md,WL-WORK-0525,The Boy Hunters,,梅恩·里德,Mayne Reid,,T3 19世纪现代文学体系,T3,,HAS_T,,,已有有效 T0–T6 坐标,自动通过,metadata_pending,
The Brave Cowboy.md,WL-WORK-2367,The Brave Cowboy,,爱德华·艾比,Abbey,,,,,MISSING_T_REVIEW_NO_YEAR,,,缺 T 且缺少可机器读取 year，需要书目/成书史核验,自动通过,metadata_pending,
The Bride.md,WL-WORK-1986,The Bride,,朱莉·加伍德,Julie Garwood,,,,,MISSING_T_REVIEW_NO_YEAR,,,缺 T 且缺少可机器读取 year，需要书目/成书史核验,自动通过,metadata_pending,
The Buccaneers of America.md,WL-WORK-2368,The Buccaneers of America,,亚历山大·埃斯克梅林,Alexandre Exquemelin,,,,,MISSING_T_REVIEW_NO_YEAR,,,缺 T 且缺少可机器读取 year，需要书目/成书史核验,自动通过,metadata_pending,
The Case Against Satan.md,WL-WORK-0526,The Case Against Satan,,雷·拉塞尔,Ray Russell,,,,,MISSING_T_REVIEW_NO_YEAR,,,缺 T 且缺少可机器读取 year，需要书目/成书史核验,自动通过,metadata_pending,
The Ceremonies.md,WL-WORK-0527,The Ceremonies,,T.E.D.克莱因,T.E.D. Klein,,,,,MISSING_T_REVIEW_NO_YEAR,,,缺 T 且缺少可机器读取 year，需要书目/成书史核验,自动通过,metadata_pending,
The Chant of Jimmie Blacksmith.md,WL-WORK-2369,The Chant of Jimmie Blacksmith,,托马斯·基尼利,Thomas Keneally,,T5 二战后多极文学,T5,,HAS_T,,,已有有效 T0–T6 坐标,自动通过,metadata_pending,
The Cipher.md,WL-WORK-0528,The Cipher,,凯丝·科娅,Kathe Koja,,,,,MISSING_T_REVIEW_NO_YEAR,,,缺 T 且缺少可机器读取 year，需要书目/成书史核验,自动通过,metadata_pending,
The City Inside.md,WL-WORK-0948,The City Inside,,萨米特·巴苏,Samit Basu,,,,,MISSING_T_REVIEW_NO_YEAR,,,缺 T 且缺少可机器读取 year，需要书目/成书史核验,自动通过,metadata_pending,
The Cold Dish.md,WL-WORK-2370,The Cold Dish,,克雷格·约翰逊,Craig Johnson,,,,,MISSING_T_REVIEW_NO_YEAR,,,缺 T 且缺少可机器读取 year，需要书目/成书史核验,自动通过,metadata_pending,
The Collected Works of Billy the Kid.md,WL-WORK-2371,The Collected Works of Billy the Kid,,迈克尔·翁达杰,Ondaatje,,T5 二战后多极文学,T5,,HAS_T,,,已有有效 T0–T6 坐标,自动通过,metadata_pending,
The Conjure-Man Dies.md,WL-WORK-1542,The Conjure-Man Dies,,鲁道夫·费希尔,Rudolph Fisher,,,,,MISSING_T_REVIEW_NO_YEAR,,,缺 T 且缺少可机器读取 year，需要书目/成书史核验,自动通过,metadata_pending,
The Conquest.md,WL-WORK-2372,The Conquest,,奥斯卡·米肖,Oscar Micheaux,,,,,MISSING_T_REVIEW_NO_YEAR,,,缺 T 且缺少可机器读取 year，需要书目/成书史核验,自动通过,metadata_pending,
The Coral Island.md,WL-WORK-0529,The Coral Island,,R.M.巴兰坦,Ballantyne,,,,,MISSING_T_REVIEW_NO_YEAR,,,缺 T 且缺少可机器读取 year，需要书目/成书史核验,自动通过,metadata_pending,
The Corsair.md,WL-WORK-2373,The Corsair,,拜伦,Byron,,,,,MISSING_T_REVIEW_NO_YEAR,,,缺 T 且缺少可机器读取 year，需要书目/成书史核验,自动通过,metadata_pending,
The Crystal Cave.md,WL-WORK-2374,The Crystal Cave,,玛丽·斯图尔特,Mary Stewart,,T5 二战后多极文学,T5,,HAS_T,,,已有有效 T0–T6 坐标,自动通过,metadata_pending,
The Damnation Game.md,WL-WORK-0530,The Damnation Game,,克莱夫·巴克,Clive Barker,,T6 当代全球文学,T6,,HAS_T,,,已有有效 T0–T6 坐标,自动通过,metadata_pending,
The Day the Cowboys Quit.md,WL-WORK-2375,The Day the Cowboys Quit,,埃尔默·凯尔顿,Elmer Kelton,,,,,MISSING_T_REVIEW_NO_YEAR,,,缺 T 且缺少可机器读取 year，需要书目/成书史核验,自动通过,metadata_pending,
The Daybreakers.md,WL-WORK-2376,The Daybreakers,,路易斯·拉穆尔,Louis L'Amour,,T5 二战后多极文学,T5,,HAS_T,,,已有有效 T0–T6 坐标,自动通过,metadata_pending,
The Defence of Guenevere.md,WL-WORK-2377,The Defence of Guenevere,,威廉·莫里斯,William Morris,,T3 19世纪现代文学体系,T3,,HAS_T,,,已有有效 T0–T6 坐标,自动通过,metadata_pending,
The Desert and the Sown.md,WL-WORK-1371,The Desert and the Sown,,格特鲁德·贝尔,Gertrude Bell,,,,,MISSING_T_REVIEW_NO_YEAR,,,缺 T 且缺少可机器读取 year，需要书目/成书史核验,自动通过,metadata_pending,
The Doll Who Ate His Mother.md,WL-WORK-0531,The Doll Who Ate His Mother,,拉姆齐·坎贝尔,Ramsey Campbell,,,,,MISSING_T_REVIEW_NO_YEAR,,,缺 T 且缺少可机器读取 year，需要书目/成书史核验,自动通过,metadata_pending,
The Dreaming & Other Essays.md,WL-WORK-1372,The Dreaming & Other Essays,,W.E.H.斯坦纳,W.E.H. Stanner,,,,,MISSING_T_REVIEW_NO_YEAR,,,缺 T 且缺少可机器读取 year，需要书目/成书史核验,自动通过,metadata_pending,
The Eighth Circle.md,WL-WORK-3087,The Eighth Circle,The Eighth Circle,斯坦利·埃林,Stanley Ellin,,T5 二战后多极文学,T5,,HAS_T,,,已有有效 T0–T6 坐标,需复核,metadata_pending,
The Elusive Pimpernel.md,WL-WORK-2378,The Elusive Pimpernel,,奥希兹男爵夫人,Baroness Orczy,,,,,MISSING_T_REVIEW_NO_YEAR,,,缺 T 且缺少可机器读取 year，需要书目/成书史核验,自动通过,metadata_pending,
The Fisherman.md,WL-WORK-0532,The Fisherman,,约翰·兰根,John Langan,,,,,MISSING_T_REVIEW_NO_YEAR,,,缺 T 且缺少可机器读取 year，需要书目/成书史核验,自动通过,metadata_pending,
The Flatshare.md,WL-WORK-1987,The Flatshare,,贝丝·奥利里,Beth O'Leary,,,,,MISSING_T_REVIEW_NO_YEAR,,,缺 T 且缺少可机器读取 year，需要书目/成书史核验,自动通过,metadata_pending,
The Forging of a Rebel.md,WL-WORK-1988,The Forging of a Rebel,,阿图罗·巴雷亚,Arturo Barea,,,,,MISSING_T_REVIEW_NO_YEAR,,,缺 T 且缺少可机器读取 year，需要书目/成书史核验,自动通过,metadata_pending,
The Gathering.md,WL-WORK-3066,The Gathering,The Gathering,安妮·恩莱特,Anne Enright,,T6 当代全球文学,T6,,HAS_T,,,已有有效 T0–T6 坐标,需复核,metadata_pending,
The Gaucho Genre.md,WL-WORK-2379,The Gaucho Genre,,约瑟菲娜·卢德梅尔,Josefina Ludmer,,,,,MISSING_T_REVIEW_NO_YEAR,,,缺 T 且缺少可机器读取 year，需要书目/成书史核验,自动通过,metadata_pending,
The Gilda Stories.md,WL-WORK-0533,The Gilda Stories,Gilda Stories,朱厄尔·戈麦斯,Jewelle Gomez,,,,,MISSING_T_REVIEW_NO_YEAR,,,缺 T 且缺少可机器读取 year，需要书目/成书史核验,自动通过,metadata_pending,
The Good House.md,WL-WORK-0534,The Good House,,塔纳纳里夫·杜,Tananarive Due,,T6 当代全球文学,T6,,HAS_T,,,已有有效 T0–T6 坐标,自动通过,metadata_pending,
The Good Old Boys.md,WL-WORK-2380,The Good Old Boys,,埃尔默·凯尔顿,Elmer Kelton,,,,,MISSING_T_REVIEW_NO_YEAR,,,缺 T 且缺少可机器读取 year，需要书目/成书史核验,自动通过,metadata_pending,
The Great Railway Bazaar.md,WL-WORK-1373,The Great Railway Bazaar,,保罗·索鲁,Paul Theroux,,,,,MISSING_T_REVIEW_NO_YEAR,,,缺 T 且缺少可机器读取 year，需要书目/成书史核验,自动通过,metadata_pending,
The Hanging Tree.md,WL-WORK-2381,The Hanging Tree,,多萝西·M.约翰逊,Dorothy M. Johnson,,,,,MISSING_T_REVIEW_NO_YEAR,,,缺 T 且缺少可机器读取 year，需要书目/成书史核验,自动通过,metadata_pending,
The Headless Horseman.md,WL-WORK-0535,The Headless Horseman,,梅恩·里德,Mayne Reid,,,,,MISSING_T_REVIEW_NO_YEAR,,,缺 T 且缺少可机器读取 year，需要书目/成书史核验,自动通过,metadata_pending,
The Hollow Hills.md,WL-WORK-2382,The Hollow Hills,,玛丽·斯图尔特,Mary Stewart,,T5 二战后多极文学,T5,,HAS_T,,,已有有效 T0–T6 坐标,自动通过,metadata_pending,
The Homesteader.md,WL-WORK-2383,The Homesteader,,奥斯卡·米肖,Oscar Micheaux,,,,,MISSING_T_REVIEW_NO_YEAR,,,缺 T 且缺少可机器读取 year，需要书目/成书史核验,自动通过,metadata_pending,
The House of the Wolf.md,WL-WORK-2384,The House of the Wolf,,斯坦利·韦曼,Stanley Weyman,,,,,MISSING_T_REVIEW_NO_YEAR,,,缺 T 且缺少可机器读取 year，需要书目/成书史核验,自动通过,metadata_pending,
The Hummingbird's Daughter.md,WL-WORK-2385,The Hummingbird's Daughter,,路易斯·阿尔贝托·乌雷亚,Luis Alberto Urrea,,,,,MISSING_T_REVIEW_NO_YEAR,,,缺 T 且缺少可机器读取 year，需要书目/成书史核验,自动通过,metadata_pending,
The Imago Sequence.md,WL-WORK-0536,The Imago Sequence,,莱尔德·巴伦,Laird Barron,,,,,MISSING_T_REVIEW_NO_YEAR,,,缺 T 且缺少可机器读取 year，需要书目/成书史核验,自动通过,metadata_pending,
The In Crowd.md,WL-WORK-3151,The In Crowd,The In Crowd,夏洛特·瓦塞尔,Charlotte Vassell,,T6 当代全球文学,T6,,HAS_T,,,已有有效 T0–T6 坐标,需复核,metadata_pending,
The Jump-Off Creek.md,WL-WORK-2386,The Jump-Off Creek,,莫莉·格洛斯,Molly Gloss,,,,,MISSING_T_REVIEW_NO_YEAR,,,缺 T 且缺少可机器读取 year，需要书目/成书史核验,自动通过,metadata_pending,
The Kill Riff.md,WL-WORK-0537,The Kill Riff,,戴维·J.肖,David J. Schow,,,,,MISSING_T_REVIEW_NO_YEAR,,,缺 T 且缺少可机器读取 year，需要书目/成书史核验,自动通过,metadata_pending,
The Kiss Quotient.md,WL-WORK-1989,The Kiss Quotient,,海伦·黄,Helen Hoang,,T6 当代全球文学,T6,,HAS_T,,,已有有效 T0–T6 坐标,自动通过,metadata_pending,
The Lady and the Monk.md,WL-WORK-1374,The Lady and the Monk,,皮科·艾尔,Pico Iyer,,,,,MISSING_T_REVIEW_NO_YEAR,,,缺 T 且缺少可机器读取 year，需要书目/成书史核验,自动通过,metadata_pending,
The Last Child.md,WL-WORK-3136,The Last Child,The Last Child,约翰·哈特,John Hart,,T6 当代全球文学,T6,,HAS_T,,,已有有效 T0–T6 坐标,需复核,metadata_pending,
The Last Duty.md,WL-WORK-1990,The Last Duty,,伊西多尔·奥克佩沃,Isidore Okpewho,,,,,MISSING_T_REVIEW_NO_YEAR,,,缺 T 且缺少可机器读取 year，需要书目/成书史核验,自动通过,metadata_pending,
The Last Enchantment.md,WL-WORK-2387,The Last Enchantment,,玛丽·斯图尔特,Mary Stewart,,T5 二战后多极文学,T5,,HAS_T,,,已有有效 T0–T6 坐标,自动通过,metadata_pending,
The Last Good Kiss.md,WL-WORK-2388,The Last Good Kiss,,詹姆斯·克拉姆利,James Crumley,,,,,MISSING_T_REVIEW_NO_YEAR,,,缺 T 且缺少可机器读取 year，需要书目/成书史核验,自动通过,metadata_pending,
The Last House on Needless Street.md,WL-WORK-0538,The Last House on Needless Street,,卡特里奥娜·沃德,Catriona Ward,,,,,MISSING_T_REVIEW_NO_YEAR,,,缺 T 且缺少可机器读取 year，需要书目/成书史核验,自动通过,metadata_pending,
The Led-Horse Claim.md,WL-WORK-2389,The Led-Horse Claim,,玛丽·哈洛克·富特,Mary Hallock Foote,,,,,MISSING_T_REVIEW_NO_YEAR,,,缺 T 且缺少可机器读取 year，需要书目/成书史核验,自动通过,metadata_pending,
The Life and Adventures of Nat Love.md,WL-WORK-2390,The Life and Adventures of Nat Love,,纳特·洛夫,Nat Love,,,,,MISSING_T_REVIEW_NO_YEAR,,,缺 T 且缺少可机器读取 year，需要书目/成书史核验,自动通过,metadata_pending,
The Light at the End.md,WL-WORK-0539,The Light at the End,,约翰·斯基普 / 克雷格·斯佩克特,John Skipp / Craig Spector,,,,,MISSING_T_REVIEW_NO_YEAR,,,缺 T 且缺少可机器读取 year，需要书目/成书史核验,自动通过,metadata_pending,
The Light of Western Stars.md,WL-WORK-2391,The Light of Western Stars,,赞恩·格雷,Zane Grey,,T4 全球现代主义时代,T4,,HAS_T,,,已有有效 T0–T6 坐标,自动通过,metadata_pending,
The Lion of Damascus.md,WL-WORK-2392,The Lion of Damascus,,埃米利奥·萨尔加里,Salgari,,T4 全球现代主义时代,T4,,HAS_T,,,已有有效 T0–T6 坐标,自动通过,metadata_pending,
The Lone Star Ranger.md,WL-WORK-2393,The Lone Star Ranger,,赞恩·格雷,Zane Grey,,T4 全球现代主义时代,T4,,HAS_T,,,已有有效 T0–T6 坐标,自动通过,metadata_pending,
The Loney.md,WL-WORK-0540,The Loney,,安德鲁·迈克尔·赫尔利,Andrew Michael Hurley,,,,,MISSING_T_REVIEW_NO_YEAR,,,缺 T 且缺少可机器读取 year，需要书目/成书史核验,自动通过,metadata_pending,
The Man Who Shot Liberty Valance.md,WL-WORK-2394,The Man Who Shot Liberty Valance,,多萝西·M.约翰逊,Dorothy M. Johnson,,,,,MISSING_T_REVIEW_NO_YEAR,,,缺 T 且缺少可机器读取 year，需要书目/成书史核验,自动通过,metadata_pending,
The Manitous.md,WL-WORK-1375,The Manitous,,巴兹尔·约翰斯顿,Basil Johnston,,,,,MISSING_T_REVIEW_NO_YEAR,,,缺 T 且缺少可机器读取 year，需要书目/成书史核验,自动通过,metadata_pending,
The Maracot Deep.md,WL-WORK-0541,The Maracot Deep,,柯南·道尔,Conan Doyle再补,,T4 全球现代主义时代,T4,,HAS_T,,,已有有效 T0–T6 坐标,自动通过,metadata_pending,
The Merry Adventures of Robin Hood.md,WL-WORK-2395,The Merry Adventures of Robin Hood,,霍华德·派尔,Howard Pyle,,T3 19世纪现代文学体系,T3,,HAS_T,,,已有有效 T0–T6 坐标,自动通过,metadata_pending,
The Middle Passage.md,WL-WORK-1376,The Middle Passage,,V.S.奈保尔,V.S. Naipaul,,T5 二战后多极文学,T5,,HAS_T,,,已有有效 T0–T6 坐标,自动通过,metadata_pending,
The New Negro.md,WL-WORK-1543,The New Negro,,阿兰·洛克,Alain Locke 编,,,,,MISSING_T_REVIEW_NO_YEAR,,,缺 T 且缺少可机器读取 year，需要书目/成书史核验,自动通过,metadata_pending,
The Night Watchman.md,WL-WORK-0949,The Night Watchman,,路易丝·厄德里奇,Louise Erdrich,,T6 当代全球文学,T6,,HAS_T,,,已有有效 T0–T6 坐标,自动通过,metadata_pending,
The Old Drift.md,WL-WORK-0950,The Old Drift,,纳姆瓦利·瑟佩尔,Namwali Serpell,,,,,MISSING_T_REVIEW_NO_YEAR,,,缺 T 且缺少可机器读取 year，需要书目/成书史核验,自动通过,metadata_pending,
The Old Patagonian Express.md,WL-WORK-1377,The Old Patagonian Express,,保罗·索鲁,Paul Theroux,,,,,MISSING_T_REVIEW_NO_YEAR,,,缺 T 且缺少可机器读取 year，需要书目/成书史核验,自动通过,metadata_pending,
The Old Ways.md,WL-WORK-1378,The Old Ways,,罗伯特·麦克法伦,Robert Macfarlane,,,,,MISSING_T_REVIEW_NO_YEAR,,,缺 T 且缺少可机器读取 year，需要书目/成书史核验,自动通过,metadata_pending,
The Only Good Indians.md,WL-WORK-0542,The Only Good Indians,,斯蒂芬·格雷厄姆·琼斯,Stephen Graham Jones,,T6 当代全球文学,T6,,HAS_T,,,已有有效 T0–T6 坐标,自动通过,metadata_pending,
The Oregon Trail.md,WL-WORK-2396,The Oregon Trail,,弗朗西斯·帕克曼,Francis Parkman,,,,,MISSING_T_REVIEW_NO_YEAR,,,缺 T 且缺少可机器读取 year，需要书目/成书史核验,自动通过,metadata_pending,
The Phantom Coach.md,WL-WORK-0543,The Phantom Coach,,阿梅莉亚·B.爱德华兹,Amelia B. Edwards,,,,,MISSING_T_REVIEW_NO_YEAR,,,缺 T 且缺少可机器读取 year，需要书目/成书史核验,自动通过,metadata_pending,
The Pirate's Daughter.md,WL-WORK-2398,The Pirate's Daughter,,玛格丽特·塞泽尔-汤普森,Margaret Cezair-Thompson,,,,,MISSING_T_REVIEW_NO_YEAR,,,缺 T 且缺少可机器读取 year，需要书目/成书史核验,自动通过,metadata_pending,
The Pirate.md,WL-WORK-2397,The Pirate,,沃尔特·司各特,Walter Scott,,T3 19世纪现代文学体系,T3,,HAS_T,,,已有有效 T0–T6 坐标,自动通过,metadata_pending,
The Principal Navigations.md,WL-WORK-1379,The Principal Navigations...,,理查德·哈克卢特,Richard Hakluyt,,,,,MISSING_T_REVIEW_NO_YEAR,,,缺 T 且缺少可机器读取 year，需要书目/成书史核验,自动通过,metadata_pending,
The Promise.md,WL-WORK-3078,The Promise,The Promise,达蒙·加尔古特,Damon Galgut,,T6 当代全球文学,T6,,HAS_T,,,已有有效 T0–T6 坐标,需复核,metadata_pending,
The Purple Land.md,WL-WORK-2399,The Purple Land,,W.H.赫德森,Hudson,,,,,MISSING_T_REVIEW_NO_YEAR,,,缺 T 且缺少可机器读取 year，需要书目/成书史核验,自动通过,metadata_pending,
The Pyrates.md,WL-WORK-2400,The Pyrates,,乔治·麦克唐纳·弗雷泽,解构,,,,,MISSING_T_REVIEW_NO_YEAR,,,缺 T 且缺少可机器读取 year，需要书目/成书史核验,自动通过,metadata_pending,
The Rainbow Trail.md,WL-WORK-2401,The Rainbow Trail,,赞恩·格雷,Zane Grey,,T4 全球现代主义时代,T4,,HAS_T,,,已有有效 T0–T6 坐标,自动通过,metadata_pending,
The Recess.md,WL-WORK-0951,The Recess,,索菲娅·李,Sophia Lee,,,,,MISSING_T_REVIEW_NO_YEAR,,,缺 T 且缺少可机器读取 year，需要书目/成书史核验,自动通过,metadata_pending,
The Red Tree.md,WL-WORK-0544,The Red Tree,,凯特琳·R.基尔南,Caitlín R. Kiernan,,,,,MISSING_T_REVIEW_NO_YEAR,,,缺 T 且缺少可机器读取 year，需要书目/成书史核验,自动通过,metadata_pending,
The Reformatory.md,WL-WORK-0545,The Reformatory,,塔纳纳里夫·杜,Tananarive Due,,T6 当代全球文学,T6,,HAS_T,,,已有有效 T0–T6 坐标,自动通过,metadata_pending,
The Return of the Soldier.md,WL-WORK-1991,The Return of the Soldier,,丽贝卡·韦斯特,Rebecca West,,T4 全球现代主义时代,T4,,HAS_T,,,已有有效 T0–T6 坐标,自动通过,metadata_pending,
The Right Swipe.md,WL-WORK-1992,The Right Swipe,,阿丽莎·拉伊,Alisha Rai,,,,,MISSING_T_REVIEW_NO_YEAR,,,缺 T 且缺少可机器读取 year，需要书目/成书史核验,自动通过,metadata_pending,
The Ritual.md,WL-WORK-0546,The Ritual,,亚当·内维尔,Adam Nevill,,T6 当代全球文学,T6,,HAS_T,,,已有有效 T0–T6 坐标,自动通过,metadata_pending,
The Road to Oxiana.md,WL-WORK-1380,The Road to Oxiana,,罗伯特·拜伦,Robert Byron,,T4 全球现代主义时代,T4,,HAS_T,,,已有有效 T0–T6 坐标,自动通过,metadata_pending,
The Rover.md,WL-WORK-2402,The Rover,,约瑟夫·康拉德,Conrad,,T4 全球现代主义时代,T4,,HAS_T,,,已有有效 T0–T6 坐标,自动通过,metadata_pending,
The Saga of Billy the Kid.md,WL-WORK-2403,The Saga of Billy the Kid,,沃尔特·诺布尔·伯恩斯,Walter Noble Burns,,,,,MISSING_T_REVIEW_NO_YEAR,,,缺 T 且缺少可机器读取 year，需要书目/成书史核验,自动通过,metadata_pending,
The Scar.md,WL-WORK-2404,The Scar,,查纳·米耶维,China Miéville,,T6 当代全球文学,T6,,HAS_T,,,已有有效 T0–T6 坐标,自动通过,metadata_pending,
The Scottish Chiefs.md,WL-WORK-0952,The Scottish Chiefs,,简·波特,Jane Porter,,,,,MISSING_T_REVIEW_NO_YEAR,,,缺 T 且缺少可机器读取 year，需要书目/成书史核验,自动通过,metadata_pending,
The Sea.md,WL-WORK-3064,The Sea,The Sea,约翰·班维尔,John Banville,,T6 当代全球文学,T6,,HAS_T,,,已有有效 T0–T6 坐标,需复核,metadata_pending,
The Shootist.md,WL-WORK-2405,The Shootist,,格伦登·斯沃索特,Glendon Swarthout,,,,,MISSING_T_REVIEW_NO_YEAR,,,缺 T 且缺少可机器读取 year，需要书目/成书史核验,自动通过,metadata_pending,
The Sisters Brothers.md,WL-WORK-2406,The Sisters Brothers,,帕特里克·德威特,Patrick deWitt,,T6 当代全球文学,T6,,HAS_T,,,已有有效 T0–T6 坐标,自动通过,metadata_pending,
The Six-Gun Tarot.md,WL-WORK-2407,The Six-Gun Tarot,,R.S.贝尔彻,R.S. Belcher,,,,,MISSING_T_REVIEW_NO_YEAR,,,缺 T 且缺少可机器读取 year，需要书目/成书史核验,自动通过,metadata_pending,
The Songlines.md,WL-WORK-1381,The Songlines,,布鲁斯·查特文,Bruce Chatwin,,T6 当代全球文学,T6,,HAS_T,,,已有有效 T0–T6 坐标,自动通过,metadata_pending,
The Squatter and the Don.md,WL-WORK-2408,The Squatter and the Don,,海伦·亨特·杰克逊,Helen Hunt Jackson,,,,,MISSING_T_REVIEW_NO_YEAR,,,缺 T 且缺少可机器读取 year，需要书目/成书史核验,自动通过,metadata_pending,
The Store.md,WL-WORK-2970,The Store,The Store,T.S.斯特里布林,T. S. Stribling,,T4 全球现代主义时代,T4,,HAS_T,,,已有有效 T0–T6 坐标,需复核,metadata_pending,
The Story of King Arthur and His Knights.md,WL-WORK-2409,The Story of King Arthur and His Knights,,霍华德·派尔,Howard Pyle,,T4 全球现代主义时代,T4,,HAS_T,,,已有有效 T0–T6 坐标,自动通过,metadata_pending,
The Story of the Glittering Plain.md,WL-WORK-2410,The Story of the Glittering Plain,,威廉·莫里斯,William Morris,,T4 全球现代主义时代,T4,,HAS_T,,,已有有效 T0–T6 坐标,自动通过,metadata_pending,
The Sunne in Splendour.md,WL-WORK-0953,The Sunne in Splendour,,莎伦·凯·彭曼,Sharon Kay Penman,,,,,MISSING_T_REVIEW_NO_YEAR,,,缺 T 且缺少可机器读取 year，需要书目/成书史核验,自动通过,metadata_pending,
The Surrendered.md,WL-WORK-1993,The Surrendered,,李昌来,Chang-rae Lee,,T6 当代全球文学,T6,,HAS_T,,,已有有效 T0–T6 坐标,自动通过,metadata_pending,
The Surrounded.md,WL-WORK-2411,The Surrounded,,达西·麦克尼克尔,D'Arcy McNickle,,,,,MISSING_T_REVIEW_NO_YEAR,,,缺 T 且缺少可机器读取 year，需要书目/成书史核验,自动通过,metadata_pending,
The Suspect.md,WL-WORK-3112,The Suspect,The Suspect,L.R.赖特,L.R. Wright,,T6 当代全球文学,T6,,HAS_T,,,已有有效 T0–T6 坐标,需复核,metadata_pending,
The Talisman.md,WL-WORK-2412,The Talisman,,沃尔特·司各特,Walter Scott,,T3 19世纪现代文学体系,T3,,HAS_T,,,已有有效 T0–T6 坐标,自动通过,metadata_pending,
The Tavern Knight.md,WL-WORK-2413,The Tavern Knight,,拉斐尔·萨巴蒂尼,Rafael Sabatini,,T4 全球现代主义时代,T4,,HAS_T,,,已有有效 T0–T6 坐标,自动通过,metadata_pending,
The Thousand Crimes of Ming Tsu.md,WL-WORK-2414,The Thousand Crimes of Ming Tsu,,汤姆·林,Tom Lin,,,,,MISSING_T_REVIEW_NO_YEAR,,,缺 T 且缺少可机器读取 year，需要书目/成书史核验,自动通过,metadata_pending,
The Time It Never Rained.md,WL-WORK-2415,The Time It Never Rained,,埃尔默·凯尔顿,Kelton,,,,,MISSING_T_REVIEW_NO_YEAR,,,缺 T 且缺少可机器读取 year，需要书目/成书史核验,自动通过,metadata_pending,
The Town.md,WL-WORK-2983,The Town,The Town,康拉德·里克特,Conrad Richter,,T5 二战后多极文学,T5,,HAS_T,,,已有有效 T0–T6 坐标,需复核,metadata_pending,
The Underdogs ／ Los de abajo.md,WL-WORK-2416,The Underdogs / Los de abajo,,马里亚诺·阿苏埃拉,Mariano Azuela,,,,,MISSING_T_REVIEW_NO_YEAR,,,缺 T 且缺少可机器读取 year，需要书目/成书史核验,自动通过,metadata_pending,
The Untamed.md,WL-WORK-2417,The Untamed,,马克斯·布兰德,Max Brand,,,,,MISSING_T_REVIEW_NO_YEAR,,,缺 T 且缺少可机器读取 year，需要书目/成书史核验,自动通过,metadata_pending,
The Valleys of the Assassins.md,WL-WORK-1382,The Valleys of the Assassins,,弗雷娅·斯塔克,Freya Stark,,,,,MISSING_T_REVIEW_NO_YEAR,,,缺 T 且缺少可机器读取 year，需要书目/成书史核验,自动通过,metadata_pending,
The Viscount Who Loved Me.md,WL-WORK-1994,The Viscount Who Loved Me,,朱莉娅·奎因,Julia Quinn,,T6 当代全球文学,T6,,HAS_T,,,已有有效 T0–T6 坐标,自动通过,metadata_pending,
The Wedding Date.md,WL-WORK-1995,The Wedding Date,,贾丝明·吉洛里,Jasmine Guillory,,,,,MISSING_T_REVIEW_NO_YEAR,,,缺 T 且缺少可机器读取 year，需要书目/成书史核验,自动通过,metadata_pending,
The White Company.md,WL-WORK-0547,The White Company,,柯南·道尔,Conan Doyle再补,,T4 全球现代主义时代,T4,,HAS_T,,,已有有效 T0–T6 坐标,自动通过,metadata_pending,
The Winter King.md,WL-WORK-2419,The Winter King,,伯纳德·康威尔,Bernard Cornwell,,T6 当代全球文学,T6,,HAS_T,,,已有有效 T0–T6 坐标,自动通过,metadata_pending,
The Wrecker.md,WL-WORK-0548,The Wrecker,,罗伯特·路易斯·史蒂文森,Robert Louis Stevenson,,T4 全球现代主义时代,T4,,HAS_T,,,已有有效 T0–T6 坐标,自动通过,metadata_pending,
The Yellow Birds.md,WL-WORK-1996,The Yellow Birds,,凯文·鲍尔斯,Kevin Powers,,T6 当代全球文学,T6,,HAS_T,,,已有有效 T0–T6 坐标,自动通过,metadata_pending,
These Thousand Hills.md,WL-WORK-2421,These Thousand Hills,,A.B.格思里,A.B. Guthrie Jr.,,,,,MISSING_T_REVIEW_NO_YEAR,,,缺 T 且缺少可机器读取 year，需要书目/成书史核验,自动通过,metadata_pending,
Things Have Gotten Worse Since We Last Spoke.md,WL-WORK-0549,Things Have Gotten Worse Since We Last Spoke,,埃里克·拉罗卡,Eric LaRocca,,,,,MISSING_T_REVIEW_NO_YEAR,,,缺 T 且缺少可机器读取 year，需要书目/成书史核验,自动通过,metadata_pending,
This One Summer.md,WL-WORK-0954,This One Summer,,玉木真理子 / 吉莉安·玉木,Mariko & Jillian Tamaki,,,,,MISSING_T_REVIEW_NO_YEAR,,,缺 T 且缺少可机器读取 year，需要书目/成书史核验,自动通过,metadata_pending,
Those Across the River.md,WL-WORK-0550,Those Across the River,,克里斯托弗·比尔曼,Christopher Buehlman,,T6 当代全球文学,T6,,HAS_T,,,已有有效 T0–T6 坐标,自动通过,metadata_pending,
Tirant lo Blanc.md,WL-WORK-2422,Tirant lo Blanc,,若阿诺特·马托雷尔,Joanot Martorell,,,,,MISSING_T_REVIEW_NO_YEAR,,,缺 T 且缺少可机器读取 year，需要书目/成书史核验,自动通过,metadata_pending,
Tlingit Myths and Texts.md,WL-WORK-1383,Tlingit Myths and Texts,,约翰·R.斯旺顿,John R. Swanton,,,,,MISSING_T_REVIEW_NO_YEAR,,,缺 T 且缺少可机器读取 year，需要书目/成书史核验,自动通过,metadata_pending,
Torto Arado.md,WL-WORK-1544,Torto Arado,,伊塔马尔·维埃拉·儒尼奥尔,乡村,,,,,MISSING_T_REVIEW_NO_YEAR,,,缺 T 且缺少可机器读取 year，需要书目/成书史核验,自动通过,metadata_pending,
Tracks.md,WL-WORK-1384,Tracks,,罗宾·戴维森,Robyn Davidson,,,,,MISSING_T_REVIEW_NO_YEAR,,,缺 T 且缺少可机器读取 year，需要书目/成书史核验,自动通过,metadata_pending,
Travels in West Africa.md,WL-WORK-1385,Travels in West Africa,,玛丽·金斯利,Mary Kingsley,,,,,MISSING_T_REVIEW_NO_YEAR,,,缺 T 且缺少可机器读取 year，需要书目/成书史核验,自动通过,metadata_pending,
Travels through France and Italy.md,WL-WORK-1386,Travels through France and Italy,,斯摩莱特,Smollett,,,,,MISSING_T_REVIEW_NO_YEAR,,,缺 T 且缺少可机器读取 year，需要书目/成书史核验,自动通过,metadata_pending,
Travels with a Donkey in the Cévennes.md,WL-WORK-1387,Travels with a Donkey in the Cévennes,,罗伯特·路易斯·史蒂文森,Stevenson,,T3 19世纪现代文学体系,T3,,HAS_T,,,已有有效 T0–T6 坐标,自动通过,metadata_pending,
Tristan.md,WL-WORK-2423,Tristan,,贝鲁尔,Béroul,,,,,MISSING_T_REVIEW_NO_YEAR,,,缺 T 且缺少可机器读取 year，需要书目/成书史核验,自动通过,metadata_pending,
True History of the Kelly Gang.md,WL-WORK-2424,True History of the Kelly Gang,,彼得·凯里,Peter Carey,,T6 当代全球文学,T6,,HAS_T,,,已有有效 T0–T6 坐标,自动通过,metadata_pending,
Trust.md,WL-WORK-3030,Trust,Trust,埃尔南·迪亚斯,Hernan Diaz,,T6 当代全球文学,T6,,HAS_T,,,已有有效 T0–T6 坐标,需复核,metadata_pending,
Un episodio en la vida del pintor viajero.md,WL-WORK-2425,Un episodio en la vida del pintor viajero,,塞萨尔·艾拉,César Aira,,T6 当代全球文学,T6,,HAS_T,,,已有有效 T0–T6 坐标,自动通过,metadata_pending,
Unbeaten Tracks in Japan.md,WL-WORK-1388,Unbeaten Tracks in Japan,,伊莎贝拉·伯德,Bird,,,,,MISSING_T_REVIEW_NO_YEAR,,,缺 T 且缺少可机器读取 year，需要书目/成书史核验,自动通过,metadata_pending,
Uncanny Stories.md,WL-WORK-0551,Uncanny Stories,,梅·辛克莱,May Sinclair,,,,,MISSING_T_REVIEW_NO_YEAR,,,缺 T 且缺少可机器读取 year，需要书目/成书史核验,自动通过,metadata_pending,
Under the Feet of Jesus.md,WL-WORK-2426,Under the Feet of Jesus,,海伦娜·玛丽亚·比拉蒙特斯,Helena María Viramontes,,,,,MISSING_T_REVIEW_NO_YEAR,,,缺 T 且缺少可机器读取 year，需要书目/成书史核验,自动通过,metadata_pending,
Under the Red Robe.md,WL-WORK-2427,Under the Red Robe,,斯坦利·韦曼,Stanley Weyman,,,,,MISSING_T_REVIEW_NO_YEAR,,,缺 T 且缺少可机器读取 year，需要书目/成书史核验,自动通过,metadata_pending,
Undertones of War.md,WL-WORK-1997,Undertones of War,,埃德蒙·布伦登,Edmund Blunden,,,,,MISSING_T_REVIEW_NO_YEAR,,,缺 T 且缺少可机器读取 year，需要书目/成书史核验,自动通过,metadata_pending,
Uninhabited House.md,WL-WORK-0552,Uninhabited House,,夏洛特·里德尔,Charlotte Riddell,,,,,MISSING_T_REVIEW_NO_YEAR,,,缺 T 且缺少可机器读取 year，需要书目/成书史核验,自动通过,metadata_pending,
Unsouled.md,WL-WORK-0553,Unsouled,,威尔·怀特,Will Wight,,,,,MISSING_T_REVIEW_NO_YEAR,,,缺 T 且缺少可机器读取 year，需要书目/成书史核验,自动通过,metadata_pending,
Video Night in Kathmandu.md,WL-WORK-1389,Video Night in Kathmandu,,皮科·艾尔,Pico Iyer,,,,,MISSING_T_REVIEW_NO_YEAR,,,缺 T 且缺少可机器读取 year，需要书目/成书史核验,自动通过,metadata_pending,
Vision in White.md,WL-WORK-1998,Vision in White,,诺拉·罗伯茨,Nora Roberts,,T6 当代全球文学,T6,,HAS_T,,,已有有效 T0–T6 坐标,自动通过,metadata_pending,
Vox.md,WL-WORK-0955,Vox,,克里斯蒂娜·达尔彻,Christina Dalcher,,,,,MISSING_T_REVIEW_NO_YEAR,,,缺 T 且缺少可机器读取 year，需要书目/成书史核验,自动通过,metadata_pending,
Walkaway.md,WL-WORK-0956,Walkaway,,科里·多克托罗,Cory Doctorow,,T6 当代全球文学,T6,,HAS_T,,,已有有效 T0–T6 坐标,自动通过,metadata_pending,
War Trash.md,WL-WORK-1999,War Trash,,哈金,Ha Jin,,,,,MISSING_T_REVIEW_NO_YEAR,,,缺 T 且缺少可机器读取 year，需要书目/成书史核验,自动通过,metadata_pending,
Warlock.md,WL-WORK-2428,Warlock,,奥克利·霍尔,Oakley Hall,,,,,MISSING_T_REVIEW_NO_YEAR,,,缺 T 且缺少可机器读取 year，需要书目/成书史核验,自动通过,metadata_pending,
West with the Night.md,WL-WORK-0554,West with the Night,,贝丽尔·马卡姆,Beryl Markham,,,,,MISSING_T_REVIEW_NO_YEAR,,,缺 T 且缺少可机器读取 year，需要书目/成书史核验,自动通过,metadata_pending,
Western Union.md,WL-WORK-2429,Western Union,,赞恩·格雷,Zane Grey,,T4 全球现代主义时代,T4,,HAS_T,,,已有有效 T0–T6 坐标,自动通过,metadata_pending,
"Whitney, My Love.md",WL-WORK-2000,"Whitney, My Love",,朱迪思·麦克诺特,Judith McNaught,,,,,MISSING_T_REVIEW_NO_YEAR,,,缺 T 且缺少可机器读取 year，需要书目/成书史核验,自动通过,metadata_pending,
Who Remembers the Sea.md,WL-WORK-2001,Who Remembers the Sea,,穆罕默德·迪布,Mohammed Dib,,,,,MISSING_T_REVIEW_NO_YEAR,,,缺 T 且缺少可机器读取 year，需要书目/成书史核验,自动通过,metadata_pending,
Willehalm.md,WL-WORK-2430,Willehalm,,沃尔夫拉姆·冯·埃申巴赫,Wolfram von Eschenbach,,,,,MISSING_T_REVIEW_NO_YEAR,,,缺 T 且缺少可机器读取 year，需要书目/成书史核验,自动通过,metadata_pending,
Winter and Night.md,WL-WORK-3129,Winter and Night,Winter and Night,S.J.罗赞,S.J. Rozan,,T6 当代全球文学,T6,,HAS_T,,,已有有效 T0–T6 坐标,需复核,metadata_pending,
Winter in the Blood.md,WL-WORK-2431,Winter in the Blood,,詹姆斯·韦尔奇,James Welch,,,,,MISSING_T_REVIEW_NO_YEAR,,,缺 T 且缺少可机器读取 year，需要书目/成书史核验,自动通过,metadata_pending,
With Clive in India.md,WL-WORK-0555,With Clive in India,,G.A.亨蒂,G. A. Henty,,,,,MISSING_T_REVIEW_NO_YEAR,,,缺 T 且缺少可机器读取 year，需要书目/成书史核验,自动通过,metadata_pending,
With His Pistol in His Hand.md,WL-WORK-2432,With His Pistol in His Hand,,阿梅里科·帕雷德斯,Américo Paredes,,,,,MISSING_T_REVIEW_NO_YEAR,,,缺 T 且缺少可机器读取 year，需要书目/成书史核验,自动通过,metadata_pending,
With Wolfe in Canada.md,WL-WORK-0556,With Wolfe in Canada,,G.A.亨蒂,G. A. Henty,,,,,MISSING_T_REVIEW_NO_YEAR,,,缺 T 且缺少可机器读取 year，需要书目/成书史核验,自动通过,metadata_pending,
Wounds.md,WL-WORK-0557,Wounds,,内森·巴林拉德,Nathan Ballingrud,,,,,MISSING_T_REVIEW_NO_YEAR,,,缺 T 且缺少可机器读取 year，需要书目/成书史核验,自动通过,metadata_pending,
X的悲剧.md,WL-WORK-0041,X的悲剧,,埃勒里·奎因,,,T4 全球现代主义时代,T4,,HAS_T,,,已有有效 T0–T6 坐标,自动通过,,
"Yolanda, the Black Corsair's Daughter.md",WL-WORK-2433,"Yolanda, the Black Corsair's Daughter",,埃米利奥·萨尔加里,Emilio Salgari,,T4 全球现代主义时代,T4,,HAS_T,,,已有有效 T0–T6 坐标,自动通过,metadata_pending,
Yoruba Myths.md,WL-WORK-1390,Yoruba Myths,,乌利·拜尔,Ulli Beier,,,,,MISSING_T_REVIEW_NO_YEAR,,,缺 T 且缺少可机器读取 year，需要书目/成书史核验,自动通过,metadata_pending,
"Yvain, the Knight of the Lion.md",WL-WORK-2435,"Yvain, the Knight of the Lion",,克雷蒂安·德·特鲁瓦,,,T1 中古多中心文学世界,T1,,HAS_T,,,已有有效 T0–T6 坐标,自动通过,metadata_pending,
Yvain.md,WL-WORK-2434,Yvain,,克雷蒂安·德·特鲁瓦,,,T1 中古多中心文学世界,T1,,HAS_T,,,已有有效 T0–T6 坐标,自动通过,metadata_pending,
Y的悲剧.md,WL-WORK-0042,Y的悲剧,,埃勒里·奎因,,,T4 全球现代主义时代,T4,,HAS_T,,,已有有效 T0–T6 坐标,自动通过,,
一.md,WL-WORK-0957,一,,戴维·卡普,David Karp,,,,,MISSING_T_REVIEW_NO_YEAR,,,缺 T 且缺少可机器读取 year，需要书目/成书史核验,自动通过,metadata_pending,
一个城市的历史.md,WL-WORK-0958,一个城市的历史,,萨尔蒂科夫-谢德林,Mikhail Saltykov-Shchedrin,,,,,MISSING_T_REVIEW_NO_YEAR,,,缺 T 且缺少可机器读取 year，需要书目/成书史核验,自动通过,metadata_pending,
一个女奴的生活事件.md,WL-WORK-0959,一个女奴的生活事件,,哈丽雅特·雅各布斯,Harriet Jacobs,,,,,MISSING_T_REVIEW_NO_YEAR,,,缺 T 且缺少可机器读取 year，需要书目/成书史核验,自动通过,metadata_pending,
一个美国黑奴的自传.md,WL-WORK-0960,一个美国黑奴的自传,,弗雷德里克·道格拉斯,Frederick Douglass,,,,,MISSING_T_REVIEW_NO_YEAR,,,缺 T 且缺少可机器读取 year，需要书目/成书史核验,自动通过,metadata_pending,
一个背叛日本的日本人.md,WL-WORK-0164,一个背叛日本的日本人,,松本清张,,,T5 二战后多极文学,T5,,HAS_T,,,已有有效 T0–T6 坐标,自动通过,,
一个致命的夏天.md,WL-WORK-0233,一个致命的夏天,,塞巴斯蒂安·雅普里索,Sébastien Japrisot,,,,,MISSING_T_REVIEW_NO_YEAR,,,缺 T 且缺少可机器读取 year，需要书目/成书史核验,自动通过,,
一个西班牙农民的安魂曲.md,WL-WORK-2002,一个西班牙农民的安魂曲,,拉蒙·J.森德尔,Ramón J. Sender,,,,,MISSING_T_REVIEW_NO_YEAR,,,缺 T 且缺少可机器读取 year，需要书目/成书史核验,自动通过,metadata_pending,
一个逃亡黑奴的传记.md,WL-WORK-1545,一个逃亡黑奴的传记,,米格尔·巴内特,,,T5 二战后多极文学,T5,,HAS_T,,,已有有效 T0–T6 坐标,自动通过,metadata_pending,
一个陌生女人的来信.md,WL-WORK-2735,一个陌生女人的来信,,斯蒂芬·茨威格,,,T4 全球现代主义时代,T4,,HAS_T,,,已有有效 T0–T6 坐标,个人补录,metadata_pending,
一个青年艺术家的画像.md,WL-WORK-0961,一个青年艺术家的画像,,詹姆斯·乔伊斯,James Joyce,,T4 全球现代主义时代,T4,,HAS_T,,,已有有效 T0–T6 坐标,自动通过,metadata_pending,
一个风景画家的一生.md,WL-WORK-1546,一个风景画家的一生,,塞萨尔·艾拉,,,T6 当代全球文学,T6,,HAS_T,,,已有有效 T0–T6 坐标,自动通过,metadata_pending,
一九八六年.md,WL-WORK-2786,一九八六年,,余华,,1987,T6 当代全球文学,T6,,HAS_T,,,已有有效 T0–T6 坐标,个人补录,metadata_pending,
一位女士的画像.md,WL-WORK-2003,一位女士的画像,,亨利·詹姆斯,Henry James,,T3 19世纪现代文学体系,T3,,HAS_T,,,已有有效 T0–T6 坐标,自动通过,metadata_pending,CANON-133
一切都被照亮.md,WL-WORK-2004,一切都被照亮,,乔纳森·萨福兰·福厄,Jonathan Safran Foer,,,,,MISSING_T_REVIEW_NO_YEAR,,,缺 T 且缺少可机器读取 year，需要书目/成书史核验,自动通过,metadata_pending,
一剂毒药.md,WL-WORK-3085,一剂毒药,A Dram of Poison,夏洛特·阿姆斯特朗,Charlotte Armstrong,,T5 二战后多极文学,T5,,HAS_T,,,已有有效 T0–T6 坐标,需复核,metadata_pending,
一千英亩.md,WL-WORK-0962,一千英亩,,简·斯迈利,Jane Smiley,1991,T6 当代全球文学,T6,,HAS_T,,,已有有效 T0–T6 坐标,自动通过,metadata_pending,
一千零一夜.md,WL-WORK-0558,一千零一夜,,佚名,中的,,T1 中古多中心文学世界,T1,,HAS_T,,anonymous_or_oral,已有有效 T0–T6 坐标,自动通过,metadata_pending,CANON-015
一句顶一万句.md,WL-WORK-2736,一句顶一万句,,刘震云,,,T6 当代全球文学,T6,,HAS_T,,,已有有效 T0–T6 坐标,个人补录,metadata_pending,
一家之死.md,WL-WORK-2986,一家之死,A Death In The Family,詹姆斯·艾吉,James Agee,,T5 二战后多极文学,T5,,HAS_T,,,已有有效 T0–T6 坐标,需复核,metadata_pending,
一无所有.md,WL-WORK-0354,一无所有,,厄休拉·勒古恩,Ursula K. Le Guin,,T5 二战后多极文学,T5,,HAS_T,,,已有有效 T0–T6 坐标,自动通过,,
一桩事先张扬的凶杀案.md,WL-WORK-1547,一桩事先张扬的凶杀案,,加西亚·马尔克斯,,,T6 当代全球文学,T6,,HAS_T,,,已有有效 T0–T6 坐标,自动通过,metadata_pending,
一桩罪案的进展.md,WL-WORK-3089,一桩罪案的进展,The Progress of a Crime,朱利安·西蒙斯,Julian Symons,,T5 二战后多极文学,T5,,HAS_T,,,已有有效 T0–T6 坐标,需复核,metadata_pending,
一百个人的十年.md,WL-WORK-2005,一百个人的十年,,冯骥才,,,T6 当代全球文学,T6,,HAS_T,,,已有有效 T0–T6 坐标,自动通过,metadata_pending,
一粒麦种.md,WL-WORK-0963,一粒麦种,,恩古吉·瓦·提安哥,Ngũgĩ,,T5 二战后多极文学,T5,,HAS_T,,,已有有效 T0–T6 坐标,自动通过,metadata_pending,CANON-189
一间自己的房间.md,WL-WORK-1548,一间自己的房间,,弗吉尼亚·伍尔夫,Virginia Woolf,,T4 全球现代主义时代,T4,,HAS_T,,,已有有效 T0–T6 坐标,自动通过,metadata_pending,
七个疯子.md,WL-WORK-1549,七个疯子,,罗伯托·阿尔特,Roberto Arlt,,,,,MISSING_T_REVIEW_NO_YEAR,,,缺 T 且缺少可机器读取 year，需要书目/成书史核验,自动通过,metadata_pending,
七侠五义.md,WL-WORK-2436,七侠五义,,石玉昆,后来又出现,,T3 19世纪现代文学体系,T3,,HAS_T,,,已有有效 T0–T6 坐标,自动通过,metadata_pending,
七剑下天山.md,WL-WORK-2437,七剑下天山,,梁羽生,,,T5 二战后多极文学,T5,,HAS_T,,,已有有效 T0–T6 坐标,自动通过,metadata_pending,
七回死去的男人.md,WL-WORK-0192,七回死去的男人,,西泽保彦,,,T6 当代全球文学,T6,,HAS_T,,,已有有效 T0–T6 坐标,自动通过,,
七夏娃.md,WL-WORK-0382,七夏娃,,尼尔·斯蒂芬森,Neal Stephenson,,T6 当代全球文学,T6,,HAS_T,,,已有有效 T0–T6 坐标,自动通过,,
七夜雪.md,WL-WORK-2438,七夜雪,,沧月,,,T6 当代全球文学,T6,,HAS_T,,,已有有效 T0–T6 坐标,自动通过,metadata_pending,
七月的人民.md,WL-WORK-3200,七月的人民,July's People,纳丁·戈迪默,Nadine Gordimer,,T6 当代全球文学,T6,,HAS_T,,,已有有效 T0–T6 坐标,需复核,metadata_pending,CANON-264
七杀碑.md,WL-WORK-2439,七杀碑,,朱贞木,,,,,,MISSING_T_REVIEW_NO_YEAR,,,缺 T 且缺少可机器读取 year，需要书目/成书史核验,自动通过,metadata_pending,
七种武器.md,WL-WORK-2440,七种武器,,古龙,,,T5 二战后多极文学,T5,,HAS_T,,,已有有效 T0–T6 坐标,自动通过,metadata_pending,
万叶集.md,WL-WORK-3179,万叶集,Man'yōshū,多人,Various,,T1 中古多中心文学世界,T1,,HAS_T,,,已有有效 T0–T6 坐标,需复核,metadata_pending,CANON-234
万延元年的足球队.md,WL-WORK-1550,万延元年的足球队,,大江健三郎,Ōe Kenzaburō,,T5 二战后多极文学,T5,,HAS_T,,,已有有效 T0–T6 坐标,自动通过,metadata_pending,
万有引力之虹.md,WL-WORK-1551,万有引力之虹,,托马斯·品钦,Thomas Pynchon,,T5 二战后多极文学,T5,,HAS_T,,,已有有效 T0–T6 坐标,自动通过,metadata_pending,
万火归一.md,WL-WORK-1552,万火归一,,胡利奥·科塔萨尔,,,,,,MISSING_T_REVIEW_NO_YEAR,,,缺 T 且缺少可机器读取 year，需要书目/成书史核验,自动通过,metadata_pending,
三个火枪手.md,WL-WORK-0559,三个火枪手,,大仲马,Dumas,,T3 19世纪现代文学体系,T3,,HAS_T,,,已有有效 T0–T6 坐标,自动通过,metadata_pending,CANON-108
三个骗子.md,WL-WORK-0560,三个骗子,,阿瑟·马克恩,Arthur Machen,,T4 全球现代主义时代,T4,,HAS_T,,,已有有效 T0–T6 坐标,自动通过,metadata_pending,
三之书.md,WL-WORK-0561,三之书,,劳埃德·亚历山大,Lloyd Alexander,,,,,MISSING_T_REVIEW_NO_YEAR,,,缺 T 且缺少可机器读取 year，需要书目/成书史核验,自动通过,metadata_pending,
三体.md,WL-WORK-0462,三体,,刘慈欣,,,T6 当代全球文学,T6,,HAS_T,,,已有有效 T0–T6 坐标,自动通过,,
三侠五义.md,WL-WORK-2441,三侠五义,,石玉昆,,,T3 19世纪现代文学体系,T3,,HAS_T,,,已有有效 T0–T6 坐标,自动通过,metadata_pending,
三匹蟹.md,WL-WORK-1553,三匹蟹,,大庭美奈子,Ōba Minako,,T5 二战后多极文学,T5,,HAS_T,,,已有有效 T0–T6 坐标,自动通过,metadata_pending,
三十九级台阶.md,WL-WORK-0251,三十九级台阶,,约翰·巴肯,John Buchan,,,,,MISSING_T_REVIEW_NO_YEAR,,,缺 T 且缺少可机器读取 year，需要书目/成书史核验,自动通过,,
三口棺材.md,WL-WORK-0032,三口棺材,,约翰·狄克森·卡尔,,,T4 全球现代主义时代,T4,,HAS_T,,,已有有效 T0–T6 坐标,自动通过,,
三只忧伤的老虎.md,WL-WORK-1554,三只忧伤的老虎,,吉列尔莫·卡夫雷拉·因凡特,,,,,,MISSING_T_REVIEW_NO_YEAR,,,缺 T 且缺少可机器读取 year，需要书目/成书史核验,自动通过,metadata_pending,
三四郎.md,WL-WORK-0964,三四郎,,夏目漱石,,,T4 全球现代主义时代,T4,,HAS_T,,,已有有效 T0–T6 坐标,自动通过,metadata_pending,
三国演义.md,WL-WORK-0965,三国演义,,罗贯中,,,T2 早期现代文学,T2,,HAS_T,,,已有有效 T0–T6 坐标,手工核验,metadata_pending,CANON-030
三国遗事.md,WL-WORK-1391,三国遗事,,一然,,,T1 中古多中心文学世界,T1,,HAS_T,,,已有有效 T0–T6 坐标,自动通过,metadata_pending,
三尖树时代.md,WL-WORK-0315,三尖树时代,,约翰·温德姆,John Wyndham,,T5 二战后多极文学,T5,,HAS_T,,,已有有效 T0–T6 坐标,自动通过,,
三生三世十里桃花.md,WL-WORK-2745,三生三世十里桃花,,唐七公子,,,T6 当代全球文学,T6,,HAS_T,,,已有有效 T0–T6 坐标,个人补录,metadata_pending,
三种生活.md,WL-WORK-1555,三种生活,,格特鲁德·斯坦因,Gertrude Stein,,T4 全球现代主义时代,T4,,HAS_T,,,已有有效 T0–T6 坐标,自动通过,metadata_pending,
三里湾.md,WL-WORK-1556,三里湾,,赵树理,,,T5 二战后多极文学,T5,,HAS_T,,,已有有效 T0–T6 坐标,自动通过,metadata_pending,
三颗心与三头狮.md,WL-WORK-0562,三颗心与三头狮,,波尔·安德森,Poul Anderson,,T5 二战后多极文学,T5,,HAS_T,,,已有有效 T0–T6 坐标,自动通过,metadata_pending,
上尉的女儿.md,WL-WORK-0966,上尉的女儿,,普希金,,,T3 19世纪现代文学体系,T3,,HAS_T,,,已有有效 T0–T6 坐标,自动通过,metadata_pending,
上帝保佑这个傻瓜.md,WL-WORK-3095,上帝保佑这个傻瓜,God Save the Mark,唐纳德·E·韦斯特莱克,Donald E. Westlake,,T5 二战后多极文学,T5,,HAS_T,,,已有有效 T0–T6 坐标,需复核,metadata_pending,
上帝的木片.md,WL-WORK-2853,上帝的木片,God's Bits of Wood,奥斯曼·森贝内,Ousmane Sembène,,T5 二战后多极文学,T5,,HAS_T,,,已有有效 T0–T6 坐标,需复核,metadata_pending,CANON-192
上海.md,WL-WORK-1557,上海,,横光利一,,,T4 全球现代主义时代,T4,,HAS_T,,,已有有效 T0–T6 坐标,自动通过,metadata_pending,
下方基地.md,WL-WORK-2907,下方基地,Downbelow Station,C.J.切瑞,C. J. Cherryh,,T6 当代全球文学,T6,,HAS_T,,,已有有效 T0–T6 坐标,需复核,metadata_pending,
下面的人们.md,WL-WORK-1558,下面的人们,,马里亚诺·阿苏埃拉,,,,,,MISSING_T_REVIEW_NO_YEAR,,,缺 T 且缺少可机器读取 year，需要书目/成书史核验,自动通过,metadata_pending,
下颚骨.md,WL-WORK-1559,下颚骨,,莫妮卡·奥赫达,Mónica Ojeda,,,,,MISSING_T_REVIEW_NO_YEAR,,,缺 T 且缺少可机器读取 year，需要书目/成书史核验,自动通过,metadata_pending,
不休止.md,WL-WORK-0345,不休止,Non-Stop,布莱恩·奥尔迪斯,Brian Aldiss,,T5 二战后多极文学,T5,,HAS_T,,,已有有效 T0–T6 坐标,自动通过,,
不会笑的数学家.md,WL-WORK-0189,不会笑的数学家,,森博嗣,,,T6 当代全球文学,T6,,HAS_T,,,已有有效 T0–T6 坐标,自动通过,,
不再存在的女人.md,WL-WORK-0230,不再存在的女人,Celle qui n'était plus,布瓦洛-纳尔瑟雅克,Boileau-Narcejac,,,,,MISSING_T_REVIEW_NO_YEAR,,,缺 T 且缺少可机器读取 year，需要书目/成书史核验,自动通过,,
不列颠诸王史.md,WL-WORK-1392,不列颠诸王史,,蒙茅斯的杰弗里,,,,,,MISSING_T_REVIEW_NO_YEAR,,,缺 T 且缺少可机器读取 year，需要书目/成书史核验,自动通过,metadata_pending,
不可接触者.md,WL-WORK-1560,不可接触者,,穆尔克·拉吉·安纳德,Mulk Raj Anand,,T4 全球现代主义时代,T4,,HAS_T,,,已有有效 T0–T6 坐标,自动通过,metadata_pending,
不朽者.md,WL-WORK-2901,不朽者,This Immortal,罗杰·泽拉兹尼,Roger Zelazny,,T5 二战后多极文学,T5,,HAS_T,,,已有有效 T0–T6 坐标,需复核,metadata_pending,
不要回头.md,WL-WORK-0224,不要回头,Don't Look Back,卡琳·福萨姆,Karin Fossum,,,,,MISSING_T_REVIEW_NO_YEAR,,,缺 T 且缺少可机器读取 year，需要书目/成书史核验,自动通过,,
与拉玛相会.md,WL-WORK-0310,与拉玛相会,,阿瑟·克拉克,,,T5 二战后多极文学,T5,,HAS_T,,,已有有效 T0–T6 坐标,自动通过,,
丑人.md,WL-WORK-0967,丑人,,斯科特·韦斯特菲尔德,Scott Westerfeld,,,,,MISSING_T_REVIEW_NO_YEAR,,,缺 T 且缺少可机器读取 year，需要书目/成书史核验,自动通过,metadata_pending,
丑小鸭.md,WL-WORK-0563,丑小鸭,,安徒生,Hans Christian Andersen,,T3 19世纪现代文学体系,T3,,HAS_T,,,已有有效 T0–T6 坐标,自动通过,metadata_pending,
世事如烟.md,WL-WORK-2790,世事如烟,,余华,,1988,T6 当代全球文学,T6,,HAS_T,,,已有有效 T0–T6 坐标,个人补录,metadata_pending,
世界大战.md,WL-WORK-0276,世界大战,,H.G.威尔斯,,,T4 全球现代主义时代,T4,,HAS_T,,,已有有效 T0–T6 坐标,自动通过,,
世界尽头的井.md,WL-WORK-0564,世界尽头的井,The Well at the World's End,威廉·莫里斯,William Morris,1896,T4 全球现代主义时代,T4,,HAS_T,,,已有有效 T0–T6 坐标,人工核验,verified,
世界尽头的征兆.md,WL-WORK-1561,世界尽头的征兆,,墨西哥与美墨边境,,,,,,MISSING_T_REVIEW_NO_YEAR,,,缺 T 且缺少可机器读取 year，需要书目/成书史核验,自动通过,metadata_pending,
世界尽头的自杀者.md,WL-WORK-1562,世界尽头的自杀者,,莱拉·格雷罗,,,,,,MISSING_T_REVIEW_NO_YEAR,,,缺 T 且缺少可机器读取 year，需要书目/成书史核验,自动通过,metadata_pending,
世界彼端的森林.md,WL-WORK-0565,世界彼端的森林,The Wood Beyond the World,威廉·莫里斯,William Morris,1894,T4 全球现代主义时代,T4,,HAS_T,,,已有有效 T0–T6 坐标,人工核验,verified,
世界的用法.md,WL-WORK-1393,世界的用法,The Way of the World,尼古拉·布维耶,Nicolas Bouvier,,,,,MISSING_T_REVIEW_NO_YEAR,,,缺 T 且缺少可机器读取 year，需要书目/成书史核验,自动通过,metadata_pending,
世界的词是森林.md,WL-WORK-0355,世界的词是森林,,厄休拉·勒古恩,Ursula K. Le Guin,,T5 二战后多极文学,T5,,HAS_T,,,已有有效 T0–T6 坐标,自动通过,,
丛林之书.md,WL-WORK-0566,丛林之书,,吉卜林,Rudyard Kipling,,T4 全球现代主义时代,T4,,HAS_T,,,已有有效 T0–T6 坐标,自动通过,metadata_pending,
丛林故事.md,WL-WORK-0567,丛林故事,,奥拉西奥·基罗加,Horacio Quiroga,,,,,MISSING_T_REVIEW_NO_YEAR,,,缺 T 且缺少可机器读取 year，需要书目/成书史核验,自动通过,metadata_pending,
东周列国志.md,WL-WORK-0968,东周列国志,,冯梦龙,,,,,,MISSING_T_REVIEW_NO_YEAR,,,缺 T 且缺少可机器读取 year，需要书目/成书史核验,自动通过,metadata_pending,
东方.md,WL-WORK-2856,东方,,魏巍,,,T5 二战后多极文学,T5,,HAS_T,,,已有有效 T0–T6 坐标,需复核,metadata_pending,
东方快车谋杀案.md,WL-WORK-0023,东方快车谋杀案,,阿加莎·克里斯蒂,,,T4 全球现代主义时代,T4,,HAS_T,,,已有有效 T0–T6 坐标,自动通过,,
东藏记.md,WL-WORK-2874,东藏记,,宗璞,,,T6 当代全球文学,T6,,HAS_T,,,已有有效 T0–T6 坐标,需复核,metadata_pending,
两地书.md,WL-WORK-2699,两地书,,鲁迅,,,T4 全球现代主义时代,T4,,HAS_T,,,已有有效 T0–T6 坐标,个人补录,metadata_pending,
两扇门的房子不好守.md,WL-WORK-2442,两扇门的房子不好守,"Casa con dos puertas, mala es de guardar",卡尔德隆,Pedro Calderón de la Barca,,T2 早期现代文学,T2,,HAS_T,,,已有有效 T0–T6 坐标,自动通过,metadata_pending,
严厉的月亮.md,WL-WORK-0303,严厉的月亮,,罗伯特·海因莱因,,,T5 二战后多极文学,T5,,HAS_T,,,已有有效 T0–T6 坐标,自动通过,,
严密监视的列车.md,WL-WORK-1563,严密监视的列车,,博胡米尔·赫拉巴尔,Bohumil Hrabal,,T5 二战后多极文学,T5,,HAS_T,,,已有有效 T0–T6 坐标,自动通过,metadata_pending,
丧钟为谁而鸣.md,WL-WORK-2006,丧钟为谁而鸣,,海明威,Hemingway,,T4 全球现代主义时代,T4,,HAS_T,,,已有有效 T0–T6 坐标,自动通过,metadata_pending,
个人的体验.md,WL-WORK-1564,个人的体验,,大江健三郎,Ōe Kenzaburō,,T5 二战后多极文学,T5,,HAS_T,,,已有有效 T0–T6 坐标,自动通过,metadata_pending,
中国梦.md,WL-WORK-0969,中国梦,,马建,,,,,,MISSING_T_REVIEW_NO_YEAR,,,缺 T 且缺少可机器读取 year，需要书目/成书史核验,自动通过,metadata_pending,
中国神话传说.md,WL-WORK-1394,中国神话传说,,袁珂,,,T5 二战后多极文学,T5,,HAS_T,,title_aggregate_or_tradition,已有有效 T0–T6 坐标,自动通过,metadata_pending,
中国神话史.md,WL-WORK-1395,中国神话史,,袁珂,,,T6 当代全球文学,T6,,HAS_T,,title_aggregate_or_tradition,已有有效 T0–T6 坐标,自动通过,metadata_pending,
中性.md,WL-WORK-0970,中性,,杰弗里·尤金尼德斯,Jeffrey Eugenides,2002,T6 当代全球文学,T6,,HAS_T,,,已有有效 T0–T6 坐标,自动通过,metadata_pending,
中转站.md,WL-WORK-0313,中转站,,克利福德·西马克,Simak,,T5 二战后多极文学,T5,,HAS_T,,,已有有效 T0–T6 坐标,自动通过,,
丰乳肥臀.md,WL-WORK-0971,丰乳肥臀,,莫言,,,T6 当代全球文学,T6,,HAS_T,,,已有有效 T0–T6 坐标,自动通过,metadata_pending,
丰饶之海.md,WL-WORK-1565,丰饶之海,,三岛由纪夫,属于,,T5 二战后多极文学,T5,,HAS_T,,,已有有效 T0–T6 坐标,自动通过,metadata_pending,
临界·爵迹.md,WL-WORK-2749,临界·爵迹,,郭敬明,,,T6 当代全球文学,T6,,HAS_T,,,已有有效 T0–T6 坐标,个人补录,metadata_pending,
丹尼尔·德隆达.md,WL-WORK-0972,丹尼尔·德隆达,,乔治·艾略特,George Eliot,,T3 19世纪现代文学体系,T3,,HAS_T,,,已有有效 T0–T6 坐标,自动通过,metadata_pending,
丹麦人的事迹.md,WL-WORK-1396,丹麦人的事迹,,萨克索·格拉玛提库斯,Saxo Grammaticus,,,,,MISSING_T_REVIEW_NO_YEAR,,,缺 T 且缺少可机器读取 year，需要书目/成书史核验,自动通过,metadata_pending,
为了赖子.md,WL-WORK-0186,为了赖子,,法月纶太郎,,,,,,MISSING_T_REVIEW_NO_YEAR,,,缺 T 且缺少可机器读取 year，需要书目/成书史核验,自动通过,,
为兰卡斯击鼓.md,WL-WORK-1566,为兰卡斯击鼓,,曼努埃尔·斯科尔萨,,,,,,MISSING_T_REVIEW_NO_YEAR,,,缺 T 且缺少可机器读取 year，需要书目/成书史核验,自动通过,metadata_pending,
为母之道.md,WL-WORK-3198,为母之道,The Joys of Motherhood,布奇·埃梅切塔,Buchi Emecheta,,T5 二战后多极文学,T5,,HAS_T,,,已有有效 T0–T6 坐标,需复核,metadata_pending,CANON-260
为美好的世界献上祝福！.md,WL-WORK-0568,为美好的世界献上祝福！,,晓佳奈,,,,,,MISSING_T_REVIEW_NO_YEAR,,,缺 T 且缺少可机器读取 year，需要书目/成书史核验,自动通过,metadata_pending,
主角.md,WL-WORK-2889,主角,,陈彦,,,T6 当代全球文学,T6,,HAS_T,,,已有有效 T0–T6 坐标,需复核,metadata_pending,
丽姬娅.md,WL-WORK-0569,丽姬娅,,爱伦·坡,Edgar Allan Poe,,T3 19世纪现代文学体系,T3,,HAS_T,,,已有有效 T0–T6 坐标,自动通过,metadata_pending,
义经记.md,WL-WORK-2443,义经记,Gikeiki,佚名,,,,,,MISSING_T_REVIEW_NO_YEAR,,anonymous_or_oral,缺 T 且缺少可机器读取 year，需要书目/成书史核验,自动通过,metadata_pending,
乌多尔弗的秘密.md,WL-WORK-0570,乌多尔弗的秘密,,安·拉德克利夫,Ann Radcliffe,,T2 早期现代文学,T2,,HAS_T,,,已有有效 T0–T6 坐标,自动通过,metadata_pending,
乌姆拉奥·贾恩·阿达.md,WL-WORK-3178,乌姆拉奥·贾恩·阿达,Umrao Jaan Ada,米尔扎·哈迪·鲁斯瓦,Mirza Hadi Ruswa,,T4 全球现代主义时代,T4,,HAS_T,,,已有有效 T0–T6 坐标,需复核,metadata_pending,CANON-232
乌托邦.md,WL-WORK-0257,乌托邦,,托马斯·莫尔,,,T2 早期现代文学,T2,,HAS_T,,,已有有效 T0–T6 坐标,自动通过,,
乌有乡消息.md,WL-WORK-0266,乌有乡消息,,威廉·莫里斯,,,T4 全球现代主义时代,T4,,HAS_T,,,已有有效 T0–T6 坐标,自动通过,,
乌洛波洛斯之虫.md,WL-WORK-0571,乌洛波洛斯之虫,,E.R.埃迪森,E.R. Eddison,,,,,MISSING_T_REVIEW_NO_YEAR,,,缺 T 且缺少可机器读取 year，需要书目/成书史核验,自动通过,metadata_pending,
乌贼骨.md,WL-WORK-1567,乌贼骨,,埃乌杰尼奥·蒙塔莱,Eugenio Montale,,,,,MISSING_T_REVIEW_NO_YEAR,,,缺 T 且缺少可机器读取 year，需要书目/成书史核验,自动通过,metadata_pending,
乌鸦之黑.md,WL-WORK-0116,乌鸦之黑,Raven Black,安·克里夫斯,Ann Cleeves,,,,,MISSING_T_REVIEW_NO_YEAR,,,缺 T 且缺少可机器读取 year，需要书目/成书史核验,自动通过,,
乐观者的女儿.md,WL-WORK-2996,乐观者的女儿,The Optimist's Daughter,尤多拉·韦尔蒂,Eudora Welty,,T5 二战后多极文学,T5,,HAS_T,,,已有有效 T0–T6 坐标,需复核,metadata_pending,
乔瓦尼的房间.md,WL-WORK-1568,乔瓦尼的房间,,詹姆斯·鲍德温,James Baldwin,,T5 二战后多极文学,T5,,HAS_T,,,已有有效 T0–T6 坐标,自动通过,metadata_pending,
乔纳森·斯特兰奇与诺雷尔先生.md,WL-WORK-0572,乔纳森·斯特兰奇与诺雷尔先生,,苏珊娜·克拉克,Susanna Clarke,2004,T6 当代全球文学,T6,,HAS_T,,,已有有效 T0–T6 坐标,自动通过,metadata_pending,
九三年.md,WL-WORK-0973,九三年,,维克多·雨果,Victor Hugo,,T3 19世纪现代文学体系,T3,,HAS_T,,,已有有效 T0–T6 坐标,自动通过,metadata_pending,
九云梦.md,WL-WORK-2820,九云梦,The Cloud Dream of the Nine,金万重,Kim Man-jung,,T2 早期现代文学,T2,,HAS_T,,,已有有效 T0–T6 坐标,需复核,metadata_pending,CANON-060
九命幻术师.md,WL-WORK-0573,九命幻术师,,戴安娜·韦恩·琼斯,Diana Wynne Jones,,T6 当代全球文学,T6,,HAS_T,,,已有有效 T0–T6 坐标,自动通过,metadata_pending,
九尾怪猫.md,WL-WORK-0044,九尾怪猫,,埃勒里·奎因,,,T5 二战后多极文学,T5,,HAS_T,,,已有有效 T0–T6 坐标,自动通过,,
九州·缥缈录.md,WL-WORK-0574,九州·缥缈录,,江南,,,T6 当代全球文学,T6,,HAS_T,,,已有有效 T0–T6 坐标,自动通过,metadata_pending,
九曲丧钟.md,WL-WORK-0048,九曲丧钟,,多萝西·L·塞耶斯,,,T4 全球现代主义时代,T4,,HAS_T,,,已有有效 T0–T6 坐标,自动通过,,
九狐霸图.md,WL-WORK-0413,九狐霸图,,尹河利,Yoon Ha Lee,,T6 当代全球文学,T6,,HAS_T,,,已有有效 T0–T6 坐标,自动通过,,
书剑恩仇录.md,WL-WORK-2444,书剑恩仇录,,金庸,,,T5 二战后多极文学,T5,,HAS_T,,,已有有效 T0–T6 坐标,自动通过,metadata_pending,
书库.md,WL-WORK-1397,书库,,阿波罗多洛斯,,,,,,MISSING_T_REVIEW_NO_YEAR,,,缺 T 且缺少可机器读取 year，需要书目/成书史核验,自动通过,metadata_pending,
乾隆皇帝.md,WL-WORK-0974,乾隆皇帝,,二月河,,,T6 当代全球文学,T6,,HAS_T,,,已有有效 T0–T6 坐标,自动通过,metadata_pending,
了不起的盖茨比.md,WL-WORK-1569,了不起的盖茨比,,F.斯科特·菲茨杰拉德,F. 斯科特·菲茨杰拉德,,T4 全球现代主义时代,T4,,HAS_T,,,已有有效 T0–T6 坐标,自动通过,metadata_pending,CANON-164
事先准备.md,WL-WORK-0052,事先准备,Before the Fact,安东尼·伯克利,Anthony Berkeley / Francis Iles,,T4 全球现代主义时代,T4,,HAS_T,,,已有有效 T0–T6 坐标,自动通过,,
二十年后.md,WL-WORK-0975,二十年后,,大仲马,,,T3 19世纪现代文学体系,T3,,HAS_T,,,已有有效 T0–T6 坐标,自动通过,metadata_pending,
二十首情诗和一支绝望的歌.md,WL-WORK-1570,二十首情诗和一支绝望的歌,,巴勃罗·聂鲁达,,,,,,MISSING_T_REVIEW_NO_YEAR,,,缺 T 且缺少可机器读取 year，需要书目/成书史核验,自动通过,metadata_pending,
二手时间.md,WL-WORK-2007,二手时间,,阿列克谢耶维奇,,,T6 当代全球文学,T6,,HAS_T,,,已有有效 T0–T6 坐标,自动通过,metadata_pending,
二月.md,WL-WORK-2684,二月,,柔石,,,T4 全球现代主义时代,T4,,HAS_T,,,已有有效 T0–T6 坐标,个人补录,metadata_pending,
二钱铜币.md,WL-WORK-0146,二钱铜币,,江户川乱步,,,T4 全球现代主义时代,T4,,HAS_T,,,已有有效 T0–T6 坐标,自动通过,,
云使.md,WL-WORK-3176,云使,Meghadūta,迦梨陀娑,Kalidasa,,T0 文学源头与古代文学,T0,,HAS_T,,,已有有效 T0–T6 坐标,手工核验,metadata_pending,CANON-227
云图.md,WL-WORK-0433,云图,,大卫·米切尔,David Mitchell,,T6 当代全球文学,T6,,HAS_T,,,已有有效 T0–T6 坐标,自动通过,,
云海玉弓缘.md,WL-WORK-2445,云海玉弓缘,,梁羽生,,,T5 二战后多极文学,T5,,HAS_T,,,已有有效 T0–T6 坐标,自动通过,metadata_pending,
云街.md,WL-WORK-3211,云街,Cloudstreet,蒂姆·温顿,Tim Winton,,T6 当代全球文学,T6,,HAS_T,,,已有有效 T0–T6 坐标,需复核,metadata_pending,CANON-289
云雀之歌.md,WL-WORK-2446,云雀之歌,The Song of the Lark,薇拉·凯瑟,Willa Cather,,T4 全球现代主义时代,T4,,HAS_T,,,已有有效 T0–T6 坐标,自动通过,metadata_pending,
五个十二月.md,WL-WORK-3148,五个十二月,Five Decembers,詹姆斯·凯斯特尔,James Kestrel,,T6 当代全球文学,T6,,HAS_T,,,已有有效 T0–T6 坐标,需复核,metadata_pending,
五个孩子和沙精.md,WL-WORK-0575,五个孩子和沙精,,E.内斯比特,E. Nesbit,,T4 全球现代主义时代,T4,,HAS_T,,,已有有效 T0–T6 坐标,自动通过,metadata_pending,
五只小猪.md,WL-WORK-0027,五只小猪,,阿加莎·克里斯蒂,,,T4 全球现代主义时代,T4,,HAS_T,,,已有有效 T0–T6 坐标,需复核,,
五号屠场.md,WL-WORK-0351,五号屠场,,库尔特·冯内古特,Kurt Vonnegut,,T5 二战后多极文学,T5,,HAS_T,,,已有有效 T0–T6 坐标,自动通过,,CANON-173
五轮书.md,WL-WORK-2447,五轮书,Gorin no Sho,宫本武藏,,,,,,MISSING_T_REVIEW_NO_YEAR,,,缺 T 且缺少可机器读取 year，需要书目/成书史核验,自动通过,metadata_pending,
亚当，你到过哪里？.md,WL-WORK-2008,亚当，你到过哪里？,,海因里希·伯尔,Heinrich Böll,,T5 二战后多极文学,T5,,HAS_T,,,已有有效 T0–T6 坐标,自动通过,metadata_pending,
亚瑟·戈登·皮姆历险记.md,WL-WORK-0576,亚瑟·戈登·皮姆历险记,,爱伦·坡,Poe,,T3 19世纪现代文学体系,T3,,HAS_T,,,已有有效 T0–T6 坐标,自动通过,metadata_pending,
亚瑟王之死.md,WL-WORK-0577,亚瑟王之死,,托马斯·马洛礼,,,,,,MISSING_T_REVIEW_NO_YEAR,,,缺 T 且缺少可机器读取 year，需要书目/成书史核验,自动通过,metadata_pending,
亚瓦尔节.md,WL-WORK-1571,亚瓦尔节,,何塞·玛丽亚·阿格达斯,,,,,,MISSING_T_REVIEW_NO_YEAR,,,缺 T 且缺少可机器读取 year，需要书目/成书史核验,自动通过,metadata_pending,
亲缘.md,WL-WORK-0360,亲缘,,奥克塔维娅·巴特勒,Octavia E. Butler,,T5 二战后多极文学,T5,,HAS_T,,,已有有效 T0–T6 坐标,自动通过,,
人世间.md,WL-WORK-2887,人世间,,梁晓声,,,T6 当代全球文学,T6,,HAS_T,,,已有有效 T0–T6 坐标,需复核,metadata_pending,
人世间（普拉姆迪亚）.md,WL-WORK-3172,人世间,Bumi Manusia,普拉姆迪亚·阿南达·杜尔,Pramoedya Ananta Toer,,T6 当代全球文学,T6,,HAS_T,,,已有有效 T0–T6 坐标,需复核,metadata_pending,CANON-223
人加.md,WL-WORK-2933,人加,Man Plus,弗雷德里克·波尔,Frederik Pohl,,T5 二战后多极文学,T5,,HAS_T,,,已有有效 T0–T6 坐标,需复核,metadata_pending,
人口1280.md,WL-WORK-0087,人口1280,,吉姆·汤普森,Jim Thompson,,T5 二战后多极文学,T5,,HAS_T,,,已有有效 T0–T6 坐标,自动通过,,
人子.md,WL-WORK-1572,人子,,奥古斯托·罗亚·巴斯托斯,罗亚·巴斯托斯,,T5 二战后多极文学,T5,,HAS_T,,,已有有效 T0–T6 坐标,自动通过,metadata_pending,
人工呼吸.md,WL-WORK-1573,人工呼吸,,里卡多·皮格利亚,,,,,,MISSING_T_REVIEW_NO_YEAR,,,缺 T 且缺少可机器读取 year，需要书目/成书史核验,自动通过,metadata_pending,
人性的枷锁.md,WL-WORK-0976,人性的枷锁,,毛姆,Somerset Maugham,,,,,MISSING_T_REVIEW_NO_YEAR,,,缺 T 且缺少可机器读取 year，需要书目/成书史核验,自动通过,metadata_pending,
人性的证明.md,WL-WORK-0166,人性的证明,,森村诚一,,,T5 二战后多极文学,T5,,HAS_T,,,已有有效 T0–T6 坐标,自动通过,,
人格转移杀人.md,WL-WORK-0193,人格转移杀人,,西泽保彦,,,T6 当代全球文学,T6,,HAS_T,,,已有有效 T0–T6 坐标,自动通过,,
人民公仆.md,WL-WORK-1574,人民公仆,,钦努阿·阿契贝,Achebe,,T5 二战后多极文学,T5,,HAS_T,,,已有有效 T0–T6 坐标,自动通过,metadata_pending,
人民的玫瑰.md,WL-WORK-1575,人民的玫瑰,,卡洛斯·德鲁蒙德·德·安德拉德,,,,,,MISSING_T_REVIEW_NO_YEAR,,,缺 T 且缺少可机器读取 year，需要书目/成书史核验,自动通过,metadata_pending,
人猿泰山.md,WL-WORK-0578,人猿泰山,,埃德加·赖斯·巴勒斯,Edgar Rice Burroughs,,T4 全球现代主义时代,T4,,HAS_T,,,已有有效 T0–T6 坐标,自动通过,metadata_pending,
人生拼图版.md,WL-WORK-1576,人生拼图版,,乔治·佩雷克,Georges Perec,,T5 二战后多极文学,T5,,HAS_T,,,已有有效 T0–T6 坐标,自动通过,metadata_pending,
人生海海.md,WL-WORK-2716,人生海海,,麦家,,,T6 当代全球文学,T6,,HAS_T,,,已有有效 T0–T6 坐标,个人补录,metadata_pending,
人类之子.md,WL-WORK-0977,人类之子,,P.D.詹姆斯,P.D. James,,T6 当代全球文学,T6,,HAS_T,,,已有有效 T0–T6 坐标,自动通过,metadata_pending,
人类材料.md,WL-WORK-1577,人类材料,,罗德里戈·雷伊·罗萨,Rodrigo Rey Rosa,,,,,MISSING_T_REVIEW_NO_YEAR,,,缺 T 且缺少可机器读取 year，需要书目/成书史核验,自动通过,metadata_pending,
人类的群星闪耀时.md,WL-WORK-2715,人类的群星闪耀时,,斯蒂芬·茨威格,,,T4 全球现代主义时代,T4,,HAS_T,,,已有有效 T0–T6 坐标,个人补录,metadata_pending,
人类的诗.md,WL-WORK-1578,人类的诗,,塞萨尔·巴列霍,,,,,,MISSING_T_REVIEW_NO_YEAR,,,缺 T 且缺少可机器读取 year，需要书目/成书史核验,自动通过,metadata_pending,
人间失格.md,WL-WORK-0978,人间失格,,太宰治,,,T5 二战后多极文学,T5,,HAS_T,,,已有有效 T0–T6 坐标,自动通过,metadata_pending,CANON-055
人间椅子.md,WL-WORK-0579,人间椅子,,江户川乱步,,,T4 全球现代主义时代,T4,,HAS_T,,,已有有效 T0–T6 坐标,自动通过,metadata_pending,
人间王国.md,WL-WORK-0979,人间王国,,阿莱霍·卡彭铁尔,Alejo Carpentier,,T5 二战后多极文学,T5,,HAS_T,,,已有有效 T0–T6 坐标,自动通过,metadata_pending,CANON-277
人间豹.md,WL-WORK-0580,人间豹,,江户川乱步,,,T4 全球现代主义时代,T4,,HAS_T,,,已有有效 T0–T6 坐标,自动通过,metadata_pending,
人面桃花.md,WL-WORK-0980,人面桃花,,格非,,,T6 当代全球文学,T6,,HAS_T,,,已有有效 T0–T6 坐标,自动通过,metadata_pending,
人骨拼图.md,WL-WORK-0123,人骨拼图,The Bone Collector,杰弗里·迪弗,Jeffery Deaver,,,,,MISSING_T_REVIEW_NO_YEAR,,,缺 T 且缺少可机器读取 year，需要书目/成书史核验,自动通过,,
人鼠之间.md,WL-WORK-2717,人鼠之间,,约翰·斯坦贝克,,,T4 全球现代主义时代,T4,,HAS_T,,,已有有效 T0–T6 坐标,个人补录,metadata_pending,
仁慈之人.md,WL-WORK-0235,仁慈之人,,弗雷德·瓦尔加斯,Fred Vargas,,T6 当代全球文学,T6,,HAS_T,,,已有有效 T0–T6 坐标,自动通过,,
今天也没变成玩偶呢.md,WL-WORK-2750,今天也没变成玩偶呢,,花花了,,,T6 当代全球文学,T6,,HAS_T,,,已有有效 T0–T6 坐标,个人补录,metadata_pending,
今昔物语集.md,WL-WORK-1398,今昔物语集,,佚名,,,T1 中古多中心文学世界,T1,,HAS_T,,anonymous_or_oral,已有有效 T0–T6 坐标,自动通过,metadata_pending,
从地球到月球.md,WL-WORK-0268,从地球到月球,,儒勒·凡尔纳,,,T3 19世纪现代文学体系,T3,,HAS_T,,,已有有效 T0–T6 坐标,自动通过,,
从莫斯科到佩图什基.md,WL-WORK-1579,从莫斯科到佩图什基,,维涅季克特·叶罗费耶夫,Venedikt Yerofeyev,,T5 二战后多极文学,T5,,HAS_T,,,已有有效 T0–T6 坐标,自动通过,metadata_pending,
从这里到永恒.md,WL-WORK-2009,从这里到永恒,,詹姆斯·琼斯,James Jones,,,,,MISSING_T_REVIEW_NO_YEAR,,,缺 T 且缺少可机器读取 year，需要书目/成书史核验,自动通过,metadata_pending,
仓库.md,WL-WORK-0981,仓库,,罗布·哈特,Rob Hart,,,,,MISSING_T_REVIEW_NO_YEAR,,,缺 T 且缺少可机器读取 year，需要书目/成书史核验,自动通过,metadata_pending,
他人的脸.md,WL-WORK-1580,他人的脸,,安部公房,Abe Kōbō,,T5 二战后多极文学,T5,,HAS_T,,,已有有效 T0–T6 坐标,自动通过,metadata_pending,
他们宁可正确.md,WL-WORK-2896,他们宁可正确,They’d Rather Be Right,马克·克利夫顿 / 弗兰克·莱利,Mark Clifton; Frank Riley,,T5 二战后多极文学,T5,,HAS_T,,,已有有效 T0–T6 坐标,需复核,metadata_pending,
他们眼望上苍.md,WL-WORK-1581,他们眼望上苍,Their Eyes Were Watching God,佐拉·尼尔·赫斯顿,Zora Neale Hurston,,T4 全球现代主义时代,T4,,HAS_T,,,已有有效 T0–T6 坐标,手工核验,metadata_pending,
他的家庭.md,WL-WORK-2958,他的家庭,His Family,欧内斯特·普尔,Ernest Poole,,T4 全球现代主义时代,T4,,HAS_T,,,已有有效 T0–T6 坐标,需复核,metadata_pending,
以诺一书.md,WL-WORK-1399,以诺一书,,佚名,,,T0 文学源头与古代文学,T0,,HAS_T,,anonymous_or_oral,已有有效 T0–T6 坐标,自动通过,metadata_pending,
仪仗队.md,WL-WORK-2982,仪仗队,Guard of Honor,詹姆斯·古尔德·科曾斯,James Gould Cozzens,,T5 二战后多极文学,T5,,HAS_T,,,已有有效 T0–T6 坐标,需复核,metadata_pending,
仲夏夜之梦.md,WL-WORK-2010,仲夏夜之梦,,莎士比亚,Shakespeare,,T2 早期现代文学,T2,,HAS_T,,,已有有效 T0–T6 坐标,自动通过,metadata_pending,
仿生人会梦见电子羊吗？.md,WL-WORK-0329,仿生人会梦见电子羊吗？,,菲利普·K.迪克,Philip K. Dick,,T5 二战后多极文学,T5,,HAS_T,,,已有有效 T0–T6 坐标,自动通过,,
企鹅岛.md,WL-WORK-0982,企鹅岛,,法朗士,Anatole France,,,,,MISSING_T_REVIEW_NO_YEAR,,,缺 T 且缺少可机器读取 year，需要书目/成书史核验,自动通过,metadata_pending,
伊万.md,WL-WORK-1400,伊万,,克雷蒂安·德·特鲁瓦,,,T1 中古多中心文学世界,T1,,HAS_T,,,已有有效 T0–T6 坐标,自动通过,metadata_pending,
伊凡·伊里奇之死.md,WL-WORK-2843,伊凡·伊里奇之死,The Death of Ivan Ilyich,列夫·托尔斯泰,Leo Tolstoy,,T3 19世纪现代文学体系,T3,,HAS_T,,,已有有效 T0–T6 坐标,需复核,metadata_pending,CANON-124
伊凡·杰尼索维奇的一天.md,WL-WORK-1582,伊凡·杰尼索维奇的一天,,索尔仁尼琴,Aleksandr Solzhenitsyn,,T5 二战后多极文学,T5,,HAS_T,,,已有有效 T0–T6 坐标,自动通过,metadata_pending,
伊利亚特.md,WL-WORK-0581,伊利亚特,,荷马,,,T0 文学源头与古代文学,T0,,HAS_T,,,已有有效 T0–T6 坐标,自动通过,metadata_pending,CANON-002
伊势物语.md,WL-WORK-2011,伊势物语,,佚名,,,,,,MISSING_T_REVIEW_NO_YEAR,,anonymous_or_oral,缺 T 且缺少可机器读取 year，需要书目/成书史核验,自动通过,metadata_pending,
伊南娜下降冥界.md,WL-WORK-1401,伊南娜下降冥界,,佚名,,,T0 文学源头与古代文学,T0,,HAS_T,,anonymous_or_oral,已有有效 T0–T6 坐标,自动通过,metadata_pending,
伊南娜与杜穆兹.md,WL-WORK-1402,伊南娜与杜穆兹,,佚名,,,T0 文学源头与古代文学,T0,,HAS_T,,anonymous_or_oral,已有有效 T0–T6 坐标,自动通过,metadata_pending,
伊戈尔远征记.md,WL-WORK-2012,伊戈尔远征记,,佚名,,,,,,MISSING_T_REVIEW_NO_YEAR,,anonymous_or_oral,缺 T 且缺少可机器读取 year，需要书目/成书史核验,自动通过,metadata_pending,
伊拉塞玛.md,WL-WORK-1583,伊拉塞玛,,若泽·德·阿伦卡尔,,,,,,MISSING_T_REVIEW_NO_YEAR,,,缺 T 且缺少可机器读取 year，需要书目/成书史核验,自动通过,metadata_pending,
伊本·白图泰游记.md,WL-WORK-T1-RIHLA,伊本·白图泰游记,Rihla,伊本·白图泰,Ibn Battuta,,T1 中古多中心文学世界,T1,,HAS_T,,,已有有效 T0–T6 坐标,人工核验,metadata_pending,
伊甸之东.md,WL-WORK-0983,伊甸之东,,约翰·斯坦贝克,John Steinbeck,,T5 二战后多极文学,T5,,HAS_T,,,已有有效 T0–T6 坐标,自动通过,metadata_pending,
伊芙琳·哈德卡斯尔的七次死亡.md,WL-WORK-0144,伊芙琳·哈德卡斯尔的七次死亡,,斯图尔特·特顿,Stuart Turton,,,,,MISSING_T_REVIEW_NO_YEAR,,,缺 T 且缺少可机器读取 year，需要书目/成书史核验,自动通过,,
伊芙琳娜.md,WL-WORK-2013,伊芙琳娜,,范妮·伯尼,Fanny Burney,,,,,MISSING_T_REVIEW_NO_YEAR,,,缺 T 且缺少可机器读取 year，需要书目/成书史核验,自动通过,metadata_pending,
伊豆的舞女.md,WL-WORK-2014,伊豆的舞女,,川端康成,,,T4 全球现代主义时代,T4,,HAS_T,,,已有有效 T0–T6 坐标,自动通过,metadata_pending,
休·赛尔温·毛伯利.md,WL-WORK-1584,休·赛尔温·毛伯利,,埃兹拉·庞德,Ezra Pound,,T4 全球现代主义时代,T4,,HAS_T,,,已有有效 T0–T6 坐标,自动通过,metadata_pending,
休战.md,WL-WORK-2015,休战,,普里莫·莱维,Primo Levi,,T5 二战后多极文学,T5,,HAS_T,,,已有有效 T0–T6 坐标,自动通过,metadata_pending,
众王荣耀.md,WL-WORK-1403,众王荣耀,,乔治·R.R.马丁,George R.R. Martin,,T6 当代全球文学,T6,,HAS_T,,,已有有效 T0–T6 坐标,自动通过,metadata_pending,
众生之路.md,WL-WORK-0984,众生之路,,塞缪尔·巴特勒,Samuel Butler,,,,,MISSING_T_REVIEW_NO_YEAR,,,缺 T 且缺少可机器读取 year，需要书目/成书史核验,自动通过,metadata_pending,
优素福与祖莱哈.md,WL-WORK-2016,优素福与祖莱哈,,贾米,,,,,,MISSING_T_REVIEW_NO_YEAR,,,缺 T 且缺少可机器读取 year，需要书目/成书史核验,自动通过,metadata_pending,
伙计.md,WL-WORK-1585,伙计,,伯纳德·马拉默德,Bernard Malamud,,T5 二战后多极文学,T5,,HAS_T,,,已有有效 T0–T6 坐标,自动通过,metadata_pending,
会饮篇.md,WL-WORK-2017,会饮篇,,柏拉图,,,T0 文学源头与古代文学,T0,,HAS_T,,,已有有效 T0–T6 坐标,自动通过,metadata_pending,
传奇与拿铁.md,WL-WORK-0582,传奇与拿铁,Legends & Lattes,特拉维斯·鲍德里,Travis Baldree,,T6 当代全球文学,T6,,HAS_T,,,已有有效 T0–T6 坐标,自动通过,metadata_pending,
伤痕.md,WL-WORK-0583,伤痕,,查纳·米耶维,China Miéville,,T6 当代全球文学,T6,,HAS_T,,,已有有效 T0–T6 坐标,自动通过,metadata_pending,
伦敦河.md,WL-WORK-0584,伦敦河,,本·亚伦诺维奇,Ben Aaronovitch,,,,,MISSING_T_REVIEW_NO_YEAR,,,缺 T 且缺少可机器读取 year，需要书目/成书史核验,自动通过,metadata_pending,
伪君子.md,WL-WORK-2830,伪君子,Tartuffe,莫里哀,Molière,1664,T2 早期现代文学,T2,,HAS_T,,,已有有效 T0–T6 坐标,手工核验,curated,CANON-076
伪币制造者.md,WL-WORK-1586,伪币制造者,,安德烈·纪德,André Gide,,,,,MISSING_T_REVIEW_NO_YEAR,,,缺 T 且缺少可机器读取 year，需要书目/成书史核验,自动通过,metadata_pending,
伪装.md,WL-WORK-2948,伪装,Camouflage,乔·霍尔德曼,Joe Haldeman,,T6 当代全球文学,T6,,HAS_T,,,已有有效 T0–T6 坐标,需复核,metadata_pending,
但以理书.md,WL-WORK-1404,但以理书,,佚名,,,T0 文学源头与古代文学,T0,,HAS_T,,anonymous_or_oral,已有有效 T0–T6 坐标,自动通过,metadata_pending,
低地.md,WL-WORK-0985,低地,,裘帕·拉希莉,Jhumpa Lahiri,,T6 当代全球文学,T6,,HAS_T,,,已有有效 T0–T6 坐标,自动通过,metadata_pending,
体育馆之谜.md,WL-WORK-0203,体育馆之谜,,青崎有吾,,,T6 当代全球文学,T6,,HAS_T,,,已有有效 T0–T6 坐标,自动通过,,
何以笙箫默.md,WL-WORK-2018,何以笙箫默,,顾漫,,,T6 当代全球文学,T6,,HAS_T,,,已有有效 T0–T6 坐标,自动通过,metadata_pending,
佛国记.md,WL-WORK-1405,佛国记,,法显,,,,,,MISSING_T_REVIEW_NO_YEAR,,,缺 T 且缺少可机器读取 year，需要书目/成书史核验,自动通过,metadata_pending,
佛罗伦萨手抄本.md,WL-WORK-1406,佛罗伦萨手抄本,,萨阿贡,,,,,,MISSING_T_REVIEW_NO_YEAR,,,缺 T 且缺少可机器读取 year，需要书目/成书史核验,自动通过,metadata_pending,
你一生的故事.md,WL-WORK-0421,你一生的故事,,姜峯楠,Ted Chiang,,T6 当代全球文学,T6,,HAS_T,,,已有有效 T0–T6 坐标,自动通过,,
你在高原.md,WL-WORK-2878,你在高原,,张炜,,,T6 当代全球文学,T6,,HAS_T,,,已有有效 T0–T6 坐标,需复核,metadata_pending,
你往何处去.md,WL-WORK-0986,你往何处去,,显克维奇,Henryk Sienkiewicz,,T4 全球现代主义时代,T4,,HAS_T,,,已有有效 T0–T6 坐标,自动通过,metadata_pending,
佩伽纳诸神.md,WL-WORK-0585,佩伽纳诸神,,邓萨尼勋爵,Lord Dunsany,,T4 全球现代主义时代,T4,,HAS_T,,,已有有效 T0–T6 坐标,自动通过,metadata_pending,
佩尔西瓦尔.md,WL-WORK-1407,佩尔西瓦尔,,克雷蒂安·德·特鲁瓦,,,T1 中古多中心文学世界,T1,,HAS_T,,,已有有效 T0–T6 坐标,自动通过,metadata_pending,
佩德罗·巴拉莫.md,WL-WORK-0987,佩德罗·巴拉莫,,胡安·鲁尔福,Rulfo,,T5 二战后多极文学,T5,,HAS_T,,,已有有效 T0–T6 坐标,自动通过,metadata_pending,CANON-180
使命.md,WL-WORK-1587,使命,,费尔南多·佩索阿,Fernando Pessoa,,T4 全球现代主义时代,T4,,HAS_T,,,已有有效 T0–T6 坐标,自动通过,metadata_pending,
使女的故事.md,WL-WORK-0363,使女的故事,,玛格丽特·阿特伍德,Margaret Atwood,,T6 当代全球文学,T6,,HAS_T,,,已有有效 T0–T6 坐标,自动通过,,CANON-286
侏罗纪公园.md,WL-WORK-0586,侏罗纪公园,,迈克尔·克莱顿,Michael Crichton,,,,,MISSING_T_REVIEW_NO_YEAR,,,缺 T 且缺少可机器读取 year，需要书目/成书史核验,自动通过,metadata_pending,
侠客行.md,WL-WORK-2449,侠客行,,金庸,,,T5 二战后多极文学,T5,,HAS_T,,,已有有效 T0–T6 坐标,自动通过,metadata_pending,
侠盗亚森·罗平.md,WL-WORK-0021,侠盗亚森·罗平,,莫里斯·勒布朗,,,,,,MISSING_T_REVIEW_NO_YEAR,,,缺 T 且缺少可机器读取 year，需要书目/成书史核验,自动通过,,
俄狄浦斯王.md,WL-WORK-1408,俄狄浦斯王,,索福克勒斯,,,T0 文学源头与古代文学,T0,,HAS_T,,,已有有效 T0–T6 坐标,自动通过,metadata_pending,CANON-005
俄瑞斯忒亚.md,WL-WORK-2809,俄瑞斯忒亚,The Oresteia,埃斯库罗斯,Aeschylus,,T0 文学源头与古代文学,T0,,HAS_T,,,已有有效 T0–T6 坐标,需复核,metadata_pending,CANON-004
俄罗斯民间故事.md,WL-WORK-1409,俄罗斯民间故事,,阿法纳西耶夫,,,,,,MISSING_T_REVIEW_NO_YEAR,,,缺 T 且缺少可机器读取 year，需要书目/成书史核验,自动通过,metadata_pending,
俗世奇人.md,WL-WORK-2720,俗世奇人,,冯骥才,,,T6 当代全球文学,T6,,HAS_T,,,已有有效 T0–T6 坐标,个人补录,metadata_pending,
俗世的吟唱.md,WL-WORK-1588,俗世的吟唱,,鲁文·达里奥,,,,,,MISSING_T_REVIEW_NO_YEAR,,,缺 T 且缺少可机器读取 year，需要书目/成书史核验,自动通过,metadata_pending,
俗丽之夜.md,WL-WORK-0049,俗丽之夜,,多萝西·L·塞耶斯,,,T4 全球现代主义时代,T4,,HAS_T,,,已有有效 T0–T6 坐标,自动通过,,
俘虏记.md,WL-WORK-1589,俘虏记,,大冈升平,,,T5 二战后多极文学,T5,,HAS_T,,,已有有效 T0–T6 坐标,自动通过,metadata_pending,
保元物语.md,WL-WORK-0988,保元物语,,佚名,,,,,,MISSING_T_REVIEW_NO_YEAR,,anonymous_or_oral,缺 T 且缺少可机器读取 year，需要书目/成书史核验,自动通过,metadata_pending,
保卫延安.md,WL-WORK-2019,保卫延安,,杜鹏程,,,,,,MISSING_T_REVIEW_NO_YEAR,,,缺 T 且缺少可机器读取 year，需要书目/成书史核验,自动通过,metadata_pending,
保罗·策兰诗选.md,WL-WORK-3154,保罗·策兰诗选,Selected Poems,保罗·策兰,Paul Celan,,T5 二战后多极文学,T5,,HAS_T,,title_aggregate_or_tradition,已有有效 T0–T6 坐标,需复核,metadata_pending,CANON-197
信号员.md,WL-WORK-0587,信号员,,查尔斯·狄更斯,Charles Dickens,,T3 19世纪现代文学体系,T3,,HAS_T,,,已有有效 T0–T6 坐标,自动通过,metadata_pending,
修桶人.md,WL-WORK-2993,修桶人,The Fixer,伯纳德·马拉默德,Bernard Malamud,,T5 二战后多极文学,T5,,HAS_T,,,已有有效 T0–T6 坐标,需复核,metadata_pending,
修道士.md,WL-WORK-0588,修道士,,马修·刘易斯,Matthew Lewis,,,,,MISSING_T_REVIEW_NO_YEAR,,,缺 T 且缺少可机器读取 year，需要书目/成书史核验,自动通过,metadata_pending,
倚天屠龙记.md,WL-WORK-2450,倚天屠龙记,,金庸,,,T5 二战后多极文学,T5,,HAS_T,,,已有有效 T0–T6 坐标,自动通过,metadata_pending,
倪焕之.md,WL-WORK-0989,倪焕之,,叶圣陶,,,,,,MISSING_T_REVIEW_NO_YEAR,,,缺 T 且缺少可机器读取 year，需要书目/成书史核验,自动通过,metadata_pending,
倾城之恋.md,WL-WORK-1590,倾城之恋,,张爱玲,,,T4 全球现代主义时代,T4,,HAS_T,,,已有有效 T0–T6 坐标,自动通过,metadata_pending,
假名手本忠臣藏.md,WL-WORK-2451,假名手本忠臣藏,Kanadehon Chūshingura,四十七浪人,,,,,,MISSING_T_REVIEW_NO_YEAR,,,缺 T 且缺少可机器读取 year，需要书目/成书史核验,自动通过,metadata_pending,
假面的告白.md,WL-WORK-0990,假面的告白,,三岛由纪夫,,,T5 二战后多极文学,T5,,HAS_T,,,已有有效 T0–T6 坐标,自动通过,metadata_pending,
偌大.md,WL-WORK-2963,偌大,So Big,埃德娜·费伯,Edna Ferber,,T4 全球现代主义时代,T4,,HAS_T,,,已有有效 T0–T6 坐标,需复核,metadata_pending,
偷书贼.md,WL-WORK-0991,偷书贼,,马库斯·苏萨克,Markus Zusak,,,,,MISSING_T_REVIEW_NO_YEAR,,,缺 T 且缺少可机器读取 year，需要书目/成书史核验,自动通过,metadata_pending,
偷拳.md,WL-WORK-2452,偷拳,,白羽,,,,,,MISSING_T_REVIEW_NO_YEAR,,,缺 T 且缺少可机器读取 year，需要书目/成书史核验,自动通过,metadata_pending,
傲慢与偏见.md,WL-WORK-0992,傲慢与偏见,,简·奥斯汀,,,T3 19世纪现代文学体系,T3,,HAS_T,,,已有有效 T0–T6 坐标,自动通过,metadata_pending,CANON-088
傻子出国记.md,WL-WORK-1410,傻子出国记,,马克·吐温,Mark Twain,,T3 19世纪现代文学体系,T3,,HAS_T,,,已有有效 T0–T6 坐标,自动通过,metadata_pending,
像少年啦飞驰.md,WL-WORK-2730,像少年啦飞驰,,韩寒,,,T6 当代全球文学,T6,,HAS_T,,,已有有效 T0–T6 坐标,个人补录,metadata_pending,
儒林外史.md,WL-WORK-2815,儒林外史,儒林外史,吴敬梓,Wu Jingzi,,T2 早期现代文学,T2,,HAS_T,,,已有有效 T0–T6 坐标,手工核验,curated,CANON-036
儿女英雄传.md,WL-WORK-2453,儿女英雄传,,文康,,,,,,MISSING_T_REVIEW_NO_YEAR,,,缺 T 且缺少可机器读取 year，需要书目/成书史核验,自动通过,metadata_pending,
儿子与情人.md,WL-WORK-0993,儿子与情人,,D.H.劳伦斯,D.H. Lawrence,,T4 全球现代主义时代,T4,,HAS_T,,,已有有效 T0–T6 坐标,自动通过,metadata_pending,CANON-140
儿子们.md,WL-WORK-0994,儿子们,,赛珍珠,Pearl S. Buck,,T4 全球现代主义时代,T4,,HAS_T,,,已有有效 T0–T6 坐标,自动通过,metadata_pending,
儿子的大玩偶.md,WL-WORK-1591,儿子的大玩偶,,黄春明,,,T5 二战后多极文学,T5,,HAS_T,,,已有有效 T0–T6 坐标,自动通过,metadata_pending,
元年春之祭.md,WL-WORK-0249,元年春之祭,,陆秋槎,,,T6 当代全球文学,T6,,HAS_T,,,已有有效 T0–T6 坐标,自动通过,,
元素周期表.md,WL-WORK-2739,元素周期表,,普里莫·莱维,,,T5 二战后多极文学,T5,,HAS_T,,,已有有效 T0–T6 坐标,个人补录,metadata_pending,
兄弟.md,WL-WORK-2772,兄弟,,余华,,2005,T6 当代全球文学,T6,,HAS_T,,,已有有效 T0–T6 坐标,个人补录,metadata_pending,
先知.md,WL-WORK-3193,先知,The Prophet,纪伯伦,Kahlil Gibran,,T4 全球现代主义时代,T4,,HAS_T,,,已有有效 T0–T6 坐标,需复核,metadata_pending,CANON-252
先知之歌.md,WL-WORK-3080,先知之歌,Prophet Song,保罗·林奇,Paul Lynch,,T6 当代全球文学,T6,,HAS_T,,,已有有效 T0–T6 坐标,需复核,metadata_pending,
光明王.md,WL-WORK-0347,光明王,,罗杰·泽拉兹尼,Roger Zelazny,,T5 二战后多极文学,T5,,HAS_T,,,已有有效 T0–T6 坐标,自动通过,,
克拉丽莎.md,WL-WORK-2020,克拉丽莎,,塞缪尔·理查逊,Samuel Richardson,,T2 早期现代文学,T2,,HAS_T,,,已有有效 T0–T6 坐标,自动通过,metadata_pending,
克拉拉与太阳.md,WL-WORK-0432,克拉拉与太阳,,石黑一雄,,,T6 当代全球文学,T6,,HAS_T,,,已有有效 T0–T6 坐标,自动通过,,
克苏鲁的呼唤.md,WL-WORK-0589,克苏鲁的呼唤,,洛夫克拉夫特,H.P. Lovecraft,,T4 全球现代主义时代,T4,,HAS_T,,,已有有效 T0–T6 坐标,自动通过,metadata_pending,
克莱芙王妃.md,WL-WORK-0995,克莱芙王妃,,拉法耶特夫人,Madame de Lafayette,,T2 早期现代文学,T2,,HAS_T,,,已有有效 T0–T6 坐标,自动通过,metadata_pending,CANON-079
克里希纳普尔围城.md,WL-WORK-3039,克里希纳普尔围城,The Siege of Krishnapur,J.G.法雷尔,J. G. Farrell,,T5 二战后多极文学,T5,,HAS_T,,,已有有效 T0–T6 坐标,需复核,metadata_pending,
克里斯丁·拉夫朗斯达特.md,WL-WORK-3217,克里斯丁·拉夫朗斯达特,Kristin Lavransdatter,西格丽德·温塞特,Sigrid Undset,,T4 全球现代主义时代,T4,,HAS_T,,,已有有效 T0–T6 坐标,需复核,metadata_pending,CANON-299
克里斯汀.md,WL-WORK-0590,克里斯汀,,斯蒂芬·金,Stephen King,,T6 当代全球文学,T6,,HAS_T,,,已有有效 T0–T6 坐标,自动通过,metadata_pending,
克里斯汀·拉夫兰斯女.md,WL-WORK-0996,克里斯汀·拉夫兰斯女,,西格丽德·温塞特,Sigrid Undset,,T4 全球现代主义时代,T4,,HAS_T,,,已有有效 T0–T6 坐标,自动通过,metadata_pending,
兔子富了.md,WL-WORK-3002,兔子富了,Rabbit Is Rich,约翰·厄普代克,John Updike,,T6 当代全球文学,T6,,HAS_T,,,已有有效 T0–T6 坐标,需复核,metadata_pending,
兔子歇了.md,WL-WORK-3008,兔子歇了,Rabbit At Rest,约翰·厄普代克,John Updike,,T6 当代全球文学,T6,,HAS_T,,,已有有效 T0–T6 坐标,需复核,metadata_pending,
入唐求法巡礼行记.md,WL-WORK-1411,入唐求法巡礼行记,,圆仁,,,,,,MISSING_T_REVIEW_NO_YEAR,,,缺 T 且缺少可机器读取 year，需要书目/成书史核验,自动通过,metadata_pending,
全知读者视角.md,WL-WORK-0591,全知读者视角,,싱숑,Web Novel,,,,,MISSING_T_REVIEW_NO_YEAR,,,缺 T 且缺少可机器读取 year，需要书目/成书史核验,自动通过,metadata_pending,
全系统红.md,WL-WORK-0419,全系统红,,玛莎·威尔斯,Martha Wells,,T6 当代全球文学,T6,,HAS_T,,,已有有效 T0–T6 坐标,自动通过,,
全部成为F.md,WL-WORK-0188,全部成为F,,森博嗣,,,T6 当代全球文学,T6,,HAS_T,,,已有有效 T0–T6 坐标,自动通过,,
全面混乱.md,WL-WORK-0240,全面混乱,Total Chaos,让-克洛德·伊佐,Jean-Claude Izzo,,,,,MISSING_T_REVIEW_NO_YEAR,,,缺 T 且缺少可机器读取 year，需要书目/成书史核验,自动通过,,
八墓村.md,WL-WORK-0154,八墓村,,横沟正史,,,T5 二战后多极文学,T5,,HAS_T,,,已有有效 T0–T6 坐标,自动通过,,
八月的乡村.md,WL-WORK-2021,八月的乡村,,萧军,,,,,,MISSING_T_REVIEW_NO_YEAR,,,缺 T 且缺少可机器读取 year，需要书目/成书史核验,自动通过,metadata_pending,
公主与哥布林.md,WL-WORK-0592,公主与哥布林,,乔治·麦克唐纳,George MacDonald,,T3 19世纪现代文学体系,T3,,HAS_T,,,已有有效 T0–T6 坐标,自动通过,metadata_pending,
公主新娘.md,WL-WORK-2454,公主新娘,The Princess Bride,威廉·戈德曼,William Goldman,,,,,MISSING_T_REVIEW_NO_YEAR,,,缺 T 且缺少可机器读取 year，需要书目/成书史核验,自动通过,metadata_pending,
公民文斯.md,WL-WORK-3132,公民文斯,Citizen Vince,杰斯·沃尔特,Jess Walter,,T6 当代全球文学,T6,,HAS_T,,,已有有效 T0–T6 坐标,需复核,metadata_pending,
公羊的节日.md,WL-WORK-0997,公羊的节日,,巴尔加斯·略萨,后来,,T6 当代全球文学,T6,,HAS_T,,,已有有效 T0–T6 坐标,自动通过,metadata_pending,
六个寻找作者的剧中人.md,WL-WORK-1592,六个寻找作者的剧中人,,皮兰德娄,Luigi Pirandello,,T4 全球现代主义时代,T4,,HAS_T,,,已有有效 T0–T6 坐标,自动通过,metadata_pending,
兰克玛之剑.md,WL-WORK-0593,兰克玛之剑,,弗里茨·莱伯,Fritz Leiber,,T5 二战后多极文学,T5,,HAS_T,,,已有有效 T0–T6 坐标,自动通过,metadata_pending,
兰斯洛特.md,WL-WORK-1412,兰斯洛特,,克雷蒂安·德·特鲁瓦,,,T1 中古多中心文学世界,T1,,HAS_T,,,已有有效 T0–T6 坐标,自动通过,metadata_pending,
兰斯洛特：大车骑士.md,WL-WORK-2022,兰斯洛特：大车骑士,,克雷蒂安·德·特鲁瓦,,,T1 中古多中心文学世界,T1,,HAS_T,,,已有有效 T0–T6 坐标,自动通过,metadata_pending,
关于女儿.md,WL-WORK-2690,关于女儿,,金惠珍,,,T6 当代全球文学,T6,,HAS_T,,,已有有效 T0–T6 坐标,个人补录,metadata_pending,
关原.md,WL-WORK-2455,关原,Sekigahara,司马辽太郎,,,T5 二战后多极文学,T5,,HAS_T,,,已有有效 T0–T6 坐标,自动通过,metadata_pending,
关系书.md,WL-WORK-1593,关系书,,埃尔南·科尔特斯,,,,,,MISSING_T_REVIEW_NO_YEAR,,,缺 T 且缺少可机器读取 year，需要书目/成书史核验,自动通过,metadata_pending,
兵法家传书.md,WL-WORK-2456,兵法家传书,Heiho Kadensho,柳生宗矩,,,,,,MISSING_T_REVIEW_NO_YEAR,,,缺 T 且缺少可机器读取 year，需要书目/成书史核验,自动通过,metadata_pending,
其主之声.md,WL-WORK-0334,其主之声,,斯坦尼斯瓦夫·莱姆,Stanisław Lem,,T5 二战后多极文学,T5,,HAS_T,,,已有有效 T0–T6 坐标,自动通过,,
内塔尼亚胡一家.md,WL-WORK-3029,内塔尼亚胡一家,The Netanyahus,乔舒亚·科恩,Joshua Cohen,,T6 当代全球文学,T6,,HAS_T,,,已有有效 T0–T6 坐标,需复核,metadata_pending,
再见，冥王星.md,WL-WORK-2760,再见，冥王星,,夏茗悠,,,T6 当代全球文学,T6,,HAS_T,,,已有有效 T0–T6 坐标,个人补录,metadata_pending,
再见，吾爱.md,WL-WORK-0076,再见，吾爱,,雷蒙德·钱德勒,Raymond Chandler,,T4 全球现代主义时代,T4,,HAS_T,,,已有有效 T0–T6 坐标,自动通过,,
再见，哥伦布.md,WL-WORK-1594,再见，哥伦布,,菲利普·罗斯,Philip Roth,,T5 二战后多极文学,T5,,HAS_T,,,已有有效 T0–T6 坐标,自动通过,metadata_pending,
写在身体上.md,WL-WORK-2023,写在身体上,,珍妮特·温特森,Jeanette Winterson,,T6 当代全球文学,T6,,HAS_T,,,已有有效 T0–T6 坐标,自动通过,metadata_pending,
军队.md,WL-WORK-1595,军队,,埃维利奥·罗塞罗,Evelio Rosero,,,,,MISSING_T_REVIEW_NO_YEAR,,,缺 T 且缺少可机器读取 year，需要书目/成书史核验,自动通过,metadata_pending,
冬天里的春天.md,WL-WORK-2859,冬天里的春天,,李国文,,,T6 当代全球文学,T6,,HAS_T,,,已有有效 T0–T6 坐标,需复核,metadata_pending,
冬日女王.md,WL-WORK-0137,冬日女王,The Winter Queen,鲍里斯·阿库宁,Boris Akunin,,,,,MISSING_T_REVIEW_NO_YEAR,,,缺 T 且缺少可机器读取 year，需要书目/成书史核验,自动通过,,
冬王.md,WL-WORK-0594,冬王,,伯纳德·康威尔,Bernard Cornwell,,T6 当代全球文学,T6,,HAS_T,,,已有有效 T0–T6 坐标,自动通过,metadata_pending,
冰公主.md,WL-WORK-0226,冰公主,,卡米拉·拉克伯格,Camilla Läckberg,,,,,MISSING_T_REVIEW_NO_YEAR,,,缺 T 且缺少可机器读取 year，需要书目/成书史核验,自动通过,,
冰是睡着的水.md,WL-WORK-2770,冰是睡着的水,,刘猛,,,T6 当代全球文学,T6,,HAS_T,,,已有有效 T0–T6 坐标,个人补录,metadata_pending,
冰菓.md,WL-WORK-0199,冰菓,,米泽穗信,,,T6 当代全球文学,T6,,HAS_T,,,已有有效 T0–T6 坐标,自动通过,,
冰雨的风暴.md,WL-WORK-0595,冰雨的风暴,,乔治·R.R.马丁,George R.R. Martin,,T6 当代全球文学,T6,,HAS_T,,,已有有效 T0–T6 坐标,自动通过,metadata_pending,
冰雪女王.md,WL-WORK-0596,冰雪女王,,安徒生,Hans Christian Andersen,,T3 19世纪现代文学体系,T3,,HAS_T,,,已有有效 T0–T6 坐标,自动通过,metadata_pending,
冲击波骑士.md,WL-WORK-0998,冲击波骑士,,约翰·布鲁纳,John Brunner,,T5 二战后多极文学,T5,,HAS_T,,,已有有效 T0–T6 坐标,自动通过,metadata_pending,
决战前后.md,WL-WORK-2457,决战前后,,陆小凤,,,,,,MISSING_T_REVIEW_NO_YEAR,,,缺 T 且缺少可机器读取 year，需要书目/成书史核验,自动通过,metadata_pending,
冷山.md,WL-WORK-0999,冷山,,查尔斯·弗雷泽,Charles Frazier,,,,,MISSING_T_REVIEW_NO_YEAR,,,缺 T 且缺少可机器读取 year，需要书目/成书史核验,自动通过,metadata_pending,
冷肉.md,WL-WORK-1596,冷肉,,萨达特·哈桑·曼托,Saadat Hasan Manto,,T5 二战后多极文学,T5,,HAS_T,,,已有有效 T0–T6 坐标,自动通过,metadata_pending,
冷静与热情之间.md,WL-WORK-2024,冷静与热情之间,,江国香织,,,,,,MISSING_T_REVIEW_NO_YEAR,,,缺 T 且缺少可机器读取 year，需要书目/成书史核验,自动通过,metadata_pending,
凉生我们可不可以不忧伤.md,WL-WORK-2748,凉生我们可不可以不忧伤,,乐小米,,,T6 当代全球文学,T6,,HAS_T,,,已有有效 T0–T6 坐标,个人补录,metadata_pending,
凡人修仙传.md,WL-WORK-0597,凡人修仙传,,忘语,,,T6 当代全球文学,T6,,HAS_T,,,已有有效 T0–T6 坐标,自动通过,metadata_pending,
凤凰剑.md,WL-WORK-0598,凤凰剑,,罗伯特·E.霍华德,Robert E. Howard,,T4 全球现代主义时代,T4,,HAS_T,,,已有有效 T0–T6 坐标,自动通过,metadata_pending,
凯恩舰哗变.md,WL-WORK-2025,凯恩舰哗变,,赫尔曼·沃克,Herman Wouk,1951,T5 二战后多极文学,T5,,HAS_T,,,已有有效 T0–T6 坐标,自动通过,metadata_pending,
凯瑟琳·安·波特短篇小说集.md,WL-WORK-2992,凯瑟琳·安·波特短篇小说集,Collected Stories,凯瑟琳·安·波特,Katherine Anne Porter,,T5 二战后多极文学,T5,,HAS_T,,title_aggregate_or_tradition,已有有效 T0–T6 坐标,需复核,metadata_pending,
凯莱布·威廉斯.md,WL-WORK-0599,凯莱布·威廉斯,,威廉·戈德温,William Godwin,,,,,MISSING_T_REVIEW_NO_YEAR,,,缺 T 且缺少可机器读取 year，需要书目/成书史核验,自动通过,metadata_pending,
凯雷特史诗.md,WL-WORK-1413,凯雷特史诗,,佚名,,,T0 文学源头与古代文学,T0,,HAS_T,,title_aggregate_or_tradition;anonymous_or_oral,已有有效 T0–T6 坐标,自动通过,metadata_pending,
凶人邸谜案.md,WL-WORK-0207,凶人邸谜案,,今村昌弘,,,T6 当代全球文学,T6,,HAS_T,,,已有有效 T0–T6 坐标,自动通过,,
出埃及记.md,WL-WORK-1414,出埃及记,,佚名,,,T0 文学源头与古代文学,T0,,HAS_T,,anonymous_or_oral,已有有效 T0–T6 坐标,自动通过,metadata_pending,
出租.md,WL-WORK-1000,出租,,约翰·高尔斯华绥,John Galsworthy,,T4 全球现代主义时代,T4,,HAS_T,,,已有有效 T0–T6 坐标,自动通过,metadata_pending,
击剑大师.md,WL-WORK-2458,击剑大师,El maestro de esgrima,阿图罗·佩雷斯-雷维特,Arturo Pérez-Reverte,,T6 当代全球文学,T6,,HAS_T,,,已有有效 T0–T6 坐标,自动通过,metadata_pending,
刀之歌.md,WL-WORK-1001,刀之歌,,金薰,,,,,,MISSING_T_REVIEW_NO_YEAR,,,缺 T 且缺少可机器读取 year，需要书目/成书史核验,自动通过,metadata_pending,
刀锋本身.md,WL-WORK-0600,刀锋本身,,乔·阿伯克龙比,Joe Abercrombie,,T6 当代全球文学,T6,,HAS_T,,,已有有效 T0–T6 坐标,自动通过,metadata_pending,
分家.md,WL-WORK-1002,分家,,赛珍珠,Pearl S. Buck,,T4 全球现代主义时代,T4,,HAS_T,,,已有有效 T0–T6 坐标,自动通过,metadata_pending,
分歧者.md,WL-WORK-1003,分歧者,,维罗妮卡·罗斯,Veronica Roth,,,,,MISSING_T_REVIEW_NO_YEAR,,,缺 T 且缺少可机器读取 year，需要书目/成书史核验,自动通过,metadata_pending,
分裂的天空.md,WL-WORK-1597,分裂的天空,,克里斯塔·沃尔夫,Christa Wolf,,T5 二战后多极文学,T5,,HAS_T,,,已有有效 T0–T6 坐标,自动通过,metadata_pending,
切尔诺贝利的悲鸣.md,WL-WORK-2026,切尔诺贝利的悲鸣,,阿列克谢耶维奇,,,T6 当代全球文学,T6,,HAS_T,,,已有有效 T0–T6 坐标,自动通过,metadata_pending,
列子.md,WL-WORK-1415,列子,,列御寇,,,,,,MISSING_T_REVIEW_NO_YEAR,,,缺 T 且缺少可机器读取 year，需要书目/成书史核验,自动通过,metadata_pending,
列王的纷争.md,WL-WORK-0601,列王的纷争,,乔治·R.R.马丁,George R.R. Martin,,T6 当代全球文学,T6,,HAS_T,,,已有有效 T0–T6 坐标,自动通过,metadata_pending,
列王纪.md,WL-WORK-1416,列王纪,Shahnameh,菲尔多西,,,T1 中古多中心文学世界,T1,,HAS_T,,,已有有效 T0–T6 坐标,自动通过,metadata_pending,CANON-014
列车正点到达.md,WL-WORK-1598,列车正点到达,,海因里希·伯尔,Heinrich Böll,,T5 二战后多极文学,T5,,HAS_T,,,已有有效 T0–T6 坐标,自动通过,metadata_pending,
创世记.md,WL-WORK-1004,创世记,,佚名,,,T0 文学源头与古代文学,T0,,HAS_T,,anonymous_or_oral,已有有效 T0–T6 坐标,自动通过,metadata_pending,
创业史.md,WL-WORK-1599,创业史,,柳青,,,T5 二战后多极文学,T5,,HAS_T,,,已有有效 T0–T6 坐标,自动通过,metadata_pending,
利器.md,WL-WORK-0130,利器,,吉莉安·弗琳,Gillian Flynn,,T6 当代全球文学,T6,,HAS_T,,,已有有效 T0–T6 坐标,需复核,,
利姆格.md,WL-WORK-1417,利姆格,,柬埔寨,,,,,,MISSING_T_REVIEW_NO_YEAR,,,缺 T 且缺少可机器读取 year，需要书目/成书史核验,自动通过,metadata_pending,
利文沃思案.md,WL-WORK-0005,利文沃思案,,安娜·凯瑟琳·格林,,,,,,MISSING_T_REVIEW_NO_YEAR,,,缺 T 且缺少可机器读取 year，需要书目/成书史核验,自动通过,,
利维坦觉醒.md,WL-WORK-0410,利维坦觉醒,,詹姆斯·S.A.科里,James S.A. Corey,,T6 当代全球文学,T6,,HAS_T,,,已有有效 T0–T6 坐标,自动通过,,
别名格蕾丝.md,WL-WORK-1005,别名格蕾丝,,玛格丽特·阿特伍德,Margaret Atwood,,T6 当代全球文学,T6,,HAS_T,,,已有有效 T0–T6 坐标,自动通过,metadata_pending,
别的声音，别的房间.md,WL-WORK-0602,别的声音，别的房间,,杜鲁门·卡波特,Truman Capote,,,,,MISSING_T_REVIEW_NO_YEAR,,,缺 T 且缺少可机器读取 year，需要书目/成书史核验,自动通过,metadata_pending,
别让我走.md,WL-WORK-0431,别让我走,,石黑一雄,,,T6 当代全球文学,T6,,HAS_T,,,已有有效 T0–T6 坐标,自动通过,,
到灯塔去.md,WL-WORK-1006,到灯塔去,,弗吉尼亚·伍尔夫,伍尔夫,,T4 全球现代主义时代,T4,,HAS_T,,,已有有效 T0–T6 坐标,自动通过,metadata_pending,CANON-138
刺客之夜.md,WL-WORK-1600,刺客之夜,,戏剧线,,,,,,MISSING_T_REVIEW_NO_YEAR,,,缺 T 且缺少可机器读取 year，需要书目/成书史核验,自动通过,metadata_pending,
刺客学徒.md,WL-WORK-0603,刺客学徒,,罗宾·霍布,Robin Hobb,,T6 当代全球文学,T6,,HAS_T,,,已有有效 T0–T6 坐标,自动通过,metadata_pending,
刺青杀人事件.md,WL-WORK-0157,刺青杀人事件,,高木彬光,,,T5 二战后多极文学,T5,,HAS_T,,,已有有效 T0–T6 坐标,自动通过,,
刽子手之歌.md,WL-WORK-3000,刽子手之歌,The Executioner's Song,诺曼·梅勒,Norman Mailer,,T5 二战后多极文学,T5,,HAS_T,,,已有有效 T0–T6 坐标,需复核,metadata_pending,
前赤壁赋.md,WL-WORK-1418,前赤壁赋,,苏轼,,,T1 中古多中心文学世界,T1,,HAS_T,,,已有有效 T0–T6 坐标,自动通过,metadata_pending,
剑与恶魔.md,WL-WORK-0604,剑与恶魔,,弗里茨·莱伯,Fritz Leiber,,T5 二战后多极文学,T5,,HAS_T,,,已有有效 T0–T6 坐标,自动通过,metadata_pending,
剑客商卖.md,WL-WORK-2459,剑客商卖,Kenkaku Shōbai,池波正太郎,,,T5 二战后多极文学,T5,,HAS_T,,,已有有效 T0–T6 坐标,自动通过,metadata_pending,
剑气珠光.md,WL-WORK-2460,剑气珠光,,还珠楼主,,,T4 全球现代主义时代,T4,,HAS_T,,,已有有效 T0–T6 坐标,自动通过,metadata_pending,
剑海鹰扬.md,WL-WORK-2461,剑海鹰扬,,司马翎,,,T5 二战后多极文学,T5,,HAS_T,,,已有有效 T0–T6 坐标,自动通过,metadata_pending,
剧毒.md,WL-WORK-0046,剧毒,,多萝西·L·塞耶斯,,,T4 全球现代主义时代,T4,,HAS_T,,,已有有效 T0–T6 坐标,自动通过,,
剪刀男.md,WL-WORK-0196,剪刀男,,殊能将之,,,,,,MISSING_T_REVIEW_NO_YEAR,,,缺 T 且缺少可机器读取 year，需要书目/成书史核验,自动通过,,
副本.md,WL-WORK-0396,副本,,理查德·K.摩根,Richard K. Morgan,,T6 当代全球文学,T6,,HAS_T,,,已有有效 T0–T6 坐标,自动通过,,
力量.md,WL-WORK-2950,力量,Powers,厄休拉·勒古恩,Ursula K. Le Guin,,T6 当代全球文学,T6,,HAS_T,,,已有有效 T0–T6 坐标,需复核,metadata_pending,
劝导.md,WL-WORK-2027,劝导,,简·奥斯汀,Jane Austen,,T3 19世纪现代文学体系,T3,,HAS_T,,,已有有效 T0–T6 坐标,自动通过,metadata_pending,
功名十字路.md,WL-WORK-2462,功名十字路,,司马辽太郎,,,T5 二战后多极文学,T5,,HAS_T,,,已有有效 T0–T6 坐标,自动通过,metadata_pending,
加勒比女王.md,WL-WORK-2463,加勒比女王,The Queen of the Caribbean,埃米利奥·萨尔加里,Emilio Salgari,,T4 全球现代主义时代,T4,,HAS_T,,,已有有效 T0–T6 坐标,自动通过,metadata_pending,
加尔顿案件.md,WL-WORK-0089,加尔顿案件,,罗斯·麦克唐纳,Ross Macdonald,,T5 二战后多极文学,T5,,HAS_T,,,已有有效 T0–T6 坐标,自动通过,,
加布里埃拉.md,WL-WORK-3207,加布里埃拉,"Gabriela, Cravo e Canela",若热·亚马多,Jorge Amado,,T5 二战后多极文学,T5,,HAS_T,,,已有有效 T0–T6 坐标,需复核,metadata_pending,CANON-274
加速.md,WL-WORK-0397,加速,,查尔斯·斯特罗斯,Charles Stross,,T6 当代全球文学,T6,,HAS_T,,,已有有效 T0–T6 坐标,自动通过,,
动物农场.md,WL-WORK-2683,动物农场,,乔治·奥威尔,,,T5 二战后多极文学,T5,,HAS_T,,,已有有效 T0–T6 坐标,个人补录,metadata_pending,CANON-143
动物寓言集 ／ Bestiario.md,WL-WORK-1601,动物寓言集 / Bestiario,,胡利奥·科塔萨尔,,,,,,MISSING_T_REVIEW_NO_YEAR,,,缺 T 且缺少可机器读取 year，需要书目/成书史核验,自动通过,metadata_pending,
劳儿之劫.md,WL-WORK-1602,劳儿之劫,,玛格丽特·杜拉斯,Marguerite Duras,,T5 二战后多极文学,T5,,HAS_T,,,已有有效 T0–T6 坐标,自动通过,metadata_pending,
勒鲁日案件.md,WL-WORK-0004,勒鲁日案件,,埃米尔·加博里奥,,,,,,MISSING_T_REVIEW_NO_YEAR,,,缺 T 且缺少可机器读取 year，需要书目/成书史核验,自动通过,,
包法利夫人.md,WL-WORK-2028,包法利夫人,Madame Bovary,福楼拜,Gustave Flaubert,,T3 19世纪现代文学体系,T3,,HAS_T,,,已有有效 T0–T6 坐标,手工核验,metadata_pending,CANON-111
化身博士.md,WL-WORK-0605,化身博士,,罗伯特·路易斯·史蒂文森,Robert Louis Stevenson,,T3 19世纪现代文学体系,T3,,HAS_T,,,已有有效 T0–T6 坐标,自动通过,metadata_pending,CANON-103
北上.md,WL-WORK-1007,北上,,徐则臣,,2018,T6 当代全球文学,T6,,HAS_T,,,已有有效 T0–T6 坐标,自动通过,metadata_pending,
北京折叠.md,WL-WORK-0466,北京折叠,,郝景芳,,2012,T6 当代全球文学,T6,,HAS_T,,,已有有效 T0–T6 坐标,自动通过,,
北欧众神.md,WL-WORK-0606,北欧众神,,尼尔·盖曼,Neil Gaiman,,T6 当代全球文学,T6,,HAS_T,,,已有有效 T0–T6 坐标,自动通过,metadata_pending,
北迁季节.md,WL-WORK-1603,北迁季节,,塔伊布·萨利赫,Tayeb Salih,,T5 二战后多极文学,T5,,HAS_T,,,已有有效 T0–T6 坐标,自动通过,metadata_pending,
北风的背后.md,WL-WORK-0607,北风的背后,,乔治·麦克唐纳,George MacDonald,,T3 19世纪现代文学体系,T3,,HAS_T,,,已有有效 T0–T6 坐标,自动通过,metadata_pending,
医者之战.md,WL-WORK-2938,医者之战,The Healer’s War,伊丽莎白·安妮·斯卡伯勒,Elizabeth Anne Scarborough,,T6 当代全球文学,T6,,HAS_T,,,已有有效 T0–T6 坐标,需复核,metadata_pending,
医院.md,WL-WORK-0459,医院,,韩松,,,,,,MISSING_T_REVIEW_NO_YEAR,,,缺 T 且缺少可机器读取 year，需要书目/成书史核验,自动通过,,
十三号牢房的问题.md,WL-WORK-0019,十三号牢房的问题,,雅克·福翠尔,,,,,,MISSING_T_REVIEW_NO_YEAR,,,缺 T 且缺少可机器读取 year，需要书目/成书史核验,自动通过,,
十二国记：月之影 影之海.md,WL-WORK-0608,十二国记：月之影 影之海,,小野不由美,,,T6 当代全球文学,T6,,HAS_T,,,已有有效 T0–T6 坐标,自动通过,metadata_pending,
十二金钱镖.md,WL-WORK-2464,十二金钱镖,,白羽,,,,,,MISSING_T_REVIEW_NO_YEAR,,,缺 T 且缺少可机器读取 year，需要书目/成书史核验,自动通过,metadata_pending,
十五年.md,WL-WORK-1604,十五年,,拉谢尔·德·凯罗斯,,,,,,MISSING_T_REVIEW_NO_YEAR,,,缺 T 且缺少可机器读取 year，需要书目/成书史核验,自动通过,metadata_pending,
十八岁出门远行.md,WL-WORK-2783,十八岁出门远行,,余华,,1987,T6 当代全球文学,T6,,HAS_T,,,已有有效 T0–T6 坐标,个人补录,metadata_pending,
十字军骑士.md,WL-WORK-2465,十字军骑士,The Knights of the Cross,显克维奇,波兰,,T3 19世纪现代文学体系,T3,,HAS_T,,,已有有效 T0–T6 坐标,自动通过,metadata_pending,
十字架上的魔鬼.md,WL-WORK-3197,十字架上的魔鬼,Caitaani Mutharaba-Ini,恩古吉·瓦·提安哥,Ngũgĩ wa Thiong'o,,T6 当代全球文学,T6,,HAS_T,,,已有有效 T0–T6 坐标,需复核,metadata_pending,CANON-257
十日谈.md,WL-WORK-2813,十日谈,The Decameron,乔万尼·薄伽丘,Giovanni Boccaccio,,T1 中古多中心文学世界,T1,,HAS_T,,,已有有效 T0–T6 坐标,需复核,metadata_pending,CANON-025
十月国度.md,WL-WORK-0609,十月国度,,雷·布拉德伯里,Ray Bradbury,,T5 二战后多极文学,T5,,HAS_T,,,已有有效 T0–T6 坐标,自动通过,metadata_pending,
十角馆事件.md,WL-WORK-0179,十角馆事件,,绫辻行人,,,T6 当代全球文学,T6,,HAS_T,,,已有有效 T0–T6 坐标,自动通过,,
千禧年人.md,WL-WORK-1008,千禧年人,,J.G.巴拉德,J.G. Ballard,,T6 当代全球文学,T6,,HAS_T,,,已有有效 T0–T6 坐标,自动通过,metadata_pending,
千艘船.md,WL-WORK-0610,千艘船,,娜塔莉·海恩斯,Natalie Haynes,,,,,MISSING_T_REVIEW_NO_YEAR,,,缺 T 且缺少可机器读取 year，需要书目/成书史核验,自动通过,metadata_pending,
千里江山图.md,WL-WORK-2894,千里江山图,,孙甘露,,,T6 当代全球文学,T6,,HAS_T,,,已有有效 T0–T6 坐标,需复核,metadata_pending,
午夜之子.md,WL-WORK-0611,午夜之子,,萨尔曼·拉什迪,Salman Rushdie,1981,T6 当代全球文学,T6,,HAS_T,,,已有有效 T0–T6 坐标,自动通过,metadata_pending,CANON-066
午夜凶铃.md,WL-WORK-0612,午夜凶铃,,铃木光司,日本,,T6 当代全球文学,T6,,HAS_T,,,已有有效 T0–T6 坐标,自动通过,metadata_pending,
半七捕物帐.md,WL-WORK-2466,半七捕物帐,,冈本绮堂,,,,,,MISSING_T_REVIEW_NO_YEAR,,,缺 T 且缺少可机器读取 year，需要书目/成书史核验,自动通过,metadata_pending,
半生缘.md,WL-WORK-2029,半生缘,,张爱玲,毁灭,,T5 二战后多极文学,T5,,HAS_T,,,已有有效 T0–T6 坐标,自动通过,metadata_pending,
半落.md,WL-WORK-0175,半落,,横山秀夫,,,T6 当代全球文学,T6,,HAS_T,,,已有有效 T0–T6 坐标,自动通过,,
半轮黄日.md,WL-WORK-1009,半轮黄日,,奇玛曼达·恩戈齐·阿迪奇埃,Adichie,,T6 当代全球文学,T6,,HAS_T,,,已有有效 T0–T6 坐标,自动通过,metadata_pending,
华冈青洲之妻.md,WL-WORK-1010,华冈青洲之妻,,有吉佐和子,,,T5 二战后多极文学,T5,,HAS_T,,,已有有效 T0–T6 坐标,自动通过,metadata_pending,
华夏集.md,WL-WORK-1605,华夏集,,埃兹拉·庞德,Ezra Pound,,T4 全球现代主义时代,T4,,HAS_T,,,已有有效 T0–T6 坐标,自动通过,metadata_pending,
华氏451.md,WL-WORK-0319,华氏451,,雷·布拉德伯里,Ray Bradbury,,T5 二战后多极文学,T5,,HAS_T,,,已有有效 T0–T6 坐标,自动通过,,
华胥引.md,WL-WORK-2747,华胥引,,唐七公子,,,T6 当代全球文学,T6,,HAS_T,,,已有有效 T0–T6 坐标,个人补录,metadata_pending,
卐字之夜.md,WL-WORK-1011,卐字之夜,,凯瑟琳·伯德金,Katharine Burdekin,,,,,MISSING_T_REVIEW_NO_YEAR,,,缺 T 且缺少可机器读取 year，需要书目/成书史核验,自动通过,metadata_pending,
卖牛奶的台维.md,WL-WORK-3194,卖牛奶的台维,Tevye the Dairyman,肖洛姆·阿莱赫姆,Sholem Aleichem,,T4 全球现代主义时代,T4,,HAS_T,,,已有有效 T0–T6 坐标,需复核,metadata_pending,CANON-253
南太平洋故事.md,WL-WORK-2981,南太平洋故事,Tales of the South Pacific,詹姆斯·A·米奇纳,James A. Michener,,T5 二战后多极文学,T5,,HAS_T,,,已有有效 T0–T6 坐标,需复核,metadata_pending,
南总里见八犬传.md,WL-WORK-2467,南总里见八犬传,,曲亭马琴,,,,,,MISSING_T_REVIEW_NO_YEAR,,,缺 T 且缺少可机器读取 year，需要书目/成书史核验,自动通过,metadata_pending,
南方.md,WL-WORK-2468,南方,El Sur,博尔赫斯,Jorge Luis Borges,1953,T5 二战后多极文学,T5,,HAS_T,,,已有有效 T0–T6 坐标,人工核验,verified,
南方与北方.md,WL-WORK-2030,南方与北方,,盖斯凯尔夫人,Elizabeth Gaskell,,T3 19世纪现代文学体系,T3,,HAS_T,,,已有有效 T0–T6 坐标,自动通过,metadata_pending,
南方之海.md,WL-WORK-0239,南方之海,,曼努埃尔·巴斯克斯·蒙塔尔万,Manuel Vázquez Montalbán,,,,,MISSING_T_REVIEW_NO_YEAR,,,缺 T 且缺少可机器读取 year，需要书目/成书史核验,自动通过,,
占星术杀人魔法.md,WL-WORK-0176,占星术杀人魔法,,岛田庄司,,,T6 当代全球文学,T6,,HAS_T,,,已有有效 T0–T6 坐标,自动通过,,
占有.md,WL-WORK-1012,占有,,A.S.拜厄特,A.S. Byatt,1990,T6 当代全球文学,T6,,HAS_T,,,已有有效 T0–T6 坐标,自动通过,metadata_pending,
卡列维波埃格.md,WL-WORK-1419,卡列维波埃格,,爱沙尼亚,,,,,,MISSING_T_REVIEW_NO_YEAR,,,缺 T 且缺少可机器读取 year，需要书目/成书史核验,自动通过,metadata_pending,
卡勒瓦拉.md,WL-WORK-0613,卡勒瓦拉,,埃利亚斯·伦洛特,Elias Lönnrot,,,,,MISSING_T_REVIEW_NO_YEAR,,,缺 T 且缺少可机器读取 year，需要书目/成书史核验,自动通过,metadata_pending,
卡卡温罗摩衍那.md,WL-WORK-1420,卡卡温罗摩衍那,,佚名,爪哇,,T1 中古多中心文学世界,T1,,HAS_T,,anonymous_or_oral,已有有效 T0–T6 坐标,自动通过,metadata_pending,
卡拉马佐夫兄弟.md,WL-WORK-2842,卡拉马佐夫兄弟,The Brothers Karamazov,陀思妥耶夫斯基,Fyodor Dostoevsky,,T3 19世纪现代文学体系,T3,,HAS_T,,,已有有效 T0–T6 坐标,需复核,metadata_pending,CANON-121
卡洛凯因.md,WL-WORK-1013,卡洛凯因,,卡琳·博耶,Karin Boye,,,,,MISSING_T_REVIEW_NO_YEAR,,,缺 T 且缺少可机器读取 year，需要书目/成书史核验,自动通过,metadata_pending,
卡特里奥娜.md,WL-WORK-2469,卡特里奥娜,Catriona,罗伯特·路易斯·史蒂文森,Robert Louis Stevenson,1893,T4 全球现代主义时代,T4,,HAS_T,,,已有有效 T0–T6 坐标,人工核验,verified,
卡瓦利与克雷的神奇冒险.md,WL-WORK-3017,卡瓦利与克雷的神奇冒险,The Amazing Adventures of Kavalier & Clay,迈克尔·谢邦,Michael Chabon,,T6 当代全球文学,T6,,HAS_T,,,已有有效 T0–T6 坐标,需复核,metadata_pending,
卡皮斯特拉诺的诅咒.md,WL-WORK-2470,卡皮斯特拉诺的诅咒,The Curse of Capistrano,约翰斯顿·麦卡利,Johnston McCulley,1919,T4 全球现代主义时代,T4,,HAS_T,,,已有有效 T0–T6 坐标,人工核验,verified,
卡米拉.md,WL-WORK-0615,卡米拉,,谢里登·勒法努,Sheridan Le Fanu,,T3 19世纪现代文学体系,T3,,HAS_T,,,已有有效 T0–T6 坐标,自动通过,metadata_pending,
卡里来和笛木乃.md,WL-WORK-T1-KALILA,卡里来和笛木乃,Kalīla wa-Dimna,伊本·穆格法,Ibn al-Muqaffaʿ,,T1 中古多中心文学世界,T1,,HAS_T,,,已有有效 T0–T6 坐标,需复核,metadata_pending,
卡门.md,WL-WORK-2471,卡门,,梅里美,Prosper Mérimée,,T3 19世纪现代文学体系,T3,,HAS_T,,,已有有效 T0–T6 坐标,自动通过,metadata_pending,
卢济塔尼亚人之歌.md,WL-WORK-3168,卢济塔尼亚人之歌,Os Lusíadas,路易斯·德·卡蒙斯,Luís de Camões,,T2 早期现代文学,T2,,HAS_T,,,已有有效 T0–T6 坐标,需复核,metadata_pending,CANON-218
卧虎藏龙.md,WL-WORK-2472,卧虎藏龙,,王度庐,,,,,,MISSING_T_REVIEW_NO_YEAR,,,缺 T 且缺少可机器读取 year，需要书目/成书史核验,自动通过,metadata_pending,
卫兵！卫兵！.md,WL-WORK-0616,卫兵！卫兵！,,特里·普拉切特,Terry Pratchett,,T6 当代全球文学,T6,,HAS_T,,,已有有效 T0–T6 坐标,自动通过,metadata_pending,
印卡王室述评.md,WL-WORK-1606,印卡王室述评,Comentarios Reales de los Incas,印加·加尔西拉索·德拉维加,,1609,T2 早期现代文学,T2,,HAS_T,,,已有有效 T0–T6 坐标,手工核验,curated,
印度之行.md,WL-WORK-1607,印度之行,,E.M.福斯特,E. M. 福斯特,,T4 全球现代主义时代,T4,,HAS_T,,,已有有效 T0–T6 坐标,自动通过,metadata_pending,CANON-141
印斯茅斯的阴霾.md,WL-WORK-0617,印斯茅斯的阴霾,,洛夫克拉夫特,H.P. Lovecraft,,T4 全球现代主义时代,T4,,HAS_T,,,已有有效 T0–T6 坐标,自动通过,metadata_pending,
危险关系.md,WL-WORK-2031,危险关系,,拉克洛,Laclos,,T2 早期现代文学,T2,,HAS_T,,,已有有效 T0–T6 坐标,自动通过,metadata_pending,CANON-085
危险幻象.md,WL-WORK-0367,危险幻象,Dangerous Visions,哈兰·埃里森,Harlan Ellison,,T5 二战后多极文学,T5,,HAS_T,,,已有有效 T0–T6 坐标,需复核,,
厄立特里亚海周航记.md,WL-WORK-1421,厄立特里亚海周航记,,佚名,古代,,,,,MISSING_T_REVIEW_NO_YEAR,,anonymous_or_oral,缺 T 且缺少可机器读取 year，需要书目/成书史核验,自动通过,metadata_pending,
厄舍府的倒塌.md,WL-WORK-0618,厄舍府的倒塌,,爱伦·坡,Poe,,T3 19世纪现代文学体系,T3,,HAS_T,,,已有有效 T0–T6 坐标,自动通过,metadata_pending,
历史.md,WL-WORK-1422,历史,,希罗多德,Herodotus,,T0 文学源头与古代文学,T0,,HAS_T,,,已有有效 T0–T6 坐标,自动通过,metadata_pending,
历史学家.md,WL-WORK-0619,历史学家,,伊丽莎白·科斯托娃,Elizabeth Kostova,,,,,MISSING_T_REVIEW_NO_YEAR,,,缺 T 且缺少可机器读取 year，需要书目/成书史核验,自动通过,metadata_pending,
历史的天空.md,WL-WORK-2872,历史的天空,,徐贵祥,,,T6 当代全球文学,T6,,HAS_T,,,已有有效 T0–T6 坐标,需复核,metadata_pending,
历史（莫兰特）.md,WL-WORK-3162,历史,La Storia,埃尔莎·莫兰特,Elsa Morante,,T5 二战后多极文学,T5,,HAS_T,,,已有有效 T0–T6 坐标,需复核,metadata_pending,CANON-210
厌世者.md,WL-WORK-2831,厌世者,The Misanthrope,莫里哀,Molière,,T2 早期现代文学,T2,,HAS_T,,,已有有效 T0–T6 坐标,需复核,metadata_pending,CANON-077
厌恶.md,WL-WORK-1608,厌恶,,奥拉西奥·卡斯特利亚诺斯·莫亚,Horacio Castellanos Moya,,,,,MISSING_T_REVIEW_NO_YEAR,,,缺 T 且缺少可机器读取 year，需要书目/成书史核验,自动通过,metadata_pending,
原始人.md,WL-WORK-2917,原始人,Hominids,罗伯特·J·索耶,Robert J. Sawyer,,T6 当代全球文学,T6,,HAS_T,,,已有有效 T0–T6 坐标,需复核,metadata_pending,
原野奇侠.md,WL-WORK-2473,原野奇侠,Shane,杰克·谢弗,Jack Schaefer,,,,,MISSING_T_REVIEW_NO_YEAR,,,缺 T 且缺少可机器读取 year，需要书目/成书史核验,自动通过,metadata_pending,
厨房.md,WL-WORK-2032,厨房,,吉本芭娜娜,,,T6 当代全球文学,T6,,HAS_T,,,已有有效 T0–T6 坐标,自动通过,metadata_pending,
去你四散的身躯.md,WL-WORK-2903,去你四散的身躯,To Your Scattered Bodies Go,菲利普·何塞·法默,Philip José Farmer,,T5 二战后多极文学,T5,,HAS_T,,,已有有效 T0–T6 坐标,需复核,metadata_pending,
去卡拉的使命.md,WL-WORK-1609,去卡拉的使命,,蒙戈·贝蒂,Mongo Beti,,T5 二战后多极文学,T5,,HAS_T,,,已有有效 T0–T6 坐标,自动通过,metadata_pending,
去吧，摩西.md,WL-WORK-1014,去吧，摩西,,福克纳,Faulkner,,T4 全球现代主义时代,T4,,HAS_T,,,已有有效 T0–T6 坐标,自动通过,metadata_pending,
去斯万家那边.md,WL-WORK-1610,去斯万家那边,,普鲁斯特,,,T4 全球现代主义时代,T4,,HAS_T,,,已有有效 T0–T6 坐标,自动通过,metadata_pending,
双城记.md,WL-WORK-1015,双城记,,查尔斯·狄更斯,Charles Dickens,,T3 19世纪现代文学体系,T3,,HAS_T,,,已有有效 T0–T6 坐标,自动通过,metadata_pending,CANON-096
双头恶魔.md,WL-WORK-0185,双头恶魔,,有栖川有栖,,,T6 当代全球文学,T6,,HAS_T,,,已有有效 T0–T6 坐标,自动通过,,
双星.md,WL-WORK-0304,双星,,罗伯特·海因莱因,,,T5 二战后多极文学,T5,,HAS_T,,,已有有效 T0–T6 坐标,自动通过,,
双重赔偿.md,WL-WORK-0079,双重赔偿,,詹姆斯·M.凯恩,James M. Cain,,T4 全球现代主义时代,T4,,HAS_T,,,已有有效 T0–T6 坐标,自动通过,,
发光体.md,WL-WORK-3070,发光体,The Luminaries,埃莉诺·卡顿,Eleanor Catton,,T6 当代全球文学,T6,,HAS_T,,,已有有效 T0–T6 坐标,需复核,metadata_pending,
发条女孩.md,WL-WORK-0427,发条女孩,,保罗·巴奇加卢皮,Paolo Bacigalupi,,T6 当代全球文学,T6,,HAS_T,,,已有有效 T0–T6 坐标,自动通过,,
发条橙.md,WL-WORK-1016,发条橙,,安东尼·伯吉斯,Anthony Burgess,,,,,MISSING_T_REVIEW_NO_YEAR,,,缺 T 且缺少可机器读取 year，需要书目/成书史核验,自动通过,metadata_pending,
变.md,WL-WORK-1611,变,,米歇尔·布托,Michel Butor,,T5 二战后多极文学,T5,,HAS_T,,,已有有效 T0–T6 坐标,自动通过,metadata_pending,
变化：一个爱情故事.md,WL-WORK-2033,变化：一个爱情故事,,阿玛·阿塔·艾杜,Ama Ata Aidoo,,,,,MISSING_T_REVIEW_NO_YEAR,,,缺 T 且缺少可机器读取 year，需要书目/成书史核验,自动通过,metadata_pending,
变形记.md,WL-WORK-1423,变形记,Metamorphoses,奥维德,Ovid,,T0 文学源头与古代文学,T0,,HAS_T,,,已有有效 T0–T6 坐标,手工核验,metadata_pending,CANON-009
变形记（卡夫卡）.md,WL-WORK-2845,变形记（卡夫卡）,Die Verwandlung,弗兰茨·卡夫卡,Franz Kafka,1915,T4 全球现代主义时代,T4,,HAS_T,,,已有有效 T0–T6 坐标,手工核验,core_metadata_checked,CANON-148
变革时代.md,WL-WORK-2932,变革时代,A Time of Changes,罗伯特·西尔弗伯格,Robert Silverberg,,T5 二战后多极文学,T5,,HAS_T,,,已有有效 T0–T6 坐标,需复核,metadata_pending,
古事记.md,WL-WORK-1424,古事记,,太安万侣,,,,,,MISSING_T_REVIEW_NO_YEAR,,,缺 T 且缺少可机器读取 year，需要书目/成书史核验,自动通过,metadata_pending,
古今和歌集.md,WL-WORK-3180,古今和歌集,Kokin Wakashū,多人（纪贯之等编）,Various; compiled by Ki no Tsurayuki et al.,,T1 中古多中心文学世界,T1,,HAS_T,,,已有有效 T0–T6 坐标,需复核,metadata_pending,CANON-235
古典爱情.md,WL-WORK-2788,古典爱情,,余华,,1988,T6 当代全球文学,T6,,HAS_T,,,已有有效 T0–T6 坐标,个人补录,metadata_pending,
古拉格群岛.md,WL-WORK-1612,古拉格群岛,,索尔仁尼琴,Solzhenitsyn,,T5 二战后多极文学,T5,,HAS_T,,,已有有效 T0–T6 坐标,自动通过,metadata_pending,CANON-163
古文物专家的鬼故事.md,WL-WORK-0620,古文物专家的鬼故事,,M.R.詹姆斯,M.R. James,,T4 全球现代主义时代,T4,,HAS_T,,,已有有效 T0–T6 坐标,自动通过,metadata_pending,
古斯特少尉.md,WL-WORK-1613,古斯特少尉,,阿图尔·施尼茨勒,,,T4 全球现代主义时代,T4,,HAS_T,,,已有有效 T0–T6 坐标,自动通过,metadata_pending,
召唤魔鬼.md,WL-WORK-0069,召唤魔鬼,Whistle Up the Devil,德里克·史密斯,Derek Smith,,,,,MISSING_T_REVIEW_NO_YEAR,,,缺 T 且缺少可机器读取 year，需要书目/成书史核验,自动通过,,
可以吃的女人.md,WL-WORK-1614,可以吃的女人,,玛格丽特·阿特伍德,Margaret Atwood,,T5 二战后多极文学,T5,,HAS_T,,,已有有效 T0–T6 坐标,自动通过,metadata_pending,
可以筑巢的人.md,WL-WORK-2956,可以筑巢的人,Someone You Can Build a Nest In,约翰·威斯韦尔,John Wiswell,,T6 当代全球文学,T6,,HAS_T,,,已有有效 T0–T6 坐标,需复核,metadata_pending,
台北人.md,WL-WORK-1615,台北人,,白先勇,,,T5 二战后多极文学,T5,,HAS_T,,,已有有效 T0–T6 坐标,自动通过,metadata_pending,
史记.md,WL-WORK-1017,史记,,司马迁,,,T0 文学源头与古代文学,T0,,HAS_T,,,已有有效 T0–T6 坐标,自动通过,metadata_pending,CANON-028
史记·刺客列传.md,WL-WORK-2474,史记·刺客列传,,司马迁,,,T0 文学源头与古代文学,T0,,HAS_T,,,已有有效 T0–T6 坐标,自动通过,metadata_pending,
史记·游侠列传.md,WL-WORK-2475,史记·游侠列传,,司马迁,,,T0 文学源头与古代文学,T0,,HAS_T,,,已有有效 T0–T6 坐标,自动通过,metadata_pending,
叶之屋.md,WL-WORK-0621,叶之屋,,马克·Z.达尼莱夫斯基,Mark Z. Danielewski,,,,,MISSING_T_REVIEW_NO_YEAR,,,缺 T 且缺少可机器读取 year，需要书目/成书史核验,自动通过,metadata_pending,
叶隐.md,WL-WORK-2476,叶隐,Hagakure,山本常朝,,,,,,MISSING_T_REVIEW_NO_YEAR,,,缺 T 且缺少可机器读取 year，需要书目/成书史核验,自动通过,metadata_pending,
叶隐入门.md,WL-WORK-2477,叶隐入门,,三岛由纪夫,,,T5 二战后多极文学,T5,,HAS_T,,,已有有效 T0–T6 坐标,自动通过,metadata_pending,
合成人.md,WL-WORK-0393,合成人,,帕特·卡迪根,Pat Cadigan,,T6 当代全球文学,T6,,HAS_T,,,已有有效 T0–T6 坐标,自动通过,,
吉尔伽美什史诗.md,WL-WORK-1425,吉尔伽美什史诗,,佚名,,,T0 文学源头与古代文学,T0,,HAS_T,,title_aggregate_or_tradition;anonymous_or_oral,已有有效 T0–T6 坐标,自动通过,metadata_pending,CANON-001
吉普赛谣曲.md,WL-WORK-3157,吉普赛谣曲,Romancero gitano,费德里科·加西亚·洛尔卡,Federico García Lorca,,T4 全球现代主义时代,T4,,HAS_T,,,已有有效 T0–T6 坐标,需复核,metadata_pending,CANON-202
吉檀迦利.md,WL-WORK-2823,吉檀迦利,Gitanjali,泰戈尔,Rabindranath Tagore,,T4 全球现代主义时代,T4,,HAS_T,,,已有有效 T0–T6 坐标,手工核验,metadata_pending,CANON-064
吉迪恩之火.md,WL-WORK-3090,吉迪恩之火,Gideon's Fire,约翰·克里西,J.J. Marric,,T5 二战后多极文学,T5,,HAS_T,,,已有有效 T0–T6 坐标,需复核,metadata_pending,
同名人.md,WL-WORK-1018,同名人,,裘帕·拉希莉,Jhumpa Lahiri,,T6 当代全球文学,T6,,HAS_T,,,已有有效 T0–T6 坐标,自动通过,metadata_pending,
同情者.md,WL-WORK-2034,同情者,,阮清越,Viet Thanh Nguyen,2015,T6 当代全球文学,T6,,HAS_T,,,已有有效 T0–T6 坐标,自动通过,metadata_pending,
名为和平的荒芜.md,WL-WORK-2926,名为和平的荒芜,A Desolation Called Peace,阿卡狄·马丁,Arkady Martine,,T6 当代全球文学,T6,,HAS_T,,,已有有效 T0–T6 坐标,需复核,metadata_pending,
名为帝国的记忆.md,WL-WORK-0412,名为帝国的记忆,,阿尔卡迪·马丁,Arkady Martine,,T6 当代全球文学,T6,,HAS_T,,,已有有效 T0–T6 坐标,自动通过,,
名利场.md,WL-WORK-2035,名利场,,萨克雷,Thackeray,,T3 19世纪现代文学体系,T3,,HAS_T,,,已有有效 T0–T6 坐标,自动通过,metadata_pending,CANON-093
后水浒传.md,WL-WORK-2478,后水浒传,,陈忱,,,T2 早期现代文学,T2,,HAS_T,,,已有有效 T0–T6 坐标,自动通过,metadata_pending,
后赤壁赋.md,WL-WORK-1426,后赤壁赋,,苏轼,,,T1 中古多中心文学世界,T1,,HAS_T,,,已有有效 T0–T6 坐标,自动通过,metadata_pending,
向加泰罗尼亚致敬.md,WL-WORK-2036,向加泰罗尼亚致敬,,乔治·奥威尔,Orwell,,T4 全球现代主义时代,T4,,HAS_T,,,已有有效 T0–T6 坐标,自动通过,metadata_pending,
向导.md,WL-WORK-1616,向导,,R.K.纳拉扬,R. K. Narayan,,T5 二战后多极文学,T5,,HAS_T,,,已有有效 T0–T6 坐标,自动通过,metadata_pending,CANON-229
向日葵不开的夏天.md,WL-WORK-0216,向日葵不开的夏天,,道尾秀介,,,,,,MISSING_T_REVIEW_NO_YEAR,,,缺 T 且缺少可机器读取 year，需要书目/成书史核验,自动通过,,
向苍天呼吁.md,WL-WORK-1019,向苍天呼吁,,詹姆斯·鲍德温,James Baldwin,,T5 二战后多极文学,T5,,HAS_T,,,已有有效 T0–T6 坐标,自动通过,metadata_pending,
吕意·布拉斯.md,WL-WORK-2479,吕意·布拉斯,Ruy Blas,维克多·雨果,Victor Hugo,,T3 19世纪现代文学体系,T3,,HAS_T,,,已有有效 T0–T6 坐标,自动通过,metadata_pending,
吕西斯特拉忒.md,WL-WORK-T0-LYSISTRATA,吕西斯特拉忒,Lysistrata,阿里斯托芬,,,T0 文学源头与古代文学,T0,,HAS_T,,,已有有效 T0–T6 坐标,手工核验,metadata_pending,
启示录.md,WL-WORK-1427,启示录,,希伯来,,,,,,MISSING_T_REVIEW_NO_YEAR,,,缺 T 且缺少可机器读取 year，需要书目/成书史核验,自动通过,metadata_pending,
启示空间.md,WL-WORK-0407,启示空间,,阿拉斯泰尔·雷诺兹,Alastair Reynolds,,T6 当代全球文学,T6,,HAS_T,,,已有有效 T0–T6 坐标,自动通过,,
吴船录.md,WL-WORK-1428,吴船录,,范成大,,,,,,MISSING_T_REVIEW_NO_YEAR,,,缺 T 且缺少可机器读取 year，需要书目/成书史核验,自动通过,metadata_pending,
吸血鬼.md,WL-WORK-0622,吸血鬼,,约翰·波利多里,John Polidori,,,,,MISSING_T_REVIEW_NO_YEAR,,,缺 T 且缺少可机器读取 year，需要书目/成书史核验,自动通过,metadata_pending,
吸血鬼莱斯特.md,WL-WORK-0623,吸血鬼莱斯特,,安妮·赖斯,Anne Rice,,T6 当代全球文学,T6,,HAS_T,,,已有有效 T0–T6 坐标,自动通过,metadata_pending,
吹哨吧，我就来.md,WL-WORK-0624,吹哨吧，我就来,,M.R.詹姆斯,M.R. James,,T4 全球现代主义时代,T4,,HAS_T,,,已有有效 T0–T6 坐标,自动通过,metadata_pending,
吹过荒野的风.md,WL-WORK-1617,吹过荒野的风,,塞尔瓦·阿尔马达,,,,,,MISSING_T_REVIEW_NO_YEAR,,,缺 T 且缺少可机器读取 year，需要书目/成书史核验,自动通过,metadata_pending,
告别马焦拉.md,WL-WORK-1618,告别马焦拉,,瓦连京·拉斯普京,Valentin Rasputin,,T5 二战后多极文学,T5,,HAS_T,,,已有有效 T0–T6 坐标,自动通过,metadata_pending,
告白.md,WL-WORK-0215,告白,,凑佳苗,,,,,,MISSING_T_REVIEW_NO_YEAR,,,缺 T 且缺少可机器读取 year，需要书目/成书史核验,自动通过,,
呐喊.md,WL-WORK-1619,呐喊,,鲁迅,,,T4 全球现代主义时代,T4,,HAS_T,,,已有有效 T0–T6 坐标,手工核验,metadata_pending,CANON-039
周四推理俱乐部.md,WL-WORK-0141,周四推理俱乐部,,理查德·奥斯曼,Richard Osman,,,,,MISSING_T_REVIEW_NO_YEAR,,,缺 T 且缺少可机器读取 year，需要书目/成书史核验,自动通过,,
呼吸.md,WL-WORK-0422,呼吸,,姜峯楠,Ted Chiang,,T6 当代全球文学,T6,,HAS_T,,,已有有效 T0–T6 坐标,自动通过,,
呼吸课.md,WL-WORK-3006,呼吸课,Breathing Lessons,安妮·泰勒,Anne Tyler,,T6 当代全球文学,T6,,HAS_T,,,已有有效 T0–T6 坐标,需复核,metadata_pending,
呼啸山庄.md,WL-WORK-1020,呼啸山庄,,艾米莉·勃朗特,Emily Brontë,,T3 19世纪现代文学体系,T3,,HAS_T,,,已有有效 T0–T6 坐标,自动通过,metadata_pending,CANON-092
咆哮营的幸运儿.md,WL-WORK-2480,咆哮营的幸运儿,The Luck of Roaring Camp,布雷特·哈特,Bret Harte,,,,,MISSING_T_REVIEW_NO_YEAR,,,缺 T 且缺少可机器读取 year，需要书目/成书史核验,自动通过,metadata_pending,
和泉式部日记.md,WL-WORK-2037,和泉式部日记,,紫式部,,,T1 中古多中心文学世界,T1,,HAS_T,,,已有有效 T0–T6 坐标,自动通过,metadata_pending,
和解者之爪.md,WL-WORK-2934,和解者之爪,The Claw of the Conciliator,吉恩·沃尔夫,Gene Wolfe,,T6 当代全球文学,T6,,HAS_T,,,已有有效 T0–T6 坐标,需复核,metadata_pending,
和谐.md,WL-WORK-0448,和谐,,伊藤计划,,,,,,MISSING_T_REVIEW_NO_YEAR,,,缺 T 且缺少可机器读取 year，需要书目/成书史核验,自动通过,,
哈克贝利·费恩历险记.md,WL-WORK-0625,哈克贝利·费恩历险记,,马克·吐温,Mark Twain,,T3 19世纪现代文学体系,T3,,HAS_T,,,已有有效 T0–T6 坐标,自动通过,metadata_pending,CANON-131
哈利·波特与凤凰社.md,WL-WORK-0626,哈利·波特与凤凰社,,J.K.罗琳,,,T6 当代全球文学,T6,,HAS_T,,,已有有效 T0–T6 坐标,自动通过,metadata_pending,
哈利·波特与密室.md,WL-WORK-2661,哈利·波特与密室,,J.K.罗琳,,,T6 当代全球文学,T6,,HAS_T,,,已有有效 T0–T6 坐标,个人补录,metadata_pending,
哈利·波特与死亡圣器.md,WL-WORK-2664,哈利·波特与死亡圣器,,J.K.罗琳,,,T6 当代全球文学,T6,,HAS_T,,,已有有效 T0–T6 坐标,个人补录,metadata_pending,
哈利·波特与混血王子.md,WL-WORK-2663,哈利·波特与混血王子,,J.K.罗琳,,,T6 当代全球文学,T6,,HAS_T,,,已有有效 T0–T6 坐标,个人补录,metadata_pending,
哈利·波特与火焰杯.md,WL-WORK-2662,哈利·波特与火焰杯,,J.K.罗琳,,,T6 当代全球文学,T6,,HAS_T,,,已有有效 T0–T6 坐标,个人补录,metadata_pending,
哈利·波特与阿兹卡班的囚徒.md,WL-WORK-0627,哈利·波特与阿兹卡班的囚徒,,J.K.罗琳,,,T6 当代全球文学,T6,,HAS_T,,,已有有效 T0–T6 坐标,自动通过,metadata_pending,
哈利·波特与魔法石.md,WL-WORK-0628,哈利·波特与魔法石,,J.K.罗琳,,,T6 当代全球文学,T6,,HAS_T,,,已有有效 T0–T6 坐标,自动通过,metadata_pending,
哈吉·穆拉特.md,WL-WORK-2038,哈吉·穆拉特,,列夫·托尔斯泰,,,T3 19世纪现代文学体系,T3,,HAS_T,,,已有有效 T0–T6 坐标,自动通过,metadata_pending,
哈姆内特.md,WL-WORK-1021,哈姆内特,,玛吉·奥法雷尔,Maggie O'Farrell,,,,,MISSING_T_REVIEW_NO_YEAR,,,缺 T 且缺少可机器读取 year，需要书目/成书史核验,自动通过,metadata_pending,
哈姆雷特.md,WL-WORK-2825,哈姆雷特,Hamlet,威廉·莎士比亚,William Shakespeare,1600,T2 早期现代文学,T2,,HAS_T,,,已有有效 T0–T6 坐标,手工核验,curated,CANON-069
哈尔的移动城堡.md,WL-WORK-0629,哈尔的移动城堡,,戴安娜·韦恩·琼斯,Diana Wynne Jones,,T6 当代全球文学,T6,,HAS_T,,,已有有效 T0–T6 坐标,自动通过,metadata_pending,
哈德良回忆录.md,WL-WORK-1022,哈德良回忆录,,玛格丽特·尤瑟纳尔,古代世界,,T5 二战后多极文学,T5,,HAS_T,,,已有有效 T0–T6 坐标,自动通过,metadata_pending,CANON-217
哈特拉斯船长历险记.md,WL-WORK-0630,哈特拉斯船长历险记,,儒勒·凡尔纳,Verne,,T3 19世纪现代文学体系,T3,,HAS_T,,,已有有效 T0–T6 坐标,自动通过,metadata_pending,
哈莱姆之家.md,WL-WORK-1620,哈莱姆之家,,克劳德·麦凯,Claude McKay,,,,,MISSING_T_REVIEW_NO_YEAR,,,缺 T 且缺少可机器读取 year，需要书目/成书史核验,自动通过,metadata_pending,
哈莱姆狂怒.md,WL-WORK-0092,哈莱姆狂怒,,切斯特·海姆斯,Chester Himes,,,,,MISSING_T_REVIEW_NO_YEAR,,,缺 T 且缺少可机器读取 year，需要书目/成书史核验,自动通过,,
哈里里玛卡梅集.md,WL-WORK-3188,哈里里玛卡梅集,Maqāmāt al-Harīrī,哈里里,al-Hariri of Basra,,T1 中古多中心文学世界,T1,,HAS_T,,,已有有效 T0–T6 坐标,需复核,metadata_pending,CANON-246
哑舍.md,WL-WORK-2746,哑舍,,玄色,,,T6 当代全球文学,T6,,HAS_T,,,已有有效 T0–T6 坐标,个人补录,metadata_pending,
哭泣吧，亲爱的祖国.md,WL-WORK-3201,哭泣吧，亲爱的祖国,"Cry, the Beloved Country",艾伦·佩顿,Alan Paton,,T5 二战后多极文学,T5,,HAS_T,,,已有有效 T0–T6 坐标,需复核,metadata_pending,CANON-265
啊，拓荒者！.md,WL-WORK-2481,啊，拓荒者！,O Pioneers!,薇拉·凯瑟,Willa Cather,,T4 全球现代主义时代,T4,,HAS_T,,,已有有效 T0–T6 坐标,自动通过,metadata_pending,
喀耳刻.md,WL-WORK-0631,喀耳刻,,玛德琳·米勒,Madeline Miller,,T6 当代全球文学,T6,,HAS_T,,,已有有效 T0–T6 坐标,自动通过,metadata_pending,
善心女神.md,WL-WORK-1023,善心女神,,乔纳森·利特尔,Jonathan Littell,,,,,MISSING_T_REVIEW_NO_YEAR,,,缺 T 且缺少可机器读取 year，需要书目/成书史核验,自动通过,metadata_pending,
喜福会.md,WL-WORK-1024,喜福会,,谭恩美,Amy Tan,,,,,MISSING_T_REVIEW_NO_YEAR,,,缺 T 且缺少可机器读取 year，需要书目/成书史核验,自动通过,metadata_pending,
喜鹊谋杀案.md,WL-WORK-0142,喜鹊谋杀案,,安东尼·霍罗维茨,Anthony Horowitz,,T6 当代全球文学,T6,,HAS_T,,,已有有效 T0–T6 坐标,自动通过,,
喝眼泪的鸟.md,WL-WORK-0632,喝眼泪的鸟,,李英道,Lee Yeongdo,,T6 当代全球文学,T6,,HAS_T,,,已有有效 T0–T6 坐标,自动通过,metadata_pending,
喧哗与骚动.md,WL-WORK-1025,喧哗与骚动,,福克纳,,,T4 全球现代主义时代,T4,,HAS_T,,,已有有效 T0–T6 坐标,自动通过,metadata_pending,CANON-165
喷火器.md,WL-WORK-1621,喷火器,,罗伯托·阿尔特,,,,,,MISSING_T_REVIEW_NO_YEAR,,,缺 T 且缺少可机器读取 year，需要书目/成书史核验,自动通过,metadata_pending,
嘲笑鸟.md,WL-WORK-1026,嘲笑鸟,,苏珊·柯林斯,Suzanne Collins,,T6 当代全球文学,T6,,HAS_T,,,已有有效 T0–T6 坐标,自动通过,metadata_pending,
嚎叫.md,WL-WORK-1622,嚎叫,,艾伦·金斯堡,Allen Ginsberg,,T5 二战后多极文学,T5,,HAS_T,,,已有有效 T0–T6 坐标,自动通过,metadata_pending,
四世同堂.md,WL-WORK-1027,四世同堂,四世同堂,老舍,,1948,T5 二战后多极文学,T5,,HAS_T,,,已有有效 T0–T6 坐标,自动通过,metadata_pending,CANON-046
四个四重奏.md,WL-WORK-1623,四个四重奏,,T.S.艾略特,T.S. Eliot,,T4 全球现代主义时代,T4,,HAS_T,,,已有有效 T0–T6 坐标,自动通过,metadata_pending,
四十五卫士.md,WL-WORK-2482,四十五卫士,Les Quarante-Cinq,大仲马,,,T3 19世纪现代文学体系,T3,,HAS_T,,,已有有效 T0–T6 坐标,自动通过,metadata_pending,
四月三日事件.md,WL-WORK-2785,四月三日事件,,余华,,1987,T6 当代全球文学,T6,,HAS_T,,,已有有效 T0–T6 坐标,个人补录,metadata_pending,
四朝代.md,WL-WORK-3174,四朝代,Si Phaendin,克立·巴莫,Kukrit Pramoj,,T5 二战后多极文学,T5,,HAS_T,,,已有有效 T0–T6 坐标,需复核,metadata_pending,CANON-225
四签名.md,WL-WORK-0010,四签名,,柯南·道尔,,,T4 全球现代主义时代,T4,,HAS_T,,,已有有效 T0–T6 坐标,自动通过,,
回响.md,WL-WORK-2895,回响,,东西,,,T6 当代全球文学,T6,,HAS_T,,,已有有效 T0–T6 坐标,需复核,metadata_pending,
回家的方式.md,WL-WORK-1624,回家的方式,,亚历杭德罗·桑布拉,,,,,,MISSING_T_REVIEW_NO_YEAR,,,缺 T 且缺少可机器读取 year，需要书目/成书史核验,自动通过,metadata_pending,
回旋余地.md,WL-WORK-2998,回旋余地,Elbow Room,詹姆斯·艾伦·麦克弗森,James Alan McPherson,,T5 二战后多极文学,T5,,HAS_T,,,已有有效 T0–T6 坐标,需复核,metadata_pending,
回顾：2000—1887.md,WL-WORK-0265,回顾：2000—1887,,爱德华·贝拉米,,,T3 19世纪现代文学体系,T3,,HAS_T,,,已有有效 T0–T6 坐标,自动通过,,
园丁之犬.md,WL-WORK-2483,园丁之犬,El perro del hortelano,洛佩·德·维加,Lope de Vega,,T2 早期现代文学,T2,,HAS_T,,,已有有效 T0–T6 坐标,自动通过,metadata_pending,
围城.md,WL-WORK-2039,围城,,钱钟书,,,T5 二战后多极文学,T5,,HAS_T,,,已有有效 T0–T6 坐标,自动通过,metadata_pending,CANON-045
国王叙事诗.md,WL-WORK-2484,国王叙事诗,Idylls of the King,丁尼生,解构,,,,,MISSING_T_REVIEW_NO_YEAR,,,缺 T 且缺少可机器读取 year，需要书目/成书史核验,自动通过,metadata_pending,
国王必须死.md,WL-WORK-1028,国王必须死,,古希腊,,,,,,MISSING_T_REVIEW_NO_YEAR,,,缺 T 且缺少可机器读取 year，需要书目/成书史核验,自动通过,metadata_pending,
国王的人马.md,WL-WORK-2980,国王的人马,All the King's Men,罗伯特·佩恩·沃伦,Robert Penn Warren,,T5 二战后多极文学,T5,,HAS_T,,,已有有效 T0–T6 坐标,需复核,metadata_pending,
国王的赎金.md,WL-WORK-0101,国王的赎金,King's Ransom,埃德·麦克贝恩,Ed McBain,,T5 二战后多极文学,T5,,HAS_T,,,已有有效 T0–T6 坐标,自动通过,,
国王的黄金.md,WL-WORK-2485,国王的黄金,El oro del rey,阿图罗·佩雷斯-雷维特,Arturo Pérez-Reverte,,T6 当代全球文学,T6,,HAS_T,,,已有有效 T0–T6 坐标,自动通过,metadata_pending,
国盗物语.md,WL-WORK-1029,国盗物语,,司马辽太郎,,,T5 二战后多极文学,T5,,HAS_T,,,已有有效 T0–T6 坐标,自动通过,metadata_pending,
图像诗.md,WL-WORK-1625,图像诗,,阿波利奈尔,Guillaume Apollinaire,,T4 全球现代主义时代,T4,,HAS_T,,,已有有效 T0–T6 坐标,自动通过,metadata_pending,
圆圈.md,WL-WORK-1030,圆圈,,戴夫·艾格斯,Dave Eggers,,,,,MISSING_T_REVIEW_NO_YEAR,,,缺 T 且缺少可机器读取 year，需要书目/成书史核验,自动通过,metadata_pending,
土地.md,WL-WORK-1031,土地,,朴景利,,,T5 二战后多极文学,T5,,HAS_T,,,已有有效 T0–T6 坐标,自动通过,metadata_pending,CANON-243
土星之环.md,WL-WORK-1429,土星之环,,W.G.塞巴尔德,W. G. Sebald,,T6 当代全球文学,T6,,HAS_T,,,已有有效 T0–T6 坐标,自动通过,metadata_pending,
土生子.md,WL-WORK-1626,土生子,,理查德·赖特,Richard Wright,,T4 全球现代主义时代,T4,,HAS_T,,,已有有效 T0–T6 坐标,自动通过,metadata_pending,
土耳其使馆书信.md,WL-WORK-1430,土耳其使馆书信,,玛丽·蒙塔古夫人,Lady Mary Montagu,,,,,MISSING_T_REVIEW_NO_YEAR,,,缺 T 且缺少可机器读取 year，需要书目/成书史核验,自动通过,metadata_pending,
圣埃维塔.md,WL-WORK-1627,圣埃维塔,,托马斯·埃洛伊·马丁内斯,,,,,,MISSING_T_REVIEW_NO_YEAR,,,缺 T 且缺少可机器读取 year，需要书目/成书史核验,自动通过,metadata_pending,
圣女的救济.md,WL-WORK-0213,圣女的救济,,东野圭吾,,,T6 当代全球文学,T6,,HAS_T,,,已有有效 T0–T6 坐标,自动通过,,
圣彼得节的奇迹.md,WL-WORK-0133,圣彼得节的奇迹,A Morbid Taste for Bones,埃利斯·彼得斯,Ellis Peters,,T5 二战后多极文学,T5,,HAS_T,,,已有有效 T0–T6 坐标,需复核,,
圣徒与疯子的城市.md,WL-WORK-0633,圣徒与疯子的城市,City of Saints and Madmen,杰夫·范德米尔,Jeff VanderMeer,,T6 当代全球文学,T6,,HAS_T,,,已有有效 T0–T6 坐标,自动通过,metadata_pending,
圣殿春秋.md,WL-WORK-1032,圣殿春秋,,肯·福莱特,古代世界,,T6 当代全球文学,T6,,HAS_T,,,已有有效 T0–T6 坐标,自动通过,metadata_pending,
圣诞颂歌.md,WL-WORK-0634,圣诞颂歌,,查尔斯·狄更斯,Charles Dickens,,T3 19世纪现代文学体系,T3,,HAS_T,,,已有有效 T0–T6 坐标,自动通过,metadata_pending,
圣路易斯雷大桥.md,WL-WORK-2966,圣路易斯雷大桥,The Bridge of San Luis Rey,桑顿·怀尔德,Thornton Wilder,,T4 全球现代主义时代,T4,,HAS_T,,,已有有效 T0–T6 坐标,需复核,metadata_pending,
圣骨疑云.md,WL-WORK-1033,圣骨疑云,,埃利斯·彼得斯,Ellis Peters,,T5 二战后多极文学,T5,,HAS_T,,,已有有效 T0–T6 坐标,自动通过,metadata_pending,
在人间.md,WL-WORK-1034,在人间,,高尔基,Maxim Gorky,,T4 全球现代主义时代,T4,,HAS_T,,,已有有效 T0–T6 坐标,自动通过,metadata_pending,
在别人中间.md,WL-WORK-2922,在别人中间,Among Others,乔·沃尔顿,Jo Walton,,T6 当代全球文学,T6,,HAS_T,,,已有有效 T0–T6 坐标,需复核,metadata_pending,
在我们的时代里.md,WL-WORK-1628,在我们的时代里,,海明威,Ernest Hemingway,,T4 全球现代主义时代,T4,,HAS_T,,,已有有效 T0–T6 坐标,自动通过,metadata_pending,
在我们的生命里.md,WL-WORK-2976,在我们的生命里,In This Our Life,埃伦·格拉斯哥,Ellen Glasgow,,T4 全球现代主义时代,T4,,HAS_T,,,已有有效 T0–T6 坐标,需复核,metadata_pending,
在我皮肤的城堡里.md,WL-WORK-1629,在我皮肤的城堡里,,乔治·拉明,George Lamming,,T5 二战后多极文学,T5,,HAS_T,,,已有有效 T0–T6 坐标,自动通过,metadata_pending,
在斯大林格勒战壕里.md,WL-WORK-2040,在斯大林格勒战壕里,,维克托·涅克拉索夫,Viktor Nekrasov,,,,,MISSING_T_REVIEW_NO_YEAR,,,缺 T 且缺少可机器读取 year，需要书目/成书史核验,自动通过,metadata_pending,
在比尤拉高地.md,WL-WORK-0108,在比尤拉高地,On Beulah Height,雷金纳德·希尔,Reginald Hill,,,,,MISSING_T_REVIEW_NO_YEAR,,,缺 T 且缺少可机器读取 year，需要书目/成书史核验,自动通过,,
在细雨中呼喊.md,WL-WORK-2740,在细雨中呼喊,,余华,,1991,T6 当代全球文学,T6,,HAS_T,,,已有有效 T0–T6 坐标,个人补录,metadata_pending,
在自由的国度.md,WL-WORK-3037,在自由的国度,In a Free State,V.S.奈保尔,V. S. Naipaul,,T5 二战后多极文学,T5,,HAS_T,,,已有有效 T0–T6 坐标,需复核,metadata_pending,
在路上.md,WL-WORK-1630,在路上,,杰克·凯鲁亚克,Jack Kerouac,,T5 二战后多极文学,T5,,HAS_T,,,已有有效 T0–T6 坐标,自动通过,metadata_pending,CANON-177
地下室手记.md,WL-WORK-1631,地下室手记,,陀思妥耶夫斯基,,,T3 19世纪现代文学体系,T3,,HAS_T,,,已有有效 T0–T6 坐标,自动通过,metadata_pending,
地下铁道.md,WL-WORK-1035,地下铁道,,科尔森·怀特黑德,Colson Whitehead,,T6 当代全球文学,T6,,HAS_T,,,已有有效 T0–T6 坐标,自动通过,metadata_pending,
地心游记.md,WL-WORK-0267,地心游记,,儒勒·凡尔纳,,,T3 19世纪现代文学体系,T3,,HAS_T,,,已有有效 T0–T6 坐标,自动通过,,
地海古墓.md,WL-WORK-0635,地海古墓,,厄休拉·勒古恩,Ursula K. Le Guin,,T5 二战后多极文学,T5,,HAS_T,,,已有有效 T0–T6 坐标,自动通过,metadata_pending,
地海孤雏.md,WL-WORK-2939,地海孤雏,Tehanu,厄休拉·勒古恩,Ursula K. Le Guin,,T6 当代全球文学,T6,,HAS_T,,,已有有效 T0–T6 坐标,需复核,metadata_pending,
地海巫师.md,WL-WORK-0636,地海巫师,,厄休拉·勒古恩,Ursula K. Le Guin,,T5 二战后多极文学,T5,,HAS_T,,,已有有效 T0–T6 坐标,自动通过,metadata_pending,
地狱之心.md,WL-WORK-0637,地狱之心,,克莱夫·巴克,Clive Barker,,T6 当代全球文学,T6,,HAS_T,,,已有有效 T0–T6 坐标,自动通过,metadata_pending,
地狱之缘.md,WL-WORK-0068,地狱之缘,Rim of the Pit,黑克·塔尔博特,Hake Talbot,,,,,MISSING_T_REVIEW_NO_YEAR,,,缺 T 且缺少可机器读取 year，需要书目/成书史核验,自动通过,,
地狱屋.md,WL-WORK-0638,地狱屋,,理查德·麦瑟森,Richard Matheson,,T5 二战后多极文学,T5,,HAS_T,,,已有有效 T0–T6 坐标,自动通过,metadata_pending,
地狱的第19层.md,WL-WORK-0639,地狱的第19层,,蔡骏,,,,,,MISSING_T_REVIEW_NO_YEAR,,,缺 T 且缺少可机器读取 year，需要书目/成书史核验,自动通过,metadata_pending,
地球上的受苦者.md,WL-WORK-2041,地球上的受苦者,,弗朗茨·法农,Frantz Fanon,,,,,MISSING_T_REVIEW_NO_YEAR,,,缺 T 且缺少可机器读取 year，需要书目/成书史核验,自动通过,metadata_pending,
地铁.md,WL-WORK-0458,地铁,,韩松,,,,,,MISSING_T_REVIEW_NO_YEAR,,,缺 T 且缺少可机器读取 year，需要书目/成书史核验,自动通过,,
坂上之云.md,WL-WORK-1036,坂上之云,,司马辽太郎,,,T5 二战后多极文学,T5,,HAS_T,,,已有有效 T0–T6 坐标,自动通过,metadata_pending,
坎塔普拉.md,WL-WORK-1632,坎塔普拉,,穆尔克·拉吉·安纳德,Mulk Raj Anand,,T4 全球现代主义时代,T4,,HAS_T,,,已有有效 T0–T6 坐标,自动通过,metadata_pending,
坎特伯雷故事集.md,WL-WORK-2812,坎特伯雷故事集,The Canterbury Tales,杰弗里·乔叟,Geoffrey Chaucer,,T1 中古多中心文学世界,T1,,HAS_T,,title_aggregate_or_tradition,已有有效 T0–T6 坐标,需复核,metadata_pending,CANON-024
坎特伯雷故事集·骑士的故事.md,WL-WORK-2486,坎特伯雷故事集·骑士的故事,,乔叟,Geoffrey Chaucer,,,,,MISSING_T_REVIEW_NO_YEAR,,title_aggregate_or_tradition,缺 T 且缺少可机器读取 year，需要书目/成书史核验,自动通过,metadata_pending,
坎特勒塔尔.md,WL-WORK-1431,坎特勒塔尔,,埃利亚斯·伦洛特,Elias Lönnrot,,,,,MISSING_T_REVIEW_NO_YEAR,,,缺 T 且缺少可机器读取 year，需要书目/成书史核验,自动通过,metadata_pending,
坏小孩.md,WL-WORK-0244,坏小孩,,紫金陈,,,T6 当代全球文学,T6,,HAS_T,,,已有有效 T0–T6 坐标,自动通过,,
坟场之书.md,WL-WORK-2920,坟场之书,The Graveyard Book,尼尔·盖曼,Neil Gaiman,,T6 当代全球文学,T6,,HAS_T,,,已有有效 T0–T6 坐标,需复核,metadata_pending,
坠物之声.md,WL-WORK-1633,坠物之声,,胡安·加布里埃尔·巴斯克斯,Juan Gabriel Vásquez,,,,,MISSING_T_REVIEW_NO_YEAR,,,缺 T 且缺少可机器读取 year，需要书目/成书史核验,自动通过,metadata_pending,
坠落的女人.md,WL-WORK-2936,坠落的女人,The Falling Woman,帕特·墨菲,Pat Murphy,,T6 当代全球文学,T6,,HAS_T,,,已有有效 T0–T6 坐标,需复核,metadata_pending,
埃努玛·埃利什.md,WL-WORK-1432,埃努玛·埃利什,,佚名,,,T0 文学源头与古代文学,T0,,HAS_T,,anonymous_or_oral,已有有效 T0–T6 坐标,自动通过,metadata_pending,
埃及亡灵书.md,WL-WORK-1433,埃及亡灵书,,佚名,,,T0 文学源头与古代文学,T0,,HAS_T,,anonymous_or_oral,已有有效 T0–T6 坐标,自动通过,metadata_pending,
埃及人西努赫.md,WL-WORK-1037,埃及人西努赫,,米卡·瓦尔塔里,Mika Waltari,,,,,MISSING_T_REVIEW_NO_YEAR,,,缺 T 且缺少可机器读取 year，需要书目/成书史核验,自动通过,metadata_pending,
埃及十字架之谜.md,WL-WORK-0040,埃及十字架之谜,,埃勒里·奎因,,,T4 全球现代主义时代,T4,,HAS_T,,,已有有效 T0–T6 坐标,自动通过,,
埃塞俄比亚传奇.md,WL-WORK-2042,埃塞俄比亚传奇,,赫利奥多罗斯,Heliodorus,,,,,MISSING_T_REVIEW_NO_YEAR,,,缺 T 且缺少可机器读取 year，需要书目/成书史核验,自动通过,metadata_pending,
埃拉史诗.md,WL-WORK-1434,埃拉史诗,,佚名,,,T0 文学源头与古代文学,T0,,HAS_T,,title_aggregate_or_tradition;anonymous_or_oral,已有有效 T0–T6 坐标,自动通过,metadata_pending,
埃涅阿斯纪.md,WL-WORK-0640,埃涅阿斯纪,,维吉尔,,,T0 文学源头与古代文学,T0,,HAS_T,,,已有有效 T0–T6 坐标,自动通过,metadata_pending,CANON-008
埃琳娜知道.md,WL-WORK-1634,埃琳娜知道,,克劳迪娅·皮涅罗,,,,,,MISSING_T_REVIEW_NO_YEAR,,,缺 T 且缺少可机器读取 year，需要书目/成书史核验,自动通过,metadata_pending,
埃瑞璜.md,WL-WORK-1038,埃瑞璜,,塞缪尔·巴特勒,Samuel Butler,,,,,MISSING_T_REVIEW_NO_YEAR,,,缺 T 且缺少可机器读取 year，需要书目/成书史核验,自动通过,metadata_pending,
城与城.md,WL-WORK-0424,城与城,,查纳·米耶维,China Miéville,,T6 当代全球文学,T6,,HAS_T,,,已有有效 T0–T6 坐标,自动通过,,
城堡.md,WL-WORK-1635,城堡,,卡夫卡,德语,,T4 全球现代主义时代,T4,,HAS_T,,,已有有效 T0–T6 坐标,自动通过,metadata_pending,CANON-149
城塞.md,WL-WORK-2487,城塞,,司马辽太郎,,,T5 二战后多极文学,T5,,HAS_T,,,已有有效 T0–T6 坐标,自动通过,metadata_pending,
城市.md,WL-WORK-0312,城市,,克利福德·西马克,Clifford D. Simak,,T5 二战后多极文学,T5,,HAS_T,,,已有有效 T0–T6 坐标,自动通过,,
城市与狗.md,WL-WORK-1039,城市与狗,,巴尔加斯·略萨,Mario Vargas Llosa,,T5 二战后多极文学,T5,,HAS_T,,,已有有效 T0–T6 坐标,自动通过,metadata_pending,
城市与群星.md,WL-WORK-0308,城市与群星,,阿瑟·克拉克,,,T5 二战后多极文学,T5,,HAS_T,,,已有有效 T0–T6 坐标,自动通过,,
基列家书.md,WL-WORK-1040,基列家书,,玛丽莲·罗宾逊,Marilynne Robinson,,T6 当代全球文学,T6,,HAS_T,,,已有有效 T0–T6 坐标,自动通过,metadata_pending,
基因设计师.md,WL-WORK-0450,基因设计师,,藤井太洋,,,,,,MISSING_T_REVIEW_NO_YEAR,,,缺 T 且缺少可机器读取 year，需要书目/成书史核验,自动通过,,
基地.md,WL-WORK-0295,基地,,艾萨克·阿西莫夫,,,T5 二战后多极文学,T5,,HAS_T,,,已有有效 T0–T6 坐标,自动通过,,
基地与帝国.md,WL-WORK-0296,基地与帝国,,艾萨克·阿西莫夫,,,T5 二战后多极文学,T5,,HAS_T,,,已有有效 T0–T6 坐标,自动通过,,
基地边缘.md,WL-WORK-2908,基地边缘,Foundation’s Edge,艾萨克·阿西莫夫,Isaac Asimov,,T6 当代全球文学,T6,,HAS_T,,,已有有效 T0–T6 坐标,需复核,metadata_pending,
基坑.md,WL-WORK-1041,基坑,,安德烈·普拉东诺夫,Andrei Platonov,,,,,MISSING_T_REVIEW_NO_YEAR,,,缺 T 且缺少可机器读取 year，需要书目/成书史核验,自动通过,metadata_pending,
基督山伯爵.md,WL-WORK-0641,基督山伯爵,,大仲马,,,T3 19世纪现代文学体系,T3,,HAS_T,,,已有有效 T0–T6 坐标,自动通过,metadata_pending,CANON-109
堂卡斯穆罗.md,WL-WORK-1636,堂卡斯穆罗,,马沙多·德·阿西斯,,,T4 全球现代主义时代,T4,,HAS_T,,,已有有效 T0–T6 坐标,自动通过,metadata_pending,CANON-272
堂吉诃德.md,WL-WORK-1042,堂吉诃德,Don Quijote de la Mancha,塞万提斯,Miguel de Cervantes,1605,T2 早期现代文学,T2,,HAS_T,,,已有有效 T0–T6 坐标,手工核验,curated,CANON-068
堂娜芭芭拉.md,WL-WORK-1637,堂娜芭芭拉,,罗慕洛·加列戈斯,,,,,,MISSING_T_REVIEW_NO_YEAR,,,缺 T 且缺少可机器读取 year，需要书目/成书史核验,自动通过,metadata_pending,
堺事件.md,WL-WORK-2488,堺事件,Sakai Jiken,森鸥外,,,T4 全球现代主义时代,T4,,HAS_T,,,已有有效 T0–T6 坐标,自动通过,metadata_pending,
塔拉.md,WL-WORK-1638,塔拉,,加夫列拉·米斯特拉尔,,,,,,MISSING_T_REVIEW_NO_YEAR,,,缺 T 且缺少可机器读取 year，需要书目/成书史核验,自动通过,metadata_pending,
塔拉斯·布尔巴.md,WL-WORK-1043,塔拉斯·布尔巴,,果戈理,Nikolai Gogol,,T3 19世纪现代文学体系,T3,,HAS_T,,,已有有效 T0–T6 坐标,自动通过,metadata_pending,
塔玛斯.md,WL-WORK-1639,塔玛斯,,比沙姆·萨赫尼,Bhisham Sahni,,T5 二战后多极文学,T5,,HAS_T,,,已有有效 T0–T6 坐标,自动通过,metadata_pending,
塞伯鲁斯的第五颗头.md,WL-WORK-0365,塞伯鲁斯的第五颗头,,吉恩·沃尔夫,Gene Wolfe,,T5 二战后多极文学,T5,,HAS_T,,,已有有效 T0–T6 坐标,自动通过,,
塞瓦斯托波尔纪事.md,WL-WORK-2043,塞瓦斯托波尔纪事,,列夫·托尔斯泰,,,T3 19世纪现代文学体系,T3,,HAS_T,,,已有有效 T0–T6 坐标,自动通过,metadata_pending,
塞西莉亚.md,WL-WORK-2044,塞西莉亚,,范妮·伯尼,Frances Burney,,,,,MISSING_T_REVIEW_NO_YEAR,,,缺 T 且缺少可机器读取 year，需要书目/成书史核验,自动通过,metadata_pending,
塞西莉亚·巴尔德斯.md,WL-WORK-1640,塞西莉亚·巴尔德斯,,西里洛·比亚韦德,,,,,,MISSING_T_REVIEW_NO_YEAR,,,缺 T 且缺少可机器读取 year，需要书目/成书史核验,自动通过,metadata_pending,
墓地的沉默.md,WL-WORK-0223,墓地的沉默,Jar City,阿尔纳尔杜尔·因德里达松,Arnaldur Indriðason,,,,,MISSING_T_REVIEW_NO_YEAR,,,缺 T 且缺少可机器读取 year，需要书目/成书史核验,需复核,,
墙.md,WL-WORK-1044,墙,,约翰·兰彻斯特,John Lanchester,,,,,MISSING_T_REVIEW_NO_YEAR,,,缺 T 且缺少可机器读取 year，需要书目/成书史核验,自动通过,metadata_pending,
墨西哥哥特.md,WL-WORK-0642,墨西哥哥特,,西尔维娅·莫雷诺-加西亚,Silvia Moreno-Garcia,,,,,MISSING_T_REVIEW_NO_YEAR,,,缺 T 且缺少可机器读取 year，需要书目/成书史核验,自动通过,metadata_pending,
士兵归来.md,WL-WORK-1045,士兵归来,,丽贝卡·韦斯特,Rebecca West,,T4 全球现代主义时代,T4,,HAS_T,,,已有有效 T0–T6 坐标,自动通过,metadata_pending,
壬生义士传.md,WL-WORK-2489,壬生义士传,Mibu Gishi Den,浅田次郎,,,,,,MISSING_T_REVIEW_NO_YEAR,,,缺 T 且缺少可机器读取 year，需要书目/成书史核验,自动通过,metadata_pending,
处决笔记.md,WL-WORK-3149,处决笔记,Notes on an Execution,丹娅·库卡夫卡,Danya Kukafka,,T6 当代全球文学,T6,,HAS_T,,,已有有效 T0–T6 坐标,需复核,metadata_pending,
复仇.md,WL-WORK-0643,复仇,,小川洋子,,,T6 当代全球文学,T6,,HAS_T,,,已有有效 T0–T6 坐标,自动通过,metadata_pending,
复活者.md,WL-WORK-3130,复活者,Resurrection Men,伊恩·兰金,Ian Rankin,,T6 当代全球文学,T6,,HAS_T,,,已有有效 T0–T6 坐标,需复核,metadata_pending,
夏之花.md,WL-WORK-1641,夏之花,,原民喜,,,T5 二战后多极文学,T5,,HAS_T,,,已有有效 T0–T6 坐标,自动通过,metadata_pending,
夏日花.md,WL-WORK-2045,夏日花,,原民喜,,,T5 二战后多极文学,T5,,HAS_T,,,已有有效 T0–T6 坐标,自动通过,metadata_pending,
夏有乔木雅望天堂.md,WL-WORK-2759,夏有乔木雅望天堂,,籽月,,,T6 当代全球文学,T6,,HAS_T,,,已有有效 T0–T6 坐标,个人补录,metadata_pending,
夏至未至.md,WL-WORK-2757,夏至未至,,郭敬明,,,T6 当代全球文学,T6,,HAS_T,,,已有有效 T0–T6 坐标,个人补录,metadata_pending,
多情剑客无情剑.md,WL-WORK-2490,多情剑客无情剑,,古龙,,,T5 二战后多极文学,T5,,HAS_T,,,已有有效 T0–T6 坐标,自动通过,metadata_pending,
多拉·布吕代.md,WL-WORK-2046,多拉·布吕代,,帕特里克·莫迪亚诺,,,T6 当代全球文学,T6,,HAS_T,,,已有有效 T0–T6 坐标,自动通过,metadata_pending,
多晚了，多晚.md,WL-WORK-3057,多晚了，多晚,"How Late It Was, How Late",詹姆斯·凯尔曼,James Kelman,,T6 当代全球文学,T6,,HAS_T,,,已有有效 T0–T6 坐标,需复核,metadata_pending,
夜.md,WL-WORK-1046,夜,,埃利·威塞尔,Wiesel,,,,,MISSING_T_REVIEW_NO_YEAR,,,缺 T 且缺少可机器读取 year，需要书目/成书史核验,自动通过,metadata_pending,
夜之国.md,WL-WORK-0644,夜之国,,威廉·霍普·霍奇森,William Hope Hodgson,,T4 全球现代主义时代,T4,,HAS_T,,,已有有效 T0–T6 坐标,自动通过,metadata_pending,
夜之彼端.md,WL-WORK-0645,夜之彼端,,玛丽安娜·恩里克斯,Mariana Enriquez,,T6 当代全球文学,T6,,HAS_T,,,已有有效 T0–T6 坐标,自动通过,metadata_pending,
夜幕下的大军.md,WL-WORK-1642,夜幕下的大军,,诺曼·梅勒,Norman Mailer,,T5 二战后多极文学,T5,,HAS_T,,,已有有效 T0–T6 坐标,自动通过,metadata_pending,
夜幕降临前.md,WL-WORK-1643,夜幕降临前,,雷纳尔多·阿雷纳斯,,,,,,MISSING_T_REVIEW_NO_YEAR,,,缺 T 且缺少可机器读取 year，需要书目/成书史核验,自动通过,metadata_pending,
夜总会里的五个人.md,WL-WORK-1644,夜总会里的五个人,,穆时英,,,,,,MISSING_T_REVIEW_NO_YEAR,,,缺 T 且缺少可机器读取 year，需要书目/成书史核验,自动通过,metadata_pending,
夜晚的潜水艇.md,WL-WORK-2734,夜晚的潜水艇,,陈春成,,,T6 当代全球文学,T6,,HAS_T,,,已有有效 T0–T6 坐标,个人补录,metadata_pending,
夜林.md,WL-WORK-1645,夜林,,朱娜·巴恩斯,Djuna Barnes,,,,,MISSING_T_REVIEW_NO_YEAR,,,缺 T 且缺少可机器读取 year，需要书目/成书史核验,自动通过,metadata_pending,
夜色下的七杀.md,WL-WORK-1047,夜色下的七杀,,马龙·詹姆斯,Marlon James,,T6 当代全球文学,T6,,HAS_T,,,已有有效 T0–T6 坐标,自动通过,metadata_pending,
夜莺.md,WL-WORK-0646,夜莺,,克里斯廷·汉娜,Kristin Hannah,,,,,MISSING_T_REVIEW_NO_YEAR,,,缺 T 且缺少可机器读取 year，需要书目/成书史核验,自动通过,metadata_pending,
夜莺尸衣.md,WL-WORK-0103,夜莺尸衣,,P.D.詹姆斯,P.D. James,,T5 二战后多极文学,T5,,HAS_T,,,已有有效 T0–T6 坐标,自动通过,,
夜访吸血鬼.md,WL-WORK-0647,夜访吸血鬼,,安妮·赖斯,Anne Rice,,T5 二战后多极文学,T5,,HAS_T,,,已有有效 T0–T6 坐标,自动通过,metadata_pending,
大使城.md,WL-WORK-0423,大使城,,查纳·米耶维,China Miéville,,T6 当代全球文学,T6,,HAS_T,,,已有有效 T0–T6 坐标,自动通过,,
大卫·科波菲尔.md,WL-WORK-1048,大卫·科波菲尔,,查尔斯·狄更斯,Charles Dickens,,T3 19世纪现代文学体系,T3,,HAS_T,,,已有有效 T0–T6 坐标,自动通过,metadata_pending,CANON-094
大唐双龙传.md,WL-WORK-2491,大唐双龙传,,黄易,,,T6 当代全球文学,T6,,HAS_T,,,已有有效 T0–T6 坐标,自动通过,metadata_pending,
大唐游侠传.md,WL-WORK-2492,大唐游侠传,,梁羽生,,,T5 二战后多极文学,T5,,HAS_T,,,已有有效 T0–T6 坐标,自动通过,metadata_pending,
大唐西域记.md,WL-WORK-1435,大唐西域记,,玄奘,,,,,,MISSING_T_REVIEW_NO_YEAR,,,缺 T 且缺少可机器读取 year，需要书目/成书史核验,自动通过,metadata_pending,
大地.md,WL-WORK-1049,大地,,赛珍珠,Pearl S. Buck,,T4 全球现代主义时代,T4,,HAS_T,,,已有有效 T0–T6 坐标,自动通过,metadata_pending,
大地上的居所.md,WL-WORK-1646,大地上的居所,,巴勃罗·聂鲁达,,,,,,MISSING_T_REVIEW_NO_YEAR,,,缺 T 且缺少可机器读取 year，需要书目/成书史核验,自动通过,metadata_pending,
大地惊雷.md,WL-WORK-2493,大地惊雷,True Grit,查尔斯·波蒂斯,Charles Portis,,,,,MISSING_T_REVIEW_NO_YEAR,,,缺 T 且缺少可机器读取 year，需要书目/成书史核验,自动通过,metadata_pending,
大地永存.md,WL-WORK-0325,大地永存,,乔治·R.斯图尔特,George R. Stewart,,T5 二战后多极文学,T5,,HAS_T,,,已有有效 T0–T6 坐标,自动通过,,
大天空.md,WL-WORK-2494,大天空,The Big Sky,A.B.格思里,A.B. Guthrie Jr.,,,,,MISSING_T_REVIEW_NO_YEAR,,,缺 T 且缺少可机器读取 year，需要书目/成书史核验,自动通过,metadata_pending,
大师和玛格丽特.md,WL-WORK-1647,大师和玛格丽特,,布尔加科夫,Yevgeny Zamyatin,,T5 二战后多极文学,T5,,HAS_T,,,已有有效 T0–T6 坐标,自动通过,metadata_pending,CANON-161
大时代.md,WL-WORK-2897,大时代,The Big Time,弗里茨·莱伯,Fritz Leiber,,T5 二战后多极文学,T5,,HAS_T,,,已有有效 T0–T6 坐标,需复核,metadata_pending,
大沙漠.md,WL-WORK-2495,大沙漠,,古龙,,,T5 二战后多极文学,T5,,HAS_T,,,已有有效 T0–T6 坐标,自动通过,metadata_pending,
大海啊，大海.md,WL-WORK-3045,大海啊，大海,"The Sea, the Sea",艾丽丝·默多克,Iris Murdoch,,T5 二战后多极文学,T5,,HAS_T,,,已有有效 T0–T6 坐标,需复核,metadata_pending,
大神潘.md,WL-WORK-0648,大神潘,,阿瑟·马克恩,Arthur Machen,,T4 全球现代主义时代,T4,,HAS_T,,,已有有效 T0–T6 坐标,自动通过,metadata_pending,
大笑的警察.md,WL-WORK-0219,大笑的警察,,舍瓦尔与瓦勒,Sjöwall & Wahlöö,,,,,MISSING_T_REVIEW_NO_YEAR,,,缺 T 且缺少可机器读取 year，需要书目/成书史核验,自动通过,,
大草原.md,WL-WORK-0649,大草原,,詹姆斯·费尼莫尔·库珀,Cooper,,T3 19世纪现代文学体系,T3,,HAS_T,,,已有有效 T0–T6 坐标,自动通过,metadata_pending,
大菩萨岭.md,WL-WORK-2496,大菩萨岭,Daibosatsu Tōge,中里介山,,,,,,MISSING_T_REVIEW_NO_YEAR,,,缺 T 且缺少可机器读取 year，需要书目/成书史核验,自动通过,metadata_pending,
大逃杀.md,WL-WORK-1050,大逃杀,,高见广春,,,,,,MISSING_T_REVIEW_NO_YEAR,,,缺 T 且缺少可机器读取 year，需要书目/成书史核验,自动通过,metadata_pending,
大鼻子情圣.md,WL-WORK-2497,大鼻子情圣,Cyrano de Bergerac,埃德蒙·罗斯丹,Edmond Rostand,,,,,MISSING_T_REVIEW_NO_YEAR,,,缺 T 且缺少可机器读取 year，需要书目/成书史核验,自动通过,metadata_pending,
天上的鸟儿.md,WL-WORK-2952,天上的鸟儿,All the Birds in the Sky,查理·简·安德斯,Charlie Jane Anders,,T6 当代全球文学,T6,,HAS_T,,,已有有效 T0–T6 坐标,需复核,metadata_pending,
天堂.md,WL-WORK-1051,天堂,,何塞·莱萨马·利马,,,,,,MISSING_T_REVIEW_NO_YEAR,,,缺 T 且缺少可机器读取 year，需要书目/成书史核验,自动通过,metadata_pending,
天堂的喷泉.md,WL-WORK-0311,天堂的喷泉,,阿瑟·克拉克,,,T5 二战后多极文学,T5,,HAS_T,,,已有有效 T0–T6 坐标,自动通过,,
天才寓言.md,WL-WORK-1052,天才寓言,Parable of the Talents,奥克塔维娅·巴特勒,Octavia E. Butler,1998,T6 当代全球文学,T6,,HAS_T,,,已有有效 T0–T6 坐标,自动通过,metadata_pending,
天才雷普利.md,WL-WORK-0085,天才雷普利,,帕特里夏·海史密斯,Patricia Highsmith,,T5 二战后多极文学,T5,,HAS_T,,,已有有效 T0–T6 坐标,自动通过,,
天渊.md,WL-WORK-0406,天渊,,弗诺·文奇,Vernor Vinge,,T6 当代全球文学,T6,,HAS_T,,,已有有效 T0–T6 坐标,自动通过,,
天狼星.md,WL-WORK-0292,天狼星,,奥拉夫·斯塔普雷顿,,,T4 全球现代主义时代,T4,,HAS_T,,,已有有效 T0–T6 坐标,自动通过,,
天空的孤儿.md,WL-WORK-0306,天空的孤儿,,罗伯特·海因莱因,,,T5 二战后多极文学,T5,,HAS_T,,,已有有效 T0–T6 坐标,自动通过,,
天行者.md,WL-WORK-2879,天行者,,刘醒龙,,,T6 当代全球文学,T6,,HAS_T,,,已有有效 T0–T6 坐标,需复核,metadata_pending,
天钧.md,WL-WORK-0356,天钧,,厄休拉·勒古恩,Ursula K. Le Guin,,T5 二战后多极文学,T5,,HAS_T,,,已有有效 T0–T6 坐标,自动通过,,
天鹅之歌.md,WL-WORK-0063,天鹅之歌,Swan Song,埃德蒙·克里斯平,Edmund Crispin,,,,,MISSING_T_REVIEW_NO_YEAR,,,缺 T 且缺少可机器读取 year，需要书目/成书史核验,自动通过,,
天鹅绒爪子案.md,WL-WORK-0117,天鹅绒爪子案,,厄尔·斯坦利·加德纳,Erle Stanley Gardner,,,,,MISSING_T_REVIEW_NO_YEAR,,,缺 T 且缺少可机器读取 year，需要书目/成书史核验,自动通过,,
天龙八部.md,WL-WORK-2498,天龙八部,,侠义伦理,,,T5 二战后多极文学,T5,,HAS_T,,,已有有效 T0–T6 坐标,自动通过,metadata_pending,
太平广记.md,WL-WORK-T1-TAIPING-GUANGJI,太平广记,太平廣記,李昉等编,,,T1 中古多中心文学世界,T1,,HAS_T,,,已有有效 T0–T6 坐标,人工核验,metadata_pending,
太平记.md,WL-WORK-1053,太平记,,佚名,那么,,,,,MISSING_T_REVIEW_NO_YEAR,,anonymous_or_oral,缺 T 且缺少可机器读取 year，需要书目/成书史核验,自动通过,metadata_pending,
太白金星有点烦.md,WL-WORK-2766,太白金星有点烦,,马伯庸,,,T6 当代全球文学,T6,,HAS_T,,,已有有效 T0–T6 坐标,个人补录,metadata_pending,
太空商人.md,WL-WORK-0339,太空商人,,弗雷德里克·波尔 / 西里尔·M.科恩布鲁斯,Frederik Pohl / Kornbluth,,T5 二战后多极文学,T5,,HAS_T,,,已有有效 T0–T6 坐标,自动通过,,
太阁记.md,WL-WORK-2499,太阁记,,吉川英治,,,T4 全球现代主义时代,T4,,HAS_T,,,已有有效 T0–T6 坐标,自动通过,metadata_pending,
太阳下的人们.md,WL-WORK-2047,太阳下的人们,Men in the Sun,加桑·卡纳法尼,Ghassan Kanafani,1963,T5 二战后多极文学,T5,,HAS_T,,,已有有效 T0–T6 坐标,手工核验,curated,CANON-247
太阳之屋.md,WL-WORK-0408,太阳之屋,,阿拉斯泰尔·雷诺兹,Alastair Reynolds,,T6 当代全球文学,T6,,HAS_T,,,已有有效 T0–T6 坐标,自动通过,,
太阳传说.md,WL-WORK-1436,太阳传说,Leyenda de los Soles,佚名,,1558,T2 早期现代文学,T2,,HAS_T,,title_aggregate_or_tradition;anonymous_or_oral,已有有效 T0–T6 坐标,自动通过,metadata_pending,
太阳城.md,WL-WORK-1054,太阳城,,康帕内拉,,,,,,MISSING_T_REVIEW_NO_YEAR,,,缺 T 且缺少可机器读取 year，需要书目/成书史核验,自动通过,metadata_pending,
太阳照常升起.md,WL-WORK-1648,太阳照常升起,,海明威,Ernest Hemingway,,T4 全球现代主义时代,T4,,HAS_T,,,已有有效 T0–T6 坐标,自动通过,metadata_pending,
太阳石.md,WL-WORK-1649,太阳石,,奥克塔维奥·帕斯,,,,,,MISSING_T_REVIEW_NO_YEAR,,,缺 T 且缺少可机器读取 year，需要书目/成书史核验,自动通过,metadata_pending,
太阳门.md,WL-WORK-2048,太阳门,,埃利亚斯·胡里,Elias Khoury,,,,,MISSING_T_REVIEW_NO_YEAR,,,缺 T 且缺少可机器读取 year，需要书目/成书史核验,自动通过,metadata_pending,
失乐园.md,WL-WORK-2049,失乐园,Shitsurakuen,渡边淳一,Junichi Watanabe,,T6 当代全球文学,T6,,HAS_T,,,已有有效 T0–T6 坐标,手工核验,metadata_pending,
失乐园（弥尔顿）.md,WL-WORK-T2-PARADISE-LOST,失乐园,Paradise Lost,约翰·弥尔顿,John Milton,1667,T2 早期现代文学,T2,,HAS_T,,,已有有效 T0–T6 坐标,手工核验,curated,CANON-075
失明症漫记.md,WL-WORK-2849,失明症漫记,Blindness,若泽·萨拉马戈,José Saramago,,T6 当代全球文学,T6,,HAS_T,,,已有有效 T0–T6 坐标,需复核,metadata_pending,CANON-185
失窃的信.md,WL-WORK-0008,失窃的信,,爱伦·坡,,,T3 19世纪现代文学体系,T3,,HAS_T,,,已有有效 T0–T6 坐标,自动通过,,
失落的世界.md,WL-WORK-0650,失落的世界,,柯南·道尔,与Conan Doyle,,T4 全球现代主义时代,T4,,HAS_T,,,已有有效 T0–T6 坐标,自动通过,metadata_pending,
失落的继承.md,WL-WORK-3065,失落的继承,The Inheritance of Loss,基兰·德赛,Kiran Desai,,T6 当代全球文学,T6,,HAS_T,,,已有有效 T0–T6 坐标,需复核,metadata_pending,
失踪的足迹.md,WL-WORK-0651,失踪的足迹,,阿莱霍·卡彭铁尔,Alejo Carpentier,,T5 二战后多极文学,T5,,HAS_T,,,已有有效 T0–T6 坐标,自动通过,metadata_pending,
失重的人.md,WL-WORK-1650,失重的人,,墨西哥与美墨边境,,,,,,MISSING_T_REVIEW_NO_YEAR,,,缺 T 且缺少可机器读取 year，需要书目/成书史核验,自动通过,metadata_pending,
夺牛长征记.md,WL-WORK-1437,夺牛长征记,,佚名,,,T1 中古多中心文学世界,T1,,HAS_T,,anonymous_or_oral,已有有效 T0–T6 坐标,自动通过,metadata_pending,
奇侠精忠传.md,WL-WORK-2500,奇侠精忠传,,赵焕亭,,,,,,MISSING_T_REVIEW_NO_YEAR,,,缺 T 且缺少可机器读取 year，需要书目/成书史核验,自动通过,metadata_pending,
奇兰·巴兰之书.md,WL-WORK-1651,奇兰·巴兰之书,,佚名,,,,,,MISSING_T_REVIEW_NO_YEAR,,anonymous_or_oral,缺 T 且缺少可机器读取 year，需要书目/成书史核验,自动通过,metadata_pending,
奇兰巴兰书.md,WL-WORK-1438,奇兰巴兰书,,佚名,,,T2 早期现代文学,T2,,HAS_T,,anonymous_or_oral,已有有效 T0–T6 坐标,自动通过,metadata_pending,
奇异的力量.md,WL-WORK-1652,奇异的力量,,莱奥波尔多·卢贡内斯,,,,,,MISSING_T_REVIEW_NO_YEAR,,,缺 T 且缺少可机器读取 year，需要书目/成书史核验,自动通过,metadata_pending,
奇马尔波波卡手抄本.md,WL-WORK-1439,奇马尔波波卡手抄本,,可通过,,,,,,MISSING_T_REVIEW_NO_YEAR,,,缺 T 且缺少可机器读取 year，需要书目/成书史核验,自动通过,metadata_pending,
奎勒备忘录.md,WL-WORK-3093,奎勒备忘录,The Quiller Memorandum,亚当·霍尔,Adam Hall,,T5 二战后多极文学,T5,,HAS_T,,,已有有效 T0–T6 坐标,需复核,metadata_pending,
契诃夫短篇小说选.md,WL-WORK-2712,契诃夫短篇小说选,,契诃夫,,,T4 全球现代主义时代,T4,,HAS_T,,,已有有效 T0–T6 坐标,个人补录,metadata_pending,CANON-125
奔马.md,WL-WORK-2501,奔马,Runaway Horses,三岛由纪夫,,,T5 二战后多极文学,T5,,HAS_T,,,已有有效 T0–T6 坐标,自动通过,metadata_pending,
奥丽芙·基特里奇.md,WL-WORK-3021,奥丽芙·基特里奇,Olive Kitteridge,伊丽莎白·斯特劳特,Elizabeth Strout,,T6 当代全球文学,T6,,HAS_T,,,已有有效 T0–T6 坐标,需复核,metadata_pending,
奥之细道.md,WL-WORK-1440,奥之细道,おくのほそ道,松尾芭蕉,,1702,T2 早期现代文学,T2,,HAS_T,,,已有有效 T0–T6 坐标,手工核验,curated,CANON-050
奥勃洛莫夫.md,WL-WORK-1055,奥勃洛莫夫,,冈察洛夫,Goncharov,,,,,MISSING_T_REVIEW_NO_YEAR,,,缺 T 且缺少可机器读取 year，需要书目/成书史核验,自动通过,metadata_pending,
奥吉·马奇历险记.md,WL-WORK-1653,奥吉·马奇历险记,,索尔·贝娄,Saul Bellow,,T5 二战后多极文学,T5,,HAS_T,,,已有有效 T0–T6 坐标,自动通过,metadata_pending,
奥尔拉.md,WL-WORK-0652,奥尔拉,,莫泊桑,Guy de Maupassant,,T3 19世纪现代文学体系,T3,,HAS_T,,,已有有效 T0–T6 坐标,自动通过,metadata_pending,
奥德赛.md,WL-WORK-0653,奥德赛,,荷马,,,T0 文学源头与古代文学,T0,,HAS_T,,,已有有效 T0–T6 坐标,自动通过,metadata_pending,CANON-003
奥扬泰.md,WL-WORK-1654,奥扬泰,,安第斯,,,,,,MISSING_T_REVIEW_NO_YEAR,,,缺 T 且缺少可机器读取 year，需要书目/成书史核验,自动通过,metadata_pending,
奥拉.md,WL-WORK-1655,奥拉,,卡洛斯·富恩特斯,,,T5 二战后多极文学,T5,,HAS_T,,,已有有效 T0–T6 坐标,自动通过,metadata_pending,
奥斯卡·瓦奥短暂而奇妙的一生.md,WL-WORK-1056,奥斯卡·瓦奥短暂而奇妙的一生,The Brief Wondrous Life of Oscar Wao,朱诺·迪亚斯,Junot Díaz,2007,T6 当代全球文学,T6,,HAS_T,,,已有有效 T0–T6 坐标,自动通过,metadata_pending,
奥斯卡与露辛达.md,WL-WORK-3054,奥斯卡与露辛达,Oscar and Lucinda,彼得·凯里,Peter Carey,,T6 当代全球文学,T6,,HAS_T,,,已有有效 T0–T6 坐标,需复核,metadata_pending,
奥斯特利茨.md,WL-WORK-2050,奥斯特利茨,,W.G.塞巴尔德,,,T6 当代全球文学,T6,,HAS_T,,,已有有效 T0–T6 坐标,自动通过,metadata_pending,
奥特朗托城堡.md,WL-WORK-0654,奥特朗托城堡,,霍勒斯·沃波尔,Horace Walpole,,,,,MISSING_T_REVIEW_NO_YEAR,,,缺 T 且缺少可机器读取 year，需要书目/成书史核验,自动通过,metadata_pending,
奥秘匕首.md,WL-WORK-0655,奥秘匕首,,菲利普·普尔曼,Philip Pullman,,T6 当代全球文学,T6,,HAS_T,,,已有有效 T0–T6 坐标,自动通过,metadata_pending,
奥米昆莱的女仆.md,WL-WORK-1656,奥米昆莱的女仆,,丽塔·印第安纳,Rita Indiana,,,,,MISSING_T_REVIEW_NO_YEAR,,,缺 T 且缺少可机器读取 year，需要书目/成书史核验,自动通过,metadata_pending,
奥赛罗.md,WL-WORK-2828,奥赛罗,Othello,威廉·莎士比亚,William Shakespeare,,T2 早期现代文学,T2,,HAS_T,,,已有有效 T0–T6 坐标,需复核,metadata_pending,CANON-072
奥麦罗斯.md,WL-WORK-3209,奥麦罗斯,Omeros,德里克·沃尔科特,Derek Walcott,,T6 当代全球文学,T6,,HAS_T,,,已有有效 T0–T6 坐标,需复核,metadata_pending,CANON-280
女人之国的大门.md,WL-WORK-1057,女人之国的大门,,谢丽·S.特珀,Sheri S. Tepper,,,,,MISSING_T_REVIEW_NO_YEAR,,,缺 T 且缺少可机器读取 year，需要书目/成书史核验,自动通过,metadata_pending,
女人之岸.md,WL-WORK-1058,女人之岸,,帕梅拉·萨金特,Pamela Sargent,,,,,MISSING_T_REVIEW_NO_YEAR,,,缺 T 且缺少可机器读取 year，需要书目/成书史核验,自动通过,metadata_pending,
女人的房间.md,WL-WORK-1657,女人的房间,,玛丽莲·弗伦奇,Marilyn French,,T5 二战后多极文学,T5,,HAS_T,,,已有有效 T0–T6 坐标,自动通过,metadata_pending,
女仆.md,WL-WORK-1658,女仆,,让·热内,Jean Genet,,T5 二战后多极文学,T5,,HAS_T,,,已有有效 T0–T6 坐标,自动通过,metadata_pending,
女孩们的沉默.md,WL-WORK-0656,女孩们的沉默,,帕特·巴克,Pat Barker,,T6 当代全球文学,T6,,HAS_T,,,已有有效 T0–T6 坐标,自动通过,metadata_pending,
女孩，女人，其他.md,WL-WORK-3076,女孩，女人，其他,"Girl, Woman, Other",伯纳丁·埃瓦里斯托,Bernardine Evaristo,,T6 当代全球文学,T6,,HAS_T,,,已有有效 T0–T6 坐标,需复核,metadata_pending,
女巫前传.md,WL-WORK-0657,女巫前传,,格雷戈里·马奎尔,Gregory Maguire,,,,,MISSING_T_REVIEW_NO_YEAR,,,缺 T 且缺少可机器读取 year，需要书目/成书史核验,自动通过,metadata_pending,
女巫的预言.md,WL-WORK-1441,女巫的预言,,佚名,北欧,,T1 中古多中心文学世界,T1,,HAS_T,,anonymous_or_oral,已有有效 T0–T6 坐标,自动通过,metadata_pending,
女巫角.md,WL-WORK-0034,女巫角,,约翰·狄克森·卡尔,,,T4 全球现代主义时代,T4,,HAS_T,,,已有有效 T0–T6 坐标,自动通过,,
女性男人.md,WL-WORK-1659,女性男人,,乔安娜·拉斯,Joanna Russ,,T5 二战后多极文学,T5,,HAS_T,,,已有有效 T0–T6 坐标,自动通过,metadata_pending,
女王蜂.md,WL-WORK-0156,女王蜂,,横沟正史,,,T5 二战后多极文学,T5,,HAS_T,,,已有有效 T0–T6 坐标,自动通过,,
女神颂.md,WL-WORK-1442,女神颂,,佚名,,,T0 文学源头与古代文学,T0,,HAS_T,,anonymous_or_oral,已有有效 T0–T6 坐标,自动通过,metadata_pending,
女英雄书简.md,WL-WORK-1443,女英雄书简,,奥维德,,,T0 文学源头与古代文学,T0,,HAS_T,,,已有有效 T0–T6 坐标,自动通过,metadata_pending,
女雕塑家.md,WL-WORK-3120,女雕塑家,The Sculptress,米内特·沃尔特斯,Minette Walters,,T6 当代全球文学,T6,,HAS_T,,,已有有效 T0–T6 坐标,需复核,metadata_pending,
女面.md,WL-WORK-1660,女面,,円地文子,Enchi Fumiko,,T5 二战后多极文学,T5,,HAS_T,,,已有有效 T0–T6 坐标,自动通过,metadata_pending,
她.md,WL-WORK-0658,她,,哈格德,H. Rider Haggard,,T3 19世纪现代文学体系,T3,,HAS_T,,,已有有效 T0–T6 坐标,自动通过,metadata_pending,
她乡.md,WL-WORK-1059,她乡,,夏洛特·珀金斯·吉尔曼,Charlotte Perkins Gilman,,T4 全球现代主义时代,T4,,HAS_T,,,已有有效 T0–T6 坐标,自动通过,metadata_pending,
她乡——中国女性科幻作品选.md,WL-WORK-0468,她乡——中国女性科幻作品选,,新生代,,,,,,MISSING_T_REVIEW_NO_YEAR,,,缺 T 且缺少可机器读取 year，需要书目/成书史核验,自动通过,,
她对此感到厌烦.md,WL-WORK-2751,她对此感到厌烦,,妚鹤,,,T6 当代全球文学,T6,,HAS_T,,,已有有效 T0–T6 坐标,个人补录,metadata_pending,
她的烟雾永恒升起.md,WL-WORK-0359,她的烟雾永恒升起,,詹姆斯·提普特里二世,James Tiptree Jr.,,T5 二战后多极文学,T5,,HAS_T,,,已有有效 T0–T6 坐标,自动通过,,
她的身体和其他派对.md,WL-WORK-0659,她的身体和其他派对,,卡门·玛丽亚·马查多,Carmen Maria Machado,,,,,MISSING_T_REVIEW_NO_YEAR,,,缺 T 且缺少可机器读取 year，需要书目/成书史核验,自动通过,metadata_pending,
好兵.md,WL-WORK-1661,好兵,,福特·马多克斯·福特,,,T4 全球现代主义时代,T4,,HAS_T,,,已有有效 T0–T6 坐标,自动通过,metadata_pending,
好兵帅克.md,WL-WORK-0660,好兵帅克,,雅罗斯拉夫·哈谢克,Jaroslav Hašek,,T4 全球现代主义时代,T4,,HAS_T,,,已有有效 T0–T6 坐标,自动通过,metadata_pending,CANON-297
好色一代男.md,WL-WORK-T2-KOSHOKU-ICHIDAI-OTOKO,好色一代男,好色一代男,井原西鹤,Ihara Saikaku,1682,T2 早期现代文学,T2,,HAS_T,,,已有有效 T0–T6 坐标,手工核验,curated,
如今在十一月.md,WL-WORK-2972,如今在十一月,Now in November,约瑟芬·温斯洛·约翰逊,Josephine Winslow Johnson,,T4 全球现代主义时代,T4,,HAS_T,,,已有有效 T0–T6 坐标,需复核,metadata_pending,
如意郎君.md,WL-WORK-1060,如意郎君,,维克多·塞斯,Vikram Seth,,,,,MISSING_T_REVIEW_NO_YEAR,,,缺 T 且缺少可机器读取 year，需要书目/成书史核验,自动通过,metadata_pending,
如果在冬夜，一个旅人.md,WL-WORK-1662,如果在冬夜，一个旅人,,伊塔洛·卡尔维诺,Italo Calvino,,T5 二战后多极文学,T5,,HAS_T,,,已有有效 T0–T6 坐标,自动通过,metadata_pending,
如果我们无法以光速前行.md,WL-WORK-0479,如果我们无法以光速前行,,金草叶,,,,,,MISSING_T_REVIEW_NO_YEAR,,,缺 T 且缺少可机器读取 year，需要书目/成书史核验,自动通过,,
如果我死在战区.md,WL-WORK-1663,如果我死在战区,,蒂姆·奥布莱恩,Tim O'Brien,,T5 二战后多极文学,T5,,HAS_T,,,已有有效 T0–T6 坐标,自动通过,metadata_pending,
如果这是一个人.md,WL-WORK-1664,如果这是一个人,,普里莫·莱维,Primo Levi,,T5 二战后多极文学,T5,,HAS_T,,,已有有效 T0–T6 坐标,自动通过,metadata_pending,
如此漫长的信.md,WL-WORK-2051,如此漫长的信,,玛丽亚玛·芭,Mariama Bâ,1979,T5 二战后多极文学,T5,,HAS_T,,,已有有效 T0–T6 坐标,自动通过,metadata_pending,CANON-193
姆温多史诗.md,WL-WORK-1444,姆温多史诗,The Mwindo Epic from the Banyanga,佚名,,1969,T5 二战后多极文学,T5,,HAS_T,,title_aggregate_or_tradition;anonymous_or_oral,已有有效 T0–T6 坐标,自动通过,metadata_pending,
姑获鸟之夏.md,WL-WORK-0190,姑获鸟之夏,,京极夏彦,,,T6 当代全球文学,T6,,HAS_T,,,已有有效 T0–T6 坐标,自动通过,,
威尼斯之死.md,WL-WORK-1665,威尼斯之死,,托马斯·曼,Thomas Mann,,T4 全球现代主义时代,T4,,HAS_T,,,已有有效 T0–T6 坐标,自动通过,metadata_pending,
威廉·迈斯特的学习时代.md,WL-WORK-1061,威廉·迈斯特的学习时代,,歌德,Goethe,,T2 早期现代文学,T2,,HAS_T,,,已有有效 T0–T6 坐标,自动通过,metadata_pending,
威廉·迈斯特的漫游时代.md,WL-WORK-1062,威廉·迈斯特的漫游时代,,歌德,,,T3 19世纪现代文学体系,T3,,HAS_T,,,已有有效 T0–T6 坐标,自动通过,metadata_pending,
威弗利.md,WL-WORK-0661,威弗利,,沃尔特·司各特,Walter Scott,,T3 19世纪现代文学体系,T3,,HAS_T,,,已有有效 T0–T6 坐标,自动通过,metadata_pending,
娜娜.md,WL-WORK-1063,娜娜,,左拉,Émile Zola,,T3 19世纪现代文学体系,T3,,HAS_T,,,已有有效 T0–T6 坐标,自动通过,metadata_pending,
嫉妒.md,WL-WORK-1666,嫉妒,,阿兰·罗伯-格里耶,Alain Robbe-Grillet,,T5 二战后多极文学,T5,,HAS_T,,,已有有效 T0–T6 坐标,自动通过,metadata_pending,
嫌疑人X的献身.md,WL-WORK-0211,嫌疑人X的献身,,东野圭吾,,,T6 当代全球文学,T6,,HAS_T,,,已有有效 T0–T6 坐标,自动通过,,
子不语.md,WL-WORK-0662,子不语,,袁枚,,,,,,MISSING_T_REVIEW_NO_YEAR,,,缺 T 且缺少可机器读取 year，需要书目/成书史核验,自动通过,metadata_pending,
子夜.md,WL-WORK-2817,子夜,Midnight,茅盾,Mao Dun,,T4 全球现代主义时代,T4,,HAS_T,,,已有有效 T0–T6 坐标,需复核,metadata_pending,CANON-044
孟菲斯之召.md,WL-WORK-3005,孟菲斯之召,A Summons to Memphis,彼得·泰勒,Peter Taylor,,T6 当代全球文学,T6,,HAS_T,,,已有有效 T0–T6 坐标,需复核,metadata_pending,
孤儿大师之子.md,WL-WORK-3024,孤儿大师之子,The Orphan Master's Son,亚当·约翰逊,Adam Johnson,,T6 当代全球文学,T6,,HAS_T,,,已有有效 T0–T6 坐标,需复核,metadata_pending,
孤岛之谜.md,WL-WORK-0184,孤岛之谜,,有栖川有栖,,,T6 当代全球文学,T6,,HAS_T,,,已有有效 T0–T6 坐标,自动通过,,
孤岛之鬼.md,WL-WORK-0150,孤岛之鬼,,江户川乱步,,,T4 全球现代主义时代,T4,,HAS_T,,,已有有效 T0–T6 坐标,自动通过,,
孤独之地.md,WL-WORK-0083,孤独之地,,多萝西·B.休斯,Dorothy B. Hughes,,,,,MISSING_T_REVIEW_NO_YEAR,,,缺 T 且缺少可机器读取 year，需要书目/成书史核验,自动通过,,
孤独的伦敦人.md,WL-WORK-1667,孤独的伦敦人,,萨姆·塞尔文,Selvon,,T5 二战后多极文学,T5,,HAS_T,,,已有有效 T0–T6 坐标,自动通过,metadata_pending,
孤独的迷宫.md,WL-WORK-1668,孤独的迷宫,,奥克塔维奥·帕斯,Paz,,,,,MISSING_T_REVIEW_NO_YEAR,,,缺 T 且缺少可机器读取 year，需要书目/成书史核验,自动通过,metadata_pending,
孤鸽镇.md,WL-WORK-2502,孤鸽镇,Lonesome Dove,拉里·麦克默特里,Larry McMurtry,,T6 当代全球文学,T6,,HAS_T,,,已有有效 T0–T6 坐标,自动通过,metadata_pending,
孩子，你别哭.md,WL-WORK-1064,孩子，你别哭,,恩古吉·瓦·提安哥,Ngũgĩ wa Thiong'o,,T5 二战后多极文学,T5,,HAS_T,,,已有有效 T0–T6 坐标,自动通过,metadata_pending,
孽子.md,WL-WORK-2706,孽子,,白先勇,,,T6 当代全球文学,T6,,HAS_T,,,已有有效 T0–T6 坐标,个人补录,metadata_pending,
它.md,WL-WORK-0663,它,,斯蒂芬·金,Stephen King,,T6 当代全球文学,T6,,HAS_T,,,已有有效 T0–T6 坐标,自动通过,metadata_pending,
宇宙云雀.md,WL-WORK-0288,宇宙云雀,,E.E.史密斯,E.E. Smith,,T4 全球现代主义时代,T4,,HAS_T,,,已有有效 T0–T6 坐标,自动通过,,
宇宙奇趣全集.md,WL-WORK-1669,宇宙奇趣全集,,伊塔洛·卡尔维诺,Italo Calvino,,T5 二战后多极文学,T5,,HAS_T,,title_aggregate_or_tradition,已有有效 T0–T6 坐标,自动通过,metadata_pending,
守产人.md,WL-WORK-3040,守产人,The Conservationist,纳丁·戈迪默,Nadine Gordimer,,T5 二战后多极文学,T5,,HAS_T,,,已有有效 T0–T6 坐标,需复核,metadata_pending,
守夜.md,WL-WORK-1065,守夜,,萨拉·沃特斯,Sarah Waters,,T6 当代全球文学,T6,,HAS_T,,,已有有效 T0–T6 坐标,自动通过,metadata_pending,
守屋人.md,WL-WORK-2991,守屋人,The Keepers of the House,雪莉·安·格劳,Shirley Ann Grau,,T5 二战后多极文学,T5,,HAS_T,,,已有有效 T0–T6 坐标,需复核,metadata_pending,
安伯森家族.md,WL-WORK-2959,安伯森家族,The Magnificent Ambersons,布思·塔金顿,Booth Tarkington,,T4 全球现代主义时代,T4,,HAS_T,,,已有有效 T0–T6 坐标,需复核,metadata_pending,
安妮日记.md,WL-WORK-1066,安妮日记,,安妮·弗兰克,Anne Frank,,T5 二战后多极文学,T5,,HAS_T,,,已有有效 T0–T6 坐标,自动通过,metadata_pending,
安娜·卡列尼娜.md,WL-WORK-1067,安娜·卡列尼娜,,列夫·托尔斯泰,Tolstoy,,T3 19世纪现代文学体系,T3,,HAS_T,,,已有有效 T0–T6 坐标,自动通过,metadata_pending,CANON-123
安徒生童话.md,WL-WORK-0664,安徒生童话,,安徒生,Hans Christian Andersen,,T3 19世纪现代文学体系,T3,,HAS_T,,,已有有效 T0–T6 坐标,自动通过,metadata_pending,CANON-128
安德森维尔.md,WL-WORK-2985,安德森维尔,Andersonville,麦金莱·坎特,MacKinlay Kantor,,T5 二战后多极文学,T5,,HAS_T,,,已有有效 T0–T6 坐标,需复核,metadata_pending,
安德的游戏.md,WL-WORK-0414,安德的游戏,,奥森·斯科特·卡德,Orson Scott Card,,T6 当代全球文学,T6,,HAS_T,,,已有有效 T0–T6 坐标,自动通过,,
安息角.md,WL-WORK-2503,安息角,Angle of Repose,华莱士·斯特格纳,Stegner,1971,T5 二战后多极文学,T5,,HAS_T,,,已有有效 T0–T6 坐标,自动通过,metadata_pending,
安提戈涅.md,WL-WORK-1445,安提戈涅,,索福克勒斯,,,T0 文学源头与古代文学,T0,,HAS_T,,,已有有效 T0–T6 坐标,自动通过,metadata_pending,CANON-006
安珀志：安珀九王子.md,WL-WORK-0665,安珀志：安珀九王子,,罗杰·泽拉兹尼,Roger Zelazny,,T5 二战后多极文学,T5,,HAS_T,,,已有有效 T0–T6 坐标,自动通过,metadata_pending,
安静的场所.md,WL-WORK-0165,安静的场所,A Quiet Place,松本清张,,,T5 二战后多极文学,T5,,HAS_T,,,已有有效 T0–T6 坐标,自动通过,,
安魂曲.md,WL-WORK-1670,安魂曲,,阿赫玛托娃,,,,,,MISSING_T_REVIEW_NO_YEAR,,,缺 T 且缺少可机器读取 year，需要书目/成书史核验,自动通过,metadata_pending,
宝剑金钗.md,WL-WORK-2504,宝剑金钗,,还珠楼主,,,T4 全球现代主义时代,T4,,HAS_T,,,已有有效 T0–T6 坐标,自动通过,metadata_pending,
宝水.md,WL-WORK-2892,宝水,,乔叶,,,T6 当代全球文学,T6,,HAS_T,,,已有有效 T0–T6 坐标,需复核,metadata_pending,
宠儿.md,WL-WORK-0666,宠儿,,托妮·莫里森,,,T6 当代全球文学,T6,,HAS_T,,,已有有效 T0–T6 坐标,自动通过,metadata_pending,CANON-175
宠物公墓.md,WL-WORK-0667,宠物公墓,,斯蒂芬·金,Stephen King,,T6 当代全球文学,T6,,HAS_T,,,已有有效 T0–T6 坐标,自动通过,metadata_pending,
审判.md,WL-WORK-1671,审判,The Trial,卡夫卡,Franz Kafka,,T4 全球现代主义时代,T4,,HAS_T,,,已有有效 T0–T6 坐标,手工核验,metadata_pending,CANON-147
客人.md,WL-WORK-2052,客人,,黄晳暎,,,,,,MISSING_T_REVIEW_NO_YEAR,,,缺 T 且缺少可机器读取 year，需要书目/成书史核验,自动通过,metadata_pending,
宫本武藏.md,WL-WORK-1068,宫本武藏,,吉川英治,,,T4 全球现代主义时代,T4,,HAS_T,,,已有有效 T0–T6 坐标,自动通过,metadata_pending,
宫间街.md,WL-WORK-1069,宫间街,,纳吉布·马哈福兹,Naguib Mahfouz,,T5 二战后多极文学,T5,,HAS_T,,,已有有效 T0–T6 坐标,自动通过,metadata_pending,
家.md,WL-WORK-1070,家,,巴金,,,T4 全球现代主义时代,T4,,HAS_T,,,已有有效 T0–T6 坐标,自动通过,metadata_pending,CANON-041
家园.md,WL-WORK-1071,家园,,玛丽莲·罗宾逊,Marilynne Robinson,,T6 当代全球文学,T6,,HAS_T,,,已有有效 T0–T6 坐标,自动通过,metadata_pending,
家庭与世界.md,WL-WORK-1672,家庭与世界,,泰戈尔,Rabindranath Tagore,,T4 全球现代主义时代,T4,,HAS_T,,,已有有效 T0–T6 坐标,自动通过,metadata_pending,CANON-228
家庭纽带.md,WL-WORK-1673,家庭纽带,,克拉丽丝·李斯佩克朵,,,,,,MISSING_T_REVIEW_NO_YEAR,,,缺 T 且缺少可机器读取 year，需要书目/成书史核验,自动通过,metadata_pending,
宾蒂.md,WL-WORK-0473,宾蒂,,恩涅蒂·奥科拉弗,Nnedi Okorafor,,,,,MISSING_T_REVIEW_NO_YEAR,,,缺 T 且缺少可机器读取 year，需要书目/成书史核验,自动通过,,
宿命论者雅克和他的主人.md,WL-WORK-3156,宿命论者雅克和他的主人,Jacques le fataliste et son maître,德尼·狄德罗,Denis Diderot,,T2 早期现代文学,T2,,HAS_T,,,已有有效 T0–T6 坐标,需复核,metadata_pending,CANON-200
寂寞之井.md,WL-WORK-1072,寂寞之井,,拉德克利夫·霍尔,Radclyffe Hall,,,,,MISSING_T_REVIEW_NO_YEAR,,,缺 T 且缺少可机器读取 year，需要书目/成书史核验,自动通过,metadata_pending,
寂寞芳心小姐.md,WL-WORK-1674,寂寞芳心小姐,,纳撒尼尔·韦斯特,Nathanael West,,,,,MISSING_T_REVIEW_NO_YEAR,,,缺 T 且缺少可机器读取 year，需要书目/成书史核验,自动通过,metadata_pending,
密使.md,WL-WORK-2053,密使,,小川洋子,,,T6 当代全球文学,T6,,HAS_T,,,已有有效 T0–T6 坐标,自动通过,metadata_pending,
密室里的记忆.md,WL-WORK-1073,密室里的记忆,,小川洋子,,,T6 当代全球文学,T6,,HAS_T,,,已有有效 T0–T6 坐标,自动通过,metadata_pending,
密西西比河上的生活.md,WL-WORK-1446,密西西比河上的生活,,马克·吐温,Twain,,T3 19世纪现代文学体系,T3,,HAS_T,,,已有有效 T0–T6 坐标,自动通过,metadata_pending,
寒冷的红日出.md,WL-WORK-3115,寒冷的红日出,A Cold Red Sunrise,斯图尔特·M·卡明斯基,Stuart M. Kaminsky,,T6 当代全球文学,T6,,HAS_T,,,已有有效 T0–T6 坐标,需复核,metadata_pending,
寒颤.md,WL-WORK-0090,寒颤,,罗斯·麦克唐纳,Ross Macdonald,,T5 二战后多极文学,T5,,HAS_T,,,已有有效 T0–T6 坐标,自动通过,,
寓言集.md,WL-WORK-1675,寓言集,,胡安·何塞·阿雷奥拉,,,,,,MISSING_T_REVIEW_NO_YEAR,,,缺 T 且缺少可机器读取 year，需要书目/成书史核验,自动通过,metadata_pending,
寓言（福克纳）.md,WL-WORK-2984,寓言,A Fable,威廉·福克纳,William Faulkner,,T5 二战后多极文学,T5,,HAS_T,,,已有有效 T0–T6 坐标,需复核,metadata_pending,
寻秦记.md,WL-WORK-2505,寻秦记,,黄易,,,T6 当代全球文学,T6,,HAS_T,,,已有有效 T0–T6 坐标,自动通过,metadata_pending,
封神演义.md,WL-WORK-0668,封神演义,,东方前现代幻想,,,,,,MISSING_T_REVIEW_NO_YEAR,,,缺 T 且缺少可机器读取 year，需要书目/成书史核验,自动通过,metadata_pending,
射雕英雄传.md,WL-WORK-2506,射雕英雄传,,金庸,,,T5 二战后多极文学,T5,,HAS_T,,,已有有效 T0–T6 坐标,自动通过,metadata_pending,
将军吟.md,WL-WORK-2857,将军吟,,莫应丰,,,T6 当代全球文学,T6,,HAS_T,,,已有有效 T0–T6 坐标,需复核,metadata_pending,
将军底头.md,WL-WORK-1676,将军底头,,施蛰存,,,T4 全球现代主义时代,T4,,HAS_T,,,已有有效 T0–T6 坐标,自动通过,metadata_pending,
将军族.md,WL-WORK-1677,将军族,,陈映真,,,T5 二战后多极文学,T5,,HAS_T,,,已有有效 T0–T6 坐标,自动通过,metadata_pending,
小书痴的下克上.md,WL-WORK-0669,小书痴的下克上,,香月美夜,,,,,,MISSING_T_REVIEW_NO_YEAR,,,缺 T 且缺少可机器读取 year，需要书目/成书史核验,自动通过,metadata_pending,
小五义.md,WL-WORK-2507,小五义,,石玉昆,,,T3 19世纪现代文学体系,T3,,HAS_T,,,已有有效 T0–T6 坐标,自动通过,metadata_pending,
小妇人.md,WL-WORK-1074,小妇人,,路易莎·梅·奥尔科特,Louisa May Alcott,,T3 19世纪现代文学体系,T3,,HAS_T,,,已有有效 T0–T6 坐标,自动通过,metadata_pending,CANON-132
小时代.md,WL-WORK-2752,小时代,,郭敬明,,,T6 当代全球文学,T6,,HAS_T,,,已有有效 T0–T6 坐标,个人补录,metadata_pending,
小猎犬号航海记.md,WL-WORK-1447,小猎犬号航海记,,达尔文,Darwin,,,,,MISSING_T_REVIEW_NO_YEAR,,,缺 T 且缺少可机器读取 year，需要书目/成书史核验,自动通过,metadata_pending,
小王子.md,WL-WORK-2731,小王子,,安托万·德·圣埃克苏佩里,,,T4 全球现代主义时代,T4,,HAS_T,,,已有有效 T0–T6 坐标,个人补录,metadata_pending,CANON-159
小眼睛.md,WL-WORK-1075,小眼睛,,萨曼塔·施韦布林,Samanta Schweblin,,T6 当代全球文学,T6,,HAS_T,,,已有有效 T0–T6 坐标,自动通过,metadata_pending,
小神们.md,WL-WORK-0670,小神们,,特里·普拉切特,Terry Pratchett,,T6 当代全球文学,T6,,HAS_T,,,已有有效 T0–T6 坐标,自动通过,metadata_pending,
小酒店.md,WL-WORK-1076,小酒店,,左拉,Émile Zola,,T3 19世纪现代文学体系,T3,,HAS_T,,,已有有效 T0–T6 坐标,自动通过,metadata_pending,
小陌生人.md,WL-WORK-0671,小陌生人,,萨拉·沃特斯,Sarah Waters,,T6 当代全球文学,T6,,HAS_T,,,已有有效 T0–T6 坐标,自动通过,metadata_pending,
少年.md,WL-WORK-1077,少年,,陀思妥耶夫斯基,Dostoevsky,,T3 19世纪现代文学体系,T3,,HAS_T,,,已有有效 T0–T6 坐标,自动通过,metadata_pending,
少年Pi的奇幻漂流.md,WL-WORK-2054,少年Pi的奇幻漂流,,扬·马特尔,,,T6 当代全球文学,T6,,HAS_T,,,已有有效 T0–T6 坐标,自动通过,metadata_pending,
少年天子.md,WL-WORK-1078,少年天子,,凌力,,,T6 当代全球文学,T6,,HAS_T,,,已有有效 T0–T6 坐标,自动通过,metadata_pending,
少年特尔勒斯的困惑.md,WL-WORK-1079,少年特尔勒斯的困惑,,罗伯特·穆齐尔,Robert Musil,,T4 全球现代主义时代,T4,,HAS_T,,,已有有效 T0–T6 坐标,自动通过,metadata_pending,
少年维特的烦恼.md,WL-WORK-2055,少年维特的烦恼,,歌德,毁灭,,T2 早期现代文学,T2,,HAS_T,,,已有有效 T0–T6 坐标,自动通过,metadata_pending,CANON-086
少年艺术家的画像.md,WL-WORK-1080,少年艺术家的画像,,詹姆斯·乔伊斯,James Joyce,,T4 全球现代主义时代,T4,,HAS_T,,,已有有效 T0–T6 坐标,自动通过,metadata_pending,
少雨之地.md,WL-WORK-2508,少雨之地,The Land of Little Rain,玛丽·奥斯汀,Mary Austin,,,,,MISSING_T_REVIEW_NO_YEAR,,,缺 T 且缺少可机器读取 year，需要书目/成书史核验,自动通过,metadata_pending,
尘埃落定.md,WL-WORK-1081,尘埃落定,,阿来,,,T6 当代全球文学,T6,,HAS_T,,,已有有效 T0–T6 坐标,自动通过,metadata_pending,
尤利西斯.md,WL-WORK-1678,尤利西斯,Ulysses,詹姆斯·乔伊斯,James Joyce,,T4 全球现代主义时代,T4,,HAS_T,,,已有有效 T0–T6 坐标,手工核验,metadata_pending,CANON-136
尤比克.md,WL-WORK-0330,尤比克,,菲利普·K.迪克,Philip K. Dick,,T5 二战后多极文学,T5,,HAS_T,,,已有有效 T0–T6 坐标,自动通过,,
尸人庄谜案.md,WL-WORK-0205,尸人庄谜案,,今村昌弘,,,T6 当代全球文学,T6,,HAS_T,,,已有有效 T0–T6 坐标,自动通过,,
尸体之城.md,WL-WORK-2056,尸体之城,,大田洋子,,,T5 二战后多极文学,T5,,HAS_T,,,已有有效 T0–T6 坐标,自动通过,metadata_pending,
尸体之街.md,WL-WORK-1679,尸体之街,,大田洋子,,,T5 二战后多极文学,T5,,HAS_T,,,已有有效 T0–T6 坐标,自动通过,metadata_pending,
尸体会说话.md,WL-WORK-0121,尸体会说话,Postmortem,帕特里夏·康威尔,Patricia Cornwell,,,,,MISSING_T_REVIEW_NO_YEAR,,,缺 T 且缺少可机器读取 year，需要书目/成书史核验,自动通过,,
尸者的帝国.md,WL-WORK-0449,尸者的帝国,,伊藤计划 / 圆城塔,,,,,,MISSING_T_REVIEW_NO_YEAR,,,缺 T 且缺少可机器读取 year，需要书目/成书史核验,自动通过,,
尸鬼.md,WL-WORK-0672,尸鬼,,小野不由美,,,T6 当代全球文学,T6,,HAS_T,,,已有有效 T0–T6 坐标,自动通过,metadata_pending,
尼伯龙根之歌.md,WL-WORK-0673,尼伯龙根之歌,,佚名,,,T1 中古多中心文学世界,T1,,HAS_T,,anonymous_or_oral,已有有效 T0–T6 坐标,自动通过,metadata_pending,CANON-021
尼罗河上的惨案.md,WL-WORK-0026,尼罗河上的惨案,,阿加莎·克里斯蒂,,,T4 全球现代主义时代,T4,,HAS_T,,,已有有效 T0–T6 坐标,自动通过,,
尼雅尔萨迦.md,WL-WORK-1082,尼雅尔萨迦,,佚名,,,T1 中古多中心文学世界,T1,,HAS_T,,anonymous_or_oral,已有有效 T0–T6 坐标,自动通过,metadata_pending,CANON-022
局外人.md,WL-WORK-1083,局外人,L'Étranger,阿尔贝·加缪,Albert Camus,1942,T4 全球现代主义时代,T4,,HAS_T,,,已有有效 T0–T6 坐标,手工核验,core_metadata_checked,CANON-155
屠场.md,WL-WORK-1680,屠场,,埃斯特万·埃切维里亚,,,,,,MISSING_T_REVIEW_NO_YEAR,,,缺 T 且缺少可机器读取 year，需要书目/成书史核验,自动通过,metadata_pending,
屠宰场之舞.md,WL-WORK-3118,屠宰场之舞,A Dance at the Slaughterhouse,劳伦斯·布洛克,Lawrence Block,,T6 当代全球文学,T6,,HAS_T,,,已有有效 T0–T6 坐标,需复核,metadata_pending,
山海经.md,WL-WORK-1448,山海经,,佚名,,,T0 文学源头与古代文学,T0,,HAS_T,,anonymous_or_oral,已有有效 T0–T6 坐标,自动通过,metadata_pending,
山音.md,WL-WORK-3158,山音,Yama no Oto,川端康成,Yasunari Kawabata,,T5 二战后多极文学,T5,,HAS_T,,,已有有效 T0–T6 坐标,需复核,metadata_pending,CANON-204
岁时记.md,WL-WORK-1449,岁时记,,奥维德,,,T0 文学源头与古代文学,T0,,HAS_T,,,已有有效 T0–T6 坐标,自动通过,metadata_pending,
岛上书店.md,WL-WORK-2762,岛上书店,,加·泽文,,,T6 当代全球文学,T6,,HAS_T,,,已有有效 T0–T6 坐标,个人补录,metadata_pending,
岭南摭怪.md,WL-WORK-1450,岭南摭怪,,佚名,越南,,T1 中古多中心文学世界,T1,,HAS_T,,anonymous_or_oral,已有有效 T0–T6 坐标,自动通过,metadata_pending,
崩溃.md,WL-WORK-2057,崩溃,,左拉,Émile Zola,,T4 全球现代主义时代,T4,,HAS_T,,,已有有效 T0–T6 坐标,自动通过,metadata_pending,
工作与时日.md,WL-WORK-1451,工作与时日,Works and Days,赫西俄德,,,T0 文学源头与古代文学,T0,,HAS_T,,,已有有效 T0–T6 坐标,手工核验,metadata_pending,
左传.md,WL-WORK-1084,左传,,左丘明,,,,,,MISSING_T_REVIEW_NO_YEAR,,,缺 T 且缺少可机器读取 year，需要书目/成书史核验,自动通过,metadata_pending,
巨人传.md,WL-WORK-3164,巨人传,Gargantua et Pantagruel,弗朗索瓦·拉伯雷,François Rabelais,,T2 早期现代文学,T2,,HAS_T,,,已有有效 T0–T6 坐标,需复核,metadata_pending,CANON-212
巨石苍穹.md,WL-WORK-0674,巨石苍穹,,N.K.杰米辛,N.K. Jemisin,,T6 当代全球文学,T6,,HAS_T,,,已有有效 T0–T6 坐标,自动通过,metadata_pending,
差分机.md,WL-WORK-0440,差分机,,威廉·吉布森 / 布鲁斯·斯特林,William Gibson / Bruce Sterling,,T6 当代全球文学,T6,,HAS_T,,,已有有效 T0–T6 坐标,自动通过,,
已故的乔治·阿普利.md,WL-WORK-2974,已故的乔治·阿普利,The Late George Apley,约翰·P·马昆德,John Phillips Marquand,,T4 全球现代主义时代,T4,,HAS_T,,,已有有效 T0–T6 坐标,需复核,metadata_pending,
已故的帕斯卡尔.md,WL-WORK-1681,已故的帕斯卡尔,,皮兰德娄,Luigi Pirandello,,T4 全球现代主义时代,T4,,HAS_T,,,已有有效 T0–T6 坐标,自动通过,metadata_pending,
已知世界.md,WL-WORK-1085,已知世界,,爱德华·P.琼斯,Edward P. Jones,,,,,MISSING_T_REVIEW_NO_YEAR,,,缺 T 且缺少可机器读取 year，需要书目/成书史核验,自动通过,metadata_pending,
已知的世界.md,WL-WORK-3019,已知的世界,The Known World,爱德华·P·琼斯,Edward P. Jones,,T6 当代全球文学,T6,,HAS_T,,,已有有效 T0–T6 坐标,需复核,metadata_pending,
巴伦·卡南.md,WL-WORK-1682,巴伦·卡南,,罗萨里奥·卡斯特利亚诺斯,,,,,,MISSING_T_REVIEW_NO_YEAR,,,缺 T 且缺少可机器读取 year，需要书目/成书史核验,自动通过,metadata_pending,
巴兰特雷少爷.md,WL-WORK-2509,巴兰特雷少爷,The Master of Ballantrae,罗伯特·路易斯·史蒂文森,Robert Louis Stevenson,,T3 19世纪现代文学体系,T3,,HAS_T,,,已有有效 T0–T6 坐标,自动通过,metadata_pending,
巴别-17.md,WL-WORK-0348,巴别-17,,塞缪尔·R.德拉尼,Samuel R. Delany,,T5 二战后多极文学,T5,,HAS_T,,,已有有效 T0–T6 坐标,自动通过,,
巴别塔.md,WL-WORK-0675,巴别塔,,匡灵秀,R.F. Kuang,,T6 当代全球文学,T6,,HAS_T,,,已有有效 T0–T6 坐标,自动通过,metadata_pending,
巴力神话组诗.md,WL-WORK-1452,巴力神话组诗,,佚名,,,T0 文学源头与古代文学,T0,,HAS_T,,title_aggregate_or_tradition;anonymous_or_oral,已有有效 T0–T6 坐标,自动通过,metadata_pending,
巴基斯坦列车.md,WL-WORK-1683,巴基斯坦列车,,库什万特·辛格,Khushwant Singh,,T5 二战后多极文学,T5,,HAS_T,,,已有有效 T0–T6 坐标,自动通过,metadata_pending,
巴布尔回忆录.md,WL-WORK-T2-BABURNAMA,巴布尔回忆录,Baburnama,巴布尔,Babur,,T2 早期现代文学,T2,,HAS_T,,,已有有效 T0–T6 坐标,手工核验,curated,
巴拉耶.md,WL-WORK-2913,巴拉耶,Barrayar,洛伊斯·麦克马斯特·比约德,Lois McMaster Bujold,,T6 当代全球文学,T6,,HAS_T,,,已有有效 T0–T6 坐标,需复核,metadata_pending,
巴斯克维尔的猎犬.md,WL-WORK-0013,巴斯克维尔的猎犬,,柯南·道尔,,,T4 全球现代主义时代,T4,,HAS_T,,,已有有效 T0–T6 坐标,自动通过,,
巴斯蒂.md,WL-WORK-1684,巴斯蒂,,因蒂扎尔·侯赛因,Intizar Husain,,T5 二战后多极文学,T5,,HAS_T,,,已有有效 T0–T6 坐标,自动通过,metadata_pending,CANON-231
巴格达怪客.md,WL-WORK-2058,巴格达怪客,,艾哈迈德·萨达维,Ahmed Saadawi,,,,,MISSING_T_REVIEW_NO_YEAR,,,缺 T 且缺少可机器读取 year，需要书目/成书史核验,自动通过,metadata_pending,
巴西万岁.md,WL-WORK-1685,巴西万岁,,若昂·乌巴尔多·里贝罗,,,,,,MISSING_T_REVIEW_NO_YEAR,,,缺 T 且缺少可机器读取 year，需要书目/成书史核验,自动通过,metadata_pending,
巴西之旅.md,WL-WORK-1453,巴西之旅,,让·德·莱里,Jean de Léry,,,,,MISSING_T_REVIEW_NO_YEAR,,,缺 T 且缺少可机器读取 year，需要书目/成书史核验,自动通过,metadata_pending,
巴里公主.md,WL-WORK-1454,巴里公主,,佚名,,1937,T4 全球现代主义时代,T4,,HAS_T,,anonymous_or_oral,已有有效 T0–T6 坐标,自动通过,metadata_pending,
巴黎圣母院.md,WL-WORK-1086,巴黎圣母院,,维克多·雨果,Victor Hugo,,T3 19世纪现代文学体系,T3,,HAS_T,,,已有有效 T0–T6 坐标,自动通过,metadata_pending,
巴黎狼人.md,WL-WORK-0676,巴黎狼人,,盖伊·恩多尔,Guy Endore,,,,,MISSING_T_REVIEW_NO_YEAR,,,缺 T 且缺少可机器读取 year，需要书目/成书史核验,自动通过,metadata_pending,
布兰航海记.md,WL-WORK-1455,布兰航海记,,佚名,,,T1 中古多中心文学世界,T1,,HAS_T,,anonymous_or_oral,已有有效 T0–T6 坐标,自动通过,metadata_pending,
布拉斯·库巴斯死后的回忆.md,WL-WORK-1686,布拉斯·库巴斯死后的回忆,,马沙多·德·阿西斯,,,T3 19世纪现代文学体系,T3,,HAS_T,,,已有有效 T0–T6 坐标,自动通过,metadata_pending,CANON-271
布拉热洛纳子爵.md,WL-WORK-1087,布拉热洛纳子爵,,大仲马,,,T3 19世纪现代文学体系,T3,,HAS_T,,,已有有效 T0–T6 坐标,自动通过,metadata_pending,
布朗神父的天真.md,WL-WORK-0016,布朗神父的天真,,G.K.切斯特顿,,,,,,MISSING_T_REVIEW_NO_YEAR,,,缺 T 且缺少可机器读取 year，需要书目/成书史核验,自动通过,,
布登勃洛克一家.md,WL-WORK-1088,布登勃洛克一家,,托马斯·曼,Thomas Mann,,T4 全球现代主义时代,T4,,HAS_T,,,已有有效 T0–T6 坐标,自动通过,metadata_pending,CANON-150
布衣神相.md,WL-WORK-2510,布衣神相,,小椴,,,T6 当代全球文学,T6,,HAS_T,,,已有有效 T0–T6 坐标,自动通过,metadata_pending,
布里辛格门的怪石.md,WL-WORK-0677,布里辛格门的怪石,,艾伦·加纳,Alan Garner,,,,,MISSING_T_REVIEW_NO_YEAR,,,缺 T 且缺少可机器读取 year，需要书目/成书史核验,自动通过,metadata_pending,
布雷达的太阳.md,WL-WORK-2511,布雷达的太阳,El sol de Breda,阿图罗·佩雷斯-雷维特,Arturo Pérez-Reverte,,T6 当代全球文学,T6,,HAS_T,,,已有有效 T0–T6 坐标,自动通过,metadata_pending,
布鲁克林有棵树.md,WL-WORK-1089,布鲁克林有棵树,,贝蒂·史密斯,Betty Smith,,,,,MISSING_T_REVIEW_NO_YEAR,,,缺 T 且缺少可机器读取 year，需要书目/成书史核验,自动通过,metadata_pending,
师父.md,WL-WORK-2512,师父,,徐皓峰,,,,,,MISSING_T_REVIEW_NO_YEAR,,,缺 T 且缺少可机器读取 year，需要书目/成书史核验,自动通过,metadata_pending,
希尔德布兰特之歌.md,WL-WORK-2513,希尔德布兰特之歌,,佚名,,,,,,MISSING_T_REVIEW_NO_YEAR,,anonymous_or_oral,缺 T 且缺少可机器读取 year，需要书目/成书史核验,自动通过,metadata_pending,
希尔德的梯子.md,WL-WORK-0379,希尔德的梯子,,格雷格·伊根,Greg Egan,,T6 当代全球文学,T6,,HAS_T,,,已有有效 T0–T6 坐标,自动通过,,
希望.md,WL-WORK-2059,希望,,安德烈·马尔罗,Malraux,,,,,MISSING_T_REVIEW_NO_YEAR,,,缺 T 且缺少可机器读取 year，需要书目/成书史核验,自动通过,metadata_pending,
希波吕托斯.md,WL-WORK-1456,希波吕托斯,,欧里庇得斯,,,T0 文学源头与古代文学,T0,,HAS_T,,,已有有效 T0–T6 坐标,自动通过,metadata_pending,
希腊人佐巴.md,WL-WORK-2850,希腊人佐巴,Zorba the Greek,尼科斯·卡赞扎基斯,Nikos Kazantzakis,,T5 二战后多极文学,T5,,HAS_T,,,已有有效 T0–T6 坐标,需复核,metadata_pending,CANON-187
希腊志.md,WL-WORK-1457,希腊志,,保萨尼亚斯,Pausanias,,,,,MISSING_T_REVIEW_NO_YEAR,,,缺 T 且缺少可机器读取 year，需要书目/成书史核验,自动通过,metadata_pending,
希腊棺材之谜.md,WL-WORK-0038,希腊棺材之谜,,埃勒里·奎因,,,T4 全球现代主义时代,T4,,HAS_T,,,已有有效 T0–T6 坐标,自动通过,,
希腊罗马名人传.md,WL-WORK-1090,希腊罗马名人传,,普鲁塔克,,,,,,MISSING_T_REVIEW_NO_YEAR,,,缺 T 且缺少可机器读取 year，需要书目/成书史核验,自动通过,metadata_pending,
帕尔马修道院.md,WL-WORK-2060,帕尔马修道院,,司汤达,Stendhal,,T3 19世纪现代文学体系,T3,,HAS_T,,,已有有效 T0–T6 坐标,自动通过,metadata_pending,
帕梅拉.md,WL-WORK-2061,帕梅拉,,塞缪尔·理查逊,Samuel Richardson,,T2 早期现代文学,T2,,HAS_T,,,已有有效 T0–T6 坐标,自动通过,metadata_pending,
帕迪·克拉克哈哈哈.md,WL-WORK-3056,帕迪·克拉克哈哈哈,Paddy Clarke Ha Ha Ha,罗迪·道伊尔,Roddy Doyle,,T6 当代全球文学,T6,,HAS_T,,,已有有效 T0–T6 坐标,需复核,metadata_pending,
帝国之庭.md,WL-WORK-0678,帝国之庭,,安娜·史密斯·斯帕克,Anna Smith Spark,,,,,MISSING_T_REVIEW_NO_YEAR,,,缺 T 且缺少可机器读取 year，需要书目/成书史核验,自动通过,metadata_pending,
帝国瀑布.md,WL-WORK-3018,帝国瀑布,Empire Falls,理查德·拉索,Richard Russo,,T6 当代全球文学,T6,,HAS_T,,,已有有效 T0–T6 坐标,需复核,metadata_pending,
席斯矩阵.md,WL-WORK-0391,席斯矩阵,,布鲁斯·斯特林,Bruce Sterling,,T6 当代全球文学,T6,,HAS_T,,,已有有效 T0–T6 坐标,自动通过,,
帷幕.md,WL-WORK-0031,帷幕,,阿加莎·克里斯蒂,,,T5 二战后多极文学,T5,,HAS_T,,,已有有效 T0–T6 坐标,自动通过,,
帽子戏法之死.md,WL-WORK-0067,帽子戏法之死,Death from a Top Hat,克莱顿·罗森,Clayton Rawson,,,,,MISSING_T_REVIEW_NO_YEAR,,,缺 T 且缺少可机器读取 year，需要书目/成书史核验,自动通过,,
干旱的生活.md,WL-WORK-1687,干旱的生活,,格拉西利亚诺·拉莫斯,,,,,,MISSING_T_REVIEW_NO_YEAR,,,缺 T 且缺少可机器读取 year，需要书目/成书史核验,自动通过,metadata_pending,
平凡的世界.md,WL-WORK-2711,平凡的世界,,路遥,,,T6 当代全球文学,T6,,HAS_T,,,已有有效 T0–T6 坐标,个人补录,metadata_pending,
平凡的恩典.md,WL-WORK-3140,平凡的恩典,Ordinary Grace,威廉·肯特·克鲁格,William Kent Krueger,,T6 当代全球文学,T6,,HAS_T,,,已有有效 T0–T6 坐标,需复核,metadata_pending,
平原上的城市.md,WL-WORK-2514,平原上的城市,Cities of the Plain,科马克·麦卡锡,Cormac McCarthy,,T6 当代全球文学,T6,,HAS_T,,,已有有效 T0–T6 坐标,自动通过,metadata_pending,
平原之夜.md,WL-WORK-0679,平原之夜,,塔妮丝·李,Tanith Lee,,,,,MISSING_T_REVIEW_NO_YEAR,,,缺 T 且缺少可机器读取 year，需要书目/成书史核验,自动通过,metadata_pending,
平家物语.md,WL-WORK-1091,平家物语,,佚名,,,T1 中古多中心文学世界,T1,,HAS_T,,anonymous_or_oral,已有有效 T0–T6 坐标,自动通过,metadata_pending,CANON-018
平治物语.md,WL-WORK-1092,平治物语,,佚名,,,,,,MISSING_T_REVIEW_NO_YEAR,,anonymous_or_oral,缺 T 且缺少可机器读取 year，需要书目/成书史核验,自动通过,metadata_pending,
平面国.md,WL-WORK-0264,平面国,,埃德温·艾勃特,,,T3 19世纪现代文学体系,T3,,HAS_T,,,已有有效 T0–T6 坐标,自动通过,,
年轻的古德曼·布朗.md,WL-WORK-0680,年轻的古德曼·布朗,,霍桑,Nathaniel Hawthorne,,T3 19世纪现代文学体系,T3,,HAS_T,,,已有有效 T0–T6 坐标,自动通过,metadata_pending,
年轻的命运女神.md,WL-WORK-1688,年轻的命运女神,,保罗·瓦莱里,Paul Valéry,,,,,MISSING_T_REVIEW_NO_YEAR,,,缺 T 且缺少可机器读取 year，需要书目/成书史核验,自动通过,metadata_pending,
并非出于仇恨.md,WL-WORK-3173,并非出于仇恨,Mon Ywe Ma Hu,玛玛蕾,Ma Ma Lay,,T5 二战后多极文学,T5,,HAS_T,,,已有有效 T0–T6 坐标,需复核,metadata_pending,CANON-224
幻城.md,WL-WORK-2753,幻城,,郭敬明,,,T6 当代全球文学,T6,,HAS_T,,,已有有效 T0–T6 坐标,个人补录,metadata_pending,
幻影女郎.md,WL-WORK-0080,幻影女郎,,康奈尔·伍尔里奇,Cornell Woolrich,,T4 全球现代主义时代,T4,,HAS_T,,,已有有效 T0–T6 坐标,自动通过,,
幻想世界旅游者指南.md,WL-WORK-0681,幻想世界旅游者指南,,戴安娜·韦恩·琼斯,Diana Wynne Jones,,T6 当代全球文学,T6,,HAS_T,,,已有有效 T0–T6 坐标,自动通过,metadata_pending,
幻想曲.md,WL-WORK-0682,幻想曲,,乔治·麦克唐纳,George MacDonald,,T3 19世纪现代文学体系,T3,,HAS_T,,,已有有效 T0–T6 坐标,自动通过,metadata_pending,
幻梦之海.md,WL-WORK-0683,幻梦之海,,克莱夫·巴克,Clive Barker,,T6 当代全球文学,T6,,HAS_T,,,已有有效 T0–T6 坐标,自动通过,metadata_pending,
幻灭.md,WL-WORK-1093,幻灭,,巴尔扎克,Balzac,,T3 19世纪现代文学体系,T3,,HAS_T,,,已有有效 T0–T6 坐标,自动通过,metadata_pending,CANON-107
幽灵之家.md,WL-WORK-1094,幽灵之家,,伊莎贝尔·阿连德,,,,,,MISSING_T_REVIEW_NO_YEAR,,,缺 T 且缺少可机器读取 year，需要书目/成书史核验,自动通过,metadata_pending,
幽灵小姐.md,WL-WORK-2515,幽灵小姐,La dama duende,卡尔德隆,Pedro Calderón de la Barca,,T2 早期现代文学,T2,,HAS_T,,,已有有效 T0–T6 坐标,自动通过,metadata_pending,
幽灵故事.md,WL-WORK-0684,幽灵故事,,彼得·斯特劳布,Peter Straub,,,,,MISSING_T_REVIEW_NO_YEAR,,,缺 T 且缺少可机器读取 year，需要书目/成书史核验,自动通过,metadata_pending,
幽灵海盗.md,WL-WORK-0685,幽灵海盗,,威廉·霍普·霍奇森,William Hope Hodgson,,T4 全球现代主义时代,T4,,HAS_T,,,已有有效 T0–T6 坐标,自动通过,metadata_pending,
幽灵路.md,WL-WORK-1095,幽灵路,,帕特·巴克,Pat Barker,,T6 当代全球文学,T6,,HAS_T,,,已有有效 T0–T6 坐标,自动通过,metadata_pending,
广告杀人事件.md,WL-WORK-0047,广告杀人事件,,多萝西·L·塞耶斯,,,T4 全球现代主义时代,T4,,HAS_T,,,已有有效 T0–T6 坐标,自动通过,,
广场.md,WL-WORK-1689,广场,,崔仁勋,,,T5 二战后多极文学,T5,,HAS_T,,,已有有效 T0–T6 坐标,自动通过,metadata_pending,CANON-242
广岛.md,WL-WORK-2062,广岛,,约翰·赫西,John Hersey,,T5 二战后多极文学,T5,,HAS_T,,,已有有效 T0–T6 坐标,自动通过,metadata_pending,
广岛札记.md,WL-WORK-2063,广岛札记,,大江健三郎,,,T5 二战后多极文学,T5,,HAS_T,,,已有有效 T0–T6 坐标,自动通过,metadata_pending,
广漠的世界.md,WL-WORK-1690,广漠的世界,,西罗·阿莱格里亚,,,,,,MISSING_T_REVIEW_NO_YEAR,,,缺 T 且缺少可机器读取 year，需要书目/成书史核验,自动通过,metadata_pending,
广阔腹地：条条小径.md,WL-WORK-1691,广阔腹地：条条小径,,吉马朗埃斯·罗萨,,,T5 二战后多极文学,T5,,HAS_T,,,已有有效 T0–T6 坐标,自动通过,metadata_pending,
庄子.md,WL-WORK-T0-ZHUANGZI,庄子,,庄周及后学,,,T0 文学源头与古代文学,T0,,HAS_T,,,已有有效 T0–T6 坐标,手工核验,metadata_pending,
床上抽烟有危险.md,WL-WORK-0686,床上抽烟有危险,,玛丽安娜·恩里克斯,Mariana Enriquez,,T6 当代全球文学,T6,,HAS_T,,,已有有效 T0–T6 坐标,自动通过,metadata_pending,
序曲中的死亡.md,WL-WORK-0055,序曲中的死亡,,奈奥·马什,Ngaio Marsh,,T4 全球现代主义时代,T4,,HAS_T,,,已有有效 T0–T6 坐标,自动通过,,
库希尔的飞镖.md,WL-WORK-0687,库希尔的飞镖,,杰奎琳·凯里,Jacqueline Carey,,,,,MISSING_T_REVIEW_NO_YEAR,,,缺 T 且缺少可机器读取 year，需要书目/成书史核验,自动通过,metadata_pending,
库萨里.md,WL-WORK-T1-KUZARI,库萨里,Kuzari,犹大·哈列维,Judah Halevi,,T1 中古多中心文学世界,T1,,HAS_T,,,已有有效 T0–T6 坐标,人工核验,metadata_pending,
应物兄.md,WL-WORK-2890,应物兄,,李洱,,,T6 当代全球文学,T6,,HAS_T,,,已有有效 T0–T6 坐标,需复核,metadata_pending,
庞贝.md,WL-WORK-1096,庞贝,,罗伯特·哈里斯,Robert Harris,,T6 当代全球文学,T6,,HAS_T,,,已有有效 T0–T6 坐标,自动通过,metadata_pending,
废墟.md,WL-WORK-0688,废墟,The Ruins,斯科特·史密斯,Scott Smith,,,,,MISSING_T_REVIEW_NO_YEAR,,,缺 T 且缺少可机器读取 year，需要书目/成书史核验,自动通过,metadata_pending,
座头市物语.md,WL-WORK-2516,座头市物语,,子母泽宽,,,,,,MISSING_T_REVIEW_NO_YEAR,,,缺 T 且缺少可机器读取 year，需要书目/成书史核验,自动通过,metadata_pending,
庭院深深.md,WL-WORK-2064,庭院深深,,琼瑶,,,T5 二战后多极文学,T5,,HAS_T,,,已有有效 T0–T6 坐标,自动通过,metadata_pending,
康涅狄格美国佬在亚瑟王朝.md,WL-WORK-2517,康涅狄格美国佬在亚瑟王朝,,马克·吐温,Mark Twain,,T3 19世纪现代文学体系,T3,,HAS_T,,,已有有效 T0–T6 坐标,自动通过,metadata_pending,
康熙大帝.md,WL-WORK-1097,康熙大帝,,二月河,,,T6 当代全球文学,T6,,HAS_T,,,已有有效 T0–T6 坐标,自动通过,metadata_pending,
廷达罗斯猎犬.md,WL-WORK-0689,廷达罗斯猎犬,,弗兰克·贝尔纳普·朗,Frank Belknap Long,,,,,MISSING_T_REVIEW_NO_YEAR,,,缺 T 且缺少可机器读取 year，需要书目/成书史核验,自动通过,metadata_pending,
开往伍德斯托克的末班车.md,WL-WORK-0105,开往伍德斯托克的末班车,,科林·德克斯特,Colin Dexter,,T5 二战后多极文学,T5,,HAS_T,,,已有有效 T0–T6 坐标,自动通过,,
开往巴基斯坦的列车.md,WL-WORK-T5-TRAIN-PAKISTAN,开往巴基斯坦的列车,Train to Pakistan,库什万特·辛格,Khushwant Singh,1956,T5 二战后多极文学,T5,,HAS_T,,,已有有效 T0–T6 坐标,人工核验,verified,CANON-233
开罗三部曲.md,WL-WORK-2852,开罗三部曲,The Cairo Trilogy,纳吉布·马哈福兹,Naguib Mahfouz,,T5 二战后多极文学,T5,,HAS_T,,,已有有效 T0–T6 坐标,需复核,metadata_pending,CANON-191
异乡异客.md,WL-WORK-0302,异乡异客,,罗伯特·海因莱因,,,T5 二战后多极文学,T5,,HAS_T,,,已有有效 T0–T6 坐标,自动通过,,
异山馨香.md,WL-WORK-3009,异山馨香,A Good Scent from a Strange Mountain,罗伯特·奥伦·巴特勒,Robert Olen Butler,,T6 当代全球文学,T6,,HAS_T,,,已有有效 T0–T6 坐标,需复核,metadata_pending,
异常.md,WL-WORK-0173,异常,,桐野夏生,,,T6 当代全球文学,T6,,HAS_T,,,已有有效 T0–T6 坐标,自动通过,,
异邦骑士.md,WL-WORK-0178,异邦骑士,,岛田庄司,,,T6 当代全球文学,T6,,HAS_T,,,已有有效 T0–T6 坐标,自动通过,,
弗兰德公路.md,WL-WORK-1692,弗兰德公路,,克洛德·西蒙,Claude Simon,,T5 二战后多极文学,T5,,HAS_T,,,已有有效 T0–T6 坐标,自动通过,metadata_pending,
弗兰肯斯坦.md,WL-WORK-0262,弗兰肯斯坦,,玛丽·雪莱,,,T3 19世纪现代文学体系,T3,,HAS_T,,,已有有效 T0–T6 坐标,自动通过,,CANON-090
弗农·小神.md,WL-WORK-3062,弗农·小神,Vernon God Little,DBC皮埃尔,DBC Pierre,,T6 当代全球文学,T6,,HAS_T,,,已有有效 T0–T6 坐标,需复核,metadata_pending,
弗吉尼亚人.md,WL-WORK-2518,弗吉尼亚人,The Virginian,欧文·威斯特,Owen Wister,,,,,MISSING_T_REVIEW_NO_YEAR,,,缺 T 且缺少可机器读取 year，需要书目/成书史核验,自动通过,metadata_pending,
弗拉卡斯上尉.md,WL-WORK-2519,弗拉卡斯上尉,Le Capitaine Fracasse,泰奥菲尔·戈蒂耶,Théophile Gautier,,T3 19世纪现代文学体系,T3,,HAS_T,,,已有有效 T0–T6 坐标,自动通过,metadata_pending,
弗洛斯河上的磨坊.md,WL-WORK-1099,弗洛斯河上的磨坊,,乔治·艾略特,George Eliot,,T3 19世纪现代文学体系,T3,,HAS_T,,,已有有效 T0–T6 坐标,自动通过,metadata_pending,
弗莱德丽卡.md,WL-WORK-2065,弗莱德丽卡,,乔吉特·海耶,Georgette Heyer,,T5 二战后多极文学,T5,,HAS_T,,,已有有效 T0–T6 坐标,自动通过,metadata_pending,
张吉山.md,WL-WORK-1100,张吉山,,黄皙暎,,,,,,MISSING_T_REVIEW_NO_YEAR,,,缺 T 且缺少可机器读取 year，需要书目/成书史核验,自动通过,metadata_pending,
张居正.md,WL-WORK-2870,张居正,,熊召政,,,T6 当代全球文学,T6,,HAS_T,,,已有有效 T0–T6 坐标,需复核,metadata_pending,
弹药筒.md,WL-WORK-1693,弹药筒,,内莉·坎波贝略,,,,,,MISSING_T_REVIEW_NO_YEAR,,,缺 T 且缺少可机器读取 year，需要书目/成书史核验,自动通过,metadata_pending,
强盗.md,WL-WORK-2520,强盗,Die Räuber,席勒,Schiller,,,,,MISSING_T_REVIEW_NO_YEAR,,,缺 T 且缺少可机器读取 year，需要书目/成书史核验,自动通过,metadata_pending,
归乡.md,WL-WORK-1101,归乡,Homegoing,雅·吉亚西,Yaa Gyasi,,T6 当代全球文学,T6,,HAS_T,,,已有有效 T0–T6 坐标,自动通过,metadata_pending,
归来.md,WL-WORK-2066,归来,,雷马克,Erich Maria Remarque,,T4 全球现代主义时代,T4,,HAS_T,,,已有有效 T0–T6 坐标,自动通过,metadata_pending,
当且仅当雪是白的.md,WL-WORK-0250,当且仅当雪是白的,,陆秋槎,,,T6 当代全球文学,T6,,HAS_T,,,已有有效 T0–T6 坐标,自动通过,,
当睡者醒来时.md,WL-WORK-0278,当睡者醒来时,,H.G.威尔斯,,,T4 全球现代主义时代,T4,,HAS_T,,,已有有效 T0–T6 坐标,自动通过,,
当选者.md,WL-WORK-3036,当选者,The Elected Member,伯尼斯·鲁本斯,Bernice Rubens,,T5 二战后多极文学,T5,,HAS_T,,,已有有效 T0–T6 坐标,需复核,metadata_pending,
彩画集.md,WL-WORK-1694,彩画集,,兰波,,,T3 19世纪现代文学体系,T3,,HAS_T,,,已有有效 T0–T6 坐标,自动通过,metadata_pending,
彩虹尽头.md,WL-WORK-2919,彩虹尽头,Rainbows End,弗诺·文奇,Vernor Vinge,,T6 当代全球文学,T6,,HAS_T,,,已有有效 T0–T6 坐标,需复核,metadata_pending,
彭公案.md,WL-WORK-2521,彭公案,,贪梦道人,,,,,,MISSING_T_REVIEW_NO_YEAR,,,缺 T 且缺少可机器读取 year，需要书目/成书史核验,自动通过,metadata_pending,
影子.md,WL-WORK-0690,影子,,安徒生,Hans Christian Andersen,,T3 19世纪现代文学体系,T3,,HAS_T,,,已有有效 T0–T6 坐标,自动通过,metadata_pending,
彷徨.md,WL-WORK-1695,彷徨,,鲁迅,,,T4 全球现代主义时代,T4,,HAS_T,,,已有有效 T0–T6 坐标,自动通过,metadata_pending,CANON-040
彼得·潘.md,WL-WORK-0691,彼得·潘,,J.M.巴里,J.M. Barrie,,T4 全球现代主义时代,T4,,HAS_T,,,已有有效 T0–T6 坐标,自动通过,metadata_pending,
彼得便士.md,WL-WORK-3101,彼得便士,Peter's Pence,乔恩·克利里,Jon Cleary,,T5 二战后多极文学,T5,,HAS_T,,,已有有效 T0–T6 坐标,需复核,metadata_pending,
彼得堡.md,WL-WORK-1696,彼得堡,,安德烈·别雷,Andrei Bely,,,,,MISSING_T_REVIEW_NO_YEAR,,,缺 T 且缺少可机器读取 year，需要书目/成书史核验,自动通过,metadata_pending,
往事.md,WL-WORK-3196,往事,Temol Shilshom,什穆埃尔·约瑟夫·阿格农,S. Y. Agnon,,T5 二战后多极文学,T5,,HAS_T,,,已有有效 T0–T6 坐标,需复核,metadata_pending,CANON-255
往事与刑罚.md,WL-WORK-2792,往事与刑罚,,余华,,1989,T6 当代全球文学,T6,,HAS_T,,,已有有效 T0–T6 坐标,个人补录,metadata_pending,
征服新西班牙信史.md,WL-WORK-1697,征服新西班牙信史,Historia verdadera de la conquista de la Nueva España,贝尔纳尔·迪亚斯·德尔·卡斯蒂略,,,T2 早期现代文学,T2,,HAS_T,,,已有有效 T0–T6 坐标,手工核验,curated,
征服者罗比尔.md,WL-WORK-0272,征服者罗比尔,,儒勒·凡尔纳,,,T3 19世纪现代文学体系,T3,,HAS_T,,,已有有效 T0–T6 坐标,自动通过,,
律师事务所.md,WL-WORK-0120,律师事务所,,约翰·格里森姆,John Grisham,,T6 当代全球文学,T6,,HAS_T,,,已有有效 T0–T6 坐标,自动通过,,
徐霞客游记.md,WL-WORK-1458,徐霞客游记,,徐霞客,,,,,,MISSING_T_REVIEW_NO_YEAR,,,缺 T 且缺少可机器读取 year，需要书目/成书史核验,自动通过,metadata_pending,
徒然草.md,WL-WORK-3181,徒然草,Tsurezuregusa,吉田兼好,Yoshida Kenkō,,T1 中古多中心文学世界,T1,,HAS_T,,,已有有效 T0–T6 坐标,需复核,metadata_pending,CANON-236
微型巨人.md,WL-WORK-0261,微型巨人,,伏尔泰,,,T2 早期现代文学,T2,,HAS_T,,,已有有效 T0–T6 坐标,自动通过,,
微妙的平衡.md,WL-WORK-1102,微妙的平衡,,罗欣顿·米斯特里,Rohinton Mistry,,,,,MISSING_T_REVIEW_NO_YEAR,,,缺 T 且缺少可机器读取 year，需要书目/成书史核验,自动通过,metadata_pending,
微微一笑很倾城.md,WL-WORK-2067,微微一笑很倾城,,顾漫,,,T6 当代全球文学,T6,,HAS_T,,,已有有效 T0–T6 坐标,自动通过,metadata_pending,
微暗的火.md,WL-WORK-2068,微暗的火,,纳博科夫,,,T5 二战后多极文学,T5,,HAS_T,,,已有有效 T0–T6 坐标,自动通过,metadata_pending,
微物之神.md,WL-WORK-1103,微物之神,,阿兰达蒂·罗易,Arundhati Roy,,T6 当代全球文学,T6,,HAS_T,,,已有有效 T0–T6 坐标,自动通过,metadata_pending,CANON-067
微笑的警察.md,WL-WORK-3098,微笑的警察,The Laughing Policeman,马伊·舍瓦尔 / 佩尔·瓦勒,Maj Sjöwall; Per Wahlöö,,T5 二战后多极文学,T5,,HAS_T,,,已有有效 T0–T6 坐标,需复核,metadata_pending,
德伯家的苔丝.md,WL-WORK-2069,德伯家的苔丝,,托马斯·哈代,Thomas Hardy,,T4 全球现代主义时代,T4,,HAS_T,,,已有有效 T0–T6 坐标,自动通过,metadata_pending,CANON-099
德古拉.md,WL-WORK-0692,德古拉,,布莱姆·斯托克,Bram Stoker,,T4 全球现代主义时代,T4,,HAS_T,,,已有有效 T0–T6 坐标,自动通过,metadata_pending,CANON-104
德米安.md,WL-WORK-1104,德米安,,赫尔曼·黑塞,Hermann Hesse,,T4 全球现代主义时代,T4,,HAS_T,,,已有有效 T0–T6 坐标,自动通过,metadata_pending,
德里纳河上的桥.md,WL-WORK-3215,德里纳河上的桥,Na Drini ćuprija,伊沃·安德里奇,Ivo Andrić,,T5 二战后多极文学,T5,,HAS_T,,,已有有效 T0–T6 坐标,需复核,metadata_pending,CANON-294
德里黄昏.md,WL-WORK-1698,德里黄昏,,穆尔克·拉吉·安纳德,Mulk Raj Anand,,T4 全球现代主义时代,T4,,HAS_T,,,已有有效 T0–T6 坐标,自动通过,metadata_pending,
心.md,WL-WORK-1105,心,,夏目漱石,,,T4 全球现代主义时代,T4,,HAS_T,,,已有有效 T0–T6 坐标,自动通过,metadata_pending,CANON-051
心是孤独的猎手.md,WL-WORK-0693,心是孤独的猎手,,卡森·麦卡勒斯,Carson McCullers,,,,,MISSING_T_REVIEW_NO_YEAR,,,缺 T 且缺少可机器读取 year，需要书目/成书史核验,自动通过,metadata_pending,
心理测验.md,WL-WORK-0148,心理测验,,江户川乱步,,,T4 全球现代主义时代,T4,,HAS_T,,,已有有效 T0–T6 坐标,自动通过,,
心理罪：教化场.md,WL-WORK-0248,心理罪：教化场,,雷米,,,T6 当代全球文学,T6,,HAS_T,,,已有有效 T0–T6 坐标,自动通过,,
心理罪：画像.md,WL-WORK-0247,心理罪：画像,,雷米,,,T6 当代全球文学,T6,,HAS_T,,,已有有效 T0–T6 坐标,自动通过,,
忍耐石.md,WL-WORK-2070,忍耐石,,阿提克·拉希米,Atiq Rahimi,,,,,MISSING_T_REVIEW_NO_YEAR,,,缺 T 且缺少可机器读取 year，需要书目/成书史核验,自动通过,metadata_pending,
忠告与同意.md,WL-WORK-2988,忠告与同意,Advise and Consent,艾伦·德鲁里,Allen Drury,,T5 二战后多极文学,T5,,HAS_T,,,已有有效 T0–T6 坐标,需复核,metadata_pending,
忠臣藏.md,WL-WORK-2522,忠臣藏,,竹田出云 / 三好松洛 / 并木千柳,,,,,,MISSING_T_REVIEW_NO_YEAR,,,缺 T 且缺少可机器读取 year，需要书目/成书史核验,自动通过,metadata_pending,
忧国.md,WL-WORK-2523,忧国,Patriotism,三岛由纪夫,,,T5 二战后多极文学,T5,,HAS_T,,,已有有效 T0–T6 坐标,自动通过,metadata_pending,
快乐的归来.md,WL-WORK-1106,快乐的归来,,C.S.福雷斯特,C.S. Forester,,,,,MISSING_T_REVIEW_NO_YEAR,,,缺 T 且缺少可机器读取 year，需要书目/成书史核验,自动通过,metadata_pending,
怀中羔羊.md,WL-WORK-2971,怀中羔羊,Lamb in His Bosom,卡罗琳·米勒,Caroline Miller,,T4 全球现代主义时代,T4,,HAS_T,,,已有有效 T0–T6 坐标,需复核,metadata_pending,
怀特先生的忏悔.md,WL-WORK-3125,怀特先生的忏悔,Mr. White's Confession,罗伯特·克拉克,Robert Clark,,T6 当代全球文学,T6,,HAS_T,,,已有有效 T0–T6 坐标,需复核,metadata_pending,
怎么办？.md,WL-WORK-1107,怎么办？,,车尔尼雪夫斯基,Chernyshevsky,,,,,MISSING_T_REVIEW_NO_YEAR,,,缺 T 且缺少可机器读取 year，需要书目/成书史核验,自动通过,metadata_pending,
怒海争锋.md,WL-WORK-1108,怒海争锋,,帕特里克·奥布莱恩,Patrick O'Brian,,,,,MISSING_T_REVIEW_NO_YEAR,,,缺 T 且缺少可机器读取 year，需要书目/成书史核验,自动通过,metadata_pending,
思宫街.md,WL-WORK-1109,思宫街,,纳吉布·马哈福兹,Naguib Mahfouz,,T5 二战后多极文学,T5,,HAS_T,,,已有有效 T0–T6 坐标,自动通过,metadata_pending,
急需病例.md,WL-WORK-3096,急需病例,A Case of Need,迈克尔·克赖顿,Michael Crichton,,T5 二战后多极文学,T5,,HAS_T,,,已有有效 T0–T6 坐标,需复核,metadata_pending,
怪屋.md,WL-WORK-0029,怪屋,,阿加莎·克里斯蒂,,,T5 二战后多极文学,T5,,HAS_T,,,已有有效 T0–T6 坐标,自动通过,,
怪谈.md,WL-WORK-0694,怪谈,,小泉八云,,,,,,MISSING_T_REVIEW_NO_YEAR,,,缺 T 且缺少可机器读取 year，需要书目/成书史核验,自动通过,metadata_pending,
总统先生.md,WL-WORK-1699,总统先生,,米格尔·安赫尔·阿斯图里亚斯,Miguel Ángel Asturias,,T5 二战后多极文学,T5,,HAS_T,,,已有有效 T0–T6 坐标,自动通过,metadata_pending,CANON-284
恋情的终结.md,WL-WORK-2071,恋情的终结,,格雷厄姆·格林,Graham Greene,,T5 二战后多极文学,T5,,HAS_T,,,已有有效 T0–T6 坐标,自动通过,metadata_pending,
恋爱中的奥兰多.md,WL-WORK-2524,恋爱中的奥兰多,,马泰奥·马里亚·博亚尔多,Matteo Maria Boiardo,,,,,MISSING_T_REVIEW_NO_YEAR,,,缺 T 且缺少可机器读取 year，需要书目/成书史核验,自动通过,metadata_pending,
恋爱中的女人.md,WL-WORK-1110,恋爱中的女人,,D.H.劳伦斯,D.H. Lawrence,,T4 全球现代主义时代,T4,,HAS_T,,,已有有效 T0–T6 坐标,自动通过,metadata_pending,
恐怖谷.md,WL-WORK-0014,恐怖谷,,柯南·道尔,,,T3 19世纪现代文学体系,T3,,HAS_T,,,已有有效 T0–T6 坐标,自动通过,,
恐惧拉斯维加斯.md,WL-WORK-1700,恐惧拉斯维加斯,,亨特·S.汤普森,Hunter S. Thompson,,T5 二战后多极文学,T5,,HAS_T,,,已有有效 T0–T6 坐标,自动通过,metadata_pending,
恩典岁月.md,WL-WORK-2969,恩典岁月,Years of Grace,玛格丽特·艾尔·巴恩斯,Margaret Ayer Barnes,,T4 全球现代主义时代,T4,,HAS_T,,,已有有效 T0–T6 坐标,需复核,metadata_pending,
恩基与宁玛赫.md,WL-WORK-1459,恩基与宁玛赫,,佚名,,,T0 文学源头与古代文学,T0,,HAS_T,,anonymous_or_oral,已有有效 T0–T6 坐标,自动通过,metadata_pending,
恩基与宁胡尔萨格.md,WL-WORK-1460,恩基与宁胡尔萨格,,佚名,,,T0 文学源头与古代文学,T0,,HAS_T,,anonymous_or_oral,已有有效 T0–T6 坐标,自动通过,metadata_pending,
恰似水之于巧克力.md,WL-WORK-1111,恰似水之于巧克力,,劳拉·埃斯基维尔,Laura Esquivel,,,,,MISSING_T_REVIEW_NO_YEAR,,,缺 T 且缺少可机器读取 year，需要书目/成书史核验,自动通过,metadata_pending,
恰卡.md,WL-WORK-3206,恰卡,Chaka,托马斯·莫福洛,Thomas Mofolo,,T4 全球现代主义时代,T4,,HAS_T,,,已有有效 T0–T6 坐标,需复核,metadata_pending,CANON-270
恶之花.md,WL-WORK-1701,恶之花,,波德莱尔,,,T3 19世纪现代文学体系,T3,,HAS_T,,,已有有效 T0–T6 坐标,自动通过,metadata_pending,
恶心.md,WL-WORK-1702,恶心,,萨特,Sartre,,T4 全球现代主义时代,T4,,HAS_T,,,已有有效 T0–T6 坐标,自动通过,metadata_pending,CANON-157
恶意.md,WL-WORK-0210,恶意,,东野圭吾,,,T6 当代全球文学,T6,,HAS_T,,,已有有效 T0–T6 坐标,自动通过,,
恶意预谋.md,WL-WORK-0051,恶意预谋,Malice Aforethought,安东尼·伯克利,Anthony Berkeley / Francis Iles,,T4 全球现代主义时代,T4,,HAS_T,,,已有有效 T0–T6 坐标,自动通过,,
恶时辰.md,WL-WORK-1703,恶时辰,,加西亚·马尔克斯,,,T5 二战后多极文学,T5,,HAS_T,,,已有有效 T0–T6 坐标,自动通过,metadata_pending,
恶棍来访.md,WL-WORK-3023,恶棍来访,A Visit from the Goon Squad,珍妮弗·伊根,Jennifer Egan,,T6 当代全球文学,T6,,HAS_T,,,已有有效 T0–T6 坐标,需复核,metadata_pending,
恶灵附身.md,WL-WORK-3195,恶灵附身,The Dybbuk,S.安斯基,S. Ansky,,T4 全球现代主义时代,T4,,HAS_T,,,已有有效 T0–T6 坐标,需复核,metadata_pending,CANON-254
恶魔吹着笛子来.md,WL-WORK-0155,恶魔吹着笛子来,,横沟正史,,,T5 二战后多极文学,T5,,HAS_T,,,已有有效 T0–T6 坐标,自动通过,,
恶魔铜头.md,WL-WORK-3031,恶魔铜头,Demon Copperhead,芭芭拉·金索沃,Barbara Kingsolver,,T6 当代全球文学,T6,,HAS_T,,,已有有效 T0–T6 坐标,需复核,metadata_pending,
悉达多.md,WL-WORK-1112,悉达多,,赫尔曼·黑塞,Hermann Hesse,,T4 全球现代主义时代,T4,,HAS_T,,,已有有效 T0–T6 坐标,自动通过,metadata_pending,
悟空传.md,WL-WORK-0695,悟空传,,今何在,,,,,,MISSING_T_REVIEW_NO_YEAR,,,缺 T 且缺少可机器读取 year，需要书目/成书史核验,自动通过,metadata_pending,
悠悠岁月.md,WL-WORK-2072,悠悠岁月,,安妮·埃尔诺,,,T6 当代全球文学,T6,,HAS_T,,,已有有效 T0–T6 坐标,自动通过,metadata_pending,
悬诗.md,WL-WORK-3187,悬诗,Al-Mu'allaqāt,多位诗人,Various,,T1 中古多中心文学世界,T1,,HAS_T,,,已有有效 T0–T6 坐标,需复核,metadata_pending,CANON-245
悲伤的边缘.md,WL-WORK-2989,悲伤的边缘,The Edge of Sadness,埃德温·奥康纳,Edwin O'Connor,,T5 二战后多极文学,T5,,HAS_T,,,已有有效 T0–T6 坐标,需复核,metadata_pending,
悲伤逆流成河.md,WL-WORK-2755,悲伤逆流成河,,郭敬明,,,T6 当代全球文学,T6,,HAS_T,,,已有有效 T0–T6 坐标,个人补录,metadata_pending,
悲惨世界.md,WL-WORK-2525,悲惨世界,,维克多·雨果,Hugo,,T3 19世纪现代文学体系,T3,,HAS_T,,,已有有效 T0–T6 坐标,自动通过,metadata_pending,CANON-110
悲观主义者塞义德的奇异事件.md,WL-WORK-1704,悲观主义者塞义德的奇异事件,,埃米尔·哈比比,Emile Habibi,,T5 二战后多极文学,T5,,HAS_T,,,已有有效 T0–T6 坐标,自动通过,metadata_pending,
情书.md,WL-WORK-2713,情书,,岩井俊二,,,T6 当代全球文学,T6,,HAS_T,,,已有有效 T0–T6 坐标,个人补录,metadata_pending,
情感教育.md,WL-WORK-1113,情感教育,,福楼拜,Flaubert,,T3 19世纪现代文学体系,T3,,HAS_T,,,已有有效 T0–T6 坐标,自动通过,metadata_pending,CANON-112
惊魂记.md,WL-WORK-0696,惊魂记,,罗伯特·布洛赫,Robert Bloch,,,,,MISSING_T_REVIEW_NO_YEAR,,,缺 T 且缺少可机器读取 year，需要书目/成书史核验,自动通过,metadata_pending,
惶然录.md,WL-WORK-1705,惶然录,Livro do Desassossego,费尔南多·佩索阿,Fernando Pessoa,1982,T6 当代全球文学,T6,,HAS_T,,,已有有效 T0–T6 坐标,自动通过,metadata_pending,CANON-186
意大利人.md,WL-WORK-0697,意大利人,,安·拉德克利夫,Ann Radcliffe,,T2 早期现代文学,T2,,HAS_T,,,已有有效 T0–T6 坐标,自动通过,metadata_pending,
意大利游记.md,WL-WORK-1461,意大利游记,,歌德,Goethe,,T3 19世纪现代文学体系,T3,,HAS_T,,,已有有效 T0–T6 坐标,自动通过,metadata_pending,
愚者的片尾.md,WL-WORK-0200,愚者的片尾,,米泽穗信,,,T6 当代全球文学,T6,,HAS_T,,,已有有效 T0–T6 坐标,自动通过,,
感伤旅行.md,WL-WORK-1462,感伤旅行,,劳伦斯·斯特恩,Sterne,,T2 早期现代文学,T2,,HAS_T,,,已有有效 T0–T6 坐标,自动通过,metadata_pending,
愤怒的回顾.md,WL-WORK-1706,愤怒的回顾,,约翰·奥斯本,John Osborne,,T5 二战后多极文学,T5,,HAS_T,,,已有有效 T0–T6 坐标,自动通过,metadata_pending,
愤怒的葡萄.md,WL-WORK-2847,愤怒的葡萄,The Grapes of Wrath,约翰·斯坦贝克,John Steinbeck,,T4 全球现代主义时代,T4,,HAS_T,,,已有有效 T0–T6 坐标,需复核,metadata_pending,CANON-167
戈丹.md,WL-WORK-2824,戈丹,Godaan,普列姆昌德,Premchand,,T4 全球现代主义时代,T4,,HAS_T,,,已有有效 T0–T6 坐标,需复核,metadata_pending,CANON-065
我不可能只是仰望着你.md,WL-WORK-2724,我不可能只是仰望着你,,保拉·麦克莱恩,,,T6 当代全球文学,T6,,HAS_T,,,已有有效 T0–T6 坐标,个人补录,metadata_pending,
我与地坛.md,WL-WORK-2727,我与地坛,,史铁生,,,T6 当代全球文学,T6,,HAS_T,,,已有有效 T0–T6 坐标,个人补录,metadata_pending,
我们.md,WL-WORK-0283,我们,,扎米亚京,,,T4 全球现代主义时代,T4,,HAS_T,,,已有有效 T0–T6 坐标,自动通过,,
我们一直住在城堡里.md,WL-WORK-0698,我们一直住在城堡里,,雪莉·杰克逊,Shirley Jackson,,T5 二战后多极文学,T5,,HAS_T,,,已有有效 T0–T6 坐标,自动通过,metadata_pending,
我们中的一个.md,WL-WORK-2961,我们中的一个,One of Ours,薇拉·凯瑟,Willa Cather,,T4 全球现代主义时代,T4,,HAS_T,,,已有有效 T0–T6 坐标,需复核,metadata_pending,
我们仨.md,WL-WORK-2726,我们仨,,杨绛,,,T6 当代全球文学,T6,,HAS_T,,,已有有效 T0–T6 坐标,个人补录,metadata_pending,
我们在奥斯维辛.md,WL-WORK-1707,我们在奥斯维辛,,塔德乌什·博罗夫斯基,Tadeusz Borowski,,T5 二战后多极文学,T5,,HAS_T,,,已有有效 T0–T6 坐标,自动通过,metadata_pending,
我们在火中失去的东西.md,WL-WORK-0699,我们在火中失去的东西,,玛丽安娜·恩里克斯,Mariana Enriquez,,T6 当代全球文学,T6,,HAS_T,,,已有有效 T0–T6 坐标,自动通过,metadata_pending,
我们失去的光.md,WL-WORK-1708,我们失去的光,,待考,阿根廷当代怪奇,,,,,MISSING_T_REVIEW_NO_YEAR,,,缺 T 且缺少可机器读取 year，需要书目/成书史核验,自动通过,metadata_pending,
我们的美洲.md,WL-WORK-1709,我们的美洲,,何塞·马蒂,Martí,,,,,MISSING_T_REVIEW_NO_YEAR,,,缺 T 且缺少可机器读取 year，需要书目/成书史核验,自动通过,metadata_pending,
我们街区的孩子们.md,WL-WORK-1710,我们街区的孩子们,,纳吉布·马哈福兹,Naguib Mahfouz,,T5 二战后多极文学,T5,,HAS_T,,,已有有效 T0–T6 坐标,自动通过,metadata_pending,CANON-208
我内心的恶魔.md,WL-WORK-0086,我内心的恶魔,,吉姆·汤普森,Jim Thompson,,T5 二战后多极文学,T5,,HAS_T,,,已有有效 T0–T6 坐标,自动通过,,
我弥留之际.md,WL-WORK-1711,我弥留之际,,福克纳,William Faulkner,,T4 全球现代主义时代,T4,,HAS_T,,,已有有效 T0–T6 坐标,自动通过,metadata_pending,CANON-166
我想结束这一切.md,WL-WORK-0700,我想结束这一切,,伊恩·里德,Iain Reid,,,,,MISSING_T_REVIEW_NO_YEAR,,,缺 T 且缺少可机器读取 year，需要书目/成书史核验,自动通过,metadata_pending,
我是传奇.md,WL-WORK-0323,我是传奇,,理查德·麦瑟森,Richard Matheson,,T5 二战后多极文学,T5,,HAS_T,,,已有有效 T0–T6 坐标,自动通过,,
我是猫.md,WL-WORK-3182,我是猫,Wagahai wa Neko de Aru,夏目漱石,Natsume Sōseki,,T4 全球现代主义时代,T4,,HAS_T,,,已有有效 T0–T6 坐标,需复核,metadata_pending,CANON-238
我没有自己的名字.md,WL-WORK-2805,我没有自己的名字,,余华,,1995,T6 当代全球文学,T6,,HAS_T,,,已有有效 T0–T6 坐标,个人补录,metadata_pending,
我独自升级.md,WL-WORK-0701,我独自升级,,秋工,Web Novel,,,,,MISSING_T_REVIEW_NO_YEAR,,,缺 T 且缺少可机器读取 year，需要书目/成书史核验,自动通过,metadata_pending,
我的名字叫红.md,WL-WORK-3192,我的名字叫红,Benim Adım Kırmızı,奥尔罕·帕慕克,Orhan Pamuk,,T6 当代全球文学,T6,,HAS_T,,,已有有效 T0–T6 坐标,需复核,metadata_pending,CANON-251
我的大学.md,WL-WORK-1114,我的大学,,高尔基,Maxim Gorky,,T4 全球现代主义时代,T4,,HAS_T,,,已有有效 T0–T6 坐标,自动通过,metadata_pending,
我的安东妮亚.md,WL-WORK-2526,我的安东妮亚,My Ántonia,薇拉·凯瑟,Willa Cather,,T4 全球现代主义时代,T4,,HAS_T,,,已有有效 T0–T6 坐标,自动通过,metadata_pending,
我的帝王生涯.md,WL-WORK-1115,我的帝王生涯,,苏童,,,T6 当代全球文学,T6,,HAS_T,,,已有有效 T0–T6 坐标,自动通过,metadata_pending,
我眼中的恶魔.md,WL-WORK-0127,我眼中的恶魔,,露丝·伦德尔,Ruth Rendell,,T5 二战后多极文学,T5,,HAS_T,,,已有有效 T0–T6 坐标,自动通过,,
我胆小如鼠.md,WL-WORK-2725,我胆小如鼠,,余华,,1996,T6 当代全球文学,T6,,HAS_T,,,已有有效 T0–T6 坐标,个人补录,metadata_pending,
我，克劳狄乌斯.md,WL-WORK-1116,我，克劳狄乌斯,,罗伯特·格雷夫斯,Robert Graves,,T4 全球现代主义时代,T4,,HAS_T,,,已有有效 T0–T6 坐标,自动通过,metadata_pending,
我，女巫蒂图芭.md,WL-WORK-1117,我，女巫蒂图芭,,玛丽斯·孔戴,Maryse Condé,,,,,MISSING_T_REVIEW_NO_YEAR,,,缺 T 且缺少可机器读取 year，需要书目/成书史核验,自动通过,metadata_pending,
我，机器人.md,WL-WORK-0294,我，机器人,,艾萨克·阿西莫夫,,,T5 二战后多极文学,T5,,HAS_T,,,已有有效 T0–T6 坐标,自动通过,,
我，至高无上者.md,WL-WORK-1712,我，至高无上者,,奥古斯托·罗亚·巴斯托斯,Augusto Roa Bastos,,T5 二战后多极文学,T5,,HAS_T,,,已有有效 T0–T6 坐标,自动通过,metadata_pending,CANON-281
我，里戈韦塔·门楚.md,WL-WORK-1713,我，里戈韦塔·门楚,,里戈韦塔·门楚,Rigoberta Menchú,,,,,MISSING_T_REVIEW_NO_YEAR,,,缺 T 且缺少可机器读取 year，需要书目/成书史核验,自动通过,metadata_pending,
我，陪审员.md,WL-WORK-0091,我，陪审员,,米基·斯皮兰,Mickey Spillane,,,,,MISSING_T_REVIEW_NO_YEAR,,,缺 T 且缺少可机器读取 year，需要书目/成书史核验,自动通过,,
战争.md,WL-WORK-1714,战争,,北川冬彦,,,,,,MISSING_T_REVIEW_NO_YEAR,,,缺 T 且缺少可机器读取 year，需要书目/成书史核验,自动通过,metadata_pending,
战争与和平.md,WL-WORK-1118,战争与和平,,列夫·托尔斯泰,Tolstoy,,T3 19世纪现代文学体系,T3,,HAS_T,,,已有有效 T0–T6 坐标,自动通过,metadata_pending,CANON-122
战争中没有女性.md,WL-WORK-2073,战争中没有女性,,阿列克谢耶维奇,Svetlana Alexievich,,T6 当代全球文学,T6,,HAS_T,,,已有有效 T0–T6 坐标,自动通过,metadata_pending,
战争和人.md,WL-WORK-2865,战争和人,,王火,,,T6 当代全球文学,T6,,HAS_T,,,已有有效 T0–T6 坐标,需复核,metadata_pending,
战争哀歌.md,WL-WORK-2074,战争哀歌,,保宁,,,,,,MISSING_T_REVIEW_NO_YEAR,,,缺 T 且缺少可机器读取 year，需要书目/成书史核验,自动通过,metadata_pending,
战国无赖.md,WL-WORK-2527,战国无赖,,孙晓,,,,,,MISSING_T_REVIEW_NO_YEAR,,,缺 T 且缺少可机器读取 year，需要书目/成书史核验,自动通过,metadata_pending,
战斗妖精雪风.md,WL-WORK-0446,战斗妖精雪风,,神林长平,,,,,,MISSING_T_REVIEW_NO_YEAR,,,缺 T 且缺少可机器读取 year，需要书目/成书史核验,自动通过,,
战舰武藏.md,WL-WORK-1119,战舰武藏,,吉村昭,,,T5 二战后多极文学,T5,,HAS_T,,,已有有效 T0–T6 坐标,自动通过,metadata_pending,
戴珍珠耳环的少女.md,WL-WORK-1120,戴珍珠耳环的少女,,特雷西·舍瓦利埃,Tracy Chevalier,,,,,MISSING_T_REVIEW_NO_YEAR,,,缺 T 且缺少可机器读取 year，需要书目/成书史核验,自动通过,metadata_pending,
戴眼镜持枪的女人.md,WL-WORK-0232,戴眼镜持枪的女人,,塞巴斯蒂安·雅普里索,Sébastien Japrisot,,,,,MISSING_T_REVIEW_NO_YEAR,,,缺 T 且缺少可机器读取 year，需要书目/成书史核验,自动通过,,
房思琪的初恋乐园.md,WL-WORK-2685,房思琪的初恋乐园,,林奕含,,,T6 当代全球文学,T6,,HAS_T,,,已有有效 T0–T6 坐标,个人补录,metadata_pending,
所有我们看不见的光.md,WL-WORK-1121,所有我们看不见的光,,安东尼·多尔,Anthony Doerr,2014,T6 当代全球文学,T6,,HAS_T,,,已有有效 T0–T6 坐标,自动通过,metadata_pending,
所罗门之歌.md,WL-WORK-1122,所罗门之歌,,托妮·莫里森,Toni Morrison,,T5 二战后多极文学,T5,,HAS_T,,,已有有效 T0–T6 坐标,自动通过,metadata_pending,
所罗门王的宝藏.md,WL-WORK-0702,所罗门王的宝藏,King Solomon's Mines,哈格德,Treasure Hunt,,T3 19世纪现代文学体系,T3,,HAS_T,,,已有有效 T0–T6 坐标,自动通过,metadata_pending,
所罗门的伪证.md,WL-WORK-0171,所罗门的伪证,,宫部美雪,,,T6 当代全球文学,T6,,HAS_T,,,已有有效 T0–T6 坐标,自动通过,,
手斧男孩.md,WL-WORK-0703,手斧男孩,,加里·保尔森,Gary Paulsen,,,,,MISSING_T_REVIEW_NO_YEAR,,,缺 T 且缺少可机器读取 year，需要书目/成书史核验,自动通过,metadata_pending,
手机.md,WL-WORK-2719,手机,,刘震云,,,T6 当代全球文学,T6,,HAS_T,,,已有有效 T0–T6 坐标,个人补录,metadata_pending,
扎哈克.md,WL-WORK-1463,扎哈克,,菲尔多西,,,T1 中古多中心文学世界,T1,,HAS_T,,,已有有效 T0–T6 坐标,自动通过,metadata_pending,
打开.md,WL-WORK-1715,打开,,萨达特·哈桑·曼托,Saadat Hasan Manto,,T5 二战后多极文学,T5,,HAS_T,,,已有有效 T0–T6 坐标,自动通过,metadata_pending,
托巴·泰克·辛.md,WL-WORK-1716,托巴·泰克·辛,,萨达特·哈桑·曼托,Manto,,T5 二战后多极文学,T5,,HAS_T,,,已有有效 T0–T6 坐标,自动通过,metadata_pending,
托马斯·考文南特：不信者之灾.md,WL-WORK-0704,托马斯·考文南特：不信者之灾,,斯蒂芬·R.唐纳森,Stephen R. Donaldson,,,,,MISSING_T_REVIEW_NO_YEAR,,,缺 T 且缺少可机器读取 year，需要书目/成书史核验,自动通过,metadata_pending,
扶桑.md,WL-WORK-2687,扶桑,,严歌苓,,,T6 当代全球文学,T6,,HAS_T,,,已有有效 T0–T6 坐标,个人补录,metadata_pending,
抉择.md,WL-WORK-2867,抉择,,张平,,,T6 当代全球文学,T6,,HAS_T,,,已有有效 T0–T6 坐标,需复核,metadata_pending,
抓住我：杀了我.md,WL-WORK-3104,抓住我：杀了我,Catch Me: Kill Me,威廉·H·哈拉汉,William H. Hallahan,,T5 二战后多极文学,T5,,HAS_T,,,已有有效 T0–T6 坐标,需复核,metadata_pending,
抛售.md,WL-WORK-3072,抛售,The Sellout,保罗·贝蒂,Paul Beatty,,T6 当代全球文学,T6,,HAS_T,,,已有有效 T0–T6 坐标,需复核,metadata_pending,
护身符的故事.md,WL-WORK-0705,护身符的故事,,E.内斯比特,E. Nesbit,,T4 全球现代主义时代,T4,,HAS_T,,,已有有效 T0–T6 坐标,自动通过,metadata_pending,
押沙龙，押沙龙！.md,WL-WORK-1123,押沙龙，押沙龙！,,福克纳,Faulkner,,T4 全球现代主义时代,T4,,HAS_T,,,已有有效 T0–T6 坐标,自动通过,metadata_pending,CANON-201
抽签.md,WL-WORK-0706,抽签,,雪莉·杰克逊,Shirley Jackson,,T5 二战后多极文学,T5,,HAS_T,,,已有有效 T0–T6 坐标,自动通过,metadata_pending,
拆解.md,WL-WORK-1124,拆解,,尼尔·舒斯特曼,Neal Shusterman,,,,,MISSING_T_REVIEW_NO_YEAR,,,缺 T 且缺少可机器读取 year，需要书目/成书史核验,自动通过,metadata_pending,
拉·加利戈.md,WL-WORK-1464,拉·加利戈,,布吉人,,,,,,MISSING_T_REVIEW_NO_YEAR,,,缺 T 且缺少可机器读取 year，需要书目/成书史核验,自动通过,metadata_pending,
拉布拉瓦.md,WL-WORK-3110,拉布拉瓦,La Brava,埃尔莫尔·伦纳德,Elmore Leonard,,T6 当代全球文学,T6,,HAS_T,,,已有有效 T0–T6 坐标,需复核,metadata_pending,
拉德茨基进行曲.md,WL-WORK-3218,拉德茨基进行曲,Radetzkymarsch,约瑟夫·罗特,Joseph Roth,,T4 全球现代主义时代,T4,,HAS_T,,,已有有效 T0–T6 坐标,需复核,metadata_pending,CANON-300
拉撒路illo.md,WL-WORK-1125,拉撒路illo,,佚名,,,,,,MISSING_T_REVIEW_NO_YEAR,,anonymous_or_oral,缺 T 且缺少可机器读取 year，需要书目/成书史核验,自动通过,metadata_pending,
拉格泰姆时代.md,WL-WORK-1126,拉格泰姆时代,,E.L.多克托罗,E.L. Doctorow,,T5 二战后多极文学,T5,,HAS_T,,,已有有效 T0–T6 坐标,自动通过,metadata_pending,
拉比纳尔武士.md,WL-WORK-1717,拉比纳尔武士,,佚名,,,,,,MISSING_T_REVIEW_NO_YEAR,,anonymous_or_oral,缺 T 且缺少可机器读取 year，需要书目/成书史核验,自动通过,metadata_pending,
拉玛坚.md,WL-WORK-1465,拉玛坚,,佚名,泰国,,T2 早期现代文学,T2,,HAS_T,,anonymous_or_oral,已有有效 T0–T6 坐标,自动通过,metadata_pending,
拉脱维亚人彼得.md,WL-WORK-0227,拉脱维亚人彼得,,乔治·西默农,Georges Simenon,,T5 二战后多极文学,T5,,HAS_T,,,已有有效 T0–T6 坐标,自动通过,,
拉莫娜.md,WL-WORK-2528,拉莫娜,Ramona,海伦·亨特·杰克逊,Helen Hunt Jackson,,T3 19世纪现代文学体系,T3,,HAS_T,,,已有有效 T0–T6 坐标,自动通过,metadata_pending,
拍卖第四十九批.md,WL-WORK-1718,拍卖第四十九批,,托马斯·品钦,Thomas Pynchon,,T5 二战后多极文学,T5,,HAS_T,,,已有有效 T0–T6 坐标,自动通过,metadata_pending,
拓荒者.md,WL-WORK-2529,拓荒者,The Pioneers,詹姆斯·费尼莫尔·库珀,Leatherstocking Tales,,T3 19世纪现代文学体系,T3,,HAS_T,,,已有有效 T0–T6 坐标,自动通过,metadata_pending,
拥抱之书.md,WL-WORK-1719,拥抱之书,,爱德华多·加莱亚诺,,,,,,MISSING_T_REVIEW_NO_YEAR,,,缺 T 且缺少可机器读取 year，需要书目/成书史核验,自动通过,metadata_pending,
拷刑者之影.md,WL-WORK-0366,拷刑者之影,,吉恩·沃尔夫,Gene Wolfe,,T6 当代全球文学,T6,,HAS_T,,,已有有效 T0–T6 坐标,自动通过,,
指匠谜案.md,WL-WORK-1127,指匠谜案,,伊恩·皮尔斯,Iain Pears,,,,,MISSING_T_REVIEW_NO_YEAR,,,缺 T 且缺少可机器读取 year，需要书目/成书史核验,自动通过,metadata_pending,
指匠迷案.md,WL-WORK-0136,指匠迷案,An Instance of the Fingerpost,伊恩·皮尔斯,Iain Pears,,,,,MISSING_T_REVIEW_NO_YEAR,,,缺 T 且缺少可机器读取 year，需要书目/成书史核验,自动通过,,
挪威的森林.md,WL-WORK-1128,挪威的森林,,村上春树,,,T6 当代全球文学,T6,,HAS_T,,,已有有效 T0–T6 坐标,自动通过,metadata_pending,
排列城市.md,WL-WORK-0377,排列城市,,格雷格·伊根,Greg Egan,,T6 当代全球文学,T6,,HAS_T,,,已有有效 T0–T6 坐标,自动通过,,
掠夺者.md,WL-WORK-2990,掠夺者,The Reivers,威廉·福克纳,William Faulkner,,T5 二战后多极文学,T5,,HAS_T,,,已有有效 T0–T6 坐标,需复核,metadata_pending,
探索者.md,WL-WORK-2949,探索者,Seeker,杰克·麦克德维特,Jack McDevitt,,T6 当代全球文学,T6,,HAS_T,,,已有有效 T0–T6 坐标,需复核,metadata_pending,
探路者.md,WL-WORK-2530,探路者,The Pathfinder,詹姆斯·费尼莫尔·库珀,Leatherstocking Tales,,T3 19世纪现代文学体系,T3,,HAS_T,,,已有有效 T0–T6 坐标,自动通过,metadata_pending,
接触.md,WL-WORK-0420,接触,,卡尔·萨根,Carl Sagan,,T6 当代全球文学,T6,,HAS_T,,,已有有效 T0–T6 坐标,自动通过,,
推冰.md,WL-WORK-0384,推冰,,阿拉斯泰尔·雷诺兹,Alastair Reynolds,,T6 当代全球文学,T6,,HAS_T,,,已有有效 T0–T6 坐标,自动通过,,
推拿.md,WL-WORK-2881,推拿,,毕飞宇,,,T6 当代全球文学,T6,,HAS_T,,,已有有效 T0–T6 坐标,需复核,metadata_pending,
提升之战.md,WL-WORK-2910,提升之战,The Uplift War,大卫·布林,David Brin,,T6 当代全球文学,T6,,HAS_T,,,已有有效 T0–T6 坐标,需复核,metadata_pending,
提嘉娜.md,WL-WORK-0707,提嘉娜,,盖伊·加夫里尔·凯,Guy Gavriel Kay,,T6 当代全球文学,T6,,HAS_T,,,已有有效 T0–T6 坐标,自动通过,metadata_pending,
提堂.md,WL-WORK-1129,提堂,,近代欧洲,,,,,,MISSING_T_REVIEW_NO_YEAR,,,缺 T 且缺少可机器读取 year，需要书目/成书史核验,自动通过,metadata_pending,
提审亡魂.md,WL-WORK-3069,提审亡魂,Bring Up the Bodies,希拉里·曼特尔,Hilary Mantel,,T6 当代全球文学,T6,,HAS_T,,,已有有效 T0–T6 坐标,需复核,metadata_pending,
搜神记.md,WL-WORK-0708,搜神记,,干宝,,,,,,MISSING_T_REVIEW_NO_YEAR,,,缺 T 且缺少可机器读取 year，需要书目/成书史核验,自动通过,metadata_pending,
摆渡人.md,WL-WORK-2761,摆渡人,,克莱儿·麦克福尔,,,T6 当代全球文学,T6,,HAS_T,,,已有有效 T0–T6 坐标,个人补录,metadata_pending,
摩天楼.md,WL-WORK-0344,摩天楼,,J.G.巴拉德,J.G. Ballard,,T5 二战后多极文学,T5,,HAS_T,,,已有有效 T0–T6 坐标,自动通过,,
摩诃婆罗多.md,WL-WORK-1130,摩诃婆罗多,,毗耶娑,它属于,,T0 文学源头与古代文学,T0,,HAS_T,,,已有有效 T0–T6 坐标,自动通过,metadata_pending,CANON-011
撒冷镇.md,WL-WORK-0709,撒冷镇,,斯蒂芬·金,Stephen King,,T5 二战后多极文学,T5,,HAS_T,,,已有有效 T0–T6 坐标,自动通过,metadata_pending,
撕裂我的生命.md,WL-WORK-1720,撕裂我的生命,,安赫莱斯·马斯特雷塔,,,,,,MISSING_T_REVIEW_NO_YEAR,,,缺 T 且缺少可机器读取 year，需要书目/成书史核验,自动通过,metadata_pending,
撞车.md,WL-WORK-0343,撞车,,J.G.巴拉德,J.G. Ballard,,T5 二战后多极文学,T5,,HAS_T,,,已有有效 T0–T6 坐标,自动通过,,
播种者寓言.md,WL-WORK-0362,播种者寓言,,奥克塔维娅·巴特勒,Butler,,T6 当代全球文学,T6,,HAS_T,,,已有有效 T0–T6 坐标,自动通过,,
故事新编·铸剑.md,WL-WORK-2531,故事新编·铸剑,,鲁迅,,,T4 全球现代主义时代,T4,,HAS_T,,,已有有效 T0–T6 坐标,自动通过,metadata_pending,
救命之距.md,WL-WORK-0710,救命之距,,萨曼塔·施韦布林,Samanta Schweblin,,T6 当代全球文学,T6,,HAS_T,,,已有有效 T0–T6 坐标,自动通过,metadata_pending,
散宜生.md,WL-WORK-0378,散宜生,,格雷格·伊根,Greg Egan,,T6 当代全球文学,T6,,HAS_T,,,已有有效 T0–T6 坐标,自动通过,,
散文埃达.md,WL-WORK-1466,散文埃达,,斯诺里·斯图鲁松,Snorri,,T1 中古多中心文学世界,T1,,HAS_T,,,已有有效 T0–T6 坐标,自动通过,metadata_pending,
敦威治恐怖事件.md,WL-WORK-0711,敦威治恐怖事件,,洛夫克拉夫特,H.P. Lovecraft,,T4 全球现代主义时代,T4,,HAS_T,,,已有有效 T0–T6 坐标,自动通过,metadata_pending,
敦煌.md,WL-WORK-1131,敦煌,,井上靖,,,T5 二战后多极文学,T5,,HAS_T,,,已有有效 T0–T6 坐标,自动通过,metadata_pending,
文城.md,WL-WORK-2723,文城,,余华,,2021,T6 当代全球文学,T6,,HAS_T,,,已有有效 T0–T6 坐标,个人补录,metadata_pending,
斗罗大陆.md,WL-WORK-2742,斗罗大陆,,唐家三少,,,T6 当代全球文学,T6,,HAS_T,,,已有有效 T0–T6 坐标,个人补录,metadata_pending,
斜屋犯罪.md,WL-WORK-0177,斜屋犯罪,,岛田庄司,,,T6 当代全球文学,T6,,HAS_T,,,已有有效 T0–T6 坐标,自动通过,,
斜阳.md,WL-WORK-1721,斜阳,,太宰治,,,T5 二战后多极文学,T5,,HAS_T,,,已有有效 T0–T6 坐标,自动通过,metadata_pending,
断剑.md,WL-WORK-0712,断剑,,波尔·安德森,Poul Anderson,,T5 二战后多极文学,T5,,HAS_T,,,已有有效 T0–T6 坐标,自动通过,metadata_pending,
断背山.md,WL-WORK-2532,断背山,Brokeback Mountain,安妮·普鲁,Annie Proulx,,T6 当代全球文学,T6,,HAS_T,,,已有有效 T0–T6 坐标,自动通过,metadata_pending,
斯兰.md,WL-WORK-0314,斯兰,,A.E.范沃格特,A.E. van Vogt,,T4 全球现代主义时代,T4,,HAS_T,,,已有有效 T0–T6 坐标,自动通过,,
斯卡拉穆什.md,WL-WORK-2533,斯卡拉穆什,Scaramouche,拉斐尔·萨巴蒂尼,Rafael Sabatini,,T4 全球现代主义时代,T4,,HAS_T,,,已有有效 T0–T6 坐标,自动通过,metadata_pending,
斯大林格勒.md,WL-WORK-2075,斯大林格勒,,瓦西里·格罗斯曼,Vasily Grossman,,T5 二战后多极文学,T5,,HAS_T,,,已有有效 T0–T6 坐标,自动通过,metadata_pending,
斯居戴里小姐.md,WL-WORK-0001,斯居戴里小姐,,E.T.A.霍夫曼,,,T3 19世纪现代文学体系,T3,,HAS_T,,,已有有效 T0–T6 坐标,自动通过,,
斯巴达克斯.md,WL-WORK-1132,斯巴达克斯,,霍华德·法斯特,Howard Fast,,,,,MISSING_T_REVIEW_NO_YEAR,,,缺 T 且缺少可机器读取 year，需要书目/成书史核验,自动通过,metadata_pending,
斯泰尔斯庄园奇案.md,WL-WORK-0028,斯泰尔斯庄园奇案,,阿加莎·克里斯蒂,,,T4 全球现代主义时代,T4,,HAS_T,,,已有有效 T0–T6 坐标,自动通过,,
斯里拉玛传.md,WL-WORK-1467,斯里拉玛传,Hikayat Seri Rama,佚名,马来,,T1 中古多中心文学世界,T1,,HAS_T,,anonymous_or_oral,已有有效 T0–T6 坐标,自动通过,metadata_pending,
新·平家物语.md,WL-WORK-2534,新·平家物语,,吉川英治,,,T5 二战后多极文学,T5,,HAS_T,,,已有有效 T0–T6 坐标,自动通过,metadata_pending,
新一天之歌.md,WL-WORK-2953,新一天之歌,A Song for a New Day,莎拉·平斯克,Sarah Pinsker,,T6 当代全球文学,T6,,HAS_T,,,已有有效 T0–T6 坐标,需复核,metadata_pending,
新世界的孩子们.md,WL-WORK-2076,新世界的孩子们,,阿西亚·杰巴尔,Assia Djebar,,,,,MISSING_T_REVIEW_NO_YEAR,,,缺 T 且缺少可机器读取 year，需要书目/成书史核验,自动通过,metadata_pending,
新书太阁记.md,WL-WORK-1133,新书太阁记,,吉川英治,,,T4 全球现代主义时代,T4,,HAS_T,,,已有有效 T0–T6 坐标,自动通过,metadata_pending,
新参者.md,WL-WORK-0214,新参者,,东野圭吾,,,T6 当代全球文学,T6,,HAS_T,,,已有有效 T0–T6 坐标,自动通过,,
新大西岛.md,WL-WORK-0258,新大西岛,,弗朗西斯·培根,,,T2 早期现代文学,T2,,HAS_T,,,已有有效 T0–T6 坐标,自动通过,,
新奥尔良哀歌.md,WL-WORK-3117,新奥尔良哀歌,New Orleans Mourning,朱莉·史密斯,Julie Smith,,T6 当代全球文学,T6,,HAS_T,,,已有有效 T0–T6 坐标,需复核,metadata_pending,
新星.md,WL-WORK-0349,新星,,塞缪尔·R.德拉尼,Samuel R. Delany,,T5 二战后多极文学,T5,,HAS_T,,,已有有效 T0–T6 坐标,自动通过,,
新月王座.md,WL-WORK-0713,新月王座,,萨拉丁·艾哈迈德,Saladin Ahmed,,,,,MISSING_T_REVIEW_NO_YEAR,,,缺 T 且缺少可机器读取 year，需要书目/成书史核验,自动通过,metadata_pending,
新爱洛伊丝.md,WL-WORK-2077,新爱洛伊丝,,卢梭,Jean-Jacques Rousseau,,T2 早期现代文学,T2,,HAS_T,,,已有有效 T0–T6 坐标,自动通过,metadata_pending,
新编五代史平话.md,WL-WORK-T1-WUDAI-PINGHUA,新编五代史平话,新編五代史評話,佚名,,,T1 中古多中心文学世界,T1,,HAS_T,,anonymous_or_oral,已有有效 T0–T6 坐标,人工核验,metadata_pending,
新编年史与良政.md,WL-WORK-1722,新编年史与良政,,瓜曼·波马,,,,,,MISSING_T_REVIEW_NO_YEAR,,,缺 T 且缺少可机器读取 year，需要书目/成书史核验,自动通过,metadata_pending,
新荒野.md,WL-WORK-1134,新荒野,,黛安娜·库克,Diane Cook,,,,,MISSING_T_REVIEW_NO_YEAR,,,缺 T 且缺少可机器读取 year，需要书目/成书史核验,自动通过,metadata_pending,
新选组血风录.md,WL-WORK-2535,新选组血风录,,司马辽太郎,因此,,T5 二战后多极文学,T5,,HAS_T,,,已有有效 T0–T6 坐标,自动通过,metadata_pending,
方尖碑之门.md,WL-WORK-0714,方尖碑之门,,N.K.杰米辛,N.K. Jemisin,,T6 当代全球文学,T6,,HAS_T,,,已有有效 T0–T6 坐标,自动通过,metadata_pending,
方法论.md,WL-WORK-1723,方法论,,阿莱霍·卡彭铁尔,Alejo Carpentier,,T5 二战后多极文学,T5,,HAS_T,,,已有有效 T0–T6 坐标,自动通过,metadata_pending,
施公案.md,WL-WORK-2536,施公案,,佚名,,,,,,MISSING_T_REVIEW_NO_YEAR,,anonymous_or_oral,缺 T 且缺少可机器读取 year，需要书目/成书史核验,自动通过,metadata_pending,
施疗室里.md,WL-WORK-1724,施疗室里,,川端康成,,,T4 全球现代主义时代,T4,,HAS_T,,,已有有效 T0–T6 坐标,自动通过,metadata_pending,
旅行书（埃夫利亚·切莱比）.md,WL-WORK-T2-SEYAHATNAME,旅行书,Seyahatnâme,埃夫利亚·切莱比,Evliya Çelebi,,T2 早期现代文学,T2,,HAS_T,,,已有有效 T0–T6 坐标,手工核验,curated,
旋转楼梯.md,WL-WORK-0020,旋转楼梯,,玛丽·罗伯茨·莱因哈特,,,,,,MISSING_T_REVIEW_NO_YEAR,,,缺 T 且缺少可机器读取 year，需要书目/成书史核验,自动通过,,
族长的秋天.md,WL-WORK-1725,族长的秋天,,加西亚·马尔克斯,,,T5 二战后多极文学,T5,,HAS_T,,,已有有效 T0–T6 坐标,自动通过,metadata_pending,
无人点灯.md,WL-WORK-1726,无人点灯,,费利斯贝托·埃尔南德斯,,,,,,MISSING_T_REVIEW_NO_YEAR,,,缺 T 且缺少可机器读取 year，需要书目/成书史核验,自动通过,metadata_pending,
无人生还.md,WL-WORK-0024,无人生还,,阿加莎·克里斯蒂,,,T4 全球现代主义时代,T4,,HAS_T,,,已有有效 T0–T6 坐标,自动通过,,
无名小说.md,WL-WORK-2078,无名小说,,杨秋香,,,,,,MISSING_T_REVIEW_NO_YEAR,,,缺 T 且缺少可机器读取 year，需要书目/成书史核验,自动通过,metadata_pending,
无名的裘德.md,WL-WORK-1135,无名的裘德,,托马斯·哈代,Thomas Hardy,,T4 全球现代主义时代,T4,,HAS_T,,,已有有效 T0–T6 坐标,自动通过,metadata_pending,
无命运的人生.md,WL-WORK-2079,无命运的人生,,凯尔泰斯,Kertész,,T5 二战后多极文学,T5,,HAS_T,,,已有有效 T0–T6 坐标,自动通过,metadata_pending,CANON-298
无境之兽.md,WL-WORK-2080,无境之兽,,乌佐丁马·伊韦阿拉,Uzodinma Iweala,,,,,MISSING_T_REVIEW_NO_YEAR,,,缺 T 且缺少可机器读取 year，需要书目/成书史核验,自动通过,metadata_pending,
无声告白.md,WL-WORK-2728,无声告白,,伍绮诗,,,T6 当代全球文学,T6,,HAS_T,,,已有有效 T0–T6 坐标,个人补录,metadata_pending,
无字.md,WL-WORK-2871,无字,,张洁,,,T6 当代全球文学,T6,,HAS_T,,,已有有效 T0–T6 坐标,需复核,metadata_pending,
无尽世界.md,WL-WORK-1136,无尽世界,,肯·福莱特,Ken Follett,,T6 当代全球文学,T6,,HAS_T,,,已有有效 T0–T6 坐标,自动通过,metadata_pending,
无巢鸟.md,WL-WORK-1727,无巢鸟,,克洛林达·马托,,,,,,MISSING_T_REVIEW_NO_YEAR,,,缺 T 且缺少可机器读取 year，需要书目/成书史核验,自动通过,metadata_pending,
无敌号.md,WL-WORK-0335,无敌号,,斯坦尼斯瓦夫·莱姆,Stanisław Lem,,T5 二战后多极文学,T5,,HAS_T,,,已有有效 T0–T6 坐标,自动通过,,
无有乡.md,WL-WORK-0715,无有乡,,尼尔·盖曼,Neil Gaiman,,T6 当代全球文学,T6,,HAS_T,,,已有有效 T0–T6 坐标,自动通过,metadata_pending,
无根之木.md,WL-WORK-0716,无根之木,,娜奥米·诺维克,Naomi Novik,,T6 当代全球文学,T6,,HAS_T,,,已有有效 T0–T6 坐标,自动通过,metadata_pending,
无罪推定.md,WL-WORK-0118,无罪推定,,斯科特·图罗,Scott Turow,,,,,MISSING_T_REVIEW_NO_YEAR,,,缺 T 且缺少可机器读取 year，需要书目/成书史核验,自动通过,,
无言者的话.md,WL-WORK-1728,无言者的话,,胡利奥·拉蒙·里贝罗,,,,,,MISSING_T_REVIEW_NO_YEAR,,,缺 T 且缺少可机器读取 year，需要书目/成书史核验,自动通过,metadata_pending,
无证之罪.md,WL-WORK-0243,无证之罪,,紫金陈,,,T6 当代全球文学,T6,,HAS_T,,,已有有效 T0–T6 坐标,自动通过,,
无面杀手.md,WL-WORK-0220,无面杀手,,亨宁·曼凯尔,Henning Mankell,,T6 当代全球文学,T6,,HAS_T,,,已有有效 T0–T6 坐标,自动通过,,
日子.md,WL-WORK-1729,日子,,塔哈·侯赛因,Taha Hussein,,,,,MISSING_T_REVIEW_NO_YEAR,,,缺 T 且缺少可机器读取 year，需要书目/成书史核验,自动通过,metadata_pending,
日本书纪.md,WL-WORK-1468,日本书纪,,舍人亲王等,,,,,,MISSING_T_REVIEW_NO_YEAR,,,缺 T 且缺少可机器读取 year，需要书目/成书史核验,自动通过,metadata_pending,
日本沉没.md,WL-WORK-0442,日本沉没,,小松左京,,,,,,MISSING_T_REVIEW_NO_YEAR,,,缺 T 且缺少可机器读取 year，需要书目/成书史核验,自动通过,,
日瓦戈医生.md,WL-WORK-1730,日瓦戈医生,,帕斯捷尔纳克,Pasternak,,T5 二战后多极文学,T5,,HAS_T,,,已有有效 T0–T6 坐标,自动通过,metadata_pending,CANON-162
早安，午夜.md,WL-WORK-1731,早安，午夜,,简·里斯,Jean Rhys,,T4 全球现代主义时代,T4,,HAS_T,,,已有有效 T0–T6 坐标,自动通过,metadata_pending,
早秋.md,WL-WORK-2965,早秋,Early Autumn,路易斯·布罗姆菲尔德,Louis Bromfield,,T4 全球现代主义时代,T4,,HAS_T,,,已有有效 T0–T6 坐标,需复核,metadata_pending,
时代景观.md,WL-WORK-0371,时代景观,,格雷戈里·本福德,Gregory Benford,,T6 当代全球文学,T6,,HAS_T,,,已有有效 T0–T6 坐标,自动通过,,
时光之轮：世界之眼.md,WL-WORK-0717,时光之轮：世界之眼,,罗伯特·乔丹,Robert Jordan,,,,,MISSING_T_REVIEW_NO_YEAR,,,缺 T 且缺少可机器读取 year，需要书目/成书史核验,自动通过,metadata_pending,
时时刻刻.md,WL-WORK-3015,时时刻刻,The Hours,迈克尔·坎宁安,Michael Cunningham,,T6 当代全球文学,T6,,HAS_T,,,已有有效 T0–T6 坐标,需复核,metadata_pending,
时间.md,WL-WORK-2718,时间,,堀田善卫,,,T5 二战后多极文学,T5,,HAS_T,,,已有有效 T0–T6 坐标,个人补录,metadata_pending,
时间之子.md,WL-WORK-0385,时间之子,,阿德里安·柴考斯基,Adrian Tchaikovsky,,T6 当代全球文学,T6,,HAS_T,,,已有有效 T0–T6 坐标,自动通过,,
时间回旋.md,WL-WORK-0380,时间回旋,,罗伯特·查尔斯·威尔逊,Robert Charles Wilson,,T6 当代全球文学,T6,,HAS_T,,,已有有效 T0–T6 坐标,自动通过,,
时间旅行者的妻子.md,WL-WORK-2081,时间旅行者的妻子,,奥德丽·尼芬格,Audrey Niffenegger,,,,,MISSING_T_REVIEW_NO_YEAR,,,缺 T 且缺少可机器读取 year，需要书目/成书史核验,自动通过,metadata_pending,
时间机器.md,WL-WORK-0273,时间机器,,H.G.威尔斯,,,T4 全球现代主义时代,T4,,HAS_T,,,已有有效 T0–T6 坐标,自动通过,,
时间的女儿.md,WL-WORK-0058,时间的女儿,,约瑟芬·铁伊,Josephine Tey,,T5 二战后多极文学,T5,,HAS_T,,,已有有效 T0–T6 坐标,自动通过,,
时间箭.md,WL-WORK-1137,时间箭,,马丁·艾米斯,Martin Amis,,,,,MISSING_T_REVIEW_NO_YEAR,,,缺 T 且缺少可机器读取 year，需要书目/成书史核验,自动通过,metadata_pending,
时间调校研究所.md,WL-WORK-3190,时间调校研究所,Saatleri Ayarlama Enstitüsü,艾哈迈德·哈姆迪·坦普纳尔,Ahmet Hamdi Tanpınar,,T5 二战后多极文学,T5,,HAS_T,,,已有有效 T0–T6 坐标,需复核,metadata_pending,CANON-249
时间边缘的女人.md,WL-WORK-0358,时间边缘的女人,,玛吉·皮尔西,Marge Piercy,,T5 二战后多极文学,T5,,HAS_T,,,已有有效 T0–T6 坐标,自动通过,,
昆丁·达沃德.md,WL-WORK-0718,昆丁·达沃德,,沃尔特·司各特,Walter Scott,,T3 19世纪现代文学体系,T3,,HAS_T,,,已有有效 T0–T6 坐标,自动通过,metadata_pending,
昆仑.md,WL-WORK-2537,昆仑,,凤歌,,,T6 当代全球文学,T6,,HAS_T,,,已有有效 T0–T6 坐标,自动通过,metadata_pending,
昆仑奴.md,WL-WORK-2538,昆仑奴,,裴铏,,,,,,MISSING_T_REVIEW_NO_YEAR,,,缺 T 且缺少可机器读取 year，需要书目/成书史核验,自动通过,metadata_pending,
昆廷·达沃德.md,WL-WORK-2539,昆廷·达沃德,Quentin Durward,沃尔特·司各特,Walter Scott,,T3 19世纪现代文学体系,T3,,HAS_T,,,已有有效 T0–T6 坐标,自动通过,metadata_pending,
明亮之门的圣人.md,WL-WORK-2955,明亮之门的圣人,The Saint of Bright Doors,瓦杰拉·钱德拉塞克拉,Vajra Chandrasekera,,T6 当代全球文学,T6,,HAS_T,,,已有有效 T0–T6 坐标,需复核,metadata_pending,
明亮的夜晚.md,WL-WORK-2702,明亮的夜晚,,崔恩荣,,,T6 当代全球文学,T6,,HAS_T,,,已有有效 T0–T6 坐标,个人补录,metadata_pending,
昔日甜鸟歌唱处.md,WL-WORK-2904,昔日甜鸟歌唱处,Where Late the Sweet Birds Sang,凯特·威廉姆,Kate Wilhelm,,T5 二战后多极文学,T5,,HAS_T,,,已有有效 T0–T6 坐标,需复核,metadata_pending,
星之彩.md,WL-WORK-0719,星之彩,,洛夫克拉夫特,H.P. Lovecraft,,T4 全球现代主义时代,T4,,HAS_T,,,已有有效 T0–T6 坐标,自动通过,metadata_pending,
星期一开始于星期六.md,WL-WORK-0338,星期一开始于星期六,,斯特鲁加茨基兄弟,,,T5 二战后多极文学,T5,,HAS_T,,,已有有效 T0–T6 坐标,自动通过,,
星期五的黑人.md,WL-WORK-1138,星期五的黑人,,纳纳·夸梅·阿杰伊-布伦亚,Nana Kwame Adjei-Brenyah,,,,,MISSING_T_REVIEW_NO_YEAR,,,缺 T 且缺少可机器读取 year，需要书目/成书史核验,自动通过,metadata_pending,
星潮汹涌.md,WL-WORK-2909,星潮汹涌,Startide Rising,大卫·布林,David Brin,,T6 当代全球文学,T6,,HAS_T,,,已有有效 T0–T6 坐标,需复核,metadata_pending,
星船伞兵.md,WL-WORK-0301,星船伞兵,,罗伯特·海因莱因,,,T5 二战后多极文学,T5,,HAS_T,,,已有有效 T0–T6 坐标,自动通过,,
星触女王.md,WL-WORK-0720,星触女王,,罗莎妮·乔克希,Roshani Chokshi,,,,,MISSING_T_REVIEW_NO_YEAR,,,缺 T 且缺少可机器读取 year，需要书目/成书史核验,自动通过,metadata_pending,
星辰时刻.md,WL-WORK-1732,星辰时刻,,克拉丽丝·利斯佩克托,Clarice Lispector,,T5 二战后多极文学,T5,,HAS_T,,,已有有效 T0–T6 坐标,自动通过,metadata_pending,CANON-273
春.md,WL-WORK-1139,春,,巴金,,,T4 全球现代主义时代,T4,,HAS_T,,,已有有效 T0–T6 坐标,自动通过,metadata_pending,
春桃.md,WL-WORK-2681,春桃,,许地山,,,T4 全球现代主义时代,T4,,HAS_T,,,已有有效 T0–T6 坐标,个人补录,metadata_pending,
春雪.md,WL-WORK-1733,春雪,,三岛由纪夫,Mishima Yukio,,T5 二战后多极文学,T5,,HAS_T,,,已有有效 T0–T6 坐标,自动通过,metadata_pending,
春香传.md,WL-WORK-2819,春香传,The Tale of Chunhyang,佚名,Anonymous,,T2 早期现代文学,T2,,HAS_T,,anonymous_or_oral,已有有效 T0–T6 坐标,需复核,metadata_pending,CANON-059
晚夏.md,WL-WORK-1140,晚夏,,阿达尔贝特·施蒂弗特,Adalbert Stifter,,,,,MISSING_T_REVIEW_NO_YEAR,,,缺 T 且缺少可机器读取 year，需要书目/成书史核验,自动通过,metadata_pending,
智利之夜.md,WL-WORK-2082,智利之夜,,波拉尼奥,,,T6 当代全球文学,T6,,HAS_T,,,已有有效 T0–T6 坐标,自动通过,metadata_pending,
暗夜呢喃.md,WL-WORK-0721,暗夜呢喃,,洛夫克拉夫特,H.P. Lovecraft,,T4 全球现代主义时代,T4,,HAS_T,,,已有有效 T0–T6 坐标,自动通过,metadata_pending,
暗算.md,WL-WORK-2671,暗算,,麦家,,,T6 当代全球文学,T6,,HAS_T,,,已有有效 T0–T6 坐标,个人补录,metadata_pending,
暗适应之眼.md,WL-WORK-0128,暗适应之眼,,芭芭拉·瓦恩,Barbara Vine,,,,,MISSING_T_REVIEW_NO_YEAR,,,缺 T 且缺少可机器读取 year，需要书目/成书史核验,自动通过,,
暗适应的眼睛.md,WL-WORK-3113,暗适应的眼睛,A Dark-Adapted Eye,露丝·伦德尔,Ruth Rendell,,T6 当代全球文学,T6,,HAS_T,,,已有有效 T0–T6 坐标,需复核,metadata_pending,
暗黑扫描仪.md,WL-WORK-0331,暗黑扫描仪,,菲利普·K.迪克,Philip K. Dick,,T5 二战后多极文学,T5,,HAS_T,,,已有有效 T0–T6 坐标,自动通过,,
暧昧的冒险.md,WL-WORK-1734,暧昧的冒险,,谢赫·哈米杜·卡内,Cheikh Hamidou Kane,,T5 二战后多极文学,T5,,HAS_T,,,已有有效 T0–T6 坐标,自动通过,metadata_pending,
暮鼓晨钟——少年康熙.md,WL-WORK-1141,暮鼓晨钟——少年康熙,,凌力,,,T6 当代全球文学,T6,,HAS_T,,,已有有效 T0–T6 坐标,自动通过,metadata_pending,
暴风上尉.md,WL-WORK-2540,暴风上尉,Capitan Tempesta,埃米利奥·萨尔加里,Salgari的,,T4 全球现代主义时代,T4,,HAS_T,,,已有有效 T0–T6 坐标,自动通过,metadata_pending,
暴风雨.md,WL-WORK-2829,暴风雨,The Tempest,威廉·莎士比亚,William Shakespeare,,T2 早期现代文学,T2,,HAS_T,,,已有有效 T0–T6 坐标,需复核,metadata_pending,CANON-074
暴风雨前.md,WL-WORK-1142,暴风雨前,,特奥多尔·冯塔纳,Theodor Fontane,,,,,MISSING_T_REVIEW_NO_YEAR,,,缺 T 且缺少可机器读取 year，需要书目/成书史核验,自动通过,metadata_pending,
暴风雨前夜.md,WL-WORK-0722,暴风雨前夜,,吉姆·布彻,Jim Butcher,,,,,MISSING_T_REVIEW_NO_YEAR,,,缺 T 且缺少可机器读取 year，需要书目/成书史核验,自动通过,metadata_pending,
更不必说那条狗.md,WL-WORK-2916,更不必说那条狗,To Say Nothing of the Dog,康妮·威利斯,Connie Willis,,T6 当代全球文学,T6,,HAS_T,,,已有有效 T0–T6 坐标,需复核,metadata_pending,
曼侬·莱斯科.md,WL-WORK-1143,曼侬·莱斯科,,普雷沃神父,Prévost,,,,,MISSING_T_REVIEW_NO_YEAR,,,缺 T 且缺少可机器读取 year，需要书目/成书史核验,自动通过,metadata_pending,
曼哈顿中转站.md,WL-WORK-1735,曼哈顿中转站,,约翰·多斯·帕索斯,John Dos Passos,,,,,MISSING_T_REVIEW_NO_YEAR,,,缺 T 且缺少可机器读取 year，需要书目/成书史核验,自动通过,metadata_pending,
曼德维尔游记.md,WL-WORK-1469,曼德维尔游记,,约翰·曼德维尔,John Mandeville,,,,,MISSING_T_REVIEW_NO_YEAR,,,缺 T 且缺少可机器读取 year，需要书目/成书史核验,自动通过,metadata_pending,
曼斯菲尔德庄园.md,WL-WORK-1144,曼斯菲尔德庄园,,简·奥斯汀,Jane Austen,,T3 19世纪现代文学体系,T3,,HAS_T,,,已有有效 T0–T6 坐标,自动通过,metadata_pending,
曼波王演奏情歌.md,WL-WORK-3007,曼波王演奏情歌,The Mambo Kings Play Songs of Love,奥斯卡·希胡埃洛斯,Oscar Hijuelos,,T6 当代全球文学,T6,,HAS_T,,,已有有效 T0–T6 坐标,需复核,metadata_pending,
曾我物语.md,WL-WORK-2541,曾我物语,Soga Monogatari,第二次,,,,,,MISSING_T_REVIEW_NO_YEAR,,,缺 T 且缺少可机器读取 year，需要书目/成书史核验,自动通过,metadata_pending,
曾根崎心中.md,WL-WORK-T2-SONEZAKI,曾根崎心中,曽根崎心中,近松门左卫门,Chikamatsu Monzaemon,1703,T2 早期现代文学,T2,,HAS_T,,,已有有效 T0–T6 坐标,手工核验,curated,
曾达的囚徒.md,WL-WORK-2542,曾达的囚徒,The Prisoner of Zenda,安东尼·霍普,Anthony Hope,,,,,MISSING_T_REVIEW_NO_YEAR,,,缺 T 且缺少可机器读取 year，需要书目/成书史核验,自动通过,metadata_pending,
最初登上月球的人.md,WL-WORK-0277,最初登上月球的人,,H.G.威尔斯,,,T4 全球现代主义时代,T4,,HAS_T,,,已有有效 T0–T6 坐标,自动通过,,
最后一个人.md,WL-WORK-0263,最后一个人,,玛丽·雪莱,,,T3 19世纪现代文学体系,T3,,HAS_T,,,已有有效 T0–T6 坐标,自动通过,,
最后一个莫希干人.md,WL-WORK-0723,最后一个莫希干人,,詹姆斯·费尼莫尔·库珀,Cooper,,T3 19世纪现代文学体系,T3,,HAS_T,,,已有有效 T0–T6 坐标,自动通过,metadata_pending,
最后一战.md,WL-WORK-0724,最后一战,,C.S.刘易斯,C.S. Lewis,,T5 二战后多极文学,T5,,HAS_T,,,已有有效 T0–T6 坐标,自动通过,metadata_pending,
最后一颗子弹留给我.md,WL-WORK-2769,最后一颗子弹留给我,,刘猛,,,T6 当代全球文学,T6,,HAS_T,,,已有有效 T0–T6 坐标,个人补录,metadata_pending,
最后和最初的人.md,WL-WORK-0285,最后和最初的人,,奥拉夫·斯塔普雷顿,,,T4 全球现代主义时代,T4,,HAS_T,,,已有有效 T0–T6 坐标,自动通过,,
最后的吩咐.md,WL-WORK-3058,最后的吩咐,Last Orders,格雷厄姆·斯威夫特,Graham Swift,,T6 当代全球文学,T6,,HAS_T,,,已有有效 T0–T6 坐标,需复核,metadata_pending,
最后的见证者.md,WL-WORK-2083,最后的见证者,,阿列克谢耶维奇,Svetlana Alexievich,,T6 当代全球文学,T6,,HAS_T,,,已有有效 T0–T6 坐标,自动通过,metadata_pending,
最后的酒.md,WL-WORK-1145,最后的酒,,玛丽·瑞瑙特,Mary Renault,,T5 二战后多极文学,T5,,HAS_T,,,已有有效 T0–T6 坐标,自动通过,metadata_pending,
最后的雾.md,WL-WORK-1736,最后的雾,,玛丽亚·路易莎·邦巴尔,,,,,,MISSING_T_REVIEW_NO_YEAR,,,缺 T 且缺少可机器读取 year，需要书目/成书史核验,自动通过,metadata_pending,
最明净的地区.md,WL-WORK-1737,最明净的地区,,卡洛斯·富恩特斯,城市,,T5 二战后多极文学,T5,,HAS_T,,,已有有效 T0–T6 坐标,自动通过,metadata_pending,
最蓝的眼睛.md,WL-WORK-1146,最蓝的眼睛,,托妮·莫里森,Toni Morrison,,T5 二战后多极文学,T5,,HAS_T,,,已有有效 T0–T6 坐标,自动通过,metadata_pending,
最遥远的海岸.md,WL-WORK-0725,最遥远的海岸,,厄休拉·勒古恩,Ursula K. Le Guin,,T5 二战后多极文学,T5,,HAS_T,,,已有有效 T0–T6 坐标,自动通过,metadata_pending,
月之花园.md,WL-WORK-0726,月之花园,,史蒂文·埃里克森,Steven Erikson,,,,,MISSING_T_REVIEW_NO_YEAR,,,缺 T 且缺少可机器读取 year，需要书目/成书史核验,自动通过,metadata_pending,
月亮与太阳.md,WL-WORK-2944,月亮与太阳,The Moon and the Sun,冯达·麦金泰尔,Vonda N. McIntyre,,T6 当代全球文学,T6,,HAS_T,,,已有有效 T0–T6 坐标,需复核,metadata_pending,
月亮与篝火.md,WL-WORK-1738,月亮与篝火,,切萨雷·帕韦泽,Cesare Pavese,,T5 二战后多极文学,T5,,HAS_T,,,已有有效 T0–T6 坐标,自动通过,metadata_pending,
月亮宝石.md,WL-WORK-0003,月亮宝石,,威尔基·柯林斯,,,T3 19世纪现代文学体系,T3,,HAS_T,,,已有有效 T0–T6 坐标,自动通过,,
月亮是个严厉的主人.md,WL-WORK-2902,月亮是个严厉的主人,The Moon Is a Harsh Mistress,罗伯特·海因莱因,Robert A. Heinlein,,T5 二战后多极文学,T5,,HAS_T,,,已有有效 T0–T6 坐标,需复核,metadata_pending,
月亮虎.md,WL-WORK-3053,月亮虎,Moon Tiger,佩内洛普·莱夫利,Penelope Lively,,T6 当代全球文学,T6,,HAS_T,,,已有有效 T0–T6 坐标,需复核,metadata_pending,
月光游戏.md,WL-WORK-0183,月光游戏,,有栖川有栖,,,T6 当代全球文学,T6,,HAS_T,,,已有有效 T0–T6 坐标,自动通过,,
月心.md,WL-WORK-0727,月心,,艾玛·布尔,Emma Bull,,T6 当代全球文学,T6,,HAS_T,,,已有有效 T0–T6 坐标,自动通过,metadata_pending,
有事要交代.md,WL-WORK-3035,有事要交代,Something to Answer For,P.H.纽比,P. H. Newby,,T5 二战后多极文学,T5,,HAS_T,,,已有有效 T0–T6 坐标,需复核,metadata_pending,
有产业的人.md,WL-WORK-1147,有产业的人,,约翰·高尔斯华绥,John Galsworthy,,T4 全球现代主义时代,T4,,HAS_T,,,已有有效 T0–T6 坐标,自动通过,metadata_pending,
有人居住的星球.md,WL-WORK-1148,有人居住的星球,,斯特鲁加茨基兄弟,Strugatsky兄弟,,T5 二战后多极文学,T5,,HAS_T,,,已有有效 T0–T6 坐标,自动通过,metadata_pending,
有匪.md,WL-WORK-2543,有匪,,Priest,,,T6 当代全球文学,T6,,HAS_T,,,已有有效 T0–T6 坐标,自动通过,metadata_pending,
有翼之暗.md,WL-WORK-0194,有翼之暗,,麻耶雄嵩,,,T6 当代全球文学,T6,,HAS_T,,,已有有效 T0–T6 坐标,自动通过,,
朗读者.md,WL-WORK-1149,朗读者,,本哈德·施林克,Bernhard Schlink,,,,,MISSING_T_REVIEW_NO_YEAR,,,缺 T 且缺少可机器读取 year，需要书目/成书史核验,自动通过,metadata_pending,
朝圣.md,WL-WORK-1739,朝圣,,多萝西·理查森,,,,,,MISSING_T_REVIEW_NO_YEAR,,,缺 T 且缺少可机器读取 year，需要书目/成书史核验,自动通过,metadata_pending,
朝圣日记.md,WL-WORK-1470,朝圣日记,,埃格里亚,Egeria,,,,,MISSING_T_REVIEW_NO_YEAR,,,缺 T 且缺少可机器读取 year，需要书目/成书史核验,自动通过,metadata_pending,
朝花夕拾.md,WL-WORK-2679,朝花夕拾,,鲁迅,,,T4 全球现代主义时代,T4,,HAS_T,,,已有有效 T0–T6 坐标,个人补录,metadata_pending,
未央歌.md,WL-WORK-1150,未央歌,,鹿桥,,,,,,MISSING_T_REVIEW_NO_YEAR,,,缺 T 且缺少可机器读取 year，需要书目/成书史核验,自动通过,metadata_pending,
未完的传说.md,WL-WORK-0728,未完的传说,,J.R.R.托尔金,J.R.R. Tolkien,,T6 当代全球文学,T6,,HAS_T,,title_aggregate_or_tradition,已有有效 T0–T6 坐标,自动通过,metadata_pending,
未来世界.md,WL-WORK-0291,未来世界,The Shape of Things to Come,H.G.威尔斯,,1933,T4 全球现代主义时代,T4,,HAS_T,,,已有有效 T0–T6 坐标,自动通过,,
未来事务部.md,WL-WORK-0428,未来事务部,,金·斯坦利·罗宾逊,Kim Stanley Robinson,,T6 当代全球文学,T6,,HAS_T,,,已有有效 T0–T6 坐标,自动通过,,
未来人种.md,WL-WORK-1151,未来人种,,爱德华·布尔沃-利顿,Edward Bulwer-Lytton,,,,,MISSING_T_REVIEW_NO_YEAR,,,缺 T 且缺少可机器读取 year，需要书目/成书史核验,自动通过,metadata_pending,
未来故乡的活神.md,WL-WORK-1152,未来故乡的活神,,路易丝·厄德里奇,Louise Erdrich,,T6 当代全球文学,T6,,HAS_T,,,已有有效 T0–T6 坐标,自动通过,metadata_pending,
未来的回忆.md,WL-WORK-1740,未来的回忆,,埃莱娜·加罗,,,,,,MISSING_T_REVIEW_NO_YEAR,,,缺 T 且缺少可机器读取 year，需要书目/成书史核验,自动通过,metadata_pending,
末日之书.md,WL-WORK-0438,末日之书,,康妮·威利斯,Connie Willis,,T6 当代全球文学,T6,,HAS_T,,,已有有效 T0–T6 坐标,自动通过,,
本巴.md,WL-WORK-2893,本巴,,刘亮程,,,T6 当代全球文学,T6,,HAS_T,,,已有有效 T0–T6 坐标,需复核,metadata_pending,
本生经.md,WL-WORK-1471,本生经,,佚名,佛教,,T0 文学源头与古代文学,T0,,HAS_T,,anonymous_or_oral,已有有效 T0–T6 坐标,自动通过,metadata_pending,
本达希申.md,WL-WORK-1472,本达希申,,佚名,,,T1 中古多中心文学世界,T1,,HAS_T,,anonymous_or_oral,已有有效 T0–T6 坐标,自动通过,metadata_pending,
本阵杀人事件.md,WL-WORK-0151,本阵杀人事件,,横沟正史,,,T5 二战后多极文学,T5,,HAS_T,,,已有有效 T0–T6 坐标,自动通过,,
朱尔根.md,WL-WORK-0729,朱尔根,,詹姆斯·布兰奇·卡贝尔,James Branch Cabell,,,,,MISSING_T_REVIEW_NO_YEAR,,,缺 T 且缺少可机器读取 year，需要书目/成书史核验,自动通过,metadata_pending,
朱莉小姐.md,WL-WORK-1741,朱莉小姐,,斯特林堡,,,T3 19世纪现代文学体系,T3,,HAS_T,,,已有有效 T0–T6 坐标,自动通过,metadata_pending,
机器人大师.md,WL-WORK-0333,机器人大师,,斯坦尼斯瓦夫·莱姆,Stanisław Lem,,T5 二战后多极文学,T5,,HAS_T,,,已有有效 T0–T6 坐标,自动通过,,
机器人短篇全集.md,WL-WORK-2666,机器人短篇全集,,艾萨克·阿西莫夫,,,T5 二战后多极文学,T5,,HAS_T,,title_aggregate_or_tradition,已有有效 T0–T6 坐标,个人补录,,
机器停止运转.md,WL-WORK-0279,机器停止运转,,E.M.福斯特,,,T4 全球现代主义时代,T4,,HAS_T,,,已有有效 T0–T6 坐标,自动通过,,
机器岛.md,WL-WORK-0271,机器岛,,儒勒·凡尔纳,,,T4 全球现代主义时代,T4,,HAS_T,,,已有有效 T0–T6 坐标,自动通过,,
机械.md,WL-WORK-1742,机械,,横光利一,,,T4 全球现代主义时代,T4,,HAS_T,,,已有有效 T0–T6 坐标,自动通过,metadata_pending,
杀戮之病.md,WL-WORK-0187,杀戮之病,,我孙子武丸,,,,,,MISSING_T_REVIEW_NO_YEAR,,,缺 T 且缺少可机器读取 year，需要书目/成书史核验,自动通过,,
杀戮天使.md,WL-WORK-1153,杀戮天使,,迈克尔·沙拉,Michael Shaara,1974,T5 二战后多极文学,T5,,HAS_T,,,已有有效 T0–T6 坐标,自动通过,metadata_pending,
杀戮时刻.md,WL-WORK-0119,杀戮时刻,,约翰·格里森姆,John Grisham,,T6 当代全球文学,T6,,HAS_T,,,已有有效 T0–T6 坐标,自动通过,,
杀死一只知更鸟.md,WL-WORK-1154,杀死一只知更鸟,,哈珀·李,Harper Lee,,T5 二战后多极文学,T5,,HAS_T,,,已有有效 T0–T6 坐标,自动通过,metadata_pending,CANON-171
杀鹿人.md,WL-WORK-0730,杀鹿人,,詹姆斯·费尼莫尔·库珀,James Fenimore Cooper,,T3 19世纪现代文学体系,T3,,HAS_T,,,已有有效 T0–T6 坐标,自动通过,metadata_pending,
权力.md,WL-WORK-1155,权力,,娜奥米·奥尔德曼,Naomi Alderman,,,,,MISSING_T_REVIEW_NO_YEAR,,,缺 T 且缺少可机器读取 year，需要书目/成书史核验,自动通过,metadata_pending,
权力的游戏.md,WL-WORK-0731,权力的游戏,,乔治·R.R.马丁,George R.R. Martin,,T6 当代全球文学,T6,,HAS_T,,,已有有效 T0–T6 坐标,自动通过,metadata_pending,
权力问题.md,WL-WORK-3202,权力问题,A Question of Power,贝茜·黑德,Bessie Head,,T5 二战后多极文学,T5,,HAS_T,,,已有有效 T0–T6 坐标,需复核,metadata_pending,CANON-266
李尔王.md,WL-WORK-2827,李尔王,King Lear,威廉·莎士比亚,William Shakespeare,,T2 早期现代文学,T2,,HAS_T,,,已有有效 T0–T6 坐标,需复核,metadata_pending,CANON-071
李白诗选.md,WL-WORK-3183,李白诗选,Selected Poems of Li Bai,李白,Li Bai,,T1 中古多中心文学世界,T1,,HAS_T,,title_aggregate_or_tradition,已有有效 T0–T6 坐标,需复核,metadata_pending,CANON-239
李自成.md,WL-WORK-1156,李自成,,姚雪垠,,1999,T6 当代全球文学,T6,,HAS_T,,,已有有效 T0–T6 坐标,自动通过,metadata_pending,
村上海贼之女.md,WL-WORK-2544,村上海贼之女,,和田龙,,,,,,MISSING_T_REVIEW_NO_YEAR,,,缺 T 且缺少可机器读取 year，需要书目/成书史核验,自动通过,metadata_pending,
杜伊诺哀歌.md,WL-WORK-1743,杜伊诺哀歌,,里尔克,Rainer Maria Rilke,,T4 全球现代主义时代,T4,,HAS_T,,,已有有效 T0–T6 坐标,自动通过,metadata_pending,
杜甫诗选.md,WL-WORK-3184,杜甫诗选,Selected Poems of Du Fu,杜甫,Du Fu,,T1 中古多中心文学世界,T1,,HAS_T,,title_aggregate_or_tradition,已有有效 T0–T6 坐标,需复核,metadata_pending,CANON-240
来不及说我爱你.md,WL-WORK-2084,来不及说我爱你,,匪我思存,,,T6 当代全球文学,T6,,HAS_T,,,已有有效 T0–T6 坐标,自动通过,metadata_pending,
来世.md,WL-WORK-1157,来世,,阿卜杜勒拉扎克·古尔纳,Abdulrazak Gurnah,,T6 当代全球文学,T6,,HAS_T,,,已有有效 T0–T6 坐标,自动通过,metadata_pending,
杨家将.md,WL-WORK-2733,杨家将,,熊大木,,,T2 早期现代文学,T2,,HAS_T,,,已有有效 T0–T6 坐标,个人补录,metadata_pending,
杯雪.md,WL-WORK-2545,杯雪,,小椴,,,T6 当代全球文学,T6,,HAS_T,,,已有有效 T0–T6 坐标,自动通过,metadata_pending,
杰克.md,WL-WORK-1158,杰克,,玛丽莲·罗宾逊,Marilynne Robinson,,T6 当代全球文学,T6,,HAS_T,,,已有有效 T0–T6 坐标,自动通过,metadata_pending,
杰夫代特先生和他的儿子们.md,WL-WORK-1159,杰夫代特先生和他的儿子们,,奥尔罕·帕慕克,Orhan Pamuk,,T6 当代全球文学,T6,,HAS_T,,,已有有效 T0–T6 坐标,自动通过,metadata_pending,
杰拉德准将历险记.md,WL-WORK-2546,杰拉德准将历险记,The Exploits of Brigadier Gerard,柯南·道尔,Conan Doyle,,T4 全球现代主义时代,T4,,HAS_T,,,已有有效 T0–T6 坐标,自动通过,metadata_pending,
杰米·麦克菲特斯的旅行.md,WL-WORK-2987,杰米·麦克菲特斯的旅行,The Travels of Jaimie McPheeters,罗伯特·刘易斯·泰勒,Robert Lewis Taylor,,T5 二战后多极文学,T5,,HAS_T,,,已有有效 T0–T6 坐标,需复核,metadata_pending,
杰里科之死.md,WL-WORK-0106,杰里科之死,,科林·德克斯特,Colin Dexter,,T6 当代全球文学,T6,,HAS_T,,,已有有效 T0–T6 坐标,自动通过,,
松歌.md,WL-WORK-1744,松歌,,尼古拉斯·纪廉,Nicolás Guillén,,,,,MISSING_T_REVIEW_NO_YEAR,,,缺 T 且缺少可机器读取 year，需要书目/成书史核验,自动通过,metadata_pending,
松迪亚塔史诗.md,WL-WORK-1473,松迪亚塔史诗,,佚名,,,T1 中古多中心文学世界,T1,,HAS_T,,title_aggregate_or_tradition;anonymous_or_oral,已有有效 T0–T6 坐标,自动通过,metadata_pending,
极光.md,WL-WORK-0383,极光,,金·斯坦利·罗宾逊,Kim Stanley Robinson,,T6 当代全球文学,T6,,HAS_T,,,已有有效 T0–T6 坐标,自动通过,,
枕草子.md,WL-WORK-2810,枕草子,The Pillow Book,清少纳言,Sei Shonagon,,T1 中古多中心文学世界,T1,,HAS_T,,,已有有效 T0–T6 坐标,需复核,metadata_pending,CANON-017
林加拉密码.md,WL-WORK-3100,林加拉密码,The Lingala Code,沃伦·基弗,Warren Kiefer,,T5 二战后多极文学,T5,,HAS_T,,,已有有效 T0–T6 坐标,需复核,metadata_pending,
林孔内特与科尔塔迪略.md,WL-WORK-2547,林孔内特与科尔塔迪略,,塞万提斯,Miguel de Cervantes,,T2 早期现代文学,T2,,HAS_T,,,已有有效 T0–T6 坐标,自动通过,metadata_pending,
林家铺子.md,WL-WORK-2771,林家铺子,,茅盾,,1932,T4 全球现代主义时代,T4,,HAS_T,,,已有有效 T0–T6 坐标,个人补录,metadata_pending,
林海雪原.md,WL-WORK-1745,林海雪原,,曲波,,,T5 二战后多极文学,T5,,HAS_T,,,已有有效 T0–T6 坐标,自动通过,metadata_pending,
林肯在中阴.md,WL-WORK-3073,林肯在中阴,Lincoln in the Bardo,乔治·桑德斯,George Saunders,,T6 当代全球文学,T6,,HAS_T,,,已有有效 T0–T6 坐标,需复核,metadata_pending,
果园.md,WL-WORK-3166,果园,Būstān,萨迪,Saadi,,T1 中古多中心文学世界,T1,,HAS_T,,,已有有效 T0–T6 坐标,需复核,metadata_pending,CANON-214
枭之城.md,WL-WORK-2548,枭之城,,司马辽太郎,,,T5 二战后多极文学,T5,,HAS_T,,,已有有效 T0–T6 坐标,自动通过,metadata_pending,
柏林亚历山大广场.md,WL-WORK-1746,柏林亚历山大广场,,阿尔弗雷德·德布林,Alfred Döblin,,T4 全球现代主义时代,T4,,HAS_T,,,已有有效 T0–T6 坐标,自动通过,metadata_pending,CANON-153
柏林谍影.md,WL-WORK-0253,柏林谍影,,约翰·勒卡雷,John le Carré,,T5 二战后多极文学,T5,,HAS_T,,,已有有效 T0–T6 坐标,自动通过,,
柏青哥.md,WL-WORK-1160,柏青哥,Pachinko,李珉贞,Min Jin Lee,2017,T6 当代全球文学,T6,,HAS_T,,,已有有效 T0–T6 坐标,自动通过,metadata_pending,
某种绝望的荣耀.md,WL-WORK-2928,某种绝望的荣耀,Some Desperate Glory,艾米莉·特什,Emily Tesh,,T6 当代全球文学,T6,,HAS_T,,,已有有效 T0–T6 坐标,需复核,metadata_pending,
染血之室.md,WL-WORK-0732,染血之室,,安吉拉·卡特,Angela Carter,,T5 二战后多极文学,T5,,HAS_T,,,已有有效 T0–T6 坐标,自动通过,metadata_pending,
查塔姆学校事件.md,WL-WORK-3123,查塔姆学校事件,The Chatham School Affair,托马斯·H·库克,Thomas H. Cook,,T6 当代全球文学,T6,,HAS_T,,,已有有效 T0–T6 坐标,需复核,metadata_pending,
查尔斯·迪克斯特·瓦德事件.md,WL-WORK-0733,查尔斯·迪克斯特·瓦德事件,,洛夫克拉夫特,H.P. Lovecraft,,T4 全球现代主义时代,T4,,HAS_T,,,已有有效 T0–T6 坐标,自动通过,metadata_pending,
查泰莱夫人的情人.md,WL-WORK-2085,查泰莱夫人的情人,,D.H.劳伦斯,D.H. Lawrence,,T4 全球现代主义时代,T4,,HAS_T,,,已有有效 T0–T6 坐标,自动通过,metadata_pending,
查理九世时代轶事.md,WL-WORK-1161,查理九世时代轶事,,梅里美,Prosper Mérimée,,T3 19世纪现代文学体系,T3,,HAS_T,,,已有有效 T0–T6 坐标,自动通过,metadata_pending,
柳林风声.md,WL-WORK-0734,柳林风声,,肯尼斯·格雷厄姆,Kenneth Grahame,,,,,MISSING_T_REVIEW_NO_YEAR,,,缺 T 且缺少可机器读取 year，需要书目/成书史核验,自动通过,metadata_pending,
柳树.md,WL-WORK-0735,柳树,,阿尔杰农·布莱克伍德,Algernon Blackwood,,T4 全球现代主义时代,T4,,HAS_T,,,已有有效 T0–T6 坐标,自动通过,metadata_pending,
柳生忍法帖.md,WL-WORK-2549,柳生忍法帖,,山田风太郎,,,T5 二战后多极文学,T5,,HAS_T,,,已有有效 T0–T6 坐标,自动通过,metadata_pending,
柳生武艺帐.md,WL-WORK-2550,柳生武艺帐,Yagyū Bugeichō,五味康祐,,,T5 二战后多极文学,T5,,HAS_T,,,已有有效 T0–T6 坐标,自动通过,metadata_pending,
树语.md,WL-WORK-3027,树语,The Overstory,理查德·鲍尔斯,Richard Powers,,T6 当代全球文学,T6,,HAS_T,,,已有有效 T0–T6 坐标,需复核,metadata_pending,
根.md,WL-WORK-1162,根,,亚历克斯·哈利,Alex Haley,,,,,MISSING_T_REVIEW_NO_YEAR,,,缺 T 且缺少可机器读取 year，需要书目/成书史核验,自动通过,metadata_pending,
格兰奇·科普兰的第三次生命.md,WL-WORK-1747,格兰奇·科普兰的第三次生命,,爱丽丝·沃克,Alice Walker,,T5 二战后多极文学,T5,,HAS_T,,,已有有效 T0–T6 坐标,自动通过,metadata_pending,
格兰特船长的儿女.md,WL-WORK-0736,格兰特船长的儿女,,儒勒·凡尔纳,Verne核心线路,,T3 19世纪现代文学体系,T3,,HAS_T,,,已有有效 T0–T6 坐标,自动通过,metadata_pending,
格列佛游记.md,WL-WORK-0260,格列佛游记,Gulliver's Travels,乔纳森·斯威夫特,Jonathan Swift,1726,T2 早期现代文学,T2,,HAS_T,,,已有有效 T0–T6 坐标,手工核验,,CANON-081
格林家杀人事件.md,WL-WORK-0065,格林家杀人事件,,S.S.范达因,S.S. Van Dine,,T4 全球现代主义时代,T4,,HAS_T,,,已有有效 T0–T6 坐标,自动通过,,
格林童话.md,WL-WORK-0737,格林童话,,格林兄弟,Grimm Brothers,,,,,MISSING_T_REVIEW_NO_YEAR,,,缺 T 且缺少可机器读取 year，需要书目/成书史核验,自动通过,metadata_pending,
格萨尔王传.md,WL-WORK-1474,格萨尔王传,,佚名,,,T1 中古多中心文学世界,T1,,HAS_T,,anonymous_or_oral,已有有效 T0–T6 坐标,自动通过,metadata_pending,
格里姆斯克里布.md,WL-WORK-0738,格里姆斯克里布,,默文·皮克,Mervyn Peake,,T5 二战后多极文学,T5,,HAS_T,,,已有有效 T0–T6 坐标,自动通过,metadata_pending,
桃源二村.md,WL-WORK-1163,桃源二村,,B.F.斯金纳,B.F. Skinner,,,,,MISSING_T_REVIEW_NO_YEAR,,,缺 T 且缺少可机器读取 year，需要书目/成书史核验,自动通过,metadata_pending,
桃花扇.md,WL-WORK-2816,桃花扇,The Peach Blossom Fan,孔尚任,Kong Shangren,,T2 早期现代文学,T2,,HAS_T,,,已有有效 T0–T6 坐标,需复核,metadata_pending,CANON-038
桤木心.md,WL-WORK-0739,桤木心,,M.R.詹姆斯,M.R. James,,T4 全球现代主义时代,T4,,HAS_T,,,已有有效 T0–T6 坐标,自动通过,metadata_pending,
桥.md,WL-WORK-1748,桥,,哈特·克莱恩,Hart Crane,,,,,MISSING_T_REVIEW_NO_YEAR,,,缺 T 且缺少可机器读取 year，需要书目/成书史核验,自动通过,metadata_pending,
桶子.md,WL-WORK-0053,桶子,The Cask,弗里曼·克罗夫茨,Crofts,,,,,MISSING_T_REVIEW_NO_YEAR,,,缺 T 且缺少可机器读取 year，需要书目/成书史核验,自动通过,,
梅尔尼波内的艾尔利克.md,WL-WORK-0740,梅尔尼波内的艾尔利克,,迈克尔·莫考克,Michael Moorcock,,T5 二战后多极文学,T5,,HAS_T,,,已有有效 T0–T6 坐标,自动通过,metadata_pending,
梅森和迪克逊.md,WL-WORK-1164,梅森和迪克逊,,托马斯·品钦,Thomas Pynchon,,T6 当代全球文学,T6,,HAS_T,,,已有有效 T0–T6 坐标,自动通过,metadata_pending,
梅赛德斯先生.md,WL-WORK-3141,梅赛德斯先生,Mr. Mercedes,斯蒂芬·金,Stephen King,,T6 当代全球文学,T6,,HAS_T,,,已有有效 T0–T6 坐标,需复核,metadata_pending,
梅雨之夕.md,WL-WORK-1749,梅雨之夕,,施蛰存,,,T4 全球现代主义时代,T4,,HAS_T,,,已有有效 T0–T6 坐标,自动通过,metadata_pending,
梦与现实.md,WL-WORK-1750,梦与现实,,胡安娜·曼努埃拉·戈里蒂,,,,,,MISSING_T_REVIEW_NO_YEAR,,,缺 T 且缺少可机器读取 year，需要书目/成书史核验,自动通过,metadata_pending,
梦之共和国.md,WL-WORK-1751,梦之共和国,,内莉达·皮尼翁,,,,,,MISSING_T_REVIEW_NO_YEAR,,,缺 T 且缺少可机器读取 year，需要书目/成书史核验,自动通过,metadata_pending,
梦寻秘境卡达斯.md,WL-WORK-0741,梦寻秘境卡达斯,,洛夫克拉夫特,H.P. Lovecraft,,T4 全球现代主义时代,T4,,HAS_T,,,已有有效 T0–T6 坐标,自动通过,metadata_pending,
梦游之地.md,WL-WORK-3203,梦游之地,Terra Sonâmbula,米亚·科托,Mia Couto,,T6 当代全球文学,T6,,HAS_T,,,已有有效 T0–T6 坐标,需复核,metadata_pending,CANON-267
梦游者.md,WL-WORK-1752,梦游者,,赫尔曼·布洛赫,Hermann Broch,,T4 全球现代主义时代,T4,,HAS_T,,,已有有效 T0–T6 坐标,自动通过,metadata_pending,
梦的故事.md,WL-WORK-1753,梦的故事,,阿图尔·施尼茨勒,施尼茨勒,,T4 全球现代主义时代,T4,,HAS_T,,,已有有效 T0–T6 坐标,自动通过,metadata_pending,
梦蛇.md,WL-WORK-2905,梦蛇,Dreamsnake,冯达·麦金泰尔,Vonda N. McIntyre,,T5 二战后多极文学,T5,,HAS_T,,,已有有效 T0–T6 坐标,需复核,metadata_pending,
梦里花落知多少.md,WL-WORK-2756,梦里花落知多少,,郭敬明,,,T6 当代全球文学,T6,,HAS_T,,,已有有效 T0–T6 坐标,个人补录,metadata_pending,
梨俱吠陀.md,WL-WORK-1475,梨俱吠陀,,佚名,,,T0 文学源头与古代文学,T0,,HAS_T,,anonymous_or_oral,已有有效 T0–T6 坐标,自动通过,metadata_pending,
棕榈酒鬼.md,WL-WORK-1754,棕榈酒鬼,,阿莫斯·图图奥拉,Amos Tutuola,,T5 二战后多极文学,T5,,HAS_T,,,已有有效 T0–T6 坐标,自动通过,metadata_pending,
森林深处.md,WL-WORK-0113,森林深处,In the Woods,塔娜·弗兰奇,Tana French,,T6 当代全球文学,T6,,HAS_T,,,已有有效 T0–T6 坐标,自动通过,,
棺椁铭文.md,WL-WORK-1476,棺椁铭文,,佚名,,,T0 文学源头与古代文学,T0,,HAS_T,,anonymous_or_oral,已有有效 T0–T6 坐标,自动通过,metadata_pending,
楚留香：血海飘香.md,WL-WORK-2551,楚留香：血海飘香,,古龙,,,T5 二战后多极文学,T5,,HAS_T,,,已有有效 T0–T6 坐标,自动通过,metadata_pending,
楚辞.md,WL-WORK-2814,楚辞,Songs of Chu / Chuci,屈原等,Qu Yuan and others,,T0 文学源头与古代文学,T0,,HAS_T,,,已有有效 T0–T6 坐标,需复核,metadata_pending,CANON-027
楚辞·九歌.md,WL-WORK-1477,楚辞·九歌,,屈原,,,T0 文学源头与古代文学,T0,,HAS_T,,,已有有效 T0–T6 坐标,自动通过,metadata_pending,
楚辞·天问.md,WL-WORK-1478,楚辞·天问,,屈原,,,T0 文学源头与古代文学,T0,,HAS_T,,,已有有效 T0–T6 坐标,自动通过,metadata_pending,
楼兰.md,WL-WORK-1165,楼兰,,井上靖,,,T5 二战后多极文学,T5,,HAS_T,,,已有有效 T0–T6 坐标,自动通过,metadata_pending,
楼门五三桐.md,WL-WORK-2552,楼门五三桐,,并木五瓶,,,,,,MISSING_T_REVIEW_NO_YEAR,,,缺 T 且缺少可机器读取 year，需要书目/成书史核验,自动通过,metadata_pending,
榕树叶.md,WL-WORK-3214,榕树叶,Leaves of the Banyan Tree,阿尔伯特·温特,Albert Wendt,,T5 二战后多极文学,T5,,HAS_T,,,已有有效 T0–T6 坐标,需复核,metadata_pending,CANON-293
樅ノ木は残った.md,WL-WORK-2553,樅ノ木は残った,The Fir Trees Remain,山本周五郎,,,T5 二战后多极文学,T5,,HAS_T,,,已有有效 T0–T6 坐标,自动通过,metadata_pending,
模仿犯.md,WL-WORK-0170,模仿犯,,宫部美雪,,,T6 当代全球文学,T6,,HAS_T,,,已有有效 T0–T6 坐标,自动通过,,
模仿者.md,WL-WORK-1755,模仿者,,V.S.奈保尔,V. S. Naipaul,,T5 二战后多极文学,T5,,HAS_T,,,已有有效 T0–T6 坐标,自动通过,metadata_pending,
樱树抽芽时，想你.md,WL-WORK-0197,樱树抽芽时，想你,,旧版常见译名,,,,,,MISSING_T_REVIEW_NO_YEAR,,,缺 T 且缺少可机器读取 year，需要书目/成书史核验,需复核,,
橘子不是唯一的水果.md,WL-WORK-1166,橘子不是唯一的水果,,珍妮特·温特森,Jeanette Winterson,,T6 当代全球文学,T6,,HAS_T,,,已有有效 T0–T6 坐标,自动通过,metadata_pending,
橡树之战.md,WL-WORK-0742,橡树之战,,艾玛·布尔,Emma Bull,,T6 当代全球文学,T6,,HAS_T,,,已有有效 T0–T6 坐标,自动通过,metadata_pending,
檀香刑.md,WL-WORK-1167,檀香刑,,莫言,,,T6 当代全球文学,T6,,HAS_T,,,已有有效 T0–T6 坐标,自动通过,metadata_pending,
欢乐之家.md,WL-WORK-1168,欢乐之家,Fun Home,艾莉森·贝克德尔,Alison Bechdel,,,,,MISSING_T_REVIEW_NO_YEAR,,,缺 T 且缺少可机器读取 year，需要书目/成书史核验,自动通过,metadata_pending,
欢乐英雄.md,WL-WORK-2554,欢乐英雄,,古龙,,,T5 二战后多极文学,T5,,HAS_T,,,已有有效 T0–T6 坐标,自动通过,metadata_pending,
欧·亨利短篇小说选.md,WL-WORK-2709,欧·亨利短篇小说选,,欧·亨利,,,T4 全球现代主义时代,T4,,HAS_T,,,已有有效 T0–T6 坐标,个人补录,metadata_pending,
欧仁·奥涅金.md,WL-WORK-2837,欧仁·奥涅金,Eugene Onegin,亚历山大·普希金,Alexander Pushkin,,T3 19世纪现代文学体系,T3,,HAS_T,,,已有有效 T0–T6 坐标,需复核,metadata_pending,CANON-115
欧那尼.md,WL-WORK-2555,欧那尼,Hernani,维克多·雨果,Victor Hugo,,T3 19世纪现代文学体系,T3,,HAS_T,,,已有有效 T0–T6 坐标,自动通过,metadata_pending,
歌唱的白骨.md,WL-WORK-0017,歌唱的白骨,,R.奥斯汀·弗里曼,,,,,,MISSING_T_REVIEW_NO_YEAR,,,缺 T 且缺少可机器读取 year，需要书目/成书史核验,自动通过,,
歌门鬼城.md,WL-WORK-0743,歌门鬼城,,默文·皮克,Mervyn Peake,,T5 二战后多极文学,T5,,HAS_T,,,已有有效 T0–T6 坐标,自动通过,metadata_pending,
歌集.md,WL-WORK-2086,歌集,,彼特拉克,Petrarch,,,,,MISSING_T_REVIEW_NO_YEAR,,,缺 T 且缺少可机器读取 year，需要书目/成书史核验,自动通过,metadata_pending,
武器浮生录.md,WL-WORK-0404,武器浮生录,,伊恩·M.班克斯,Iain M. Banks,,T6 当代全球文学,T6,,HAS_T,,,已有有效 T0–T6 坐标,自动通过,,
武士.md,WL-WORK-1169,武士,,远藤周作,,,T6 当代全球文学,T6,,HAS_T,,,已有有效 T0–T6 坐标,自动通过,metadata_pending,
武士的一分.md,WL-WORK-2556,武士的一分,盲目剣谺返し,藤泽周平,,1978,T5 二战后多极文学,T5,,HAS_T,,,已有有效 T0–T6 坐标,自动通过,metadata_pending,
武士道：日本的灵魂.md,WL-WORK-2557,武士道：日本的灵魂,Bushido: The Soul of Japan,新渡户稻造,,,,,,MISSING_T_REVIEW_NO_YEAR,,,缺 T 且缺少可机器读取 year，需要书目/成书史核验,自动通过,metadata_pending,
武家义理物语.md,WL-WORK-2558,武家义理物语,Buke Giri Monogatari,井原西鹤,,,,,,MISSING_T_REVIEW_NO_YEAR,,,缺 T 且缺少可机器读取 year，需要书目/成书史核验,自动通过,metadata_pending,
武州公秘话.md,WL-WORK-2559,武州公秘话,The Secret History of the Lord of Musashi,谷崎润一郎,谷崎,,T4 全球现代主义时代,T4,,HAS_T,,,已有有效 T0–T6 坐标,自动通过,metadata_pending,
武田信玄.md,WL-WORK-2560,武田信玄,,新田次郎,,,,,,MISSING_T_REVIEW_NO_YEAR,,,缺 T 且缺少可机器读取 year，需要书目/成书史核验,自动通过,metadata_pending,
武道传来记.md,WL-WORK-2561,武道传来记,Budō Denraiki,井原西鹤,,,,,,MISSING_T_REVIEW_NO_YEAR,,,缺 T 且缺少可机器读取 year，需要书目/成书史核验,自动通过,metadata_pending,
武道初心集.md,WL-WORK-2562,武道初心集,Budō Shoshinshū,大道寺友山,,,,,,MISSING_T_REVIEW_NO_YEAR,,,缺 T 且缺少可机器读取 year，需要书目/成书史核验,自动通过,metadata_pending,
歪曲的枢纽.md,WL-WORK-0035,歪曲的枢纽,,约翰·狄克森·卡尔,,,T4 全球现代主义时代,T4,,HAS_T,,,已有有效 T0–T6 坐标,自动通过,,
死亡与国王的侍从.md,WL-WORK-1756,死亡与国王的侍从,,沃莱·索因卡,Wole Soyinka,,T5 二战后多极文学,T5,,HAS_T,,,已有有效 T0–T6 坐标,自动通过,metadata_pending,CANON-258
死亡与快乐女人.md,WL-WORK-3091,死亡与快乐女人,Death and the Joyful Woman,埃利斯·彼得斯,Ellis Peters,,T5 二战后多极文学,T5,,HAS_T,,,已有有效 T0–T6 坐标,需复核,metadata_pending,
死亡与生命，塞韦里诺.md,WL-WORK-1757,死亡与生命，塞韦里诺,,若昂·卡布拉尔·德·梅洛·内托,,,,,,MISSING_T_REVIEW_NO_YEAR,,,缺 T 且缺少可机器读取 year，需要书目/成书史核验,自动通过,metadata_pending,
死亡之谜.md,WL-WORK-0122,死亡之谜,Déjà Dead,凯西·莱克斯,Kathy Reichs,,,,,MISSING_T_REVIEW_NO_YEAR,,,缺 T 且缺少可机器读取 year，需要书目/成书史核验,自动通过,,
死亡叙述.md,WL-WORK-2787,死亡叙述,,余华,,1988,T6 当代全球文学,T6,,HAS_T,,,已有有效 T0–T6 坐标,个人补录,metadata_pending,
死亡地带.md,WL-WORK-0744,死亡地带,,斯蒂芬·金,Stephen King,,T5 二战后多极文学,T5,,HAS_T,,,已有有效 T0–T6 坐标,自动通过,metadata_pending,
死亡通知单：暗黑者.md,WL-WORK-0246,死亡通知单：暗黑者,,周浩晖,,,,,,MISSING_T_REVIEW_NO_YEAR,,,缺 T 且缺少可机器读取 year，需要书目/成书史核验,自动通过,,
死人躺下.md,WL-WORK-0054,死人躺下,,奈奥·马什,Ngaio Marsh,,T4 全球现代主义时代,T4,,HAS_T,,,已有有效 T0–T6 坐标,自动通过,,
死梦之歌.md,WL-WORK-0745,死梦之歌,,佚名,,,,,,MISSING_T_REVIEW_NO_YEAR,,anonymous_or_oral,缺 T 且缺少可机器读取 year，需要书目/成书史核验,自动通过,metadata_pending,
死神学徒.md,WL-WORK-0746,死神学徒,,特里·普拉切特,Terry Pratchett,,T6 当代全球文学,T6,,HAS_T,,,已有有效 T0–T6 坐标,自动通过,metadata_pending,
死神永生.md,WL-WORK-0464,死神永生,,刘慈欣,,,T6 当代全球文学,T6,,HAS_T,,,已有有效 T0–T6 坐标,自动通过,,
死者代言人.md,WL-WORK-0415,死者代言人,,奥森·斯科特·卡德,Orson Scott Card,,T6 当代全球文学,T6,,HAS_T,,,已有有效 T0–T6 坐标,自动通过,,
死魂灵.md,WL-WORK-2838,死魂灵,Dead Souls,尼古拉·果戈理,Nikolai Gogol,,T3 19世纪现代文学体系,T3,,HAS_T,,,已有有效 T0–T6 坐标,需复核,metadata_pending,CANON-116
母亲的快乐.md,WL-WORK-1170,母亲的快乐,,布奇·埃梅切塔,Buchi Emecheta,,T5 二战后多极文学,T5,,HAS_T,,,已有有效 T0–T6 坐标,自动通过,metadata_pending,
母狗.md,WL-WORK-1758,母狗,,皮拉尔·金塔纳,Pilar Quintana,,,,,MISSING_T_REVIEW_NO_YEAR,,,缺 T 且缺少可机器读取 year，需要书目/成书史核验,自动通过,metadata_pending,
母系.md,WL-WORK-1171,母系,,苏齐·麦基·查纳斯,Suzy McKee Charnas,,,,,MISSING_T_REVIEW_NO_YEAR,,,缺 T 且缺少可机器读取 year，需要书目/成书史核验,自动通过,metadata_pending,
母语.md,WL-WORK-1172,母语,,苏泽特·黑登·埃尔金,Suzette Haden Elgin,,,,,MISSING_T_REVIEW_NO_YEAR,,,缺 T 且缺少可机器读取 year，需要书目/成书史核验,自动通过,metadata_pending,
毒巧克力命案.md,WL-WORK-0050,毒巧克力命案,,安东尼·伯克利,Anthony Berkeley / Francis Iles,,T4 全球现代主义时代,T4,,HAS_T,,,已有有效 T0–T6 坐标,自动通过,,
毒木圣经.md,WL-WORK-0747,毒木圣经,,芭芭拉·金索沃,Barbara Kingsolver,,T6 当代全球文学,T6,,HAS_T,,,已有有效 T0–T6 坐标,自动通过,metadata_pending,
比林斯盖浅滩.md,WL-WORK-3109,比林斯盖浅滩,Billingsgate Shoal,里克·博耶,Rick Boyer,,T6 当代全球文学,T6,,HAS_T,,,已有有效 T0–T6 坐标,需复核,metadata_pending,
毕司沃斯先生的房子.md,WL-WORK-1759,毕司沃斯先生的房子,,V.S.奈保尔,V. S. Naipaul,,T5 二战后多极文学,T5,,HAS_T,,,已有有效 T0–T6 坐标,自动通过,metadata_pending,CANON-276
毗湿奴往世书.md,WL-WORK-1479,毗湿奴往世书,Vishnu Purana,佚名,,,T0 文学源头与古代文学,T0,,HAS_T,,title_aggregate_or_tradition;anonymous_or_oral,已有有效 T0–T6 坐标,自动通过,metadata_pending,
毛猿.md,WL-WORK-1760,毛猿,,尤金·奥尼尔,Eugene O'Neill,,,,,MISSING_T_REVIEW_NO_YEAR,,,缺 T 且缺少可机器读取 year，需要书目/成书史核验,自动通过,metadata_pending,
水之乡.md,WL-WORK-1173,水之乡,,格雷厄姆·斯威夫特,Graham Swift,,T6 当代全球文学,T6,,HAS_T,,,已有有效 T0–T6 坐标,自动通过,metadata_pending,
水刀子.md,WL-WORK-1174,水刀子,,保罗·巴奇加卢皮,Paolo Bacigalupi,,T6 当代全球文学,T6,,HAS_T,,,已有有效 T0–T6 坐标,自动通过,metadata_pending,
水族馆之谜.md,WL-WORK-0204,水族馆之谜,,青崎有吾,,,T6 当代全球文学,T6,,HAS_T,,,已有有效 T0–T6 坐标,自动通过,,
水晶洞.md,WL-WORK-0748,水晶洞,,玛丽·斯图尔特,Mary Stewart,,T5 二战后多极文学,T5,,HAS_T,,,已有有效 T0–T6 坐标,自动通过,metadata_pending,
水泥金发女郎.md,WL-WORK-0110,水泥金发女郎,,迈克尔·康奈利,Michael Connelly,,T6 当代全球文学,T6,,HAS_T,,,已有有效 T0–T6 坐标,自动通过,,
水浒传.md,WL-WORK-1175,水浒传,,施耐庵,,,T2 早期现代文学,T2,,HAS_T,,,已有有效 T0–T6 坐标,手工核验,metadata_pending,CANON-031
水浒后传.md,WL-WORK-2563,水浒后传,,陈忱,,,T2 早期现代文学,T2,,HAS_T,,,已有有效 T0–T6 坐标,自动通过,metadata_pending,
水的形状.md,WL-WORK-0238,水的形状,,安德烈亚·卡米莱里,Andrea Camilleri,,,,,MISSING_T_REVIEW_NO_YEAR,,,缺 T 且缺少可机器读取 year，需要书目/成书史核验,自动通过,,
水车馆事件.md,WL-WORK-0180,水车馆事件,,绫辻行人,,,T6 当代全球文学,T6,,HAS_T,,,已有有效 T0–T6 坐标,自动通过,,
永世.md,WL-WORK-0373,永世,,格雷格·贝尔,Greg Bear,,T6 当代全球文学,T6,,HAS_T,,,已有有效 T0–T6 坐标,自动通过,,
永久和平.md,WL-WORK-2915,永久和平,Forever Peace,乔·霍尔德曼,Joe Haldeman,,T6 当代全球文学,T6,,HAS_T,,,已有有效 T0–T6 坐标,需复核,metadata_pending,
永别了，武器.md,WL-WORK-1176,永别了，武器,,海明威,Ernest Hemingway,,T4 全球现代主义时代,T4,,HAS_T,,,已有有效 T0–T6 坐标,自动通过,metadata_pending,CANON-169
永州八记.md,WL-WORK-1480,永州八记,,柳宗元,,,,,,MISSING_T_REVIEW_NO_YEAR,,,缺 T 且缺少可机器读取 year，需要书目/成书史核验,自动通过,metadata_pending,
永恒之王.md,WL-WORK-0749,永恒之王,,T.H.怀特,T.H. White,,,,,MISSING_T_REVIEW_NO_YEAR,,,缺 T 且缺少可机器读取 year，需要书目/成书史核验,自动通过,metadata_pending,
永恒的终结.md,WL-WORK-0299,永恒的终结,,艾萨克·阿西莫夫,,,T5 二战后多极文学,T5,,HAS_T,,,已有有效 T0–T6 坐标,自动通过,,
永恒者.md,WL-WORK-0471,永恒者,El Eternauta,埃克托尔·赫尔曼·奥斯特尔德,Héctor Germán Oesterheld,,,,,MISSING_T_REVIEW_NO_YEAR,,,缺 T 且缺少可机器读取 year，需要书目/成书史核验,自动通过,,
永远的战争.md,WL-WORK-0416,永远的战争,,乔·霍尔德曼,Joe Haldeman,,T5 二战后多极文学,T5,,HAS_T,,,已有有效 T0–T6 坐标,自动通过,,
永远讲不完的故事.md,WL-WORK-0750,永远讲不完的故事,,米切尔·恩德,Michael Ende,,,,,MISSING_T_REVIEW_NO_YEAR,,,缺 T 且缺少可机器读取 year，需要书目/成书史核验,自动通过,metadata_pending,
汉书.md,WL-WORK-1177,汉书,,班固,,,,,,MISSING_T_REVIEW_NO_YEAR,,,缺 T 且缺少可机器读取 year，需要书目/成书史核验,自动通过,metadata_pending,
江南三部曲.md,WL-WORK-2882,江南三部曲,,格非,,,T6 当代全球文学,T6,,HAS_T,,,已有有效 T0–T6 坐标,需复核,metadata_pending,
江湖夜雨十年灯.md,WL-WORK-2564,江湖夜雨十年灯,,诸葛青云,,,T5 二战后多极文学,T5,,HAS_T,,,已有有效 T0–T6 坐标,自动通过,metadata_pending,
江湖奇侠传.md,WL-WORK-2565,江湖奇侠传,,平江不肖生,,,,,,MISSING_T_REVIEW_NO_YEAR,,,缺 T 且缺少可机器读取 year，需要书目/成书史核验,自动通过,metadata_pending,
汤姆·琼斯.md,WL-WORK-1178,汤姆·琼斯,,亨利·菲尔丁,Fielding,,T2 早期现代文学,T2,,HAS_T,,,已有有效 T0–T6 坐标,自动通过,metadata_pending,CANON-082
汤姆·索亚历险记.md,WL-WORK-0751,汤姆·索亚历险记,,马克·吐温,Mark Twain,,T3 19世纪现代文学体系,T3,,HAS_T,,,已有有效 T0–T6 坐标,自动通过,metadata_pending,
汤姆叔叔的小屋.md,WL-WORK-T3-UNCLE-TOM,汤姆叔叔的小屋,Uncle Tom's Cabin,哈丽雅特·比彻·斯托,Harriet Beecher Stowe,,T3 19世纪现代文学体系,T3,,HAS_T,,,已有有效 T0–T6 坐标,手工核验,metadata_pending,
沃尔松格萨迦.md,WL-WORK-0752,沃尔松格萨迦,,佚名,,,T1 中古多中心文学世界,T1,,HAS_T,,anonymous_or_oral,已有有效 T0–T6 坐标,自动通过,metadata_pending,
沃尔游戏.md,WL-WORK-2912,沃尔游戏,The Vor Game,洛伊斯·麦克马斯特·比约德,Lois McMaster Bujold,,T6 当代全球文学,T6,,HAS_T,,,已有有效 T0–T6 坐标,需复核,metadata_pending,
沃斯.md,WL-WORK-3210,沃斯,Voss,帕特里克·怀特,Patrick White,,T5 二战后多极文学,T5,,HAS_T,,,已有有效 T0–T6 坐标,需复核,metadata_pending,CANON-288
沉睡谷传奇.md,WL-WORK-0753,沉睡谷传奇,,华盛顿·欧文,Washington Irving,,T3 19世纪现代文学体系,T3,,HAS_T,,,已有有效 T0–T6 坐标,自动通过,metadata_pending,
沉重的翅膀.md,WL-WORK-2861,沉重的翅膀,,张洁,,,T6 当代全球文学,T6,,HAS_T,,,已有有效 T0–T6 坐标,需复核,metadata_pending,
沉静的美国人.md,WL-WORK-2087,沉静的美国人,,格雷厄姆·格林,Graham Greene,,T5 二战后多极文学,T5,,HAS_T,,,已有有效 T0–T6 坐标,自动通过,metadata_pending,
沉默.md,WL-WORK-1179,沉默,,远藤周作,,,T5 二战后多极文学,T5,,HAS_T,,,已有有效 T0–T6 坐标,自动通过,metadata_pending,CANON-058
沉默的羔羊.md,WL-WORK-0125,沉默的羔羊,,托马斯·哈里斯,Thomas Harris,,T6 当代全球文学,T6,,HAS_T,,,已有有效 T0–T6 坐标,自动通过,,
沙丘.md,WL-WORK-0327,沙丘,,弗兰克·赫伯特,Frank Herbert,,T5 二战后多极文学,T5,,HAS_T,,,已有有效 T0–T6 坐标,自动通过,,
沙人.md,WL-WORK-0754,沙人,,E.T.A.霍夫曼,,,T3 19世纪现代文学体系,T3,,HAS_T,,,已有有效 T0–T6 坐标,自动通过,metadata_pending,
沙娜拉之剑.md,WL-WORK-0755,沙娜拉之剑,,特里·布鲁克斯,Terry Brooks,,,,,MISSING_T_REVIEW_NO_YEAR,,,缺 T 且缺少可机器读取 year，需要书目/成书史核验,自动通过,metadata_pending,
沙恭达罗.md,WL-WORK-2088,沙恭达罗,Abhijñānaśākuntalam,迦梨陀娑,,,T0 文学源头与古代文学,T0,,HAS_T,,,已有有效 T0–T6 坐标,手工核验,metadata_pending,CANON-013
沙滩船长.md,WL-WORK-1180,沙滩船长,,若热·亚马多,Jorge Amado,,T4 全球现代主义时代,T4,,HAS_T,,,已有有效 T0–T6 坐标,自动通过,metadata_pending,
沙漠之年.md,WL-WORK-1181,沙漠之年,,佩德罗·迈拉尔,Pedro Mairal,,,,,MISSING_T_REVIEW_NO_YEAR,,,缺 T 且缺少可机器读取 year，需要书目/成书史核验,自动通过,metadata_pending,
没有个性的人.md,WL-WORK-1761,没有个性的人,,罗伯特·穆齐尔,Robert Musil,,T4 全球现代主义时代,T4,,HAS_T,,,已有有效 T0–T6 坐标,自动通过,metadata_pending,CANON-154
没有人会看见我哭泣.md,WL-WORK-1762,没有人会看见我哭泣,,克里斯蒂娜·里维拉·加尔萨,,,,,,MISSING_T_REVIEW_NO_YEAR,,,缺 T 且缺少可机器读取 year，需要书目/成书史核验,自动通过,metadata_pending,
没有人给他写信的上校.md,WL-WORK-1763,没有人给他写信的上校,,加西亚·马尔克斯,,,T5 二战后多极文学,T5,,HAS_T,,,已有有效 T0–T6 坐标,自动通过,metadata_pending,
没有界限的地方.md,WL-WORK-1764,没有界限的地方,,何塞·多诺索,,,T5 二战后多极文学,T5,,HAS_T,,,已有有效 T0–T6 坐标,自动通过,metadata_pending,
沧浪之水.md,WL-WORK-2676,沧浪之水,,阎真,,,T6 当代全球文学,T6,,HAS_T,,,已有有效 T0–T6 坐标,个人补录,metadata_pending,
沧海.md,WL-WORK-2566,沧海,,凤歌,,,T6 当代全球文学,T6,,HAS_T,,,已有有效 T0–T6 坐标,自动通过,metadata_pending,
河边的错误.md,WL-WORK-2692,河边的错误,,余华,,1988,T6 当代全球文学,T6,,HAS_T,,,已有有效 T0–T6 坐标,个人补录,metadata_pending,
泄密的心.md,WL-WORK-0756,泄密的心,,爱伦·坡,Edgar Allan Poe,,T3 19世纪现代文学体系,T3,,HAS_T,,,已有有效 T0–T6 坐标,自动通过,metadata_pending,
法兰柴思事件.md,WL-WORK-0059,法兰柴思事件,,约瑟芬·铁伊,Josephine Tey,,T5 二战后多极文学,T5,,HAS_T,,,已有有效 T0–T6 坐标,自动通过,,
法兰西组曲.md,WL-WORK-1182,法兰西组曲,,伊雷娜·内米洛夫斯基,Irène Némirovsky,,,,,MISSING_T_REVIEW_NO_YEAR,,,缺 T 且缺少可机器读取 year，需要书目/成书史核验,自动通过,metadata_pending,
法国中尉的女人.md,WL-WORK-1183,法国中尉的女人,,约翰·福尔斯,John Fowles,,T5 二战后多极文学,T5,,HAS_T,,,已有有效 T0–T6 坐标,自动通过,metadata_pending,
法官和他的刽子手.md,WL-WORK-0236,法官和他的刽子手,,弗里德里希·迪伦马特,Friedrich Dürrenmatt,,T5 二战后多极文学,T5,,HAS_T,,,已有有效 T0–T6 坐标,自动通过,,
法昆多.md,WL-WORK-1765,法昆多,Facundo,多明戈·福斯蒂诺·萨米恩托,Sarmiento,1845,T3 19世纪现代文学体系,T3,,HAS_T,,,已有有效 T0–T6 坐标,人工核验,verified,
波希米亚之光.md,WL-WORK-1766,波希米亚之光,,巴列-因克兰,Ramón del Valle-Inclán,,,,,MISSING_T_REVIEW_NO_YEAR,,,缺 T 且缺少可机器读取 year，需要书目/成书史核验,自动通过,metadata_pending,
波斯少年.md,WL-WORK-1184,波斯少年,,玛丽·瑞瑙特,Mary Renault,,T5 二战后多极文学,T5,,HAS_T,,,已有有效 T0–T6 坐标,自动通过,metadata_pending,
波波尔·乌.md,WL-WORK-1481,波波尔·乌,Popol Vuh,佚名,,,T2 早期现代文学,T2,,HAS_T,,anonymous_or_oral,已有有效 T0–T6 坐标,手工核验,metadata_pending,CANON-285
波蒂基.md,WL-WORK-3213,波蒂基,Potiki,帕特里夏·格雷斯,Patricia Grace,,T6 当代全球文学,T6,,HAS_T,,,已有有效 T0–T6 坐标,需复核,metadata_pending,CANON-292
泰特斯·格罗恩.md,WL-WORK-0757,泰特斯·格罗恩,,默文·皮克,Mervyn Peake,,T5 二战后多极文学,T5,,HAS_T,,,已有有效 T0–T6 坐标,自动通过,metadata_pending,
泽诺的意识.md,WL-WORK-1767,泽诺的意识,,伊塔洛·斯韦沃,Italo Svevo,,T4 全球现代主义时代,T4,,HAS_T,,,已有有效 T0–T6 坐标,自动通过,metadata_pending,CANON-215
洗尸人.md,WL-WORK-2089,洗尸人,,锡南·安通,Sinan Antoon,,,,,MISSING_T_REVIEW_NO_YEAR,,,缺 T 且缺少可机器读取 year，需要书目/成书史核验,自动通过,metadata_pending,
洛丽塔.md,WL-WORK-2090,洛丽塔,,纳博科夫,,,T5 二战后多极文学,T5,,HAS_T,,,已有有效 T0–T6 坐标,自动通过,metadata_pending,CANON-146
洛城机密.md,WL-WORK-0097,洛城机密,,詹姆斯·埃尔罗伊,James Ellroy,,T6 当代全球文学,T6,,HAS_T,,,已有有效 T0–T6 坐标,自动通过,,
洛基斯.md,WL-WORK-0758,洛基斯,,梅里美,Prosper Mérimée,,T3 19世纪现代文学体系,T3,,HAS_T,,,已有有效 T0–T6 坐标,自动通过,metadata_pending,
洛基的争吵.md,WL-WORK-1482,洛基的争吵,,佚名,,,T1 中古多中心文学世界,T1,,HAS_T,,anonymous_or_oral,已有有效 T0–T6 坐标,自动通过,metadata_pending,
洛斯奇尔的提琴.md,WL-WORK-3220,洛斯奇尔的提琴,Rothschild's Fiddle,契诃夫,Anton Chekhov,,T3 19世纪现代文学体系,T3,,HAS_T,,,已有有效 T0–T6 坐标,个人补录,metadata_pending,
洛阳女儿行.md,WL-WORK-2567,洛阳女儿行,,小椴,,,T6 当代全球文学,T6,,HAS_T,,,已有有效 T0–T6 坐标,自动通过,metadata_pending,
洞.md,WL-WORK-0759,洞,,卞惠英,,,,,,MISSING_T_REVIEW_NO_YEAR,,,缺 T 且缺少可机器读取 year，需要书目/成书史核验,自动通过,metadata_pending,
洞中人.md,WL-WORK-1768,洞中人,,陶菲格·哈基姆,Tawfiq al-Hakim,,,,,MISSING_T_REVIEW_NO_YEAR,,,缺 T 且缺少可机器读取 year，需要书目/成书史核验,自动通过,metadata_pending,
洪堡的礼物.md,WL-WORK-2997,洪堡的礼物,Humboldt's Gift,索尔·贝娄,Saul Bellow,,T5 二战后多极文学,T5,,HAS_T,,,已有有效 T0–T6 坐标,需复核,metadata_pending,
洪水之年.md,WL-WORK-1185,洪水之年,,玛格丽特·阿特伍德,Margaret Atwood,,T6 当代全球文学,T6,,HAS_T,,,已有有效 T0–T6 坐标,自动通过,metadata_pending,
洪流.md,WL-WORK-1186,洪流,,显克维奇,Henryk Sienkiewicz,,T3 19世纪现代文学体系,T3,,HAS_T,,,已有有效 T0–T6 坐标,自动通过,metadata_pending,
活着.md,WL-WORK-1187,活着,,余华,,1992,T6 当代全球文学,T6,,HAS_T,,,已有有效 T0–T6 坐标,自动通过,metadata_pending,CANON-049
流浪地球.md,WL-WORK-0461,流浪地球,,刘慈欣,,,T6 当代全球文学,T6,,HAS_T,,,已有有效 T0–T6 坐标,自动通过,,
流浪者.md,WL-WORK-2900,流浪者,The Wanderer,弗里茨·莱伯,Fritz Leiber,,T5 二战后多极文学,T5,,HAS_T,,,已有有效 T0–T6 坐标,需复核,metadata_pending,
流浪苍穹.md,WL-WORK-0467,流浪苍穹,,郝景芳,,,T6 当代全球文学,T6,,HAS_T,,,已有有效 T0–T6 坐标,自动通过,,
浅草红团.md,WL-WORK-1769,浅草红团,,川端康成,Kawabata,,T4 全球现代主义时代,T4,,HAS_T,,,已有有效 T0–T6 坐标,自动通过,metadata_pending,
浮云.md,WL-WORK-T3-UKIGUMO,浮云,Ukigumo,二叶亭四迷,Futabatei Shimei,,T3 19世纪现代文学体系,T3,,HAS_T,,,已有有效 T0–T6 坐标,手工核验,metadata_pending,
浮士德.md,WL-WORK-2834,浮士德,Faust,歌德,Johann Wolfgang von Goethe,,T3 19世纪现代文学体系,T3,,HAS_T,,,已有有效 T0–T6 坐标,需复核,metadata_pending,CANON-087
浮现.md,WL-WORK-1770,浮现,,玛格丽特·阿特伍德,Margaret Atwood,,T5 二战后多极文学,T5,,HAS_T,,,已有有效 T0–T6 坐标,自动通过,metadata_pending,
浮生六记.md,WL-WORK-2688,浮生六记,,沈复,,,T2 早期现代文学,T2,,HAS_T,,,已有有效 T0–T6 坐标,个人补录,metadata_pending,
海与毒药.md,WL-WORK-1188,海与毒药,,远藤周作,,,T5 二战后多极文学,T5,,HAS_T,,,已有有效 T0–T6 坐标,自动通过,metadata_pending,
海中公牛.md,WL-WORK-1189,海中公牛,,古希腊,,,,,,MISSING_T_REVIEW_NO_YEAR,,,缺 T 且缺少可机器读取 year，需要书目/成书史核验,自动通过,metadata_pending,
海伯利安.md,WL-WORK-0401,海伯利安,,丹·西蒙斯,Dan Simmons,,T6 当代全球文学,T6,,HAS_T,,,已有有效 T0–T6 坐标,自动通过,,
海伯利安的陨落.md,WL-WORK-0402,海伯利安的陨落,,丹·西蒙斯,Dan Simmons,,T6 当代全球文学,T6,,HAS_T,,,已有有效 T0–T6 坐标,自动通过,,
海因里希·冯·奥夫特丁根.md,WL-WORK-1190,海因里希·冯·奥夫特丁根,,诺瓦利斯,Novalis,,,,,MISSING_T_REVIEW_NO_YEAR,,,缺 T 且缺少可机器读取 year，需要书目/成书史核验,自动通过,metadata_pending,
海园.md,WL-WORK-1771,海园,,希尔达·杜利特尔,H.D.,,,,,MISSING_T_REVIEW_NO_YEAR,,,缺 T 且缺少可机器读取 year，需要书目/成书史核验,自动通过,metadata_pending,
海底两万里.md,WL-WORK-0269,海底两万里,,儒勒·凡尔纳,,,T3 19世纪现代文学体系,T3,,HAS_T,,,已有有效 T0–T6 坐标,自动通过,,
海法归来.md,WL-WORK-1772,海法归来,,格桑·卡纳法尼,Ghassan Kanafani,,T5 二战后多极文学,T5,,HAS_T,,,已有有效 T0–T6 坐标,自动通过,metadata_pending,
海浪.md,WL-WORK-1773,海浪,,弗吉尼亚·伍尔夫,Virginia Woolf,,T4 全球现代主义时代,T4,,HAS_T,,,已有有效 T0–T6 坐标,自动通过,metadata_pending,
海滩上.md,WL-WORK-0324,海滩上,,内维尔·舒特,Nevil Shute,,T5 二战后多极文学,T5,,HAS_T,,,已有有效 T0–T6 坐标,自动通过,,
海狼.md,WL-WORK-0760,海狼,,杰克·伦敦,Wilderness Adventure,,T4 全球现代主义时代,T4,,HAS_T,,,已有有效 T0–T6 坐标,自动通过,metadata_pending,
海的女儿.md,WL-WORK-0761,海的女儿,,安徒生,Hans Christian Andersen,,T3 19世纪现代文学体系,T3,,HAS_T,,,已有有效 T0–T6 坐标,自动通过,metadata_pending,
海的沉默.md,WL-WORK-2091,海的沉默,,韦科尔,Vercors,,,,,MISSING_T_REVIEW_NO_YEAR,,,缺 T 且缺少可机器读取 year，需要书目/成书史核验,自动通过,metadata_pending,
海边的卡夫卡.md,WL-WORK-2691,海边的卡夫卡,,村上春树,,,T6 当代全球文学,T6,,HAS_T,,,已有有效 T0–T6 坐标,个人补录,metadata_pending,
海鸥.md,WL-WORK-1774,海鸥,,契诃夫,,,T4 全球现代主义时代,T4,,HAS_T,,,已有有效 T0–T6 坐标,自动通过,metadata_pending,
海鹰.md,WL-WORK-2568,海鹰,The Sea-Hawk,拉斐尔·萨巴蒂尼,Sabatini,,T4 全球现代主义时代,T4,,HAS_T,,,已有有效 T0–T6 坐标,自动通过,metadata_pending,
涂脂抹粉的小嘴.md,WL-WORK-1775,涂脂抹粉的小嘴,,曼努埃尔·普伊格,,,T5 二战后多极文学,T5,,HAS_T,,,已有有效 T0–T6 坐标,自动通过,metadata_pending,
消失的另一半.md,WL-WORK-1191,消失的另一半,,布丽特·贝内特,Brit Bennett,,,,,MISSING_T_REVIEW_NO_YEAR,,,缺 T 且缺少可机器读取 year，需要书目/成书史核验,自动通过,metadata_pending,
消失的爱人.md,WL-WORK-0129,消失的爱人,,吉莉安·弗琳,Gillian Flynn,,T6 当代全球文学,T6,,HAS_T,,,已有有效 T0–T6 坐标,自动通过,,
消逝的足迹.md,WL-WORK-1776,消逝的足迹,,阿莱霍·卡彭铁尔,Alejo Carpentier,,T5 二战后多极文学,T5,,HAS_T,,,已有有效 T0–T6 坐标,自动通过,metadata_pending,
涉外事务.md,WL-WORK-3004,涉外事务,Foreign Affairs,艾莉森·卢里,Alison Lurie,,T6 当代全球文学,T6,,HAS_T,,,已有有效 T0–T6 坐标,需复核,metadata_pending,
淫秽的夜鸟.md,WL-WORK-1777,淫秽的夜鸟,,何塞·多诺索,José Donoso,,T5 二战后多极文学,T5,,HAS_T,,,已有有效 T0–T6 坐标,自动通过,metadata_pending,CANON-282
淮南子.md,WL-WORK-1483,淮南子,,刘安,,,,,,MISSING_T_REVIEW_NO_YEAR,,,缺 T 且缺少可机器读取 year，需要书目/成书史核验,自动通过,metadata_pending,
深沉的河流.md,WL-WORK-1192,深沉的河流,,何塞·玛丽亚·阿格达斯,José María Arguedas,,,,,MISSING_T_REVIEW_NO_YEAR,,,缺 T 且缺少可机器读取 year，需要书目/成书史核验,自动通过,metadata_pending,
深渊上的火.md,WL-WORK-0405,深渊上的火,,弗诺·文奇,Vernor Vinge,,T6 当代全球文学,T6,,HAS_T,,,已有有效 T0–T6 坐标,自动通过,,
混乱的仪式.md,WL-WORK-1778,混乱的仪式,,卡洛斯·蒙西瓦伊斯,,,,,,MISSING_T_REVIEW_NO_YEAR,,,缺 T 且缺少可机器读取 year，需要书目/成书史核验,自动通过,metadata_pending,
混凝土岛.md,WL-WORK-1193,混凝土岛,,J.G.巴拉德,Ballard,,T5 二战后多极文学,T5,,HAS_T,,,已有有效 T0–T6 坐标,自动通过,metadata_pending,
混沌行走：永不放下的猎刀.md,WL-WORK-1194,混沌行走：永不放下的猎刀,,帕特里克·内斯,Patrick Ness,,,,,MISSING_T_REVIEW_NO_YEAR,,,缺 T 且缺少可机器读取 year，需要书目/成书史核验,自动通过,metadata_pending,
淹没的世界.md,WL-WORK-0342,淹没的世界,,J.G.巴拉德,J.G. Ballard,,T5 二战后多极文学,T5,,HAS_T,,,已有有效 T0–T6 坐标,自动通过,,
清教徒.md,WL-WORK-1195,清教徒,,沃尔特·司各特,Walter Scott,,T3 19世纪现代文学体系,T3,,HAS_T,,,已有有效 T0–T6 坐标,自动通过,metadata_pending,
温室.md,WL-WORK-0346,温室,Hothouse,布莱恩·奥尔迪斯,Brian Aldiss,,T5 二战后多极文学,T5,,HAS_T,,,已有有效 T0–T6 坐标,自动通过,,
温柔的纽扣.md,WL-WORK-1779,温柔的纽扣,,格特鲁德·斯坦因,Gertrude Stein,,T4 全球现代主义时代,T4,,HAS_T,,,已有有效 T0–T6 坐标,自动通过,metadata_pending,
温迪戈.md,WL-WORK-0762,温迪戈,,阿尔杰农·布莱克伍德,Algernon Blackwood,,T4 全球现代主义时代,T4,,HAS_T,,,已有有效 T0–T6 坐标,自动通过,metadata_pending,
游戏玩家.md,WL-WORK-0403,游戏玩家,,伊恩·M.班克斯,Iain M. Banks,,T6 当代全球文学,T6,,HAS_T,,,已有有效 T0–T6 坐标,自动通过,,
湖中女士.md,WL-WORK-0077,湖中女士,,雷蒙德·钱德勒,Raymond Chandler,,T4 全球现代主义时代,T4,,HAS_T,,,已有有效 T0–T6 坐标,自动通过,,
湖光山色.md,WL-WORK-2877,湖光山色,,周大新,,,T6 当代全球文学,T6,,HAS_T,,,已有有效 T0–T6 坐标,需复核,metadata_pending,
湖滨旅馆.md,WL-WORK-3050,湖滨旅馆,Hotel du Lac,安妮塔·布鲁克纳,Anita Brookner,,T6 当代全球文学,T6,,HAS_T,,,已有有效 T0–T6 坐标,需复核,metadata_pending,
湮灭.md,WL-WORK-0426,湮灭,,杰夫·范德米尔,Jeff VanderMeer,,T6 当代全球文学,T6,,HAS_T,,,已有有效 T0–T6 坐标,自动通过,,
湿婆往世书.md,WL-WORK-1484,湿婆往世书,,佚名,,,T1 中古多中心文学世界,T1,,HAS_T,,title_aggregate_or_tradition;anonymous_or_oral,已有有效 T0–T6 坐标,自动通过,metadata_pending,
源氏物语.md,WL-WORK-1196,源氏物语,,紫式部,,,T1 中古多中心文学世界,T1,,HAS_T,,,已有有效 T0–T6 坐标,自动通过,metadata_pending,CANON-016
满愿.md,WL-WORK-0201,满愿,,米泽穗信,,,T6 当代全球文学,T6,,HAS_T,,,已有有效 T0–T6 坐标,自动通过,,
漂亮朋友.md,WL-WORK-2836,漂亮朋友,Bel-Ami,居伊·德·莫泊桑,Guy de Maupassant,,T3 19世纪现代文学体系,T3,,HAS_T,,,已有有效 T0–T6 坐标,需复核,metadata_pending,CANON-114
漩涡.md,WL-WORK-0763,漩涡,,何塞·欧斯塔西奥·里韦拉,José Eustasio Rivera,,,,,MISSING_T_REVIEW_NO_YEAR,,,缺 T 且缺少可机器读取 year，需要书目/成书史核验,自动通过,metadata_pending,
漫歌.md,WL-WORK-1780,漫歌,,巴勃罗·聂鲁达,,,,,,MISSING_T_REVIEW_NO_YEAR,,,缺 T 且缺少可机器读取 year，需要书目/成书史核验,自动通过,metadata_pending,
漫游者梅尔莫斯.md,WL-WORK-0764,漫游者梅尔莫斯,,查尔斯·马图林,Charles Maturin,,,,,MISSING_T_REVIEW_NO_YEAR,,,缺 T 且缺少可机器读取 year，需要书目/成书史核验,自动通过,metadata_pending,
漫漫长路.md,WL-WORK-1197,漫漫长路,,塞巴斯蒂安·巴里,Sebastian Barry,,,,,MISSING_T_REVIEW_NO_YEAR,,,缺 T 且缺少可机器读取 year，需要书目/成书史核验,自动通过,metadata_pending,
漫长的告别.md,WL-WORK-0074,漫长的告别,,雷蒙德·钱德勒,Raymond Chandler,,T5 二战后多极文学,T5,,HAS_T,,,已有有效 T0–T6 坐标,自动通过,,
漫长的歌.md,WL-WORK-1198,漫长的歌,,安德烈娅·利维,Andrea Levy,,,,,MISSING_T_REVIEW_NO_YEAR,,,缺 T 且缺少可机器读取 year，需要书目/成书史核验,自动通过,metadata_pending,
潘多拉之星.md,WL-WORK-0409,潘多拉之星,,彼得·F.汉密尔顿,Peter F. Hamilton,,T6 当代全球文学,T6,,HAS_T,,,已有有效 T0–T6 坐标,自动通过,,
潜入沉船.md,WL-WORK-1781,潜入沉船,,阿德里安娜·里奇,Adrienne Rich,,T5 二战后多极文学,T5,,HAS_T,,,已有有效 T0–T6 坐标,自动通过,metadata_pending,
潮汐站.md,WL-WORK-2940,潮汐站,Stations of the Tide,迈克尔·斯万维克,Michael Swanwick,,T6 当代全球文学,T6,,HAS_T,,,已有有效 T0–T6 坐标,需复核,metadata_pending,
濒临狂野的心.md,WL-WORK-1199,濒临狂野的心,,克拉丽丝·利斯佩克托,Clarice Lispector,,T4 全球现代主义时代,T4,,HAS_T,,,已有有效 T0–T6 坐标,自动通过,metadata_pending,
火与剑.md,WL-WORK-1200,火与剑,,显克维奇,Sienkiewicz,,T3 19世纪现代文学体系,T3,,HAS_T,,,已有有效 T0–T6 坐标,自动通过,metadata_pending,
火之河.md,WL-WORK-1782,火之河,,库拉图兰·海德尔,Qurratulain Hyder,,T5 二战后多极文学,T5,,HAS_T,,,已有有效 T0–T6 坐标,自动通过,metadata_pending,
火星公主.md,WL-WORK-0287,火星公主,,埃德加·赖斯·巴勒斯,,,T4 全球现代主义时代,T4,,HAS_T,,,已有有效 T0–T6 坐标,自动通过,,
火星奥德赛.md,WL-WORK-0290,火星奥德赛,,斯坦利·G.温鲍姆,Stanley G. Weinbaum,,T4 全球现代主义时代,T4,,HAS_T,,,已有有效 T0–T6 坐标,自动通过,,
火星编年史.md,WL-WORK-0318,火星编年史,,雷·布拉德伯里,Ray Bradbury,,T5 二战后多极文学,T5,,HAS_T,,,已有有效 T0–T6 坐标,自动通过,,
火河.md,WL-WORK-3177,火河,Aag Ka Darya,库拉图莱因·海德尔,Qurratulain Hyder,,T5 二战后多极文学,T5,,HAS_T,,,已有有效 T0–T6 坐标,需复核,metadata_pending,CANON-230
火潮.md,WL-WORK-1201,火潮,,阿米塔夫·高希,Amitav Ghosh,,T6 当代全球文学,T6,,HAS_T,,,已有有效 T0–T6 坐标,自动通过,metadata_pending,
火焰与花朵.md,WL-WORK-2092,火焰与花朵,The Flame and the Flower,凯瑟琳·E.伍迪维斯,Kathleen E. Woodiwiss,,,,,MISSING_T_REVIEW_NO_YEAR,,,缺 T 且缺少可机器读取 year，需要书目/成书史核验,自动通过,metadata_pending,
火线.md,WL-WORK-1202,火线,,亨利·巴比塞,Barbusse,,,,,MISSING_T_REVIEW_NO_YEAR,,,缺 T 且缺少可机器读取 year，需要书目/成书史核验,自动通过,metadata_pending,
火车.md,WL-WORK-0168,火车,,宫部美雪,,,T6 当代全球文学,T6,,HAS_T,,,已有有效 T0–T6 坐标,自动通过,,
火车上的女孩.md,WL-WORK-0131,火车上的女孩,,宝拉·霍金斯,Paula Hawkins,,,,,MISSING_T_REVIEW_NO_YEAR,,,缺 T 且缺少可机器读取 year，需要书目/成书史核验,自动通过,,
火车怪客.md,WL-WORK-0084,火车怪客,,帕特里夏·海史密斯,Patricia Highsmith,,T5 二战后多极文学,T5,,HAS_T,,,已有有效 T0–T6 坐标,自动通过,,
火车正点.md,WL-WORK-2093,火车正点,,海因里希·伯尔,Böll,,T5 二战后多极文学,T5,,HAS_T,,,已有有效 T0–T6 坐标,自动通过,metadata_pending,
灯火管制／一切安全.md,WL-WORK-2921,灯火管制／一切安全,Blackout/All Clear,康妮·威利斯,Connie Willis,,T6 当代全球文学,T6,,HAS_T,,,已有有效 T0–T6 坐标,需复核,metadata_pending,
灵魂圣骑士.md,WL-WORK-2918,灵魂圣骑士,Paladin of Souls,洛伊斯·麦克马斯特·比约德,Lois McMaster Bujold,,T6 当代全球文学,T6,,HAS_T,,,已有有效 T0–T6 坐标,需复核,metadata_pending,
灾难之城.md,WL-WORK-0043,灾难之城,,埃勒里·奎因,,,T4 全球现代主义时代,T4,,HAS_T,,,已有有效 T0–T6 坐标,自动通过,,
灿烂千阳.md,WL-WORK-2675,灿烂千阳,,卡勒德·胡赛尼,,,T6 当代全球文学,T6,,HAS_T,,,已有有效 T0–T6 坐标,个人补录,metadata_pending,
点与线.md,WL-WORK-0161,点与线,,松本清张,,,T5 二战后多极文学,T5,,HAS_T,,,已有有效 T0–T6 坐标,自动通过,,
炽热的岩石.md,WL-WORK-0256,炽热的岩石,The Hot Rock,唐纳德·E.韦斯特莱克,Donald E. Westlake,,,,,MISSING_T_REVIEW_NO_YEAR,,,缺 T 且缺少可机器读取 year，需要书目/成书史核验,自动通过,,
炽焰世界.md,WL-WORK-0259,炽焰世界,,玛格丽特·卡文迪许,,,T2 早期现代文学,T2,,HAS_T,,,已有有效 T0–T6 坐标,自动通过,,
烈日下的人们.md,WL-WORK-1783,烈日下的人们,,格桑·卡纳法尼,Ghassan Kanafani,,T5 二战后多极文学,T5,,HAS_T,,,已有有效 T0–T6 坐标,自动通过,metadata_pending,
烟中之虎.md,WL-WORK-0057,烟中之虎,,玛杰里·阿林厄姆,Margery Allingham,,T5 二战后多极文学,T5,,HAS_T,,,已有有效 T0–T6 坐标,自动通过,,
烟河.md,WL-WORK-1203,烟河,,阿米塔夫·高希,Amitav Ghosh,,T6 当代全球文学,T6,,HAS_T,,,已有有效 T0–T6 坐标,自动通过,metadata_pending,
热与尘.md,WL-WORK-3042,热与尘,Heat and Dust,露丝·普拉瓦尔·贾布瓦拉,Ruth Prawer Jhabvala,,T5 二战后多极文学,T5,,HAS_T,,,已有有效 T0–T6 坐标,需复核,metadata_pending,
热夜之梦.md,WL-WORK-0765,热夜之梦,,乔治·R.R.马丁,George R.R. Martin,,T6 当代全球文学,T6,,HAS_T,,,已有有效 T0–T6 坐标,自动通过,metadata_pending,
熊与夜莺.md,WL-WORK-0766,熊与夜莺,,凯瑟琳·阿登,Katherine Arden,,,,,MISSING_T_REVIEW_NO_YEAR,,,缺 T 且缺少可机器读取 year，需要书目/成书史核验,自动通过,metadata_pending,
熙德之歌.md,WL-WORK-1204,熙德之歌,,佚名,,,,,,MISSING_T_REVIEW_NO_YEAR,,anonymous_or_oral,缺 T 且缺少可机器读取 year，需要书目/成书史核验,自动通过,metadata_pending,
燃烧吧剑.md,WL-WORK-1205,燃烧吧剑,,司马辽太郎,,,T5 二战后多极文学,T5,,HAS_T,,,已有有效 T0–T6 坐标,自动通过,metadata_pending,
燃烧的原野.md,WL-WORK-1784,燃烧的原野,,胡安·鲁尔福,Juan Rulfo,,T5 二战后多极文学,T5,,HAS_T,,,已有有效 T0–T6 坐标,自动通过,metadata_pending,
燃烧的女孩.md,WL-WORK-1206,燃烧的女孩,,苏珊·柯林斯,Suzanne Collins,,T6 当代全球文学,T6,,HAS_T,,,已有有效 T0–T6 坐标,自动通过,metadata_pending,
燃烧的银.md,WL-WORK-1785,燃烧的银,,里卡多·皮格利亚,,,,,,MISSING_T_REVIEW_NO_YEAR,,,缺 T 且缺少可机器读取 year，需要书目/成书史核验,自动通过,metadata_pending,
燕子号与亚马逊号.md,WL-WORK-0767,燕子号与亚马逊号,,阿瑟·兰塞姆,Arthur Ransome,,,,,MISSING_T_REVIEW_NO_YEAR,,,缺 T 且缺少可机器读取 year，需要书目/成书史核验,自动通过,metadata_pending,
爱与痛的边缘.md,WL-WORK-2754,爱与痛的边缘,,郭敬明,,,T6 当代全球文学,T6,,HAS_T,,,已有有效 T0–T6 坐标,个人补录,metadata_pending,
爱丽丝·亚当斯.md,WL-WORK-2960,爱丽丝·亚当斯,Alice Adams,布思·塔金顿,Booth Tarkington,,T4 全球现代主义时代,T4,,HAS_T,,,已有有效 T0–T6 坐标,需复核,metadata_pending,
爱丽丝梦游仙境.md,WL-WORK-0768,爱丽丝梦游仙境,,刘易斯·卡罗尔,Lewis Carroll,,T3 19世纪现代文学体系,T3,,HAS_T,,,已有有效 T0–T6 坐标,自动通过,metadata_pending,CANON-101
爱丽丝镜中奇遇.md,WL-WORK-0769,爱丽丝镜中奇遇,,刘易斯·卡罗尔,Lewis Carroll,,T3 19世纪现代文学体系,T3,,HAS_T,,,已有有效 T0–T6 坐标,自动通过,metadata_pending,
爱伦·坡短篇小说全集.md,WL-WORK-3163,爱伦·坡短篇小说全集,Tales,埃德加·爱伦·坡,Edgar Allan Poe,,T3 19世纪现代文学体系,T3,,HAS_T,,title_aggregate_or_tradition,已有有效 T0–T6 坐标,需复核,metadata_pending,CANON-211
爱因斯坦交叉.md,WL-WORK-2930,爱因斯坦交叉,The Einstein Intersection,塞缪尔·R.德拉尼,Samuel R. Delany,,T5 二战后多极文学,T5,,HAS_T,,,已有有效 T0–T6 坐标,需复核,metadata_pending,
爱尔兰诸族入侵记.md,WL-WORK-1485,爱尔兰诸族入侵记,,佚名,,,T1 中古多中心文学世界,T1,,HAS_T,,anonymous_or_oral,已有有效 T0–T6 坐标,自动通过,metadata_pending,
爱弥儿.md,WL-WORK-1207,爱弥儿,,卢梭,Rousseau,,T2 早期现代文学,T2,,HAS_T,,,已有有效 T0–T6 坐标,自动通过,metadata_pending,
爱情、疯狂与死亡的故事.md,WL-WORK-1786,爱情、疯狂与死亡的故事,,短篇小说开始成为超级强项,,,,,,MISSING_T_REVIEW_NO_YEAR,,,缺 T 且缺少可机器读取 year，需要书目/成书史核验,自动通过,metadata_pending,
爱情诗.md,WL-WORK-1787,爱情诗,,伊黛亚·比拉里尼奥,Idea Vilariño,,,,,MISSING_T_REVIEW_NO_YEAR,,,缺 T 且缺少可机器读取 year，需要书目/成书史核验,自动通过,metadata_pending,
爱狗男人.md,WL-WORK-1788,爱狗男人,,古巴当代,,,,,,MISSING_T_REVIEW_NO_YEAR,,,缺 T 且缺少可机器读取 year，需要书目/成书史核验,自动通过,metadata_pending,
爱玛.md,WL-WORK-2094,爱玛,,简·奥斯汀,Jane Austen,,T3 19世纪现代文学体系,T3,,HAS_T,,,已有有效 T0–T6 坐标,自动通过,metadata_pending,CANON-089
爱的教育.md,WL-WORK-2670,爱的教育,,亚米契斯,,,T3 19世纪现代文学体系,T3,,HAS_T,,,已有有效 T0–T6 坐标,个人补录,metadata_pending,
爱的艺术.md,WL-WORK-2095,爱的艺术,,奥维德,,,T0 文学源头与古代文学,T0,,HAS_T,,,已有有效 T0–T6 坐标,自动通过,metadata_pending,
爱经.md,WL-WORK-2096,爱经,,奥维德,注意,,T0 文学源头与古代文学,T0,,HAS_T,,,已有有效 T0–T6 坐标,自动通过,metadata_pending,
爱药.md,WL-WORK-1208,爱药,,路易丝·厄德里奇,Louise Erdrich,,T6 当代全球文学,T6,,HAS_T,,,已有有效 T0–T6 坐标,自动通过,metadata_pending,
父与子.md,WL-WORK-1209,父与子,,屠格涅夫,Turgenev,,T3 19世纪现代文学体系,T3,,HAS_T,,,已有有效 T0–T6 坐标,自动通过,metadata_pending,CANON-117
牛棚杂忆.md,WL-WORK-2708,牛棚杂忆,,季羡林,,,T6 当代全球文学,T6,,HAS_T,,,已有有效 T0–T6 坐标,个人补录,metadata_pending,
牛虻.md,WL-WORK-2707,牛虻,,伏尼契,,,T3 19世纪现代文学体系,T3,,HAS_T,,,已有有效 T0–T6 坐标,个人补录,metadata_pending,
牛轭事件.md,WL-WORK-2569,牛轭事件,The Ox-Bow Incident,沃尔特·范蒂尔伯格·克拉克,Walter Van Tilburg Clark,,,,,MISSING_T_REVIEW_NO_YEAR,,,缺 T 且缺少可机器读取 year，需要书目/成书史核验,自动通过,metadata_pending,
牡丹亭.md,WL-WORK-2097,牡丹亭,牡丹亭还魂记,汤显祖,,,T2 早期现代文学,T2,,HAS_T,,,已有有效 T0–T6 坐标,手工核验,metadata_pending,CANON-034
牧师的黑面纱.md,WL-WORK-0770,牧师的黑面纱,,霍桑,Nathaniel Hawthorne,,T3 19世纪现代文学体系,T3,,HAS_T,,,已有有效 T0–T6 坐标,自动通过,metadata_pending,
牧童歌.md,WL-WORK-2098,牧童歌,Gītagovinda,胜天,Jayadeva,,T1 中古多中心文学世界,T1,,HAS_T,,,已有有效 T0–T6 坐标,自动通过,metadata_pending,
物.md,WL-WORK-1789,物,,乔治·佩雷克,Georges Perec,,T5 二战后多极文学,T5,,HAS_T,,,已有有效 T0–T6 坐标,自动通过,metadata_pending,
牵风记.md,WL-WORK-2888,牵风记,,徐怀中,,,T6 当代全球文学,T6,,HAS_T,,,已有有效 T0–T6 坐标,需复核,metadata_pending,
特伦特最后一案.md,WL-WORK-0018,特伦特最后一案,,E.C.本特利,,,,,,MISSING_T_REVIEW_NO_YEAR,,,缺 T 且缺少可机器读取 year，需要书目/成书史核验,自动通过,,
特哈努.md,WL-WORK-0771,特哈努,,厄休拉·勒古恩,Ursula K. Le Guin,,T6 当代全球文学,T6,,HAS_T,,,已有有效 T0–T6 坐标,自动通过,metadata_pending,
特拉特洛尔科之夜.md,WL-WORK-1790,特拉特洛尔科之夜,,埃莱娜·波尼亚托夫斯卡,,,T5 二战后多极文学,T5,,HAS_T,,,已有有效 T0–T6 坐标,自动通过,metadata_pending,
特辖军的一天.md,WL-WORK-1210,特辖军的一天,,弗拉基米尔·索罗金,Vladimir Sorokin,,,,,MISSING_T_REVIEW_NO_YEAR,,,缺 T 且缺少可机器读取 year，需要书目/成书史核验,自动通过,metadata_pending,
特里尔塞.md,WL-WORK-1791,特里尔塞,,塞萨尔·巴列霍,,,,,,MISSING_T_REVIEW_NO_YEAR,,,缺 T 且缺少可机器读取 year，需要书目/成书史核验,自动通过,metadata_pending,
特里斯坦与伊瑟.md,WL-WORK-2099,特里斯坦与伊瑟,,佚名,,,,,,MISSING_T_REVIEW_NO_YEAR,,anonymous_or_oral,缺 T 且缺少可机器读取 year，需要书目/成书史核验,自动通过,metadata_pending,
犬之力.md,WL-WORK-2570,犬之力,The Power of the Dog,托马斯·萨维奇,Thomas Savage,,,,,MISSING_T_REVIEW_NO_YEAR,,,缺 T 且缺少可机器读取 year，需要书目/成书史核验,自动通过,metadata_pending,
犬神家族.md,WL-WORK-0153,犬神家族,,横沟正史,,,T5 二战后多极文学,T5,,HAS_T,,,已有有效 T0–T6 坐标,自动通过,,
犹大之窗.md,WL-WORK-0033,犹大之窗,,约翰·狄克森·卡尔,,,T4 全球现代主义时代,T4,,HAS_T,,,已有有效 T0–T6 坐标,自动通过,,
犹太警察工会.md,WL-WORK-0437,犹太警察工会,,迈克尔·谢邦,Michael Chabon,,T6 当代全球文学,T6,,HAS_T,,,已有有效 T0–T6 坐标,自动通过,,
狄吉尼斯·阿克里塔斯.md,WL-WORK-T1-DIGENES,狄吉尼斯·阿克里塔斯,Digenes Akritas,匿名,,,T1 中古多中心文学世界,T1,,HAS_T,,anonymous_or_oral,已有有效 T0–T6 坐标,需复核,metadata_pending,
狄安娜之树.md,WL-WORK-1792,狄安娜之树,,阿莱杭德拉·皮扎尼克,,,,,,MISSING_T_REVIEW_NO_YEAR,,,缺 T 且缺少可机器读取 year，需要书目/成书史核验,自动通过,metadata_pending,
独眼少女.md,WL-WORK-0195,独眼少女,,麻耶雄嵩,,,T6 当代全球文学,T6,,HAS_T,,,已有有效 T0–T6 坐标,自动通过,,
独立之阳.md,WL-WORK-3205,独立之阳,Les Soleils des indépendances,阿马杜·库鲁马,Ahmadou Kourouma,,T5 二战后多极文学,T5,,HAS_T,,,已有有效 T0–T6 坐标,需复核,metadata_pending,CANON-269
独立日.md,WL-WORK-3012,独立日,Independence Day,理查德·福特,Richard Ford,,T6 当代全球文学,T6,,HAS_T,,,已有有效 T0–T6 坐标,需复核,metadata_pending,
独立的人们.md,WL-WORK-3159,独立的人们,Sjálfstætt fólk,哈尔多尔·拉克斯内斯,Halldór Laxness,,T4 全球现代主义时代,T4,,HAS_T,,,已有有效 T0–T6 坐标,需复核,metadata_pending,CANON-205
独立的太阳.md,WL-WORK-1793,独立的太阳,,艾哈迈杜·库鲁马,Ahmadou Kourouma,,T5 二战后多极文学,T5,,HAS_T,,,已有有效 T0–T6 坐标,自动通过,metadata_pending,
独行道.md,WL-WORK-2571,独行道,Dokkōdō,宫本武藏,,,,,,MISSING_T_REVIEW_NO_YEAR,,,缺 T 且缺少可机器读取 year，需要书目/成书史核验,自动通过,metadata_pending,
狮子、女巫和魔衣橱.md,WL-WORK-0772,狮子、女巫和魔衣橱,,C.S.刘易斯,C.S. Lewis,,T5 二战后多极文学,T5,,HAS_T,,,已有有效 T0–T6 坐标,自动通过,metadata_pending,
狱门岛.md,WL-WORK-0152,狱门岛,,横沟正史,,,T5 二战后多极文学,T5,,HAS_T,,,已有有效 T0–T6 坐标,自动通过,,
狼厅.md,WL-WORK-1211,狼厅,,近代欧洲,,2009,T6 当代全球文学,T6,,HAS_T,,,已有有效 T0–T6 坐标,自动通过,metadata_pending,
狼牙.md,WL-WORK-2768,狼牙,,刘猛,,,T6 当代全球文学,T6,,HAS_T,,,已有有效 T0–T6 坐标,个人补录,metadata_pending,
猎人.md,WL-WORK-0255,猎人,The Hunter,理查德·斯塔克,Richard Stark,,,,,MISSING_T_REVIEW_NO_YEAR,,,缺 T 且缺少可机器读取 year，需要书目/成书史核验,自动通过,,
猎水牛的猎人.md,WL-WORK-2957,猎水牛的猎人,The Buffalo Hunter Hunter,斯蒂芬·格雷厄姆·琼斯,Stephen Graham Jones,,T6 当代全球文学,T6,,HAS_T,,,已有有效 T0–T6 坐标,需复核,metadata_pending,
猫城记.md,WL-WORK-0452,猫城记,,老舍,,,T4 全球现代主义时代,T4,,HAS_T,,,已有有效 T0–T6 坐标,自动通过,,
猫头鹰在哭泣.md,WL-WORK-3212,猫头鹰在哭泣,Owls Do Cry,珍妮特·弗雷姆,Janet Frame,,T5 二战后多极文学,T5,,HAS_T,,,已有有效 T0–T6 坐标,需复核,metadata_pending,CANON-291
猫头鹰谋杀案.md,WL-WORK-0143,猫头鹰谋杀案,,安东尼·霍罗维茨,Anthony Horowitz,,T6 当代全球文学,T6,,HAS_T,,,已有有效 T0–T6 坐标,需复核,,
猫的摇篮.md,WL-WORK-0352,猫的摇篮,,库尔特·冯内古特,Kurt Vonnegut,,T5 二战后多极文学,T5,,HAS_T,,,已有有效 T0–T6 坐标,自动通过,,
献给艾米丽的一朵玫瑰.md,WL-WORK-0773,献给艾米丽的一朵玫瑰,,福克纳,William Faulkner,,T4 全球现代主义时代,T4,,HAS_T,,,已有有效 T0–T6 坐标,自动通过,metadata_pending,
献给荒野机器人的赞美诗.md,WL-WORK-0430,献给荒野机器人的赞美诗,,贝姬·钱伯斯,Becky Chambers,,T6 当代全球文学,T6,,HAS_T,,,已有有效 T0–T6 坐标,自动通过,,
献给阿尔吉侬的花束.md,WL-WORK-0326,献给阿尔吉侬的花束,,丹尼尔·凯斯,Daniel Keyes,,T5 二战后多极文学,T5,,HAS_T,,,已有有效 T0–T6 坐标,自动通过,,
猴山之梦.md,WL-WORK-1794,猴山之梦,,德里克·沃尔科特,Derek Walcott,,T5 二战后多极文学,T5,,HAS_T,,,已有有效 T0–T6 坐标,自动通过,metadata_pending,
玉米人.md,WL-WORK-1795,玉米人,,米格尔·安赫尔·阿斯图里亚斯,阿斯图里亚斯,,T5 二战后多极文学,T5,,HAS_T,,,已有有效 T0–T6 坐标,自动通过,metadata_pending,
玉钗盟.md,WL-WORK-2572,玉钗盟,,梁羽生,,,T5 二战后多极文学,T5,,HAS_T,,,已有有效 T0–T6 坐标,自动通过,metadata_pending,
王者之路.md,WL-WORK-0774,王者之路,,布兰登·桑德森,Brandon Sanderson,,T6 当代全球文学,T6,,HAS_T,,,已有有效 T0–T6 坐标,自动通过,metadata_pending,
玛丽·罗热疑案.md,WL-WORK-0007,玛丽·罗热疑案,,爱伦·坡,,,T3 19世纪现代文学体系,T3,,HAS_T,,,已有有效 T0–T6 坐标,自动通过,,
玛丽亚.md,WL-WORK-1796,玛丽亚,,豪尔赫·伊萨克斯,,,,,,MISSING_T_REVIEW_NO_YEAR,,,缺 T 且缺少可机器读取 year，需要书目/成书史核验,自动通过,metadata_pending,
玛戈王后.md,WL-WORK-1212,玛戈王后,,大仲马,Alexandre Dumas,,T3 19世纪现代文学体系,T3,,HAS_T,,,已有有效 T0–T6 坐标,自动通过,metadata_pending,
玛斯纳维.md,WL-WORK-3165,玛斯纳维,Masnavi-ye Ma'navi,鲁米,Rumi (Jalal al-Din Muhammad Balkhi),,T1 中古多中心文学世界,T1,,HAS_T,,,已有有效 T0–T6 坐标,需复核,metadata_pending,CANON-213
玛纳斯史诗.md,WL-WORK-1486,玛纳斯史诗,,吉尔吉斯,,,,,,MISSING_T_REVIEW_NO_YEAR,,title_aggregate_or_tradition,缺 T 且缺少可机器读取 year，需要书目/成书史核验,自动通过,metadata_pending,
玩偶.md,WL-WORK-3216,玩偶,Lalka,博莱斯瓦夫·普鲁斯,Bolesław Prus,,T3 19世纪现代文学体系,T3,,HAS_T,,,已有有效 T0–T6 坐标,需复核,metadata_pending,CANON-295
玩偶之家.md,WL-WORK-2722,玩偶之家,,亨利克·易卜生,,,T3 19世纪现代文学体系,T3,,HAS_T,,,已有有效 T0–T6 坐标,个人补录,metadata_pending,CANON-127
玩笑.md,WL-WORK-1797,玩笑,,米兰·昆德拉,Milan Kundera,,T5 二战后多极文学,T5,,HAS_T,,,已有有效 T0–T6 坐标,自动通过,metadata_pending,
玫瑰水.md,WL-WORK-0475,玫瑰水,,塔德·汤普森,Tade Thompson,,,,,MISSING_T_REVIEW_NO_YEAR,,,缺 T 且缺少可机器读取 year，需要书目/成书史核验,自动通过,,
玫瑰的名字.md,WL-WORK-0132,玫瑰的名字,,翁贝托·埃科,,,,,,MISSING_T_REVIEW_NO_YEAR,,,缺 T 且缺少可机器读取 year，需要书目/成书史核验,自动通过,,
环形世界.md,WL-WORK-0369,环形世界,,拉里·尼文,Larry Niven,,T5 二战后多极文学,T5,,HAS_T,,,已有有效 T0–T6 坐标,自动通过,,
环游地球八十天.md,WL-WORK-0775,环游地球八十天,,儒勒·凡尔纳,Verne核心线路,,T3 19世纪现代文学体系,T3,,HAS_T,,,已有有效 T0–T6 坐标,自动通过,metadata_pending,
现实一种.md,WL-WORK-2789,现实一种,,余华,,1988,T6 当代全球文学,T6,,HAS_T,,,已有有效 T0–T6 坐标,个人补录,metadata_pending,
玻璃杯中的黑暗.md,WL-WORK-0776,玻璃杯中的黑暗,,谢里登·勒法努,Sheridan Le Fanu,,T3 19世纪现代文学体系,T3,,HAS_T,,,已有有效 T0–T6 坐标,自动通过,metadata_pending,
玻璃钥匙.md,WL-WORK-0072,玻璃钥匙,,达希尔·哈米特,Dashiell Hammett,,T4 全球现代主义时代,T4,,HAS_T,,,已有有效 T0–T6 坐标,自动通过,,
珀涅罗珀记.md,WL-WORK-0777,珀涅罗珀记,,玛格丽特·阿特伍德,Margaret Atwood,,T6 当代全球文学,T6,,HAS_T,,,已有有效 T0–T6 坐标,自动通过,metadata_pending,
珀迪多街车站.md,WL-WORK-0425,珀迪多街车站,,查纳·米耶维,China Miéville,,T6 当代全球文学,T6,,HAS_T,,,已有有效 T0–T6 坐标,自动通过,,
珊瑚岛上的死光.md,WL-WORK-0453,珊瑚岛上的死光,,童恩正,,,,,,MISSING_T_REVIEW_NO_YEAR,,,缺 T 且缺少可机器读取 year，需要书目/成书史核验,自动通过,,
班森杀人事件.md,WL-WORK-0064,班森杀人事件,,S.S.范达因,S.S. Van Dine,,T4 全球现代主义时代,T4,,HAS_T,,,已有有效 T0–T6 坐标,自动通过,,
球状闪电.md,WL-WORK-0460,球状闪电,,刘慈欣,,,T6 当代全球文学,T6,,HAS_T,,,已有有效 T0–T6 坐标,自动通过,,
理想国.md,WL-WORK-1213,理想国,,柏拉图,,,T0 文学源头与古代文学,T0,,HAS_T,,,已有有效 T0–T6 坐标,自动通过,metadata_pending,
理智与情感.md,WL-WORK-1214,理智与情感,,简·奥斯汀,Jane Austen,,T3 19世纪现代文学体系,T3,,HAS_T,,,已有有效 T0–T6 坐标,自动通过,metadata_pending,
理由.md,WL-WORK-0169,理由,,宫部美雪,,,T6 当代全球文学,T6,,HAS_T,,,已有有效 T0–T6 坐标,自动通过,,
琥珀望远镜.md,WL-WORK-0778,琥珀望远镜,,菲利普·普尔曼,Philip Pullman,,T6 当代全球文学,T6,,HAS_T,,,已有有效 T0–T6 坐标,自动通过,metadata_pending,
琴声如诉.md,WL-WORK-1798,琴声如诉,,玛格丽特·杜拉斯,Marguerite Duras,,T5 二战后多极文学,T5,,HAS_T,,,已有有效 T0–T6 坐标,自动通过,metadata_pending,
琼·斯塔福德短篇小说集.md,WL-WORK-2995,琼·斯塔福德短篇小说集,Collected Stories,琼·斯塔福德,Jean Stafford,,T5 二战后多极文学,T5,,HAS_T,,title_aggregate_or_tradition,已有有效 T0–T6 坐标,需复核,metadata_pending,
瑞士家庭鲁滨逊.md,WL-WORK-0779,瑞士家庭鲁滨逊,Swiss Family Robinson,约翰·戴维·维斯,Johann David Wyss,,,,,MISSING_T_REVIEW_NO_YEAR,,,缺 T 且缺少可机器读取 year，需要书目/成书史核验,自动通过,metadata_pending,
瓜拉尼人.md,WL-WORK-1799,瓜拉尼人,,若泽·德·阿伦卡尔,,,,,,MISSING_T_REVIEW_NO_YEAR,,,缺 T 且缺少可机器读取 year，需要书目/成书史核验,自动通过,metadata_pending,
瓦夫苏鲁特尼尔之歌.md,WL-WORK-1487,瓦夫苏鲁特尼尔之歌,,佚名,,,T1 中古多中心文学世界,T1,,HAS_T,,anonymous_or_oral,已有有效 T0–T6 坐标,自动通过,metadata_pending,
瓦尔塔里之歌.md,WL-WORK-2573,瓦尔塔里之歌,Waltharius,佚名,,,,,,MISSING_T_REVIEW_NO_YEAR,,anonymous_or_oral,缺 T 且缺少可机器读取 year，需要书目/成书史核验,自动通过,metadata_pending,
瓦泰克.md,WL-WORK-0780,瓦泰克,,威廉·贝克福德,William Beckford,,,,,MISSING_T_REVIEW_NO_YEAR,,,缺 T 且缺少可机器读取 year，需要书目/成书史核验,自动通过,metadata_pending,
瓦罗奇里手稿.md,WL-WORK-1488,瓦罗奇里手稿,,安第斯,,,,,,MISSING_T_REVIEW_NO_YEAR,,,缺 T 且缺少可机器读取 year，需要书目/成书史核验,自动通过,metadata_pending,
瓦西蓬戈.md,WL-WORK-1800,瓦西蓬戈,,豪尔赫·伊卡萨,,,,,,MISSING_T_REVIEW_NO_YEAR,,,缺 T 且缺少可机器读取 year，需要书目/成书史核验,自动通过,metadata_pending,
瓦西里·焦尔金.md,WL-WORK-2100,瓦西里·焦尔金,,亚历山大·特瓦尔多夫斯基,Alexander Tvardovsky,,,,,MISSING_T_REVIEW_NO_YEAR,,,缺 T 且缺少可机器读取 year，需要书目/成书史核验,自动通过,metadata_pending,
瓦解.md,WL-WORK-1215,瓦解,,钦努阿·阿契贝,Achebe,,T5 二战后多极文学,T5,,HAS_T,,,已有有效 T0–T6 坐标,自动通过,metadata_pending,CANON-188
甘十九妹.md,WL-WORK-2574,甘十九妹,,萧逸,,,T5 二战后多极文学,T5,,HAS_T,,,已有有效 T0–T6 坐标,自动通过,metadata_pending,
甘蔗.md,WL-WORK-1801,甘蔗,,琼·图默,Jean Toomer,,,,,MISSING_T_REVIEW_NO_YEAR,,,缺 T 且缺少可机器读取 year，需要书目/成书史核验,自动通过,metadata_pending,
甘露街.md,WL-WORK-1216,甘露街,,纳吉布·马哈福兹,Naguib Mahfouz,,T5 二战后多极文学,T5,,HAS_T,,,已有有效 T0–T6 坐标,自动通过,metadata_pending,
生人勿进.md,WL-WORK-0781,生人勿进,,约翰·阿维德·林德奎斯特,John Ajvide Lindqvist,,,,,MISSING_T_REVIEW_NO_YEAR,,,缺 T 且缺少可机器读取 year，需要书目/成书史核验,自动通过,metadata_pending,
生命不息.md,WL-WORK-1217,生命不息,,凯特·阿特金森,Kate Atkinson,,,,,MISSING_T_REVIEW_NO_YEAR,,,缺 T 且缺少可机器读取 year，需要书目/成书史核验,自动通过,metadata_pending,
生命与希望之歌.md,WL-WORK-1802,生命与希望之歌,,鲁文·达里奥,,,,,,MISSING_T_REVIEW_NO_YEAR,,,缺 T 且缺少可机器读取 year，需要书目/成书史核验,自动通过,metadata_pending,
生命之歌.md,WL-WORK-0455,生命之歌,,王晋康,,,,,,MISSING_T_REVIEW_NO_YEAR,,,缺 T 且缺少可机器读取 year，需要书目/成书史核验,自动通过,,
生命册.md,WL-WORK-2884,生命册,,李佩甫,,,T6 当代全球文学,T6,,HAS_T,,,已有有效 T0–T6 坐标,需复核,metadata_pending,
生态乌托邦.md,WL-WORK-0487,生态乌托邦,Ecotopia,欧内斯特·卡伦巴赫,Ernest Callenbach,,T5 二战后多极文学,T5,,HAS_T,,,已有有效 T0–T6 坐标,自动通过,,
生死场.md,WL-WORK-2101,生死场,,萧红,,,,,,MISSING_T_REVIEW_NO_YEAR,,,缺 T 且缺少可机器读取 year，需要书目/成书史核验,自动通过,metadata_pending,
生死疲劳.md,WL-WORK-1218,生死疲劳,,莫言,,,T6 当代全球文学,T6,,HAS_T,,,已有有效 T0–T6 坐标,自动通过,metadata_pending,
生活与命运.md,WL-WORK-1219,生活与命运,,瓦西里·格罗斯曼,Vasily Grossman,,T6 当代全球文学,T6,,HAS_T,,,已有有效 T0–T6 坐标,自动通过,metadata_pending,
生活在别处.md,WL-WORK-1803,生活在别处,,米兰·昆德拉,Milan Kundera,,T5 二战后多极文学,T5,,HAS_T,,,已有有效 T0–T6 坐标,自动通过,metadata_pending,
生活是我的姐妹.md,WL-WORK-1804,生活是我的姐妹,,帕斯捷尔纳克,,,T4 全球现代主义时代,T4,,HAS_T,,,已有有效 T0–T6 坐标,自动通过,metadata_pending,
生者与死者.md,WL-WORK-2102,生者与死者,,康斯坦丁·西蒙诺夫,Konstantin Simonov,,,,,MISSING_T_REVIEW_NO_YEAR,,,缺 T 且缺少可机器读取 year，需要书目/成书史核验,自动通过,metadata_pending,
田纳西的伙伴.md,WL-WORK-2575,田纳西的伙伴,Tennessee's Partner,布雷特·哈特,Bret Harte,,,,,MISSING_T_REVIEW_NO_YEAR,,,缺 T 且缺少可机器读取 year，需要书目/成书史核验,自动通过,metadata_pending,
甲虫.md,WL-WORK-0782,甲虫,,理查德·马什,Richard Marsh,,,,,MISSING_T_REVIEW_NO_YEAR,,,缺 T 且缺少可机器读取 year，需要书目/成书史核验,自动通过,metadata_pending,
甲贺忍法帖.md,WL-WORK-2576,甲贺忍法帖,,山田风太郎,,,T5 二战后多极文学,T5,,HAS_T,,,已有有效 T0–T6 坐标,自动通过,metadata_pending,
申诉.md,WL-WORK-0145,申诉,The Appeal,珍妮丝·哈利特,Janice Hallett,,T6 当代全球文学,T6,,HAS_T,,,已有有效 T0–T6 坐标,自动通过,,
男孩、雪、鸟.md,WL-WORK-0783,男孩、雪、鸟,,海伦·奥耶耶米,Helen Oyeyemi,,,,,MISSING_T_REVIEW_NO_YEAR,,,缺 T 且缺少可机器读取 year，需要书目/成书史核验,自动通过,metadata_pending,
画眉鸟.md,WL-WORK-2577,画眉鸟,,古龙,,,T5 二战后多极文学,T5,,HAS_T,,,已有有效 T0–T6 坐标,自动通过,metadata_pending,
留下.md,WL-WORK-3044,留下,Staying On,保罗·斯科特,Paul Scott,,T5 二战后多极文学,T5,,HAS_T,,,已有有效 T0–T6 坐标,需复核,metadata_pending,
留下来陪我.md,WL-WORK-2103,留下来陪我,,阿约芭米·阿德巴约,Ayọ̀bámi Adébáyọ̀,,,,,MISSING_T_REVIEW_NO_YEAR,,,缺 T 且缺少可机器读取 year，需要书目/成书史核验,自动通过,metadata_pending,
疯狂山脉.md,WL-WORK-0293,疯狂山脉,,洛夫克拉夫特,,,T4 全球现代主义时代,T4,,HAS_T,,,已有有效 T0–T6 坐标,自动通过,,
疯狂欲望.md,WL-WORK-1805,疯狂欲望,,佩德罗·莱梅贝尔,Pedro Lemebel,,,,,MISSING_T_REVIEW_NO_YEAR,,,缺 T 且缺少可机器读取 year，需要书目/成书史核验,自动通过,metadata_pending,
疯狂的奥兰多.md,WL-WORK-2578,疯狂的奥兰多,Orlando Furioso,卢多维科·阿里奥斯托,Ludovico Ariosto,,,,,MISSING_T_REVIEW_NO_YEAR,,,缺 T 且缺少可机器读取 year，需要书目/成书史核验,自动通过,metadata_pending,
疯癫亚当.md,WL-WORK-1220,疯癫亚当,,玛格丽特·阿特伍德,Margaret Atwood,,T6 当代全球文学,T6,,HAS_T,,,已有有效 T0–T6 坐标,自动通过,metadata_pending,
疲倦的布鲁斯.md,WL-WORK-1806,疲倦的布鲁斯,,兰斯顿·休斯,Langston Hughes,,,,,MISSING_T_REVIEW_NO_YEAR,,,缺 T 且缺少可机器读取 year，需要书目/成书史核验,自动通过,metadata_pending,
疾病解读人.md,WL-WORK-3016,疾病解读人,Interpreter of Maladies,裘帕·拉希莉,Jhumpa Lahiri,,T6 当代全球文学,T6,,HAS_T,,,已有有效 T0–T6 坐标,需复核,metadata_pending,
病隙碎笔.md,WL-WORK-2674,病隙碎笔,,史铁生,,,T6 当代全球文学,T6,,HAS_T,,,已有有效 T0–T6 坐标,个人补录,metadata_pending,
痛苦.md,WL-WORK-2104,痛苦,,玛格丽特·杜拉斯,Marguerite Duras,,T6 当代全球文学,T6,,HAS_T,,,已有有效 T0–T6 坐标,自动通过,metadata_pending,
痛苦与狂喜.md,WL-WORK-1221,痛苦与狂喜,,欧文·斯通,Irving Stone,,,,,MISSING_T_REVIEW_NO_YEAR,,,缺 T 且缺少可机器读取 year，需要书目/成书史核验,自动通过,metadata_pending,
痴人之爱.md,WL-WORK-1807,痴人之爱,,谷崎润一郎,,,T4 全球现代主义时代,T4,,HAS_T,,,已有有效 T0–T6 坐标,自动通过,metadata_pending,
痴儿西木传.md,WL-WORK-2105,痴儿西木传,,格里美尔斯豪森,Grimmelshausen,,,,,MISSING_T_REVIEW_NO_YEAR,,,缺 T 且缺少可机器读取 year，需要书目/成书史核验,自动通过,metadata_pending,
瘦子.md,WL-WORK-0073,瘦子,,达希尔·哈米特,Dashiell Hammett,,T4 全球现代主义时代,T4,,HAS_T,,,已有有效 T0–T6 坐标,自动通过,,
瘦子麦麦德.md,WL-WORK-3191,瘦子麦麦德,İnce Memed,亚沙尔·凯马尔,Yaşar Kemal,,T5 二战后多极文学,T5,,HAS_T,,,已有有效 T0–T6 坐标,需复核,metadata_pending,CANON-250
癌症楼.md,WL-WORK-1808,癌症楼,,索尔仁尼琴,Aleksandr Solzhenitsyn,,T5 二战后多极文学,T5,,HAS_T,,,已有有效 T0–T6 坐标,自动通过,metadata_pending,
癞皮鹦鹉.md,WL-WORK-1809,癞皮鹦鹉,,费尔南德斯·德·利萨尔迪,,,,,,MISSING_T_REVIEW_NO_YEAR,,,缺 T 且缺少可机器读取 year，需要书目/成书史核验,自动通过,metadata_pending,
白卫军.md,WL-WORK-1222,白卫军,,布尔加科夫,Bulgakov,,T4 全球现代主义时代,T4,,HAS_T,,,已有有效 T0–T6 坐标,自动通过,metadata_pending,
白发魔女传.md,WL-WORK-2579,白发魔女传,,梁羽生,,,T5 二战后多极文学,T5,,HAS_T,,,已有有效 T0–T6 坐标,自动通过,metadata_pending,
白夜行.md,WL-WORK-0212,白夜行,,东野圭吾,,,T6 当代全球文学,T6,,HAS_T,,,已有有效 T0–T6 坐标,自动通过,,
白昼之光.md,WL-WORK-3092,白昼之光,The Light of Day,埃里克·安布勒,Eric Ambler,,T5 二战后多极文学,T5,,HAS_T,,,已有有效 T0–T6 坐标,需复核,metadata_pending,
白牙.md,WL-WORK-0784,白牙,,杰克·伦敦,Jack London,,T4 全球现代主义时代,T4,,HAS_T,,,已有有效 T0–T6 坐标,自动通过,metadata_pending,
白狼.md,WL-WORK-2580,白狼,Le Loup blanc,保罗·费瓦尔,Paul Féval,,T3 19世纪现代文学体系,T3,,HAS_T,,,已有有效 T0–T6 坐标,自动通过,metadata_pending,
白痴.md,WL-WORK-2840,白痴,The Idiot,陀思妥耶夫斯基,Fyodor Dostoevsky,,T3 19世纪现代文学体系,T3,,HAS_T,,,已有有效 T0–T6 坐标,需复核,metadata_pending,CANON-119
白色人.md,WL-WORK-0785,白色人,,阿瑟·马克恩,Arthur Machen,,T4 全球现代主义时代,T4,,HAS_T,,,已有有效 T0–T6 坐标,自动通过,metadata_pending,
白虎.md,WL-WORK-3067,白虎,The White Tiger,阿拉文德·阿迪加,Aravind Adiga,,T6 当代全球文学,T6,,HAS_T,,,已有有效 T0–T6 坐标,需复核,metadata_pending,
白衣女人.md,WL-WORK-0002,白衣女人,,威尔基·柯林斯,,,T3 19世纪现代文学体系,T3,,HAS_T,,,已有有效 T0–T6 坐标,自动通过,,
白门柳.md,WL-WORK-1223,白门柳,,刘斯奋,,1997,T6 当代全球文学,T6,,HAS_T,,,已有有效 T0–T6 坐标,自动通过,metadata_pending,
白马啸西风.md,WL-WORK-2581,白马啸西风,,金庸,,,T5 二战后多极文学,T5,,HAS_T,,,已有有效 T0–T6 坐标,自动通过,metadata_pending,
白鲸.md,WL-WORK-T3-MOBY-DICK,白鲸,Moby-Dick,赫尔曼·梅尔维尔,Herman Melville,1851,T3 19世纪现代文学体系,T3,,HAS_T,,,已有有效 T0–T6 坐标,人工核验,verified,CANON-129
白鹿原.md,WL-WORK-1224,白鹿原,,陈忠实,,1993,T6 当代全球文学,T6,,HAS_T,,,已有有效 T0–T6 坐标,自动通过,metadata_pending,CANON-048
百亿昼与千亿夜.md,WL-WORK-0445,百亿昼与千亿夜,,光濑龙,,,,,,MISSING_T_REVIEW_NO_YEAR,,,缺 T 且缺少可机器读取 year，需要书目/成书史核验,自动通过,,
百年孤独.md,WL-WORK-1225,百年孤独,,加西亚·马尔克斯,,,T5 二战后多极文学,T5,,HAS_T,,,已有有效 T0–T6 坐标,自动通过,metadata_pending,CANON-178
皇家刺客.md,WL-WORK-0786,皇家刺客,,罗宾·霍布,Robin Hobb,,T6 当代全球文学,T6,,HAS_T,,,已有有效 T0–T6 坐标,自动通过,metadata_pending,
皮囊.md,WL-WORK-2710,皮囊,,蔡崇达,,,T6 当代全球文学,T6,,HAS_T,,,已有有效 T0–T6 坐标,个人补录,metadata_pending,
盆栽.md,WL-WORK-1810,盆栽,,亚历杭德罗·桑布拉,,,,,,MISSING_T_REVIEW_NO_YEAR,,,缺 T 且缺少可机器读取 year，需要书目/成书史核验,自动通过,metadata_pending,
盐城.md,WL-WORK-3189,盐城,Mudun al-Milh,阿卜杜勒拉赫曼·穆尼夫,Abdelrahman Munif,,T6 当代全球文学,T6,,HAS_T,,,已有有效 T0–T6 坐标,需复核,metadata_pending,CANON-248
盐的代价.md,WL-WORK-2106,盐的代价,The Price of Salt,帕特里夏·海史密斯,Patricia Highsmith,,T5 二战后多极文学,T5,,HAS_T,,,已有有效 T0–T6 坐标,自动通过,metadata_pending,
盗墓笔记.md,WL-WORK-2741,盗墓笔记,,南派三叔,,,T6 当代全球文学,T6,,HAS_T,,,已有有效 T0–T6 坐标,个人补录,metadata_pending,
盘龙.md,WL-WORK-0787,盘龙,,我吃西红柿,,,T6 当代全球文学,T6,,HAS_T,,,已有有效 T0–T6 坐标,自动通过,metadata_pending,
盛世.md,WL-WORK-1226,盛世,,陈冠中,,,T6 当代全球文学,T6,,HAS_T,,,已有有效 T0–T6 坐标,自动通过,metadata_pending,
盛世：中国2013年.md,WL-WORK-1227,盛世：中国2013年,,陈冠中,,,T6 当代全球文学,T6,,HAS_T,,,已有有效 T0–T6 坐标,自动通过,metadata_pending,
目送.md,WL-WORK-2704,目送,,龙应台,,,T6 当代全球文学,T6,,HAS_T,,,已有有效 T0–T6 坐标,个人补录,metadata_pending,
盲人行路指南.md,WL-WORK-1811,盲人行路指南,,阿隆索·卡里奥·德拉万德拉,Alonso Carrió de la Vandera,,,,,MISSING_T_REVIEW_NO_YEAR,,,缺 T 且缺少可机器读取 year，需要书目/成书史核验,自动通过,metadata_pending,
盲刺客.md,WL-WORK-3061,盲刺客,The Blind Assassin,玛格丽特·阿特伍德,Margaret Atwood,,T6 当代全球文学,T6,,HAS_T,,,已有有效 T0–T6 坐标,需复核,metadata_pending,
盲剑.md,WL-WORK-2582,盲剑,,藤泽周平,,,T5 二战后多极文学,T5,,HAS_T,,,已有有效 T0–T6 坐标,自动通过,metadata_pending,
盲枭.md,WL-WORK-1812,盲枭,The Blind Owl,萨迪克·赫达亚特,Sadegh Hedayat,,T4 全球现代主义时代,T4,,HAS_T,,,已有有效 T0–T6 坐标,手工核验,metadata_pending,
盲视.md,WL-WORK-0381,盲视,,彼得·沃茨,Peter Watts,,T6 当代全球文学,T6,,HAS_T,,,已有有效 T0–T6 坐标,自动通过,,
直到死亡将我们分开.md,WL-WORK-0037,直到死亡将我们分开,,约翰·狄克森·卡尔,,,T4 全球现代主义时代,T4,,HAS_T,,,已有有效 T0–T6 坐标,自动通过,,
相似者.md,WL-WORK-0114,相似者,The Likeness,塔娜·弗兰奇,Tana French,,T6 当代全球文学,T6,,HAS_T,,,已有有效 T0–T6 坐标,自动通过,,
看不见的人.md,WL-WORK-1228,看不见的人,Invisible Man,拉尔夫·埃里森,Ralph Ellison,1952,T5 二战后多极文学,T5,,HAS_T,,,已有有效 T0–T6 坐标,手工核验,curated,CANON-174
看不见的城市.md,WL-WORK-1813,看不见的城市,,伊塔洛·卡尔维诺,Italo Calvino,,T5 二战后多极文学,T5,,HAS_T,,,已有有效 T0–T6 坐标,自动通过,metadata_pending,
看不见的阿里夫.md,WL-WORK-0788,看不见的阿里夫,,G.威洛·威尔逊,G. Willow Wilson,,,,,MISSING_T_REVIEW_NO_YEAR,,,缺 T 且缺少可机器读取 year，需要书目/成书史核验,自动通过,metadata_pending,
真主并非必须.md,WL-WORK-1229,真主并非必须,,艾哈迈杜·库鲁马,Kourouma,,T6 当代全球文学,T6,,HAS_T,,,已有有效 T0–T6 坐标,自动通过,metadata_pending,
真名实姓.md,WL-WORK-0387,真名实姓,,弗诺·文奇,Vernor Vinge,,T6 当代全球文学,T6,,HAS_T,,,已有有效 T0–T6 坐标,自动通过,,
真田太平记.md,WL-WORK-2583,真田太平记,真田太平記,池波正太郎,,1982,T6 当代全球文学,T6,,HAS_T,,,已有有效 T0–T6 坐标,自动通过,metadata_pending,
真空地带.md,WL-WORK-2107,真空地带,,野间宏,,,T5 二战后多极文学,T5,,HAS_T,,,已有有效 T0–T6 坐标,自动通过,metadata_pending,
眩晕.md,WL-WORK-0231,眩晕,D'entre les morts,布瓦洛-纳尔瑟雅克,Boileau-Narcejac,,,,,MISSING_T_REVIEW_NO_YEAR,,,缺 T 且缺少可机器读取 year，需要书目/成书史核验,自动通过,,
眼前的野兽.md,WL-WORK-3084,眼前的野兽,Beast in View,玛格丽特·米勒,Margaret Millar,,T5 二战后多极文学,T5,,HAS_T,,,已有有效 T0–T6 坐标,需复核,metadata_pending,
短暂的一生.md,WL-WORK-1814,短暂的一生,,奥内蒂,,,,,,MISSING_T_REVIEW_NO_YEAR,,,缺 T 且缺少可机器读取 year，需要书目/成书史核验,自动通过,metadata_pending,
石天空.md,WL-WORK-2923,石天空,The Stone Sky,N.K.杰米辛,N. K. Jemisin,,T6 当代全球文学,T6,,HAS_T,,,已有有效 T0–T6 坐标,需复核,metadata_pending,
石头日记.md,WL-WORK-3011,石头日记,The Stone Diaries,卡罗尔·希尔兹,Carol Shields,,T6 当代全球文学,T6,,HAS_T,,,已有有效 T0–T6 坐标,需复核,metadata_pending,
石头的审判.md,WL-WORK-0126,石头的审判,,露丝·伦德尔,Ruth Rendell,,T5 二战后多极文学,T5,,HAS_T,,,已有有效 T0–T6 坐标,自动通过,,
石钟山记.md,WL-WORK-1489,石钟山记,,苏轼,,,T1 中古多中心文学世界,T1,,HAS_T,,,已有有效 T0–T6 坐标,自动通过,metadata_pending,
砂器.md,WL-WORK-0163,砂器,,松本清张,,,T5 二战后多极文学,T5,,HAS_T,,,已有有效 T0–T6 坐标,自动通过,,
砂女.md,WL-WORK-1815,砂女,The Woman in the Dunes,安部公房,Abe Kōbō,1962,T5 二战后多极文学,T5,,HAS_T,,,已有有效 T0–T6 坐标,手工核验,curated,CANON-057
破狱.md,WL-WORK-1230,破狱,,吉村昭,,,T6 当代全球文学,T6,,HAS_T,,,已有有效 T0–T6 坐标,自动通过,metadata_pending,
碧血剑.md,WL-WORK-2584,碧血剑,,金庸,,,T5 二战后多极文学,T5,,HAS_T,,,已有有效 T0–T6 坐标,自动通过,metadata_pending,
礼拜五.md,WL-WORK-0789,礼拜五,,米歇尔·图尼埃,Tournier,,,,,MISSING_T_REVIEW_NO_YEAR,,,缺 T 且缺少可机器读取 year，需要书目/成书史核验,自动通过,metadata_pending,
礼拜五，或太平洋上的灵薄狱.md,WL-WORK-0790,礼拜五，或太平洋上的灵薄狱,,米歇尔·图尼埃,Michel Tournier,,,,,MISSING_T_REVIEW_NO_YEAR,,,缺 T 且缺少可机器读取 year，需要书目/成书史核验,自动通过,metadata_pending,
社交俱乐部命案.md,WL-WORK-0107,社交俱乐部命案,A Clubbable Woman,雷金纳德·希尔,Reginald Hill,,,,,MISSING_T_REVIEW_NO_YEAR,,,缺 T 且缺少可机器读取 year，需要书目/成书史核验,自动通过,,
社会毒瘤.md,WL-WORK-3171,社会毒瘤,Noli Me Tangere,何塞·黎刹,José Rizal,1887,T3 19世纪现代文学体系,T3,,HAS_T,,,已有有效 T0–T6 坐标,人工核验,verified,CANON-222
祖国.md,WL-WORK-0436,祖国,,罗伯特·哈里斯,Robert Harris,,T6 当代全球文学,T6,,HAS_T,,,已有有效 T0–T6 坐标,自动通过,,
神人克劳狄乌斯.md,WL-WORK-1231,神人克劳狄乌斯,,罗伯特·格雷夫斯,Robert Graves,,T4 全球现代主义时代,T4,,HAS_T,,,已有有效 T0–T6 坐标,自动通过,metadata_pending,
神们自己.md,WL-WORK-0300,神们自己,,艾萨克·阿西莫夫,,,T5 二战后多极文学,T5,,HAS_T,,,已有有效 T0–T6 坐标,自动通过,,
神圣的饥饿.md,WL-WORK-3055,神圣的饥饿,Sacred Hunger,巴里·昂斯沃思,Barry Unsworth,,T6 当代全球文学,T6,,HAS_T,,,已有有效 T0–T6 坐标,需复核,metadata_pending,
神曲.md,WL-WORK-2811,神曲,The Divine Comedy,但丁,Dante Alighieri,,T1 中古多中心文学世界,T1,,HAS_T,,,已有有效 T0–T6 坐标,需复核,metadata_pending,CANON-023
神的木片.md,WL-WORK-1816,神的木片,,乌斯曼·塞姆班,Ousmane Sembène,,T5 二战后多极文学,T5,,HAS_T,,,已有有效 T0–T6 坐标,自动通过,metadata_pending,
神秘岛.md,WL-WORK-0270,神秘岛,,儒勒·凡尔纳,,,T3 19世纪现代文学体系,T3,,HAS_T,,,已有有效 T0–T6 坐标,自动通过,,
神秘河.md,WL-WORK-0098,神秘河,,丹尼斯·勒翰,Dennis Lehane,,T6 当代全球文学,T6,,HAS_T,,,已有有效 T0–T6 坐标,自动通过,,
神箭.md,WL-WORK-1817,神箭,,钦努阿·阿契贝,Chinua Achebe,,T5 二战后多极文学,T5,,HAS_T,,,已有有效 T0–T6 坐标,自动通过,metadata_pending,
神经漫游者.md,WL-WORK-0388,神经漫游者,,威廉·吉布森,William Gibson,,T6 当代全球文学,T6,,HAS_T,,,已有有效 T0–T6 坐标,自动通过,,
神谱.md,WL-WORK-1490,神谱,Theogony,赫西俄德,,,T0 文学源头与古代文学,T0,,HAS_T,,,已有有效 T0–T6 坐标,手工核验,metadata_pending,
神雕侠侣.md,WL-WORK-2585,神雕侠侣,,金庸,,,T5 二战后多极文学,T5,,HAS_T,,,已有有效 T0–T6 坐标,自动通过,metadata_pending,
禁卫军之树.md,WL-WORK-3133,禁卫军之树,The Janissary Tree,杰森·古德温,Jason Goodwin,,T6 当代全球文学,T6,,HAS_T,,,已有有效 T0–T6 坐标,需复核,metadata_pending,
禁闭.md,WL-WORK-1818,禁闭,,萨特,Sartre,,T4 全球现代主义时代,T4,,HAS_T,,,已有有效 T0–T6 坐标,自动通过,metadata_pending,
禁闭岛.md,WL-WORK-0099,禁闭岛,,丹尼斯·勒翰,Dennis Lehane,,T6 当代全球文学,T6,,HAS_T,,,已有有效 T0–T6 坐标,自动通过,,
福.md,WL-WORK-0791,福,,J.M.库切,Coetzee,,T6 当代全球文学,T6,,HAS_T,,,已有有效 T0–T6 坐标,自动通过,metadata_pending,
福尔摩斯探案集.md,WL-WORK-2665,福尔摩斯探案集,,柯南·道尔,,1927,T4 全球现代主义时代,T4,,HAS_T,,,已有有效 T0–T6 坐标,个人补录,,
福尔摩斯探案集·冒险史.md,WL-WORK-0011,福尔摩斯探案集·冒险史,,柯南·道尔,,,T4 全球现代主义时代,T4,,HAS_T,,,已有有效 T0–T6 坐标,自动通过,,
福尔摩斯探案集·回忆录.md,WL-WORK-0012,福尔摩斯探案集·回忆录,,柯南·道尔,,,T4 全球现代主义时代,T4,,HAS_T,,,已有有效 T0–T6 坐标,自动通过,,
福尔赛世家.md,WL-WORK-1232,福尔赛世家,,第二座超级高峰,,,,,,MISSING_T_REVIEW_NO_YEAR,,,缺 T 且缺少可机器读取 year，需要书目/成书史核验,自动通过,metadata_pending,
福楼拜的鹦鹉.md,WL-WORK-1233,福楼拜的鹦鹉,,朱利安·巴尔斯,Julian Barnes,,,,,MISSING_T_REVIEW_NO_YEAR,,,缺 T 且缺少可机器读取 year，需要书目/成书史核验,自动通过,metadata_pending,
禧年.md,WL-WORK-1234,禧年,,沃德·穆尔,Ward Moore,,,,,MISSING_T_REVIEW_NO_YEAR,,,缺 T 且缺少可机器读取 year，需要书目/成书史核验,自动通过,metadata_pending,
离婚.md,WL-WORK-2697,离婚,,老舍,,,T4 全球现代主义时代,T4,,HAS_T,,,已有有效 T0–T6 坐标,个人补录,metadata_pending,
秀拉.md,WL-WORK-1819,秀拉,,托妮·莫里森,Toni Morrison,,T5 二战后多极文学,T5,,HAS_T,,,已有有效 T0–T6 坐标,自动通过,metadata_pending,
私酒贩的女儿.md,WL-WORK-3119,私酒贩的女儿,Bootlegger's Daughter,玛格丽特·马伦,Margaret Maron,,T6 当代全球文学,T6,,HAS_T,,,已有有效 T0–T6 坐标,需复核,metadata_pending,
秃头歌女.md,WL-WORK-1820,秃头歌女,,尤内斯库,Eugène Ionesco,,T5 二战后多极文学,T5,,HAS_T,,,已有有效 T0–T6 坐标,自动通过,metadata_pending,
秋.md,WL-WORK-1235,秋,,巴金,,,T4 全球现代主义时代,T4,,HAS_T,,,已有有效 T0–T6 坐标,自动通过,metadata_pending,
科莱利上尉的曼陀林.md,WL-WORK-1236,科莱利上尉的曼陀林,,路易斯·德·伯尼埃尔,Louis de Bernières,,,,,MISSING_T_REVIEW_NO_YEAR,,,缺 T 且缺少可机器读取 year，需要书目/成书史核验,自动通过,metadata_pending,
科西嘉兄弟.md,WL-WORK-2586,科西嘉兄弟,The Corsican Brothers,大仲马,Alexandre Dumas,,T3 19世纪现代文学体系,T3,,HAS_T,,,已有有效 T0–T6 坐标,自动通过,metadata_pending,
科雷马故事.md,WL-WORK-1821,科雷马故事,,瓦尔拉姆·沙拉莫夫,Varlam Shalamov,,T5 二战后多极文学,T5,,HAS_T,,,已有有效 T0–T6 坐标,自动通过,metadata_pending,
秘密花园.md,WL-WORK-1237,秘密花园,,弗朗西斯·霍奇森·伯内特,Frances Hodgson Burnett,,,,,MISSING_T_REVIEW_NO_YEAR,,,缺 T 且缺少可机器读取 year，需要书目/成书史核验,自动通过,metadata_pending,
秘鲁传说.md,WL-WORK-1822,秘鲁传说,,里卡多·帕尔马,,,,,,MISSING_T_REVIEW_NO_YEAR,,title_aggregate_or_tradition,缺 T 且缺少可机器读取 year，需要书目/成书史核验,自动通过,metadata_pending,
秦腔.md,WL-WORK-2875,秦腔,,贾平凹,,,T6 当代全球文学,T6,,HAS_T,,,已有有效 T0–T6 坐标,需复核,metadata_pending,
移动火星.md,WL-WORK-2941,移动火星,Moving Mars,格雷格·贝尔,Greg Bear,,T6 当代全球文学,T6,,HAS_T,,,已有有效 T0–T6 坐标,需复核,metadata_pending,
移动玩具店.md,WL-WORK-0062,移动玩具店,The Moving Toyshop,埃德蒙·克里斯平,Edmund Crispin,,,,,MISSING_T_REVIEW_NO_YEAR,,,缺 T 且缺少可机器读取 year，需要书目/成书史核验,自动通过,,
移动迷宫.md,WL-WORK-1238,移动迷宫,,詹姆斯·达什纳,James Dashner,,,,,MISSING_T_REVIEW_NO_YEAR,,,缺 T 且缺少可机器读取 year，需要书目/成书史核验,自动通过,metadata_pending,
移动靶.md,WL-WORK-0088,移动靶,,罗斯·麦克唐纳,Ross Macdonald,,T5 二战后多极文学,T5,,HAS_T,,,已有有效 T0–T6 坐标,自动通过,,
移居北方的时节.md,WL-WORK-2851,移居北方的时节,Season of Migration to the North,塔伊卜·萨利赫,Tayeb Salih,,T5 二战后多极文学,T5,,HAS_T,,,已有有效 T0–T6 坐标,需复核,metadata_pending,CANON-190
穆斯林的葬礼.md,WL-WORK-2705,穆斯林的葬礼,,霍达,,,T6 当代全球文学,T6,,HAS_T,,,已有有效 T0–T6 坐标,个人补录,metadata_pending,
空中飞马.md,WL-WORK-0198,空中飞马,,北村薰,,,,,,MISSING_T_REVIEW_NO_YEAR,,,缺 T 且缺少可机器读取 year，需要书目/成书史核验,自动通过,,
空杯.md,WL-WORK-1823,空杯,,德尔米拉·阿古斯蒂尼,,,,,,MISSING_T_REVIEW_NO_YEAR,,,缺 T 且缺少可机器读取 year，需要书目/成书史核验,自动通过,metadata_pending,
穿绿裤子的唐·希尔.md,WL-WORK-2587,穿绿裤子的唐·希尔,Don Gil de las calzas verdes,蒂尔索·德·莫利纳,Tirso de Molina,,,,,MISSING_T_REVIEW_NO_YEAR,,,缺 T 且缺少可机器读取 year，需要书目/成书史核验,自动通过,metadata_pending,
穿越.md,WL-WORK-2588,穿越,The Crossing,科马克·麦卡锡,Cormac McCarthy,,T6 当代全球文学,T6,,HAS_T,,,已有有效 T0–T6 坐标,自动通过,metadata_pending,
穿越时空的少女.md,WL-WORK-0443,穿越时空的少女,,筒井康隆,,,,,,MISSING_T_REVIEW_NO_YEAR,,,缺 T 且缺少可机器读取 year，需要书目/成书史核验,自动通过,,
窗外.md,WL-WORK-2108,窗外,,琼瑶,,,T5 二战后多极文学,T5,,HAS_T,,,已有有效 T0–T6 坐标,自动通过,metadata_pending,
窗边的小豆豆.md,WL-WORK-2680,窗边的小豆豆,,黑柳彻子,,,T6 当代全球文学,T6,,HAS_T,,,已有有效 T0–T6 坐标,个人补录,metadata_pending,
站在桑给巴尔.md,WL-WORK-1239,站在桑给巴尔,,约翰·布鲁纳,John Brunner,,T5 二战后多极文学,T5,,HAS_T,,,已有有效 T0–T6 坐标,自动通过,metadata_pending,
童年.md,WL-WORK-1240,童年,,高尔基,Maxim Gorky,,T4 全球现代主义时代,T4,,HAS_T,,,已有有效 T0–T6 坐标,自动通过,metadata_pending,
童年·少年·青年.md,WL-WORK-1241,童年·少年·青年,,列夫·托尔斯泰,Tolstoy,,T3 19世纪现代文学体系,T3,,HAS_T,,,已有有效 T0–T6 坐标,自动通过,metadata_pending,
童年的终结.md,WL-WORK-0307,童年的终结,,阿瑟·克拉克,,,T5 二战后多极文学,T5,,HAS_T,,,已有有效 T0–T6 坐标,自动通过,,
竹林中.md,WL-WORK-2109,竹林中,,芥川龙之介,,,T4 全球现代主义时代,T4,,HAS_T,,,已有有效 T0–T6 坐标,自动通过,metadata_pending,
笑傲江湖.md,WL-WORK-2589,笑傲江湖,,金庸,,,T5 二战后多极文学,T5,,HAS_T,,,已有有效 T0–T6 坐标,自动通过,metadata_pending,
笑孩.md,WL-WORK-2968,笑孩,Laughing Boy,奥利弗·拉法奇,Oliver La Farge,,T4 全球现代主义时代,T4,,HAS_T,,,已有有效 T0–T6 坐标,需复核,metadata_pending,
笑忘录.md,WL-WORK-2110,笑忘录,,米兰·昆德拉,,,T5 二战后多极文学,T5,,HAS_T,,,已有有效 T0–T6 坐标,自动通过,metadata_pending,
笨伯联盟.md,WL-WORK-3001,笨伯联盟,A Confederacy of Dunces,约翰·肯尼迪·图尔,John Kennedy Toole,,T6 当代全球文学,T6,,HAS_T,,,已有有效 T0–T6 坐标,需复核,metadata_pending,
第一圈.md,WL-WORK-1824,第一圈,,索尔仁尼琴,Aleksandr Solzhenitsyn,,T5 二战后多极文学,T5,,HAS_T,,,已有有效 T0–T6 坐标,自动通过,metadata_pending,
第一女子侦探事务所.md,WL-WORK-0139,第一女子侦探事务所,,亚历山大·麦考尔·史密斯,Alexander McCall Smith,,,,,MISSING_T_REVIEW_NO_YEAR,,,缺 T 且缺少可机器读取 year，需要书目/成书史核验,自动通过,,
第一梦（索尔·胡安娜）.md,WL-WORK-T2-PRIMERO-SUENO,第一梦,Primero sueño,索尔·胡安娜·伊内斯·德拉克鲁斯,Sor Juana Inés de la Cruz,1692,T2 早期现代文学,T2,,HAS_T,,,已有有效 T0–T6 坐标,手工核验,curated,
第一炉香.md,WL-WORK-2111,第一炉香,,张爱玲,,,T4 全球现代主义时代,T4,,HAS_T,,,已有有效 T0–T6 坐标,自动通过,metadata_pending,
第七天.md,WL-WORK-2682,第七天,,余华,,2013,T6 当代全球文学,T6,,HAS_T,,,已有有效 T0–T6 坐标,个人补录,metadata_pending,
第二个太阳.md,WL-WORK-2864,第二个太阳,,刘白羽,,,T6 当代全球文学,T6,,HAS_T,,,已有有效 T0–T6 坐标,需复核,metadata_pending,
第二十二条军规.md,WL-WORK-0792,第二十二条军规,Catch-22,约瑟夫·海勒,Joseph Heller,1961,T5 二战后多极文学,T5,,HAS_T,,,已有有效 T0–T6 坐标,手工核验,curated,CANON-172
第二基地.md,WL-WORK-0297,第二基地,,艾萨克·阿西莫夫,,,T5 二战后多极文学,T5,,HAS_T,,,已有有效 T0–T6 坐标,自动通过,,
第五季.md,WL-WORK-0481,第五季,,N.K.杰米辛,N.K. Jemisin,,T6 当代全球文学,T6,,HAS_T,,,已有有效 T0–T6 坐标,自动通过,,
第十一站.md,WL-WORK-0434,第十一站,,艾米莉·圣约翰·曼德尔,Emily St. John Mandel,,T6 当代全球文学,T6,,HAS_T,,,已有有效 T0–T6 坐标,自动通过,,
第十二夜.md,WL-WORK-2112,第十二夜,,莎士比亚,Shakespeare,,T2 早期现代文学,T2,,HAS_T,,,已有有效 T0–T6 坐标,自动通过,metadata_pending,
第四翼.md,WL-WORK-0793,第四翼,,丽贝卡·亚罗斯,Rebecca Yarros,,,,,MISSING_T_REVIEW_NO_YEAR,,,缺 T 且缺少可机器读取 year，需要书目/成书史核验,自动通过,metadata_pending,
第四间冰期.md,WL-WORK-0441,第四间冰期,,安部公房,,,T5 二战后多极文学,T5,,HAS_T,,,已有有效 T0–T6 坐标,自动通过,,
笼里的女人.md,WL-WORK-0225,笼里的女人,,尤西·阿德勒-奥尔森,Jussi Adler-Olsen,,,,,MISSING_T_REVIEW_NO_YEAR,,,缺 T 且缺少可机器读取 year，需要书目/成书史核验,需复核,,
等待戈多.md,WL-WORK-1825,等待戈多,,萨缪尔·贝克特,Beckett,,T5 二战后多极文学,T5,,HAS_T,,,已有有效 T0–T6 坐标,自动通过,metadata_pending,CANON-158
等待的岁月.md,WL-WORK-1242,等待的岁月,,圆地文子,,,T2 早期现代文学,T2,,HAS_T,,,已有有效 T0–T6 坐标,自动通过,metadata_pending,
等待野蛮人.md,WL-WORK-3199,等待野蛮人,Waiting for the Barbarians,J.M.库切,J. M. Coetzee,,T6 当代全球文学,T6,,HAS_T,,,已有有效 T0–T6 坐标,需复核,metadata_pending,CANON-262
答索尔·菲洛泰亚.md,WL-WORK-1826,答索尔·菲洛泰亚,,索尔·胡安娜,,,,,,MISSING_T_REVIEW_NO_YEAR,,,缺 T 且缺少可机器读取 year，需要书目/成书史核验,自动通过,metadata_pending,
简·布罗迪小姐的青春.md,WL-WORK-1827,简·布罗迪小姐的青春,,穆丽尔·斯帕克,Muriel Spark,,T5 二战后多极文学,T5,,HAS_T,,,已有有效 T0–T6 坐标,自动通过,metadata_pending,
简·爱.md,WL-WORK-1243,简·爱,,夏洛蒂·勃朗特,,,T3 19世纪现代文学体系,T3,,HAS_T,,,已有有效 T0–T6 坐标,自动通过,metadata_pending,CANON-091
米夏埃尔·科尔哈斯.md,WL-WORK-2590,米夏埃尔·科尔哈斯,Michael Kohlhaas,克莱斯特,Kleist,,,,,MISSING_T_REVIEW_NO_YEAR,,,缺 T 且缺少可机器读取 year，需要书目/成书史核验,自动通过,metadata_pending,
米德尔马契.md,WL-WORK-1244,米德尔马契,,乔治·艾略特,George Eliot,,T3 19世纪现代文学体系,T3,,HAS_T,,,已有有效 T0–T6 坐标,自动通过,metadata_pending,CANON-098
米德洛锡安的心.md,WL-WORK-1245,米德洛锡安的心,,沃尔特·司各特,Walter Scott,,T3 19世纪现代文学体系,T3,,HAS_T,,,已有有效 T0–T6 坐标,自动通过,metadata_pending,
米泽丽.md,WL-WORK-0794,米泽丽,,斯蒂芬·金,Stephen King,,T6 当代全球文学,T6,,HAS_T,,,已有有效 T0–T6 坐标,自动通过,metadata_pending,
精灵之屋.md,WL-WORK-1246,精灵之屋,,伊莎贝尔·阿连德,Isabel Allende,,,,,MISSING_T_REVIEW_NO_YEAR,,,缺 T 且缺少可机器读取 year，需要书目/成书史核验,自动通过,metadata_pending,
精灵守护者.md,WL-WORK-0795,精灵守护者,,上桥菜穗子,,,,,,MISSING_T_REVIEW_NO_YEAR,,,缺 T 且缺少可机器读取 year，需要书目/成书史核验,自动通过,metadata_pending,
精灵宝钻.md,WL-WORK-0796,精灵宝钻,,J.R.R.托尔金,J.R.R. Tolkien,,T5 二战后多极文学,T5,,HAS_T,,,已有有效 T0–T6 坐标,自动通过,metadata_pending,
精灵王之女.md,WL-WORK-0797,精灵王之女,,邓萨尼勋爵,Lord Dunsany,,T4 全球现代主义时代,T4,,HAS_T,,,已有有效 T0–T6 坐标,自动通过,metadata_pending,
精神病患者.md,WL-WORK-0135,精神病患者,The Alienist,凯莱布·卡尔,Caleb Carr,,,,,MISSING_T_REVIEW_NO_YEAR,,,缺 T 且缺少可机器读取 year，需要书目/成书史核验,自动通过,,
素食者.md,WL-WORK-2721,素食者,The Vegetarian,韩江,Han Kang,2007,T6 当代全球文学,T6,,HAS_T,,,已有有效 T0–T6 坐标,个人补录,metadata_pending,
索列姆之歌.md,WL-WORK-1491,索列姆之歌,,佚名,,,T1 中古多中心文学世界,T1,,HAS_T,,anonymous_or_oral,已有有效 T0–T6 坐标,自动通过,metadata_pending,
索拉里斯星.md,WL-WORK-0332,索拉里斯星,,斯坦尼斯瓦夫·莱姆,Stanisław Lem,,T5 二战后多极文学,T5,,HAS_T,,,已有有效 T0–T6 坐标,自动通过,,
紫丁香庄事件.md,WL-WORK-0160,紫丁香庄事件,りら荘事件,鲇川哲也,,,T5 二战后多极文学,T5,,HAS_T,,,已有有效 T0–T6 坐标,需复核,,
紫电青霜.md,WL-WORK-2591,紫电青霜,,诸葛青云,,,T5 二战后多极文学,T5,,HAS_T,,,已有有效 T0–T6 坐标,自动通过,metadata_pending,
紫线镇尼巡逻队.md,WL-WORK-3147,紫线镇尼巡逻队,Djinn Patrol on the Purple Line,迪帕·阿纳帕拉,Deepa Anappara,,T6 当代全球文学,T6,,HAS_T,,,已有有效 T0–T6 坐标,需复核,metadata_pending,
紫色姐妹花.md,WL-WORK-1247,紫色姐妹花,,爱丽丝·沃克,Alice Walker,,T6 当代全球文学,T6,,HAS_T,,,已有有效 T0–T6 坐标,自动通过,metadata_pending,CANON-176
紫色木槿.md,WL-WORK-1248,紫色木槿,,奇玛曼达·恩戈齐·阿迪奇埃,Chimamanda Ngozi Adichie,,T6 当代全球文学,T6,,HAS_T,,,已有有效 T0–T6 坐标,自动通过,metadata_pending,
紫艾草骑士.md,WL-WORK-2592,紫艾草骑士,Riders of the Purple Sage,赞恩·格雷,Zane Grey,,T4 全球现代主义时代,T4,,HAS_T,,,已有有效 T0–T6 坐标,自动通过,metadata_pending,
繁花.md,WL-WORK-2885,繁花,,金宇澄,,,T6 当代全球文学,T6,,HAS_T,,,已有有效 T0–T6 坐标,需复核,metadata_pending,
纠正.md,WL-WORK-1249,纠正,,乔纳森·弗兰岑,Jonathan Franzen,,,,,MISSING_T_REVIEW_NO_YEAR,,,缺 T 且缺少可机器读取 year，需要书目/成书史核验,自动通过,metadata_pending,
红与黑.md,WL-WORK-1250,红与黑,,司汤达,Stendhal,,T3 19世纪现代文学体系,T3,,HAS_T,,,已有有效 T0–T6 坐标,自动通过,metadata_pending,CANON-105
红姐妹玛丽.md,WL-WORK-2967,红姐妹玛丽,Scarlet Sister Mary,朱莉娅·彼得金,Julia Peterkin,,T4 全球现代主义时代,T4,,HAS_T,,,已有有效 T0–T6 坐标,需复核,metadata_pending,
红字.md,WL-WORK-1251,红字,,霍桑,Nathaniel Hawthorne,,T3 19世纪现代文学体系,T3,,HAS_T,,,已有有效 T0–T6 坐标,自动通过,metadata_pending,CANON-130
红屋骑士.md,WL-WORK-2593,红屋骑士,Le Chevalier de Maison-Rouge,大仲马,,,T3 19世纪现代文学体系,T3,,HAS_T,,,已有有效 T0–T6 坐标,自动通过,metadata_pending,
红拂夜奔.md,WL-WORK-2693,红拂夜奔,,王小波,,,T6 当代全球文学,T6,,HAS_T,,,已有有效 T0–T6 坐标,个人补录,metadata_pending,
红日.md,WL-WORK-2113,红日,,吴强,,,,,,MISSING_T_REVIEW_NO_YEAR,,,缺 T 且缺少可机器读取 year，需要书目/成书史核验,自动通过,metadata_pending,
红楼梦.md,WL-WORK-1252,红楼梦,,曹雪芹,,,T2 早期现代文学,T2,,HAS_T,,,已有有效 T0–T6 坐标,手工核验,metadata_pending,CANON-037
红死病的假面.md,WL-WORK-0798,红死病的假面,,爱伦·坡,Edgar Allan Poe,,T3 19世纪现代文学体系,T3,,HAS_T,,,已有有效 T0–T6 坐标,自动通过,metadata_pending,
红火星.md,WL-WORK-0374,红火星,,金·斯坦利·罗宾逊,Kim Stanley Robinson,,T6 当代全球文学,T6,,HAS_T,,,已有有效 T0–T6 坐标,自动通过,,
红玫瑰与白玫瑰.md,WL-WORK-2114,红玫瑰与白玫瑰,,张爱玲,,,T4 全球现代主义时代,T4,,HAS_T,,,已有有效 T0–T6 坐标,自动通过,metadata_pending,
红线传.md,WL-WORK-2594,红线传,,袁郊,,,,,,MISSING_T_REVIEW_NO_YEAR,,,缺 T 且缺少可机器读取 year，需要书目/成书史核验,自动通过,metadata_pending,
红色尖叫.md,WL-WORK-3121,红色尖叫,The Red Scream,玛丽·威利斯·沃克,Mary Willis Walker,,T6 当代全球文学,T6,,HAS_T,,,已有有效 T0–T6 坐标,需复核,metadata_pending,
红色收获.md,WL-WORK-0070,红色收获,,达希尔·哈米特,Dashiell Hammett,,T4 全球现代主义时代,T4,,HAS_T,,,已有有效 T0–T6 坐标,自动通过,,
红色时钟.md,WL-WORK-1253,红色时钟,,莱妮·祖马斯,Leni Zumas,,,,,MISSING_T_REVIEW_NO_YEAR,,,缺 T 且缺少可机器读取 year，需要书目/成书史核验,自动通过,metadata_pending,
红色海洋.md,WL-WORK-0457,红色海洋,,韩松,,,,,,MISSING_T_REVIEW_NO_YEAR,,,缺 T 且缺少可机器读取 year，需要书目/成书史核验,自动通过,,
红色英勇勋章.md,WL-WORK-2115,红色英勇勋章,,斯蒂芬·克莱恩,Stephen Crane,,,,,MISSING_T_REVIEW_NO_YEAR,,,缺 T 且缺少可机器读取 year，需要书目/成书史核验,自动通过,metadata_pending,
红花侠.md,WL-WORK-1254,红花侠,,奥希兹男爵夫人,Baroness Orczy,,,,,MISSING_T_REVIEW_NO_YEAR,,,缺 T 且缺少可机器读取 year，需要书目/成书史核验,自动通过,metadata_pending,
红衫.md,WL-WORK-0486,红衫,Redshirts,约翰·斯卡尔齐,John Scalzi,,T6 当代全球文学,T6,,HAS_T,,,已有有效 T0–T6 坐标,自动通过,,
红辣椒.md,WL-WORK-0444,红辣椒,,筒井康隆,,,,,,MISSING_T_REVIEW_NO_YEAR,,,缺 T 且缺少可机器读取 year，需要书目/成书史核验,自动通过,,
红钉.md,WL-WORK-0799,红钉,,罗伯特·E.霍华德,Robert E. Howard,,T4 全球现代主义时代,T4,,HAS_T,,,已有有效 T0–T6 坐标,自动通过,metadata_pending,
红高粱家族.md,WL-WORK-1255,红高粱家族,,莫言,,,T6 当代全球文学,T6,,HAS_T,,,已有有效 T0–T6 坐标,自动通过,metadata_pending,
红龙.md,WL-WORK-0124,红龙,,托马斯·哈里斯,Thomas Harris,,T6 当代全球文学,T6,,HAS_T,,,已有有效 T0–T6 坐标,自动通过,,
约伯记.md,WL-WORK-1492,约伯记,,佚名,,,T0 文学源头与古代文学,T0,,HAS_T,,anonymous_or_oral,已有有效 T0–T6 坐标,自动通过,metadata_pending,CANON-010
约婚夫妇.md,WL-WORK-1256,约婚夫妇,,曼佐尼,,,T3 19世纪现代文学体系,T3,,HAS_T,,,已有有效 T0–T6 坐标,自动通过,metadata_pending,CANON-219
约翰·契弗短篇小说集.md,WL-WORK-2999,约翰·契弗短篇小说集,The Stories of John Cheever,约翰·契弗,John Cheever,,T5 二战后多极文学,T5,,HAS_T,,title_aggregate_or_tradition,已有有效 T0–T6 坐标,需复核,metadata_pending,
纪之川.md,WL-WORK-1257,纪之川,,有吉佐和子,,,T5 二战后多极文学,T5,,HAS_T,,,已有有效 T0–T6 坐标,自动通过,metadata_pending,
纪尧姆之歌.md,WL-WORK-2595,纪尧姆之歌,La Chanson de Guillaume,佚名,,,,,,MISSING_T_REVIEW_NO_YEAR,,anonymous_or_oral,缺 T 且缺少可机器读取 year，需要书目/成书史核验,自动通过,metadata_pending,
纯朴的诗.md,WL-WORK-1828,纯朴的诗,,何塞·马蒂,,,,,,MISSING_T_REVIEW_NO_YEAR,,,缺 T 且缺少可机器读取 year，需要书目/成书史核验,自动通过,metadata_pending,
纯洁的血.md,WL-WORK-2596,纯洁的血,Limpieza de sangre,阿图罗·佩雷斯-雷维特,Arturo Pérez-Reverte,,T6 当代全球文学,T6,,HAS_T,,,已有有效 T0–T6 坐标,自动通过,metadata_pending,
纯真年代.md,WL-WORK-2116,纯真年代,,伊迪丝·华顿,Edith Wharton,1920,T4 全球现代主义时代,T4,,HAS_T,,,已有有效 T0–T6 坐标,自动通过,metadata_pending,
纳特·特纳的自白.md,WL-WORK-2994,纳特·特纳的自白,The Confessions of Nat Turner,威廉·斯蒂伦,William Styron,,T5 二战后多极文学,T5,,HAS_T,,,已有有效 T0–T6 坐标,需复核,metadata_pending,
纺银.md,WL-WORK-0800,纺银,,娜奥米·诺维克,Naomi Novik,,T6 当代全球文学,T6,,HAS_T,,,已有有效 T0–T6 坐标,自动通过,metadata_pending,
纽约2140.md,WL-WORK-0429,纽约2140,,金·斯坦利·罗宾逊,Kim Stanley Robinson,,T6 当代全球文学,T6,,HAS_T,,,已有有效 T0–T6 坐标,自动通过,,
纽约诗人.md,WL-WORK-1829,纽约诗人,,加西亚·洛尔迦,Federico García Lorca,,T4 全球现代主义时代,T4,,HAS_T,,,已有有效 T0–T6 坐标,自动通过,metadata_pending,
组织部来了个年轻人.md,WL-WORK-1830,组织部来了个年轻人,,王蒙,,,T5 二战后多极文学,T5,,HAS_T,,,已有有效 T0–T6 坐标,自动通过,metadata_pending,
细细的红线.md,WL-WORK-2117,细细的红线,,詹姆斯·琼斯,James Jones,,,,,MISSING_T_REVIEW_NO_YEAR,,,缺 T 且缺少可机器读取 year，需要书目/成书史核验,自动通过,metadata_pending,
细雪.md,WL-WORK-1258,细雪,細雪,谷崎润一郎,,1948,T5 二战后多极文学,T5,,HAS_T,,,已有有效 T0–T6 坐标,自动通过,metadata_pending,CANON-054
织工.md,WL-WORK-0801,织工,,克莱夫·巴克,Clive Barker,,T6 当代全球文学,T6,,HAS_T,,,已有有效 T0–T6 坐标,自动通过,metadata_pending,
终极实验.md,WL-WORK-2942,终极实验,The Terminal Experiment,罗伯特·J·索耶,Robert J. Sawyer,,T6 当代全球文学,T6,,HAS_T,,,已有有效 T0–T6 坐标,需复核,metadata_pending,
终结的感觉.md,WL-WORK-2118,终结的感觉,,朱利安·巴恩斯,,,T6 当代全球文学,T6,,HAS_T,,,已有有效 T0–T6 坐标,自动通过,metadata_pending,
绑架.md,WL-WORK-0802,绑架,,罗伯特·路易斯·史蒂文森,Robert Louis Stevenson,,T3 19世纪现代文学体系,T3,,HAS_T,,,已有有效 T0–T6 坐标,自动通过,metadata_pending,
结局.md,WL-WORK-2597,结局,El fin,博尔赫斯,Jorge Luis Borges,1953,T5 二战后多极文学,T5,,HAS_T,,,已有有效 T0–T6 坐标,人工核验,verified,
给樱桃以性别.md,WL-WORK-2689,给樱桃以性别,,珍妮特·温特森,,,T6 当代全球文学,T6,,HAS_T,,,已有有效 T0–T6 坐标,个人补录,metadata_pending,
绝代双骄.md,WL-WORK-2598,绝代双骄,,古龙,,,T5 二战后多极文学,T5,,HAS_T,,,已有有效 T0–T6 坐标,自动通过,metadata_pending,
绝望.md,WL-WORK-1831,绝望,,加夫列拉·米斯特拉尔,,,,,,MISSING_T_REVIEW_NO_YEAR,,,缺 T 且缺少可机器读取 year，需要书目/成书史核验,自动通过,metadata_pending,
绣花大盗.md,WL-WORK-2599,绣花大盗,,陆小凤,,,,,,MISSING_T_REVIEW_NO_YEAR,,,缺 T 且缺少可机器读取 year，需要书目/成书史核验,自动通过,metadata_pending,
续小五义.md,WL-WORK-2600,续小五义,,石玉昆,,,T3 19世纪现代文学体系,T3,,HAS_T,,,已有有效 T0–T6 坐标,自动通过,metadata_pending,
绳结与十字架.md,WL-WORK-0111,绳结与十字架,,伊恩·兰金,Ian Rankin,,T6 当代全球文学,T6,,HAS_T,,,已有有效 T0–T6 坐标,自动通过,,
维吉尔之死.md,WL-WORK-1832,维吉尔之死,,赫尔曼·布洛赫,Hermann Broch,,T5 二战后多极文学,T5,,HAS_T,,,已有有效 T0–T6 坐标,自动通过,metadata_pending,
维里科尼姆.md,WL-WORK-0803,维里科尼姆,Viriconium,M.约翰·哈里森,M. John Harrison,,,,,MISSING_T_REVIEW_NO_YEAR,,,缺 T 且缺少可机器读取 year，需要书目/成书史核验,自动通过,metadata_pending,
绿山墙的安妮.md,WL-WORK-1259,绿山墙的安妮,,L.M.蒙哥马利,L.M. Montgomery,,T4 全球现代主义时代,T4,,HAS_T,,,已有有效 T0–T6 坐标,自动通过,metadata_pending,CANON-287
绿房子.md,WL-WORK-1833,绿房子,,巴尔加斯·略萨,,,T5 二战后多极文学,T5,,HAS_T,,,已有有效 T0–T6 坐标,自动通过,metadata_pending,
绿火星.md,WL-WORK-0375,绿火星,,金·斯坦利·罗宾逊,Kim Stanley Robinson,,T6 当代全球文学,T6,,HAS_T,,,已有有效 T0–T6 坐标,自动通过,,
绿色危机.md,WL-WORK-0060,绿色危机,Green for Danger,克里斯蒂安娜·布兰德,Christianna Brand,,,,,MISSING_T_REVIEW_NO_YEAR,,,缺 T 且缺少可机器读取 year，需要书目/成书史核验,自动通过,,
绿茶.md,WL-WORK-0804,绿茶,,谢里登·勒法努,Sheridan Le Fanu,,T3 19世纪现代文学体系,T3,,HAS_T,,,已有有效 T0–T6 坐标,自动通过,metadata_pending,
绿衣亨利.md,WL-WORK-1260,绿衣亨利,,戈特弗里德·凯勒,Gottfried Keller,,,,,MISSING_T_REVIEW_NO_YEAR,,,缺 T 且缺少可机器读取 year，需要书目/成书史核验,自动通过,metadata_pending,
绿野仙踪.md,WL-WORK-0805,绿野仙踪,,格雷戈里·马奎尔,Gregory Maguire,,,,,MISSING_T_REVIEW_NO_YEAR,,,缺 T 且缺少可机器读取 year，需要书目/成书史核验,自动通过,metadata_pending,
缓流.md,WL-WORK-2943,缓流,Slow River,尼古拉·格里菲斯,Nicola Griffith,,T6 当代全球文学,T6,,HAS_T,,,已有有效 T0–T6 坐标,需复核,metadata_pending,
缩小的人.md,WL-WORK-0806,缩小的人,,理查德·麦瑟森,Richard Matheson,,T5 二战后多极文学,T5,,HAS_T,,,已有有效 T0–T6 坐标,自动通过,metadata_pending,
罂粟海.md,WL-WORK-1261,罂粟海,,海洋历史,,,,,,MISSING_T_REVIEW_NO_YEAR,,,缺 T 且缺少可机器读取 year，需要书目/成书史核验,自动通过,metadata_pending,
网络效应.md,WL-WORK-2925,网络效应,Network Effect,玛莎·威尔斯,Martha Wells,,T6 当代全球文学,T6,,HAS_T,,,已有有效 T0–T6 坐标,需复核,metadata_pending,
罗丝安娜.md,WL-WORK-0218,罗丝安娜,,舍瓦尔与瓦勒,Sjöwall & Wahlöö,,,,,MISSING_T_REVIEW_NO_YEAR,,,缺 T 且缺少可机器读取 year，需要书目/成书史核验,自动通过,,
罗兰之歌.md,WL-WORK-1262,罗兰之歌,,佚名,这一本和,,T1 中古多中心文学世界,T1,,HAS_T,,anonymous_or_oral,已有有效 T0–T6 坐标,自动通过,metadata_pending,CANON-020
罗密欧与朱丽叶.md,WL-WORK-2119,罗密欧与朱丽叶,,莎士比亚,因此,,T2 早期现代文学,T2,,HAS_T,,,已有有效 T0–T6 坐标,自动通过,metadata_pending,CANON-073
罗布·罗伊.md,WL-WORK-1263,罗布·罗伊,,沃尔特·司各特,Scott,,T3 19世纪现代文学体系,T3,,HAS_T,,,已有有效 T0–T6 坐标,自动通过,metadata_pending,
罗德斯岛战记.md,WL-WORK-0807,罗德斯岛战记,,水野良,,,,,,MISSING_T_REVIEW_NO_YEAR,,,缺 T 且缺少可机器读取 year，需要书目/成书史核验,自动通过,metadata_pending,
罗摩功行录.md,WL-WORK-T2-RAMCHARITMANAS,罗摩功行录,Ramcharitmanas,杜勒西达斯,Tulsidas,1574,T2 早期现代文学,T2,,HAS_T,,,已有有效 T0–T6 坐标,手工核验,curated,
罗摩衍那.md,WL-WORK-1493,罗摩衍那,,蚁垤,印度,,T0 文学源头与古代文学,T0,,HAS_T,,,已有有效 T0–T6 坐标,自动通过,metadata_pending,CANON-012
罗斯玛丽的婴儿.md,WL-WORK-0808,罗斯玛丽的婴儿,,艾拉·莱文,Ira Levin,,T5 二战后多极文学,T5,,HAS_T,,,已有有效 T0–T6 坐标,自动通过,metadata_pending,
罗杰疑案.md,WL-WORK-0022,罗杰疑案,,阿加莎·克里斯蒂,,,T4 全球现代主义时代,T4,,HAS_T,,,已有有效 T0–T6 坐标,自动通过,,
罗生门·鼻.md,WL-WORK-2818,罗生门·鼻,Rashomon and Other Stories,芥川龙之介,Ryunosuke Akutagawa,,T4 全球现代主义时代,T4,,HAS_T,,,已有有效 T0–T6 坐标,需复核,metadata_pending,CANON-052
罗马史.md,WL-WORK-1494,罗马史,,李维,,,,,,MISSING_T_REVIEW_NO_YEAR,,,缺 T 且缺少可机器读取 year，需要书目/成书史核验,自动通过,metadata_pending,
罗马帽子之谜.md,WL-WORK-0039,罗马帽子之谜,,埃勒里·奎因,,,T4 全球现代主义时代,T4,,HAS_T,,,已有有效 T0–T6 坐标,自动通过,,
罗马第一人.md,WL-WORK-1264,罗马第一人,,考琳·麦卡洛,Colleen McCullough,,,,,MISSING_T_REVIEW_NO_YEAR,,,缺 T 且缺少可机器读取 year，需要书目/成书史核验,自动通过,metadata_pending,
罪与罚.md,WL-WORK-2839,罪与罚,Crime and Punishment,陀思妥耶夫斯基,Fyodor Dostoevsky,,T3 19世纪现代文学体系,T3,,HAS_T,,,已有有效 T0–T6 坐标,需复核,metadata_pending,CANON-118
罪恶之谋.md,WL-WORK-0104,罪恶之谋,Devices and Desires,P.D.詹姆斯,P.D. James,,T5 二战后多极文学,T5,,HAS_T,,,已有有效 T0–T6 坐标,自动通过,,
羊群抬头.md,WL-WORK-1265,羊群抬头,,约翰·布鲁纳,John Brunner,,T5 二战后多极文学,T5,,HAS_T,,,已有有效 T0–T6 坐标,自动通过,metadata_pending,
羊脂球.md,WL-WORK-2120,羊脂球,,莫泊桑,Maupassant,,T3 19世纪现代文学体系,T3,,HAS_T,,,已有有效 T0–T6 坐标,自动通过,metadata_pending,
美丽新世界.md,WL-WORK-0284,美丽新世界,,赫胥黎,,,T4 全球现代主义时代,T4,,HAS_T,,,已有有效 T0–T6 坐标,自动通过,,CANON-144
美丽线.md,WL-WORK-3063,美丽线,The Line of Beauty,艾伦·霍林赫斯特,Alan Hollinghurst,,T6 当代全球文学,T6,,HAS_T,,,已有有效 T0–T6 坐标,需复核,metadata_pending,
美丽者尚未诞生.md,WL-WORK-1834,美丽者尚未诞生,,阿伊·克韦·阿尔马,Armah,,T5 二战后多极文学,T5,,HAS_T,,,已有有效 T0–T6 坐标,自动通过,metadata_pending,CANON-259
美人鱼之歌.md,WL-WORK-0115,美人鱼之歌,,瓦尔·麦克德米德,Val McDermid,,,,,MISSING_T_REVIEW_NO_YEAR,,,缺 T 且缺少可机器读取 year，需要书目/成书史核验,自动通过,,
美国众神.md,WL-WORK-0809,美国众神,,尼尔·盖曼,Neil Gaiman,,T6 当代全球文学,T6,,HAS_T,,,已有有效 T0–T6 坐标,自动通过,metadata_pending,
美国佬.md,WL-WORK-1266,美国佬,,奇玛曼达·恩戈齐·阿迪奇埃,Chimamanda Ngozi Adichie,,T6 当代全球文学,T6,,HAS_T,,,已有有效 T0–T6 坐标,自动通过,metadata_pending,
美国战争.md,WL-WORK-1267,美国战争,,奥马尔·埃尔·阿卡德,Omar El Akkad,,,,,MISSING_T_REVIEW_NO_YEAR,,,缺 T 且缺少可机器读取 year，需要书目/成书史核验,自动通过,metadata_pending,
美国牧歌.md,WL-WORK-3014,美国牧歌,American Pastoral,菲利普·罗斯,Philip Roth,,T6 当代全球文学,T6,,HAS_T,,,已有有效 T0–T6 坐标,需复核,metadata_pending,
美国精神病人.md,WL-WORK-0810,美国精神病人,,布雷特·伊斯顿·埃利斯,Bret Easton Ellis,,,,,MISSING_T_REVIEW_NO_YEAR,,,缺 T 且缺少可机器读取 year，需要书目/成书史核验,自动通过,metadata_pending,
美国纪行.md,WL-WORK-1495,美国纪行,,查尔斯·狄更斯,Dickens,,T3 19世纪现代文学体系,T3,,HAS_T,,,已有有效 T0–T6 坐标,自动通过,metadata_pending,
美女.md,WL-WORK-0811,美女,,罗宾·麦金利,Robin McKinley,,,,,MISSING_T_REVIEW_NO_YEAR,,,缺 T 且缺少可机器读取 year，需要书目/成书史核验,自动通过,metadata_pending,
美狄亚.md,WL-WORK-1496,美狄亚,,欧里庇得斯,,,T0 文学源头与古代文学,T0,,HAS_T,,,已有有效 T0–T6 坐标,自动通过,metadata_pending,CANON-007
美生中国人.md,WL-WORK-1268,美生中国人,American Born Chinese,杨谨伦,Gene Luen Yang,,,,,MISSING_T_REVIEW_NO_YEAR,,,缺 T 且缺少可机器读取 year，需要书目/成书史核验,自动通过,metadata_pending,
羚羊与秧鸡.md,WL-WORK-0364,羚羊与秧鸡,,玛格丽特·阿特伍德,Atwood,,T6 当代全球文学,T6,,HAS_T,,,已有有效 T0–T6 坐标,自动通过,,
群山回唱.md,WL-WORK-2714,群山回唱,,卡勒德·胡赛尼,,,T6 当代全球文学,T6,,HAS_T,,,已有有效 T0–T6 坐标,个人补录,metadata_pending,
群山歌唱.md,WL-WORK-2121,群山歌唱,,阮攀桂梅,,,,,,MISSING_T_REVIEW_NO_YEAR,,,缺 T 且缺少可机器读取 year，需要书目/成书史核验,自动通过,metadata_pending,
群星，我的归宿.md,WL-WORK-0321,群星，我的归宿,,阿尔弗雷德·贝斯特,Alfred Bester,,T5 二战后多极文学,T5,,HAS_T,,,已有有效 T0–T6 坐标,自动通过,,
群魔.md,WL-WORK-2841,群魔,Demons,陀思妥耶夫斯基,Fyodor Dostoevsky,,T3 19世纪现代文学体系,T3,,HAS_T,,,已有有效 T0–T6 坐标,需复核,metadata_pending,CANON-120
羽化.md,WL-WORK-0812,羽化,,奥克塔维娅·巴特勒,Octavia Butler,,T6 当代全球文学,T6,,HAS_T,,,已有有效 T0–T6 坐标,自动通过,metadata_pending,
翡翠城.md,WL-WORK-0813,翡翠城,,李芳达,Fonda Lee,,,,,MISSING_T_REVIEW_NO_YEAR,,,缺 T 且缺少可机器读取 year，需要书目/成书史核验,自动通过,metadata_pending,
老人与古人的谈话.md,WL-WORK-1497,老人与古人的谈话,,佚名,,,T0 文学源头与古代文学,T0,,HAS_T,,anonymous_or_oral,已有有效 T0–T6 坐标,自动通过,metadata_pending,
老人与海.md,WL-WORK-0814,老人与海,,海明威,Ernest Hemingway,,T5 二战后多极文学,T5,,HAS_T,,,已有有效 T0–T6 坐标,自动通过,metadata_pending,CANON-168
老人的战争.md,WL-WORK-0417,老人的战争,,约翰·斯卡尔齐,John Scalzi,,T6 当代全球文学,T6,,HAS_T,,,已有有效 T0–T6 坐标,自动通过,,
老保姆的故事.md,WL-WORK-0815,老保姆的故事,,盖斯凯尔夫人,Elizabeth Gaskell,,T3 19世纪现代文学体系,T3,,HAS_T,,,已有有效 T0–T6 坐标,自动通过,metadata_pending,
老实人.md,WL-WORK-2122,老实人,Candide,伏尔泰,Voltaire,1759,T2 早期现代文学,T2,,HAS_T,,,已有有效 T0–T6 坐标,手工核验,curated,CANON-083
老师好美.md,WL-WORK-2767,老师好美,,严歌苓,,,T6 当代全球文学,T6,,HAS_T,,,已有有效 T0–T6 坐标,个人补录,metadata_pending,
老无所依.md,WL-WORK-2601,老无所依,No Country for Old Men,科马克·麦卡锡,Cormac McCarthy,,T6 当代全球文学,T6,,HAS_T,,,已有有效 T0–T6 坐标,自动通过,metadata_pending,
老魔鬼.md,WL-WORK-3052,老魔鬼,The Old Devils,金斯利·艾米斯,Kingsley Amis,,T6 当代全球文学,T6,,HAS_T,,,已有有效 T0–T6 坐标,需复核,metadata_pending,
耳语之人.md,WL-WORK-0036,耳语之人,,约翰·狄克森·卡尔,,,T5 二战后多极文学,T5,,HAS_T,,,已有有效 T0–T6 坐标,自动通过,,
耶户伙伴.md,WL-WORK-2602,耶户伙伴,Les Compagnons de Jéhu,大仲马,,,T3 19世纪现代文学体系,T3,,HAS_T,,,已有有效 T0–T6 坐标,自动通过,metadata_pending,
耶洗别之死.md,WL-WORK-0061,耶洗别之死,Death of Jezebel,克里斯蒂安娜·布兰德,Christianna Brand,,,,,MISSING_T_REVIEW_NO_YEAR,,,缺 T 且缺少可机器读取 year，需要书目/成书史核验,自动通过,,
耻.md,WL-WORK-3060,耻,Disgrace,J.M.库切,J. M. Coetzee,,T6 当代全球文学,T6,,HAS_T,,,已有有效 T0–T6 坐标,需复核,metadata_pending,CANON-263
聂隐娘.md,WL-WORK-2603,聂隐娘,,裴铏,,,,,,MISSING_T_REVIEW_NO_YEAR,,,缺 T 且缺少可机器读取 year，需要书目/成书史核验,自动通过,metadata_pending,
聊斋志异.md,WL-WORK-0816,聊斋志异,,蒲松龄,,,T2 早期现代文学,T2,,HAS_T,,,已有有效 T0–T6 坐标,手工核验,metadata_pending,CANON-035
聪明的恋人.md,WL-WORK-2604,聪明的恋人,La discreta enamorada,洛佩·德·维加,Lope de Vega,,,,,MISSING_T_REVIEW_NO_YEAR,,,缺 T 且缺少可机器读取 year，需要书目/成书史核验,自动通过,metadata_pending,
肯尼尔沃思堡.md,WL-WORK-1269,肯尼尔沃思堡,,沃尔特·司各特,Walter Scott,,T3 19世纪现代文学体系,T3,,HAS_T,,,已有有效 T0–T6 坐标,自动通过,metadata_pending,
能干的麦克劳林一家.md,WL-WORK-2962,能干的麦克劳林一家,The Able McLaughlins,玛格丽特·威尔逊,Margaret Wilson,,T4 全球现代主义时代,T4,,HAS_T,,,已有有效 T0–T6 坐标,需复核,metadata_pending,
能面杀人事件.md,WL-WORK-0158,能面杀人事件,,高木彬光,,,T5 二战后多极文学,T5,,HAS_T,,,已有有效 T0–T6 坐标,自动通过,,
脆弱的故事.md,WL-WORK-1835,脆弱的故事,,曼努埃尔·古铁雷斯·纳赫拉,,,,,,MISSING_T_REVIEW_NO_YEAR,,,缺 T 且缺少可机器读取 year，需要书目/成书史核验,自动通过,metadata_pending,
脚镯记.md,WL-WORK-3175,脚镯记,Silappatikaram,伊兰戈·阿迪伽尔（传统归属）,Ilango Adigal (trad.),,T1 中古多中心文学世界,T1,,HAS_T,,,已有有效 T0–T6 坐标,需复核,metadata_pending,CANON-226
腹地.md,WL-WORK-1836,腹地,,欧克里德斯·达·库尼亚,,,,,,MISSING_T_REVIEW_NO_YEAR,,,缺 T 且缺少可机器读取 year，需要书目/成书史核验,自动通过,metadata_pending,
自动钢琴.md,WL-WORK-1270,自动钢琴,,库尔特·冯内古特,Kurt Vonnegut,,T5 二战后多极文学,T5,,HAS_T,,,已有有效 T0–T6 坐标,自动通过,metadata_pending,
自然史.md,WL-WORK-1837,自然史,,墨西哥当代暴力,,,,,,MISSING_T_REVIEW_NO_YEAR,,,缺 T 且缺少可机器读取 year，需要书目/成书史核验,自动通过,metadata_pending,
自由坠落.md,WL-WORK-2937,自由坠落,Falling Free,洛伊斯·麦克马斯特·比约德,Lois McMaster Bujold,,T6 当代全球文学,T6,,HAS_T,,,已有有效 T0–T6 坐标,需复核,metadata_pending,
致命教育.md,WL-WORK-0817,致命教育,,娜奥米·诺维克,Naomi Novik,,T6 当代全球文学,T6,,HAS_T,,,已有有效 T0–T6 坐标,自动通过,metadata_pending,
致命的宁静.md,WL-WORK-0138,致命的宁静,Still Life,路易丝·佩尼,Louise Penny,,,,,MISSING_T_REVIEW_NO_YEAR,,,缺 T 且缺少可机器读取 year，需要书目/成书史核验,自动通过,,
致我们终将逝去的青春.md,WL-WORK-2123,致我们终将逝去的青春,,辛夷坞,,,T6 当代全球文学,T6,,HAS_T,,,已有有效 T0–T6 坐标,自动通过,metadata_pending,
致曼努埃尔一世书.md,WL-WORK-1838,致曼努埃尔一世书,,佩罗·瓦兹·德·卡米尼亚,,,,,,MISSING_T_REVIEW_NO_YEAR,,,缺 T 且缺少可机器读取 year，需要书目/成书史核验,自动通过,metadata_pending,
致青春.md,WL-WORK-2758,致青春,,辛夷坞,,,T6 当代全球文学,T6,,HAS_T,,,已有有效 T0–T6 坐标,个人补录,metadata_pending,
舒吉·贝恩.md,WL-WORK-3077,舒吉·贝恩,Shuggie Bain,道格拉斯·斯图尔特,Douglas Stuart,,T6 当代全球文学,T6,,HAS_T,,,已有有效 T0–T6 坐标,需复核,metadata_pending,
航海日记.md,WL-WORK-1498,航海日记,,哥伦布,,,,,,MISSING_T_REVIEW_NO_YEAR,,,缺 T 且缺少可机器读取 year，需要书目/成书史核验,自动通过,metadata_pending,
航运新闻.md,WL-WORK-3010,航运新闻,The Shipping News,安妮·普鲁,E. Annie Proulx,,T6 当代全球文学,T6,,HAS_T,,,已有有效 T0–T6 坐标,需复核,metadata_pending,
船长血.md,WL-WORK-2605,船长血,Captain Blood,拉斐尔·萨巴蒂尼,Sabatini,,T4 全球现代主义时代,T4,,HAS_T,,,已有有效 T0–T6 坐标,自动通过,metadata_pending,
船难水手的故事.md,WL-WORK-1499,船难水手的故事,,佚名,,,T0 文学源头与古代文学,T0,,HAS_T,,anonymous_or_oral,已有有效 T0–T6 坐标,自动通过,metadata_pending,
良心个案.md,WL-WORK-2898,良心个案,A Case of Conscience,詹姆斯·布利什,James Blish,,T5 二战后多极文学,T5,,HAS_T,,,已有有效 T0–T6 坐标,需复核,metadata_pending,
艳阳天.md,WL-WORK-1839,艳阳天,,浩然,,,T5 二战后多极文学,T5,,HAS_T,,,已有有效 T0–T6 坐标,自动通过,metadata_pending,
艺术的非人化.md,WL-WORK-1840,艺术的非人化,,奥尔特加-加塞特,Ortega y Gasset,,,,,MISSING_T_REVIEW_NO_YEAR,,,缺 T 且缺少可机器读取 year，需要书目/成书史核验,自动通过,metadata_pending,
艾凡赫.md,WL-WORK-0818,艾凡赫,,沃尔特·司各特,Scott,,T3 19世纪现代文学体系,T3,,HAS_T,,,已有有效 T0–T6 坐标,自动通过,metadata_pending,
艾菲·布里斯特.md,WL-WORK-2124,艾菲·布里斯特,,婚姻以后,,,,,,MISSING_T_REVIEW_NO_YEAR,,,缺 T 且缺少可机器读取 year，需要书目/成书史核验,自动通过,metadata_pending,
芋虫.md,WL-WORK-0819,芋虫,,江户川乱步,,,T4 全球现代主义时代,T4,,HAS_T,,,已有有效 T0–T6 坐标,自动通过,metadata_pending,
芒果街上的小屋.md,WL-WORK-1271,芒果街上的小屋,,桑德拉·西斯内罗斯,Sandra Cisneros,,,,,MISSING_T_REVIEW_NO_YEAR,,,缺 T 且缺少可机器读取 year，需要书目/成书史核验,自动通过,metadata_pending,
芙蓉镇.md,WL-WORK-2858,芙蓉镇,,古华,,,T6 当代全球文学,T6,,HAS_T,,,已有有效 T0–T6 坐标,需复核,metadata_pending,
芬克勒问题.md,WL-WORK-3068,芬克勒问题,The Finkler Question,霍华德·雅各布森,Howard Jacobson,,T6 当代全球文学,T6,,HAS_T,,,已有有效 T0–T6 坐标,需复核,metadata_pending,
芬尼根的守灵夜.md,WL-WORK-1841,芬尼根的守灵夜,,詹姆斯·乔伊斯,James Joyce,,T4 全球现代主义时代,T4,,HAS_T,,,已有有效 T0–T6 坐标,自动通过,metadata_pending,
花千骨.md,WL-WORK-2744,花千骨,,果果,Fresh果果,,T6 当代全球文学,T6,,HAS_T,,,已有有效 T0–T6 坐标,个人补录,metadata_pending,
花园茶会.md,WL-WORK-1842,花园茶会,,凯瑟琳·曼斯菲尔德,,,,,,MISSING_T_REVIEW_NO_YEAR,,,缺 T 且缺少可机器读取 year，需要书目/成书史核验,自动通过,metadata_pending,
芳华.md,WL-WORK-2125,芳华,,严歌苓,,,T6 当代全球文学,T6,,HAS_T,,,已有有效 T0–T6 坐标,自动通过,metadata_pending,
芽むしり仔撃ち ／ 摘芽弃子.md,WL-WORK-1272,芽むしり仔撃ち / 摘芽弃子,,大江健三郎,,,T5 二战后多极文学,T5,,HAS_T,,,已有有效 T0–T6 坐标,自动通过,metadata_pending,
苏丹娜的梦.md,WL-WORK-0476,苏丹娜的梦,,罗凯亚·萨哈瓦特·侯赛因,Rokeya Sakhawat Hossain,,,,,MISSING_T_REVIEW_NO_YEAR,,,缺 T 且缺少可机器读取 year，需要书目/成书史核验,自动通过,,
苏格兰西部群岛之旅.md,WL-WORK-1500,苏格兰西部群岛之旅,A Journey to the Western Islands of Scotland,塞缪尔·约翰逊,Johnson,,,,,MISSING_T_REVIEW_NO_YEAR,,,缺 T 且缺少可机器读取 year，需要书目/成书史核验,自动通过,metadata_pending,
苦力.md,WL-WORK-1843,苦力,,穆尔克·拉吉·安纳德,Mulk Raj Anand,,T4 全球现代主义时代,T4,,HAS_T,,,已有有效 T0–T6 坐标,自动通过,metadata_pending,
苦行记.md,WL-WORK-1501,苦行记,,马克·吐温,Mark Twain,,T3 19世纪现代文学体系,T3,,HAS_T,,,已有有效 T0–T6 坐标,自动通过,metadata_pending,
英国病人.md,WL-WORK-1273,英国病人,,迈克尔·翁达杰,Michael Ondaatje,,T6 当代全球文学,T6,,HAS_T,,,已有有效 T0–T6 坐标,自动通过,metadata_pending,
英格林萨迦.md,WL-WORK-1502,英格林萨迦,,斯诺里·斯图鲁松,Snorri Sturluson,,T1 中古多中心文学世界,T1,,HAS_T,,,已有有效 T0–T6 坐标,自动通过,metadata_pending,
英雄与王冠.md,WL-WORK-0820,英雄与王冠,,罗宾·麦金利,Robin McKinley,,,,,MISSING_T_REVIEW_NO_YEAR,,,缺 T 且缺少可机器读取 year，需要书目/成书史核验,自动通过,metadata_pending,
英雄们.md,WL-WORK-0821,英雄们,,乔·阿伯克龙比,Joe Abercrombie,,T6 当代全球文学,T6,,HAS_T,,,已有有效 T0–T6 坐标,自动通过,metadata_pending,
英雄志.md,WL-WORK-2606,英雄志,,孙晓,,,,,,MISSING_T_REVIEW_NO_YEAR,,,缺 T 且缺少可机器读取 year，需要书目/成书史核验,自动通过,metadata_pending,
英雄无泪.md,WL-WORK-2607,英雄无泪,,古龙,,,T5 二战后多极文学,T5,,HAS_T,,,已有有效 T0–T6 坐标,自动通过,metadata_pending,
英雄时代.md,WL-WORK-2873,英雄时代,,柳建伟,,,T6 当代全球文学,T6,,HAS_T,,,已有有效 T0–T6 坐标,需复核,metadata_pending,
苹果车.md,WL-WORK-3219,苹果车,The Apple Cart,萧伯纳,George Bernard Shaw,,T4 全球现代主义时代,T4,,HAS_T,,,已有有效 T0–T6 坐标,个人补录,metadata_pending,
茉莉王座.md,WL-WORK-0822,茉莉王座,,塔莎·苏里,Tasha Suri,,,,,MISSING_T_REVIEW_NO_YEAR,,,缺 T 且缺少可机器读取 year，需要书目/成书史核验,自动通过,metadata_pending,
茫茫黑夜漫游.md,WL-WORK-1844,茫茫黑夜漫游,,塞利纳,Louis-Ferdinand Céline,,T4 全球现代主义时代,T4,,HAS_T,,,已有有效 T0–T6 坐标,自动通过,metadata_pending,CANON-198
茶人三部曲.md,WL-WORK-2869,茶人三部曲,,王旭烽,,,T6 当代全球文学,T6,,HAS_T,,,已有有效 T0–T6 坐标,需复核,metadata_pending,
茶馆.md,WL-WORK-2678,茶馆,,老舍,,,T5 二战后多极文学,T5,,HAS_T,,,已有有效 T0–T6 坐标,个人补录,metadata_pending,CANON-047
荆棘与玫瑰之庭.md,WL-WORK-0823,荆棘与玫瑰之庭,,萨拉·J.马斯,Sarah J. Maas,,T6 当代全球文学,T6,,HAS_T,,,已有有效 T0–T6 坐标,自动通过,metadata_pending,
荆棘丛.md,WL-WORK-3111,荆棘丛,Briar Patch,罗斯·托马斯,Ross Thomas,,T6 当代全球文学,T6,,HAS_T,,,已有有效 T0–T6 坐标,需复核,metadata_pending,
荆棘之城.md,WL-WORK-1274,荆棘之城,,萨拉·沃特斯,Sarah Waters,,T6 当代全球文学,T6,,HAS_T,,,已有有效 T0–T6 坐标,自动通过,metadata_pending,
荆棘王子.md,WL-WORK-0824,荆棘王子,,马克·劳伦斯,Mark Lawrence,,,,,MISSING_T_REVIEW_NO_YEAR,,,缺 T 且缺少可机器读取 year，需要书目/成书史核验,自动通过,metadata_pending,
草.md,WL-WORK-2677,草,,韩寒,,,T6 当代全球文学,T6,,HAS_T,,,已有有效 T0–T6 坐标,个人补录,metadata_pending,
草原上的火焰.md,WL-WORK-1275,草原上的火焰,,显克维奇,Henryk Sienkiewicz,,T3 19世纪现代文学体系,T3,,HAS_T,,,已有有效 T0–T6 坐标,自动通过,metadata_pending,
草叶集.md,WL-WORK-3167,草叶集,Leaves of Grass,沃尔特·惠特曼,Walt Whitman,,T3 19世纪现代文学体系,T3,,HAS_T,,,已有有效 T0–T6 坐标,手工核验,metadata_pending,CANON-216
荒凉山庄.md,WL-WORK-2835,荒凉山庄,Bleak House,查尔斯·狄更斯,Charles Dickens,,T3 19世纪现代文学体系,T3,,HAS_T,,,已有有效 T0–T6 坐标,需复核,metadata_pending,CANON-095
荒原.md,WL-WORK-1845,荒原,,T.S.艾略特,Eliot,,T4 全球现代主义时代,T4,,HAS_T,,,已有有效 T0–T6 坐标,自动通过,metadata_pending,
荒原狼.md,WL-WORK-1276,荒原狼,,赫尔曼·黑塞,Hermann Hesse,,T4 全球现代主义时代,T4,,HAS_T,,,已有有效 T0–T6 坐标,自动通过,metadata_pending,
荒潮.md,WL-WORK-0465,荒潮,,陈楸帆,,,,,,MISSING_T_REVIEW_NO_YEAR,,,缺 T 且缺少可机器读取 year，需要书目/成书史核验,自动通过,,
荒野侦探.md,WL-WORK-1846,荒野侦探,,波拉尼奥,,,T6 当代全球文学,T6,,HAS_T,,,已有有效 T0–T6 坐标,自动通过,metadata_pending,
荡寇志.md,WL-WORK-2608,荡寇志,,俞万春,,,,,,MISSING_T_REVIEW_NO_YEAR,,,缺 T 且缺少可机器读取 year，需要书目/成书史核验,自动通过,metadata_pending,
荨麻与骨头.md,WL-WORK-2927,荨麻与骨头,Nettle & Bone,T·金费舍尔,T. Kingfisher,,T6 当代全球文学,T6,,HAS_T,,,已有有效 T0–T6 坐标,需复核,metadata_pending,
荷兰人.md,WL-WORK-1847,荷兰人,,阿米里·巴拉卡,Amiri Baraka,,T5 二战后多极文学,T5,,HAS_T,,,已有有效 T0–T6 坐标,自动通过,metadata_pending,
荷马颂歌.md,WL-WORK-1503,荷马颂歌,,佚名,,,T0 文学源头与古代文学,T0,,HAS_T,,anonymous_or_oral,已有有效 T0–T6 坐标,自动通过,metadata_pending,
荷鲁斯与塞特之争.md,WL-WORK-1504,荷鲁斯与塞特之争,,佚名,,,T0 文学源头与古代文学,T0,,HAS_T,,anonymous_or_oral,已有有效 T0–T6 坐标,自动通过,metadata_pending,
莉莉丝.md,WL-WORK-0825,莉莉丝,,乔治·麦克唐纳,George MacDonald,,T4 全球现代主义时代,T4,,HAS_T,,,已有有效 T0–T6 坐标,自动通过,metadata_pending,
莉莉安娜不可战胜的夏天.md,WL-WORK-1848,莉莉安娜不可战胜的夏天,,克里斯蒂娜·里维拉·加尔萨,,,,,,MISSING_T_REVIEW_NO_YEAR,,,缺 T 且缺少可机器读取 year，需要书目/成书史核验,自动通过,metadata_pending,
莎士比亚十四行诗.md,WL-WORK-2126,莎士比亚十四行诗,,莎士比亚,Shakespeare,,T2 早期现代文学,T2,,HAS_T,,,已有有效 T0–T6 坐标,自动通过,metadata_pending,
莫敲骨头.md,WL-WORK-3083,莫敲骨头,Beat Not the Bones,夏洛特·杰伊,Charlotte Jay,,T5 二战后多极文学,T5,,HAS_T,,,已有有效 T0–T6 坐标,需复核,metadata_pending,
莫斯科2042.md,WL-WORK-1277,莫斯科2042,,弗拉基米尔·沃伊诺维奇,Vladimir Voinovich,,,,,MISSING_T_REVIEW_NO_YEAR,,,缺 T 且缺少可机器读取 year，需要书目/成书史核验,自动通过,metadata_pending,
莫格街凶杀案.md,WL-WORK-0006,莫格街凶杀案,,爱伦·坡,,,T3 19世纪现代文学体系,T3,,HAS_T,,,已有有效 T0–T6 坐标,自动通过,,
莫泊桑短篇小说精选.md,WL-WORK-2703,莫泊桑短篇小说精选,,莫泊桑,,,T3 19世纪现代文学体系,T3,,HAS_T,,,已有有效 T0–T6 坐标,个人补录,metadata_pending,
莫洛博士岛.md,WL-WORK-0274,莫洛博士岛,,H.G.威尔斯,,,T4 全球现代主义时代,T4,,HAS_T,,,已有有效 T0–T6 坐标,自动通过,,
莫雷尔的发明.md,WL-WORK-0469,莫雷尔的发明,,阿道夫·比奥伊·卡萨雷斯,,,T4 全球现代主义时代,T4,,HAS_T,,,已有有效 T0–T6 坐标,自动通过,,CANON-283
莫雷拉.md,WL-WORK-0826,莫雷拉,,爱伦·坡,Edgar Allan Poe,,T3 19世纪现代文学体系,T3,,HAS_T,,,已有有效 T0–T6 坐标,自动通过,metadata_pending,
莱博维茨的赞歌.md,WL-WORK-0322,莱博维茨的赞歌,,沃尔特·M.米勒,Walter M. Miller,,T5 二战后多极文学,T5,,HAS_T,,,已有有效 T0–T6 坐标,自动通过,,
莱奥帕尔迪诗选.md,WL-WORK-3160,莱奥帕尔迪诗选,Canti,贾科莫·莱奥帕尔迪,Giacomo Leopardi,,T3 19世纪现代文学体系,T3,,HAS_T,,title_aggregate_or_tradition,已有有效 T0–T6 坐标,需复核,metadata_pending,CANON-206
莱拉.md,WL-WORK-1278,莱拉,,玛丽莲·罗宾逊,Marilynne Robinson,,T6 当代全球文学,T6,,HAS_T,,,已有有效 T0–T6 坐标,自动通过,metadata_pending,
莱拉和马吉农.md,WL-WORK-2127,莱拉和马吉农,,内扎米,,,T1 中古多中心文学世界,T1,,HAS_T,,,已有有效 T0–T6 坐标,自动通过,metadata_pending,CANON-062
莱茵黄金路线.md,WL-WORK-3106,莱茵黄金路线,The Rheingold Route,阿瑟·马林,Arthur Maling,,T5 二战后多极文学,T5,,HAS_T,,,已有有效 T0–T6 坐标,需复核,metadata_pending,
莺莺传.md,WL-WORK-2128,莺莺传,,元稹,,,,,,MISSING_T_REVIEW_NO_YEAR,,,缺 T 且缺少可机器读取 year，需要书目/成书史核验,自动通过,metadata_pending,
萌芽.md,WL-WORK-1279,萌芽,,左拉,Émile Zola,,T3 19世纪现代文学体系,T3,,HAS_T,,,已有有效 T0–T6 坐标,自动通过,metadata_pending,CANON-113
萍踪侠影录.md,WL-WORK-2609,萍踪侠影录,,梁羽生,,,T5 二战后多极文学,T5,,HAS_T,,,已有有效 T0–T6 坐标,自动通过,metadata_pending,
营地.md,WL-WORK-1849,营地,,戏剧线,,,,,,MISSING_T_REVIEW_NO_YEAR,,,缺 T 且缺少可机器读取 year，需要书目/成书史核验,自动通过,metadata_pending,
营救距离.md,WL-WORK-1850,营救距离,,待考,阿根廷当代怪奇,,,,,MISSING_T_REVIEW_NO_YEAR,,,缺 T 且缺少可机器读取 year，需要书目/成书史核验,自动通过,metadata_pending,
萨兰丁之歌.md,WL-WORK-0827,萨兰丁之歌,,盖伊·加夫里尔·凯,Guy Gavriel Kay,,T6 当代全球文学,T6,,HAS_T,,,已有有效 T0–T6 坐标,自动通过,metadata_pending,
萨加拉纳.md,WL-WORK-1851,萨加拉纳,,吉马朗埃斯·罗萨,,,T5 二战后多极文学,T5,,HAS_T,,,已有有效 T0–T6 坐标,自动通过,metadata_pending,
萨布.md,WL-WORK-1852,萨布,,赫特鲁迪斯·戈麦斯·德·阿韦利亚内达,,,,,,MISSING_T_REVIEW_NO_YEAR,,,缺 T 且缺少可机器读取 year，需要书目/成书史核验,自动通过,metadata_pending,
萨拉米斯的士兵.md,WL-WORK-2129,萨拉米斯的士兵,,哈维尔·塞尔卡斯,Javier Cercas,,,,,MISSING_T_REVIEW_NO_YEAR,,,缺 T 且缺少可机器读取 year，需要书目/成书史核验,自动通过,metadata_pending,
萨维尔.md,WL-WORK-3043,萨维尔,Saville,戴维·斯托里,David Storey,,T5 二战后多极文学,T5,,HAS_T,,,已有有效 T0–T6 坐标,需复核,metadata_pending,
萨蒂利孔.md,WL-WORK-T0-SATYRICON,萨蒂利孔,Satyricon,佩特罗尼乌斯,,,T0 文学源头与古代文学,T0,,HAS_T,,,已有有效 T0–T6 坐标,手工核验,metadata_pending,
萨马.md,WL-WORK-1853,萨马,,安东尼奥·迪·贝内代托,,,,,,MISSING_T_REVIEW_NO_YEAR,,,缺 T 且缺少可机器读取 year，需要书目/成书史核验,自动通过,metadata_pending,
蒂博一家.md,WL-WORK-1280,蒂博一家,,罗杰·马丁·杜加尔,Roger Martin du Gard,,,,,MISSING_T_REVIEW_NO_YEAR,,,缺 T 且缺少可机器读取 year，需要书目/成书史核验,自动通过,metadata_pending,
蒙娜丽莎超速档.md,WL-WORK-0390,蒙娜丽莎超速档,,威廉·吉布森,William Gibson,,T6 当代全球文学,T6,,HAS_T,,,已有有效 T0–T6 坐标,自动通过,,
蒙普拉森之虎.md,WL-WORK-2610,蒙普拉森之虎,The Tigers of Mompracem,拉斐尔·萨巴蒂尼,Rafael Sabatini,,T4 全球现代主义时代,T4,,HAS_T,,,已有有效 T0–T6 坐标,自动通过,metadata_pending,
蒙梭罗夫人.md,WL-WORK-1281,蒙梭罗夫人,,大仲马,Alexandre Dumas,,T3 19世纪现代文学体系,T3,,HAS_T,,,已有有效 T0–T6 坐标,自动通过,metadata_pending,
蒙田随笔.md,WL-WORK-3161,蒙田随笔,Essais,米歇尔·德·蒙田,Michel de Montaigne,,T2 早期现代文学,T2,,HAS_T,,,已有有效 T0–T6 坐标,需复核,metadata_pending,CANON-209
蒲公英王朝：帝王恩典.md,WL-WORK-0828,蒲公英王朝：帝王恩典,,刘宇昆,Ken Liu,,,,,MISSING_T_REVIEW_NO_YEAR,,,缺 T 且缺少可机器读取 year，需要书目/成书史核验,自动通过,metadata_pending,
蓝.md,WL-WORK-1854,蓝,,鲁文·达里奥,,,,,,MISSING_T_REVIEW_NO_YEAR,,,缺 T 且缺少可机器读取 year，需要书目/成书史核验,自动通过,metadata_pending,
蓝圈人.md,WL-WORK-0234,蓝圈人,,弗雷德·瓦尔加斯,Fred Vargas,,T6 当代全球文学,T6,,HAS_T,,,已有有效 T0–T6 坐标,自动通过,,
蓝房间.md,WL-WORK-0229,蓝房间,,乔治·西默农,Georges Simenon,,T5 二战后多极文学,T5,,HAS_T,,,已有有效 T0–T6 坐标,自动通过,,
蓝火星.md,WL-WORK-0376,蓝火星,,金·斯坦利·罗宾逊,Kim Stanley Robinson,,T6 当代全球文学,T6,,HAS_T,,,已有有效 T0–T6 坐标,自动通过,,
蓝衣魔鬼.md,WL-WORK-0093,蓝衣魔鬼,,沃尔特·莫斯利,Walter Mosley,,T6 当代全球文学,T6,,HAS_T,,,已有有效 T0–T6 坐标,自动通过,,
蓝鸟，蓝鸟.md,WL-WORK-3144,蓝鸟，蓝鸟,"Bluebird, Bluebird",阿蒂卡·洛克,Attica Locke,,T6 当代全球文学,T6,,HAS_T,,,已有有效 T0–T6 坐标,需复核,metadata_pending,
蓼喰虫.md,WL-WORK-1855,蓼喰虫,,谷崎润一郎,,,T4 全球现代主义时代,T4,,HAS_T,,,已有有效 T0–T6 坐标,自动通过,metadata_pending,
蔷薇园.md,WL-WORK-3186,蔷薇园,Gulistān,萨迪,Saadi,,T1 中古多中心文学世界,T1,,HAS_T,,,已有有效 T0–T6 坐标,需复核,metadata_pending,CANON-244
薄伽梵往世书.md,WL-WORK-1505,薄伽梵往世书,,佚名,,,T1 中古多中心文学世界,T1,,HAS_T,,title_aggregate_or_tradition;anonymous_or_oral,已有有效 T0–T6 坐标,自动通过,metadata_pending,
薄伽梵歌.md,WL-WORK-1506,薄伽梵歌,,佚名,印度,,T0 文学源头与古代文学,T0,,HAS_T,,anonymous_or_oral,已有有效 T0–T6 坐标,自动通过,metadata_pending,
藻海无边.md,WL-WORK-1282,藻海无边,,简·里斯,Jean Rhys,,T5 二战后多极文学,T5,,HAS_T,,,已有有效 T0–T6 坐标,自动通过,metadata_pending,CANON-275
虐杀器官.md,WL-WORK-0447,虐杀器官,,伊藤计划,,,,,,MISSING_T_REVIEW_NO_YEAR,,,缺 T 且缺少可机器读取 year，需要书目/成书史核验,自动通过,,
虚构集.md,WL-WORK-0470,虚构集,Ficciones,博尔赫斯,,,T4 全球现代主义时代,T4,,HAS_T,,,已有有效 T0–T6 坐标,手工核验,,CANON-181
虬髯客传.md,WL-WORK-2611,虬髯客传,,杜光庭,,,,,,MISSING_T_REVIEW_NO_YEAR,,,缺 T 且缺少可机器读取 year，需要书目/成书史核验,自动通过,metadata_pending,
虹.md,WL-WORK-1283,虹,,D.H.劳伦斯,D.H. Lawrence,,T4 全球现代主义时代,T4,,HAS_T,,,已有有效 T0–T6 坐标,自动通过,metadata_pending,
蚀刻城.md,WL-WORK-0829,蚀刻城,The Etched City,K.J.毕晓普,K.J. Bishop,,,,,MISSING_T_REVIEW_NO_YEAR,,,缺 T 且缺少可机器读取 year，需要书目/成书史核验,自动通过,metadata_pending,
蚁生.md,WL-WORK-0456,蚁生,,王晋康,,,,,,MISSING_T_REVIEW_NO_YEAR,,,缺 T 且缺少可机器读取 year，需要书目/成书史核验,自动通过,,
蛇与绳.md,WL-WORK-1856,蛇与绳,,拉贾·拉奥,Raja Rao,,T5 二战后多极文学,T5,,HAS_T,,,已有有效 T0–T6 坐标,自动通过,metadata_pending,
蛙.md,WL-WORK-2880,蛙,,莫言,,,T6 当代全球文学,T6,,HAS_T,,,已有有效 T0–T6 坐标,需复核,metadata_pending,
蛛巢小径.md,WL-WORK-1857,蛛巢小径,,伊塔洛·卡尔维诺,Italo Calvino,,T5 二战后多极文学,T5,,HAS_T,,,已有有效 T0–T6 坐标,自动通过,metadata_pending,
蛮王柯南.md,WL-WORK-0830,蛮王柯南,,罗伯特·E.霍华德,Robert E. Howard,,T4 全球现代主义时代,T4,,HAS_T,,,已有有效 T0–T6 坐标,自动通过,metadata_pending,
蛹.md,WL-WORK-0316,蛹,,约翰·温德姆,John Wyndham,,T5 二战后多极文学,T5,,HAS_T,,,已有有效 T0–T6 坐标,自动通过,,
蜀山剑侠传.md,WL-WORK-2612,蜀山剑侠传,,研究现代中国通俗小说时,,,,,,MISSING_T_REVIEW_NO_YEAR,,,缺 T 且缺少可机器读取 year，需要书目/成书史核验,自动通过,metadata_pending,
蜘蛛女之吻.md,WL-WORK-1858,蜘蛛女之吻,,曼努埃尔·普伊格,Manuel Puig,,T5 二战后多极文学,T5,,HAS_T,,,已有有效 T0–T6 坐标,自动通过,metadata_pending,
蜘蛛男孩.md,WL-WORK-0831,蜘蛛男孩,,待考,改读,,,,,MISSING_T_REVIEW_NO_YEAR,,,缺 T 且缺少可机器读取 year，需要书目/成书史核验,自动通过,metadata_pending,
蜥蜴尾巴.md,WL-WORK-1859,蜥蜴尾巴,,卢伊莎·巴伦苏埃拉,,,,,,MISSING_T_REVIEW_NO_YEAR,,,缺 T 且缺少可机器读取 year，需要书目/成书史核验,自动通过,metadata_pending,
蝇王.md,WL-WORK-0832,蝇王,,威廉·戈尔丁,William Golding,,T5 二战后多极文学,T5,,HAS_T,,,已有有效 T0–T6 坐标,自动通过,metadata_pending,CANON-145
蝉时雨.md,WL-WORK-2613,蝉时雨,Semishigure,藤泽周平,,,T6 当代全球文学,T6,,HAS_T,,,已有有效 T0–T6 坐标,自动通过,metadata_pending,
蝴蝶梦.md,WL-WORK-2130,蝴蝶梦,,达芙妮·杜穆里埃,Daphne du Maurier,,T4 全球现代主义时代,T4,,HAS_T,,,已有有效 T0–T6 坐标,自动通过,metadata_pending,
蝾螈战争.md,WL-WORK-0282,蝾螈战争,,卡雷尔·恰佩克,恰佩克,,T4 全球现代主义时代,T4,,HAS_T,,,已有有效 T0–T6 坐标,自动通过,,
螺丝在拧紧.md,WL-WORK-0833,螺丝在拧紧,,亨利·詹姆斯,,,T4 全球现代主义时代,T4,,HAS_T,,,已有有效 T0–T6 坐标,自动通过,metadata_pending,
螺旋.md,WL-WORK-0834,螺旋,,铃木光司,,,T6 当代全球文学,T6,,HAS_T,,,已有有效 T0–T6 坐标,自动通过,metadata_pending,
血与骨之子.md,WL-WORK-0835,血与骨之子,,托米·阿德耶米,Tomi Adeyemi,,,,,MISSING_T_REVIEW_NO_YEAR,,,缺 T 且缺少可机器读取 year，需要书目/成书史核验,自动通过,metadata_pending,
血书.md,WL-WORK-0836,血书,,克莱夫·巴克,Clive Barker,,T6 当代全球文学,T6,,HAS_T,,,已有有效 T0–T6 坐标,自动通过,metadata_pending,
血婚.md,WL-WORK-1860,血婚,,加西亚·洛尔迦,Federico García Lorca,,T4 全球现代主义时代,T4,,HAS_T,,,已有有效 T0–T6 坐标,自动通过,metadata_pending,
血字的研究.md,WL-WORK-0009,血字的研究,,柯南·道尔,,,T3 19世纪现代文学体系,T3,,HAS_T,,,已有有效 T0–T6 坐标,自动通过,,
血海飘香.md,WL-WORK-2614,血海飘香,,古龙,,,T5 二战后多极文学,T5,,HAS_T,,,已有有效 T0–T6 坐标,自动通过,metadata_pending,
血色子午线.md,WL-WORK-2615,血色子午线,Blood Meridian,科马克·麦卡锡,McCarthy,,T6 当代全球文学,T6,,HAS_T,,,已有有效 T0–T6 坐标,自动通过,metadata_pending,
血色花瓣.md,WL-WORK-1861,血色花瓣,,恩古吉·瓦·提安哥,Ngũgĩ,,T5 二战后多极文学,T5,,HAS_T,,,已有有效 T0–T6 坐标,自动通过,metadata_pending,CANON-256
血音乐.md,WL-WORK-0372,血音乐,,格雷格·贝尔,Greg Bear,,T6 当代全球文学,T6,,HAS_T,,,已有有效 T0–T6 坐标,自动通过,,
街角魔族.md,WL-WORK-0837,街角魔族,,尼尔·盖曼,Neil Gaiman,,T6 当代全球文学,T6,,HAS_T,,,已有有效 T0–T6 坐标,自动通过,metadata_pending,
补锅匠.md,WL-WORK-3022,补锅匠,Tinkers,保罗·哈丁,Paul Harding,,T6 当代全球文学,T6,,HAS_T,,,已有有效 T0–T6 坐标,需复核,metadata_pending,
被嫌弃的松子的一生.md,WL-WORK-2673,被嫌弃的松子的一生,,山田宗树,,,T6 当代全球文学,T6,,HAS_T,,,已有有效 T0–T6 坐标,个人补录,metadata_pending,
被子.md,WL-WORK-1862,被子,,伊斯马特·丘格塔伊,Ismat Chughtai,,,,,MISSING_T_REVIEW_NO_YEAR,,,缺 T 且缺少可机器读取 year，需要书目/成书史核验,自动通过,metadata_pending,
被掩埋的巨人.md,WL-WORK-2131,被掩埋的巨人,,石黑一雄,,,T6 当代全球文学,T6,,HAS_T,,,已有有效 T0–T6 坐标,自动通过,metadata_pending,
被毁灭的人.md,WL-WORK-0320,被毁灭的人,,阿尔弗雷德·贝斯特,Alfred Bester,,T5 二战后多极文学,T5,,HAS_T,,,已有有效 T0–T6 坐标,自动通过,,
被玷污的杯子.md,WL-WORK-2929,被玷污的杯子,The Tainted Cup,罗伯特·杰克逊·贝内特,Robert Jackson Bennett,,T6 当代全球文学,T6,,HAS_T,,,已有有效 T0–T6 坐标,需复核,metadata_pending,
被禁锢的头脑.md,WL-WORK-1863,被禁锢的头脑,,切斯瓦夫·米沃什,Czesław Miłosz,,T5 二战后多极文学,T5,,HAS_T,,,已有有效 T0–T6 坐标,自动通过,metadata_pending,
裸体午餐.md,WL-WORK-1864,裸体午餐,,威廉·S.巴勒斯,William S. Burroughs,,T5 二战后多极文学,T5,,HAS_T,,,已有有效 T0–T6 坐标,自动通过,metadata_pending,
裸者与死者.md,WL-WORK-1284,裸者与死者,,诺曼·梅勒,Norman Mailer,,T5 二战后多极文学,T5,,HAS_T,,,已有有效 T0–T6 坐标,自动通过,metadata_pending,
裹尸布.md,WL-WORK-1865,裹尸布,,玛丽亚·路易莎·邦巴尔,,,,,,MISSING_T_REVIEW_NO_YEAR,,,缺 T 且缺少可机器读取 year，需要书目/成书史核验,自动通过,metadata_pending,
西伯利亚大铁路和小让娜的法兰西散文诗.md,WL-WORK-1866,西伯利亚大铁路和小让娜的法兰西散文诗,,布莱斯·桑德拉尔,Blaise Cendrars,,,,,MISSING_T_REVIEW_NO_YEAR,,,缺 T 且缺少可机器读取 year，需要书目/成书史核验,自动通过,metadata_pending,
西印度毁灭述略.md,WL-WORK-1867,西印度毁灭述略,,拉斯·卡萨斯,,,,,,MISSING_T_REVIEW_NO_YEAR,,,缺 T 且缺少可机器读取 year，需要书目/成书史核验,自动通过,metadata_pending,
西厢记.md,WL-WORK-2132,西厢记,,王实甫,,,T1 中古多中心文学世界,T1,,HAS_T,,,已有有效 T0–T6 坐标,自动通过,metadata_pending,CANON-029
西游记.md,WL-WORK-0838,西游记,,吴承恩,,,T2 早期现代文学,T2,,HAS_T,,,已有有效 T0–T6 坐标,手工核验,metadata_pending,CANON-032
西湖梦寻.md,WL-WORK-1507,西湖梦寻,,张岱,,,,,,MISSING_T_REVIEW_NO_YEAR,,,缺 T 且缺少可机器读取 year，需要书目/成书史核验,自动通过,metadata_pending,
西线无战事.md,WL-WORK-1285,西线无战事,,雷马克,Remarque,,T4 全球现代主义时代,T4,,HAS_T,,,已有有效 T0–T6 坐标,自动通过,metadata_pending,
西行之路.md,WL-WORK-2616,西行之路,The Way West,A.B.格思里,A.B. Guthrie Jr.,1949,T5 二战后多极文学,T5,,HAS_T,,,已有有效 T0–T6 坐标,自动通过,metadata_pending,
西马龙玫瑰.md,WL-WORK-3124,西马龙玫瑰,Cimarron Rose,詹姆斯·李·伯克,James Lee Burke,,T6 当代全球文学,T6,,HAS_T,,,已有有效 T0–T6 坐标,需复核,metadata_pending,
覆雨翻云.md,WL-WORK-2617,覆雨翻云,,黄易,,,T6 当代全球文学,T6,,HAS_T,,,已有有效 T0–T6 坐标,自动通过,metadata_pending,
见红.md,WL-WORK-1868,见红,,莉娜·梅鲁阿内,,,,,,MISSING_T_REVIEW_NO_YEAR,,,缺 T 且缺少可机器读取 year，需要书目/成书史核验,自动通过,metadata_pending,
观众.md,WL-WORK-1869,观众,,瓦茨拉夫·哈维尔,Václav Havel,,T5 二战后多极文学,T5,,HAS_T,,,已有有效 T0–T6 坐标,自动通过,metadata_pending,
觉醒.md,WL-WORK-1286,觉醒,,凯特·肖邦,Kate Chopin,,T4 全球现代主义时代,T4,,HAS_T,,,已有有效 T0–T6 坐标,自动通过,metadata_pending,CANON-134
角中蜜.md,WL-WORK-2973,角中蜜,Honey in the Horn,哈罗德·L·戴维斯,Harold L. Davis,,T4 全球现代主义时代,T4,,HAS_T,,,已有有效 T0–T6 坐标,需复核,metadata_pending,
解密.md,WL-WORK-2695,解密,,麦家,,,T6 当代全球文学,T6,,HAS_T,,,已有有效 T0–T6 坐标,个人补录,metadata_pending,
解忧杂货店.md,WL-WORK-2763,解忧杂货店,,东野圭吾,,,T6 当代全球文学,T6,,HAS_T,,,已有有效 T0–T6 坐标,个人补录,metadata_pending,
解放了的耶路撒冷.md,WL-WORK-2618,解放了的耶路撒冷,Gerusalemme Liberata,托尔夸托·塔索,Torquato Tasso,,,,,MISSING_T_REVIEW_NO_YEAR,,,缺 T 且缺少可机器读取 year，需要书目/成书史核验,自动通过,metadata_pending,
解散.md,WL-WORK-0134,解散,Dissolution,C.J.桑瑟姆,C.J. Sansom,,,,,MISSING_T_REVIEW_NO_YEAR,,,缺 T 且缺少可机器读取 year，需要书目/成书史核验,自动通过,,
警察讨厌鬼.md,WL-WORK-0100,警察讨厌鬼,Cop Hater,埃德·麦克贝恩,Ed McBain,,T5 二战后多极文学,T5,,HAS_T,,,已有有效 T0–T6 坐标,自动通过,,
计算星辰.md,WL-WORK-2924,计算星辰,The Calculating Stars,玛丽·罗宾内特·科瓦尔,Mary Robinette Kowal,,T6 当代全球文学,T6,,HAS_T,,,已有有效 T0–T6 坐标,需复核,metadata_pending,
让开！让开！.md,WL-WORK-0341,让开！让开！,Make Room! Make Room!,哈里·哈里森,Harry Harrison,,T5 二战后多极文学,T5,,HAS_T,,,已有有效 T0–T6 坐标,自动通过,,
让我死在他的脚步里.md,WL-WORK-3142,让我死在他的脚步里,Let Me Die in His Footsteps,洛里·罗伊,Lori Roy,,T6 当代全球文学,T6,,HAS_T,,,已有有效 T0–T6 坐标,需复核,metadata_pending,
记忆传授人.md,WL-WORK-0483,记忆传授人,,洛伊斯·劳里,Lois Lowry,,T6 当代全球文学,T6,,HAS_T,,,已有有效 T0–T6 坐标,自动通过,,
记忆警察.md,WL-WORK-1287,记忆警察,,小川洋子,,,T6 当代全球文学,T6,,HAS_T,,,已有有效 T0–T6 坐标,自动通过,metadata_pending,
许三观卖血记.md,WL-WORK-2732,许三观卖血记,,余华,,1995,T6 当代全球文学,T6,,HAS_T,,,已有有效 T0–T6 坐标,个人补录,metadata_pending,
许茂和他的女儿们.md,WL-WORK-2855,许茂和他的女儿们,,周克芹,,,T6 当代全球文学,T6,,HAS_T,,,已有有效 T0–T6 坐标,需复核,metadata_pending,
论语.md,WL-WORK-T0-ANALECTS,论语,,孔子弟子及再传弟子编纂,,,T0 文学源头与古代文学,T0,,HAS_T,,,已有有效 T0–T6 坐标,手工核验,metadata_pending,
证言.md,WL-WORK-3075,证言,The Testaments,玛格丽特·阿特伍德,Margaret Atwood,,T6 当代全球文学,T6,,HAS_T,,,已有有效 T0–T6 坐标,需复核,metadata_pending,
诅咒兔.md,WL-WORK-0839,诅咒兔,,郑宝拉,,,,,,MISSING_T_REVIEW_NO_YEAR,,,缺 T 且缺少可机器读取 year，需要书目/成书史核验,自动通过,metadata_pending,
诗与反诗.md,WL-WORK-1870,诗与反诗,,尼卡诺尔·帕拉,,,,,,MISSING_T_REVIEW_NO_YEAR,,,缺 T 且缺少可机器读取 year，需要书目/成书史核验,自动通过,metadata_pending,
诗体埃达.md,WL-WORK-1508,诗体埃达,,佚名,它和,,T1 中古多中心文学世界,T1,,HAS_T,,anonymous_or_oral,已有有效 T0–T6 坐标,自动通过,metadata_pending,
诗章.md,WL-WORK-1871,诗章,,埃兹拉·庞德,Ezra Pound,,T4 全球现代主义时代,T4,,HAS_T,,,已有有效 T0–T6 坐标,自动通过,metadata_pending,
诗经.md,WL-WORK-2133,诗经,,佚名,,,T0 文学源头与古代文学,T0,,HAS_T,,anonymous_or_oral,已有有效 T0–T6 坐标,自动通过,metadata_pending,CANON-026
诛仙.md,WL-WORK-0840,诛仙,,萧鼎,,,,,,MISSING_T_REVIEW_NO_YEAR,,,缺 T 且缺少可机器读取 year，需要书目/成书史核验,自动通过,metadata_pending,
诠释者.md,WL-WORK-1872,诠释者,,沃莱·索因卡,Wole Soyinka,,T5 二战后多极文学,T5,,HAS_T,,,已有有效 T0–T6 坐标,自动通过,metadata_pending,
诡秘之主.md,WL-WORK-0841,诡秘之主,,爱潜水的乌贼,,,,,,MISSING_T_REVIEW_NO_YEAR,,,缺 T 且缺少可机器读取 year，需要书目/成书史核验,自动通过,metadata_pending,
说岳全传.md,WL-WORK-1288,说岳全传,,钱彩,,,,,,MISSING_T_REVIEW_NO_YEAR,,,缺 T 且缺少可机器读取 year，需要书目/成书史核验,自动通过,metadata_pending,
请到我们的毒气室来，女士们先生们.md,WL-WORK-2134,请到我们的毒气室来，女士们先生们,,塔德乌什·博罗夫斯基,Tadeusz Borowski,,T5 二战后多极文学,T5,,HAS_T,,,已有有效 T0–T6 坐标,自动通过,metadata_pending,
诸神渴了.md,WL-WORK-1289,诸神渴了,,法朗士,Anatole France,,,,,MISSING_T_REVIEW_NO_YEAR,,,缺 T 且缺少可机器读取 year，需要书目/成书史核验,自动通过,metadata_pending,
诺斯托罗莫.md,WL-WORK-3155,诺斯托罗莫,Nostromo,约瑟夫·康拉德,Joseph Conrad,,T4 全球现代主义时代,T4,,HAS_T,,,已有有效 T0–T6 坐标,需复核,metadata_pending,CANON-199
诺桑觉寺.md,WL-WORK-2135,诺桑觉寺,,简·奥斯汀,Jane Austen,,T3 19世纪现代文学体系,T3,,HAS_T,,,已有有效 T0–T6 坐标,自动通过,metadata_pending,
诺言.md,WL-WORK-0237,诺言,,弗里德里希·迪伦马特,尤其,,T5 二战后多极文学,T5,,HAS_T,,,已有有效 T0–T6 坐标,自动通过,,
谁惧死亡.md,WL-WORK-0474,谁惧死亡,,恩涅蒂·奥科拉弗,Nnedi Okorafor,,,,,MISSING_T_REVIEW_NO_YEAR,,,缺 T 且缺少可机器读取 year，需要书目/成书史核验,自动通过,,
谁的尸体？.md,WL-WORK-0045,谁的尸体？,,多萝西·L·塞耶斯,,,T4 全球现代主义时代,T4,,HAS_T,,,已有有效 T0–T6 坐标,自动通过,,
谋杀启事.md,WL-WORK-0030,谋杀启事,,阿加莎·克里斯蒂,,,T5 二战后多极文学,T5,,HAS_T,,,已有有效 T0–T6 坐标,自动通过,,
谢小娥传.md,WL-WORK-2619,谢小娥传,,李公佐,,,,,,MISSING_T_REVIEW_NO_YEAR,,,缺 T 且缺少可机器读取 year，需要书目/成书史核验,自动通过,metadata_pending,
谢里.md,WL-WORK-1873,谢里,,布莱斯·桑德拉尔,Blaise Cendrars,,,,,MISSING_T_REVIEW_NO_YEAR,,,缺 T 且缺少可机器读取 year，需要书目/成书史核验,自动通过,metadata_pending,
象塔.md,WL-WORK-0842,象塔,,罗伯特·E.霍华德,Robert E. Howard,,T4 全球现代主义时代,T4,,HAS_T,,,已有有效 T0–T6 坐标,自动通过,metadata_pending,
豹.md,WL-WORK-2846,豹,The Leopard,朱塞佩·托马西·迪·兰佩杜萨,Giuseppe Tomasi di Lampedusa,,T5 二战后多极文学,T5,,HAS_T,,,已有有效 T0–T6 坐标,需复核,metadata_pending,CANON-160
豺狼的日子.md,WL-WORK-3099,豺狼的日子,The Day of the Jackal,弗雷德里克·福赛斯,Frederick Forsyth,,T5 二战后多极文学,T5,,HAS_T,,,已有有效 T0–T6 坐标,需复核,metadata_pending,
贝克特三部曲.md,WL-WORK-3153,贝克特三部曲,Molloy; Malone Dies; The Unnamable,塞缪尔·贝克特,Samuel Beckett,,T5 二战后多极文学,T5,,HAS_T,,,已有有效 T0–T6 坐标,需复核,metadata_pending,CANON-196
贝奥武夫.md,WL-WORK-0843,贝奥武夫,,佚名,,,T1 中古多中心文学世界,T1,,HAS_T,,anonymous_or_oral,已有有效 T0–T6 坐标,自动通过,metadata_pending,CANON-019
贝姨.md,WL-WORK-1290,贝姨,,巴尔扎克,Balzac,,T3 19世纪现代文学体系,T3,,HAS_T,,,已有有效 T0–T6 坐标,自动通过,metadata_pending,
贝蕾妮丝.md,WL-WORK-0844,贝蕾妮丝,,爱伦·坡,Edgar Allan Poe,,T3 19世纪现代文学体系,T3,,HAS_T,,,已有有效 T0–T6 坐标,自动通过,metadata_pending,
负重前行.md,WL-WORK-2136,负重前行,,蒂姆·奥布莱恩,Tim O'Brien,,T6 当代全球文学,T6,,HAS_T,,,已有有效 T0–T6 坐标,自动通过,metadata_pending,
财主底儿女们.md,WL-WORK-1291,财主底儿女们,,路翎,,,,,,MISSING_T_REVIEW_NO_YEAR,,,缺 T 且缺少可机器读取 year，需要书目/成书史核验,自动通过,metadata_pending,
贪得无厌.md,WL-WORK-1874,贪得无厌,,维茨凯维奇,Witkiewicz,,,,,MISSING_T_REVIEW_NO_YEAR,,,缺 T 且缺少可机器读取 year，需要书目/成书史核验,自动通过,metadata_pending,
贫民窟.md,WL-WORK-1875,贫民窟,,阿卢伊西奥·阿泽维多,,,,,,MISSING_T_REVIEW_NO_YEAR,,,缺 T 且缺少可机器读取 year，需要书目/成书史核验,自动通过,metadata_pending,
购物狂的异想世界.md,WL-WORK-2137,购物狂的异想世界,,索菲·金塞拉,Sophie Kinsella,,,,,MISSING_T_REVIEW_NO_YEAR,,,缺 T 且缺少可机器读取 year，需要书目/成书史核验,自动通过,metadata_pending,
费尔迪杜凯.md,WL-WORK-1876,费尔迪杜凯,,维托尔德·贡布罗维奇,Witold Gombrowicz,,T4 全球现代主义时代,T4,,HAS_T,,,已有有效 T0–T6 坐标,自动通过,metadata_pending,CANON-296
费德尔.md,WL-WORK-2832,费德尔,Phèdre,让·拉辛,Jean Racine,,T2 早期现代文学,T2,,HAS_T,,,已有有效 T0–T6 坐标,需复核,metadata_pending,CANON-078
贺拉斯颂歌.md,WL-WORK-T0-HORACE-ODES,贺拉斯颂歌,Odes,贺拉斯,,,T0 文学源头与古代文学,T0,,HAS_T,,,已有有效 T0–T6 坐标,手工核验,metadata_pending,
资治通鉴.md,WL-WORK-1292,资治通鉴,,司马光,,,,,,MISSING_T_REVIEW_NO_YEAR,,,缺 T 且缺少可机器读取 year，需要书目/成书史核验,自动通过,metadata_pending,
赎罪.md,WL-WORK-1293,赎罪,,伊恩·麦克尤恩,Ian McEwan,,T6 当代全球文学,T6,,HAS_T,,,已有有效 T0–T6 坐标,自动通过,metadata_pending,
赔偿风波.md,WL-WORK-0094,赔偿风波,Indemnity Only,萨拉·帕雷茨基,Sara Paretsky,,,,,MISSING_T_REVIEW_NO_YEAR,,,缺 T 且缺少可机器读取 year，需要书目/成书史核验,自动通过,,
赛汀.md,WL-WORK-2911,赛汀,Cyteen,C.J.切瑞,C. J. Cherryh,,T6 当代全球文学,T6,,HAS_T,,,已有有效 T0–T6 坐标,需复核,metadata_pending,
赫布里底群岛旅行日记.md,WL-WORK-1509,赫布里底群岛旅行日记,The Journal of a Tour to the Hebrides,詹姆斯·鲍斯韦尔,Boswell,,,,,MISSING_T_REVIEW_NO_YEAR,,,缺 T 且缺少可机器读取 year，需要书目/成书史核验,自动通过,metadata_pending,
赫罗尔夫·克拉基萨迦.md,WL-WORK-1510,赫罗尔夫·克拉基萨迦,,佚名,,,T1 中古多中心文学世界,T1,,HAS_T,,anonymous_or_oral,已有有效 T0–T6 坐标,自动通过,metadata_pending,
走出非洲.md,WL-WORK-0845,走出非洲,,凯伦·布里克森,Karen Blixen,,,,,MISSING_T_REVIEW_NO_YEAR,,,缺 T 且缺少可机器读取 year，需要书目/成书史核验,自动通过,metadata_pending,
走到世界尽头.md,WL-WORK-1294,走到世界尽头,,苏齐·麦基·查纳斯,Suzy McKee Charnas,,,,,MISSING_T_REVIEW_NO_YEAR,,,缺 T 且缺少可机器读取 year，需要书目/成书史核验,自动通过,metadata_pending,
走向悲伤.md,WL-WORK-3122,走向悲伤,Come to Grief,迪克·弗朗西斯,Dick Francis,,T6 当代全球文学,T6,,HAS_T,,,已有有效 T0–T6 坐标,需复核,metadata_pending,
超级悲伤真爱故事.md,WL-WORK-1295,超级悲伤真爱故事,,加里·施特恩加特,Gary Shteyngart,,,,,MISSING_T_REVIEW_NO_YEAR,,,缺 T 且缺少可机器读取 year，需要书目/成书史核验,自动通过,metadata_pending,
超越人类.md,WL-WORK-0317,超越人类,,西奥多·斯特金,Theodore Sturgeon,,T5 二战后多极文学,T5,,HAS_T,,,已有有效 T0–T6 坐标,自动通过,,
超越时间之影.md,WL-WORK-0846,超越时间之影,,洛夫克拉夫特,H.P. Lovecraft,,T4 全球现代主义时代,T4,,HAS_T,,,已有有效 T0–T6 坐标,自动通过,metadata_pending,
路.md,WL-WORK-0435,路,,科马克·麦卡锡,Cormac McCarthy,,T6 当代全球文学,T6,,HAS_T,,,已有有效 T0–T6 坐标,自动通过,,
路边野餐.md,WL-WORK-0336,路边野餐,,斯特鲁加茨基兄弟,,,T5 二战后多极文学,T5,,HAS_T,,,已有有效 T0–T6 坐标,自动通过,,
跳房子.md,WL-WORK-1877,跳房子,,胡里奥·科塔萨尔,Julio Cortázar,,T5 二战后多极文学,T5,,HAS_T,,,已有有效 T0–T6 坐标,自动通过,metadata_pending,CANON-182
轨道之云.md,WL-WORK-0451,轨道之云,,藤井太洋,,,,,,MISSING_T_REVIEW_NO_YEAR,,,缺 T 且缺少可机器读取 year，需要书目/成书史核验,自动通过,,
轻舔丝绒.md,WL-WORK-1296,轻舔丝绒,,萨拉·沃特斯,Sarah Waters,,T6 当代全球文学,T6,,HAS_T,,,已有有效 T0–T6 坐标,自动通过,metadata_pending,
辛努赫传.md,WL-WORK-T0-SINUHE,辛努赫传,The Tale of Sinuhe,佚名,,,T0 文学源头与古代文学,T0,,HAS_T,,anonymous_or_oral,已有有效 T0–T6 坐标,手工核验,metadata_pending,
辛巴达航海.md,WL-WORK-0847,辛巴达航海,,佚名,中的,,,,,MISSING_T_REVIEW_NO_YEAR,,anonymous_or_oral,缺 T 且缺少可机器读取 year，需要书目/成书史核验,自动通过,metadata_pending,
辛德勒方舟.md,WL-WORK-3048,辛德勒方舟,Schindler's Ark,托马斯·基尼利,Thomas Keneally,,T6 当代全球文学,T6,,HAS_T,,,已有有效 T0–T6 坐标,需复核,metadata_pending,
边城.md,WL-WORK-2138,边城,,沈从文,,,T4 全球现代主义时代,T4,,HAS_T,,,已有有效 T0–T6 坐标,自动通过,metadata_pending,CANON-043
边城浪子.md,WL-WORK-2620,边城浪子,,古龙,,,T5 二战后多极文学,T5,,HAS_T,,,已有有效 T0–T6 坐标,自动通过,metadata_pending,
边境之屋.md,WL-WORK-0848,边境之屋,,威廉·霍普·霍奇森,William Hope Hodgson,,T4 全球现代主义时代,T4,,HAS_T,,,已有有效 T0–T6 坐标,自动通过,metadata_pending,
边荒传说.md,WL-WORK-2621,边荒传说,,黄易,,,T6 当代全球文学,T6,,HAS_T,,title_aggregate_or_tradition,已有有效 T0–T6 坐标,自动通过,metadata_pending,
达·芬奇密码.md,WL-WORK-2764,达·芬奇密码,,丹·布朗,,,T6 当代全球文学,T6,,HAS_T,,,已有有效 T0–T6 坐标,个人补录,metadata_pending,
达夫尼与克洛伊.md,WL-WORK-2139,达夫尼与克洛伊,,朗戈斯,Longus,,,,,MISSING_T_REVIEW_NO_YEAR,,,缺 T 且缺少可机器读取 year，需要书目/成书史核验,自动通过,metadata_pending,
达尔文电台.md,WL-WORK-2945,达尔文电台,Darwin’s Radio,格雷格·贝尔,Greg Bear,,T6 当代全球文学,T6,,HAS_T,,,已有有效 T0–T6 坐标,需复核,metadata_pending,
达尔格伦.md,WL-WORK-0350,达尔格伦,,塞缪尔·R.德拉尼,Samuel R. Delany,,T5 二战后多极文学,T5,,HAS_T,,,已有有效 T0–T6 坐标,自动通过,,
达洛维夫人.md,WL-WORK-1878,达洛维夫人,,弗吉尼亚·伍尔夫,Virginia Woolf,,T4 全球现代主义时代,T4,,HAS_T,,,已有有效 T0–T6 坐标,自动通过,metadata_pending,CANON-139
过于喧嚣的孤独.md,WL-WORK-1879,过于喧嚣的孤独,,博胡米尔·赫拉巴尔,Bohumil Hrabal,,T5 二战后多极文学,T5,,HAS_T,,,已有有效 T0–T6 坐标,自动通过,metadata_pending,
迈克尔·K的生活与时代.md,WL-WORK-3049,迈克尔·K的生活与时代,Life and Times of Michael K,J.M.库切,J. M. Coetzee,,T6 当代全球文学,T6,,HAS_T,,,已有有效 T0–T6 坐标,需复核,metadata_pending,
近代侠义英雄传.md,WL-WORK-2622,近代侠义英雄传,,平江不肖生,,,,,,MISSING_T_REVIEW_NO_YEAR,,,缺 T 且缺少可机器读取 year，需要书目/成书史核验,自动通过,metadata_pending,
这完美的一天.md,WL-WORK-1297,这完美的一天,,艾拉·莱文,Ira Levin,,T5 二战后多极文学,T5,,HAS_T,,,已有有效 T0–T6 坐标,自动通过,metadata_pending,
这是不是个人.md,WL-WORK-1298,这是不是个人,,普里莫·莱维,Primo Levi,,T5 二战后多极文学,T5,,HAS_T,,,已有有效 T0–T6 坐标,自动通过,metadata_pending,
这样你就输掉时间战争.md,WL-WORK-0439,这样你就输掉时间战争,,阿马尔·艾尔-莫赫塔尔 / 马克斯·格拉德斯通,Amal El-Mohtar / Max Gladstone,,T6 当代全球文学,T6,,HAS_T,,,已有有效 T0–T6 坐标,自动通过,,
这边风景.md,WL-WORK-2883,这边风景,,王蒙,,,T6 当代全球文学,T6,,HAS_T,,,已有有效 T0–T6 坐标,需复核,metadata_pending,
进入盛夏之门.md,WL-WORK-0305,进入盛夏之门,,罗伯特·海因莱因,,,T5 二战后多极文学,T5,,HAS_T,,,已有有效 T0–T6 坐标,自动通过,,
进军.md,WL-WORK-1299,进军,,E.L.多克托罗,E.L. Doctorow,,T6 当代全球文学,T6,,HAS_T,,,已有有效 T0–T6 坐标,自动通过,metadata_pending,
远大前程.md,WL-WORK-1300,远大前程,Great Expectations,查尔斯·狄更斯,Charles Dickens,,T3 19世纪现代文学体系,T3,,HAS_T,,,已有有效 T0–T6 坐标,手工核验,metadata_pending,CANON-097
远征.md,WL-WORK-1880,远征,,圣-琼·佩斯,Saint-John Perse,,,,,MISSING_T_REVIEW_NO_YEAR,,,缺 T 且缺少可机器读取 year，需要书目/成书史核验,自动通过,metadata_pending,
远航.md,WL-WORK-1301,远航,,弗吉尼亚·伍尔夫,Virginia Woolf,,T4 全球现代主义时代,T4,,HAS_T,,,已有有效 T0–T6 坐标,自动通过,metadata_pending,
连城诀.md,WL-WORK-2623,连城诀,,金庸,,,T5 二战后多极文学,T5,,HAS_T,,,已有有效 T0–T6 坐标,自动通过,metadata_pending,
迪米特里奥斯之棺.md,WL-WORK-0252,迪米特里奥斯之棺,,埃里克·安布勒,Eric Ambler,,T4 全球现代主义时代,T4,,HAS_T,,,已有有效 T0–T6 坐标,自动通过,,
迷失在开心馆.md,WL-WORK-1881,迷失在开心馆,,约翰·巴斯,John Barth,,T5 二战后多极文学,T5,,HAS_T,,,已有有效 T0–T6 坐标,自动通过,metadata_pending,
迷宫中的将军.md,WL-WORK-1302,迷宫中的将军,,加西亚·马尔克斯,Gabriel García Márquez,,T6 当代全球文学,T6,,HAS_T,,,已有有效 T0–T6 坐标,自动通过,metadata_pending,
迷宫馆事件.md,WL-WORK-0181,迷宫馆事件,,绫辻行人,,,T6 当代全球文学,T6,,HAS_T,,,已有有效 T0–T6 坐标,自动通过,,
迷惘.md,WL-WORK-1882,迷惘,,埃利亚斯·卡内蒂,Elias Canetti,,,,,MISSING_T_REVIEW_NO_YEAR,,,缺 T 且缺少可机器读取 year，需要书目/成书史核验,自动通过,metadata_pending,
迷迭香与芸香.md,WL-WORK-0849,迷迭香与芸香,,西南·麦圭尔,Seanan McGuire,,,,,MISSING_T_REVIEW_NO_YEAR,,,缺 T 且缺少可机器读取 year，需要书目/成书史核验,自动通过,metadata_pending,
迷雾.md,WL-WORK-0850,迷雾,,斯蒂芬·金,Stephen King,,T6 当代全球文学,T6,,HAS_T,,,已有有效 T0–T6 坐标,自动通过,metadata_pending,
迷雾之子：最后帝国.md,WL-WORK-0851,迷雾之子：最后帝国,,布兰登·桑德森,Brandon Sanderson,,T6 当代全球文学,T6,,HAS_T,,,已有有效 T0–T6 坐标,自动通过,metadata_pending,
追忆似水年华.md,WL-WORK-1303,追忆似水年华,,普鲁斯特,Proust,,T4 全球现代主义时代,T4,,HAS_T,,,已有有效 T0–T6 坐标,自动通过,metadata_pending,CANON-135
追风筝的人.md,WL-WORK-2140,追风筝的人,,卡勒德·胡赛尼,Khaled Hosseini,,T6 当代全球文学,T6,,HAS_T,,,已有有效 T0–T6 坐标,自动通过,metadata_pending,
逆水寒.md,WL-WORK-2624,逆水寒,,温瑞安,,,T6 当代全球文学,T6,,HAS_T,,,已有有效 T0–T6 坐标,自动通过,metadata_pending,
逆流.md,WL-WORK-1883,逆流,,于斯曼,,,,,,MISSING_T_REVIEW_NO_YEAR,,,缺 T 且缺少可机器读取 year，需要书目/成书史核验,自动通过,metadata_pending,
通往北方的窄路.md,WL-WORK-3071,通往北方的窄路,The Narrow Road to the Deep North,理查德·弗拉纳根,Richard Flanagan,,T6 当代全球文学,T6,,HAS_T,,,已有有效 T0–T6 坐标,需复核,metadata_pending,
通过仪式.md,WL-WORK-2931,通过仪式,Rite of Passage,阿列克谢·潘申,Alexei Panshin,,T5 二战后多极文学,T5,,HAS_T,,,已有有效 T0–T6 坐标,需复核,metadata_pending,
通过礼仪.md,WL-WORK-3047,通过礼仪,Rites of Passage,威廉·戈尔丁,William Golding,,T5 二战后多极文学,T5,,HAS_T,,,已有有效 T0–T6 坐标,需复核,metadata_pending,
逝去的武林.md,WL-WORK-2625,逝去的武林,,徐皓峰,,,,,,MISSING_T_REVIEW_NO_YEAR,,,缺 T 且缺少可机器读取 year，需要书目/成书史核验,自动通过,metadata_pending,
造星者.md,WL-WORK-0286,造星者,,奥拉夫·斯塔普雷顿,斯塔普雷顿,,T4 全球现代主义时代,T4,,HAS_T,,,已有有效 T0–T6 坐标,自动通过,,
造船厂.md,WL-WORK-1884,造船厂,,奥内蒂,,,,,,MISSING_T_REVIEW_NO_YEAR,,,缺 T 且缺少可机器读取 year，需要书目/成书史核验,自动通过,metadata_pending,
道士下山.md,WL-WORK-2626,道士下山,,徐皓峰,,,,,,MISSING_T_REVIEW_NO_YEAR,,,缺 T 且缺少可机器读取 year，需要书目/成书史核验,自动通过,metadata_pending,
道德剧.md,WL-WORK-1304,道德剧,,巴里·昂斯沃思,Barry Unsworth,,T6 当代全球文学,T6,,HAS_T,,,已有有效 T0–T6 坐标,自动通过,metadata_pending,
道林·格雷的画像.md,WL-WORK-0852,道林·格雷的画像,,奥斯卡·王尔德,Oscar Wilde,,T4 全球现代主义时代,T4,,HAS_T,,,已有有效 T0–T6 坐标,自动通过,metadata_pending,CANON-100
遗忘之兽.md,WL-WORK-0853,遗忘之兽,,帕特里夏·A.麦基利普,Patricia A. McKillip,,,,,MISSING_T_REVIEW_NO_YEAR,,,缺 T 且缺少可机器读取 year，需要书目/成书史核验,自动通过,metadata_pending,
遮住她的脸.md,WL-WORK-0102,遮住她的脸,,P.D.詹姆斯,P.D. James,,T5 二战后多极文学,T5,,HAS_T,,,已有有效 T0–T6 坐标,自动通过,,
邪恶东西悄然来.md,WL-WORK-0854,邪恶东西悄然来,,雷·布拉德伯里,Ray Bradbury,,T5 二战后多极文学,T5,,HAS_T,,,已有有效 T0–T6 坐标,自动通过,metadata_pending,
邮差总按两遍铃.md,WL-WORK-0078,邮差总按两遍铃,,詹姆斯·M.凯恩,James M. Cain,,T4 全球现代主义时代,T4,,HAS_T,,,已有有效 T0–T6 坐标,自动通过,,
都市风景线.md,WL-WORK-1885,都市风景线,,刘呐鸥,,,,,,MISSING_T_REVIEW_NO_YEAR,,,缺 T 且缺少可机器读取 year，需要书目/成书史核验,自动通过,metadata_pending,
都市风流.md,WL-WORK-2863,都市风流,,孙力、余小惠,,,T6 当代全球文学,T6,,HAS_T,,,已有有效 T0–T6 坐标,需复核,metadata_pending,
都柏林人.md,WL-WORK-1886,都柏林人,,詹姆斯·乔伊斯,Joyce,,T4 全球现代主义时代,T4,,HAS_T,,,已有有效 T0–T6 坐标,自动通过,metadata_pending,CANON-137
酒吧长谈.md,WL-WORK-1887,酒吧长谈,,巴尔加斯·略萨,,,T5 二战后多极文学,T5,,HAS_T,,,已有有效 T0–T6 坐标,自动通过,metadata_pending,CANON-184
酒神的伴侣.md,WL-WORK-1511,酒神的伴侣,,欧里庇得斯,,,T0 文学源头与古代文学,T0,,HAS_T,,,已有有效 T0–T6 坐标,自动通过,metadata_pending,
酒神的女信徒.md,WL-WORK-1512,酒神的女信徒,,欧里庇得斯,,,T0 文学源头与古代文学,T0,,HAS_T,,,已有有效 T0–T6 坐标,自动通过,metadata_pending,
醇酒集.md,WL-WORK-1888,醇酒集,,阿波利奈尔,Guillaume Apollinaire,,T4 全球现代主义时代,T4,,HAS_T,,,已有有效 T0–T6 坐标,自动通过,metadata_pending,
里加之犬.md,WL-WORK-0221,里加之犬,,亨宁·曼凯尔,Henning Mankell,,T6 当代全球文学,T6,,HAS_T,,,已有有效 T0–T6 坐标,自动通过,,
里斯本之夜.md,WL-WORK-2698,里斯本之夜,,雷马克,,,T5 二战后多极文学,T5,,HAS_T,,,已有有效 T0–T6 坐标,个人补录,metadata_pending,
重力任务.md,WL-WORK-0368,重力任务,,哈尔·克莱门特,Hal Clement,,T5 二战后多极文学,T5,,HAS_T,,,已有有效 T0–T6 坐标,自动通过,,
重现的时光.md,WL-WORK-1889,重现的时光,,普鲁斯特,Marcel Proust,,T4 全球现代主义时代,T4,,HAS_T,,,已有有效 T0–T6 坐标,自动通过,metadata_pending,
重生.md,WL-WORK-1305,重生,,帕特·巴克,Pat Barker,,T6 当代全球文学,T6,,HAS_T,,,已有有效 T0–T6 坐标,自动通过,metadata_pending,
重返海法.md,WL-WORK-2141,重返海法,,格桑·卡纳法尼,Kanafani,,T5 二战后多极文学,T5,,HAS_T,,,已有有效 T0–T6 坐标,自动通过,metadata_pending,
野兽必须死.md,WL-WORK-0066,野兽必须死,The Beast Must Die,尼古拉斯·布莱克,Nicholas Blake,,,,,MISSING_T_REVIEW_NO_YEAR,,,缺 T 且缺少可机器读取 year，需要书目/成书史核验,自动通过,,
野性的呼唤.md,WL-WORK-0855,野性的呼唤,,杰克·伦敦,Jack London,,T4 全球现代主义时代,T4,,HAS_T,,,已有有效 T0–T6 坐标,自动通过,metadata_pending,
野性的证明.md,WL-WORK-0167,野性的证明,,森村诚一,,,T5 二战后多极文学,T5,,HAS_T,,,已有有效 T0–T6 坐标,自动通过,,
野火.md,WL-WORK-1306,野火,,大冈升平,,,T5 二战后多极文学,T5,,HAS_T,,,已有有效 T0–T6 坐标,自动通过,metadata_pending,
野草.md,WL-WORK-1890,野草,,鲁迅,,,T4 全球现代主义时代,T4,,HAS_T,,,已有有效 T0–T6 坐标,自动通过,metadata_pending,
量子玫瑰.md,WL-WORK-2946,量子玫瑰,The Quantum Rose,凯瑟琳·阿萨罗,Catherine Asaro,,T6 当代全球文学,T6,,HAS_T,,,已有有效 T0–T6 坐标,需复核,metadata_pending,
量子窃贼.md,WL-WORK-0400,量子窃贼,,汉努·拉贾涅米,Hannu Rajaniemi,,T6 当代全球文学,T6,,HAS_T,,,已有有效 T0–T6 坐标,自动通过,,
金云翘传.md,WL-WORK-3170,金云翘传,Truyện Kiều,阮攸,Nguyễn Du,,T3 19世纪现代文学体系,T3,,HAS_T,,,已有有效 T0–T6 坐标,需复核,metadata_pending,CANON-221
金剑雕翎.md,WL-WORK-2627,金剑雕翎,,梁羽生,,,T5 二战后多极文学,T5,,HAS_T,,,已有有效 T0–T6 坐标,自动通过,metadata_pending,
金卡斯·博尔巴.md,WL-WORK-1891,金卡斯·博尔巴,,马沙多·德·阿西斯,,,,,,MISSING_T_REVIEW_NO_YEAR,,,缺 T 且缺少可机器读取 year，需要书目/成书史核验,自动通过,metadata_pending,
金姆.md,WL-WORK-0856,金姆,,吉卜林,Kipling,,T4 全球现代主义时代,T4,,HAS_T,,,已有有效 T0–T6 坐标,自动通过,metadata_pending,
金字塔铭文.md,WL-WORK-1513,金字塔铭文,,佚名,,,T0 文学源头与古代文学,T0,,HAS_T,,anonymous_or_oral,已有有效 T0–T6 坐标,自动通过,metadata_pending,
金瓶梅.md,WL-WORK-1307,金瓶梅,金瓶梅词话,兰陵笑笑生,,,T2 早期现代文学,T2,,HAS_T,,,已有有效 T0–T6 坐标,手工核验,metadata_pending,CANON-033
金翅雀.md,WL-WORK-3025,金翅雀,The Goldfinch,唐娜·塔特,Donna Tartt,,T6 当代全球文学,T6,,HAS_T,,,已有有效 T0–T6 坐标,需复核,metadata_pending,
金色名望柑橘.md,WL-WORK-1308,金色名望柑橘,,克莱尔·维伊·沃特金斯,Claire Vaye Watkins,,,,,MISSING_T_REVIEW_NO_YEAR,,,缺 T 且缺少可机器读取 year，需要书目/成书史核验,自动通过,metadata_pending,
金色平原的故事.md,WL-WORK-0857,金色平原的故事,,威廉·莫里斯,William Morris,,T4 全球现代主义时代,T4,,HAS_T,,,已有有效 T0–T6 坐标,自动通过,metadata_pending,
金色笔记.md,WL-WORK-1892,金色笔记,,多丽丝·莱辛,Doris Lessing,,T5 二战后多极文学,T5,,HAS_T,,,已有有效 T0–T6 坐标,自动通过,metadata_pending,CANON-207
金钱.md,WL-WORK-1309,金钱,,左拉,Émile Zola,,T4 全球现代主义时代,T4,,HAS_T,,,已有有效 T0–T6 坐标,自动通过,metadata_pending,
金银岛.md,WL-WORK-0858,金银岛,Treasure Island,罗伯特·路易斯·史蒂文森,Robert Louis Stevenson,,T3 19世纪现代文学体系,T3,,HAS_T,,,已有有效 T0–T6 坐标,自动通过,metadata_pending,CANON-102
金锁记.md,WL-WORK-1893,金锁记,,张爱玲,,,T4 全球现代主义时代,T4,,HAS_T,,,已有有效 T0–T6 坐标,自动通过,metadata_pending,
金阁寺.md,WL-WORK-1894,金阁寺,,三岛由纪夫,Mishima Yukio,1956,T5 二战后多极文学,T5,,HAS_T,,,已有有效 T0–T6 坐标,手工核验,curated,CANON-056
金陵十三钗.md,WL-WORK-1310,金陵十三钗,,严歌苓,,,T6 当代全球文学,T6,,HAS_T,,,已有有效 T0–T6 坐标,自动通过,metadata_pending,
针眼.md,WL-WORK-3105,针眼,The Eye of the Needle,肯·福莱特,Ken Follett,,T5 二战后多极文学,T5,,HAS_T,,,已有有效 T0–T6 坐标,需复核,metadata_pending,
钟形罩.md,WL-WORK-1311,钟形罩,,西尔维娅·普拉斯,Sylvia Plath,,T5 二战后多极文学,T5,,HAS_T,,,已有有效 T0–T6 坐标,自动通过,metadata_pending,
钟表馆事件.md,WL-WORK-0182,钟表馆事件,,绫辻行人,,,T6 当代全球文学,T6,,HAS_T,,,已有有效 T0–T6 坐标,自动通过,,
钟鼓楼.md,WL-WORK-2862,钟鼓楼,,刘心武,,,T6 当代全球文学,T6,,HAS_T,,,已有有效 T0–T6 坐标,需复核,metadata_pending,
钢穴.md,WL-WORK-0298,钢穴,,艾萨克·阿西莫夫,,,T5 二战后多极文学,T5,,HAS_T,,,已有有效 T0–T6 坐标,自动通过,,
钢铁是怎样炼成的.md,WL-WORK-1312,钢铁是怎样炼成的,,尼古拉·奥斯特洛夫斯基,Nikolai Ostrovsky,,T4 全球现代主义时代,T4,,HAS_T,,,已有有效 T0–T6 坐标,自动通过,metadata_pending,
钢铁风暴.md,WL-WORK-2142,钢铁风暴,,恩斯特·荣格尔,Jünger,,,,,MISSING_T_REVIEW_NO_YEAR,,,缺 T 且缺少可机器读取 year，需要书目/成书史核验,自动通过,metadata_pending,
钱多斯勋爵的信.md,WL-WORK-1895,钱多斯勋爵的信,,霍夫曼斯塔尔,,,,,,MISSING_T_REVIEW_NO_YEAR,,,缺 T 且缺少可机器读取 year，需要书目/成书史核验,自动通过,metadata_pending,
钻石年代.md,WL-WORK-0395,钻石年代,,尼尔·斯蒂芬森,Neal Stephenson,,T6 当代全球文学,T6,,HAS_T,,,已有有效 T0–T6 坐标,自动通过,,
铁手骑士葛兹·冯·贝利欣根.md,WL-WORK-2628,铁手骑士葛兹·冯·贝利欣根,,歌德,,,T2 早期现代文学,T2,,HAS_T,,,已有有效 T0–T6 坐标,自动通过,metadata_pending,
铁皮鼓.md,WL-WORK-2143,铁皮鼓,,君特·格拉斯,,,T5 二战后多极文学,T5,,HAS_T,,,已有有效 T0–T6 坐标,自动通过,metadata_pending,CANON-152
铁草.md,WL-WORK-3003,铁草,Ironweed,威廉·肯尼迪,William Kennedy,,T6 当代全球文学,T6,,HAS_T,,,已有有效 T0–T6 坐标,需复核,metadata_pending,
铁蹄.md,WL-WORK-0280,铁蹄,,杰克·伦敦,,,T4 全球现代主义时代,T4,,HAS_T,,,已有有效 T0–T6 坐标,自动通过,,
铁道游击队.md,WL-WORK-2144,铁道游击队,,刘知侠,,,,,,MISSING_T_REVIEW_NO_YEAR,,,缺 T 且缺少可机器读取 year，需要书目/成书史核验,自动通过,metadata_pending,
铁骑银瓶.md,WL-WORK-2629,铁骑银瓶,,梁羽生,,,T5 二战后多极文学,T5,,HAS_T,,,已有有效 T0–T6 坐标,自动通过,metadata_pending,
银河巡警.md,WL-WORK-0289,银河巡警,,E.E.史密斯,E.E. Smith,,T4 全球现代主义时代,T4,,HAS_T,,,已有有效 T0–T6 坐标,自动通过,,
银河系漫游指南.md,WL-WORK-0485,银河系漫游指南,,道格拉斯·亚当斯,Douglas Adams,,T5 二战后多极文学,T5,,HAS_T,,,已有有效 T0–T6 坐标,自动通过,,
银河铁道之夜.md,WL-WORK-2737,银河铁道之夜,,宫泽贤治,,,T4 全球现代主义时代,T4,,HAS_T,,,已有有效 T0–T6 坐标,个人补录,metadata_pending,
锁匠.md,WL-WORK-3137,锁匠,The Lock Artist,史蒂夫·汉密尔顿,Steve Hamilton,,T6 当代全球文学,T6,,HAS_T,,,已有有效 T0–T6 坐标,需复核,metadata_pending,
锅匠，裁缝，士兵，间谍.md,WL-WORK-0254,锅匠，裁缝，士兵，间谍,,约翰·勒卡雷,John le Carré,,T5 二战后多极文学,T5,,HAS_T,,,已有有效 T0–T6 坐标,需复核,,
锌皮娃娃兵.md,WL-WORK-2145,锌皮娃娃兵,,阿列克谢耶维奇,,,T6 当代全球文学,T6,,HAS_T,,,已有有效 T0–T6 坐标,自动通过,metadata_pending,
镇尼大师.md,WL-WORK-2954,镇尼大师,A Master of Djinn,P·杰利·克拉克,P. Djèlí Clark,,T6 当代全球文学,T6,,HAS_T,,,已有有效 T0–T6 坐标,需复核,metadata_pending,
镍童.md,WL-WORK-3028,镍童,The Nickel Boys,科尔森·怀特黑德,Colson Whitehead,,T6 当代全球文学,T6,,HAS_T,,,已有有效 T0–T6 坐标,需复核,metadata_pending,
镜与光.md,WL-WORK-1313,镜与光,,希拉里·曼特尔,Hilary Mantel,,T6 当代全球文学,T6,,HAS_T,,,已有有效 T0–T6 坐标,自动通过,metadata_pending,
镜中舞.md,WL-WORK-2914,镜中舞,Mirror Dance,洛伊斯·麦克马斯特·比约德,Lois McMaster Bujold,,T6 当代全球文学,T6,,HAS_T,,,已有有效 T0–T6 坐标,需复核,metadata_pending,
镜影.md,WL-WORK-0392,镜影,Mirrorshades,威廉·吉布森,William Gibson,,T6 当代全球文学,T6,,HAS_T,,,已有有效 T0–T6 坐标,需复核,,
镜花缘.md,WL-WORK-T3-JINGHUA-YUAN,镜花缘,,李汝珍,,,T3 19世纪现代文学体系,T3,,HAS_T,,,已有有效 T0–T6 坐标,手工核验,metadata_pending,
长夜难明.md,WL-WORK-0245,长夜难明,,紫金陈,,,T6 当代全球文学,T6,,HAS_T,,,已有有效 T0–T6 坐标,自动通过,,
长安古意.md,WL-WORK-2630,长安古意,,小椴,,,T6 当代全球文学,T6,,HAS_T,,,已有有效 T0–T6 坐标,自动通过,metadata_pending,
长恨歌.md,WL-WORK-2868,长恨歌,,王安忆,,,T6 当代全球文学,T6,,HAS_T,,,已有有效 T0–T6 坐标,需复核,metadata_pending,
长日将尽.md,WL-WORK-2146,长日将尽,,石黑一雄,,,T6 当代全球文学,T6,,HAS_T,,,已有有效 T0–T6 坐标,自动通过,metadata_pending,
长眠不醒.md,WL-WORK-0075,长眠不醒,,雷蒙德·钱德勒,Raymond Chandler,,T4 全球现代主义时代,T4,,HAS_T,,,已有有效 T0–T6 坐标,自动通过,,
门中眼.md,WL-WORK-1314,门中眼,,帕特·巴克,Pat Barker,,T6 当代全球文学,T6,,HAS_T,,,已有有效 T0–T6 坐标,自动通过,metadata_pending,
门外.md,WL-WORK-1896,门外,,沃尔夫冈·博尔歇特,Wolfgang Borchert,,T5 二战后多极文学,T5,,HAS_T,,,已有有效 T0–T6 坐标,自动通过,metadata_pending,
门户.md,WL-WORK-0340,门户,Gateway,弗雷德里克·波尔,Pohl,,T5 二战后多极文学,T5,,HAS_T,,,已有有效 T0–T6 坐标,自动通过,,
闪灵.md,WL-WORK-0859,闪灵,,斯蒂芬·金,Stephen King,,T5 二战后多极文学,T5,,HAS_T,,,已有有效 T0–T6 坐标,自动通过,metadata_pending,
阅微草堂笔记.md,WL-WORK-0860,阅微草堂笔记,,纪昀,,,,,,MISSING_T_REVIEW_NO_YEAR,,,缺 T 且缺少可机器读取 year，需要书目/成书史核验,自动通过,metadata_pending,
队列.md,WL-WORK-0478,队列,The Queue,巴斯玛·阿卜杜勒·阿齐兹,Basma Abdel Aziz,,,,,MISSING_T_REVIEW_NO_YEAR,,,缺 T 且缺少可机器读取 year，需要书目/成书史核验,自动通过,,
队列之末.md,WL-WORK-1315,队列之末,,福特·马多克斯·福特,Ford Madox Ford,,T4 全球现代主义时代,T4,,HAS_T,,,已有有效 T0–T6 坐标,自动通过,metadata_pending,
阳光下的葡萄干.md,WL-WORK-1897,阳光下的葡萄干,,洛兰·汉斯贝里,Lorraine Hansberry,,T5 二战后多极文学,T5,,HAS_T,,,已有有效 T0–T6 坐标,自动通过,metadata_pending,
阴兽.md,WL-WORK-0149,阴兽,,江户川乱步,,,T4 全球现代主义时代,T4,,HAS_T,,,已有有效 T0–T6 坐标,自动通过,,
阴暗的绘画.md,WL-WORK-1898,阴暗的绘画,,野间宏,,,T5 二战后多极文学,T5,,HAS_T,,,已有有效 T0–T6 坐标,自动通过,metadata_pending,
阿伽通.md,WL-WORK-1316,阿伽通,,德国起点,,,,,,MISSING_T_REVIEW_NO_YEAR,,,缺 T 且缺少可机器读取 year，需要书目/成书史核验,自动通过,metadata_pending,
阿伽通的故事.md,WL-WORK-1317,阿伽通的故事,,维兰德,Wieland,,,,,MISSING_T_REVIEW_NO_YEAR,,,缺 T 且缺少可机器读取 year，需要书目/成书史核验,自动通过,metadata_pending,
阿伽门农.md,WL-WORK-T0-AGAMEMNON,阿伽门农,Agamemnon,埃斯库罗斯,,,T0 文学源头与古代文学,T0,,HAS_T,,,已有有效 T0–T6 坐标,手工核验,metadata_pending,
阿加莎·莱辛和乳蛋饼命案.md,WL-WORK-0140,阿加莎·莱辛和乳蛋饼命案,,M.C.比顿,M.C. Beaton,,,,,MISSING_T_REVIEW_NO_YEAR,,,缺 T 且缺少可机器读取 year，需要书目/成书史核验,自动通过,,
阿努比斯之门.md,WL-WORK-0861,阿努比斯之门,,蒂姆·鲍尔斯,Tim Powers,,,,,MISSING_T_REVIEW_NO_YEAR,,,缺 T 且缺少可机器读取 year，需要书目/成书史核验,自动通过,metadata_pending,
阿劳卡纳.md,WL-WORK-1899,阿劳卡纳,,阿隆索·德·埃尔西利亚,,,,,,MISSING_T_REVIEW_NO_YEAR,,,缺 T 且缺少可机器读取 year，需要书目/成书史核验,自动通过,metadata_pending,
阿卡塔女巫.md,WL-WORK-0862,阿卡塔女巫,,恩涅蒂·奥科拉弗,Nnedi Okorafor,,,,,MISSING_T_REVIEW_NO_YEAR,,,缺 T 且缺少可机器读取 year，需要书目/成书史核验,自动通过,metadata_pending,
阿卡特史诗.md,WL-WORK-1514,阿卡特史诗,,佚名,,,T0 文学源头与古代文学,T0,,HAS_T,,title_aggregate_or_tradition;anonymous_or_oral,已有有效 T0–T6 坐标,自动通过,metadata_pending,
阿喀琉斯之歌.md,WL-WORK-0863,阿喀琉斯之歌,,玛德琳·米勒,Madeline Miller,,T6 当代全球文学,T6,,HAS_T,,,已有有效 T0–T6 坐标,自动通过,metadata_pending,
阿尔-拉桑的雄狮.md,WL-WORK-0864,阿尔-拉桑的雄狮,,盖伊·加夫里尔·凯,Guy Gavriel Kay,,T6 当代全球文学,T6,,HAS_T,,,已有有效 T0–T6 坐标,自动通过,metadata_pending,
阿尔塔索尔.md,WL-WORK-1900,阿尔塔索尔,,比森特·维多夫罗,,,,,,MISSING_T_REVIEW_NO_YEAR,,,缺 T 且缺少可机器读取 year，需要书目/成书史核验,自动通过,metadata_pending,
阿尔戈船英雄纪.md,WL-WORK-0865,阿尔戈船英雄纪,Argonautica,阿波罗尼奥斯,,,,,,MISSING_T_REVIEW_NO_YEAR,,,缺 T 且缺少可机器读取 year，需要书目/成书史核验,人工核验,metadata_pending,
阿尔特米奥·克罗斯之死.md,WL-WORK-1318,阿尔特米奥·克罗斯之死,,卡洛斯·富恩特斯,Carlos Fuentes,,T5 二战后多极文学,T5,,HAS_T,,,已有有效 T0–T6 坐标,自动通过,metadata_pending,CANON-183
阿拉特里斯特上尉.md,WL-WORK-2631,阿拉特里斯特上尉,El capitán Alatriste,阿图罗·佩雷斯-雷维特,Captain Alatriste,,T6 当代全球文学,T6,,HAS_T,,,已有有效 T0–T6 坐标,自动通过,metadata_pending,
阿特拉哈西斯史诗.md,WL-WORK-1516,阿特拉哈西斯史诗,,佚名,,,T0 文学源头与古代文学,T0,,HAS_T,,title_aggregate_or_tradition;anonymous_or_oral,已有有效 T0–T6 坐标,自动通过,metadata_pending,
阿玛利亚.md,WL-WORK-1901,阿玛利亚,,何塞·马莫尔,,,,,,MISSING_T_REVIEW_NO_YEAR,,,缺 T 且缺少可机器读取 year，需要书目/成书史核验,自动通过,metadata_pending,
阿瓦隆迷雾.md,WL-WORK-0866,阿瓦隆迷雾,,玛丽恩·齐默·布拉德利,Marion Zimmer Bradley,,,,,MISSING_T_REVIEW_NO_YEAR,,,缺 T 且缺少可机器读取 year，需要书目/成书史核验,自动通过,metadata_pending,
阿维斯塔.md,WL-WORK-1517,阿维斯塔,,佚名,,,T0 文学源头与古代文学,T0,,HAS_T,,anonymous_or_oral,已有有效 T0–T6 坐标,自动通过,metadata_pending,
阿罗史密斯.md,WL-WORK-2964,阿罗史密斯,Arrowsmith,辛克莱·刘易斯,Sinclair Lewis,,T4 全球现代主义时代,T4,,HAS_T,,,已有有效 T0–T6 坐标,需复核,metadata_pending,
阿莱夫.md,WL-WORK-1902,阿莱夫,,博尔赫斯,Borges,,T5 二战后多极文学,T5,,HAS_T,,,已有有效 T0–T6 坐标,自动通过,metadata_pending,
阿蒙蒂亚多酒桶.md,WL-WORK-0867,阿蒙蒂亚多酒桶,,爱伦·坡,Edgar Allan Poe,,T3 19世纪现代文学体系,T3,,HAS_T,,,已有有效 T0–T6 坐标,自动通过,metadata_pending,
阿达诺之钟.md,WL-WORK-2979,阿达诺之钟,A Bell for Adano,约翰·赫西,John Hersey,,T4 全球现代主义时代,T4,,HAS_T,,,已有有效 T0–T6 坐标,需复核,metadata_pending,
阿部一族.md,WL-WORK-2632,阿部一族,Abe Ichizoku,森鸥外,,,T4 全球现代主义时代,T4,,HAS_T,,,已有有效 T0–T6 坐标,自动通过,metadata_pending,
阿里埃尔.md,WL-WORK-1903,阿里埃尔,,何塞·恩里克·罗多,Rodó,,,,,MISSING_T_REVIEW_NO_YEAR,,,缺 T 且缺少可机器读取 year，需要书目/成书史核验,自动通过,metadata_pending,
附属正义.md,WL-WORK-0411,附属正义,,安·莱姬,Ann Leckie,,T6 当代全球文学,T6,,HAS_T,,,已有有效 T0–T6 坐标,自动通过,,
陆小凤传奇：金鹏王朝.md,WL-WORK-2633,陆小凤传奇：金鹏王朝,,古龙,,,T5 二战后多极文学,T5,,HAS_T,,,已有有效 T0–T6 坐标,自动通过,metadata_pending,
陆犯焉识.md,WL-WORK-2147,陆犯焉识,,严歌苓,,,T6 当代全球文学,T6,,HAS_T,,,已有有效 T0–T6 坐标,自动通过,metadata_pending,
陌生人日记.md,WL-WORK-3146,陌生人日记,The Stranger Diaries,埃莉·格里菲斯,Elly Griffiths,,T6 当代全球文学,T6,,HAS_T,,,已有有效 T0–T6 坐标,需复核,metadata_pending,
陌生人肖像.md,WL-WORK-1904,陌生人肖像,,娜塔莉·萨洛特,Nathalie Sarraute,,T5 二战后多极文学,T5,,HAS_T,,,已有有效 T0–T6 坐标,自动通过,metadata_pending,
除时间外没有敌人.md,WL-WORK-2935,除时间外没有敌人,No Enemy but Time,迈克尔·毕晓普,Michael Bishop,,T6 当代全球文学,T6,,HAS_T,,,已有有效 T0–T6 坐标,需复核,metadata_pending,
陶渊明诗选.md,WL-WORK-3185,陶渊明诗选,Selected Poems of Tao Yuanming,陶渊明,Tao Yuanming,,T0 文学源头与古代文学,T0,,HAS_T,,title_aggregate_or_tradition,已有有效 T0–T6 坐标,需复核,metadata_pending,CANON-241
陷坑与钟摆.md,WL-WORK-0868,陷坑与钟摆,,爱伦·坡,Edgar Allan Poe,,T3 19世纪现代文学体系,T3,,HAS_T,,,已有有效 T0–T6 坐标,自动通过,metadata_pending,
隋唐演义.md,WL-WORK-1319,隋唐演义,,褚人获,,,,,,MISSING_T_REVIEW_NO_YEAR,,,缺 T 且缺少可机器读取 year，需要书目/成书史核验,自动通过,metadata_pending,
隐剑孤影抄.md,WL-WORK-2634,隐剑孤影抄,,藤泽周平,,,T5 二战后多极文学,T5,,HAS_T,,,已有有效 T0–T6 坐标,自动通过,metadata_pending,
隐剑秋风抄.md,WL-WORK-2635,隐剑秋风抄,,藤泽周平,,,T5 二战后多极文学,T5,,HAS_T,,,已有有效 T0–T6 坐标,自动通过,metadata_pending,
隐形人.md,WL-WORK-0275,隐形人,,H.G.威尔斯,,,T4 全球现代主义时代,T4,,HAS_T,,,已有有效 T0–T6 坐标,自动通过,,
隐形墨水.md,WL-WORK-2738,隐形墨水,Encre sympathique,帕特里克·莫迪亚诺,Patrick Modiano,2019,T6 当代全球文学,T6,,HAS_T,,,已有有效 T0–T6 坐标,个人补录,metadata_pending,
难做的神.md,WL-WORK-0337,难做的神,,斯特鲁加茨基兄弟,,,T5 二战后多极文学,T5,,HAS_T,,,已有有效 T0–T6 坐标,自动通过,,
难逃劫数.md,WL-WORK-2791,难逃劫数,,余华,,1988,T6 当代全球文学,T6,,HAS_T,,,已有有效 T0–T6 坐标,个人补录,metadata_pending,
雅各布·冯·贡腾.md,WL-WORK-1905,雅各布·冯·贡腾,,罗伯特·瓦尔泽,Robert Walser,,,,,MISSING_T_REVIEW_NO_YEAR,,,缺 T 且缺少可机器读取 year，需要书目/成书史核验,自动通过,metadata_pending,
雅歌.md,WL-WORK-2148,雅歌,,肉体之爱,,,,,,MISSING_T_REVIEW_NO_YEAR,,,缺 T 且缺少可机器读取 year，需要书目/成书史核验,自动通过,metadata_pending,
雇员们.md,WL-WORK-0482,雇员们,The Employees,奥尔加·拉夫恩,Olga Ravn,,,,,MISSING_T_REVIEW_NO_YEAR,,,缺 T 且缺少可机器读取 year，需要书目/成书史核验,自动通过,,
雌性男人.md,WL-WORK-0357,雌性男人,,乔安娜·拉斯,Joanna Russ,,T5 二战后多极文学,T5,,HAS_T,,,已有有效 T0–T6 坐标,自动通过,,
雍正皇帝.md,WL-WORK-1320,雍正皇帝,,二月河,,,T6 当代全球文学,T6,,HAS_T,,,已有有效 T0–T6 坐标,自动通过,metadata_pending,
雨国之王.md,WL-WORK-3094,雨国之王,The King of the Rainy Country,尼古拉斯·弗里林,Nicolas Freeling,,T5 二战后多极文学,T5,,HAS_T,,,已有有效 T0–T6 坐标,需复核,metadata_pending,
雨月物语.md,WL-WORK-0869,雨月物语,,上田秋成,,,T2 早期现代文学,T2,,HAS_T,,,已有有效 T0–T6 坐标,自动通过,metadata_pending,CANON-237
雪中悍刀行.md,WL-WORK-2636,雪中悍刀行,,烽火戏诸侯,,,T6 当代全球文学,T6,,HAS_T,,,已有有效 T0–T6 坐标,自动通过,metadata_pending,
雪之丞变化.md,WL-WORK-2637,雪之丞变化,Yukinojō Henge,三上於菟吉,,,,,,MISSING_T_REVIEW_NO_YEAR,,,缺 T 且缺少可机器读取 year，需要书目/成书史核验,自动通过,metadata_pending,
雪人.md,WL-WORK-0222,雪人,,乔·奈斯博,Jo Nesbø,,,,,MISSING_T_REVIEW_NO_YEAR,,,缺 T 且缺少可机器读取 year，需要书目/成书史核验,自动通过,,
雪后.md,WL-WORK-2906,雪后,The Snow Queen,琼·D·文奇,Joan D. Vinge,,T6 当代全球文学,T6,,HAS_T,,,已有有效 T0–T6 坐标,需复核,metadata_pending,
雪国.md,WL-WORK-1906,雪国,,川端康成,,,T4 全球现代主义时代,T4,,HAS_T,,,已有有效 T0–T6 坐标,自动通过,metadata_pending,CANON-053
雪山大地.md,WL-WORK-2891,雪山大地,,杨志军,,,T6 当代全球文学,T6,,HAS_T,,,已有有效 T0–T6 坐标,需复核,metadata_pending,
雪山飞狐.md,WL-WORK-2638,雪山飞狐,,金庸,,,T5 二战后多极文学,T5,,HAS_T,,,已有有效 T0–T6 坐标,自动通过,metadata_pending,
雪崩.md,WL-WORK-0394,雪崩,,尼尔·斯蒂芬森,Neal Stephenson,,T6 当代全球文学,T6,,HAS_T,,,已有有效 T0–T6 坐标,自动通过,,
零伯爵.md,WL-WORK-0389,零伯爵,,威廉·吉布森,William Gibson,,T6 当代全球文学,T6,,HAS_T,,,已有有效 T0–T6 坐标,自动通过,,
零的焦点.md,WL-WORK-0162,零的焦点,,松本清张,,,T5 二战后多极文学,T5,,HAS_T,,,已有有效 T0–T6 坐标,自动通过,,
雷雨.md,WL-WORK-2696,雷雨,,曹禺,,,T4 全球现代主义时代,T4,,HAS_T,,,已有有效 T0–T6 坐标,个人补录,metadata_pending,
雾.md,WL-WORK-1907,雾,,乌纳穆诺,Miguel de Unamuno,,,,,MISSING_T_REVIEW_NO_YEAR,,,缺 T 且缺少可机器读取 year，需要书目/成书史核验,自动通过,metadata_pending,
雾中鲁德.md,WL-WORK-0870,雾中鲁德,,霍普·米尔利斯,Hope Mirrlees,,,,,MISSING_T_REVIEW_NO_YEAR,,,缺 T 且缺少可机器读取 year，需要书目/成书史核验,自动通过,metadata_pending,
雾都孤儿.md,WL-WORK-1321,雾都孤儿,,查尔斯·狄更斯,Charles Dickens,,T3 19世纪现代文学体系,T3,,HAS_T,,,已有有效 T0–T6 坐标,自动通过,metadata_pending,
震荡波骑士.md,WL-WORK-0386,震荡波骑士,,约翰·布鲁纳,John Brunner,,T5 二战后多极文学,T5,,HAS_T,,,已有有效 T0–T6 坐标,自动通过,,
霍乱时期的爱情.md,WL-WORK-2149,霍乱时期的爱情,,加西亚·马尔克斯,Gabriel García Márquez,,T6 当代全球文学,T6,,HAS_T,,,已有有效 T0–T6 坐标,自动通过,metadata_pending,CANON-179
霍夫曼博士的地狱欲望机器.md,WL-WORK-1908,霍夫曼博士的地狱欲望机器,,安吉拉·卡特,Angela Carter,,T5 二战后多极文学,T5,,HAS_T,,,已有有效 T0–T6 坐标,自动通过,metadata_pending,
霍桑探案集.md,WL-WORK-0241,霍桑探案集,,程小青,,,,,,MISSING_T_REVIEW_NO_YEAR,,,缺 T 且缺少可机器读取 year，需要书目/成书史核验,自动通过,,
霍比特人.md,WL-WORK-0871,霍比特人,,J.R.R.托尔金,J.R.R. Tolkien,,T4 全球现代主义时代,T4,,HAS_T,,,已有有效 T0–T6 坐标,自动通过,metadata_pending,
露水的主人.md,WL-WORK-3208,露水的主人,Gouverneurs de la rosée,雅克·鲁曼,Jacques Roumain,,T4 全球现代主义时代,T4,,HAS_T,,,已有有效 T0–T6 坐标,需复核,metadata_pending,CANON-279
霸王别姬.md,WL-WORK-2672,霸王别姬,,李碧华,,,T6 当代全球文学,T6,,HAS_T,,,已有有效 T0–T6 坐标,个人补录,metadata_pending,
青年.md,WL-WORK-1322,青年,,森鸥外,,,T4 全球现代主义时代,T4,,HAS_T,,,已有有效 T0–T6 坐标,自动通过,metadata_pending,
青春万岁.md,WL-WORK-1323,青春万岁,,王蒙,,,,,,MISSING_T_REVIEW_NO_YEAR,,,缺 T 且缺少可机器读取 year，需要书目/成书史核验,自动通过,metadata_pending,
青春之歌.md,WL-WORK-1324,青春之歌,,杨沫,,,T5 二战后多极文学,T5,,HAS_T,,,已有有效 T0–T6 坐标,自动通过,metadata_pending,
青木川.md,WL-WORK-1325,青木川,,叶广芩,,,,,,MISSING_T_REVIEW_NO_YEAR,,,缺 T 且缺少可机器读取 year，需要书目/成书史核验,自动通过,metadata_pending,
青砥稿花红彩画.md,WL-WORK-2639,青砥稿花红彩画,Aoto Zōshi Hana no Nishiki-e,河竹默阿弥,日本,,,,,MISSING_T_REVIEW_NO_YEAR,,,缺 T 且缺少可机器读取 year，需要书目/成书史核验,自动通过,metadata_pending,
青铜骑士.md,WL-WORK-3221,青铜骑士,The Bronze Horseman,普希金,Alexander Pushkin,,T3 19世纪现代文学体系,T3,,HAS_T,,,已有有效 T0–T6 坐标,个人补录,metadata_pending,
静静的顿河.md,WL-WORK-1326,静静的顿河,,肖洛霍夫,Mikhail Sholokhov,,,,,MISSING_T_REVIEW_NO_YEAR,,,缺 T 且缺少可机器读取 year，需要书目/成书史核验,自动通过,metadata_pending,
非常秘密的女巫协会.md,WL-WORK-0872,非常秘密的女巫协会,,桑古·曼丹纳,Sangu Mandanna,,,,,MISSING_T_REVIEW_NO_YEAR,,,缺 T 且缺少可机器读取 year，需要书目/成书史核验,自动通过,metadata_pending,
非洲农庄的故事.md,WL-WORK-0873,非洲农庄的故事,,奥利芙·施赖纳,Olive Schreiner,,,,,MISSING_T_REVIEW_NO_YEAR,,,缺 T 且缺少可机器读取 year，需要书目/成书史核验,自动通过,metadata_pending,
非洲孩子.md,WL-WORK-1327,非洲孩子,,卡马拉·莱伊,Camara Laye,,,,,MISSING_T_REVIEW_NO_YEAR,,,缺 T 且缺少可机器读取 year，需要书目/成书史核验,自动通过,metadata_pending,
靠近野心的心.md,WL-WORK-1909,靠近野心的心,,克拉丽丝·利斯佩克托,Clarice Lispector,,T4 全球现代主义时代,T4,,HAS_T,,,已有有效 T0–T6 坐标,自动通过,metadata_pending,
鞭手.md,WL-WORK-3107,鞭手,Whip Hand,迪克·弗朗西斯,Dick Francis,,T5 二战后多极文学,T5,,HAS_T,,,已有有效 T0–T6 坐标,需复核,metadata_pending,
项狄传.md,WL-WORK-2833,项狄传,"The Life and Opinions of Tristram Shandy, Gentleman",劳伦斯·斯特恩,Laurence Sterne,,T2 早期现代文学,T2,,HAS_T,,,已有有效 T0–T6 坐标,需复核,metadata_pending,CANON-084
项链.md,WL-WORK-2729,项链,,莫泊桑,,,T3 19世纪现代文学体系,T3,,HAS_T,,,已有有效 T0–T6 坐标,个人补录,metadata_pending,
顺河入海.md,WL-WORK-3145,顺河入海,Down the River Unto the Sea,沃尔特·莫斯利,Walter Mosley,,T6 当代全球文学,T6,,HAS_T,,,已有有效 T0–T6 坐标,需复核,metadata_pending,
颂歌.md,WL-WORK-1328,颂歌,,安·兰德,Ayn Rand,,,,,MISSING_T_REVIEW_NO_YEAR,,,缺 T 且缺少可机器读取 year，需要书目/成书史核验,自动通过,metadata_pending,
额尔古纳河右岸.md,WL-WORK-2876,额尔古纳河右岸,,迟子建,,,T6 当代全球文学,T6,,HAS_T,,,已有有效 T0–T6 坐标,需复核,metadata_pending,
风土记.md,WL-WORK-1518,风土记,,佚名,,,T1 中古多中心文学世界,T1,,HAS_T,,anonymous_or_oral,已有有效 T0–T6 坐标,自动通过,metadata_pending,
风声.md,WL-WORK-2686,风声,,麦家,,,T6 当代全球文学,T6,,HAS_T,,,已有有效 T0–T6 坐标,个人补录,metadata_pending,
风暴使者.md,WL-WORK-0874,风暴使者,,迈克尔·莫考克,Michael Moorcock,,T5 二战后多极文学,T5,,HAS_T,,,已有有效 T0–T6 坐标,自动通过,metadata_pending,
风林火山.md,WL-WORK-1329,风林火山,,井上靖,,,T5 二战后多极文学,T5,,HAS_T,,,已有有效 T0–T6 坐标,自动通过,metadata_pending,
飓风季节.md,WL-WORK-1910,飓风季节,,墨西哥当代暴力,,,,,,MISSING_T_REVIEW_NO_YEAR,,,缺 T 且缺少可机器读取 year，需要书目/成书史核验,自动通过,metadata_pending,
飘.md,WL-WORK-1330,飘,,玛格丽特·米切尔,Margaret Mitchell,1936,T4 全球现代主义时代,T4,,HAS_T,,,已有有效 T0–T6 坐标,自动通过,metadata_pending,
飞向人马座.md,WL-WORK-0454,飞向人马座,,郑文光,,,,,,MISSING_T_REVIEW_NO_YEAR,,,缺 T 且缺少可机器读取 year，需要书目/成书史核验,自动通过,,
飞燕惊龙.md,WL-WORK-2640,飞燕惊龙,,卧龙生,,,T5 二战后多极文学,T5,,HAS_T,,,已有有效 T0–T6 坐标,自动通过,metadata_pending,
飞狐外传.md,WL-WORK-2641,飞狐外传,,金庸,,,T5 二战后多极文学,T5,,HAS_T,,,已有有效 T0–T6 坐标,自动通过,metadata_pending,
食人宣言.md,WL-WORK-1911,食人宣言,,奥斯瓦尔德·德·安德拉德,Oswald de Andrade,,,,,MISSING_T_REVIEW_NO_YEAR,,,缺 T 且缺少可机器读取 year，需要书目/成书史核验,自动通过,metadata_pending,
餐后.md,WL-WORK-1912,餐后,,何塞·亚松森·西尔瓦,,,,,,MISSING_T_REVIEW_NO_YEAR,,,缺 T 且缺少可机器读取 year，需要书目/成书史核验,自动通过,metadata_pending,
饥饿.md,WL-WORK-1913,饥饿,,克努特·汉姆生,,,T4 全球现代主义时代,T4,,HAS_T,,,已有有效 T0–T6 坐标,自动通过,metadata_pending,CANON-126
饥饿游戏.md,WL-WORK-0484,饥饿游戏,,苏珊·柯林斯,Suzanne Collins,,T6 当代全球文学,T6,,HAS_T,,,已有有效 T0–T6 坐标,自动通过,,
饥饿牧师.md,WL-WORK-1331,饥饿牧师,,威廉·拉贝,Wilhelm Raabe,,,,,MISSING_T_REVIEW_NO_YEAR,,,缺 T 且缺少可机器读取 year，需要书目/成书史核验,自动通过,metadata_pending,
饥饿的路.md,WL-WORK-2854,饥饿的路,The Famished Road,本·奥克瑞,Ben Okri,,T6 当代全球文学,T6,,HAS_T,,,已有有效 T0–T6 坐标,需复核,metadata_pending,CANON-195
饮马黄河.md,WL-WORK-2642,饮马黄河,,司马翎,,,T5 二战后多极文学,T5,,HAS_T,,,已有有效 T0–T6 坐标,自动通过,metadata_pending,
饺子.md,WL-WORK-2694,饺子,,李碧华,,,T6 当代全球文学,T6,,HAS_T,,,已有有效 T0–T6 坐标,个人补录,metadata_pending,
首尔，1964年冬.md,WL-WORK-1914,首尔，1964年冬,,金承钰,Kim Seung-ok 金承钰,,T5 二战后多极文学,T5,,HAS_T,,,已有有效 T0–T6 坐标,自动通过,metadata_pending,
马丁·德雷斯勒.md,WL-WORK-3013,马丁·德雷斯勒,Martin Dressler: The Tale of an American Dreamer,史蒂文·米尔豪瑟,Steven Millhauser,,T6 当代全球文学,T6,,HAS_T,,,已有有效 T0–T6 坐标,需复核,metadata_pending,
马丁·菲耶罗.md,WL-WORK-1915,马丁·菲耶罗,Martín Fierro,何塞·埃尔南德斯,,,T3 19世纪现代文学体系,T3,,HAS_T,,,已有有效 T0–T6 坐标,手工核验,metadata_pending,
马丁·里瓦斯.md,WL-WORK-1916,马丁·里瓦斯,,阿尔贝托·布莱斯特·加纳,,,,,,MISSING_T_REVIEW_NO_YEAR,,,缺 T 且缺少可机器读取 year，需要书目/成书史核验,自动通过,metadata_pending,
马亚一家.md,WL-WORK-3169,马亚一家,Os Maias,埃萨·德·克罗兹,Eça de Queirós,,T3 19世纪现代文学体系,T3,,HAS_T,,,已有有效 T0–T6 坐标,需复核,metadata_pending,CANON-220
马利·阿尔梅达的七个月亮.md,WL-WORK-3079,马利·阿尔梅达的七个月亮,The Seven Moons of Maali Almeida,谢汉·卡鲁纳蒂拉卡,Shehan Karunatilaka,,T6 当代全球文学,T6,,HAS_T,,,已有有效 T0–T6 坐标,需复核,metadata_pending,
马可·波罗游记.md,WL-WORK-0875,马可·波罗游记,,马可·波罗,Marco Polo,,,,,MISSING_T_REVIEW_NO_YEAR,,,缺 T 且缺少可机器读取 year，需要书目/成书史核验,自动通过,metadata_pending,
马奇.md,WL-WORK-3020,马奇,March,杰拉尔丁·布鲁克斯,Geraldine Brooks,,T6 当代全球文学,T6,,HAS_T,,,已有有效 T0–T6 坐标,需复核,metadata_pending,
马尔特手记.md,WL-WORK-1917,马尔特手记,,里尔克,Rainer Maria Rilke,,T4 全球现代主义时代,T4,,HAS_T,,,已有有效 T0–T6 坐标,自动通过,metadata_pending,
马尔科姆·X自传.md,WL-WORK-1918,马尔科姆·X自传,,马尔科姆·X / 亚历克斯·哈利,Malcolm X / Alex Haley,,T5 二战后多极文学,T5,,HAS_T,,,已有有效 T0–T6 坐标,自动通过,metadata_pending,
马库纳伊玛.md,WL-WORK-1919,马库纳伊玛,,马里奥·德·安德拉德,Mário de Andrade,,,,,MISSING_T_REVIEW_NO_YEAR,,,缺 T 且缺少可机器读取 year，需要书目/成书史核验,自动通过,metadata_pending,
马来西亚海盗.md,WL-WORK-2643,马来西亚海盗,The Pirates of Malaysia,埃米利奥·萨尔加里,马来,,T4 全球现代主义时代,T4,,HAS_T,,,已有有效 T0–T6 坐标,自动通过,metadata_pending,
马比诺吉昂.md,WL-WORK-0876,马比诺吉昂,,凯尔特神话,,,,,,MISSING_T_REVIEW_NO_YEAR,,,缺 T 且缺少可机器读取 year，需要书目/成书史核验,自动通过,metadata_pending,
马永贝.md,WL-WORK-3204,马永贝,Mayombe,佩佩特拉,Pepetela,,T6 当代全球文学,T6,,HAS_T,,,已有有效 T0–T6 坐标,需复核,metadata_pending,CANON-268
马耳他之鹰.md,WL-WORK-0071,马耳他之鹰,,达希尔·哈米特,Dashiell Hammett,,T4 全球现代主义时代,T4,,HAS_T,,,已有有效 T0–T6 坐标,自动通过,,
马鸣风萧萧.md,WL-WORK-2644,马鸣风萧萧,,萧逸,,,T5 二战后多极文学,T5,,HAS_T,,,已有有效 T0–T6 坐标,自动通过,metadata_pending,
驱魔人.md,WL-WORK-0877,驱魔人,,威廉·彼得·布拉蒂,William Peter Blatty,,T5 二战后多极文学,T5,,HAS_T,,,已有有效 T0–T6 坐标,自动通过,metadata_pending,
驼背人.md,WL-WORK-2645,驼背人,Le Bossu,保罗·费瓦尔,复仇,,,,,MISSING_T_REVIEW_NO_YEAR,,,缺 T 且缺少可机器读取 year，需要书目/成书史核验,自动通过,metadata_pending,
驿站.md,WL-WORK-2899,驿站,Way Station,克利福德·西马克,Clifford D. Simak,,T5 二战后多极文学,T5,,HAS_T,,,已有有效 T0–T6 坐标,需复核,metadata_pending,
骆驼祥子.md,WL-WORK-2700,骆驼祥子,,老舍,,,T4 全球现代主义时代,T4,,HAS_T,,,已有有效 T0–T6 坐标,个人补录,metadata_pending,CANON-042
骏马.md,WL-WORK-2646,骏马,All the Pretty Horses,科马克·麦卡锡,Cormac McCarthy,,T6 当代全球文学,T6,,HAS_T,,,已有有效 T0–T6 坐标,自动通过,metadata_pending,
骑士西法尔.md,WL-WORK-2647,骑士西法尔,,佚名,,,,,,MISSING_T_REVIEW_NO_YEAR,,anonymous_or_oral,缺 T 且缺少可机器读取 year，需要书目/成书史核验,自动通过,metadata_pending,
骑虎.md,WL-WORK-1332,骑虎,,约翰·高尔斯华绥,John Galsworthy,,T4 全球现代主义时代,T4,,HAS_T,,,已有有效 T0–T6 坐标,自动通过,metadata_pending,
骗子.md,WL-WORK-1920,骗子,,鲁道夫·乌西格利,,,,,,MISSING_T_REVIEW_NO_YEAR,,,缺 T 且缺少可机器读取 year，需要书目/成书史核验,自动通过,metadata_pending,
骚动之秋.md,WL-WORK-2866,骚动之秋,,刘玉民,,,T6 当代全球文学,T6,,HAS_T,,,已有有效 T0–T6 坐标,需复核,metadata_pending,
骨人.md,WL-WORK-3051,骨人,The Bone People,凯里·休姆,Keri Hulme,,T6 当代全球文学,T6,,HAS_T,,,已有有效 T0–T6 坐标,需复核,metadata_pending,CANON-290
骰子一掷永远取消不了偶然.md,WL-WORK-1921,骰子一掷永远取消不了偶然,,马拉美,,,,,,MISSING_T_REVIEW_NO_YEAR,,,缺 T 且缺少可机器读取 year，需要书目/成书史核验,自动通过,metadata_pending,
高人的箴言.md,WL-WORK-1519,高人的箴言,,佚名,,,T0 文学源头与古代文学,T0,,HAS_T,,anonymous_or_oral,已有有效 T0–T6 坐标,自动通过,metadata_pending,
高卢的阿玛迪斯.md,WL-WORK-2648,高卢的阿玛迪斯,Amadís,加尔西·罗德里格斯·德·蒙塔尔沃,Garci Rodríguez de Montalvo,,,,,MISSING_T_REVIEW_NO_YEAR,,,缺 T 且缺少可机器读取 year，需要书目/成书史核验,自动通过,metadata_pending,
高堡奇人.md,WL-WORK-0328,高堡奇人,,菲利普·K.迪克,Philip K. Dick,,T5 二战后多极文学,T5,,HAS_T,,,已有有效 T0–T6 坐标,自动通过,,
高文爵士与绿骑士.md,WL-WORK-0878,高文爵士与绿骑士,,佚名,,,T1 中古多中心文学世界,T1,,HAS_T,,anonymous_or_oral,已有有效 T0–T6 坐标,自动通过,metadata_pending,
高老头.md,WL-WORK-1333,高老头,,巴尔扎克,Balzac,,T3 19世纪现代文学体系,T3,,HAS_T,,,已有有效 T0–T6 坐标,自动通过,metadata_pending,CANON-106
鬼妈妈.md,WL-WORK-0879,鬼妈妈,,尼尔·盖曼,Neil Gaiman,,T6 当代全球文学,T6,,HAS_T,,,已有有效 T0–T6 坐标,自动通过,metadata_pending,
鬼屋.md,WL-WORK-0880,鬼屋,,雪莉·杰克逊,Shirley Jackson,,T5 二战后多极文学,T5,,HAS_T,,,已有有效 T0–T6 坐标,自动通过,metadata_pending,
鬼平犯科帐.md,WL-WORK-2649,鬼平犯科帐,,池波正太郎,,,T5 二战后多极文学,T5,,HAS_T,,,已有有效 T0–T6 坐标,自动通过,metadata_pending,
魍魉之匣.md,WL-WORK-0191,魍魉之匣,,京极夏彦,,,T6 当代全球文学,T6,,HAS_T,,,已有有效 T0–T6 坐标,自动通过,,
魔女嘉莉.md,WL-WORK-0881,魔女嘉莉,,斯蒂芬·金,Stephen King,,T5 二战后多极文学,T5,,HAS_T,,,已有有效 T0–T6 坐标,自动通过,metadata_pending,
魔山.md,WL-WORK-1334,魔山,,托马斯·曼,Thomas Mann,,T4 全球现代主义时代,T4,,HAS_T,,,已有有效 T0–T6 坐标,自动通过,metadata_pending,CANON-151
魔戒：双塔奇兵.md,WL-WORK-0882,魔戒：双塔奇兵,,J.R.R.托尔金,J.R.R. Tolkien,,T5 二战后多极文学,T5,,HAS_T,,,已有有效 T0–T6 坐标,自动通过,metadata_pending,
魔戒：王者归来.md,WL-WORK-0883,魔戒：王者归来,,J.R.R.托尔金,J.R.R. Tolkien,,T5 二战后多极文学,T5,,HAS_T,,,已有有效 T0–T6 坐标,自动通过,metadata_pending,
魔戒：魔戒同盟.md,WL-WORK-0884,魔戒：魔戒同盟,,J.R.R.托尔金,J.R.R. Tolkien,,T5 二战后多极文学,T5,,HAS_T,,,已有有效 T0–T6 坐标,自动通过,metadata_pending,
魔法学徒.md,WL-WORK-0885,魔法学徒,,雷蒙德·E.菲斯特,Raymond E. Feist,,,,,MISSING_T_REVIEW_NO_YEAR,,,缺 T 且缺少可机器读取 year，需要书目/成书史核验,自动通过,metadata_pending,
魔法师的外甥.md,WL-WORK-0886,魔法师的外甥,,C.S.刘易斯,C.S. Lewis,,T5 二战后多极文学,T5,,HAS_T,,,已有有效 T0–T6 坐标,自动通过,metadata_pending,
魔法的颜色.md,WL-WORK-0887,魔法的颜色,,特里·普拉切特,Terry Pratchett,,T6 当代全球文学,T6,,HAS_T,,,已有有效 T0–T6 坐标,自动通过,metadata_pending,
魔界转生.md,WL-WORK-2650,魔界转生,,山田风太郎,,,T5 二战后多极文学,T5,,HAS_T,,,已有有效 T0–T6 坐标,自动通过,metadata_pending,
魔眼之匣谜案.md,WL-WORK-0206,魔眼之匣谜案,,今村昌弘,,,T6 当代全球文学,T6,,HAS_T,,,已有有效 T0–T6 坐标,自动通过,,
魔鬼的药水.md,WL-WORK-0888,魔鬼的药水,,E.T.A.霍夫曼,,,T3 19世纪现代文学体系,T3,,HAS_T,,,已有有效 T0–T6 坐标,自动通过,metadata_pending,
鱼目集.md,WL-WORK-1922,鱼目集,,卞之琳,,,,,,MISSING_T_REVIEW_NO_YEAR,,,缺 T 且缺少可机器读取 year，需要书目/成书史核验,自动通过,metadata_pending,
鲁平奇案.md,WL-WORK-0242,鲁平奇案,,孙了红,,,,,,MISSING_T_REVIEW_NO_YEAR,,,缺 T 且缺少可机器读取 year，需要书目/成书史核验,自动通过,,
鲁拜集.md,WL-WORK-2821,鲁拜集,Rubaiyat,欧玛尔·海亚姆,Omar Khayyam,,T1 中古多中心文学世界,T1,,HAS_T,,,已有有效 T0–T6 坐标,需复核,metadata_pending,CANON-061
鲁斯塔姆与苏赫拉布.md,WL-WORK-1520,鲁斯塔姆与苏赫拉布,,菲尔多西,,,T1 中古多中心文学世界,T1,,HAS_T,,,已有有效 T0–T6 坐标,自动通过,metadata_pending,
鲁滨逊漂流记.md,WL-WORK-0889,鲁滨逊漂流记,Robinson Crusoe,丹尼尔·笛福,Daniel Defoe,1719,T2 早期现代文学,T2,,HAS_T,,,已有有效 T0–T6 坐标,手工核验,curated,CANON-080
鲁珀特·亨曹.md,WL-WORK-2651,鲁珀特·亨曹,Rupert of Hentzau,安东尼·霍普,Anthony Hope,,,,,MISSING_T_REVIEW_NO_YEAR,,,缺 T 且缺少可机器读取 year，需要书目/成书史核验,自动通过,metadata_pending,
鲍里斯·戈都诺夫.md,WL-WORK-1335,鲍里斯·戈都诺夫,,普希金,Alexander Pushkin,,T3 19世纪现代文学体系,T3,,HAS_T,,,已有有效 T0–T6 坐标,自动通过,metadata_pending,
鲍里斯·达维多维奇之墓.md,WL-WORK-1923,鲍里斯·达维多维奇之墓,,达尼洛·基什,Danilo Kiš,,T5 二战后多极文学,T5,,HAS_T,,,已有有效 T0–T6 坐标,自动通过,metadata_pending,
鲜肉.md,WL-WORK-0890,鲜肉,,阿古斯蒂娜·巴斯泰里卡,Agustina Bazterrica,,,,,MISSING_T_REVIEW_NO_YEAR,,,缺 T 且缺少可机器读取 year，需要书目/成书史核验,自动通过,metadata_pending,
鲜血梅花.md,WL-WORK-2652,鲜血梅花,,余华,,1989,T6 当代全球文学,T6,,HAS_T,,,已有有效 T0–T6 坐标,自动通过,metadata_pending,
鳄鱼街.md,WL-WORK-1924,鳄鱼街,,布鲁诺·舒尔茨,Bruno Schulz,,,,,MISSING_T_REVIEW_NO_YEAR,,,缺 T 且缺少可机器读取 year，需要书目/成书史核验,自动通过,metadata_pending,
鸟嘴.md,WL-WORK-1925,鸟嘴,,待考,阿根廷当代怪奇,,,,,MISSING_T_REVIEW_NO_YEAR,,,缺 T 且缺少可机器读取 year，需要书目/成书史核验,自动通过,metadata_pending,
鸟的会议.md,WL-WORK-2822,鸟的会议,The Conference of the Birds,阿塔尔,Attar of Nishapur,,T1 中古多中心文学世界,T1,,HAS_T,,,已有有效 T0–T6 坐标,需复核,metadata_pending,CANON-063
鸟鸣.md,WL-WORK-1336,鸟鸣,,塞巴斯蒂安·福克斯,Sebastian Faulks,,,,,MISSING_T_REVIEW_NO_YEAR,,,缺 T 且缺少可机器读取 year，需要书目/成书史核验,自动通过,metadata_pending,
鸦之死.md,WL-WORK-1926,鸦之死,,金石范,,,T5 二战后多极文学,T5,,HAS_T,,,已有有效 T0–T6 坐标,自动通过,metadata_pending,
鸦片战争.md,WL-WORK-0891,鸦片战争,,匡灵秀,R.F. Kuang,,T6 当代全球文学,T6,,HAS_T,,,已有有效 T0–T6 坐标,自动通过,metadata_pending,
鹅妈妈的故事.md,WL-WORK-0892,鹅妈妈的故事,,夏尔·佩罗,Charles Perrault,,,,,MISSING_T_REVIEW_NO_YEAR,,,缺 T 且缺少可机器读取 year，需要书目/成书史核验,自动通过,metadata_pending,
鹤.md,WL-WORK-1927,鹤,,黄顺元,Hwang Sun-won 黄顺元,,T5 二战后多极文学,T5,,HAS_T,,,已有有效 T0–T6 坐标,自动通过,metadata_pending,
鹤惊昆仑.md,WL-WORK-2653,鹤惊昆仑,,还珠楼主,,,T4 全球现代主义时代,T4,,HAS_T,,,已有有效 T0–T6 坐标,自动通过,metadata_pending,
鹰爪王.md,WL-WORK-2654,鹰爪王,,郑证因,,,,,,MISSING_T_REVIEW_NO_YEAR,,,缺 T 且缺少可机器读取 year，需要书目/成书史核验,自动通过,metadata_pending,
鹿苑长春.md,WL-WORK-2975,鹿苑长春,The Yearling,玛乔丽·金南·罗林斯,Marjorie Kinnan Rawlings,,T4 全球现代主义时代,T4,,HAS_T,,,已有有效 T0–T6 坐标,需复核,metadata_pending,
鹿鼎记.md,WL-WORK-2655,鹿鼎记,,金庸,,,T5 二战后多极文学,T5,,HAS_T,,,已有有效 T0–T6 坐标,自动通过,metadata_pending,
麦克白.md,WL-WORK-2826,麦克白,Macbeth,威廉·莎士比亚,William Shakespeare,,T2 早期现代文学,T2,,HAS_T,,,已有有效 T0–T6 坐标,需复核,metadata_pending,CANON-070
麦地那与麦加朝圣记.md,WL-WORK-1521,麦地那与麦加朝圣记,Personal Narrative of a Pilgrimage to Al-Madinah and Meccah,理查德·伯顿,Burton,,,,,MISSING_T_REVIEW_NO_YEAR,,,缺 T 且缺少可机器读取 year，需要书目/成书史核验,自动通过,metadata_pending,
麦泽廷钢版画.md,WL-WORK-0893,麦泽廷钢版画,,M.R.詹姆斯,M.R. James,,T4 全球现代主义时代,T4,,HAS_T,,,已有有效 T0–T6 坐标,自动通过,metadata_pending,
麦琪的礼物.md,WL-WORK-2701,麦琪的礼物,,欧·亨利,,,T4 全球现代主义时代,T4,,HAS_T,,,已有有效 T0–T6 坐标,个人补录,metadata_pending,
麦田里的守望者.md,WL-WORK-1337,麦田里的守望者,,J.D.塞林格,J.D. Salinger,,T5 二战后多极文学,T5,,HAS_T,,,已有有效 T0–T6 坐标,自动通过,metadata_pending,CANON-170
黄昏清兵卫.md,WL-WORK-2656,黄昏清兵卫,,藤泽周平,,,T6 当代全球文学,T6,,HAS_T,,,已有有效 T0–T6 坐标,自动通过,metadata_pending,
黄昏里的男孩.md,WL-WORK-2808,黄昏里的男孩,,余华,,1997,T6 当代全球文学,T6,,HAS_T,,,已有有效 T0–T6 坐标,个人补录,metadata_pending,
黄河东流去.md,WL-WORK-2860,黄河东流去,,李准,,,T6 当代全球文学,T6,,HAS_T,,,已有有效 T0–T6 坐标,需复核,metadata_pending,
黄狗.md,WL-WORK-0228,黄狗,,乔治·西默农,Georges Simenon,,T5 二战后多极文学,T5,,HAS_T,,,已有有效 T0–T6 坐标,自动通过,,
黄色墙纸.md,WL-WORK-0894,黄色墙纸,,夏洛特·珀金斯·吉尔曼,Charlotte Perkins Gilman,,T4 全球现代主义时代,T4,,HAS_T,,,已有有效 T0–T6 坐标,自动通过,metadata_pending,
黄色房间的秘密.md,WL-WORK-0015,黄色房间的秘密,,加斯东·勒鲁,,,,,,MISSING_T_REVIEW_NO_YEAR,,,缺 T 且缺少可机器读取 year，需要书目/成书史核验,自动通过,,
黄色紧身衣骑士.md,WL-WORK-2657,黄色紧身衣骑士,El caballero del jubón amarillo,阿图罗·佩雷斯-雷维特,Arturo Pérez-Reverte,,T6 当代全球文学,T6,,HAS_T,,,已有有效 T0–T6 坐标,自动通过,metadata_pending,
黄衣之王.md,WL-WORK-0895,黄衣之王,,罗伯特·W.钱伯斯,Robert W. Chambers,,,,,MISSING_T_REVIEW_NO_YEAR,,,缺 T 且缺少可机器读取 year，需要书目/成书史核验,自动通过,metadata_pending,
黄金罗盘.md,WL-WORK-0896,黄金罗盘,,菲利普·普尔曼,Philip Pullman,,T6 当代全球文学,T6,,HAS_T,,,已有有效 T0–T6 坐标,自动通过,metadata_pending,
黄铜之城.md,WL-WORK-0897,黄铜之城,,S.A.查克拉博蒂,S.A. Chakraborty,,,,,MISSING_T_REVIEW_NO_YEAR,,,缺 T 且缺少可机器读取 year，需要书目/成书史核验,自动通过,metadata_pending,
黄雀记.md,WL-WORK-2886,黄雀记,,苏童,,,T6 当代全球文学,T6,,HAS_T,,,已有有效 T0–T6 坐标,需复核,metadata_pending,
黎凡特海盗.md,WL-WORK-2658,黎凡特海盗,Corsarios de Levante,阿图罗·佩雷斯-雷维特,Arturo Pérez-Reverte,,T6 当代全球文学,T6,,HAS_T,,,已有有效 T0–T6 坐标,自动通过,metadata_pending,
黎明.md,WL-WORK-0361,黎明,,奥克塔维娅·巴特勒,Butler,,T6 当代全球文学,T6,,HAS_T,,,已有有效 T0–T6 坐标,自动通过,,
黎明前的几小时.md,WL-WORK-3088,黎明前的几小时,The Hours Before Dawn,西莉亚·弗雷姆林,Celia Fremlin,,T5 二战后多极文学,T5,,HAS_T,,,已有有效 T0–T6 坐标,需复核,metadata_pending,
黑与蓝.md,WL-WORK-0112,黑与蓝,,伊恩·兰金,Ian Rankin,,T6 当代全球文学,T6,,HAS_T,,,已有有效 T0–T6 坐标,自动通过,,
黑夜有千只眼.md,WL-WORK-0082,黑夜有千只眼,,康奈尔·伍尔里奇,Cornell Woolrich,,T5 二战后多极文学,T5,,HAS_T,,,已有有效 T0–T6 坐标,自动通过,,
黑太阳.md,WL-WORK-0898,黑太阳,,丽贝卡·罗恩霍斯,Rebecca Roanhorse,,,,,MISSING_T_REVIEW_NO_YEAR,,,缺 T 且缺少可机器读取 year，需要书目/成书史核验,自动通过,metadata_pending,
黑孩子.md,WL-WORK-1338,黑孩子,,理查德·赖特,Richard Wright,,T5 二战后多极文学,T5,,HAS_T,,,已有有效 T0–T6 坐标,自动通过,metadata_pending,
黑屋.md,WL-WORK-0899,黑屋,,贵志祐介,,,,,,MISSING_T_REVIEW_NO_YEAR,,,缺 T 且缺少可机器读取 year，需要书目/成书史核验,自动通过,metadata_pending,
黑暗中的旅程.md,WL-WORK-2978,黑暗中的旅程,Journey in the Dark,马丁·弗拉文,Martin Flavin,,T4 全球现代主义时代,T4,,HAS_T,,,已有有效 T0–T6 坐标,需复核,metadata_pending,
黑暗之前.md,WL-WORK-0900,黑暗之前,,R.斯科特·巴克,R. Scott Bakker,,,,,MISSING_T_REVIEW_NO_YEAR,,,缺 T 且缺少可机器读取 year，需要书目/成书史核验,自动通过,metadata_pending,
黑暗塔I：枪侠.md,WL-WORK-0901,黑暗塔I：枪侠,,斯蒂芬·金,Stephen King,,T6 当代全球文学,T6,,HAS_T,,,已有有效 T0–T6 坐标,自动通过,metadata_pending,
黑暗崛起.md,WL-WORK-0902,黑暗崛起,,苏珊·库珀,Susan Cooper,,,,,MISSING_T_REVIEW_NO_YEAR,,,缺 T 且缺少可机器读取 year，需要书目/成书史核验,自动通过,metadata_pending,
黑暗森林.md,WL-WORK-0463,黑暗森林,,刘慈欣,,,T6 当代全球文学,T6,,HAS_T,,,已有有效 T0–T6 坐标,自动通过,,
黑暗的左手.md,WL-WORK-0353,黑暗的左手,,厄休拉·勒古恩,Ursula K. Le Guin,,T5 二战后多极文学,T5,,HAS_T,,,已有有效 T0–T6 坐标,自动通过,,
黑暗的心.md,WL-WORK-0903,黑暗的心,,约瑟夫·康拉德,,,T4 全球现代主义时代,T4,,HAS_T,,,已有有效 T0–T6 坐标,自动通过,metadata_pending,CANON-194
黑暗的速度.md,WL-WORK-2947,黑暗的速度,The Speed of Dark,伊丽莎白·穆恩,Elizabeth Moon,,T6 当代全球文学,T6,,HAS_T,,,已有有效 T0–T6 坐标,需复核,metadata_pending,
黑杜德利庄园的罪恶.md,WL-WORK-0056,黑杜德利庄园的罪恶,,玛杰里·阿林厄姆,Margery Allingham,,T4 全球现代主义时代,T4,,HAS_T,,,已有有效 T0–T6 坐标,自动通过,,
黑樱桃蓝调.md,WL-WORK-3116,黑樱桃蓝调,Black Cherry Blues,詹姆斯·李·伯克,James Lee Burke,,T6 当代全球文学,T6,,HAS_T,,,已有有效 T0–T6 坐标,需复核,metadata_pending,
黑海岸女王.md,WL-WORK-0904,黑海岸女王,,罗伯特·E.霍华德,Robert E. Howard,,T4 全球现代主义时代,T4,,HAS_T,,,已有有效 T0–T6 坐标,自动通过,metadata_pending,
黑海盗.md,WL-WORK-2659,黑海盗,Il Corsaro Nero,埃米利奥·萨尔加里,Salgari,,T4 全球现代主义时代,T4,,HAS_T,,,已有有效 T0–T6 坐标,自动通过,metadata_pending,
黑牢城.md,WL-WORK-0202,黑牢城,,米泽穗信,,,T6 当代全球文学,T6,,HAS_T,,,已有有效 T0–T6 坐标,自动通过,,
黑猫.md,WL-WORK-0905,黑猫,,爱伦·坡,Edgar Allan Poe,,T3 19世纪现代文学体系,T3,,HAS_T,,,已有有效 T0–T6 坐标,自动通过,metadata_pending,
黑箭.md,WL-WORK-0906,黑箭,,罗伯特·路易斯·史蒂文森,Robert Louis Stevenson,,T3 19世纪现代文学体系,T3,,HAS_T,,,已有有效 T0–T6 坐标,自动通过,metadata_pending,
黑羊.md,WL-WORK-2150,黑羊,,乔吉特·海耶,Georgette Heyer,,T5 二战后多极文学,T5,,HAS_T,,,已有有效 T0–T6 坐标,自动通过,metadata_pending,
黑色佣兵团.md,WL-WORK-0907,黑色佣兵团,,格伦·库克,Glen Cook,,,,,MISSING_T_REVIEW_NO_YEAR,,,缺 T 且缺少可机器读取 year，需要书目/成书史核验,自动通过,metadata_pending,
黑色回声.md,WL-WORK-0109,黑色回声,,迈克尔·康奈利,Michael Connelly,,T6 当代全球文学,T6,,HAS_T,,,已有有效 T0–T6 坐标,自动通过,,
黑色大丽花.md,WL-WORK-0096,黑色大丽花,,詹姆斯·埃尔罗伊,James Ellroy,,T6 当代全球文学,T6,,HAS_T,,,已有有效 T0–T6 坐标,自动通过,,
黑色的使者.md,WL-WORK-1928,黑色的使者,,塞萨尔·巴列霍,,,,,,MISSING_T_REVIEW_NO_YEAR,,,缺 T 且缺少可机器读取 year，需要书目/成书史核验,自动通过,metadata_pending,
黑色皮箱.md,WL-WORK-0159,黑色皮箱,,鲇川哲也,,,T5 二战后多极文学,T5,,HAS_T,,,已有有效 T0–T6 坐标,自动通过,,
黑衣女人.md,WL-WORK-0908,黑衣女人,,现在正式建立横轴,,,,,,MISSING_T_REVIEW_NO_YEAR,,,缺 T 且缺少可机器读取 year，需要书目/成书史核验,自动通过,metadata_pending,
黑衣新娘.md,WL-WORK-0081,黑衣新娘,,康奈尔·伍尔里奇,Cornell Woolrich,,T4 全球现代主义时代,T4,,HAS_T,,,已有有效 T0–T6 坐标,自动通过,,
黑豹，红狼.md,WL-WORK-0909,黑豹，红狼,,马龙·詹姆斯,Marlon James,,T6 当代全球文学,T6,,HAS_T,,,已有有效 T0–T6 坐标,自动通过,metadata_pending,
黑雨.md,WL-WORK-1339,黑雨,,井伏鳟二,,,T5 二战后多极文学,T5,,HAS_T,,,已有有效 T0–T6 坐标,自动通过,metadata_pending,
鼠族.md,WL-WORK-1340,鼠族,,阿特·斯皮格曼,Art Spiegelman,,,,,MISSING_T_REVIEW_NO_YEAR,,,缺 T 且缺少可机器读取 year，需要书目/成书史核验,自动通过,metadata_pending,
鼠疫.md,WL-WORK-1929,鼠疫,,阿尔贝·加缪,Albert Camus,,T5 二战后多极文学,T5,,HAS_T,,,已有有效 T0–T6 坐标,自动通过,metadata_pending,CANON-156
鼠群.md,WL-WORK-0910,鼠群,,詹姆斯·赫伯特,James Herbert,,,,,MISSING_T_REVIEW_NO_YEAR,,,缺 T 且缺少可机器读取 year，需要书目/成书史核验,自动通过,metadata_pending,
齿轮.md,WL-WORK-1930,齿轮,,川端康成,,,T4 全球现代主义时代,T4,,HAS_T,,,已有有效 T0–T6 坐标,自动通过,metadata_pending,
龙族.md,WL-WORK-2743,龙族,,江南,,,T6 当代全球文学,T6,,HAS_T,,,已有有效 T0–T6 坐标,个人补录,metadata_pending,
龙枪编年史：秋暮之巨龙.md,WL-WORK-0911,龙枪编年史：秋暮之巨龙,,玛格丽特·韦斯 / 特雷西·希克曼,Margaret Weis / Tracy Hickman,,,,,MISSING_T_REVIEW_NO_YEAR,,,缺 T 且缺少可机器读取 year，需要书目/成书史核验,自动通过,metadata_pending,
龙牙.md,WL-WORK-2977,龙牙,Dragon's Teeth,厄普顿·辛克莱,Upton Sinclair,,T4 全球现代主义时代,T4,,HAS_T,,,已有有效 T0–T6 坐标,需复核,metadata_pending,
龙纹身的女孩.md,WL-WORK-0217,龙纹身的女孩,,斯蒂格·拉森,北欧推理不能只放,,,,,MISSING_T_REVIEW_NO_YEAR,,,缺 T 且缺少可机器读取 year，需要书目/成书史核验,自动通过,,
龙虎斗京华.md,WL-WORK-2660,龙虎斗京华,,还珠楼主,,,T4 全球现代主义时代,T4,,HAS_T,,,已有有效 T0–T6 坐标,自动通过,metadata_pending,
龙蛋.md,WL-WORK-0370,龙蛋,,罗伯特·L.福沃德,Robert L. Forward,,T6 当代全球文学,T6,,HAS_T,,,已有有效 T0–T6 坐标,自动通过,,
龙马行.md,WL-WORK-1341,龙马行,,司马辽太郎,,,T5 二战后多极文学,T5,,HAS_T,,,已有有效 T0–T6 坐标,自动通过,metadata_pending,
龙骨椅.md,WL-WORK-0912,龙骨椅,,塔德·威廉斯,Tad Williams,,,,,MISSING_T_REVIEW_NO_YEAR,,,缺 T 且缺少可机器读取 year，需要书目/成书史核验,自动通过,metadata_pending,
