tier,file,id,title,title_original,author,author_original,canon_id,awards,source_ref_keys,topics
P2_EXTERNAL_MATCH_FRIENDLY,1914 and Other Poems.md,WL-WORK-1931,1914 and Other Poems,,鲁珀特·布鲁克,Rupert Brooke,,,batch5_source_refs,WL-TOPIC-Q6-WAR
P2_EXTERNAL_MATCH_FRIENDLY,A Bollywood Affair.md,WL-WORK-1932,A Bollywood Affair,,索纳利·德夫,Sonali Dev,,,batch5_source_refs,WL-TOPIC-Q2-LOVE
P2_EXTERNAL_MATCH_FRIENDLY,A Boy's Own Story.md,WL-WORK-0913,A Boy's Own Story,,埃德蒙·怀特,Edmund White,,,batch2_source_refs,WL-TOPIC-G43-BILDUNGSROMAN
P2_EXTERNAL_MATCH_FRIENDLY,A Chegada de Lampião no Inferno.md,WL-WORK-2151,A Chegada de Lampião no Inferno,,何塞·帕切科,José Pacheco,,,batch6_source_refs,WL-TOPIC-Q15;WL-TOPIC-Q15-OUTLAW
P2_EXTERNAL_MATCH_FRIENDLY,A General History of the Pyrates.md,WL-WORK-2152,A General History of the Pyrates,,查尔斯·约翰逊船长,Captain Charles Johnson,,,batch6_source_refs,WL-TOPIC-Q15;WL-TOPIC-Q15-PIRATE
P2_EXTERNAL_MATCH_FRIENDLY,A Gentleman of France.md,WL-WORK-2153,A Gentleman of France,,斯坦利·韦曼,Stanley Weyman,,,batch6_source_refs,WL-TOPIC-Q15;WL-TOPIC-Q15-SWASHBUCKLER
S_SPECIAL_TEXT,A Gest of Robyn Hode.md,WL-WORK-2154,A Gest of Robyn Hode,,佚名,,,,batch6_source_refs,WL-TOPIC-Q15;WL-TOPIC-Q15-OUTLAW
P2_EXTERNAL_MATCH_FRIENDLY,A Head Full of Ghosts.md,WL-WORK-0489,A Head Full of Ghosts,,保罗·特朗布莱,Paul Tremblay,,,batch1_source_refs,WL-TOPIC-G45-HORROR
P2_EXTERNAL_MATCH_FRIENDLY,A Hunger Like No Other.md,WL-WORK-1934,A Hunger Like No Other,,克雷斯莉·科尔,Kresley Cole,,,batch5_source_refs,WL-TOPIC-Q2-LOVE
P2_EXTERNAL_MATCH_FRIENDLY,A Knight's Own Book of Chivalry.md,WL-WORK-2155,A Knight's Own Book of Chivalry,,若弗鲁瓦·德·沙尔尼,Geoffroi de Charny,,,batch6_source_refs,WL-TOPIC-Q15;WL-TOPIC-Q15-KNIGHT
P2_EXTERNAL_MATCH_FRIENDLY,A Lady's Life in the Rocky Mountains.md,WL-WORK-1342,A Lady's Life in the Rocky Mountains,,伊莎贝拉·伯德,Isabella Bird,,,batch3_source_refs,WL-TOPIC-G7-TRAVEL
P2_EXTERNAL_MATCH_FRIENDLY,A Long Way Gone.md,WL-WORK-1935,A Long Way Gone,,伊斯梅尔·比亚,Ishmael Beah,,,batch5_source_refs,WL-TOPIC-Q6-WAR
P2_EXTERNAL_MATCH_FRIENDLY,A Man Called Horse.md,WL-WORK-2156,A Man Called Horse,,多萝西·M.约翰逊,Dorothy M. Johnson,,,batch6_source_refs,WL-TOPIC-Q15;WL-TOPIC-Q15-WESTERN
P2_EXTERNAL_MATCH_FRIENDLY,A New Voyage Round the World.md,WL-WORK-0490,A New Voyage Round the World,,威廉·丹皮尔,William Dampier,,,batch1_source_refs;batch6_source_refs,WL-TOPIC-G45-ADVENTURE;WL-TOPIC-Q15;WL-TOPIC-Q15-PIRATE
P2_EXTERNAL_MATCH_FRIENDLY,A Princess in Theory.md,WL-WORK-1936,A Princess in Theory,,艾莉莎·科尔,Alyssa Cole,,,batch5_source_refs,WL-TOPIC-Q2-LOVE
P2_EXTERNAL_MATCH_FRIENDLY,A Rumor of War.md,WL-WORK-1937,A Rumor of War,,菲利普·卡普托,Philip Caputo,,,batch5_source_refs,WL-TOPIC-Q6-WAR
P2_EXTERNAL_MATCH_FRIENDLY,A Small Place.md,WL-WORK-1343,A Small Place,,牙买加·金凯德,Jamaica Kincaid,,,batch3_source_refs,WL-TOPIC-G7-TRAVEL
P2_EXTERNAL_MATCH_FRIENDLY,A Time of Gifts.md,WL-WORK-1344,A Time of Gifts,,帕特里克·利·弗莫尔,Patrick Leigh Fermor,,,batch3_source_refs,WL-TOPIC-G7-TRAVEL
P2_EXTERNAL_MATCH_FRIENDLY,A Woman's Journey Round the World.md,WL-WORK-1345,A Woman's Journey Round the World,,伊达·普费弗尔,Ida Pfeiffer,,,batch3_source_refs,WL-TOPIC-G7-TRAVEL
S_SPECIAL_TEXT,"Adam Bell, Clim of the Clough and William of Cloudesley.md",WL-WORK-2158,"Adam Bell, Clim of the Clough and William of Cloudesley",,佚名,,,,batch6_source_refs,WL-TOPIC-Q15;WL-TOPIC-Q15-OUTLAW
S_SPECIAL_TEXT,Afsaneh ／ 传说.md,WL-WORK-1523,Afsaneh / 传说,,尼玛·尤什吉,Nima Yushij,,,batch4_source_refs,WL-TOPIC-M3-MODERNISM
P2_EXTERNAL_MATCH_FRIENDLY,Agents of Dreamland.md,WL-WORK-0491,Agents of Dreamland,,凯特琳·R.基尔南,Kiernan,,,batch1_source_refs,WL-TOPIC-G45-HORROR
P2_EXTERNAL_MATCH_FRIENDLY,Almanac of the Dead.md,WL-WORK-2159,Almanac of the Dead,,莱斯利·马蒙·西尔科,Leslie Marmon Silko,,,batch6_source_refs,WL-TOPIC-Q15;WL-TOPIC-Q15-WESTERN
P2_EXTERNAL_MATCH_FRIENDLY,Always Only You.md,WL-WORK-1939,Always Only You,,克洛伊·利泽,Chloe Liese,,,batch5_source_refs,WL-TOPIC-Q2-LOVE
P2_EXTERNAL_MATCH_FRIENDLY,Ambiguity Machines and Other Stories.md,WL-WORK-0477,Ambiguity Machines and Other Stories,,万达娜·辛格,Vandana Singh,,,,WL-TOPIC-G45-SF
P2_EXTERNAL_MATCH_FRIENDLY,America Is in the Heart.md,WL-WORK-0914,America Is in the Heart,,卡洛斯·布洛桑,Carlos Bulosan,,,batch2_source_refs,WL-TOPIC-G43-BILDUNGSROMAN
P2_EXTERNAL_MATCH_FRIENDLY,American Indian Myths and Legends.md,WL-WORK-1346,American Indian Myths and Legends,,理查德·厄尔多斯 / 阿方索·奥尔蒂斯,Richard Erdoes / Alfonso Ortiz,,,batch3_source_refs,WL-TOPIC-G1-MYTH
P2_EXTERNAL_MATCH_FRIENDLY,An African in Greenland.md,WL-WORK-1347,An African in Greenland,,托戈·科波马西,Kpomassie,,,batch3_source_refs,WL-TOPIC-G7-TRAVEL
P2_EXTERNAL_MATCH_FRIENDLY,Aniceto el Gallo.md,WL-WORK-2160,Aniceto el Gallo,,阿斯卡苏比,Hilario Ascasubi,,,batch6_source_refs,WL-TOPIC-Q15;WL-TOPIC-Q15-GAUCHO
P2_EXTERNAL_MATCH_FRIENDLY,Anton Reiser.md,WL-WORK-0915,Anton Reiser,,卡尔·菲利普·莫里茨,Karl Philipp Moritz,,,batch2_source_refs,WL-TOPIC-G43-BILDUNGSROMAN
P2_EXTERNAL_MATCH_FRIENDLY,Arabian Sands.md,WL-WORK-1349,Arabian Sands,,威尔弗雷德·塞西格,Wilfred Thesiger,,,batch3_source_refs,WL-TOPIC-G7-TRAVEL
S_SPECIAL_TEXT,Aspremont.md,WL-WORK-2162,Aspremont,,佚名,,,,batch6_source_refs,WL-TOPIC-Q15;WL-TOPIC-Q15-KNIGHT
P2_EXTERNAL_MATCH_FRIENDLY,"Astucia, el jefe de los Hermanos de la Hoja.md",WL-WORK-2164,"Astucia, el jefe de los Hermanos de la Hoja",Astucia,路易斯·G.因克兰,Luis G. Inclán,,,batch6_source_refs,WL-TOPIC-Q15;WL-TOPIC-Q15-OUTLAW
P2_EXTERNAL_MATCH_FRIENDLY,Auschwitz and After.md,WL-WORK-1941,Auschwitz and After,,夏洛特·德尔博,Charlotte Delbo,,,batch5_source_refs,WL-TOPIC-Q6-WAR
P2_EXTERNAL_MATCH_FRIENDLY,Ayesha at Last.md,WL-WORK-1942,Ayesha at Last,,乌兹玛·贾拉勒丁,Uzma Jalaluddin,,,batch5_source_refs,WL-TOPIC-Q2-LOVE
P2_EXTERNAL_MATCH_FRIENDLY,A代表不在场证明.md,WL-WORK-0095,A代表不在场证明,A Is for Alibi,苏·格拉夫顿,Sue Grafton,,,,WL-TOPIC-G45-MYSTERY
P2_EXTERNAL_MATCH_FRIENDLY,Banalata Sen.md,WL-WORK-1524,Banalata Sen,,吉巴纳南达·达斯,Jibanananda Das,,,batch4_source_refs,WL-TOPIC-M3-MODERNISM
P2_EXTERNAL_MATCH_FRIENDLY,Bar-20.md,WL-WORK-2166,Bar-20,,克拉伦斯·E.马尔福德,Clarence E. Mulford,,,batch6_source_refs,WL-TOPIC-Q15;WL-TOPIC-Q15-WESTERN
P2_EXTERNAL_MATCH_FRIENDLY,Beach Read.md,WL-WORK-1944,Beach Read,,埃米莉·亨利,Emily Henry,,,batch5_source_refs,WL-TOPIC-Q2-LOVE
P2_EXTERNAL_MATCH_FRIENDLY,Before I Let Go.md,WL-WORK-1945,Before I Let Go,,肯尼迪·瑞安,Kennedy Ryan,,,batch5_source_refs,WL-TOPIC-Q2-LOVE
P2_EXTERNAL_MATCH_FRIENDLY,Before She Sleeps.md,WL-WORK-0916,Before She Sleeps,,比娜·沙阿,Bina Shah,,,batch2_source_refs,WL-TOPIC-G46-DYSTOPIA
P2_EXTERNAL_MATCH_FRIENDLY,Beirut Blues.md,WL-WORK-1946,Beirut Blues,,哈南·谢赫,Hanan al-Shaykh,,,batch5_source_refs,WL-TOPIC-Q6-WAR
P2_EXTERNAL_MATCH_FRIENDLY,Bet Me.md,WL-WORK-1947,Bet Me,,珍妮弗·克鲁西,Jennifer Crusie,,,batch5_source_refs,WL-TOPIC-Q2-LOVE
P2_EXTERNAL_MATCH_FRIENDLY,Between the Woods and the Water.md,WL-WORK-1350,Between the Woods and the Water,,帕特里克·利·弗莫尔,Patrick Leigh Fermor,,,batch3_source_refs,WL-TOPIC-G7-TRAVEL
S_SPECIAL_TEXT,Bevis of Hampton.md,WL-WORK-2170,Bevis of Hampton,,佚名,,,,batch6_source_refs,WL-TOPIC-Q15;WL-TOPIC-Q15-KNIGHT
P2_EXTERNAL_MATCH_FRIENDLY,Big Rock Candy Mountain.md,WL-WORK-2171,Big Rock Candy Mountain,,华莱士·斯特格纳,Wallace Stegner,,,batch6_source_refs,WL-TOPIC-Q15;WL-TOPIC-Q15-WESTERN
P3_GENERAL_REVIEW,BJ单身日记.md,WL-WORK-1948,BJ单身日记,,海伦·菲尔丁,Helen Fielding,,,batch5_source_refs,WL-TOPIC-Q2-LOVE
P2_EXTERNAL_MATCH_FRIENDLY,"Bless Me, Ultima.md",WL-WORK-2174,"Bless Me, Ultima",,鲁道夫·阿纳亚,Rudolfo Anaya,,,batch6_source_refs,WL-TOPIC-Q15;WL-TOPIC-Q15-WESTERN
P2_EXTERNAL_MATCH_FRIENDLY,Book Lovers.md,WL-WORK-1949,Book Lovers,,埃米莉·亨利,Emily Henry,,,batch5_source_refs,WL-TOPIC-Q2-LOVE
P2_EXTERNAL_MATCH_FRIENDLY,Borderlands ／ La Frontera.md,WL-WORK-2175,Borderlands / La Frontera,,格洛丽亚·安扎尔杜亚,Gloria Anzaldúa,,,batch6_source_refs,WL-TOPIC-Q15;WL-TOPIC-Q15-WESTERN
P2_EXTERNAL_MATCH_FRIENDLY,Boyfriend Material.md,WL-WORK-1950,Boyfriend Material,,亚历克西斯·霍尔,Alexis Hall,,,batch5_source_refs,WL-TOPIC-Q2-LOVE
P2_EXTERNAL_MATCH_FRIENDLY,Bread Givers.md,WL-WORK-0917,Bread Givers,,安齐娅·叶济尔斯卡,Anzia Yezierska,,,batch2_source_refs,WL-TOPIC-G43-BILDUNGSROMAN
P3_GENERAL_REVIEW,Brut.md,WL-WORK-2176,Brut,,亚瑟王出现,,,,batch6_source_refs,WL-TOPIC-Q15;WL-TOPIC-Q15-KNIGHT
P2_EXTERNAL_MATCH_FRIENDLY,Buffalo Wagons.md,WL-WORK-2177,Buffalo Wagons,,埃尔默·凯尔顿,Elmer Kelton,,,batch6_source_refs,WL-TOPIC-Q15;WL-TOPIC-Q15-WESTERN
P2_EXTERNAL_MATCH_FRIENDLY,Bugles in the Afternoon.md,WL-WORK-2178,Bugles in the Afternoon,,欧内斯特·海科克斯,Ernest Haycox,,,batch6_source_refs,WL-TOPIC-Q15;WL-TOPIC-Q15-WESTERN
P2_EXTERNAL_MATCH_FRIENDLY,Burnt Offerings.md,WL-WORK-0494,Burnt Offerings,,罗伯特·马拉斯科,Robert Marasco,,,batch1_source_refs,WL-TOPIC-G45-HORROR
P2_EXTERNAL_MATCH_FRIENDLY,Butcher's Crossing.md,WL-WORK-2179,Butcher's Crossing,,约翰·威廉斯,John Williams,,,batch6_source_refs,WL-TOPIC-Q15;WL-TOPIC-Q15-WESTERN
P2_EXTERNAL_MATCH_FRIENDLY,Cancioneiro Guasca.md,WL-WORK-2180,Cancioneiro Guasca,,西蒙斯·洛佩斯·内托,Simões Lopes Neto,,,batch6_source_refs,WL-TOPIC-Q15;WL-TOPIC-Q15-GAUCHO
P2_EXTERNAL_MATCH_FRIENDLY,Cangaceiros.md,WL-WORK-2181,Cangaceiros,,若泽·林斯·多雷戈,巴西,,,batch6_source_refs,WL-TOPIC-Q15;WL-TOPIC-Q15-OUTLAW
P2_EXTERNAL_MATCH_FRIENDLY,Casos do Romualdo.md,WL-WORK-2183,Casos do Romualdo,,西蒙斯·洛佩斯·内托,Simões Lopes Neto,,,batch6_source_refs,WL-TOPIC-Q15;WL-TOPIC-Q15-GAUCHO
P2_EXTERNAL_MATCH_FRIENDLY,Ceremony.md,WL-WORK-0918,Ceremony,,莱斯利·马蒙·西尔科,Leslie Marmon Silko,,,batch2_source_refs;batch6_source_refs,WL-TOPIC-G44-HISTORICAL;WL-TOPIC-Q15;WL-TOPIC-Q15-WESTERN
P2_EXTERNAL_MATCH_FRIENDLY,Certain Dark Things.md,WL-WORK-0495,Certain Dark Things,,西尔维娅·莫雷诺-加西亚,Silvia Moreno-Garcia,,,batch1_source_refs,WL-TOPIC-G45-HORROR
P2_EXTERNAL_MATCH_FRIENDLY,"Changó, el gran putas.md",WL-WORK-1525,"Changó, el gran putas",,曼努埃尔·萨帕塔·奥利韦利亚,Afro-Latin史诗性书写,,,batch4_source_refs,WL-TOPIC-R6-LATAM
P3_GENERAL_REVIEW,China Iron历险记.md,WL-WORK-1526,China Iron历险记,,加夫列拉·卡贝松·卡马拉,,,,batch4_source_refs;batch6_source_refs,WL-TOPIC-R6-LATAM;WL-TOPIC-Q15;WL-TOPIC-Q15-GAUCHO;WL-TOPIC-Q15-OUTLAW
P2_EXTERNAL_MATCH_FRIENDLY,Cielitos.md,WL-WORK-2184,Cielitos,,巴托洛梅·伊达尔戈,Hidalgo,,,batch6_source_refs,WL-TOPIC-Q15;WL-TOPIC-Q15-GAUCHO
P2_EXTERNAL_MATCH_FRIENDLY,Cockfight.md,WL-WORK-0496,Cockfight,,玛丽亚·费尔南达·安普埃罗,María Fernanda Ampuero,,,batch1_source_refs,WL-TOPIC-G45-HORROR
P2_EXTERNAL_MATCH_FRIENDLY,"Cogewea, the Half-Blood.md",WL-WORK-2188,"Cogewea, the Half-Blood",,哀鸽,Mourning Dove,,,batch6_source_refs,WL-TOPIC-Q15;WL-TOPIC-Q15-WESTERN
P2_EXTERNAL_MATCH_FRIENDLY,Cogewea.md,WL-WORK-2187,Cogewea,,哀鸽,Mourning Dove,,,batch6_source_refs,WL-TOPIC-Q15;WL-TOPIC-Q15-WESTERN
P2_EXTERNAL_MATCH_FRIENDLY,Color.md,WL-WORK-1527,Color,,康蒂·卡伦,Countee Cullen,,,batch4_source_refs,WL-TOPIC-M3-MODERNISM
P2_EXTERNAL_MATCH_FRIENDLY,Contos Gauchescos.md,WL-WORK-2190,Contos Gauchescos,,西蒙斯·洛佩斯·内托,Simões Lopes Neto,,,batch6_source_refs,WL-TOPIC-Q15;WL-TOPIC-Q15-GAUCHO
S_SPECIAL_TEXT,Corrido de Gregorio Cortez.md,WL-WORK-2191,Corrido de Gregorio Cortez,,佚名,Gregorio Cortez,,,batch6_source_refs,WL-TOPIC-Q15;WL-TOPIC-Q15-OUTLAW
P2_EXTERNAL_MATCH_FRIENDLY,Count Hannibal.md,WL-WORK-2192,Count Hannibal,,斯坦利·韦曼,Stanley Weyman,,,batch6_source_refs,WL-TOPIC-Q15;WL-TOPIC-Q15-SWASHBUCKLER
P2_EXTERNAL_MATCH_FRIENDLY,Cowboy Songs and Other Frontier Ballads.md,WL-WORK-2193,Cowboy Songs and Other Frontier Ballads,,约翰·A.洛马克斯,John A. Lomax,,,batch6_source_refs,WL-TOPIC-Q15;WL-TOPIC-Q15-WESTERN
P2_EXTERNAL_MATCH_FRIENDLY,Cracking India.md,WL-WORK-0919,Cracking India,,巴普西·西德瓦,Bapsi Sidhwa,,,batch2_source_refs,WL-TOPIC-G44-HISTORICAL
S_SPECIAL_TEXT,Curial e Güelfa.md,WL-WORK-2194,Curial e Güelfa,,佚名,,,,batch6_source_refs,WL-TOPIC-Q15;WL-TOPIC-Q15-KNIGHT
P1_CANON_AWARD,Dance Hall of the Dead.md,WL-WORK-2195,Dance Hall of the Dead,,托尼·希勒曼,Tony Hillerman,,WL-AWARD-EDGAR,batch6_source_refs,WL-TOPIC-Q15;WL-TOPIC-Q15-WESTERN
P2_EXTERNAL_MATCH_FRIENDLY,"Dark Continent, My Black Arse.md",WL-WORK-1353,"Dark Continent, My Black Arse",,西赫勒·库马洛,Sihle Khumalo,,,batch3_source_refs,WL-TOPIC-G7-TRAVEL
P2_EXTERNAL_MATCH_FRIENDLY,Dark Fire.md,WL-WORK-0921,Dark Fire,,C.J.桑瑟姆,C.J. Sansom,,,batch2_source_refs,WL-TOPIC-G44-HISTORICAL
P2_EXTERNAL_MATCH_FRIENDLY,Dark Lover.md,WL-WORK-1952,Dark Lover,,J.R.沃德,J.R. Ward,,,batch5_source_refs,WL-TOPIC-Q2-LOVE
P2_EXTERNAL_MATCH_FRIENDLY,Dead in the West.md,WL-WORK-2196,Dead in the West,,乔·R.兰斯代尔,Joe R. Lansdale,,,batch6_source_refs,WL-TOPIC-Q15;WL-TOPIC-Q15-WESTERN
P2_EXTERNAL_MATCH_FRIENDLY,Delilah Green Doesn't Care.md,WL-WORK-1953,Delilah Green Doesn't Care,,阿什莉·赫林·布莱克,Ashley Herring Blake,,,batch5_source_refs,WL-TOPIC-Q2-LOVE
P2_EXTERNAL_MATCH_FRIENDLY,Delirium.md,WL-WORK-0922,Delirium,,劳伦·奥利弗,Lauren Oliver,,,batch2_source_refs,WL-TOPIC-G46-DYSTOPIA
P2_EXTERNAL_MATCH_FRIENDLY,Desert Solitaire.md,WL-WORK-2199,Desert Solitaire,,爱德华·艾比,Edward Abbey,,,batch6_source_refs,WL-TOPIC-Q15;WL-TOPIC-Q15-WESTERN
P2_EXTERNAL_MATCH_FRIENDLY,Destry Rides Again.md,WL-WORK-2200,Destry Rides Again,,马克斯·布兰德,Max Brand,,,batch6_source_refs,WL-TOPIC-Q15;WL-TOPIC-Q15-WESTERN
P2_EXTERNAL_MATCH_FRIENDLY,Devil in Winter.md,WL-WORK-1955,Devil in Winter,,丽莎·克莱帕斯,Lisa Kleypas,,,batch5_source_refs,WL-TOPIC-Q2-LOVE
P2_EXTERNAL_MATCH_FRIENDLY,Dispatches.md,WL-WORK-1956,Dispatches,,迈克尔·赫尔,Michael Herr,,,batch5_source_refs,WL-TOPIC-Q6-WAR
P2_EXTERNAL_MATCH_FRIENDLY,Diálogos patrióticos.md,WL-WORK-2201,Diálogos patrióticos,,巴托洛梅·伊达尔戈,Hidalgo,,,batch6_source_refs,WL-TOPIC-Q15;WL-TOPIC-Q15-GAUCHO
P2_EXTERNAL_MATCH_FRIENDLY,Don Segundo Sombra.md,WL-WORK-2202,Don Segundo Sombra,,里卡多·吉拉尔德斯,Güiraldes,,,batch6_source_refs,WL-TOPIC-Q15;WL-TOPIC-Q15-GAUCHO
P2_EXTERNAL_MATCH_FRIENDLY,Dreaming in Cuban.md,WL-WORK-0923,Dreaming in Cuban,,克里斯蒂娜·加西亚,Cristina García,,,batch2_source_refs,WL-TOPIC-G43-FAMILY
P2_EXTERNAL_MATCH_FRIENDLY,Dungeon Crawler Carl.md,WL-WORK-0499,Dungeon Crawler Carl,,马特·丁尼曼,Matt Dinniman,,,batch1_source_refs,WL-TOPIC-G45-FANTASY
P2_EXTERNAL_MATCH_FRIENDLY,El gaucho Martín Fierro.md,WL-WORK-2205,El gaucho Martín Fierro,,何塞·埃尔南德斯,Hernández,,,batch6_source_refs,WL-TOPIC-Q15;WL-TOPIC-Q15-GAUCHO
P2_EXTERNAL_MATCH_FRIENDLY,El guacho Martín Fierro.md,WL-WORK-2206,El guacho Martín Fierro,,法里尼亚,Fariña,,,batch6_source_refs,WL-TOPIC-Q15;WL-TOPIC-Q15-GAUCHO
P2_EXTERNAL_MATCH_FRIENDLY,El inglés de los güesos.md,WL-WORK-2207,El inglés de los güesos,,贝尼托·林奇,Lynch,,,batch6_source_refs,WL-TOPIC-Q15;WL-TOPIC-Q15-GAUCHO
P2_EXTERNAL_MATCH_FRIENDLY,El Martín Fierro.md,WL-WORK-2208,El Martín Fierro,,博尔赫斯 / 玛格丽塔·格雷罗,Borges / Margarita Guerrero,,,batch6_source_refs,WL-TOPIC-Q15;WL-TOPIC-Q15-GAUCHO
P3_GENERAL_REVIEW,El matadero ／ 屠场.md,WL-WORK-2209,El matadero / 屠场,,埃斯特万·埃切维里亚,Esteban Echeverría,,,batch6_source_refs,WL-TOPIC-Q15;WL-TOPIC-Q15-GAUCHO
P2_EXTERNAL_MATCH_FRIENDLY,El payador.md,WL-WORK-2211,El payador,,莱奥波尔多·卢贡内斯,Lugones,,,batch6_source_refs,WL-TOPIC-Q15;WL-TOPIC-Q15-GAUCHO
P2_EXTERNAL_MATCH_FRIENDLY,El romance de un gaucho.md,WL-WORK-2212,El romance de un gaucho,,贝尼托·林奇,Lynch,,,batch6_source_refs,WL-TOPIC-Q15;WL-TOPIC-Q15-GAUCHO
P2_EXTERNAL_MATCH_FRIENDLY,El Zarco.md,WL-WORK-2214,El Zarco,,伊格纳西奥·曼努埃尔·阿尔塔米拉诺,Ignacio Manuel Altamirano,,,batch6_source_refs,WL-TOPIC-Q15;WL-TOPIC-Q15-OUTLAW
P2_EXTERNAL_MATCH_FRIENDLY,Eldorado.md,WL-WORK-2215,Eldorado,,奥希兹男爵夫人,Baroness Orczy,,,batch6_source_refs,WL-TOPIC-Q15;WL-TOPIC-Q15-SWASHBUCKLER
P2_EXTERNAL_MATCH_FRIENDLY,Erec.md,WL-WORK-2218,Erec,,哈特曼·冯·奥埃,Hartmann von Aue,,,batch6_source_refs,WL-TOPIC-Q15;WL-TOPIC-Q15-KNIGHT
S_SPECIAL_TEXT,Estoire del Saint Graal.md,WL-WORK-2220,Estoire del Saint Graal,,佚名,,,,batch6_source_refs,WL-TOPIC-Q15;WL-TOPIC-Q15-KNIGHT
S_SPECIAL_TEXT,Eustace the Monk.md,WL-WORK-2221,Eustace the Monk,,佚名,,,,batch6_source_refs,WL-TOPIC-Q15;WL-TOPIC-Q15-OUTLAW;WL-TOPIC-Q15-PIRATE
P2_EXTERNAL_MATCH_FRIENDLY,Exquisite Corpse.md,WL-WORK-0500,Exquisite Corpse,,波比·Z.布赖特,Poppy Z. Brite,,,batch1_source_refs,WL-TOPIC-G45-HORROR
P2_EXTERNAL_MATCH_FRIENDLY,Facial Justice.md,WL-WORK-0924,Facial Justice,,L.P.哈特利,L.P. Hartley,,,batch2_source_refs,WL-TOPIC-G46-DYSTOPIA
P2_EXTERNAL_MATCH_FRIENDLY,Facundo／ Civilization and Barbarism.md,WL-WORK-2224,Facundo: Civilization and Barbarism,,萨米恩托,Domingo Faustino Sarmiento,,,batch6_source_refs,WL-TOPIC-Q15;WL-TOPIC-Q15-GAUCHO
P2_EXTERNAL_MATCH_FRIENDLY,Fausto.md,WL-WORK-2225,Fausto,,埃斯塔尼斯劳·德尔·坎波,del Campo的,,,batch6_source_refs,WL-TOPIC-Q15;WL-TOPIC-Q15-GAUCHO
P2_EXTERNAL_MATCH_FRIENDLY,Feed.md,WL-WORK-0925,Feed,,M.T.安德森,M.T. Anderson,,,batch2_source_refs,WL-TOPIC-G46-DYSTOPIA
S_SPECIAL_TEXT,Fierabras.md,WL-WORK-2226,Fierabras,,佚名,,,,batch6_source_refs,WL-TOPIC-Q15;WL-TOPIC-Q15-KNIGHT
P2_EXTERNAL_MATCH_FRIENDLY,Flashman.md,WL-WORK-2227,Flashman,,乔治·麦克唐纳·弗雷泽,Flashman系列，从,,,batch6_source_refs,WL-TOPIC-Q15;WL-TOPIC-Q15-SWASHBUCKLER
P2_EXTERNAL_MATCH_FRIENDLY,Fools Crow.md,WL-WORK-0926,Fools Crow,,詹姆斯·韦尔奇,James Welch,,,batch2_source_refs;batch6_source_refs,WL-TOPIC-G44-HISTORICAL;WL-TOPIC-Q15;WL-TOPIC-Q15-WESTERN
P2_EXTERNAL_MATCH_FRIENDLY,Forbidden.md,WL-WORK-1958,Forbidden,,贝弗利·詹金斯,Beverly Jenkins,,,batch5_source_refs,WL-TOPIC-Q2-LOVE
P2_EXTERNAL_MATCH_FRIENDLY,Fourth Wing.md,WL-WORK-1959,Fourth Wing,,丽贝卡·亚罗斯,Rebecca Yarros,,,batch5_source_refs,WL-TOPIC-Q2-LOVE
P2_EXTERNAL_MATCH_FRIENDLY,From a Crooked Rib.md,WL-WORK-0927,From a Crooked Rib,,努鲁丁·法拉赫,Nuruddin Farah,,,batch2_source_refs,WL-TOPIC-G43-BILDUNGSROMAN
S_SPECIAL_TEXT,Fulk FitzWarin.md,WL-WORK-2231,Fulk FitzWarin,,佚名,,,,batch6_source_refs,WL-TOPIC-Q15;WL-TOPIC-Q15-OUTLAW
S_SPECIAL_TEXT,Gamelyn.md,WL-WORK-2232,Gamelyn,,佚名,,,,batch6_source_refs,WL-TOPIC-Q15;WL-TOPIC-Q15-OUTLAW
P2_EXTERNAL_MATCH_FRIENDLY,Games of Command.md,WL-WORK-1960,Games of Command,,林妮娅·辛克莱,Linnea Sinclair,,,batch5_source_refs,WL-TOPIC-Q2-LOVE
P2_EXTERNAL_MATCH_FRIENDLY,Gestaltes en diere.md,WL-WORK-1530,Gestaltes en diere,,N.P.范维克·劳,N. P. van Wyk Louw,,,batch4_source_refs,WL-TOPIC-M3-MODERNISM
P2_EXTERNAL_MATCH_FRIENDLY,"Get a Life, Chloe Brown.md",WL-WORK-1961,"Get a Life, Chloe Brown",,塔莉娅·希伯特,Talia Hibbert,,,batch5_source_refs,WL-TOPIC-Q2-LOVE
S_SPECIAL_TEXT,Girart de Roussillon.md,WL-WORK-2233,Girart de Roussillon,,佚名,,,,batch6_source_refs,WL-TOPIC-Q15;WL-TOPIC-Q15-KNIGHT
P2_EXTERNAL_MATCH_FRIENDLY,Gnomon.md,WL-WORK-0928,Gnomon,,尼克·哈卡维,Nick Harkaway,,,batch2_source_refs,WL-TOPIC-G46-DYSTOPIA
P3_GENERAL_REVIEW,Going After Cacciato.md,WL-WORK-1963,Going After Cacciato,,美国一侧,,,,batch5_source_refs,WL-TOPIC-Q6-WAR
P3_GENERAL_REVIEW,GOTH断掌事件.md,WL-WORK-0501,GOTH断掌事件,,乙一,,,,batch1_source_refs,WL-TOPIC-G45-HORROR
P2_EXTERNAL_MATCH_FRIENDLY,Greguerías.md,WL-WORK-1531,Greguerías,,拉蒙·戈麦斯·德拉塞尔纳,Ramón Gómez de la Serna,,,batch4_source_refs,WL-TOPIC-M3-MODERNISM
P2_EXTERNAL_MATCH_FRIENDLY,Grito de Gloria.md,WL-WORK-2236,Grito de Gloria,,阿塞韦多·迪亚斯,Acevedo Díaz,,,batch6_source_refs,WL-TOPIC-Q15;WL-TOPIC-Q15-GAUCHO
S_SPECIAL_TEXT,Guy of Warwick.md,WL-WORK-2237,Guy of Warwick,,佚名,,,,batch6_source_refs,WL-TOPIC-Q15;WL-TOPIC-Q15-KNIGHT
P2_EXTERNAL_MATCH_FRIENDLY,Harmonium.md,WL-WORK-1532,Harmonium,,华莱士·史蒂文斯,Wallace Stevens,,,batch4_source_refs,WL-TOPIC-M3-MODERNISM
P2_EXTERNAL_MATCH_FRIENDLY,Harvest Home.md,WL-WORK-0502,Harvest Home,,托马斯·特赖恩,Thomas Tryon,,,batch1_source_refs,WL-TOPIC-G45-HORROR
P2_EXTERNAL_MATCH_FRIENDLY,Her Privates We.md,WL-WORK-1964,Her Privates We,,弗雷德里克·曼宁,Frederic Manning,,,batch5_source_refs,WL-TOPIC-Q6-WAR
P2_EXTERNAL_MATCH_FRIENDLY,Hood.md,WL-WORK-2240,Hood,,斯蒂芬·R.劳黑德,Stephen R. Lawhead,,,batch6_source_refs,WL-TOPIC-Q15;WL-TOPIC-Q15-OUTLAW
P2_EXTERNAL_MATCH_FRIENDLY,Hormiga Negra.md,WL-WORK-2241,Hormiga Negra,,爱德华多·古铁雷斯,Eduardo Gutiérrez,,,batch6_source_refs,WL-TOPIC-Q15;WL-TOPIC-Q15-GAUCHO
P1_CANON_AWARD,House Made of Dawn.md,WL-WORK-2243,House Made of Dawn,,N.斯科特·莫马迪,N. Scott Momaday,,WL-AWARD-PULITZER-FICTION,batch6_source_refs,WL-TOPIC-Q15;WL-TOPIC-Q15-WESTERN
P2_EXTERNAL_MATCH_FRIENDLY,How Much of These Hills Is Gold.md,WL-WORK-2244,How Much of These Hills Is Gold,,张沧畔,C Pam Zhang,,,batch6_source_refs,WL-TOPIC-Q15;WL-TOPIC-Q15-WESTERN
P2_EXTERNAL_MATCH_FRIENDLY,How the Soldier Repairs the Gramophone.md,WL-WORK-1965,How the Soldier Repairs the Gramophone,,萨沙·斯塔尼希奇,Saša Stanišić,,,batch5_source_refs,WL-TOPIC-Q6-WAR
P2_EXTERNAL_MATCH_FRIENDLY,Human Sacrifices.md,WL-WORK-0503,Human Sacrifices,,玛丽亚·费尔南达·安普埃罗,María Fernanda Ampuero,,,batch1_source_refs,WL-TOPIC-G45-HORROR
S_SPECIAL_TEXT,Huon de Bordeaux.md,WL-WORK-2245,Huon de Bordeaux,,佚名,,,,batch6_source_refs,WL-TOPIC-Q15;WL-TOPIC-Q15-KNIGHT
P2_EXTERNAL_MATCH_FRIENDLY,I Will Repay.md,WL-WORK-2246,I Will Repay,,奥希兹男爵夫人,Baroness Orczy,,,batch6_source_refs,WL-TOPIC-Q15;WL-TOPIC-Q15-SWASHBUCKLER
P3_GENERAL_REVIEW,I'm Waiting for You and Other Stories.md,WL-WORK-0480,I'm Waiting for You and Other Stories,,金宝英,,,,,WL-TOPIC-G45-SF
P3_GENERAL_REVIEW,If I Die in a Combat Zone.md,WL-WORK-1966,If I Die in a Combat Zone,,美国一侧,,,,batch5_source_refs,WL-TOPIC-Q6-WAR
P2_EXTERNAL_MATCH_FRIENDLY,In Flanders Fields.md,WL-WORK-1967,In Flanders Fields,,约翰·麦克雷,John McCrae,,,batch5_source_refs,WL-TOPIC-Q6-WAR
P2_EXTERNAL_MATCH_FRIENDLY,In Parenthesis.md,WL-WORK-1968,In Parenthesis,,戴维·琼斯,David Jones,,,batch5_source_refs,WL-TOPIC-Q6-WAR
P2_EXTERNAL_MATCH_FRIENDLY,Indigo.md,WL-WORK-1969,Indigo,,贝弗利·詹金斯,Beverly Jenkins,,,batch5_source_refs,WL-TOPIC-Q2-LOVE
P2_EXTERNAL_MATCH_FRIENDLY,Inland.md,WL-WORK-2248,Inland,,特娅·奥布雷赫特,Téa Obreht,,,batch6_source_refs,WL-TOPIC-Q15;WL-TOPIC-Q15-WESTERN
P2_EXTERNAL_MATCH_FRIENDLY,Ismael.md,WL-WORK-2249,Ismael,,阿塞韦多·迪亚斯,Acevedo Díaz,,,batch6_source_refs,WL-TOPIC-Q15;WL-TOPIC-Q15-GAUCHO
P2_EXTERNAL_MATCH_FRIENDLY,Iwein.md,WL-WORK-2250,Iwein,,哈特曼·冯·奥埃,Hartmann,,,batch6_source_refs,WL-TOPIC-Q15;WL-TOPIC-Q15-KNIGHT
P2_EXTERNAL_MATCH_FRIENDLY,Jawbone.md,WL-WORK-0505,Jawbone,,莫妮卡·奥赫达,Mónica Ojeda,,,batch1_source_refs,WL-TOPIC-G45-HORROR
P2_EXTERNAL_MATCH_FRIENDLY,Jennifer Government.md,WL-WORK-0931,Jennifer Government,,马克斯·巴里,Max Barry,,,batch2_source_refs,WL-TOPIC-G46-DYSTOPIA
P2_EXTERNAL_MATCH_FRIENDLY,Jerilderie Letter.md,WL-WORK-2251,Jerilderie Letter,,内德·凯利,Ned Kelly,,,batch6_source_refs,WL-TOPIC-Q15;WL-TOPIC-Q15-OUTLAW
P2_EXTERNAL_MATCH_FRIENDLY,Joseph d'Arimathie.md,WL-WORK-2253,Joseph d'Arimathie,,罗贝尔·德·博龙,Robert de Boron,,,batch6_source_refs,WL-TOPIC-Q15;WL-TOPIC-Q15-KNIGHT
P2_EXTERNAL_MATCH_FRIENDLY,Juan Cuello.md,WL-WORK-2254,Juan Cuello,,爱德华多·古铁雷斯,Eduardo Gutiérrez,,,batch6_source_refs,WL-TOPIC-Q15;WL-TOPIC-Q15-GAUCHO
P2_EXTERNAL_MATCH_FRIENDLY,Juan Moreira.md,WL-WORK-2255,Juan Moreira,,爱德华多·古铁雷斯,Gutiérrez,,,batch6_source_refs,WL-TOPIC-Q15;WL-TOPIC-Q15-GAUCHO;WL-TOPIC-Q15-OUTLAW
P2_EXTERNAL_MATCH_FRIENDLY,Just Like Home.md,WL-WORK-0506,Just Like Home,,萨拉·盖利,Sarah Gailey,,,batch1_source_refs,WL-TOPIC-G45-HORROR
P2_EXTERNAL_MATCH_FRIENDLY,Kalpa Imperial.md,WL-WORK-0472,Kalpa Imperial,,安赫利卡·戈罗迪舍尔,Angélica Gorodischer,,,,WL-TOPIC-G45-SF
P2_EXTERNAL_MATCH_FRIENDLY,Kaputt.md,WL-WORK-1971,Kaputt,,库尔齐奥·马拉帕尔特,Curzio Malaparte,,,batch5_source_refs,WL-TOPIC-Q6-WAR
P2_EXTERNAL_MATCH_FRIENDLY,Kernok the Pirate.md,WL-WORK-2256,Kernok the Pirate,,欧仁·苏,Eugène Sue,,,batch6_source_refs,WL-TOPIC-Q15;WL-TOPIC-Q15-PIRATE
P2_EXTERNAL_MATCH_FRIENDLY,Kintu.md,WL-WORK-0932,Kintu,,珍妮弗·南布西·马昆比,与Makumbi,,,batch2_source_refs,WL-TOPIC-G43-FAMILY
P2_EXTERNAL_MATCH_FRIENDLY,Kushiel's Dart.md,WL-WORK-1972,Kushiel's Dart,,杰奎琳·凯里,Jacqueline Carey,,,batch5_source_refs,WL-TOPIC-Q2-LOVE
P2_EXTERNAL_MATCH_FRIENDLY,L'Allegria.md,WL-WORK-1534,L'Allegria,,朱塞佩·翁加雷蒂,Giuseppe Ungaretti,,,batch4_source_refs,WL-TOPIC-M3-MODERNISM
P2_EXTERNAL_MATCH_FRIENDLY,La cautiva.md,WL-WORK-2258,La cautiva,,埃斯特万·埃切维里亚,Echeverría,,,batch6_source_refs,WL-TOPIC-Q15;WL-TOPIC-Q15-GAUCHO
P2_EXTERNAL_MATCH_FRIENDLY,La guerra gaucha.md,WL-WORK-2259,La guerra gaucha,,莱奥波尔多·卢贡内斯,Lugones,,,batch6_source_refs,WL-TOPIC-Q15;WL-TOPIC-Q15-GAUCHO
P2_EXTERNAL_MATCH_FRIENDLY,La vuelta de Martín Fierro.md,WL-WORK-2263,La vuelta de Martín Fierro,,何塞·埃尔南德斯,Hernández,,,batch6_source_refs,WL-TOPIC-Q15;WL-TOPIC-Q15-GAUCHO;WL-TOPIC-Q15-OUTLAW
S_SPECIAL_TEXT,Lancelot propre.md,WL-WORK-2265,Lancelot propre,,佚名,,,,batch6_source_refs,WL-TOPIC-Q15;WL-TOPIC-Q15-KNIGHT
P2_EXTERNAL_MATCH_FRIENDLY,Las aventuras de la China Iron.md,WL-WORK-2267,Las aventuras de la China Iron,,加布里埃拉·卡贝松·卡马拉,Cabezón Cámara,,,batch6_source_refs,WL-TOPIC-Q15;WL-TOPIC-Q15-GAUCHO;WL-TOPIC-Q15-OUTLAW
P2_EXTERNAL_MATCH_FRIENDLY,Le Capitan.md,WL-WORK-2269,Le Capitan,,米歇尔·泽瓦科,Le Capitan,,,batch6_source_refs,WL-TOPIC-Q15;WL-TOPIC-Q15-SWASHBUCKLER
P2_EXTERNAL_MATCH_FRIENDLY,Legendary Tales of the Australian Aborigines.md,WL-WORK-1359,Legendary Tales of the Australian Aborigines,,戴维·乌奈庞,David Unaipon,,,batch3_source_refs,WL-TOPIC-G1-MYTH
P2_EXTERNAL_MATCH_FRIENDLY,Leila.md,WL-WORK-0933,Leila,,普拉亚格·阿克巴尔,Prayaag Akbar,,,batch2_source_refs,WL-TOPIC-G46-DYSTOPIA
P2_EXTERNAL_MATCH_FRIENDLY,Lendas do Sul.md,WL-WORK-2271,Lendas do Sul,,西蒙斯·洛佩斯·内托,Simões Lopes Neto,,,batch6_source_refs,WL-TOPIC-Q15;WL-TOPIC-Q15-GAUCHO
P2_EXTERNAL_MATCH_FRIENDLY,"Letters Written during a Short Residence in Sweden, Norway, and Denmark.md",WL-WORK-1360,"Letters Written during a Short Residence in Sweden, Norway, and Denmark",,玛丽·沃斯通克拉夫特,Mary Wollstonecraft,,,batch3_source_refs,WL-TOPIC-G7-TRAVEL
S_SPECIAL_TEXT,Libro del caballero Zifar.md,WL-WORK-2272,Libro del caballero Zifar,,佚名,,,,batch6_source_refs,WL-TOPIC-Q15;WL-TOPIC-Q15-KNIGHT
P2_EXTERNAL_MATCH_FRIENDLY,Limbo.md,WL-WORK-0934,Limbo,,伯纳德·沃尔夫,Bernard Wolfe,,,batch2_source_refs,WL-TOPIC-G46-DYSTOPIA
P2_EXTERNAL_MATCH_FRIENDLY,Little Big Man.md,WL-WORK-2273,Little Big Man,,托马斯·伯杰,Thomas Berger,,,batch6_source_refs,WL-TOPIC-Q15;WL-TOPIC-Q15-WESTERN
P2_EXTERNAL_MATCH_FRIENDLY,Lone Women.md,WL-WORK-2274,Lone Women,,维克多·拉瓦勒,Victor LaValle,,,batch6_source_refs,WL-TOPIC-Q15;WL-TOPIC-Q15-WESTERN
P2_EXTERNAL_MATCH_FRIENDLY,Long John Silver.md,WL-WORK-2275,Long John Silver,,比约恩·拉尔森,Björn Larsson,,,batch6_source_refs,WL-TOPIC-Q15;WL-TOPIC-Q15-PIRATE
P2_EXTERNAL_MATCH_FRIENDLY,Looking for Transwonderland／ Travels in Nigeria.md,WL-WORK-1361,Looking for Transwonderland: Travels in Nigeria,Looking for Transwonderland,努·萨罗-维瓦,Noo Saro-Wiwa,,,batch3_source_refs,WL-TOPIC-G7-TRAVEL
P2_EXTERNAL_MATCH_FRIENDLY,Los bandidos de Río Frío.md,WL-WORK-2276,Los bandidos de Río Frío,,曼努埃尔·派诺,Manuel Payno,,,batch6_source_refs,WL-TOPIC-Q15;WL-TOPIC-Q15-OUTLAW
P2_EXTERNAL_MATCH_FRIENDLY,Los caranchos de La Florida.md,WL-WORK-2277,Los caranchos de La Florida,,贝尼托·林奇,Benito Lynch,,,batch6_source_refs,WL-TOPIC-Q15;WL-TOPIC-Q15-GAUCHO
P2_EXTERNAL_MATCH_FRIENDLY,Los tres gauchos orientales.md,WL-WORK-2278,Los tres gauchos orientales,,安东尼奥·卢西奇,Lussich,,,batch6_source_refs,WL-TOPIC-Q15;WL-TOPIC-Q15-GAUCHO
P2_EXTERNAL_MATCH_FRIENDLY,Lost in the Barrens.md,WL-WORK-0508,Lost in the Barrens,,法利·莫厄特,Farley Mowat,,,batch1_source_refs,WL-TOPIC-G45-ADVENTURE
P2_EXTERNAL_MATCH_FRIENDLY,Love Only Once.md,WL-WORK-1973,Love Only Once,,约翰娜·林赛,Johanna Lindsey,,,batch5_source_refs,WL-TOPIC-Q2-LOVE
P3_GENERAL_REVIEW,Lumpérica.md,WL-WORK-1535,Lumpérica,,迪亚梅拉·埃尔蒂特,,,,batch4_source_refs,WL-TOPIC-R6-LATAM
P2_EXTERNAL_MATCH_FRIENDLY,Maid Marian.md,WL-WORK-2279,Maid Marian,,托马斯·洛夫·皮科克,Peacock,,,batch6_source_refs,WL-TOPIC-Q15;WL-TOPIC-Q15-OUTLAW
P2_EXTERNAL_MATCH_FRIENDLY,Malaeska.md,WL-WORK-2280,Malaeska,,安·S.斯蒂芬斯,Ann S. Stephens,,,batch6_source_refs,WL-TOPIC-Q15;WL-TOPIC-Q15-WESTERN
P2_EXTERNAL_MATCH_FRIENDLY,Manhunt.md,WL-WORK-0509,Manhunt,,格蕾琴·费尔克-马丁,Gretchen Felker-Martin,,,batch1_source_refs,WL-TOPIC-G45-HORROR
P2_EXTERNAL_MATCH_FRIENDLY,Masterman Ready.md,WL-WORK-0510,Masterman Ready,,弗雷德里克·马里亚特,Marryat,,,batch1_source_refs,WL-TOPIC-G45-ADVENTURE
P2_EXTERNAL_MATCH_FRIENDLY,Merlin.md,WL-WORK-2282,Merlin,,T.H.怀特,T.H. White,,,batch6_source_refs,WL-TOPIC-Q15;WL-TOPIC-Q15-KNIGHT
S_SPECIAL_TEXT,Michael Howe.md,WL-WORK-2284,Michael Howe,,佚名,,,,batch6_source_refs,WL-TOPIC-Q15;WL-TOPIC-Q15-OUTLAW
P2_EXTERNAL_MATCH_FRIENDLY,Minty Alley.md,WL-WORK-1536,Minty Alley,,C.L.R.詹姆斯,C. L. R. James,,,batch4_source_refs,WL-TOPIC-M3-MODERNISM
P2_EXTERNAL_MATCH_FRIENDLY,Missionary Travels and Researches in South Africa.md,WL-WORK-1362,Missionary Travels and Researches in South Africa,Missionary Travels,戴维·利文斯通,Livingstone,,,batch3_source_refs,WL-TOPIC-G7-TRAVEL
P2_EXTERNAL_MATCH_FRIENDLY,Monte Walsh.md,WL-WORK-2286,Monte Walsh,,杰克·谢弗,Jack Schaefer,,,batch6_source_refs,WL-TOPIC-Q15;WL-TOPIC-Q15-WESTERN;WL-TOPIC-Q15-PIRATE
P2_EXTERNAL_MATCH_FRIENDLY,Morgante.md,WL-WORK-2287,Morgante,,路易吉·普尔奇,Luigi Pulci,,,batch6_source_refs,WL-TOPIC-Q15;WL-TOPIC-Q15-KNIGHT
S_SPECIAL_TEXT,Mort Artu.md,WL-WORK-2288,Mort Artu,,佚名,,,,batch6_source_refs,WL-TOPIC-Q15;WL-TOPIC-Q15-KNIGHT
P3_GENERAL_REVIEW,"Murambi, The Book of Bones.md",WL-WORK-1974,"Murambi, The Book of Bones",Murambi,相关研究也将,,,,batch5_source_refs,WL-TOPIC-Q6-WAR
P2_EXTERNAL_MATCH_FRIENDLY,My Side of the Mountain.md,WL-WORK-0513,My Side of the Mountain,,琼·克雷格黑德·乔治,Jean Craighead George,,,batch1_source_refs,WL-TOPIC-G45-ADVENTURE
P2_EXTERNAL_MATCH_FRIENDLY,Nativa.md,WL-WORK-2289,Nativa,,阿塞韦多·迪亚斯,Acevedo Díaz,,,batch6_source_refs,WL-TOPIC-Q15;WL-TOPIC-Q15-GAUCHO
P2_EXTERNAL_MATCH_FRIENDLY,Naufragios.md,WL-WORK-0515,Naufragios,,卡贝萨·德·巴卡,Cabeza de Vaca,,,batch1_source_refs;batch3_source_refs;batch6_source_refs,WL-TOPIC-G45-ADVENTURE;WL-TOPIC-G7-TRAVEL;WL-TOPIC-Q15;WL-TOPIC-Q15-WESTERN
P1_CANON_AWARD,Nervous Conditions.md,WL-WORK-0936,Nervous Conditions,,齐齐·丹加雷姆加,Tsitsi Dangarembga,CANON-261,,batch2_source_refs,WL-TOPIC-G43-BILDUNGSROMAN
P2_EXTERNAL_MATCH_FRIENDLY,News of the World.md,WL-WORK-2290,News of the World,,波莱特·贾尔斯,Paulette Jiles,,,batch6_source_refs,WL-TOPIC-Q15;WL-TOPIC-Q15-WESTERN
P2_EXTERNAL_MATCH_FRIENDLY,No-No Boy.md,WL-WORK-0937,No-No Boy,,约翰·冈田,John Okada,,,batch2_source_refs,WL-TOPIC-G43-BILDUNGSROMAN
P2_EXTERNAL_MATCH_FRIENDLY,O Cabeleira.md,WL-WORK-2291,O Cabeleira,,富兰克林·塔沃拉,Franklin Távora,,,batch6_source_refs,WL-TOPIC-Q15;WL-TOPIC-Q15-OUTLAW
P2_EXTERNAL_MATCH_FRIENDLY,O Gaúcho.md,WL-WORK-2292,O Gaúcho,,若泽·德·阿伦卡尔,José de Alencar,,,batch6_source_refs,WL-TOPIC-Q15;WL-TOPIC-Q15-GAUCHO
P2_EXTERNAL_MATCH_FRIENDLY,Observations.md,WL-WORK-1537,Observations,,玛丽安娜·穆尔,Marianne Moore,,,batch4_source_refs,WL-TOPIC-M3-MODERNISM
P2_EXTERNAL_MATCH_FRIENDLY,Old Jules.md,WL-WORK-2293,Old Jules,,玛丽·桑多兹,Mari Sandoz,,,batch6_source_refs,WL-TOPIC-Q15;WL-TOPIC-Q15-WESTERN
P2_EXTERNAL_MATCH_FRIENDLY,On Stranger Tides.md,WL-WORK-2294,On Stranger Tides,,蒂姆·鲍尔斯,Tim Powers,,,batch6_source_refs,WL-TOPIC-Q15;WL-TOPIC-Q15-PIRATE
P2_EXTERNAL_MATCH_FRIENDLY,Our Sunshine.md,WL-WORK-2296,Our Sunshine,,罗伯特·德鲁,Robert Drewe,,,batch6_source_refs,WL-TOPIC-Q15;WL-TOPIC-Q15-OUTLAW
P2_EXTERNAL_MATCH_FRIENDLY,Outlawed.md,WL-WORK-2297,Outlawed,,安娜·诺斯,Anna North,,,batch6_source_refs,WL-TOPIC-Q15;WL-TOPIC-Q15-WESTERN;WL-TOPIC-Q15-OUTLAW
P2_EXTERNAL_MATCH_FRIENDLY,Palmerín de Inglaterra.md,WL-WORK-2298,Palmerín de Inglaterra,,弗朗西斯科·德·莫拉埃斯,Francisco de Moraes,,,batch6_source_refs,WL-TOPIC-Q15;WL-TOPIC-Q15-KNIGHT
S_SPECIAL_TEXT,Palmerín de Oliva.md,WL-WORK-2299,Palmerín de Oliva,,佚名,,,,batch6_source_refs,WL-TOPIC-Q15;WL-TOPIC-Q15-KNIGHT
P2_EXTERNAL_MATCH_FRIENDLY,Paradise Sky.md,WL-WORK-2300,Paradise Sky,,乔·R.兰斯代尔,Joe R. Lansdale,,,batch6_source_refs,WL-TOPIC-Q15;WL-TOPIC-Q15-WESTERN
P2_EXTERNAL_MATCH_FRIENDLY,Parzival.md,WL-WORK-2301,Parzival,,沃尔夫拉姆·冯·埃申巴赫,Wolfram的,,,batch6_source_refs,WL-TOPIC-Q15;WL-TOPIC-Q15-KNIGHT
P2_EXTERNAL_MATCH_FRIENDLY,Paulino Lucero.md,WL-WORK-2302,Paulino Lucero,,阿斯卡苏比,Ascasubi,,,batch6_source_refs,WL-TOPIC-Q15;WL-TOPIC-Q15-GAUCHO
P2_EXTERNAL_MATCH_FRIENDLY,Peregrine's Progress.md,WL-WORK-2305,Peregrine's Progress,,杰弗里·法诺尔,Farnol,,,batch6_source_refs,WL-TOPIC-Q15;WL-TOPIC-Q15-SWASHBUCKLER
S_SPECIAL_TEXT,Perlesvaus ／ The High Book of the Grail.md,WL-WORK-2306,Perlesvaus / The High Book of the Grail,,佚名,,,,batch6_source_refs,WL-TOPIC-Q15;WL-TOPIC-Q15-KNIGHT
P2_EXTERNAL_MATCH_FRIENDLY,Persian Pictures.md,WL-WORK-1364,Persian Pictures,,格特鲁德·贝尔,Gertrude Bell,,,batch3_source_refs,WL-TOPIC-G7-TRAVEL
P2_EXTERNAL_MATCH_FRIENDLY,Personal Narrative.md,WL-WORK-1365,Personal Narrative,,亚历山大·冯·洪堡,Humboldt,,,batch3_source_refs,WL-TOPIC-G7-TRAVEL
P2_EXTERNAL_MATCH_FRIENDLY,Polynesian Mythology.md,WL-WORK-1367,Polynesian Mythology,,乔治·格雷,George Grey,,,batch3_source_refs,WL-TOPIC-G1-MYTH
S_SPECIAL_TEXT,Prose Tristan.md,WL-WORK-2310,Prose Tristan,,佚名,Prose Tristan,,,batch6_source_refs,WL-TOPIC-Q15;WL-TOPIC-Q15-KNIGHT
P2_EXTERNAL_MATCH_FRIENDLY,QualityLand.md,WL-WORK-0939,QualityLand,,马克-乌韦·克林,Marc-Uwe Kling,,,batch2_source_refs,WL-TOPIC-G46-DYSTOPIA
S_SPECIAL_TEXT,Queste del Saint Graal.md,WL-WORK-2311,Queste del Saint Graal,,佚名,,,,batch6_source_refs,WL-TOPIC-Q15;WL-TOPIC-Q15-KNIGHT
P2_EXTERNAL_MATCH_FRIENDLY,Radiance.md,WL-WORK-1976,Radiance,,格蕾丝·德雷文,Grace Draven,,,batch5_source_refs,WL-TOPIC-Q2-LOVE
P2_EXTERNAL_MATCH_FRIENDLY,Ragged Dick.md,WL-WORK-0940,Ragged Dick,,霍雷肖·阿尔杰,Horatio Alger,,,batch2_source_refs,WL-TOPIC-G43-BILDUNGSROMAN
P2_EXTERNAL_MATCH_FRIENDLY,Ramrod.md,WL-WORK-2312,Ramrod,,卢克·肖特,Luke Short,,,batch6_source_refs,WL-TOPIC-Q15;WL-TOPIC-Q15-WESTERN
S_SPECIAL_TEXT,Raoul de Cambrai.md,WL-WORK-2313,Raoul de Cambrai,,佚名,,,,batch6_source_refs,WL-TOPIC-Q15;WL-TOPIC-Q15-KNIGHT
P2_EXTERNAL_MATCH_FRIENDLY,"Red, White & Royal Blue.md",WL-WORK-1977,"Red, White & Royal Blue",,凯西·麦奎斯顿,Casey McQuiston,,,batch5_source_refs,WL-TOPIC-Q2-LOVE
P2_EXTERNAL_MATCH_FRIENDLY,Redeployment.md,WL-WORK-1978,Redeployment,,菲尔·克莱,Phil Klay,,,batch5_source_refs,WL-TOPIC-Q6-WAR
S_SPECIAL_TEXT,Renaud de Montauban ／ The Four Sons of Aymon.md,WL-WORK-2314,Renaud de Montauban / The Four Sons of Aymon,,佚名,,,,batch6_source_refs,WL-TOPIC-Q15;WL-TOPIC-Q15-KNIGHT
P2_EXTERNAL_MATCH_FRIENDLY,Reservation Blues.md,WL-WORK-2315,Reservation Blues,,谢尔曼·阿莱克西,Sherman Alexie,,,batch6_source_refs,WL-TOPIC-Q15;WL-TOPIC-Q15-WESTERN
P2_EXTERNAL_MATCH_FRIENDLY,Riders of the Silences.md,WL-WORK-2317,Riders of the Silences,,马克斯·布兰德,Max Brand,,,batch6_source_refs,WL-TOPIC-Q15;WL-TOPIC-Q15-WESTERN
P2_EXTERNAL_MATCH_FRIENDLY,"Rinaldo Rinaldini, the Robber Captain.md",WL-WORK-2319,"Rinaldo Rinaldini, the Robber Captain",,克里斯蒂安·奥古斯特·武尔皮乌斯,Christian August Vulpius,,,batch6_source_refs,WL-TOPIC-Q15;WL-TOPIC-Q15-OUTLAW
P2_EXTERNAL_MATCH_FRIENDLY,Rinaldo Rinaldini.md,WL-WORK-2318,Rinaldo Rinaldini,,克里斯蒂安·奥古斯特·武尔皮乌斯,Christian August Vulpius,,,batch6_source_refs,WL-TOPIC-Q15;WL-TOPIC-Q15-OUTLAW
P2_EXTERNAL_MATCH_FRIENDLY,Ring Shout.md,WL-WORK-0516,Ring Shout,,P.杰利·克拉克,P. Djèlí Clark,,,batch1_source_refs,WL-TOPIC-G45-HORROR
P3_GENERAL_REVIEW,Robbery Under Arms.md,WL-WORK-2320,Robbery Under Arms,,澳大利亚,,,,batch6_source_refs,WL-TOPIC-Q15;WL-TOPIC-Q15-OUTLAW
P2_EXTERNAL_MATCH_FRIENDLY,Robin and the King.md,WL-WORK-2321,Robin and the King,,帕克·戈德温,Parke Godwin,,,batch6_source_refs,WL-TOPIC-Q15;WL-TOPIC-Q15-OUTLAW
S_SPECIAL_TEXT,Robin Hood and Guy of Gisborne.md,WL-WORK-2322,Robin Hood and Guy of Gisborne,,佚名,,,,batch6_source_refs,WL-TOPIC-Q15;WL-TOPIC-Q15-OUTLAW
S_SPECIAL_TEXT,Robin Hood and the Curtal Friar.md,WL-WORK-2323,Robin Hood and the Curtal Friar,,佚名,,,,batch6_source_refs,WL-TOPIC-Q15;WL-TOPIC-Q15-OUTLAW
S_SPECIAL_TEXT,Robin Hood and the Golden Arrow.md,WL-WORK-2324,Robin Hood and the Golden Arrow,,佚名,,,,batch6_source_refs,WL-TOPIC-Q15;WL-TOPIC-Q15-OUTLAW
S_SPECIAL_TEXT,Robin Hood and the Monk.md,WL-WORK-2325,Robin Hood and the Monk,,佚名,,,,batch6_source_refs,WL-TOPIC-Q15;WL-TOPIC-Q15-OUTLAW
S_SPECIAL_TEXT,Robin Hood and the Potter.md,WL-WORK-2326,Robin Hood and the Potter,,佚名,,,,batch6_source_refs,WL-TOPIC-Q15;WL-TOPIC-Q15-OUTLAW
S_SPECIAL_TEXT,Robin Hood's Death.md,WL-WORK-2327,Robin Hood's Death,,佚名,,,,batch6_source_refs,WL-TOPIC-Q15;WL-TOPIC-Q15-OUTLAW
S_SPECIAL_TEXT,Roman d'Alexandre.md,WL-WORK-2328,Roman d'Alexandre,,佚名,,,,batch6_source_refs,WL-TOPIC-Q15;WL-TOPIC-Q15-KNIGHT
S_SPECIAL_TEXT,Roman d'Enéas.md,WL-WORK-2329,Roman d'Enéas,,佚名,,,,batch6_source_refs,WL-TOPIC-Q15;WL-TOPIC-Q15-KNIGHT
P2_EXTERNAL_MATCH_FRIENDLY,Roman de Brut.md,WL-WORK-2330,Roman de Brut,,瓦斯,Wace,,,batch6_source_refs,WL-TOPIC-Q15;WL-TOPIC-Q15-KNIGHT
P2_EXTERNAL_MATCH_FRIENDLY,Roman de Silence.md,WL-WORK-2331,Roman de Silence,,康沃尔的埃尔德里斯,Heldris of Cornwall,,,batch6_source_refs,WL-TOPIC-Q15;WL-TOPIC-Q15-KNIGHT
S_SPECIAL_TEXT,Roman de Thèbes.md,WL-WORK-2332,Roman de Thèbes,,佚名,,,,batch6_source_refs,WL-TOPIC-Q15;WL-TOPIC-Q15-KNIGHT
P2_EXTERNAL_MATCH_FRIENDLY,Roman de Troie.md,WL-WORK-2333,Roman de Troie,,伯努瓦·德·圣莫尔,Benoît de Sainte-Maure,,,batch6_source_refs,WL-TOPIC-Q15;WL-TOPIC-Q15-KNIGHT
P2_EXTERNAL_MATCH_FRIENDLY,Rubyfruit Jungle.md,WL-WORK-0941,Rubyfruit Jungle,,丽塔·梅·布朗,Rita Mae Brown,,,batch2_source_refs,WL-TOPIC-G43-BILDUNGSROMAN
P2_EXTERNAL_MATCH_FRIENDLY,Russian Folk Belief.md,WL-WORK-1369,Russian Folk Belief,,琳达·伊万尼茨,Linda Ivanits,,,batch3_source_refs,WL-TOPIC-G1-MYTH
P2_EXTERNAL_MATCH_FRIENDLY,Safarnama ／ 旅行记.md,WL-WORK-1370,Safarnama / 旅行记,Safarnama,纳赛尔·霍斯陆,Nasir Khusraw,,,batch3_source_refs,WL-TOPIC-G7-TRAVEL
P2_EXTERNAL_MATCH_FRIENDLY,Santos Vega o los mellizos de la Flor.md,WL-WORK-2337,Santos Vega o los mellizos de la Flor,,阿斯卡苏比,Ascasubi,,,batch6_source_refs,WL-TOPIC-Q15;WL-TOPIC-Q15-GAUCHO
P2_EXTERNAL_MATCH_FRIENDLY,Santos Vega.md,WL-WORK-2336,Santos Vega,,拉斐尔·奥夫利加多,Obligado,,,batch6_source_refs,WL-TOPIC-Q15;WL-TOPIC-Q15-GAUCHO
P2_EXTERNAL_MATCH_FRIENDLY,Sarajevo Blues.md,WL-WORK-1979,Sarajevo Blues,,塞梅兹丁·梅赫梅迪诺维奇,Semezdin Mehmedinović,,,batch5_source_refs,WL-TOPIC-Q6-WAR
P2_EXTERNAL_MATCH_FRIENDLY,Sarajevo Marlboro.md,WL-WORK-1980,Sarajevo Marlboro,,米连科·耶尔戈维奇,Miljenko Jergović,,,batch5_source_refs,WL-TOPIC-Q6-WAR
P2_EXTERNAL_MATCH_FRIENDLY,Scary Stories to Tell in the Dark.md,WL-WORK-0517,Scary Stories to Tell in the Dark,,阿尔文·施瓦茨,Alvin Schwartz,,,batch1_source_refs,WL-TOPIC-G45-HORROR
P2_EXTERNAL_MATCH_FRIENDLY,Segu.md,WL-WORK-0942,Segu,,玛丽斯·孔戴,Maryse Condé,,,batch2_source_refs,WL-TOPIC-G43-FAMILY
P2_EXTERNAL_MATCH_FRIENDLY,Seth Jones.md,WL-WORK-2338,Seth Jones,,爱德华·S.埃利斯,Edward S. Ellis,,,batch6_source_refs,WL-TOPIC-Q15;WL-TOPIC-Q15-WESTERN
P2_EXTERNAL_MATCH_FRIENDLY,Shadowland.md,WL-WORK-0518,Shadowland,,彼得·斯特劳布,Peter Straub,,,batch1_source_refs,WL-TOPIC-G45-HORROR
P2_EXTERNAL_MATCH_FRIENDLY,Sherwood.md,WL-WORK-2339,Sherwood,,帕克·戈德温,Parke Godwin,,,batch6_source_refs,WL-TOPIC-Q15;WL-TOPIC-Q15-OUTLAW
P2_EXTERNAL_MATCH_FRIENDLY,Simon Dale.md,WL-WORK-2340,Simon Dale,,安东尼·霍普,Anthony Hope,,,batch6_source_refs,WL-TOPIC-Q15;WL-TOPIC-Q15-SWASHBUCKLER
P2_EXTERNAL_MATCH_FRIENDLY,Sinophagia／ A Celebration of Chinese Horror.md,WL-WORK-0519,Sinophagia: A Celebration of Chinese Horror,,倪雪婷,Xueting C. Ni,,,batch1_source_refs,WL-TOPIC-G45-HORROR
P2_EXTERNAL_MATCH_FRIENDLY,Sir Launfal.md,WL-WORK-2341,Sir Launfal,,托马斯·切斯特,Thomas Chestre,,,batch6_source_refs,WL-TOPIC-Q15;WL-TOPIC-Q15-KNIGHT
S_SPECIAL_TEXT,Sir Orfeo.md,WL-WORK-2342,Sir Orfeo,,佚名,英国,,,batch6_source_refs,WL-TOPIC-Q15;WL-TOPIC-Q15-KNIGHT
P2_EXTERNAL_MATCH_FRIENDLY,Slave to Sensation.md,WL-WORK-1982,Slave to Sensation,,纳莉妮·辛格,Nalini Singh,,,batch5_source_refs,WL-TOPIC-Q2-LOVE
P2_EXTERNAL_MATCH_FRIENDLY,Slogum House.md,WL-WORK-2343,Slogum House,,玛丽·桑多兹,Mari Sandoz,,,batch6_source_refs,WL-TOPIC-Q15;WL-TOPIC-Q15-WESTERN
P2_EXTERNAL_MATCH_FRIENDLY,Smoky the Cowhorse.md,WL-WORK-2344,Smoky the Cowhorse,,威尔·詹姆斯,Will James,,,batch6_source_refs,WL-TOPIC-Q15;WL-TOPIC-Q15-WESTERN
P2_EXTERNAL_MATCH_FRIENDLY,So Far from God.md,WL-WORK-2345,So Far from God,,安娜·卡斯蒂略,Ana Castillo,,,batch6_source_refs,WL-TOPIC-Q15;WL-TOPIC-Q15-WESTERN
P2_EXTERNAL_MATCH_FRIENDLY,Song for the Unraveling of the World.md,WL-WORK-0520,Song for the Unraveling of the World,,布赖恩·埃文森,Brian Evenson,,,batch1_source_refs,WL-TOPIC-G45-HORROR
P2_EXTERNAL_MATCH_FRIENDLY,Sozaboy.md,WL-WORK-1983,Sozaboy,,肯·萨罗-维瓦,Saro-Wiwa,,,batch5_source_refs,WL-TOPIC-Q6-WAR
P2_EXTERNAL_MATCH_FRIENDLY,Spring and All.md,WL-WORK-1538,Spring and All,,威廉·卡洛斯·威廉斯,William Carlos Williams,,,batch4_source_refs,WL-TOPIC-M3-MODERNISM
S_SPECIAL_TEXT,Stanzaic Morte Arthur.md,WL-WORK-2346,Stanzaic Morte Arthur,,佚名,英国,,,batch6_source_refs,WL-TOPIC-Q15;WL-TOPIC-Q15-KNIGHT
P2_EXTERNAL_MATCH_FRIENDLY,Starve Acre.md,WL-WORK-0521,Starve Acre,,安德鲁·迈克尔·赫尔利,Andrew Michael Hurley,,,batch1_source_refs,WL-TOPIC-G45-HORROR
P2_EXTERNAL_MATCH_FRIENDLY,Sun and Saddle Leather.md,WL-WORK-2348,Sun and Saddle Leather,,查尔斯·巴杰·克拉克,Charles Badger Clark,,,batch6_source_refs,WL-TOPIC-Q15;WL-TOPIC-Q15-WESTERN
P2_EXTERNAL_MATCH_FRIENDLY,Sundown.md,WL-WORK-2349,Sundown,,约翰·约瑟夫·马修斯,John Joseph Mathews,,,batch6_source_refs,WL-TOPIC-Q15;WL-TOPIC-Q15-WESTERN
P2_EXTERNAL_MATCH_FRIENDLY,Sword at Sunset.md,WL-WORK-2350,Sword at Sunset,,罗斯玛丽·萨克利夫,Rosemary Sutcliff,,,batch6_source_refs,WL-TOPIC-Q15;WL-TOPIC-Q15-KNIGHT
P2_EXTERNAL_MATCH_FRIENDLY,Sóngoro cosongo.md,WL-WORK-1539,Sóngoro cosongo,,尼古拉斯·纪廉,Nicolás Guillén,,,batch4_source_refs,WL-TOPIC-R6-LATAM
P2_EXTERNAL_MATCH_FRIENDLY,Tales of Soldiers and Civilians.md,WL-WORK-1984,Tales of Soldiers and Civilians,,安布罗斯·比尔斯,Ambrose Bierce,,,batch5_source_refs,WL-TOPIC-Q6-WAR
P2_EXTERNAL_MATCH_FRIENDLY,Tarr.md,WL-WORK-1540,Tarr,,温德姆·刘易斯,Wyndham Lewis,,,batch4_source_refs,WL-TOPIC-M3-MODERNISM
P2_EXTERNAL_MATCH_FRIENDLY,Teatro Grottesco.md,WL-WORK-0522,Teatro Grottesco,,托马斯·利戈蒂,Ligotti,,,batch1_source_refs,WL-TOPIC-G45-HORROR
P2_EXTERNAL_MATCH_FRIENDLY,Tell Me I'm Worthless.md,WL-WORK-0523,Tell Me I'm Worthless,,艾莉森·拉姆菲特,Alison Rumfitt,,,batch1_source_refs,WL-TOPIC-G45-HORROR
P2_EXTERNAL_MATCH_FRIENDLY,Testament of Youth.md,WL-WORK-1985,Testament of Youth,,薇拉·布里顿,Vera Brittain,,,batch5_source_refs,WL-TOPIC-Q6-WAR
P2_EXTERNAL_MATCH_FRIENDLY,Thaddeus of Warsaw.md,WL-WORK-0945,Thaddeus of Warsaw,,简·波特,Jane Porter,,,batch2_source_refs,WL-TOPIC-G44-HISTORICAL
P2_EXTERNAL_MATCH_FRIENDLY,The Absolutely True Diary of a Part-Time Indian.md,WL-WORK-0946,The Absolutely True Diary of a Part-Time Indian,,谢尔曼·阿莱克西,Sherman Alexie,,,batch2_source_refs,WL-TOPIC-G43-BILDUNGSROMAN
P2_EXTERNAL_MATCH_FRIENDLY,The Adventures of Col. Daniel Boone.md,WL-WORK-2355,The Adventures of Col. Daniel Boone,,约翰·菲尔森,John Filson,,,batch6_source_refs,WL-TOPIC-Q15;WL-TOPIC-Q15-WESTERN
P2_EXTERNAL_MATCH_FRIENDLY,The Adventures of Robin Hood.md,WL-WORK-2357,The Adventures of Robin Hood,,罗杰·兰塞林·格林,Roger Lancelyn Green,,,batch6_source_refs,WL-TOPIC-Q15;WL-TOPIC-Q15-OUTLAW
S_SPECIAL_TEXT,The Alliterative Morte Arthure.md,WL-WORK-2358,The Alliterative Morte Arthure,,佚名,,,,batch6_source_refs,WL-TOPIC-Q15;WL-TOPIC-Q15-KNIGHT
P2_EXTERNAL_MATCH_FRIENDLY,The Amateur Gentleman.md,WL-WORK-2359,The Amateur Gentleman,,杰弗里·法诺尔,Jeffery Farnol,,,batch6_source_refs,WL-TOPIC-Q15;WL-TOPIC-Q15-SWASHBUCKLER
P2_EXTERNAL_MATCH_FRIENDLY,The Assassination of Jesse James by the Coward Robert Ford.md,WL-WORK-2360,The Assassination of Jesse James by the Coward Robert Ford,,罗恩·汉森,Ron Hansen,,,batch6_source_refs,WL-TOPIC-Q15;WL-TOPIC-Q15-WESTERN;WL-TOPIC-Q15-OUTLAW
P2_EXTERNAL_MATCH_FRIENDLY,The Assassination of Jesse James.md,WL-WORK-2361,The Assassination of Jesse James...,,罗恩·汉森,Ron Hansen,,,batch6_source_refs,WL-TOPIC-Q15;WL-TOPIC-Q15-WESTERN;WL-TOPIC-Q15-OUTLAW
P2_EXTERNAL_MATCH_FRIENDLY,The Ballad of Black Tom.md,WL-WORK-0524,The Ballad of Black Tom,,维克多·拉瓦勒,Victor LaValle,,,batch1_source_refs,WL-TOPIC-G45-HORROR
P2_EXTERNAL_MATCH_FRIENDLY,The Blessing Way.md,WL-WORK-2363,The Blessing Way,,托尼·希勒曼,Tony Hillerman,,,batch6_source_refs,WL-TOPIC-Q15;WL-TOPIC-Q15-WESTERN
P2_EXTERNAL_MATCH_FRIENDLY,The Book of Deeds of Arms and of Chivalry.md,WL-WORK-2364,The Book of Deeds of Arms and of Chivalry,,克里斯蒂娜·德·皮桑,Christine de Pizan,,,batch6_source_refs,WL-TOPIC-Q15;WL-TOPIC-Q15-KNIGHT
P2_EXTERNAL_MATCH_FRIENDLY,The Book of Not.md,WL-WORK-0947,The Book of Not,,齐齐·丹加雷姆加,Tsitsi Dangarembga,,,batch2_source_refs,WL-TOPIC-G43-BILDUNGSROMAN
P2_EXTERNAL_MATCH_FRIENDLY,The Book of the Order of Chivalry.md,WL-WORK-2366,The Book of the Order of Chivalry,,拉蒙·柳利,Ramon Llull,,,batch6_source_refs,WL-TOPIC-Q15;WL-TOPIC-Q15-KNIGHT
P2_EXTERNAL_MATCH_FRIENDLY,The Boy Hunters.md,WL-WORK-0525,The Boy Hunters,,梅恩·里德,Mayne Reid,,,batch1_source_refs,WL-TOPIC-G45-ADVENTURE
P2_EXTERNAL_MATCH_FRIENDLY,The Brave Cowboy.md,WL-WORK-2367,The Brave Cowboy,,爱德华·艾比,Abbey,,,batch6_source_refs,WL-TOPIC-Q15;WL-TOPIC-Q15-WESTERN;WL-TOPIC-Q15-OUTLAW
P2_EXTERNAL_MATCH_FRIENDLY,The Bride.md,WL-WORK-1986,The Bride,,朱莉·加伍德,Julie Garwood,,,batch5_source_refs,WL-TOPIC-Q2-LOVE
P2_EXTERNAL_MATCH_FRIENDLY,The Buccaneers of America.md,WL-WORK-2368,The Buccaneers of America,,亚历山大·埃斯克梅林,Alexandre Exquemelin,,,batch6_source_refs,WL-TOPIC-Q15;WL-TOPIC-Q15-PIRATE
P2_EXTERNAL_MATCH_FRIENDLY,The Case Against Satan.md,WL-WORK-0526,The Case Against Satan,,雷·拉塞尔,Ray Russell,,,batch1_source_refs,WL-TOPIC-G45-HORROR
P2_EXTERNAL_MATCH_FRIENDLY,The Ceremonies.md,WL-WORK-0527,The Ceremonies,,T.E.D.克莱因,T.E.D. Klein,,,batch1_source_refs,WL-TOPIC-G45-HORROR
P2_EXTERNAL_MATCH_FRIENDLY,The Cipher.md,WL-WORK-0528,The Cipher,,凯丝·科娅,Kathe Koja,,,batch1_source_refs,WL-TOPIC-G45-HORROR
P2_EXTERNAL_MATCH_FRIENDLY,The City Inside.md,WL-WORK-0948,The City Inside,,萨米特·巴苏,Samit Basu,,,batch2_source_refs,WL-TOPIC-G46-DYSTOPIA
P2_EXTERNAL_MATCH_FRIENDLY,The Cold Dish.md,WL-WORK-2370,The Cold Dish,,克雷格·约翰逊,Craig Johnson,,,batch6_source_refs,WL-TOPIC-Q15;WL-TOPIC-Q15-WESTERN
P2_EXTERNAL_MATCH_FRIENDLY,The Conjure-Man Dies.md,WL-WORK-1542,The Conjure-Man Dies,,鲁道夫·费希尔,Rudolph Fisher,,,batch4_source_refs,WL-TOPIC-M3-MODERNISM
P2_EXTERNAL_MATCH_FRIENDLY,The Conquest.md,WL-WORK-2372,The Conquest,,奥斯卡·米肖,Oscar Micheaux,,,batch6_source_refs,WL-TOPIC-Q15;WL-TOPIC-Q15-WESTERN
P2_EXTERNAL_MATCH_FRIENDLY,The Coral Island.md,WL-WORK-0529,The Coral Island,,R.M.巴兰坦,Ballantyne,,,batch1_source_refs,WL-TOPIC-G45-ADVENTURE
P2_EXTERNAL_MATCH_FRIENDLY,The Corsair.md,WL-WORK-2373,The Corsair,,拜伦,Byron,,,batch6_source_refs,WL-TOPIC-Q15;WL-TOPIC-Q15-PIRATE
P2_EXTERNAL_MATCH_FRIENDLY,The Day the Cowboys Quit.md,WL-WORK-2375,The Day the Cowboys Quit,,埃尔默·凯尔顿,Elmer Kelton,,,batch6_source_refs,WL-TOPIC-Q15;WL-TOPIC-Q15-WESTERN
P2_EXTERNAL_MATCH_FRIENDLY,The Desert and the Sown.md,WL-WORK-1371,The Desert and the Sown,,格特鲁德·贝尔,Gertrude Bell,,,batch3_source_refs,WL-TOPIC-G7-TRAVEL
P2_EXTERNAL_MATCH_FRIENDLY,The Doll Who Ate His Mother.md,WL-WORK-0531,The Doll Who Ate His Mother,,拉姆齐·坎贝尔,Ramsey Campbell,,,batch1_source_refs,WL-TOPIC-G45-HORROR
P2_EXTERNAL_MATCH_FRIENDLY,The Dreaming & Other Essays.md,WL-WORK-1372,The Dreaming & Other Essays,,W.E.H.斯坦纳,W.E.H. Stanner,,,batch3_source_refs,WL-TOPIC-G1-MYTH
P2_EXTERNAL_MATCH_FRIENDLY,The Elusive Pimpernel.md,WL-WORK-2378,The Elusive Pimpernel,,奥希兹男爵夫人,Baroness Orczy,,,batch6_source_refs,WL-TOPIC-Q15;WL-TOPIC-Q15-SWASHBUCKLER
P2_EXTERNAL_MATCH_FRIENDLY,The Fisherman.md,WL-WORK-0532,The Fisherman,,约翰·兰根,John Langan,,,batch1_source_refs,WL-TOPIC-G45-HORROR
P2_EXTERNAL_MATCH_FRIENDLY,The Flatshare.md,WL-WORK-1987,The Flatshare,,贝丝·奥利里,Beth O'Leary,,,batch5_source_refs,WL-TOPIC-Q2-LOVE
P2_EXTERNAL_MATCH_FRIENDLY,The Forging of a Rebel.md,WL-WORK-1988,The Forging of a Rebel,,阿图罗·巴雷亚,Arturo Barea,,,batch5_source_refs,WL-TOPIC-Q6-WAR
P2_EXTERNAL_MATCH_FRIENDLY,The Gaucho Genre.md,WL-WORK-2379,The Gaucho Genre,,约瑟菲娜·卢德梅尔,Josefina Ludmer,,,batch6_source_refs,WL-TOPIC-Q15;WL-TOPIC-Q15-GAUCHO
P2_EXTERNAL_MATCH_FRIENDLY,The Gilda Stories.md,WL-WORK-0533,The Gilda Stories,Gilda Stories,朱厄尔·戈麦斯,Jewelle Gomez,,,batch1_source_refs,WL-TOPIC-G45-HORROR
P2_EXTERNAL_MATCH_FRIENDLY,The Good Old Boys.md,WL-WORK-2380,The Good Old Boys,,埃尔默·凯尔顿,Elmer Kelton,,,batch6_source_refs,WL-TOPIC-Q15;WL-TOPIC-Q15-WESTERN
P2_EXTERNAL_MATCH_FRIENDLY,The Great Railway Bazaar.md,WL-WORK-1373,The Great Railway Bazaar,,保罗·索鲁,Paul Theroux,,,batch3_source_refs,WL-TOPIC-G7-TRAVEL
P2_EXTERNAL_MATCH_FRIENDLY,The Hanging Tree.md,WL-WORK-2381,The Hanging Tree,,多萝西·M.约翰逊,Dorothy M. Johnson,,,batch6_source_refs,WL-TOPIC-Q15;WL-TOPIC-Q15-WESTERN
P2_EXTERNAL_MATCH_FRIENDLY,The Headless Horseman.md,WL-WORK-0535,The Headless Horseman,,梅恩·里德,Mayne Reid,,,batch1_source_refs,WL-TOPIC-G45-ADVENTURE
P2_EXTERNAL_MATCH_FRIENDLY,The Homesteader.md,WL-WORK-2383,The Homesteader,,奥斯卡·米肖,Oscar Micheaux,,,batch6_source_refs,WL-TOPIC-Q15;WL-TOPIC-Q15-WESTERN
P2_EXTERNAL_MATCH_FRIENDLY,The House of the Wolf.md,WL-WORK-2384,The House of the Wolf,,斯坦利·韦曼,Stanley Weyman,,,batch6_source_refs,WL-TOPIC-Q15;WL-TOPIC-Q15-SWASHBUCKLER
P2_EXTERNAL_MATCH_FRIENDLY,The Hummingbird's Daughter.md,WL-WORK-2385,The Hummingbird's Daughter,,路易斯·阿尔贝托·乌雷亚,Luis Alberto Urrea,,,batch6_source_refs,WL-TOPIC-Q15;WL-TOPIC-Q15-WESTERN
P2_EXTERNAL_MATCH_FRIENDLY,The Imago Sequence.md,WL-WORK-0536,The Imago Sequence,,莱尔德·巴伦,Laird Barron,,,batch1_source_refs,WL-TOPIC-G45-HORROR
P2_EXTERNAL_MATCH_FRIENDLY,The Jump-Off Creek.md,WL-WORK-2386,The Jump-Off Creek,,莫莉·格洛斯,Molly Gloss,,,batch6_source_refs,WL-TOPIC-Q15;WL-TOPIC-Q15-WESTERN
P2_EXTERNAL_MATCH_FRIENDLY,The Kill Riff.md,WL-WORK-0537,The Kill Riff,,戴维·J.肖,David J. Schow,,,batch1_source_refs,WL-TOPIC-G45-HORROR
P2_EXTERNAL_MATCH_FRIENDLY,The Kiss Quotient.md,WL-WORK-1989,The Kiss Quotient,,海伦·黄,Helen Hoang,,,batch5_source_refs,WL-TOPIC-Q2-LOVE
P2_EXTERNAL_MATCH_FRIENDLY,The Lady and the Monk.md,WL-WORK-1374,The Lady and the Monk,,皮科·艾尔,Pico Iyer,,,batch3_source_refs,WL-TOPIC-G7-TRAVEL
P2_EXTERNAL_MATCH_FRIENDLY,The Last Duty.md,WL-WORK-1990,The Last Duty,,伊西多尔·奥克佩沃,Isidore Okpewho,,,batch5_source_refs,WL-TOPIC-Q6-WAR
P2_EXTERNAL_MATCH_FRIENDLY,The Last Good Kiss.md,WL-WORK-2388,The Last Good Kiss,,詹姆斯·克拉姆利,James Crumley,,,batch6_source_refs,WL-TOPIC-Q15;WL-TOPIC-Q15-WESTERN
P2_EXTERNAL_MATCH_FRIENDLY,The Last House on Needless Street.md,WL-WORK-0538,The Last House on Needless Street,,卡特里奥娜·沃德,Catriona Ward,,,batch1_source_refs,WL-TOPIC-G45-HORROR
P2_EXTERNAL_MATCH_FRIENDLY,The Led-Horse Claim.md,WL-WORK-2389,The Led-Horse Claim,,玛丽·哈洛克·富特,Mary Hallock Foote,,,batch6_source_refs,WL-TOPIC-Q15;WL-TOPIC-Q15-WESTERN
P2_EXTERNAL_MATCH_FRIENDLY,The Life and Adventures of Nat Love.md,WL-WORK-2390,The Life and Adventures of Nat Love,,纳特·洛夫,Nat Love,,,batch6_source_refs,WL-TOPIC-Q15;WL-TOPIC-Q15-WESTERN
P2_EXTERNAL_MATCH_FRIENDLY,The Light at the End.md,WL-WORK-0539,The Light at the End,,约翰·斯基普 / 克雷格·斯佩克特,John Skipp / Craig Spector,,,batch1_source_refs,WL-TOPIC-G45-HORROR
P2_EXTERNAL_MATCH_FRIENDLY,The Loney.md,WL-WORK-0540,The Loney,,安德鲁·迈克尔·赫尔利,Andrew Michael Hurley,,,batch1_source_refs,WL-TOPIC-G45-HORROR
P2_EXTERNAL_MATCH_FRIENDLY,The Man Who Shot Liberty Valance.md,WL-WORK-2394,The Man Who Shot Liberty Valance,,多萝西·M.约翰逊,Dorothy M. Johnson,,,batch6_source_refs,WL-TOPIC-Q15;WL-TOPIC-Q15-WESTERN
P2_EXTERNAL_MATCH_FRIENDLY,The Manitous.md,WL-WORK-1375,The Manitous,,巴兹尔·约翰斯顿,Basil Johnston,,,batch3_source_refs,WL-TOPIC-G1-MYTH
P2_EXTERNAL_MATCH_FRIENDLY,The New Negro.md,WL-WORK-1543,The New Negro,,阿兰·洛克,Alain Locke 编,,,batch4_source_refs,WL-TOPIC-M3-MODERNISM
P2_EXTERNAL_MATCH_FRIENDLY,The Old Drift.md,WL-WORK-0950,The Old Drift,,纳姆瓦利·瑟佩尔,Namwali Serpell,,,batch2_source_refs,WL-TOPIC-G43-FAMILY
P2_EXTERNAL_MATCH_FRIENDLY,The Old Patagonian Express.md,WL-WORK-1377,The Old Patagonian Express,,保罗·索鲁,Paul Theroux,,,batch3_source_refs,WL-TOPIC-G7-TRAVEL
P2_EXTERNAL_MATCH_FRIENDLY,The Old Ways.md,WL-WORK-1378,The Old Ways,,罗伯特·麦克法伦,Robert Macfarlane,,,batch3_source_refs,WL-TOPIC-G7-TRAVEL
P2_EXTERNAL_MATCH_FRIENDLY,The Oregon Trail.md,WL-WORK-2396,The Oregon Trail,,弗朗西斯·帕克曼,Francis Parkman,,,batch6_source_refs,WL-TOPIC-Q15;WL-TOPIC-Q15-WESTERN
P2_EXTERNAL_MATCH_FRIENDLY,The Phantom Coach.md,WL-WORK-0543,The Phantom Coach,,阿梅莉亚·B.爱德华兹,Amelia B. Edwards,,,batch1_source_refs,WL-TOPIC-G45-HORROR
P2_EXTERNAL_MATCH_FRIENDLY,The Pirate's Daughter.md,WL-WORK-2398,The Pirate's Daughter,,玛格丽特·塞泽尔-汤普森,Margaret Cezair-Thompson,,,batch6_source_refs,WL-TOPIC-Q15;WL-TOPIC-Q15-PIRATE
P2_EXTERNAL_MATCH_FRIENDLY,The Principal Navigations.md,WL-WORK-1379,The Principal Navigations...,,理查德·哈克卢特,Richard Hakluyt,,,batch3_source_refs,WL-TOPIC-G7-TRAVEL
P2_EXTERNAL_MATCH_FRIENDLY,The Purple Land.md,WL-WORK-2399,The Purple Land,,W.H.赫德森,Hudson,,,batch6_source_refs,WL-TOPIC-Q15;WL-TOPIC-Q15-GAUCHO
P2_EXTERNAL_MATCH_FRIENDLY,The Pyrates.md,WL-WORK-2400,The Pyrates,,乔治·麦克唐纳·弗雷泽,解构,,,batch6_source_refs,WL-TOPIC-Q15;WL-TOPIC-Q15-SWASHBUCKLER
P2_EXTERNAL_MATCH_FRIENDLY,The Recess.md,WL-WORK-0951,The Recess,,索菲娅·李,Sophia Lee,,,batch2_source_refs,WL-TOPIC-G44-HISTORICAL
P2_EXTERNAL_MATCH_FRIENDLY,The Red Tree.md,WL-WORK-0544,The Red Tree,,凯特琳·R.基尔南,Caitlín R. Kiernan,,,batch1_source_refs,WL-TOPIC-G45-HORROR
P2_EXTERNAL_MATCH_FRIENDLY,The Right Swipe.md,WL-WORK-1992,The Right Swipe,,阿丽莎·拉伊,Alisha Rai,,,batch5_source_refs,WL-TOPIC-Q2-LOVE
P2_EXTERNAL_MATCH_FRIENDLY,The Ritual.md,WL-WORK-0546,The Ritual,,亚当·内维尔,Adam Nevill,,,batch1_source_refs,WL-TOPIC-G45-HORROR
P2_EXTERNAL_MATCH_FRIENDLY,The Road to Oxiana.md,WL-WORK-1380,The Road to Oxiana,,罗伯特·拜伦,Robert Byron,,,batch3_source_refs,WL-TOPIC-G7-TRAVEL
P2_EXTERNAL_MATCH_FRIENDLY,The Saga of Billy the Kid.md,WL-WORK-2403,The Saga of Billy the Kid,,沃尔特·诺布尔·伯恩斯,Walter Noble Burns,,,batch6_source_refs,WL-TOPIC-Q15;WL-TOPIC-Q15-OUTLAW
P2_EXTERNAL_MATCH_FRIENDLY,The Scottish Chiefs.md,WL-WORK-0952,The Scottish Chiefs,,简·波特,Jane Porter,,,batch2_source_refs,WL-TOPIC-G44-HISTORICAL
P2_EXTERNAL_MATCH_FRIENDLY,The Shootist.md,WL-WORK-2405,The Shootist,,格伦登·斯沃索特,Glendon Swarthout,,,batch6_source_refs,WL-TOPIC-Q15;WL-TOPIC-Q15-WESTERN;WL-TOPIC-Q15-PIRATE
P2_EXTERNAL_MATCH_FRIENDLY,The Sisters Brothers.md,WL-WORK-2406,The Sisters Brothers,,帕特里克·德威特,Patrick deWitt,,,batch6_source_refs,WL-TOPIC-Q15;WL-TOPIC-Q15-WESTERN;WL-TOPIC-Q15-OUTLAW
P2_EXTERNAL_MATCH_FRIENDLY,The Six-Gun Tarot.md,WL-WORK-2407,The Six-Gun Tarot,,R.S.贝尔彻,R.S. Belcher,,,batch6_source_refs,WL-TOPIC-Q15;WL-TOPIC-Q15-WESTERN
P2_EXTERNAL_MATCH_FRIENDLY,The Squatter and the Don.md,WL-WORK-2408,The Squatter and the Don,,海伦·亨特·杰克逊,Helen Hunt Jackson,,,batch6_source_refs,WL-TOPIC-Q15;WL-TOPIC-Q15-WESTERN
P2_EXTERNAL_MATCH_FRIENDLY,The Sunne in Splendour.md,WL-WORK-0953,The Sunne in Splendour,,莎伦·凯·彭曼,Sharon Kay Penman,,,batch2_source_refs,WL-TOPIC-G44-HISTORICAL
P2_EXTERNAL_MATCH_FRIENDLY,The Surrendered.md,WL-WORK-1993,The Surrendered,,李昌来,Chang-rae Lee,,,batch5_source_refs,WL-TOPIC-Q6-WAR
P2_EXTERNAL_MATCH_FRIENDLY,The Surrounded.md,WL-WORK-2411,The Surrounded,,达西·麦克尼克尔,D'Arcy McNickle,,,batch6_source_refs,WL-TOPIC-Q15;WL-TOPIC-Q15-WESTERN
P2_EXTERNAL_MATCH_FRIENDLY,The Thousand Crimes of Ming Tsu.md,WL-WORK-2414,The Thousand Crimes of Ming Tsu,,汤姆·林,Tom Lin,,,batch6_source_refs,WL-TOPIC-Q15;WL-TOPIC-Q15-WESTERN;WL-TOPIC-Q15-OUTLAW
P2_EXTERNAL_MATCH_FRIENDLY,The Time It Never Rained.md,WL-WORK-2415,The Time It Never Rained,,埃尔默·凯尔顿,Kelton,,,batch6_source_refs,WL-TOPIC-Q15;WL-TOPIC-Q15-WESTERN
P2_EXTERNAL_MATCH_FRIENDLY,The Underdogs ／ Los de abajo.md,WL-WORK-2416,The Underdogs / Los de abajo,,马里亚诺·阿苏埃拉,Mariano Azuela,,,batch6_source_refs,WL-TOPIC-Q15;WL-TOPIC-Q15-OUTLAW
P2_EXTERNAL_MATCH_FRIENDLY,The Untamed.md,WL-WORK-2417,The Untamed,,马克斯·布兰德,Max Brand,,,batch6_source_refs,WL-TOPIC-Q15;WL-TOPIC-Q15-WESTERN
P2_EXTERNAL_MATCH_FRIENDLY,The Valleys of the Assassins.md,WL-WORK-1382,The Valleys of the Assassins,,弗雷娅·斯塔克,Freya Stark,,,batch3_source_refs,WL-TOPIC-G7-TRAVEL
P2_EXTERNAL_MATCH_FRIENDLY,The Viscount Who Loved Me.md,WL-WORK-1994,The Viscount Who Loved Me,,朱莉娅·奎因,Julia Quinn,,,batch5_source_refs,WL-TOPIC-Q2-LOVE
P2_EXTERNAL_MATCH_FRIENDLY,The Wedding Date.md,WL-WORK-1995,The Wedding Date,,贾丝明·吉洛里,Jasmine Guillory,,,batch5_source_refs,WL-TOPIC-Q2-LOVE
P2_EXTERNAL_MATCH_FRIENDLY,The Yellow Birds.md,WL-WORK-1996,The Yellow Birds,,凯文·鲍尔斯,Kevin Powers,,,batch5_source_refs,WL-TOPIC-Q6-WAR
P2_EXTERNAL_MATCH_FRIENDLY,These Thousand Hills.md,WL-WORK-2421,These Thousand Hills,,A.B.格思里,A.B. Guthrie Jr.,,,batch6_source_refs,WL-TOPIC-Q15;WL-TOPIC-Q15-WESTERN
P2_EXTERNAL_MATCH_FRIENDLY,Things Have Gotten Worse Since We Last Spoke.md,WL-WORK-0549,Things Have Gotten Worse Since We Last Spoke,,埃里克·拉罗卡,Eric LaRocca,,,batch1_source_refs,WL-TOPIC-G45-HORROR
P2_EXTERNAL_MATCH_FRIENDLY,This One Summer.md,WL-WORK-0954,This One Summer,,玉木真理子 / 吉莉安·玉木,Mariko & Jillian Tamaki,,,batch2_source_refs,WL-TOPIC-G43-BILDUNGSROMAN
P2_EXTERNAL_MATCH_FRIENDLY,Those Across the River.md,WL-WORK-0550,Those Across the River,,克里斯托弗·比尔曼,Christopher Buehlman,,,batch1_source_refs,WL-TOPIC-G45-HORROR
P2_EXTERNAL_MATCH_FRIENDLY,Tirant lo Blanc.md,WL-WORK-2422,Tirant lo Blanc,,若阿诺特·马托雷尔,Joanot Martorell,,,batch6_source_refs,WL-TOPIC-Q15;WL-TOPIC-Q15-KNIGHT
P2_EXTERNAL_MATCH_FRIENDLY,Tlingit Myths and Texts.md,WL-WORK-1383,Tlingit Myths and Texts,,约翰·R.斯旺顿,John R. Swanton,,,batch3_source_refs,WL-TOPIC-G1-MYTH
P2_EXTERNAL_MATCH_FRIENDLY,Torto Arado.md,WL-WORK-1544,Torto Arado,,伊塔马尔·维埃拉·儒尼奥尔,乡村,,,batch4_source_refs,WL-TOPIC-R6-LATAM
P2_EXTERNAL_MATCH_FRIENDLY,Tracks.md,WL-WORK-1384,Tracks,,罗宾·戴维森,Robyn Davidson,,,batch3_source_refs,WL-TOPIC-G7-TRAVEL
P2_EXTERNAL_MATCH_FRIENDLY,Travels in West Africa.md,WL-WORK-1385,Travels in West Africa,,玛丽·金斯利,Mary Kingsley,,,batch3_source_refs,WL-TOPIC-G7-TRAVEL
P2_EXTERNAL_MATCH_FRIENDLY,Travels through France and Italy.md,WL-WORK-1386,Travels through France and Italy,,斯摩莱特,Smollett,,,batch3_source_refs,WL-TOPIC-G7-TRAVEL
P2_EXTERNAL_MATCH_FRIENDLY,Tristan.md,WL-WORK-2423,Tristan,,贝鲁尔,Béroul,,,batch6_source_refs,WL-TOPIC-Q15;WL-TOPIC-Q15-KNIGHT
P2_EXTERNAL_MATCH_FRIENDLY,Unbeaten Tracks in Japan.md,WL-WORK-1388,Unbeaten Tracks in Japan,,伊莎贝拉·伯德,Bird,,,batch3_source_refs,WL-TOPIC-G7-TRAVEL
P2_EXTERNAL_MATCH_FRIENDLY,Uncanny Stories.md,WL-WORK-0551,Uncanny Stories,,梅·辛克莱,May Sinclair,,,batch1_source_refs,WL-TOPIC-G45-HORROR
P2_EXTERNAL_MATCH_FRIENDLY,Under the Feet of Jesus.md,WL-WORK-2426,Under the Feet of Jesus,,海伦娜·玛丽亚·比拉蒙特斯,Helena María Viramontes,,,batch6_source_refs,WL-TOPIC-Q15;WL-TOPIC-Q15-WESTERN
P2_EXTERNAL_MATCH_FRIENDLY,Under the Red Robe.md,WL-WORK-2427,Under the Red Robe,,斯坦利·韦曼,Stanley Weyman,,,batch6_source_refs,WL-TOPIC-Q15;WL-TOPIC-Q15-SWASHBUCKLER
P2_EXTERNAL_MATCH_FRIENDLY,Undertones of War.md,WL-WORK-1997,Undertones of War,,埃德蒙·布伦登,Edmund Blunden,,,batch5_source_refs,WL-TOPIC-Q6-WAR
P2_EXTERNAL_MATCH_FRIENDLY,Uninhabited House.md,WL-WORK-0552,Uninhabited House,,夏洛特·里德尔,Charlotte Riddell,,,batch1_source_refs,WL-TOPIC-G45-HORROR
P2_EXTERNAL_MATCH_FRIENDLY,Unsouled.md,WL-WORK-0553,Unsouled,,威尔·怀特,Will Wight,,,batch1_source_refs,WL-TOPIC-G45-FANTASY
P2_EXTERNAL_MATCH_FRIENDLY,Video Night in Kathmandu.md,WL-WORK-1389,Video Night in Kathmandu,,皮科·艾尔,Pico Iyer,,,batch3_source_refs,WL-TOPIC-G7-TRAVEL
P2_EXTERNAL_MATCH_FRIENDLY,Vox.md,WL-WORK-0955,Vox,,克里斯蒂娜·达尔彻,Christina Dalcher,,,batch2_source_refs,WL-TOPIC-G46-DYSTOPIA
P2_EXTERNAL_MATCH_FRIENDLY,War Trash.md,WL-WORK-1999,War Trash,,哈金,Ha Jin,,,batch5_source_refs,WL-TOPIC-Q6-WAR
P2_EXTERNAL_MATCH_FRIENDLY,Warlock.md,WL-WORK-2428,Warlock,,奥克利·霍尔,Oakley Hall,,,batch6_source_refs,WL-TOPIC-Q15;WL-TOPIC-Q15-WESTERN
P2_EXTERNAL_MATCH_FRIENDLY,West with the Night.md,WL-WORK-0554,West with the Night,,贝丽尔·马卡姆,Beryl Markham,,,batch1_source_refs,WL-TOPIC-G45-ADVENTURE
P2_EXTERNAL_MATCH_FRIENDLY,"Whitney, My Love.md",WL-WORK-2000,"Whitney, My Love",,朱迪思·麦克诺特,Judith McNaught,,,batch5_source_refs,WL-TOPIC-Q2-LOVE
P2_EXTERNAL_MATCH_FRIENDLY,Who Remembers the Sea.md,WL-WORK-2001,Who Remembers the Sea,,穆罕默德·迪布,Mohammed Dib,,,batch5_source_refs,WL-TOPIC-Q6-WAR
P2_EXTERNAL_MATCH_FRIENDLY,Willehalm.md,WL-WORK-2430,Willehalm,,沃尔夫拉姆·冯·埃申巴赫,Wolfram von Eschenbach,,,batch6_source_refs,WL-TOPIC-Q15;WL-TOPIC-Q15-KNIGHT
P2_EXTERNAL_MATCH_FRIENDLY,Winter in the Blood.md,WL-WORK-2431,Winter in the Blood,,詹姆斯·韦尔奇,James Welch,,,batch6_source_refs,WL-TOPIC-Q15;WL-TOPIC-Q15-WESTERN
P2_EXTERNAL_MATCH_FRIENDLY,With Clive in India.md,WL-WORK-0555,With Clive in India,,G.A.亨蒂,G. A. Henty,,,batch1_source_refs,WL-TOPIC-G45-ADVENTURE
P2_EXTERNAL_MATCH_FRIENDLY,With His Pistol in His Hand.md,WL-WORK-2432,With His Pistol in His Hand,,阿梅里科·帕雷德斯,Américo Paredes,,,batch6_source_refs,WL-TOPIC-Q15;WL-TOPIC-Q15-OUTLAW
P2_EXTERNAL_MATCH_FRIENDLY,With Wolfe in Canada.md,WL-WORK-0556,With Wolfe in Canada,,G.A.亨蒂,G. A. Henty,,,batch1_source_refs,WL-TOPIC-G45-ADVENTURE
P2_EXTERNAL_MATCH_FRIENDLY,Wounds.md,WL-WORK-0557,Wounds,,内森·巴林拉德,Nathan Ballingrud,,,batch1_source_refs,WL-TOPIC-G45-HORROR
P2_EXTERNAL_MATCH_FRIENDLY,Yoruba Myths.md,WL-WORK-1390,Yoruba Myths,,乌利·拜尔,Ulli Beier,,,batch3_source_refs,WL-TOPIC-G1-MYTH
P3_GENERAL_REVIEW,一.md,WL-WORK-0957,一,,戴维·卡普,David Karp,,,batch2_source_refs,WL-TOPIC-G46-DYSTOPIA
P3_GENERAL_REVIEW,一个城市的历史.md,WL-WORK-0958,一个城市的历史,,萨尔蒂科夫-谢德林,Mikhail Saltykov-Shchedrin,,,batch2_source_refs,WL-TOPIC-G46-DYSTOPIA
P3_GENERAL_REVIEW,一个女奴的生活事件.md,WL-WORK-0959,一个女奴的生活事件,,哈丽雅特·雅各布斯,Harriet Jacobs,,,batch2_source_refs,WL-TOPIC-G44-HISTORICAL
P3_GENERAL_REVIEW,一个美国黑奴的自传.md,WL-WORK-0960,一个美国黑奴的自传,,弗雷德里克·道格拉斯,Frederick Douglass,,,batch2_source_refs,WL-TOPIC-G44-HISTORICAL
P3_GENERAL_REVIEW,一个致命的夏天.md,WL-WORK-0233,一个致命的夏天,,塞巴斯蒂安·雅普里索,Sébastien Japrisot,,,,WL-TOPIC-G45-MYSTERY
P3_GENERAL_REVIEW,一个西班牙农民的安魂曲.md,WL-WORK-2002,一个西班牙农民的安魂曲,,拉蒙·J.森德尔,Ramón J. Sender,,,batch5_source_refs,WL-TOPIC-Q6-WAR
P3_GENERAL_REVIEW,一切都被照亮.md,WL-WORK-2004,一切都被照亮,,乔纳森·萨福兰·福厄,Jonathan Safran Foer,,,batch5_source_refs,WL-TOPIC-Q10-MEMORY
P1_CANON_AWARD,一千英亩.md,WL-WORK-0962,一千英亩,,简·斯迈利,Jane Smiley,,WL-AWARD-PULITZER-FICTION,batch2_source_refs,WL-TOPIC-G43-FAMILY
P3_GENERAL_REVIEW,七个疯子.md,WL-WORK-1549,七个疯子,,罗伯托·阿尔特,Roberto Arlt,,,batch4_source_refs,WL-TOPIC-R6-LATAM;WL-TOPIC-M3-MODERNISM
P3_GENERAL_REVIEW,七杀碑.md,WL-WORK-2439,七杀碑,,朱贞木,,,,batch6_source_refs,WL-TOPIC-Q15;WL-TOPIC-Q15-WUXIA
P3_GENERAL_REVIEW,万火归一.md,WL-WORK-1552,万火归一,,胡利奥·科塔萨尔,,,,batch4_source_refs,WL-TOPIC-R6-LATAM
P3_GENERAL_REVIEW,三之书.md,WL-WORK-0561,三之书,,劳埃德·亚历山大,Lloyd Alexander,,,batch1_source_refs,WL-TOPIC-G45-FANTASY
P3_GENERAL_REVIEW,三十九级台阶.md,WL-WORK-0251,三十九级台阶,,约翰·巴肯,John Buchan,,,batch1_source_refs,WL-TOPIC-G45-MYSTERY;WL-TOPIC-G45-ADVENTURE
P3_GENERAL_REVIEW,三只忧伤的老虎.md,WL-WORK-1554,三只忧伤的老虎,,吉列尔莫·卡夫雷拉·因凡特,,,,batch4_source_refs,WL-TOPIC-R6-LATAM
P3_GENERAL_REVIEW,下面的人们.md,WL-WORK-1558,下面的人们,,马里亚诺·阿苏埃拉,,,,batch4_source_refs,WL-TOPIC-R6-LATAM
P3_GENERAL_REVIEW,下颚骨.md,WL-WORK-1559,下颚骨,,莫妮卡·奥赫达,Mónica Ojeda,,,batch4_source_refs,WL-TOPIC-R6-LATAM
P2_EXTERNAL_MATCH_FRIENDLY,不再存在的女人.md,WL-WORK-0230,不再存在的女人,Celle qui n'était plus,布瓦洛-纳尔瑟雅克,Boileau-Narcejac,,,,WL-TOPIC-G45-MYSTERY
P3_GENERAL_REVIEW,不列颠诸王史.md,WL-WORK-1392,不列颠诸王史,,蒙茅斯的杰弗里,,,,batch3_source_refs;batch6_source_refs,WL-TOPIC-G1-MYTH;WL-TOPIC-Q15;WL-TOPIC-Q15-KNIGHT
P2_EXTERNAL_MATCH_FRIENDLY,不要回头.md,WL-WORK-0224,不要回头,Don't Look Back,卡琳·福萨姆,Karin Fossum,,,,WL-TOPIC-G45-MYSTERY
P3_GENERAL_REVIEW,丑人.md,WL-WORK-0967,丑人,,斯科特·韦斯特菲尔德,Scott Westerfeld,,,batch2_source_refs,WL-TOPIC-G46-DYSTOPIA
P3_GENERAL_REVIEW,世界尽头的征兆.md,WL-WORK-1561,世界尽头的征兆,,墨西哥与美墨边境,,,,batch4_source_refs,WL-TOPIC-R6-LATAM
P3_GENERAL_REVIEW,世界尽头的自杀者.md,WL-WORK-1562,世界尽头的自杀者,,莱拉·格雷罗,,,,batch4_source_refs,WL-TOPIC-R6-LATAM
P2_EXTERNAL_MATCH_FRIENDLY,世界的用法.md,WL-WORK-1393,世界的用法,The Way of the World,尼古拉·布维耶,Nicolas Bouvier,,,batch3_source_refs,WL-TOPIC-G7-TRAVEL
P3_GENERAL_REVIEW,丛林故事.md,WL-WORK-0567,丛林故事,,奥拉西奥·基罗加,Horacio Quiroga,,,batch1_source_refs,WL-TOPIC-G45-ADVENTURE
P3_GENERAL_REVIEW,东周列国志.md,WL-WORK-0968,东周列国志,,冯梦龙,,,,batch2_source_refs,WL-TOPIC-G44-HISTORICAL
P2_EXTERNAL_MATCH_FRIENDLY,两扇门的房子不好守.md,WL-WORK-2442,两扇门的房子不好守,"Casa con dos puertas, mala es de guardar",卡尔德隆,Pedro Calderón de la Barca,,,batch6_source_refs,WL-TOPIC-Q15;WL-TOPIC-Q15-SWASHBUCKLER
P3_GENERAL_REVIEW,中国梦.md,WL-WORK-0969,中国梦,,马建,,,,batch2_source_refs,WL-TOPIC-G46-DYSTOPIA
P1_CANON_AWARD,中性.md,WL-WORK-0970,中性,,杰弗里·尤金尼德斯,Jeffrey Eugenides,,WL-AWARD-PULITZER-FICTION,batch2_source_refs,WL-TOPIC-G43-FAMILY
P3_GENERAL_REVIEW,丹麦人的事迹.md,WL-WORK-1396,丹麦人的事迹,,萨克索·格拉玛提库斯,Saxo Grammaticus,,,batch3_source_refs,WL-TOPIC-G1-MYTH
P3_GENERAL_REVIEW,为了赖子.md,WL-WORK-0186,为了赖子,,法月纶太郎,,,,,WL-TOPIC-G45-MYSTERY
P3_GENERAL_REVIEW,为兰卡斯击鼓.md,WL-WORK-1566,为兰卡斯击鼓,,曼努埃尔·斯科尔萨,,,,batch4_source_refs,WL-TOPIC-R6-LATAM
P3_GENERAL_REVIEW,为美好的世界献上祝福！.md,WL-WORK-0568,为美好的世界献上祝福！,,晓佳奈,,,,batch1_source_refs,WL-TOPIC-G45-FANTASY
S_SPECIAL_TEXT,义经记.md,WL-WORK-2443,义经记,Gikeiki,佚名,,,,batch6_source_refs,WL-TOPIC-Q15;WL-TOPIC-Q15-SAMURAI
P3_GENERAL_REVIEW,乌洛波洛斯之虫.md,WL-WORK-0571,乌洛波洛斯之虫,,E.R.埃迪森,E.R. Eddison,,,batch1_source_refs,WL-TOPIC-G45-FANTASY
P3_GENERAL_REVIEW,乌贼骨.md,WL-WORK-1567,乌贼骨,,埃乌杰尼奥·蒙塔莱,Eugenio Montale,,,batch4_source_refs,WL-TOPIC-M3-MODERNISM
P2_EXTERNAL_MATCH_FRIENDLY,乌鸦之黑.md,WL-WORK-0116,乌鸦之黑,Raven Black,安·克里夫斯,Ann Cleeves,,,,WL-TOPIC-G45-MYSTERY
P1_CANON_AWARD,乔纳森·斯特兰奇与诺雷尔先生.md,WL-WORK-0572,乔纳森·斯特兰奇与诺雷尔先生,,苏珊娜·克拉克,Susanna Clarke,,WL-AWARD-HUGO,batch1_source_refs,WL-TOPIC-G45-FANTASY
P3_GENERAL_REVIEW,书库.md,WL-WORK-1397,书库,,阿波罗多洛斯,,,,batch3_source_refs,WL-TOPIC-G1-MYTH
P3_GENERAL_REVIEW,二十首情诗和一支绝望的歌.md,WL-WORK-1570,二十首情诗和一支绝望的歌,,巴勃罗·聂鲁达,,,,batch4_source_refs,WL-TOPIC-R6-LATAM
P3_GENERAL_REVIEW,五轮书.md,WL-WORK-2447,五轮书,Gorin no Sho,宫本武藏,,,,batch6_source_refs,WL-TOPIC-Q15;WL-TOPIC-Q15-SAMURAI
P3_GENERAL_REVIEW,亚瑟王之死.md,WL-WORK-0577,亚瑟王之死,,托马斯·马洛礼,,,,batch1_source_refs;batch2_source_refs;batch3_source_refs;batch6_source_refs,WL-TOPIC-G45-FANTASY;WL-TOPIC-G44-HISTORICAL;WL-TOPIC-G1-MYTH;WL-TOPIC-Q15;WL-TOPIC-Q15-KNIGHT
P3_GENERAL_REVIEW,亚瓦尔节.md,WL-WORK-1571,亚瓦尔节,,何塞·玛丽亚·阿格达斯,,,,batch4_source_refs,WL-TOPIC-R6-LATAM
P3_GENERAL_REVIEW,人工呼吸.md,WL-WORK-1573,人工呼吸,,里卡多·皮格利亚,,,,batch4_source_refs,WL-TOPIC-R6-LATAM
P3_GENERAL_REVIEW,人性的枷锁.md,WL-WORK-0976,人性的枷锁,,毛姆,Somerset Maugham,,,batch2_source_refs,WL-TOPIC-G43-BILDUNGSROMAN
P3_GENERAL_REVIEW,人民的玫瑰.md,WL-WORK-1575,人民的玫瑰,,卡洛斯·德鲁蒙德·德·安德拉德,,,,batch4_source_refs,WL-TOPIC-R6-LATAM
P3_GENERAL_REVIEW,人类材料.md,WL-WORK-1577,人类材料,,罗德里戈·雷伊·罗萨,Rodrigo Rey Rosa,,,batch4_source_refs,WL-TOPIC-R6-LATAM
P3_GENERAL_REVIEW,人类的诗.md,WL-WORK-1578,人类的诗,,塞萨尔·巴列霍,,,,batch4_source_refs,WL-TOPIC-R6-LATAM
P2_EXTERNAL_MATCH_FRIENDLY,人骨拼图.md,WL-WORK-0123,人骨拼图,The Bone Collector,杰弗里·迪弗,Jeffery Deaver,,,,WL-TOPIC-G45-MYSTERY
P3_GENERAL_REVIEW,从这里到永恒.md,WL-WORK-2009,从这里到永恒,,詹姆斯·琼斯,James Jones,,,batch5_source_refs,WL-TOPIC-Q6-WAR
P3_GENERAL_REVIEW,仓库.md,WL-WORK-0981,仓库,,罗布·哈特,Rob Hart,,,batch2_source_refs,WL-TOPIC-G46-DYSTOPIA
P3_GENERAL_REVIEW,企鹅岛.md,WL-WORK-0982,企鹅岛,,法朗士,Anatole France,,,batch2_source_refs,WL-TOPIC-G46-DYSTOPIA
S_SPECIAL_TEXT,伊势物语.md,WL-WORK-2011,伊势物语,,佚名,,,,batch5_source_refs,WL-TOPIC-Q2-LOVE
S_SPECIAL_TEXT,伊戈尔远征记.md,WL-WORK-2012,伊戈尔远征记,,佚名,,,,batch5_source_refs,WL-TOPIC-Q6-WAR
P3_GENERAL_REVIEW,伊拉塞玛.md,WL-WORK-1583,伊拉塞玛,,若泽·德·阿伦卡尔,,,,batch4_source_refs,WL-TOPIC-R6-LATAM
P3_GENERAL_REVIEW,伊芙琳·哈德卡斯尔的七次死亡.md,WL-WORK-0144,伊芙琳·哈德卡斯尔的七次死亡,,斯图尔特·特顿,Stuart Turton,,,,WL-TOPIC-G45-MYSTERY
P3_GENERAL_REVIEW,伊芙琳娜.md,WL-WORK-2013,伊芙琳娜,,范妮·伯尼,Fanny Burney,,,batch5_source_refs,WL-TOPIC-Q2-LOVE
P3_GENERAL_REVIEW,众生之路.md,WL-WORK-0984,众生之路,,塞缪尔·巴特勒,Samuel Butler,,,batch2_source_refs,WL-TOPIC-G43-BILDUNGSROMAN
P3_GENERAL_REVIEW,优素福与祖莱哈.md,WL-WORK-2016,优素福与祖莱哈,,贾米,,,,batch5_source_refs,WL-TOPIC-Q2-LOVE
P2_EXTERNAL_MATCH_FRIENDLY,传奇与拿铁.md,WL-WORK-0582,传奇与拿铁,Legends & Lattes,特拉维斯·鲍德里,Travis Baldree,,,batch1_source_refs,WL-TOPIC-G45-FANTASY
P3_GENERAL_REVIEW,伦敦河.md,WL-WORK-0584,伦敦河,,本·亚伦诺维奇,Ben Aaronovitch,,,batch1_source_refs,WL-TOPIC-G45-FANTASY
P3_GENERAL_REVIEW,伪币制造者.md,WL-WORK-1586,伪币制造者,,安德烈·纪德,André Gide,,,batch4_source_refs,WL-TOPIC-M3-MODERNISM
P3_GENERAL_REVIEW,佛国记.md,WL-WORK-1405,佛国记,,法显,,,,batch3_source_refs,WL-TOPIC-G7-TRAVEL
P3_GENERAL_REVIEW,佛罗伦萨手抄本.md,WL-WORK-1406,佛罗伦萨手抄本,,萨阿贡,,,,batch3_source_refs;batch4_source_refs,WL-TOPIC-G1-MYTH;WL-TOPIC-R6-LATAM
P3_GENERAL_REVIEW,侏罗纪公园.md,WL-WORK-0586,侏罗纪公园,,迈克尔·克莱顿,Michael Crichton,,,batch1_source_refs,WL-TOPIC-G45-ADVENTURE
P3_GENERAL_REVIEW,侠盗亚森·罗平.md,WL-WORK-0021,侠盗亚森·罗平,,莫里斯·勒布朗,,,,,WL-TOPIC-G45-MYSTERY
P3_GENERAL_REVIEW,俄罗斯民间故事.md,WL-WORK-1409,俄罗斯民间故事,,阿法纳西耶夫,,,,batch3_source_refs,WL-TOPIC-G1-MYTH
P3_GENERAL_REVIEW,俗世的吟唱.md,WL-WORK-1588,俗世的吟唱,,鲁文·达里奥,,,,batch4_source_refs,WL-TOPIC-R6-LATAM
S_SPECIAL_TEXT,保元物语.md,WL-WORK-0988,保元物语,,佚名,,,,batch2_source_refs;batch6_source_refs,WL-TOPIC-G44-HISTORICAL;WL-TOPIC-Q15;WL-TOPIC-Q15-SAMURAI
P3_GENERAL_REVIEW,保卫延安.md,WL-WORK-2019,保卫延安,,杜鹏程,,,,batch5_source_refs,WL-TOPIC-Q6-WAR
P3_GENERAL_REVIEW,修道士.md,WL-WORK-0588,修道士,,马修·刘易斯,Matthew Lewis,,,batch1_source_refs,WL-TOPIC-G45-HORROR
P3_GENERAL_REVIEW,倪焕之.md,WL-WORK-0989,倪焕之,,叶圣陶,,,,batch2_source_refs,WL-TOPIC-G43-BILDUNGSROMAN
P3_GENERAL_REVIEW,假名手本忠臣藏.md,WL-WORK-2451,假名手本忠臣藏,Kanadehon Chūshingura,四十七浪人,,,,batch6_source_refs,WL-TOPIC-Q15;WL-TOPIC-Q15-SAMURAI
P3_GENERAL_REVIEW,偷书贼.md,WL-WORK-0991,偷书贼,,马库斯·苏萨克,Markus Zusak,,,batch2_source_refs,WL-TOPIC-G44-HISTORICAL
P3_GENERAL_REVIEW,偷拳.md,WL-WORK-2452,偷拳,,白羽,,,,batch6_source_refs,WL-TOPIC-Q15;WL-TOPIC-Q15-WUXIA
P3_GENERAL_REVIEW,儿女英雄传.md,WL-WORK-2453,儿女英雄传,,文康,,,,batch6_source_refs,WL-TOPIC-Q15;WL-TOPIC-Q15-WUXIA
P3_GENERAL_REVIEW,入唐求法巡礼行记.md,WL-WORK-1411,入唐求法巡礼行记,,圆仁,,,,batch3_source_refs,WL-TOPIC-G7-TRAVEL
P3_GENERAL_REVIEW,全知读者视角.md,WL-WORK-0591,全知读者视角,,싱숑,Web Novel,,,batch1_source_refs,WL-TOPIC-G45-FANTASY
P2_EXTERNAL_MATCH_FRIENDLY,全面混乱.md,WL-WORK-0240,全面混乱,Total Chaos,让-克洛德·伊佐,Jean-Claude Izzo,,,,WL-TOPIC-G45-MYSTERY
P3_GENERAL_REVIEW,八月的乡村.md,WL-WORK-2021,八月的乡村,,萧军,,,,batch5_source_refs,WL-TOPIC-Q6-WAR
P2_EXTERNAL_MATCH_FRIENDLY,公主新娘.md,WL-WORK-2454,公主新娘,The Princess Bride,威廉·戈德曼,William Goldman,,,batch6_source_refs,WL-TOPIC-Q15;WL-TOPIC-Q15-SWASHBUCKLER
P3_GENERAL_REVIEW,关系书.md,WL-WORK-1593,关系书,,埃尔南·科尔特斯,,,,batch4_source_refs,WL-TOPIC-R6-LATAM
P3_GENERAL_REVIEW,兵法家传书.md,WL-WORK-2456,兵法家传书,Heiho Kadensho,柳生宗矩,,,,batch6_source_refs,WL-TOPIC-Q15;WL-TOPIC-Q15-SAMURAI
P3_GENERAL_REVIEW,军队.md,WL-WORK-1595,军队,,埃维利奥·罗塞罗,Evelio Rosero,,,batch4_source_refs,WL-TOPIC-R6-LATAM
P2_EXTERNAL_MATCH_FRIENDLY,冬日女王.md,WL-WORK-0137,冬日女王,The Winter Queen,鲍里斯·阿库宁,Boris Akunin,,,,WL-TOPIC-G45-MYSTERY
P3_GENERAL_REVIEW,冰公主.md,WL-WORK-0226,冰公主,,卡米拉·拉克伯格,Camilla Läckberg,,,,WL-TOPIC-G45-MYSTERY
P3_GENERAL_REVIEW,决战前后.md,WL-WORK-2457,决战前后,,陆小凤,,,,batch6_source_refs,WL-TOPIC-Q15;WL-TOPIC-Q15-WUXIA
P3_GENERAL_REVIEW,冷山.md,WL-WORK-0999,冷山,,查尔斯·弗雷泽,Charles Frazier,,,batch2_source_refs,WL-TOPIC-G44-HISTORICAL
P3_GENERAL_REVIEW,冷静与热情之间.md,WL-WORK-2024,冷静与热情之间,,江国香织,,,,batch5_source_refs,WL-TOPIC-Q2-LOVE
P1_CANON_AWARD,凯恩舰哗变.md,WL-WORK-2025,凯恩舰哗变,,赫尔曼·沃克,Herman Wouk,,WL-AWARD-PULITZER-FICTION,batch5_source_refs,WL-TOPIC-Q6-WAR
P3_GENERAL_REVIEW,凯莱布·威廉斯.md,WL-WORK-0599,凯莱布·威廉斯,,威廉·戈德温,William Godwin,,,batch1_source_refs,WL-TOPIC-G45-HORROR
P3_GENERAL_REVIEW,刀之歌.md,WL-WORK-1001,刀之歌,,金薰,,,,batch2_source_refs,WL-TOPIC-G44-HISTORICAL
P3_GENERAL_REVIEW,分歧者.md,WL-WORK-1003,分歧者,,维罗妮卡·罗斯,Veronica Roth,,,batch2_source_refs,WL-TOPIC-G46-DYSTOPIA
P3_GENERAL_REVIEW,列子.md,WL-WORK-1415,列子,,列御寇,,,,batch3_source_refs,WL-TOPIC-G1-MYTH
P3_GENERAL_REVIEW,利姆格.md,WL-WORK-1417,利姆格,,柬埔寨,,,,batch3_source_refs,WL-TOPIC-G1-MYTH
P3_GENERAL_REVIEW,利文沃思案.md,WL-WORK-0005,利文沃思案,,安娜·凯瑟琳·格林,,,,,WL-TOPIC-G45-MYSTERY
P3_GENERAL_REVIEW,别的声音，别的房间.md,WL-WORK-0602,别的声音，别的房间,,杜鲁门·卡波特,Truman Capote,,,batch1_source_refs,WL-TOPIC-G45-HORROR
P3_GENERAL_REVIEW,刺客之夜.md,WL-WORK-1600,刺客之夜,,戏剧线,,,,batch4_source_refs,WL-TOPIC-R6-LATAM
P3_GENERAL_REVIEW,剪刀男.md,WL-WORK-0196,剪刀男,,殊能将之,,,,,WL-TOPIC-G45-MYSTERY
P3_GENERAL_REVIEW,动物寓言集 ／ Bestiario.md,WL-WORK-1601,动物寓言集 / Bestiario,,胡利奥·科塔萨尔,,,,batch4_source_refs,WL-TOPIC-R6-LATAM
P3_GENERAL_REVIEW,勒鲁日案件.md,WL-WORK-0004,勒鲁日案件,,埃米尔·加博里奥,,,,,WL-TOPIC-G45-MYSTERY
P1_CANON_AWARD,北上.md,WL-WORK-1007,北上,,徐则臣,,,WL-AWARD-MAODUN,batch2_source_refs,WL-TOPIC-G44-HISTORICAL
P3_GENERAL_REVIEW,医院.md,WL-WORK-0459,医院,,韩松,,,,,WL-TOPIC-G45-SF
P3_GENERAL_REVIEW,十三号牢房的问题.md,WL-WORK-0019,十三号牢房的问题,,雅克·福翠尔,,,,,WL-TOPIC-G45-MYSTERY
P3_GENERAL_REVIEW,十二金钱镖.md,WL-WORK-2464,十二金钱镖,,白羽,,,,batch6_source_refs,WL-TOPIC-Q15;WL-TOPIC-Q15-WUXIA
P3_GENERAL_REVIEW,十五年.md,WL-WORK-1604,十五年,,拉谢尔·德·凯罗斯,,,,batch4_source_refs,WL-TOPIC-R6-LATAM
P3_GENERAL_REVIEW,千艘船.md,WL-WORK-0610,千艘船,,娜塔莉·海恩斯,Natalie Haynes,,,batch1_source_refs,WL-TOPIC-G45-FANTASY
P3_GENERAL_REVIEW,半七捕物帐.md,WL-WORK-2466,半七捕物帐,,冈本绮堂,,,,batch6_source_refs,WL-TOPIC-Q15;WL-TOPIC-Q15-SAMURAI
P3_GENERAL_REVIEW,卐字之夜.md,WL-WORK-1011,卐字之夜,,凯瑟琳·伯德金,Katharine Burdekin,,,batch2_source_refs,WL-TOPIC-G46-DYSTOPIA
P3_GENERAL_REVIEW,南总里见八犬传.md,WL-WORK-2467,南总里见八犬传,,曲亭马琴,,,,batch6_source_refs,WL-TOPIC-Q15;WL-TOPIC-Q15-SAMURAI
P3_GENERAL_REVIEW,南方之海.md,WL-WORK-0239,南方之海,,曼努埃尔·巴斯克斯·蒙塔尔万,Manuel Vázquez Montalbán,,,,WL-TOPIC-G45-MYSTERY
P1_CANON_AWARD,占有.md,WL-WORK-1012,占有,,A.S.拜厄特,A.S. Byatt,,WL-AWARD-BOOKER,batch2_source_refs,WL-TOPIC-G44-HISTORICAL
P3_GENERAL_REVIEW,卡列维波埃格.md,WL-WORK-1419,卡列维波埃格,,爱沙尼亚,,,,batch3_source_refs,WL-TOPIC-G1-MYTH
P3_GENERAL_REVIEW,卡勒瓦拉.md,WL-WORK-0613,卡勒瓦拉,,埃利亚斯·伦洛特,Elias Lönnrot,,,batch1_source_refs;batch3_source_refs,WL-TOPIC-G45-FANTASY;WL-TOPIC-G1-MYTH
P3_GENERAL_REVIEW,卡洛凯因.md,WL-WORK-1013,卡洛凯因,,卡琳·博耶,Karin Boye,,,batch2_source_refs,WL-TOPIC-G46-DYSTOPIA
P3_GENERAL_REVIEW,卧虎藏龙.md,WL-WORK-2472,卧虎藏龙,,王度庐,,,,batch6_source_refs,WL-TOPIC-Q15;WL-TOPIC-Q15-WUXIA
S_SPECIAL_TEXT,厄立特里亚海周航记.md,WL-WORK-1421,厄立特里亚海周航记,,佚名,古代,,,batch3_source_refs,WL-TOPIC-G7-TRAVEL
P3_GENERAL_REVIEW,历史学家.md,WL-WORK-0619,历史学家,,伊丽莎白·科斯托娃,Elizabeth Kostova,,,batch1_source_refs,WL-TOPIC-G45-HORROR
P3_GENERAL_REVIEW,厌恶.md,WL-WORK-1608,厌恶,,奥拉西奥·卡斯特利亚诺斯·莫亚,Horacio Castellanos Moya,,,batch4_source_refs,WL-TOPIC-R6-LATAM
P2_EXTERNAL_MATCH_FRIENDLY,原野奇侠.md,WL-WORK-2473,原野奇侠,Shane,杰克·谢弗,Jack Schaefer,,,batch6_source_refs,WL-TOPIC-Q15;WL-TOPIC-Q15-WESTERN
P3_GENERAL_REVIEW,发条橙.md,WL-WORK-1016,发条橙,,安东尼·伯吉斯,Anthony Burgess,,,batch2_source_refs,WL-TOPIC-G46-DYSTOPIA
P3_GENERAL_REVIEW,变化：一个爱情故事.md,WL-WORK-2033,变化：一个爱情故事,,阿玛·阿塔·艾杜,Ama Ata Aidoo,,,batch5_source_refs,WL-TOPIC-Q2-LOVE
P3_GENERAL_REVIEW,古事记.md,WL-WORK-1424,古事记,,太安万侣,,,,batch3_source_refs,WL-TOPIC-G1-MYTH
P2_EXTERNAL_MATCH_FRIENDLY,召唤魔鬼.md,WL-WORK-0069,召唤魔鬼,Whistle Up the Devil,德里克·史密斯,Derek Smith,,,,WL-TOPIC-G45-MYSTERY
P3_GENERAL_REVIEW,叶之屋.md,WL-WORK-0621,叶之屋,,马克·Z.达尼莱夫斯基,Mark Z. Danielewski,,,batch1_source_refs,WL-TOPIC-G45-HORROR
P3_GENERAL_REVIEW,叶隐.md,WL-WORK-2476,叶隐,Hagakure,山本常朝,,,,batch6_source_refs,WL-TOPIC-Q15;WL-TOPIC-Q15-SAMURAI
P1_CANON_AWARD,同情者.md,WL-WORK-2034,同情者,,阮清越,Viet Thanh Nguyen,,WL-AWARD-PULITZER-FICTION,batch5_source_refs,WL-TOPIC-Q6-WAR
P3_GENERAL_REVIEW,向日葵不开的夏天.md,WL-WORK-0216,向日葵不开的夏天,,道尾秀介,,,,,WL-TOPIC-G45-MYSTERY
P3_GENERAL_REVIEW,启示录.md,WL-WORK-1427,启示录,,希伯来,,,,batch3_source_refs,WL-TOPIC-G1-MYTH
P3_GENERAL_REVIEW,吴船录.md,WL-WORK-1428,吴船录,,范成大,,,,batch3_source_refs,WL-TOPIC-G7-TRAVEL
P3_GENERAL_REVIEW,吸血鬼.md,WL-WORK-0622,吸血鬼,,约翰·波利多里,John Polidori,,,batch1_source_refs,WL-TOPIC-G45-HORROR
P3_GENERAL_REVIEW,吹过荒野的风.md,WL-WORK-1617,吹过荒野的风,,塞尔瓦·阿尔马达,,,,batch4_source_refs,WL-TOPIC-R6-LATAM
P3_GENERAL_REVIEW,告白.md,WL-WORK-0215,告白,,凑佳苗,,,,,WL-TOPIC-G45-MYSTERY
P3_GENERAL_REVIEW,周四推理俱乐部.md,WL-WORK-0141,周四推理俱乐部,,理查德·奥斯曼,Richard Osman,,,,WL-TOPIC-G45-MYSTERY
P2_EXTERNAL_MATCH_FRIENDLY,咆哮营的幸运儿.md,WL-WORK-2480,咆哮营的幸运儿,The Luck of Roaring Camp,布雷特·哈特,Bret Harte,,,batch6_source_refs,WL-TOPIC-Q15;WL-TOPIC-Q15-WESTERN
P3_GENERAL_REVIEW,和谐.md,WL-WORK-0448,和谐,,伊藤计划,,,,batch2_source_refs,WL-TOPIC-G45-SF;WL-TOPIC-G46-DYSTOPIA
P3_GENERAL_REVIEW,哈姆内特.md,WL-WORK-1021,哈姆内特,,玛吉·奥法雷尔,Maggie O'Farrell,,,batch2_source_refs,WL-TOPIC-G44-HISTORICAL
P3_GENERAL_REVIEW,哈莱姆之家.md,WL-WORK-1620,哈莱姆之家,,克劳德·麦凯,Claude McKay,,,batch4_source_refs,WL-TOPIC-M3-MODERNISM
P3_GENERAL_REVIEW,哈莱姆狂怒.md,WL-WORK-0092,哈莱姆狂怒,,切斯特·海姆斯,Chester Himes,,,,WL-TOPIC-G45-MYSTERY
P3_GENERAL_REVIEW,善心女神.md,WL-WORK-1023,善心女神,,乔纳森·利特尔,Jonathan Littell,,,batch2_source_refs,WL-TOPIC-G44-HISTORICAL
P3_GENERAL_REVIEW,喜福会.md,WL-WORK-1024,喜福会,,谭恩美,Amy Tan,,,batch2_source_refs,WL-TOPIC-G43-FAMILY
P3_GENERAL_REVIEW,喷火器.md,WL-WORK-1621,喷火器,,罗伯托·阿尔特,,,,batch4_source_refs,WL-TOPIC-R6-LATAM
P3_GENERAL_REVIEW,回家的方式.md,WL-WORK-1624,回家的方式,,亚历杭德罗·桑布拉,,,,batch4_source_refs,WL-TOPIC-R6-LATAM
P2_EXTERNAL_MATCH_FRIENDLY,园丁之犬.md,WL-WORK-2483,园丁之犬,El perro del hortelano,洛佩·德·维加,Lope de Vega,,,batch6_source_refs,WL-TOPIC-Q15;WL-TOPIC-Q15-SWASHBUCKLER
P2_EXTERNAL_MATCH_FRIENDLY,国王叙事诗.md,WL-WORK-2484,国王叙事诗,Idylls of the King,丁尼生,解构,,,batch6_source_refs,WL-TOPIC-Q15;WL-TOPIC-Q15-KNIGHT
P3_GENERAL_REVIEW,国王必须死.md,WL-WORK-1028,国王必须死,,古希腊,,,,batch2_source_refs,WL-TOPIC-G44-HISTORICAL
P3_GENERAL_REVIEW,圆圈.md,WL-WORK-1030,圆圈,,戴夫·艾格斯,Dave Eggers,,,batch2_source_refs,WL-TOPIC-G46-DYSTOPIA
P3_GENERAL_REVIEW,土耳其使馆书信.md,WL-WORK-1430,土耳其使馆书信,,玛丽·蒙塔古夫人,Lady Mary Montagu,,,batch3_source_refs,WL-TOPIC-G7-TRAVEL
P3_GENERAL_REVIEW,圣埃维塔.md,WL-WORK-1627,圣埃维塔,,托马斯·埃洛伊·马丁内斯,,,,batch4_source_refs,WL-TOPIC-R6-LATAM
P3_GENERAL_REVIEW,在斯大林格勒战壕里.md,WL-WORK-2040,在斯大林格勒战壕里,,维克托·涅克拉索夫,Viktor Nekrasov,,,batch5_source_refs,WL-TOPIC-Q6-WAR
P2_EXTERNAL_MATCH_FRIENDLY,在比尤拉高地.md,WL-WORK-0108,在比尤拉高地,On Beulah Height,雷金纳德·希尔,Reginald Hill,,,,WL-TOPIC-G45-MYSTERY
P2_EXTERNAL_MATCH_FRIENDLY,地狱之缘.md,WL-WORK-0068,地狱之缘,Rim of the Pit,黑克·塔尔博特,Hake Talbot,,,,WL-TOPIC-G45-MYSTERY
P3_GENERAL_REVIEW,地狱的第19层.md,WL-WORK-0639,地狱的第19层,,蔡骏,,,,batch1_source_refs,WL-TOPIC-G45-HORROR
P3_GENERAL_REVIEW,地球上的受苦者.md,WL-WORK-2041,地球上的受苦者,,弗朗茨·法农,Frantz Fanon,,,batch5_source_refs,WL-TOPIC-Q6-WAR
P3_GENERAL_REVIEW,地铁.md,WL-WORK-0458,地铁,,韩松,,,,,WL-TOPIC-G45-SF
S_SPECIAL_TEXT,坎特伯雷故事集·骑士的故事.md,WL-WORK-2486,坎特伯雷故事集·骑士的故事,,乔叟,Geoffrey Chaucer,,,batch6_source_refs,WL-TOPIC-Q15;WL-TOPIC-Q15-KNIGHT
P3_GENERAL_REVIEW,坎特勒塔尔.md,WL-WORK-1431,坎特勒塔尔,,埃利亚斯·伦洛特,Elias Lönnrot,,,batch3_source_refs,WL-TOPIC-G1-MYTH
P3_GENERAL_REVIEW,坠物之声.md,WL-WORK-1633,坠物之声,,胡安·加布里埃尔·巴斯克斯,Juan Gabriel Vásquez,,,batch4_source_refs,WL-TOPIC-R6-LATAM
P3_GENERAL_REVIEW,埃及人西努赫.md,WL-WORK-1037,埃及人西努赫,,米卡·瓦尔塔里,Mika Waltari,,,batch2_source_refs,WL-TOPIC-G44-HISTORICAL
P3_GENERAL_REVIEW,埃塞俄比亚传奇.md,WL-WORK-2042,埃塞俄比亚传奇,,赫利奥多罗斯,Heliodorus,,,batch5_source_refs,WL-TOPIC-Q2-LOVE
P3_GENERAL_REVIEW,埃琳娜知道.md,WL-WORK-1634,埃琳娜知道,,克劳迪娅·皮涅罗,,,,batch4_source_refs,WL-TOPIC-R6-LATAM
P3_GENERAL_REVIEW,埃瑞璜.md,WL-WORK-1038,埃瑞璜,,塞缪尔·巴特勒,Samuel Butler,,,batch2_source_refs,WL-TOPIC-G46-DYSTOPIA
P3_GENERAL_REVIEW,基因设计师.md,WL-WORK-0450,基因设计师,,藤井太洋,,,,,WL-TOPIC-G45-SF
P3_GENERAL_REVIEW,基坑.md,WL-WORK-1041,基坑,,安德烈·普拉东诺夫,Andrei Platonov,,,batch2_source_refs,WL-TOPIC-G46-DYSTOPIA
P3_GENERAL_REVIEW,堂娜芭芭拉.md,WL-WORK-1637,堂娜芭芭拉,,罗慕洛·加列戈斯,,,,batch4_source_refs,WL-TOPIC-R6-LATAM
P3_GENERAL_REVIEW,塔拉.md,WL-WORK-1638,塔拉,,加夫列拉·米斯特拉尔,,,,batch4_source_refs,WL-TOPIC-R6-LATAM
P3_GENERAL_REVIEW,塞西莉亚.md,WL-WORK-2044,塞西莉亚,,范妮·伯尼,Frances Burney,,,batch5_source_refs,WL-TOPIC-Q2-LOVE
P3_GENERAL_REVIEW,塞西莉亚·巴尔德斯.md,WL-WORK-1640,塞西莉亚·巴尔德斯,,西里洛·比亚韦德,,,,batch4_source_refs,WL-TOPIC-R6-LATAM
P2_EXTERNAL_MATCH_FRIENDLY,墓地的沉默.md,WL-WORK-0223,墓地的沉默,Jar City,阿尔纳尔杜尔·因德里达松,Arnaldur Indriðason,,,,WL-TOPIC-G45-MYSTERY
P3_GENERAL_REVIEW,墙.md,WL-WORK-1044,墙,,约翰·兰彻斯特,John Lanchester,,,batch2_source_refs,WL-TOPIC-G46-DYSTOPIA
P3_GENERAL_REVIEW,墨西哥哥特.md,WL-WORK-0642,墨西哥哥特,,西尔维娅·莫雷诺-加西亚,Silvia Moreno-Garcia,,,batch1_source_refs;batch2_source_refs,WL-TOPIC-G45-HORROR;WL-TOPIC-G44-HISTORICAL
P3_GENERAL_REVIEW,壬生义士传.md,WL-WORK-2489,壬生义士传,Mibu Gishi Den,浅田次郎,,,,batch6_source_refs,WL-TOPIC-Q15;WL-TOPIC-Q15-SAMURAI
P3_GENERAL_REVIEW,夜.md,WL-WORK-1046,夜,,埃利·威塞尔,Wiesel,,,batch2_source_refs;batch5_source_refs,WL-TOPIC-G44-HISTORICAL;WL-TOPIC-Q6-WAR
P3_GENERAL_REVIEW,夜幕降临前.md,WL-WORK-1643,夜幕降临前,,雷纳尔多·阿雷纳斯,,,,batch4_source_refs,WL-TOPIC-R6-LATAM
P3_GENERAL_REVIEW,夜总会里的五个人.md,WL-WORK-1644,夜总会里的五个人,,穆时英,,,,batch4_source_refs,WL-TOPIC-M3-MODERNISM
P3_GENERAL_REVIEW,夜林.md,WL-WORK-1645,夜林,,朱娜·巴恩斯,Djuna Barnes,,,batch4_source_refs,WL-TOPIC-M3-MODERNISM
P3_GENERAL_REVIEW,夜莺.md,WL-WORK-0646,夜莺,,克里斯廷·汉娜,Kristin Hannah,,,batch1_source_refs;batch2_source_refs,WL-TOPIC-G45-FANTASY;WL-TOPIC-G44-HISTORICAL
P3_GENERAL_REVIEW,大唐西域记.md,WL-WORK-1435,大唐西域记,,玄奘,,,,batch3_source_refs,WL-TOPIC-G7-TRAVEL
P3_GENERAL_REVIEW,大地上的居所.md,WL-WORK-1646,大地上的居所,,巴勃罗·聂鲁达,,,,batch4_source_refs,WL-TOPIC-R6-LATAM;WL-TOPIC-M3-MODERNISM
P2_EXTERNAL_MATCH_FRIENDLY,大地惊雷.md,WL-WORK-2493,大地惊雷,True Grit,查尔斯·波蒂斯,Charles Portis,,,batch6_source_refs,WL-TOPIC-Q15;WL-TOPIC-Q15-WESTERN
P2_EXTERNAL_MATCH_FRIENDLY,大天空.md,WL-WORK-2494,大天空,The Big Sky,A.B.格思里,A.B. Guthrie Jr.,,,batch6_source_refs,WL-TOPIC-Q15;WL-TOPIC-Q15-WESTERN
P3_GENERAL_REVIEW,大笑的警察.md,WL-WORK-0219,大笑的警察,,舍瓦尔与瓦勒,Sjöwall & Wahlöö,,,,WL-TOPIC-G45-MYSTERY
P3_GENERAL_REVIEW,大菩萨岭.md,WL-WORK-2496,大菩萨岭,Daibosatsu Tōge,中里介山,,,,batch6_source_refs,WL-TOPIC-Q15;WL-TOPIC-Q15-SAMURAI
P3_GENERAL_REVIEW,大逃杀.md,WL-WORK-1050,大逃杀,,高见广春,,,,batch2_source_refs,WL-TOPIC-G46-DYSTOPIA
P2_EXTERNAL_MATCH_FRIENDLY,大鼻子情圣.md,WL-WORK-2497,大鼻子情圣,Cyrano de Bergerac,埃德蒙·罗斯丹,Edmond Rostand,,,batch6_source_refs,WL-TOPIC-Q15;WL-TOPIC-Q15-SWASHBUCKLER
P3_GENERAL_REVIEW,天堂.md,WL-WORK-1051,天堂,,何塞·莱萨马·利马,,,,batch2_source_refs;batch4_source_refs,WL-TOPIC-G44-HISTORICAL;WL-TOPIC-R6-LATAM
P2_EXTERNAL_MATCH_FRIENDLY,天鹅之歌.md,WL-WORK-0063,天鹅之歌,Swan Song,埃德蒙·克里斯平,Edmund Crispin,,,,WL-TOPIC-G45-MYSTERY
P3_GENERAL_REVIEW,天鹅绒爪子案.md,WL-WORK-0117,天鹅绒爪子案,,厄尔·斯坦利·加德纳,Erle Stanley Gardner,,,,WL-TOPIC-G45-MYSTERY
S_SPECIAL_TEXT,太平记.md,WL-WORK-1053,太平记,,佚名,那么,,,batch2_source_refs;batch6_source_refs,WL-TOPIC-G44-HISTORICAL;WL-TOPIC-Q15;WL-TOPIC-Q15-SAMURAI
P3_GENERAL_REVIEW,太阳城.md,WL-WORK-1054,太阳城,,康帕内拉,,,,batch2_source_refs,WL-TOPIC-G46-DYSTOPIA
P3_GENERAL_REVIEW,太阳石.md,WL-WORK-1649,太阳石,,奥克塔维奥·帕斯,,,,batch4_source_refs,WL-TOPIC-R6-LATAM
P3_GENERAL_REVIEW,太阳门.md,WL-WORK-2048,太阳门,,埃利亚斯·胡里,Elias Khoury,,,batch5_source_refs,WL-TOPIC-Q6-WAR
P3_GENERAL_REVIEW,失重的人.md,WL-WORK-1650,失重的人,,墨西哥与美墨边境,,,,batch4_source_refs,WL-TOPIC-R6-LATAM
P3_GENERAL_REVIEW,奇侠精忠传.md,WL-WORK-2500,奇侠精忠传,,赵焕亭,,,,batch6_source_refs,WL-TOPIC-Q15;WL-TOPIC-Q15-WUXIA
S_SPECIAL_TEXT,奇兰·巴兰之书.md,WL-WORK-1651,奇兰·巴兰之书,,佚名,,,,batch4_source_refs,WL-TOPIC-R6-LATAM
P3_GENERAL_REVIEW,奇异的力量.md,WL-WORK-1652,奇异的力量,,莱奥波尔多·卢贡内斯,,,,batch4_source_refs,WL-TOPIC-R6-LATAM
P3_GENERAL_REVIEW,奇马尔波波卡手抄本.md,WL-WORK-1439,奇马尔波波卡手抄本,,可通过,,,,batch3_source_refs,WL-TOPIC-G1-MYTH
P3_GENERAL_REVIEW,奥勃洛莫夫.md,WL-WORK-1055,奥勃洛莫夫,,冈察洛夫,Goncharov,,,batch2_source_refs,WL-TOPIC-G43-BILDUNGSROMAN
P3_GENERAL_REVIEW,奥扬泰.md,WL-WORK-1654,奥扬泰,,安第斯,,,,batch4_source_refs,WL-TOPIC-R6-LATAM
P3_GENERAL_REVIEW,奥特朗托城堡.md,WL-WORK-0654,奥特朗托城堡,,霍勒斯·沃波尔,Horace Walpole,,,batch1_source_refs,WL-TOPIC-G45-HORROR
P3_GENERAL_REVIEW,奥米昆莱的女仆.md,WL-WORK-1656,奥米昆莱的女仆,,丽塔·印第安纳,Rita Indiana,,,batch4_source_refs,WL-TOPIC-R6-LATAM
P3_GENERAL_REVIEW,女人之国的大门.md,WL-WORK-1057,女人之国的大门,,谢丽·S.特珀,Sheri S. Tepper,,,batch2_source_refs,WL-TOPIC-G46-DYSTOPIA
P3_GENERAL_REVIEW,女人之岸.md,WL-WORK-1058,女人之岸,,帕梅拉·萨金特,Pamela Sargent,,,batch2_source_refs,WL-TOPIC-G46-DYSTOPIA
P3_GENERAL_REVIEW,女巫前传.md,WL-WORK-0657,女巫前传,,格雷戈里·马奎尔,Gregory Maguire,,,batch1_source_refs,WL-TOPIC-G45-FANTASY
P3_GENERAL_REVIEW,她乡——中国女性科幻作品选.md,WL-WORK-0468,她乡——中国女性科幻作品选,,新生代,,,,,WL-TOPIC-G45-SF
P3_GENERAL_REVIEW,她的身体和其他派对.md,WL-WORK-0659,她的身体和其他派对,,卡门·玛丽亚·马查多,Carmen Maria Machado,,,batch1_source_refs,WL-TOPIC-G45-HORROR
P3_GENERAL_REVIEW,如意郎君.md,WL-WORK-1060,如意郎君,,维克多·塞斯,Vikram Seth,,,batch2_source_refs,WL-TOPIC-G43-FAMILY
P3_GENERAL_REVIEW,如果我们无法以光速前行.md,WL-WORK-0479,如果我们无法以光速前行,,金草叶,,,,,WL-TOPIC-G45-SF
P1_CANON_AWARD,如此漫长的信.md,WL-WORK-2051,如此漫长的信,,玛丽亚玛·芭,Mariama Bâ,CANON-193,,batch5_source_refs,WL-TOPIC-Q2-LOVE
P3_GENERAL_REVIEW,子不语.md,WL-WORK-0662,子不语,,袁枚,,,,batch1_source_refs,WL-TOPIC-G45-HORROR
P3_GENERAL_REVIEW,孤独之地.md,WL-WORK-0083,孤独之地,,多萝西·B.休斯,Dorothy B. Hughes,,,,WL-TOPIC-G45-MYSTERY
P3_GENERAL_REVIEW,孤独的迷宫.md,WL-WORK-1668,孤独的迷宫,,奥克塔维奥·帕斯,Paz,,,batch4_source_refs,WL-TOPIC-R6-LATAM
P1_CANON_AWARD,安息角.md,WL-WORK-2503,安息角,Angle of Repose,华莱士·斯特格纳,Stegner,,WL-AWARD-PULITZER-FICTION,batch6_source_refs,WL-TOPIC-Q15;WL-TOPIC-Q15-WESTERN
P3_GENERAL_REVIEW,安魂曲.md,WL-WORK-1670,安魂曲,,阿赫玛托娃,,,,batch4_source_refs,WL-TOPIC-M3-MODERNISM
P3_GENERAL_REVIEW,客人.md,WL-WORK-2052,客人,,黄晳暎,,,,batch5_source_refs,WL-TOPIC-Q6-WAR
P3_GENERAL_REVIEW,家庭纽带.md,WL-WORK-1673,家庭纽带,,克拉丽丝·李斯佩克朵,,,,batch4_source_refs,WL-TOPIC-R6-LATAM
P3_GENERAL_REVIEW,宾蒂.md,WL-WORK-0473,宾蒂,,恩涅蒂·奥科拉弗,Nnedi Okorafor,,,,WL-TOPIC-G45-SF
P3_GENERAL_REVIEW,寂寞之井.md,WL-WORK-1072,寂寞之井,,拉德克利夫·霍尔,Radclyffe Hall,,,batch2_source_refs,WL-TOPIC-G43-BILDUNGSROMAN
P3_GENERAL_REVIEW,寂寞芳心小姐.md,WL-WORK-1674,寂寞芳心小姐,,纳撒尼尔·韦斯特,Nathanael West,,,batch4_source_refs,WL-TOPIC-M3-MODERNISM
P3_GENERAL_REVIEW,寓言集.md,WL-WORK-1675,寓言集,,胡安·何塞·阿雷奥拉,,,,batch4_source_refs,WL-TOPIC-R6-LATAM
P3_GENERAL_REVIEW,封神演义.md,WL-WORK-0668,封神演义,,东方前现代幻想,,,,batch1_source_refs;batch3_source_refs,WL-TOPIC-G45-FANTASY;WL-TOPIC-G1-MYTH
P3_GENERAL_REVIEW,小书痴的下克上.md,WL-WORK-0669,小书痴的下克上,,香月美夜,,,,batch1_source_refs,WL-TOPIC-G45-FANTASY
P3_GENERAL_REVIEW,小猎犬号航海记.md,WL-WORK-1447,小猎犬号航海记,,达尔文,Darwin,,,batch3_source_refs,WL-TOPIC-G7-TRAVEL
P2_EXTERNAL_MATCH_FRIENDLY,少雨之地.md,WL-WORK-2508,少雨之地,The Land of Little Rain,玛丽·奥斯汀,Mary Austin,,,batch6_source_refs,WL-TOPIC-Q15;WL-TOPIC-Q15-WESTERN
P2_EXTERNAL_MATCH_FRIENDLY,尸体会说话.md,WL-WORK-0121,尸体会说话,Postmortem,帕特里夏·康威尔,Patricia Cornwell,,,,WL-TOPIC-G45-MYSTERY
P3_GENERAL_REVIEW,尸者的帝国.md,WL-WORK-0449,尸者的帝国,,伊藤计划 / 圆城塔,,,,,WL-TOPIC-G45-SF
P3_GENERAL_REVIEW,屠场.md,WL-WORK-1680,屠场,,埃斯特万·埃切维里亚,,,,batch4_source_refs,WL-TOPIC-R6-LATAM
P3_GENERAL_REVIEW,左传.md,WL-WORK-1084,左传,,左丘明,,,,batch2_source_refs,WL-TOPIC-G44-HISTORICAL
P3_GENERAL_REVIEW,已知世界.md,WL-WORK-1085,已知世界,,爱德华·P.琼斯,Edward P. Jones,,,batch2_source_refs,WL-TOPIC-G44-HISTORICAL
P3_GENERAL_REVIEW,巴伦·卡南.md,WL-WORK-1682,巴伦·卡南,,罗萨里奥·卡斯特利亚诺斯,,,,batch4_source_refs,WL-TOPIC-R6-LATAM
P3_GENERAL_REVIEW,巴格达怪客.md,WL-WORK-2058,巴格达怪客,,艾哈迈德·萨达维,Ahmed Saadawi,,,batch5_source_refs,WL-TOPIC-Q6-WAR
P3_GENERAL_REVIEW,巴西万岁.md,WL-WORK-1685,巴西万岁,,若昂·乌巴尔多·里贝罗,,,,batch4_source_refs,WL-TOPIC-R6-LATAM
P3_GENERAL_REVIEW,巴西之旅.md,WL-WORK-1453,巴西之旅,,让·德·莱里,Jean de Léry,,,batch3_source_refs,WL-TOPIC-G7-TRAVEL
P3_GENERAL_REVIEW,巴黎狼人.md,WL-WORK-0676,巴黎狼人,,盖伊·恩多尔,Guy Endore,,,batch1_source_refs,WL-TOPIC-G45-HORROR
P3_GENERAL_REVIEW,布朗神父的天真.md,WL-WORK-0016,布朗神父的天真,,G.K.切斯特顿,,,,,WL-TOPIC-G45-MYSTERY
P3_GENERAL_REVIEW,布里辛格门的怪石.md,WL-WORK-0677,布里辛格门的怪石,,艾伦·加纳,Alan Garner,,,batch1_source_refs,WL-TOPIC-G45-FANTASY
P3_GENERAL_REVIEW,布鲁克林有棵树.md,WL-WORK-1089,布鲁克林有棵树,,贝蒂·史密斯,Betty Smith,,,batch2_source_refs,WL-TOPIC-G43-BILDUNGSROMAN
P3_GENERAL_REVIEW,师父.md,WL-WORK-2512,师父,,徐皓峰,,,,batch6_source_refs,WL-TOPIC-Q15;WL-TOPIC-Q15-WUXIA
S_SPECIAL_TEXT,希尔德布兰特之歌.md,WL-WORK-2513,希尔德布兰特之歌,,佚名,,,,batch6_source_refs,WL-TOPIC-Q15;WL-TOPIC-Q15-KNIGHT
P3_GENERAL_REVIEW,希望.md,WL-WORK-2059,希望,,安德烈·马尔罗,Malraux,,,batch5_source_refs,WL-TOPIC-Q6-WAR
P3_GENERAL_REVIEW,希腊志.md,WL-WORK-1457,希腊志,,保萨尼亚斯,Pausanias,,,batch3_source_refs,WL-TOPIC-G7-TRAVEL
P3_GENERAL_REVIEW,希腊罗马名人传.md,WL-WORK-1090,希腊罗马名人传,,普鲁塔克,,,,batch2_source_refs,WL-TOPIC-G44-HISTORICAL
P3_GENERAL_REVIEW,帝国之庭.md,WL-WORK-0678,帝国之庭,,安娜·史密斯·斯帕克,Anna Smith Spark,,,batch1_source_refs,WL-TOPIC-G45-FANTASY
P2_EXTERNAL_MATCH_FRIENDLY,帽子戏法之死.md,WL-WORK-0067,帽子戏法之死,Death from a Top Hat,克莱顿·罗森,Clayton Rawson,,,,WL-TOPIC-G45-MYSTERY
P3_GENERAL_REVIEW,干旱的生活.md,WL-WORK-1687,干旱的生活,,格拉西利亚诺·拉莫斯,,,,batch4_source_refs,WL-TOPIC-R6-LATAM
P3_GENERAL_REVIEW,平原之夜.md,WL-WORK-0679,平原之夜,,塔妮丝·李,Tanith Lee,,,batch1_source_refs,WL-TOPIC-G45-FANTASY
S_SPECIAL_TEXT,平治物语.md,WL-WORK-1092,平治物语,,佚名,,,,batch2_source_refs;batch6_source_refs,WL-TOPIC-G44-HISTORICAL;WL-TOPIC-Q15;WL-TOPIC-Q15-SAMURAI
P3_GENERAL_REVIEW,年轻的命运女神.md,WL-WORK-1688,年轻的命运女神,,保罗·瓦莱里,Paul Valéry,,,batch4_source_refs,WL-TOPIC-M3-MODERNISM
P3_GENERAL_REVIEW,幽灵之家.md,WL-WORK-1094,幽灵之家,,伊莎贝尔·阿连德,,,,batch2_source_refs;batch4_source_refs;batch5_source_refs,WL-TOPIC-G44-HISTORICAL;WL-TOPIC-R6-LATAM;WL-TOPIC-Q10-MEMORY
P2_EXTERNAL_MATCH_FRIENDLY,幽灵小姐.md,WL-WORK-2515,幽灵小姐,La dama duende,卡尔德隆,Pedro Calderón de la Barca,,,batch6_source_refs,WL-TOPIC-Q15;WL-TOPIC-Q15-SWASHBUCKLER
P3_GENERAL_REVIEW,幽灵故事.md,WL-WORK-0684,幽灵故事,,彼得·斯特劳布,Peter Straub,,,batch1_source_refs,WL-TOPIC-G45-HORROR
P3_GENERAL_REVIEW,广漠的世界.md,WL-WORK-1690,广漠的世界,,西罗·阿莱格里亚,,,,batch4_source_refs,WL-TOPIC-R6-LATAM
P3_GENERAL_REVIEW,库希尔的飞镖.md,WL-WORK-0687,库希尔的飞镖,,杰奎琳·凯里,Jacqueline Carey,,,batch1_source_refs,WL-TOPIC-G45-FANTASY
P2_EXTERNAL_MATCH_FRIENDLY,废墟.md,WL-WORK-0688,废墟,The Ruins,斯科特·史密斯,Scott Smith,,,batch1_source_refs,WL-TOPIC-G45-HORROR
P3_GENERAL_REVIEW,座头市物语.md,WL-WORK-2516,座头市物语,,子母泽宽,,,,batch6_source_refs,WL-TOPIC-Q15;WL-TOPIC-Q15-SAMURAI;WL-TOPIC-Q15-OUTLAW
P3_GENERAL_REVIEW,廷达罗斯猎犬.md,WL-WORK-0689,廷达罗斯猎犬,,弗兰克·贝尔纳普·朗,Frank Belknap Long,,,batch1_source_refs,WL-TOPIC-G45-HORROR
P2_EXTERNAL_MATCH_FRIENDLY,弗吉尼亚人.md,WL-WORK-2518,弗吉尼亚人,The Virginian,欧文·威斯特,Owen Wister,,,batch6_source_refs,WL-TOPIC-Q15;WL-TOPIC-Q15-WESTERN
P2_EXTERNAL_MATCH_FRIENDLY,弗拉卡斯上尉.md,WL-WORK-2519,弗拉卡斯上尉,Le Capitaine Fracasse,泰奥菲尔·戈蒂耶,Théophile Gautier,,,batch6_source_refs,WL-TOPIC-Q15;WL-TOPIC-Q15-SWASHBUCKLER
P3_GENERAL_REVIEW,张吉山.md,WL-WORK-1100,张吉山,,黄皙暎,,,,batch2_source_refs,WL-TOPIC-G44-HISTORICAL
P3_GENERAL_REVIEW,弹药筒.md,WL-WORK-1693,弹药筒,,内莉·坎波贝略,,,,batch4_source_refs,WL-TOPIC-R6-LATAM
P2_EXTERNAL_MATCH_FRIENDLY,强盗.md,WL-WORK-2520,强盗,Die Räuber,席勒,Schiller,,,batch6_source_refs,WL-TOPIC-Q15;WL-TOPIC-Q15-OUTLAW
P2_EXTERNAL_MATCH_FRIENDLY,归乡.md,WL-WORK-1101,归乡,Homegoing,雅·吉亚西,Yaa Gyasi,,,batch2_source_refs;batch5_source_refs,WL-TOPIC-G43-FAMILY;WL-TOPIC-G44-HISTORICAL;WL-TOPIC-Q10-MEMORY
P3_GENERAL_REVIEW,彭公案.md,WL-WORK-2521,彭公案,,贪梦道人,,,,batch6_source_refs,WL-TOPIC-Q15;WL-TOPIC-Q15-WUXIA
P3_GENERAL_REVIEW,彼得堡.md,WL-WORK-1696,彼得堡,,安德烈·别雷,Andrei Bely,,,batch4_source_refs,WL-TOPIC-M3-MODERNISM
P3_GENERAL_REVIEW,徐霞客游记.md,WL-WORK-1458,徐霞客游记,,徐霞客,,,,batch3_source_refs,WL-TOPIC-G7-TRAVEL
P3_GENERAL_REVIEW,微妙的平衡.md,WL-WORK-1102,微妙的平衡,,罗欣顿·米斯特里,Rohinton Mistry,,,batch2_source_refs,WL-TOPIC-G44-HISTORICAL
P3_GENERAL_REVIEW,心是孤独的猎手.md,WL-WORK-0693,心是孤独的猎手,,卡森·麦卡勒斯,Carson McCullers,,,batch1_source_refs,WL-TOPIC-G45-HORROR
P3_GENERAL_REVIEW,忍耐石.md,WL-WORK-2070,忍耐石,,阿提克·拉希米,Atiq Rahimi,,,batch5_source_refs,WL-TOPIC-Q6-WAR
P3_GENERAL_REVIEW,忠臣藏.md,WL-WORK-2522,忠臣藏,,竹田出云 / 三好松洛 / 并木千柳,,,,batch6_source_refs,WL-TOPIC-Q15;WL-TOPIC-Q15-SAMURAI
P3_GENERAL_REVIEW,快乐的归来.md,WL-WORK-1106,快乐的归来,,C.S.福雷斯特,C.S. Forester,,,batch2_source_refs,WL-TOPIC-G44-HISTORICAL
P3_GENERAL_REVIEW,怎么办？.md,WL-WORK-1107,怎么办？,,车尔尼雪夫斯基,Chernyshevsky,,,batch2_source_refs,WL-TOPIC-G43-BILDUNGSROMAN
P3_GENERAL_REVIEW,怒海争锋.md,WL-WORK-1108,怒海争锋,,帕特里克·奥布莱恩,Patrick O'Brian,,,batch2_source_refs,WL-TOPIC-G44-HISTORICAL
P3_GENERAL_REVIEW,怪谈.md,WL-WORK-0694,怪谈,,小泉八云,,,,batch1_source_refs,WL-TOPIC-G45-HORROR
P3_GENERAL_REVIEW,恋爱中的奥兰多.md,WL-WORK-2524,恋爱中的奥兰多,,马泰奥·马里亚·博亚尔多,Matteo Maria Boiardo,,,batch6_source_refs,WL-TOPIC-Q15;WL-TOPIC-Q15-KNIGHT
P3_GENERAL_REVIEW,恰似水之于巧克力.md,WL-WORK-1111,恰似水之于巧克力,,劳拉·埃斯基维尔,Laura Esquivel,,,batch2_source_refs;batch5_source_refs,WL-TOPIC-G43-FAMILY;WL-TOPIC-G44-HISTORICAL;WL-TOPIC-Q2-LOVE
P3_GENERAL_REVIEW,悟空传.md,WL-WORK-0695,悟空传,,今何在,,,,batch1_source_refs,WL-TOPIC-G45-FANTASY
P3_GENERAL_REVIEW,惊魂记.md,WL-WORK-0696,惊魂记,,罗伯特·布洛赫,Robert Bloch,,,batch1_source_refs,WL-TOPIC-G45-HORROR
P3_GENERAL_REVIEW,我们失去的光.md,WL-WORK-1708,我们失去的光,,待考,阿根廷当代怪奇,,,batch4_source_refs,WL-TOPIC-R6-LATAM
P3_GENERAL_REVIEW,我们的美洲.md,WL-WORK-1709,我们的美洲,,何塞·马蒂,Martí,,,batch4_source_refs,WL-TOPIC-R6-LATAM
P3_GENERAL_REVIEW,我想结束这一切.md,WL-WORK-0700,我想结束这一切,,伊恩·里德,Iain Reid,,,batch1_source_refs,WL-TOPIC-G45-HORROR
P3_GENERAL_REVIEW,我独自升级.md,WL-WORK-0701,我独自升级,,秋工,Web Novel,,,batch1_source_refs,WL-TOPIC-G45-FANTASY
P3_GENERAL_REVIEW,我，女巫蒂图芭.md,WL-WORK-1117,我，女巫蒂图芭,,玛丽斯·孔戴,Maryse Condé,,,batch2_source_refs,WL-TOPIC-G44-HISTORICAL
P3_GENERAL_REVIEW,我，里戈韦塔·门楚.md,WL-WORK-1713,我，里戈韦塔·门楚,,里戈韦塔·门楚,Rigoberta Menchú,,,batch4_source_refs,WL-TOPIC-R6-LATAM
P3_GENERAL_REVIEW,我，陪审员.md,WL-WORK-0091,我，陪审员,,米基·斯皮兰,Mickey Spillane,,,,WL-TOPIC-G45-MYSTERY
P3_GENERAL_REVIEW,战争.md,WL-WORK-1714,战争,,北川冬彦,,,,batch4_source_refs,WL-TOPIC-M3-MODERNISM
P3_GENERAL_REVIEW,战争哀歌.md,WL-WORK-2074,战争哀歌,,保宁,,,,batch5_source_refs,WL-TOPIC-Q6-WAR;WL-TOPIC-Q10-MEMORY
P3_GENERAL_REVIEW,战国无赖.md,WL-WORK-2527,战国无赖,,孙晓,,,,batch6_source_refs,WL-TOPIC-Q15;WL-TOPIC-Q15-SAMURAI
P3_GENERAL_REVIEW,战斗妖精雪风.md,WL-WORK-0446,战斗妖精雪风,,神林长平,,,,,WL-TOPIC-G45-SF
P3_GENERAL_REVIEW,戴珍珠耳环的少女.md,WL-WORK-1120,戴珍珠耳环的少女,,特雷西·舍瓦利埃,Tracy Chevalier,,,batch2_source_refs,WL-TOPIC-G44-HISTORICAL
P3_GENERAL_REVIEW,戴眼镜持枪的女人.md,WL-WORK-0232,戴眼镜持枪的女人,,塞巴斯蒂安·雅普里索,Sébastien Japrisot,,,,WL-TOPIC-G45-MYSTERY
P1_CANON_AWARD,所有我们看不见的光.md,WL-WORK-1121,所有我们看不见的光,,安东尼·多尔,Anthony Doerr,,WL-AWARD-PULITZER-FICTION,batch2_source_refs,WL-TOPIC-G44-HISTORICAL
P3_GENERAL_REVIEW,手斧男孩.md,WL-WORK-0703,手斧男孩,,加里·保尔森,Gary Paulsen,,,batch1_source_refs,WL-TOPIC-G45-ADVENTURE
P3_GENERAL_REVIEW,托马斯·考文南特：不信者之灾.md,WL-WORK-0704,托马斯·考文南特：不信者之灾,,斯蒂芬·R.唐纳森,Stephen R. Donaldson,,,batch1_source_refs,WL-TOPIC-G45-FANTASY
P3_GENERAL_REVIEW,拆解.md,WL-WORK-1124,拆解,,尼尔·舒斯特曼,Neal Shusterman,,,batch2_source_refs,WL-TOPIC-G46-DYSTOPIA
P3_GENERAL_REVIEW,拉·加利戈.md,WL-WORK-1464,拉·加利戈,,布吉人,,,,batch3_source_refs,WL-TOPIC-G1-MYTH
S_SPECIAL_TEXT,拉撒路illo.md,WL-WORK-1125,拉撒路illo,,佚名,,,,batch2_source_refs,WL-TOPIC-G43-BILDUNGSROMAN
S_SPECIAL_TEXT,拉比纳尔武士.md,WL-WORK-1717,拉比纳尔武士,,佚名,,,,batch4_source_refs,WL-TOPIC-R6-LATAM
P2_EXTERNAL_MATCH_FRIENDLY,拉莫娜.md,WL-WORK-2528,拉莫娜,Ramona,海伦·亨特·杰克逊,Helen Hunt Jackson,,,batch6_source_refs,WL-TOPIC-Q15;WL-TOPIC-Q15-WESTERN
P3_GENERAL_REVIEW,拥抱之书.md,WL-WORK-1719,拥抱之书,,爱德华多·加莱亚诺,,,,batch4_source_refs,WL-TOPIC-R6-LATAM
P3_GENERAL_REVIEW,指匠谜案.md,WL-WORK-1127,指匠谜案,,伊恩·皮尔斯,Iain Pears,,,batch2_source_refs,WL-TOPIC-G44-HISTORICAL
P2_EXTERNAL_MATCH_FRIENDLY,指匠迷案.md,WL-WORK-0136,指匠迷案,An Instance of the Fingerpost,伊恩·皮尔斯,Iain Pears,,,,WL-TOPIC-G45-MYSTERY
P3_GENERAL_REVIEW,提堂.md,WL-WORK-1129,提堂,,近代欧洲,,,,batch2_source_refs,WL-TOPIC-G44-HISTORICAL
P3_GENERAL_REVIEW,搜神记.md,WL-WORK-0708,搜神记,,干宝,,,,batch1_source_refs;batch3_source_refs,WL-TOPIC-G45-FANTASY;WL-TOPIC-G45-HORROR;WL-TOPIC-G1-MYTH
P3_GENERAL_REVIEW,撕裂我的生命.md,WL-WORK-1720,撕裂我的生命,,安赫莱斯·马斯特雷塔,,,,batch4_source_refs,WL-TOPIC-R6-LATAM
P3_GENERAL_REVIEW,斯巴达克斯.md,WL-WORK-1132,斯巴达克斯,,霍华德·法斯特,Howard Fast,,,batch2_source_refs,WL-TOPIC-G44-HISTORICAL
P3_GENERAL_REVIEW,新世界的孩子们.md,WL-WORK-2076,新世界的孩子们,,阿西亚·杰巴尔,Assia Djebar,,,batch5_source_refs,WL-TOPIC-Q6-WAR
P3_GENERAL_REVIEW,新月王座.md,WL-WORK-0713,新月王座,,萨拉丁·艾哈迈德,Saladin Ahmed,,,batch1_source_refs,WL-TOPIC-G45-FANTASY
P3_GENERAL_REVIEW,新编年史与良政.md,WL-WORK-1722,新编年史与良政,,瓜曼·波马,,,,batch4_source_refs,WL-TOPIC-R6-LATAM
P3_GENERAL_REVIEW,新荒野.md,WL-WORK-1134,新荒野,,黛安娜·库克,Diane Cook,,,batch2_source_refs,WL-TOPIC-G46-DYSTOPIA
S_SPECIAL_TEXT,施公案.md,WL-WORK-2536,施公案,,佚名,,,,batch6_source_refs,WL-TOPIC-Q15;WL-TOPIC-Q15-WUXIA
P3_GENERAL_REVIEW,旋转楼梯.md,WL-WORK-0020,旋转楼梯,,玛丽·罗伯茨·莱因哈特,,,,,WL-TOPIC-G45-MYSTERY
P3_GENERAL_REVIEW,无人点灯.md,WL-WORK-1726,无人点灯,,费利斯贝托·埃尔南德斯,,,,batch4_source_refs,WL-TOPIC-R6-LATAM
P3_GENERAL_REVIEW,无名小说.md,WL-WORK-2078,无名小说,,杨秋香,,,,batch5_source_refs,WL-TOPIC-Q6-WAR
P3_GENERAL_REVIEW,无境之兽.md,WL-WORK-2080,无境之兽,,乌佐丁马·伊韦阿拉,Uzodinma Iweala,,,batch5_source_refs,WL-TOPIC-Q6-WAR
P3_GENERAL_REVIEW,无巢鸟.md,WL-WORK-1727,无巢鸟,,克洛林达·马托,,,,batch4_source_refs,WL-TOPIC-R6-LATAM
P3_GENERAL_REVIEW,无罪推定.md,WL-WORK-0118,无罪推定,,斯科特·图罗,Scott Turow,,,,WL-TOPIC-G45-MYSTERY
P3_GENERAL_REVIEW,无言者的话.md,WL-WORK-1728,无言者的话,,胡利奥·拉蒙·里贝罗,,,,batch4_source_refs,WL-TOPIC-R6-LATAM
P3_GENERAL_REVIEW,日子.md,WL-WORK-1729,日子,,塔哈·侯赛因,Taha Hussein,,,batch4_source_refs,WL-TOPIC-M3-MODERNISM
P3_GENERAL_REVIEW,日本书纪.md,WL-WORK-1468,日本书纪,,舍人亲王等,,,,batch3_source_refs,WL-TOPIC-G1-MYTH
P3_GENERAL_REVIEW,日本沉没.md,WL-WORK-0442,日本沉没,,小松左京,,,,,WL-TOPIC-G45-SF
P3_GENERAL_REVIEW,时光之轮：世界之眼.md,WL-WORK-0717,时光之轮：世界之眼,,罗伯特·乔丹,Robert Jordan,,,batch1_source_refs,WL-TOPIC-G45-FANTASY
P3_GENERAL_REVIEW,时间旅行者的妻子.md,WL-WORK-2081,时间旅行者的妻子,,奥德丽·尼芬格,Audrey Niffenegger,,,batch5_source_refs,WL-TOPIC-Q2-LOVE
P3_GENERAL_REVIEW,时间箭.md,WL-WORK-1137,时间箭,,马丁·艾米斯,Martin Amis,,,batch2_source_refs,WL-TOPIC-G44-HISTORICAL
P3_GENERAL_REVIEW,昆仑奴.md,WL-WORK-2538,昆仑奴,,裴铏,,,,batch6_source_refs,WL-TOPIC-Q15;WL-TOPIC-Q15-WUXIA
P3_GENERAL_REVIEW,星期五的黑人.md,WL-WORK-1138,星期五的黑人,,纳纳·夸梅·阿杰伊-布伦亚,Nana Kwame Adjei-Brenyah,,,batch2_source_refs,WL-TOPIC-G46-DYSTOPIA
P3_GENERAL_REVIEW,星触女王.md,WL-WORK-0720,星触女王,,罗莎妮·乔克希,Roshani Chokshi,,,batch1_source_refs,WL-TOPIC-G45-FANTASY
P3_GENERAL_REVIEW,晚夏.md,WL-WORK-1140,晚夏,,阿达尔贝特·施蒂弗特,Adalbert Stifter,,,batch2_source_refs,WL-TOPIC-G43-BILDUNGSROMAN
P3_GENERAL_REVIEW,暗适应之眼.md,WL-WORK-0128,暗适应之眼,,芭芭拉·瓦恩,Barbara Vine,,,,WL-TOPIC-G45-MYSTERY
P3_GENERAL_REVIEW,暴风雨前.md,WL-WORK-1142,暴风雨前,,特奥多尔·冯塔纳,Theodor Fontane,,,batch2_source_refs,WL-TOPIC-G44-HISTORICAL
P3_GENERAL_REVIEW,暴风雨前夜.md,WL-WORK-0722,暴风雨前夜,,吉姆·布彻,Jim Butcher,,,batch1_source_refs,WL-TOPIC-G45-FANTASY
P3_GENERAL_REVIEW,曼侬·莱斯科.md,WL-WORK-1143,曼侬·莱斯科,,普雷沃神父,Prévost,,,batch2_source_refs,WL-TOPIC-G43-BILDUNGSROMAN
P3_GENERAL_REVIEW,曼哈顿中转站.md,WL-WORK-1735,曼哈顿中转站,,约翰·多斯·帕索斯,John Dos Passos,,,batch4_source_refs,WL-TOPIC-M3-MODERNISM
P3_GENERAL_REVIEW,曼德维尔游记.md,WL-WORK-1469,曼德维尔游记,,约翰·曼德维尔,John Mandeville,,,batch3_source_refs,WL-TOPIC-G7-TRAVEL
P3_GENERAL_REVIEW,曾我物语.md,WL-WORK-2541,曾我物语,Soga Monogatari,第二次,,,,batch6_source_refs,WL-TOPIC-Q15;WL-TOPIC-Q15-SAMURAI;WL-TOPIC-Q15-OUTLAW
P2_EXTERNAL_MATCH_FRIENDLY,曾达的囚徒.md,WL-WORK-2542,曾达的囚徒,The Prisoner of Zenda,安东尼·霍普,Anthony Hope,,,batch6_source_refs,WL-TOPIC-Q15;WL-TOPIC-Q15-SWASHBUCKLER
P3_GENERAL_REVIEW,最后的雾.md,WL-WORK-1736,最后的雾,,玛丽亚·路易莎·邦巴尔,,,,batch4_source_refs,WL-TOPIC-R6-LATAM
P3_GENERAL_REVIEW,月之花园.md,WL-WORK-0726,月之花园,,史蒂文·埃里克森,Steven Erikson,,,batch1_source_refs,WL-TOPIC-G45-FANTASY
P3_GENERAL_REVIEW,朗读者.md,WL-WORK-1149,朗读者,,本哈德·施林克,Bernhard Schlink,,,batch2_source_refs,WL-TOPIC-G44-HISTORICAL
P3_GENERAL_REVIEW,朝圣.md,WL-WORK-1739,朝圣,,多萝西·理查森,,,,batch4_source_refs,WL-TOPIC-M3-MODERNISM
P3_GENERAL_REVIEW,朝圣日记.md,WL-WORK-1470,朝圣日记,,埃格里亚,Egeria,,,batch3_source_refs,WL-TOPIC-G7-TRAVEL
P3_GENERAL_REVIEW,未央歌.md,WL-WORK-1150,未央歌,,鹿桥,,,,batch2_source_refs,WL-TOPIC-G43-BILDUNGSROMAN
P3_GENERAL_REVIEW,未来人种.md,WL-WORK-1151,未来人种,,爱德华·布尔沃-利顿,Edward Bulwer-Lytton,,,batch2_source_refs,WL-TOPIC-G46-DYSTOPIA
P3_GENERAL_REVIEW,未来的回忆.md,WL-WORK-1740,未来的回忆,,埃莱娜·加罗,,,,batch4_source_refs,WL-TOPIC-R6-LATAM
P3_GENERAL_REVIEW,朱尔根.md,WL-WORK-0729,朱尔根,,詹姆斯·布兰奇·卡贝尔,James Branch Cabell,,,batch1_source_refs,WL-TOPIC-G45-FANTASY
P3_GENERAL_REVIEW,杀戮之病.md,WL-WORK-0187,杀戮之病,,我孙子武丸,,,,,WL-TOPIC-G45-MYSTERY
P1_CANON_AWARD,杀戮天使.md,WL-WORK-1153,杀戮天使,,迈克尔·沙拉,Michael Shaara,,WL-AWARD-PULITZER-FICTION,batch2_source_refs,WL-TOPIC-G44-HISTORICAL
P3_GENERAL_REVIEW,权力.md,WL-WORK-1155,权力,,娜奥米·奥尔德曼,Naomi Alderman,,,batch2_source_refs,WL-TOPIC-G46-DYSTOPIA
P1_CANON_AWARD,李自成.md,WL-WORK-1156,李自成,,姚雪垠,,,WL-AWARD-MAODUN,batch2_source_refs,WL-TOPIC-G44-HISTORICAL
P3_GENERAL_REVIEW,村上海贼之女.md,WL-WORK-2544,村上海贼之女,,和田龙,,,,batch6_source_refs,WL-TOPIC-Q15;WL-TOPIC-Q15-PIRATE
P3_GENERAL_REVIEW,松歌.md,WL-WORK-1744,松歌,,尼古拉斯·纪廉,Nicolás Guillén,,,batch4_source_refs,WL-TOPIC-R6-LATAM
P3_GENERAL_REVIEW,柳林风声.md,WL-WORK-0734,柳林风声,,肯尼斯·格雷厄姆,Kenneth Grahame,,,batch1_source_refs,WL-TOPIC-G45-FANTASY
P3_GENERAL_REVIEW,根.md,WL-WORK-1162,根,,亚历克斯·哈利,Alex Haley,,,batch2_source_refs,WL-TOPIC-G43-FAMILY
P3_GENERAL_REVIEW,格林童话.md,WL-WORK-0737,格林童话,,格林兄弟,Grimm Brothers,,,batch1_source_refs,WL-TOPIC-G45-FANTASY
P3_GENERAL_REVIEW,桃源二村.md,WL-WORK-1163,桃源二村,,B.F.斯金纳,B.F. Skinner,,,batch2_source_refs,WL-TOPIC-G46-DYSTOPIA
P3_GENERAL_REVIEW,桥.md,WL-WORK-1748,桥,,哈特·克莱恩,Hart Crane,,,batch4_source_refs,WL-TOPIC-M3-MODERNISM
P2_EXTERNAL_MATCH_FRIENDLY,桶子.md,WL-WORK-0053,桶子,The Cask,弗里曼·克罗夫茨,Crofts,,,,WL-TOPIC-G45-MYSTERY
P3_GENERAL_REVIEW,梦与现实.md,WL-WORK-1750,梦与现实,,胡安娜·曼努埃拉·戈里蒂,,,,batch4_source_refs,WL-TOPIC-R6-LATAM
P3_GENERAL_REVIEW,梦之共和国.md,WL-WORK-1751,梦之共和国,,内莉达·皮尼翁,,,,batch4_source_refs,WL-TOPIC-R6-LATAM
P3_GENERAL_REVIEW,楼门五三桐.md,WL-WORK-2552,楼门五三桐,,并木五瓶,,,,batch6_source_refs,WL-TOPIC-Q15;WL-TOPIC-Q15-OUTLAW
P3_GENERAL_REVIEW,樱树抽芽时，想你.md,WL-WORK-0197,樱树抽芽时，想你,,旧版常见译名,,,,,WL-TOPIC-G45-MYSTERY
P2_EXTERNAL_MATCH_FRIENDLY,欢乐之家.md,WL-WORK-1168,欢乐之家,Fun Home,艾莉森·贝克德尔,Alison Bechdel,,,batch2_source_refs,WL-TOPIC-G43-BILDUNGSROMAN
P3_GENERAL_REVIEW,歌唱的白骨.md,WL-WORK-0017,歌唱的白骨,,R.奥斯汀·弗里曼,,,,,WL-TOPIC-G45-MYSTERY
P3_GENERAL_REVIEW,歌集.md,WL-WORK-2086,歌集,,彼特拉克,Petrarch,,,batch5_source_refs,WL-TOPIC-Q2-LOVE
P3_GENERAL_REVIEW,武士道：日本的灵魂.md,WL-WORK-2557,武士道：日本的灵魂,Bushido: The Soul of Japan,新渡户稻造,,,,batch6_source_refs,WL-TOPIC-Q15;WL-TOPIC-Q15-SAMURAI
P3_GENERAL_REVIEW,武家义理物语.md,WL-WORK-2558,武家义理物语,Buke Giri Monogatari,井原西鹤,,,,batch6_source_refs,WL-TOPIC-Q15;WL-TOPIC-Q15-SAMURAI
P3_GENERAL_REVIEW,武田信玄.md,WL-WORK-2560,武田信玄,,新田次郎,,,,batch6_source_refs,WL-TOPIC-Q15;WL-TOPIC-Q15-SAMURAI
P3_GENERAL_REVIEW,武道传来记.md,WL-WORK-2561,武道传来记,Budō Denraiki,井原西鹤,,,,batch6_source_refs,WL-TOPIC-Q15;WL-TOPIC-Q15-SAMURAI
P3_GENERAL_REVIEW,武道初心集.md,WL-WORK-2562,武道初心集,Budō Shoshinshū,大道寺友山,,,,batch6_source_refs,WL-TOPIC-Q15;WL-TOPIC-Q15-SAMURAI
P3_GENERAL_REVIEW,死亡与生命，塞韦里诺.md,WL-WORK-1757,死亡与生命，塞韦里诺,,若昂·卡布拉尔·德·梅洛·内托,,,,batch4_source_refs,WL-TOPIC-R6-LATAM
P2_EXTERNAL_MATCH_FRIENDLY,死亡之谜.md,WL-WORK-0122,死亡之谜,Déjà Dead,凯西·莱克斯,Kathy Reichs,,,,WL-TOPIC-G45-MYSTERY
P3_GENERAL_REVIEW,死亡通知单：暗黑者.md,WL-WORK-0246,死亡通知单：暗黑者,,周浩晖,,,,,WL-TOPIC-G45-MYSTERY
S_SPECIAL_TEXT,死梦之歌.md,WL-WORK-0745,死梦之歌,,佚名,,,,batch1_source_refs,WL-TOPIC-G45-HORROR
P3_GENERAL_REVIEW,母狗.md,WL-WORK-1758,母狗,,皮拉尔·金塔纳,Pilar Quintana,,,batch4_source_refs,WL-TOPIC-R6-LATAM
P3_GENERAL_REVIEW,母系.md,WL-WORK-1171,母系,,苏齐·麦基·查纳斯,Suzy McKee Charnas,,,batch2_source_refs,WL-TOPIC-G46-DYSTOPIA
P3_GENERAL_REVIEW,母语.md,WL-WORK-1172,母语,,苏泽特·黑登·埃尔金,Suzette Haden Elgin,,,batch2_source_refs,WL-TOPIC-G46-DYSTOPIA
P3_GENERAL_REVIEW,毛猿.md,WL-WORK-1760,毛猿,,尤金·奥尼尔,Eugene O'Neill,,,batch4_source_refs,WL-TOPIC-M3-MODERNISM
P3_GENERAL_REVIEW,水的形状.md,WL-WORK-0238,水的形状,,安德烈亚·卡米莱里,Andrea Camilleri,,,,WL-TOPIC-G45-MYSTERY
P3_GENERAL_REVIEW,永州八记.md,WL-WORK-1480,永州八记,,柳宗元,,,,batch3_source_refs,WL-TOPIC-G7-TRAVEL
P3_GENERAL_REVIEW,永恒之王.md,WL-WORK-0749,永恒之王,,T.H.怀特,T.H. White,,,batch1_source_refs;batch6_source_refs,WL-TOPIC-G45-FANTASY;WL-TOPIC-Q15;WL-TOPIC-Q15-KNIGHT
P2_EXTERNAL_MATCH_FRIENDLY,永恒者.md,WL-WORK-0471,永恒者,El Eternauta,埃克托尔·赫尔曼·奥斯特尔德,Héctor Germán Oesterheld,,,,WL-TOPIC-G45-SF
P3_GENERAL_REVIEW,永远讲不完的故事.md,WL-WORK-0750,永远讲不完的故事,,米切尔·恩德,Michael Ende,,,batch1_source_refs,WL-TOPIC-G45-FANTASY
P3_GENERAL_REVIEW,汉书.md,WL-WORK-1177,汉书,,班固,,,,batch2_source_refs,WL-TOPIC-G44-HISTORICAL
P3_GENERAL_REVIEW,江湖奇侠传.md,WL-WORK-2565,江湖奇侠传,,平江不肖生,,,,batch6_source_refs,WL-TOPIC-Q15;WL-TOPIC-Q15-WUXIA
P3_GENERAL_REVIEW,沙娜拉之剑.md,WL-WORK-0755,沙娜拉之剑,,特里·布鲁克斯,Terry Brooks,,,batch1_source_refs,WL-TOPIC-G45-FANTASY
P3_GENERAL_REVIEW,沙漠之年.md,WL-WORK-1181,沙漠之年,,佩德罗·迈拉尔,Pedro Mairal,,,batch2_source_refs,WL-TOPIC-G46-DYSTOPIA
P3_GENERAL_REVIEW,没有人会看见我哭泣.md,WL-WORK-1762,没有人会看见我哭泣,,克里斯蒂娜·里维拉·加尔萨,,,,batch4_source_refs,WL-TOPIC-R6-LATAM
P3_GENERAL_REVIEW,法兰西组曲.md,WL-WORK-1182,法兰西组曲,,伊雷娜·内米洛夫斯基,Irène Némirovsky,,,batch2_source_refs;batch5_source_refs,WL-TOPIC-G44-HISTORICAL;WL-TOPIC-Q6-WAR
P3_GENERAL_REVIEW,波希米亚之光.md,WL-WORK-1766,波希米亚之光,,巴列-因克兰,Ramón del Valle-Inclán,,,batch4_source_refs,WL-TOPIC-M3-MODERNISM
P3_GENERAL_REVIEW,洗尸人.md,WL-WORK-2089,洗尸人,,锡南·安通,Sinan Antoon,,,batch5_source_refs,WL-TOPIC-Q6-WAR
P3_GENERAL_REVIEW,洞.md,WL-WORK-0759,洞,,卞惠英,,,,batch1_source_refs,WL-TOPIC-G45-HORROR
P3_GENERAL_REVIEW,洞中人.md,WL-WORK-1768,洞中人,,陶菲格·哈基姆,Tawfiq al-Hakim,,,batch4_source_refs,WL-TOPIC-M3-MODERNISM
P3_GENERAL_REVIEW,海中公牛.md,WL-WORK-1189,海中公牛,,古希腊,,,,batch2_source_refs,WL-TOPIC-G44-HISTORICAL
P3_GENERAL_REVIEW,海因里希·冯·奥夫特丁根.md,WL-WORK-1190,海因里希·冯·奥夫特丁根,,诺瓦利斯,Novalis,,,batch2_source_refs,WL-TOPIC-G43-BILDUNGSROMAN
P3_GENERAL_REVIEW,海园.md,WL-WORK-1771,海园,,希尔达·杜利特尔,H.D.,,,batch4_source_refs,WL-TOPIC-M3-MODERNISM
P3_GENERAL_REVIEW,海的沉默.md,WL-WORK-2091,海的沉默,,韦科尔,Vercors,,,batch5_source_refs,WL-TOPIC-Q6-WAR
P3_GENERAL_REVIEW,消失的另一半.md,WL-WORK-1191,消失的另一半,,布丽特·贝内特,Brit Bennett,,,batch2_source_refs,WL-TOPIC-G43-FAMILY
P3_GENERAL_REVIEW,淮南子.md,WL-WORK-1483,淮南子,,刘安,,,,batch3_source_refs,WL-TOPIC-G1-MYTH
P3_GENERAL_REVIEW,深沉的河流.md,WL-WORK-1192,深沉的河流,,何塞·玛丽亚·阿格达斯,José María Arguedas,,,batch2_source_refs;batch4_source_refs,WL-TOPIC-G43-BILDUNGSROMAN;WL-TOPIC-R6-LATAM
P3_GENERAL_REVIEW,混乱的仪式.md,WL-WORK-1778,混乱的仪式,,卡洛斯·蒙西瓦伊斯,,,,batch4_source_refs,WL-TOPIC-R6-LATAM
P3_GENERAL_REVIEW,混沌行走：永不放下的猎刀.md,WL-WORK-1194,混沌行走：永不放下的猎刀,,帕特里克·内斯,Patrick Ness,,,batch2_source_refs,WL-TOPIC-G46-DYSTOPIA
P3_GENERAL_REVIEW,漩涡.md,WL-WORK-0763,漩涡,,何塞·欧斯塔西奥·里韦拉,José Eustasio Rivera,,,batch1_source_refs;batch4_source_refs,WL-TOPIC-G45-ADVENTURE;WL-TOPIC-R6-LATAM
P3_GENERAL_REVIEW,漫歌.md,WL-WORK-1780,漫歌,,巴勃罗·聂鲁达,,,,batch4_source_refs,WL-TOPIC-R6-LATAM
P3_GENERAL_REVIEW,漫游者梅尔莫斯.md,WL-WORK-0764,漫游者梅尔莫斯,,查尔斯·马图林,Charles Maturin,,,batch1_source_refs,WL-TOPIC-G45-HORROR
P3_GENERAL_REVIEW,漫漫长路.md,WL-WORK-1197,漫漫长路,,塞巴斯蒂安·巴里,Sebastian Barry,,,batch2_source_refs,WL-TOPIC-G44-HISTORICAL
P3_GENERAL_REVIEW,漫长的歌.md,WL-WORK-1198,漫长的歌,,安德烈娅·利维,Andrea Levy,,,batch2_source_refs,WL-TOPIC-G44-HISTORICAL
P2_EXTERNAL_MATCH_FRIENDLY,火焰与花朵.md,WL-WORK-2092,火焰与花朵,The Flame and the Flower,凯瑟琳·E.伍迪维斯,Kathleen E. Woodiwiss,,,batch5_source_refs,WL-TOPIC-Q2-LOVE
P3_GENERAL_REVIEW,火线.md,WL-WORK-1202,火线,,亨利·巴比塞,Barbusse,,,batch2_source_refs;batch5_source_refs,WL-TOPIC-G44-HISTORICAL;WL-TOPIC-Q6-WAR
P3_GENERAL_REVIEW,火车上的女孩.md,WL-WORK-0131,火车上的女孩,,宝拉·霍金斯,Paula Hawkins,,,,WL-TOPIC-G45-MYSTERY
P2_EXTERNAL_MATCH_FRIENDLY,炽热的岩石.md,WL-WORK-0256,炽热的岩石,The Hot Rock,唐纳德·E.韦斯特莱克,Donald E. Westlake,,,,WL-TOPIC-G45-MYSTERY
P3_GENERAL_REVIEW,熊与夜莺.md,WL-WORK-0766,熊与夜莺,,凯瑟琳·阿登,Katherine Arden,,,batch1_source_refs,WL-TOPIC-G45-FANTASY
S_SPECIAL_TEXT,熙德之歌.md,WL-WORK-1204,熙德之歌,,佚名,,,,batch2_source_refs;batch6_source_refs,WL-TOPIC-G44-HISTORICAL;WL-TOPIC-Q15;WL-TOPIC-Q15-KNIGHT
P3_GENERAL_REVIEW,燃烧的银.md,WL-WORK-1785,燃烧的银,,里卡多·皮格利亚,,,,batch4_source_refs,WL-TOPIC-R6-LATAM
P3_GENERAL_REVIEW,燕子号与亚马逊号.md,WL-WORK-0767,燕子号与亚马逊号,,阿瑟·兰塞姆,Arthur Ransome,,,batch1_source_refs,WL-TOPIC-G45-ADVENTURE
P3_GENERAL_REVIEW,爱情、疯狂与死亡的故事.md,WL-WORK-1786,爱情、疯狂与死亡的故事,,短篇小说开始成为超级强项,,,,batch4_source_refs,WL-TOPIC-R6-LATAM
P3_GENERAL_REVIEW,爱情诗.md,WL-WORK-1787,爱情诗,,伊黛亚·比拉里尼奥,Idea Vilariño,,,batch4_source_refs,WL-TOPIC-R6-LATAM
P3_GENERAL_REVIEW,爱狗男人.md,WL-WORK-1788,爱狗男人,,古巴当代,,,,batch4_source_refs,WL-TOPIC-R6-LATAM
P2_EXTERNAL_MATCH_FRIENDLY,牛轭事件.md,WL-WORK-2569,牛轭事件,The Ox-Bow Incident,沃尔特·范蒂尔伯格·克拉克,Walter Van Tilburg Clark,,,batch6_source_refs,WL-TOPIC-Q15;WL-TOPIC-Q15-WESTERN
P3_GENERAL_REVIEW,特伦特最后一案.md,WL-WORK-0018,特伦特最后一案,,E.C.本特利,,,,,WL-TOPIC-G45-MYSTERY
P3_GENERAL_REVIEW,特辖军的一天.md,WL-WORK-1210,特辖军的一天,,弗拉基米尔·索罗金,Vladimir Sorokin,,,batch2_source_refs,WL-TOPIC-G46-DYSTOPIA
P3_GENERAL_REVIEW,特里尔塞.md,WL-WORK-1791,特里尔塞,,塞萨尔·巴列霍,,,,batch4_source_refs,WL-TOPIC-R6-LATAM;WL-TOPIC-M3-MODERNISM
S_SPECIAL_TEXT,特里斯坦与伊瑟.md,WL-WORK-2099,特里斯坦与伊瑟,,佚名,,,,batch5_source_refs,WL-TOPIC-Q2-LOVE
P2_EXTERNAL_MATCH_FRIENDLY,犬之力.md,WL-WORK-2570,犬之力,The Power of the Dog,托马斯·萨维奇,Thomas Savage,,,batch6_source_refs,WL-TOPIC-Q15;WL-TOPIC-Q15-WESTERN
P3_GENERAL_REVIEW,狄安娜之树.md,WL-WORK-1792,狄安娜之树,,阿莱杭德拉·皮扎尼克,,,,batch4_source_refs,WL-TOPIC-R6-LATAM
P3_GENERAL_REVIEW,独行道.md,WL-WORK-2571,独行道,Dokkōdō,宫本武藏,,,,batch6_source_refs,WL-TOPIC-Q15;WL-TOPIC-Q15-SAMURAI
P1_CANON_AWARD,狼厅.md,WL-WORK-1211,狼厅,,近代欧洲,,,WL-AWARD-BOOKER,batch2_source_refs,WL-TOPIC-G44-HISTORICAL
P2_EXTERNAL_MATCH_FRIENDLY,猎人.md,WL-WORK-0255,猎人,The Hunter,理查德·斯塔克,Richard Stark,,,,WL-TOPIC-G45-MYSTERY
P3_GENERAL_REVIEW,玛丽亚.md,WL-WORK-1796,玛丽亚,,豪尔赫·伊萨克斯,,,,batch4_source_refs,WL-TOPIC-R6-LATAM
S_SPECIAL_TEXT,玛纳斯史诗.md,WL-WORK-1486,玛纳斯史诗,,吉尔吉斯,,,,batch3_source_refs,WL-TOPIC-G1-MYTH
P3_GENERAL_REVIEW,玫瑰水.md,WL-WORK-0475,玫瑰水,,塔德·汤普森,Tade Thompson,,,batch2_source_refs,WL-TOPIC-G45-SF;WL-TOPIC-G46-DYSTOPIA
P3_GENERAL_REVIEW,玫瑰的名字.md,WL-WORK-0132,玫瑰的名字,,翁贝托·埃科,,,,batch2_source_refs,WL-TOPIC-G45-MYSTERY;WL-TOPIC-G44-HISTORICAL
P3_GENERAL_REVIEW,珊瑚岛上的死光.md,WL-WORK-0453,珊瑚岛上的死光,,童恩正,,,,,WL-TOPIC-G45-SF
P2_EXTERNAL_MATCH_FRIENDLY,瑞士家庭鲁滨逊.md,WL-WORK-0779,瑞士家庭鲁滨逊,Swiss Family Robinson,约翰·戴维·维斯,Johann David Wyss,,,batch1_source_refs,WL-TOPIC-G45-ADVENTURE
P3_GENERAL_REVIEW,瓜拉尼人.md,WL-WORK-1799,瓜拉尼人,,若泽·德·阿伦卡尔,,,,batch4_source_refs,WL-TOPIC-R6-LATAM
S_SPECIAL_TEXT,瓦尔塔里之歌.md,WL-WORK-2573,瓦尔塔里之歌,Waltharius,佚名,,,,batch6_source_refs,WL-TOPIC-Q15;WL-TOPIC-Q15-KNIGHT
P3_GENERAL_REVIEW,瓦泰克.md,WL-WORK-0780,瓦泰克,,威廉·贝克福德,William Beckford,,,batch1_source_refs,WL-TOPIC-G45-HORROR
P3_GENERAL_REVIEW,瓦罗奇里手稿.md,WL-WORK-1488,瓦罗奇里手稿,,安第斯,,,,batch3_source_refs;batch4_source_refs,WL-TOPIC-G1-MYTH;WL-TOPIC-R6-LATAM
P3_GENERAL_REVIEW,瓦西蓬戈.md,WL-WORK-1800,瓦西蓬戈,,豪尔赫·伊卡萨,,,,batch4_source_refs,WL-TOPIC-R6-LATAM
P3_GENERAL_REVIEW,瓦西里·焦尔金.md,WL-WORK-2100,瓦西里·焦尔金,,亚历山大·特瓦尔多夫斯基,Alexander Tvardovsky,,,batch5_source_refs,WL-TOPIC-Q6-WAR
P3_GENERAL_REVIEW,甘蔗.md,WL-WORK-1801,甘蔗,,琼·图默,Jean Toomer,,,batch4_source_refs,WL-TOPIC-M3-MODERNISM
P3_GENERAL_REVIEW,生人勿进.md,WL-WORK-0781,生人勿进,,约翰·阿维德·林德奎斯特,John Ajvide Lindqvist,,,batch1_source_refs,WL-TOPIC-G45-HORROR
P3_GENERAL_REVIEW,生命不息.md,WL-WORK-1217,生命不息,,凯特·阿特金森,Kate Atkinson,,,batch2_source_refs,WL-TOPIC-G44-HISTORICAL
P3_GENERAL_REVIEW,生命与希望之歌.md,WL-WORK-1802,生命与希望之歌,,鲁文·达里奥,,,,batch4_source_refs,WL-TOPIC-R6-LATAM
P3_GENERAL_REVIEW,生命之歌.md,WL-WORK-0455,生命之歌,,王晋康,,,,,WL-TOPIC-G45-SF
P3_GENERAL_REVIEW,生死场.md,WL-WORK-2101,生死场,,萧红,,,,batch5_source_refs,WL-TOPIC-Q6-WAR
P3_GENERAL_REVIEW,生者与死者.md,WL-WORK-2102,生者与死者,,康斯坦丁·西蒙诺夫,Konstantin Simonov,,,batch5_source_refs,WL-TOPIC-Q6-WAR
P2_EXTERNAL_MATCH_FRIENDLY,田纳西的伙伴.md,WL-WORK-2575,田纳西的伙伴,Tennessee's Partner,布雷特·哈特,Bret Harte,,,batch6_source_refs,WL-TOPIC-Q15;WL-TOPIC-Q15-WESTERN
P3_GENERAL_REVIEW,甲虫.md,WL-WORK-0782,甲虫,,理查德·马什,Richard Marsh,,,batch1_source_refs,WL-TOPIC-G45-HORROR
P2_EXTERNAL_MATCH_FRIENDLY,申诉.md,WL-WORK-0145,申诉,The Appeal,珍妮丝·哈利特,Janice Hallett,,,,WL-TOPIC-G45-MYSTERY
P3_GENERAL_REVIEW,男孩、雪、鸟.md,WL-WORK-0783,男孩、雪、鸟,,海伦·奥耶耶米,Helen Oyeyemi,,,batch1_source_refs,WL-TOPIC-G45-FANTASY
P3_GENERAL_REVIEW,留下来陪我.md,WL-WORK-2103,留下来陪我,,阿约芭米·阿德巴约,Ayọ̀bámi Adébáyọ̀,,,batch5_source_refs,WL-TOPIC-Q2-LOVE
P3_GENERAL_REVIEW,疯狂欲望.md,WL-WORK-1805,疯狂欲望,,佩德罗·莱梅贝尔,Pedro Lemebel,,,batch4_source_refs,WL-TOPIC-R6-LATAM
P2_EXTERNAL_MATCH_FRIENDLY,疯狂的奥兰多.md,WL-WORK-2578,疯狂的奥兰多,Orlando Furioso,卢多维科·阿里奥斯托,Ludovico Ariosto,,,batch6_source_refs,WL-TOPIC-Q15;WL-TOPIC-Q15-KNIGHT
P3_GENERAL_REVIEW,疲倦的布鲁斯.md,WL-WORK-1806,疲倦的布鲁斯,,兰斯顿·休斯,Langston Hughes,,,batch4_source_refs,WL-TOPIC-M3-MODERNISM
P3_GENERAL_REVIEW,痛苦与狂喜.md,WL-WORK-1221,痛苦与狂喜,,欧文·斯通,Irving Stone,,,batch2_source_refs,WL-TOPIC-G44-HISTORICAL
P3_GENERAL_REVIEW,痴儿西木传.md,WL-WORK-2105,痴儿西木传,,格里美尔斯豪森,Grimmelshausen,,,batch5_source_refs,WL-TOPIC-Q6-WAR
P3_GENERAL_REVIEW,癞皮鹦鹉.md,WL-WORK-1809,癞皮鹦鹉,,费尔南德斯·德·利萨尔迪,,,,batch4_source_refs,WL-TOPIC-R6-LATAM
P2_EXTERNAL_MATCH_FRIENDLY,白狼.md,WL-WORK-2580,白狼,Le Loup blanc,保罗·费瓦尔,Paul Féval,,,batch6_source_refs,WL-TOPIC-Q15;WL-TOPIC-Q15-SWASHBUCKLER
P1_CANON_AWARD,白门柳.md,WL-WORK-1223,白门柳,,刘斯奋,,,WL-AWARD-MAODUN,batch2_source_refs,WL-TOPIC-G44-HISTORICAL
P3_GENERAL_REVIEW,百亿昼与千亿夜.md,WL-WORK-0445,百亿昼与千亿夜,,光濑龙,,,,,WL-TOPIC-G45-SF
P3_GENERAL_REVIEW,盆栽.md,WL-WORK-1810,盆栽,,亚历杭德罗·桑布拉,,,,batch4_source_refs,WL-TOPIC-R6-LATAM
P3_GENERAL_REVIEW,盲人行路指南.md,WL-WORK-1811,盲人行路指南,,阿隆索·卡里奥·德拉万德拉,Alonso Carrió de la Vandera,,,batch4_source_refs,WL-TOPIC-R6-LATAM
P3_GENERAL_REVIEW,看不见的阿里夫.md,WL-WORK-0788,看不见的阿里夫,,G.威洛·威尔逊,G. Willow Wilson,,,batch1_source_refs,WL-TOPIC-G45-FANTASY
P2_EXTERNAL_MATCH_FRIENDLY,眩晕.md,WL-WORK-0231,眩晕,D'entre les morts,布瓦洛-纳尔瑟雅克,Boileau-Narcejac,,,,WL-TOPIC-G45-MYSTERY
P3_GENERAL_REVIEW,短暂的一生.md,WL-WORK-1814,短暂的一生,,奥内蒂,,,,batch4_source_refs,WL-TOPIC-R6-LATAM
P3_GENERAL_REVIEW,礼拜五.md,WL-WORK-0789,礼拜五,,米歇尔·图尼埃,Tournier,,,batch1_source_refs,WL-TOPIC-G45-ADVENTURE
P3_GENERAL_REVIEW,礼拜五，或太平洋上的灵薄狱.md,WL-WORK-0790,礼拜五，或太平洋上的灵薄狱,,米歇尔·图尼埃,Michel Tournier,,,batch1_source_refs,WL-TOPIC-G45-ADVENTURE
P2_EXTERNAL_MATCH_FRIENDLY,社交俱乐部命案.md,WL-WORK-0107,社交俱乐部命案,A Clubbable Woman,雷金纳德·希尔,Reginald Hill,,,,WL-TOPIC-G45-MYSTERY
P3_GENERAL_REVIEW,福尔赛世家.md,WL-WORK-1232,福尔赛世家,,第二座超级高峰,,,,batch2_source_refs,WL-TOPIC-G43-BILDUNGSROMAN;WL-TOPIC-G43-FAMILY
P3_GENERAL_REVIEW,福楼拜的鹦鹉.md,WL-WORK-1233,福楼拜的鹦鹉,,朱利安·巴尔斯,Julian Barnes,,,batch2_source_refs,WL-TOPIC-G44-HISTORICAL
P3_GENERAL_REVIEW,禧年.md,WL-WORK-1234,禧年,,沃德·穆尔,Ward Moore,,,batch2_source_refs,WL-TOPIC-G44-HISTORICAL
P3_GENERAL_REVIEW,科莱利上尉的曼陀林.md,WL-WORK-1236,科莱利上尉的曼陀林,,路易斯·德·伯尼埃尔,Louis de Bernières,,,batch2_source_refs,WL-TOPIC-G44-HISTORICAL
P3_GENERAL_REVIEW,秘密花园.md,WL-WORK-1237,秘密花园,,弗朗西斯·霍奇森·伯内特,Frances Hodgson Burnett,,,batch2_source_refs,WL-TOPIC-G43-BILDUNGSROMAN
S_SPECIAL_TEXT,秘鲁传说.md,WL-WORK-1822,秘鲁传说,,里卡多·帕尔马,,,,batch4_source_refs,WL-TOPIC-R6-LATAM
P2_EXTERNAL_MATCH_FRIENDLY,移动玩具店.md,WL-WORK-0062,移动玩具店,The Moving Toyshop,埃德蒙·克里斯平,Edmund Crispin,,,,WL-TOPIC-G45-MYSTERY
P3_GENERAL_REVIEW,移动迷宫.md,WL-WORK-1238,移动迷宫,,詹姆斯·达什纳,James Dashner,,,batch2_source_refs,WL-TOPIC-G46-DYSTOPIA
P3_GENERAL_REVIEW,空中飞马.md,WL-WORK-0198,空中飞马,,北村薰,,,,,WL-TOPIC-G45-MYSTERY
P3_GENERAL_REVIEW,空杯.md,WL-WORK-1823,空杯,,德尔米拉·阿古斯蒂尼,,,,batch4_source_refs,WL-TOPIC-R6-LATAM
P2_EXTERNAL_MATCH_FRIENDLY,穿绿裤子的唐·希尔.md,WL-WORK-2587,穿绿裤子的唐·希尔,Don Gil de las calzas verdes,蒂尔索·德·莫利纳,Tirso de Molina,,,batch6_source_refs,WL-TOPIC-Q15;WL-TOPIC-Q15-SWASHBUCKLER
P3_GENERAL_REVIEW,穿越时空的少女.md,WL-WORK-0443,穿越时空的少女,,筒井康隆,,,,,WL-TOPIC-G45-SF
P3_GENERAL_REVIEW,第一女子侦探事务所.md,WL-WORK-0139,第一女子侦探事务所,,亚历山大·麦考尔·史密斯,Alexander McCall Smith,,,,WL-TOPIC-G45-MYSTERY
P3_GENERAL_REVIEW,第四翼.md,WL-WORK-0793,第四翼,,丽贝卡·亚罗斯,Rebecca Yarros,,,batch1_source_refs,WL-TOPIC-G45-FANTASY
P3_GENERAL_REVIEW,笼里的女人.md,WL-WORK-0225,笼里的女人,,尤西·阿德勒-奥尔森,Jussi Adler-Olsen,,,,WL-TOPIC-G45-MYSTERY
P3_GENERAL_REVIEW,答索尔·菲洛泰亚.md,WL-WORK-1826,答索尔·菲洛泰亚,,索尔·胡安娜,,,,batch4_source_refs,WL-TOPIC-R6-LATAM
P2_EXTERNAL_MATCH_FRIENDLY,米夏埃尔·科尔哈斯.md,WL-WORK-2590,米夏埃尔·科尔哈斯,Michael Kohlhaas,克莱斯特,Kleist,,,batch6_source_refs,WL-TOPIC-Q15;WL-TOPIC-Q15-OUTLAW
P3_GENERAL_REVIEW,精灵之屋.md,WL-WORK-1246,精灵之屋,,伊莎贝尔·阿连德,Isabel Allende,,,batch2_source_refs,WL-TOPIC-G43-FAMILY
P3_GENERAL_REVIEW,精灵守护者.md,WL-WORK-0795,精灵守护者,,上桥菜穗子,,,,batch1_source_refs,WL-TOPIC-G45-FANTASY
P2_EXTERNAL_MATCH_FRIENDLY,精神病患者.md,WL-WORK-0135,精神病患者,The Alienist,凯莱布·卡尔,Caleb Carr,,,,WL-TOPIC-G45-MYSTERY
P3_GENERAL_REVIEW,纠正.md,WL-WORK-1249,纠正,,乔纳森·弗兰岑,Jonathan Franzen,,,batch2_source_refs,WL-TOPIC-G43-FAMILY
P3_GENERAL_REVIEW,红日.md,WL-WORK-2113,红日,,吴强,,,,batch5_source_refs,WL-TOPIC-Q6-WAR
P3_GENERAL_REVIEW,红线传.md,WL-WORK-2594,红线传,,袁郊,,,,batch6_source_refs,WL-TOPIC-Q15;WL-TOPIC-Q15-WUXIA
P3_GENERAL_REVIEW,红色时钟.md,WL-WORK-1253,红色时钟,,莱妮·祖马斯,Leni Zumas,,,batch2_source_refs,WL-TOPIC-G46-DYSTOPIA
P3_GENERAL_REVIEW,红色海洋.md,WL-WORK-0457,红色海洋,,韩松,,,,,WL-TOPIC-G45-SF
P3_GENERAL_REVIEW,红色英勇勋章.md,WL-WORK-2115,红色英勇勋章,,斯蒂芬·克莱恩,Stephen Crane,,,batch5_source_refs,WL-TOPIC-Q6-WAR
P3_GENERAL_REVIEW,红花侠.md,WL-WORK-1254,红花侠,,奥希兹男爵夫人,Baroness Orczy,,,batch2_source_refs;batch6_source_refs,WL-TOPIC-G44-HISTORICAL;WL-TOPIC-Q15;WL-TOPIC-Q15-KNIGHT;WL-TOPIC-Q15-SWASHBUCKLER
P3_GENERAL_REVIEW,红辣椒.md,WL-WORK-0444,红辣椒,,筒井康隆,,,,,WL-TOPIC-G45-SF
S_SPECIAL_TEXT,纪尧姆之歌.md,WL-WORK-2595,纪尧姆之歌,La Chanson de Guillaume,佚名,,,,batch6_source_refs,WL-TOPIC-Q15;WL-TOPIC-Q15-KNIGHT
P3_GENERAL_REVIEW,纯朴的诗.md,WL-WORK-1828,纯朴的诗,,何塞·马蒂,,,,batch4_source_refs,WL-TOPIC-R6-LATAM
P1_CANON_AWARD,纯真年代.md,WL-WORK-2116,纯真年代,,伊迪丝·华顿,Edith Wharton,,WL-AWARD-PULITZER-FICTION,batch5_source_refs,WL-TOPIC-Q2-LOVE
P3_GENERAL_REVIEW,细细的红线.md,WL-WORK-2117,细细的红线,,詹姆斯·琼斯,James Jones,,,batch5_source_refs,WL-TOPIC-Q6-WAR
P3_GENERAL_REVIEW,绝望.md,WL-WORK-1831,绝望,,加夫列拉·米斯特拉尔,,,,batch4_source_refs,WL-TOPIC-R6-LATAM
P3_GENERAL_REVIEW,绣花大盗.md,WL-WORK-2599,绣花大盗,,陆小凤,,,,batch6_source_refs,WL-TOPIC-Q15;WL-TOPIC-Q15-WUXIA
P2_EXTERNAL_MATCH_FRIENDLY,维里科尼姆.md,WL-WORK-0803,维里科尼姆,Viriconium,M.约翰·哈里森,M. John Harrison,,,batch1_source_refs,WL-TOPIC-G45-FANTASY;WL-TOPIC-G45-HORROR
P2_EXTERNAL_MATCH_FRIENDLY,绿色危机.md,WL-WORK-0060,绿色危机,Green for Danger,克里斯蒂安娜·布兰德,Christianna Brand,,,,WL-TOPIC-G45-MYSTERY
P3_GENERAL_REVIEW,绿衣亨利.md,WL-WORK-1260,绿衣亨利,,戈特弗里德·凯勒,Gottfried Keller,,,batch2_source_refs,WL-TOPIC-G43-BILDUNGSROMAN
P3_GENERAL_REVIEW,绿野仙踪.md,WL-WORK-0805,绿野仙踪,,格雷戈里·马奎尔,Gregory Maguire,,,batch1_source_refs,WL-TOPIC-G45-FANTASY
P3_GENERAL_REVIEW,罂粟海.md,WL-WORK-1261,罂粟海,,海洋历史,,,,batch2_source_refs,WL-TOPIC-G44-HISTORICAL
P3_GENERAL_REVIEW,罗丝安娜.md,WL-WORK-0218,罗丝安娜,,舍瓦尔与瓦勒,Sjöwall & Wahlöö,,,,WL-TOPIC-G45-MYSTERY
P3_GENERAL_REVIEW,罗德斯岛战记.md,WL-WORK-0807,罗德斯岛战记,,水野良,,,,batch1_source_refs,WL-TOPIC-G45-FANTASY
P3_GENERAL_REVIEW,罗马史.md,WL-WORK-1494,罗马史,,李维,,,,batch3_source_refs,WL-TOPIC-G1-MYTH
P3_GENERAL_REVIEW,罗马第一人.md,WL-WORK-1264,罗马第一人,,考琳·麦卡洛,Colleen McCullough,,,batch2_source_refs,WL-TOPIC-G44-HISTORICAL
P3_GENERAL_REVIEW,美人鱼之歌.md,WL-WORK-0115,美人鱼之歌,,瓦尔·麦克德米德,Val McDermid,,,,WL-TOPIC-G45-MYSTERY
P3_GENERAL_REVIEW,美国战争.md,WL-WORK-1267,美国战争,,奥马尔·埃尔·阿卡德,Omar El Akkad,,,batch2_source_refs,WL-TOPIC-G46-DYSTOPIA
P3_GENERAL_REVIEW,美国精神病人.md,WL-WORK-0810,美国精神病人,,布雷特·伊斯顿·埃利斯,Bret Easton Ellis,,,batch1_source_refs,WL-TOPIC-G45-HORROR
P3_GENERAL_REVIEW,美女.md,WL-WORK-0811,美女,,罗宾·麦金利,Robin McKinley,,,batch1_source_refs,WL-TOPIC-G45-FANTASY
P2_EXTERNAL_MATCH_FRIENDLY,美生中国人.md,WL-WORK-1268,美生中国人,American Born Chinese,杨谨伦,Gene Luen Yang,,,batch2_source_refs,WL-TOPIC-G43-BILDUNGSROMAN
P3_GENERAL_REVIEW,群山歌唱.md,WL-WORK-2121,群山歌唱,,阮攀桂梅,,,,batch5_source_refs,WL-TOPIC-Q10-MEMORY
P3_GENERAL_REVIEW,翡翠城.md,WL-WORK-0813,翡翠城,,李芳达,Fonda Lee,,,batch1_source_refs,WL-TOPIC-G45-FANTASY
P2_EXTERNAL_MATCH_FRIENDLY,耶洗别之死.md,WL-WORK-0061,耶洗别之死,Death of Jezebel,克里斯蒂安娜·布兰德,Christianna Brand,,,,WL-TOPIC-G45-MYSTERY
P3_GENERAL_REVIEW,聂隐娘.md,WL-WORK-2603,聂隐娘,,裴铏,,,,batch6_source_refs,WL-TOPIC-Q15;WL-TOPIC-Q15-WUXIA;WL-TOPIC-Q15-OUTLAW
P2_EXTERNAL_MATCH_FRIENDLY,聪明的恋人.md,WL-WORK-2604,聪明的恋人,La discreta enamorada,洛佩·德·维加,Lope de Vega,,,batch6_source_refs,WL-TOPIC-Q15;WL-TOPIC-Q15-SWASHBUCKLER
P3_GENERAL_REVIEW,脆弱的故事.md,WL-WORK-1835,脆弱的故事,,曼努埃尔·古铁雷斯·纳赫拉,,,,batch4_source_refs,WL-TOPIC-R6-LATAM
P3_GENERAL_REVIEW,腹地.md,WL-WORK-1836,腹地,,欧克里德斯·达·库尼亚,,,,batch4_source_refs,WL-TOPIC-R6-LATAM
P3_GENERAL_REVIEW,自然史.md,WL-WORK-1837,自然史,,墨西哥当代暴力,,,,batch4_source_refs,WL-TOPIC-R6-LATAM
P2_EXTERNAL_MATCH_FRIENDLY,致命的宁静.md,WL-WORK-0138,致命的宁静,Still Life,路易丝·佩尼,Louise Penny,,,,WL-TOPIC-G45-MYSTERY
P3_GENERAL_REVIEW,致曼努埃尔一世书.md,WL-WORK-1838,致曼努埃尔一世书,,佩罗·瓦兹·德·卡米尼亚,,,,batch4_source_refs,WL-TOPIC-R6-LATAM
P3_GENERAL_REVIEW,航海日记.md,WL-WORK-1498,航海日记,,哥伦布,,,,batch3_source_refs;batch4_source_refs,WL-TOPIC-G7-TRAVEL;WL-TOPIC-R6-LATAM
P3_GENERAL_REVIEW,艺术的非人化.md,WL-WORK-1840,艺术的非人化,,奥尔特加-加塞特,Ortega y Gasset,,,batch4_source_refs,WL-TOPIC-M3-MODERNISM
P3_GENERAL_REVIEW,艾菲·布里斯特.md,WL-WORK-2124,艾菲·布里斯特,,婚姻以后,,,,batch5_source_refs,WL-TOPIC-Q2-LOVE
P3_GENERAL_REVIEW,芒果街上的小屋.md,WL-WORK-1271,芒果街上的小屋,,桑德拉·西斯内罗斯,Sandra Cisneros,,,batch2_source_refs,WL-TOPIC-G43-BILDUNGSROMAN
P3_GENERAL_REVIEW,花园茶会.md,WL-WORK-1842,花园茶会,,凯瑟琳·曼斯菲尔德,,,,batch4_source_refs,WL-TOPIC-M3-MODERNISM
P3_GENERAL_REVIEW,苏丹娜的梦.md,WL-WORK-0476,苏丹娜的梦,,罗凯亚·萨哈瓦特·侯赛因,Rokeya Sakhawat Hossain,,,,WL-TOPIC-G45-SF
P2_EXTERNAL_MATCH_FRIENDLY,苏格兰西部群岛之旅.md,WL-WORK-1500,苏格兰西部群岛之旅,A Journey to the Western Islands of Scotland,塞缪尔·约翰逊,Johnson,,,batch3_source_refs,WL-TOPIC-G7-TRAVEL
P3_GENERAL_REVIEW,英雄与王冠.md,WL-WORK-0820,英雄与王冠,,罗宾·麦金利,Robin McKinley,,,batch1_source_refs,WL-TOPIC-G45-FANTASY
P3_GENERAL_REVIEW,英雄志.md,WL-WORK-2606,英雄志,,孙晓,,,,batch6_source_refs,WL-TOPIC-Q15;WL-TOPIC-Q15-WUXIA
P3_GENERAL_REVIEW,茉莉王座.md,WL-WORK-0822,茉莉王座,,塔莎·苏里,Tasha Suri,,,batch1_source_refs,WL-TOPIC-G45-FANTASY
P3_GENERAL_REVIEW,荆棘王子.md,WL-WORK-0824,荆棘王子,,马克·劳伦斯,Mark Lawrence,,,batch1_source_refs,WL-TOPIC-G45-FANTASY
P3_GENERAL_REVIEW,荒潮.md,WL-WORK-0465,荒潮,,陈楸帆,,,,batch2_source_refs,WL-TOPIC-G45-SF;WL-TOPIC-G46-DYSTOPIA
P3_GENERAL_REVIEW,荡寇志.md,WL-WORK-2608,荡寇志,,俞万春,,,,batch6_source_refs,WL-TOPIC-Q15;WL-TOPIC-Q15-OUTLAW
P3_GENERAL_REVIEW,莉莉安娜不可战胜的夏天.md,WL-WORK-1848,莉莉安娜不可战胜的夏天,,克里斯蒂娜·里维拉·加尔萨,,,,batch4_source_refs,WL-TOPIC-R6-LATAM
P3_GENERAL_REVIEW,莫斯科2042.md,WL-WORK-1277,莫斯科2042,,弗拉基米尔·沃伊诺维奇,Vladimir Voinovich,,,batch2_source_refs,WL-TOPIC-G46-DYSTOPIA
P3_GENERAL_REVIEW,莺莺传.md,WL-WORK-2128,莺莺传,,元稹,,,,batch5_source_refs,WL-TOPIC-Q2-LOVE
P3_GENERAL_REVIEW,营地.md,WL-WORK-1849,营地,,戏剧线,,,,batch4_source_refs,WL-TOPIC-R6-LATAM
P3_GENERAL_REVIEW,营救距离.md,WL-WORK-1850,营救距离,,待考,阿根廷当代怪奇,,,batch4_source_refs,WL-TOPIC-R6-LATAM
P3_GENERAL_REVIEW,萨布.md,WL-WORK-1852,萨布,,赫特鲁迪斯·戈麦斯·德·阿韦利亚内达,,,,batch4_source_refs,WL-TOPIC-R6-LATAM
P3_GENERAL_REVIEW,萨拉米斯的士兵.md,WL-WORK-2129,萨拉米斯的士兵,,哈维尔·塞尔卡斯,Javier Cercas,,,batch5_source_refs,WL-TOPIC-Q6-WAR
P3_GENERAL_REVIEW,萨马.md,WL-WORK-1853,萨马,,安东尼奥·迪·贝内代托,,,,batch4_source_refs,WL-TOPIC-R6-LATAM
P3_GENERAL_REVIEW,蒂博一家.md,WL-WORK-1280,蒂博一家,,罗杰·马丁·杜加尔,Roger Martin du Gard,,,batch2_source_refs,WL-TOPIC-G43-FAMILY
P3_GENERAL_REVIEW,蒲公英王朝：帝王恩典.md,WL-WORK-0828,蒲公英王朝：帝王恩典,,刘宇昆,Ken Liu,,,batch1_source_refs,WL-TOPIC-G45-FANTASY
P3_GENERAL_REVIEW,蓝.md,WL-WORK-1854,蓝,,鲁文·达里奥,,,,batch4_source_refs,WL-TOPIC-R6-LATAM
P3_GENERAL_REVIEW,虐杀器官.md,WL-WORK-0447,虐杀器官,,伊藤计划,,,,,WL-TOPIC-G45-SF
P3_GENERAL_REVIEW,虬髯客传.md,WL-WORK-2611,虬髯客传,,杜光庭,,,,batch6_source_refs,WL-TOPIC-Q15;WL-TOPIC-Q15-WUXIA;WL-TOPIC-Q15-OUTLAW
P2_EXTERNAL_MATCH_FRIENDLY,蚀刻城.md,WL-WORK-0829,蚀刻城,The Etched City,K.J.毕晓普,K.J. Bishop,,,batch1_source_refs,WL-TOPIC-G45-FANTASY;WL-TOPIC-G45-HORROR
P3_GENERAL_REVIEW,蚁生.md,WL-WORK-0456,蚁生,,王晋康,,,,,WL-TOPIC-G45-SF
P3_GENERAL_REVIEW,蜀山剑侠传.md,WL-WORK-2612,蜀山剑侠传,,研究现代中国通俗小说时,,,,batch6_source_refs,WL-TOPIC-Q15;WL-TOPIC-Q15-WUXIA;WL-TOPIC-Q15-SAMURAI
P3_GENERAL_REVIEW,蜘蛛男孩.md,WL-WORK-0831,蜘蛛男孩,,待考,改读,,,batch1_source_refs,WL-TOPIC-G45-FANTASY
P3_GENERAL_REVIEW,蜥蜴尾巴.md,WL-WORK-1859,蜥蜴尾巴,,卢伊莎·巴伦苏埃拉,,,,batch4_source_refs,WL-TOPIC-R6-LATAM
P3_GENERAL_REVIEW,血与骨之子.md,WL-WORK-0835,血与骨之子,,托米·阿德耶米,Tomi Adeyemi,,,batch1_source_refs,WL-TOPIC-G45-FANTASY
P3_GENERAL_REVIEW,被子.md,WL-WORK-1862,被子,,伊斯马特·丘格塔伊,Ismat Chughtai,,,batch4_source_refs,WL-TOPIC-M3-MODERNISM
P3_GENERAL_REVIEW,裹尸布.md,WL-WORK-1865,裹尸布,,玛丽亚·路易莎·邦巴尔,,,,batch4_source_refs,WL-TOPIC-R6-LATAM
P3_GENERAL_REVIEW,西伯利亚大铁路和小让娜的法兰西散文诗.md,WL-WORK-1866,西伯利亚大铁路和小让娜的法兰西散文诗,,布莱斯·桑德拉尔,Blaise Cendrars,,,batch4_source_refs,WL-TOPIC-M3-MODERNISM
P3_GENERAL_REVIEW,西印度毁灭述略.md,WL-WORK-1867,西印度毁灭述略,,拉斯·卡萨斯,,,,batch4_source_refs,WL-TOPIC-R6-LATAM
P3_GENERAL_REVIEW,西湖梦寻.md,WL-WORK-1507,西湖梦寻,,张岱,,,,batch3_source_refs,WL-TOPIC-G7-TRAVEL
P1_CANON_AWARD,西行之路.md,WL-WORK-2616,西行之路,The Way West,A.B.格思里,A.B. Guthrie Jr.,,WL-AWARD-PULITZER-FICTION,batch6_source_refs,WL-TOPIC-Q15;WL-TOPIC-Q15-WESTERN
P3_GENERAL_REVIEW,见红.md,WL-WORK-1868,见红,,莉娜·梅鲁阿内,,,,batch4_source_refs,WL-TOPIC-R6-LATAM
P2_EXTERNAL_MATCH_FRIENDLY,解放了的耶路撒冷.md,WL-WORK-2618,解放了的耶路撒冷,Gerusalemme Liberata,托尔夸托·塔索,Torquato Tasso,,,batch6_source_refs,WL-TOPIC-Q15;WL-TOPIC-Q15-KNIGHT
P2_EXTERNAL_MATCH_FRIENDLY,解散.md,WL-WORK-0134,解散,Dissolution,C.J.桑瑟姆,C.J. Sansom,,,batch2_source_refs,WL-TOPIC-G45-MYSTERY;WL-TOPIC-G44-HISTORICAL
P3_GENERAL_REVIEW,诅咒兔.md,WL-WORK-0839,诅咒兔,,郑宝拉,,,,batch1_source_refs,WL-TOPIC-G45-HORROR
P3_GENERAL_REVIEW,诗与反诗.md,WL-WORK-1870,诗与反诗,,尼卡诺尔·帕拉,,,,batch4_source_refs,WL-TOPIC-R6-LATAM
P3_GENERAL_REVIEW,诛仙.md,WL-WORK-0840,诛仙,,萧鼎,,,,batch1_source_refs;batch6_source_refs,WL-TOPIC-G45-FANTASY;WL-TOPIC-Q15;WL-TOPIC-Q15-WUXIA
P3_GENERAL_REVIEW,诡秘之主.md,WL-WORK-0841,诡秘之主,,爱潜水的乌贼,,,,batch1_source_refs,WL-TOPIC-G45-FANTASY
P3_GENERAL_REVIEW,说岳全传.md,WL-WORK-1288,说岳全传,,钱彩,,,,batch2_source_refs,WL-TOPIC-G44-HISTORICAL
P3_GENERAL_REVIEW,诸神渴了.md,WL-WORK-1289,诸神渴了,,法朗士,Anatole France,,,batch2_source_refs,WL-TOPIC-G46-DYSTOPIA
P3_GENERAL_REVIEW,谁惧死亡.md,WL-WORK-0474,谁惧死亡,,恩涅蒂·奥科拉弗,Nnedi Okorafor,,,batch1_source_refs;batch2_source_refs,WL-TOPIC-G45-SF;WL-TOPIC-G45-FANTASY;WL-TOPIC-G46-DYSTOPIA
P3_GENERAL_REVIEW,谢小娥传.md,WL-WORK-2619,谢小娥传,,李公佐,,,,batch6_source_refs,WL-TOPIC-Q15;WL-TOPIC-Q15-WUXIA
P3_GENERAL_REVIEW,谢里.md,WL-WORK-1873,谢里,,布莱斯·桑德拉尔,Blaise Cendrars,,,batch4_source_refs,WL-TOPIC-M3-MODERNISM
P3_GENERAL_REVIEW,财主底儿女们.md,WL-WORK-1291,财主底儿女们,,路翎,,,,batch2_source_refs,WL-TOPIC-G43-BILDUNGSROMAN
P3_GENERAL_REVIEW,贪得无厌.md,WL-WORK-1874,贪得无厌,,维茨凯维奇,Witkiewicz,,,batch4_source_refs,WL-TOPIC-M3-MODERNISM
P3_GENERAL_REVIEW,贫民窟.md,WL-WORK-1875,贫民窟,,阿卢伊西奥·阿泽维多,,,,batch4_source_refs,WL-TOPIC-R6-LATAM
P3_GENERAL_REVIEW,购物狂的异想世界.md,WL-WORK-2137,购物狂的异想世界,,索菲·金塞拉,Sophie Kinsella,,,batch5_source_refs,WL-TOPIC-Q2-LOVE
P3_GENERAL_REVIEW,资治通鉴.md,WL-WORK-1292,资治通鉴,,司马光,,,,batch2_source_refs,WL-TOPIC-G44-HISTORICAL
P2_EXTERNAL_MATCH_FRIENDLY,赔偿风波.md,WL-WORK-0094,赔偿风波,Indemnity Only,萨拉·帕雷茨基,Sara Paretsky,,,,WL-TOPIC-G45-MYSTERY
P2_EXTERNAL_MATCH_FRIENDLY,赫布里底群岛旅行日记.md,WL-WORK-1509,赫布里底群岛旅行日记,The Journal of a Tour to the Hebrides,詹姆斯·鲍斯韦尔,Boswell,,,batch3_source_refs,WL-TOPIC-G7-TRAVEL
P3_GENERAL_REVIEW,走出非洲.md,WL-WORK-0845,走出非洲,,凯伦·布里克森,Karen Blixen,,,batch1_source_refs,WL-TOPIC-G45-ADVENTURE
P3_GENERAL_REVIEW,走到世界尽头.md,WL-WORK-1294,走到世界尽头,,苏齐·麦基·查纳斯,Suzy McKee Charnas,,,batch2_source_refs,WL-TOPIC-G46-DYSTOPIA
P3_GENERAL_REVIEW,超级悲伤真爱故事.md,WL-WORK-1295,超级悲伤真爱故事,,加里·施特恩加特,Gary Shteyngart,,,batch2_source_refs,WL-TOPIC-G46-DYSTOPIA
P3_GENERAL_REVIEW,轨道之云.md,WL-WORK-0451,轨道之云,,藤井太洋,,,,,WL-TOPIC-G45-SF
S_SPECIAL_TEXT,辛巴达航海.md,WL-WORK-0847,辛巴达航海,,佚名,中的,,,batch1_source_refs,WL-TOPIC-G45-ADVENTURE
P3_GENERAL_REVIEW,达夫尼与克洛伊.md,WL-WORK-2139,达夫尼与克洛伊,,朗戈斯,Longus,,,batch5_source_refs,WL-TOPIC-Q2-LOVE
P3_GENERAL_REVIEW,近代侠义英雄传.md,WL-WORK-2622,近代侠义英雄传,,平江不肖生,,,,batch6_source_refs,WL-TOPIC-Q15;WL-TOPIC-Q15-WUXIA
P3_GENERAL_REVIEW,远征.md,WL-WORK-1880,远征,,圣-琼·佩斯,Saint-John Perse,,,batch4_source_refs,WL-TOPIC-M3-MODERNISM
P3_GENERAL_REVIEW,迷惘.md,WL-WORK-1882,迷惘,,埃利亚斯·卡内蒂,Elias Canetti,,,batch4_source_refs,WL-TOPIC-M3-MODERNISM
P3_GENERAL_REVIEW,迷迭香与芸香.md,WL-WORK-0849,迷迭香与芸香,,西南·麦圭尔,Seanan McGuire,,,batch1_source_refs,WL-TOPIC-G45-FANTASY
P3_GENERAL_REVIEW,逆流.md,WL-WORK-1883,逆流,,于斯曼,,,,batch4_source_refs,WL-TOPIC-M3-MODERNISM
P3_GENERAL_REVIEW,逝去的武林.md,WL-WORK-2625,逝去的武林,,徐皓峰,,,,batch6_source_refs,WL-TOPIC-Q15;WL-TOPIC-Q15-WUXIA
P3_GENERAL_REVIEW,造船厂.md,WL-WORK-1884,造船厂,,奥内蒂,,,,batch4_source_refs,WL-TOPIC-R6-LATAM
P3_GENERAL_REVIEW,道士下山.md,WL-WORK-2626,道士下山,,徐皓峰,,,,batch6_source_refs,WL-TOPIC-Q15;WL-TOPIC-Q15-WUXIA
P3_GENERAL_REVIEW,遗忘之兽.md,WL-WORK-0853,遗忘之兽,,帕特里夏·A.麦基利普,Patricia A. McKillip,,,batch1_source_refs,WL-TOPIC-G45-FANTASY
P3_GENERAL_REVIEW,都市风景线.md,WL-WORK-1885,都市风景线,,刘呐鸥,,,,batch4_source_refs,WL-TOPIC-M3-MODERNISM
P2_EXTERNAL_MATCH_FRIENDLY,野兽必须死.md,WL-WORK-0066,野兽必须死,The Beast Must Die,尼古拉斯·布莱克,Nicholas Blake,,,,WL-TOPIC-G45-MYSTERY
P3_GENERAL_REVIEW,金卡斯·博尔巴.md,WL-WORK-1891,金卡斯·博尔巴,,马沙多·德·阿西斯,,,,batch4_source_refs,WL-TOPIC-R6-LATAM
P3_GENERAL_REVIEW,金色名望柑橘.md,WL-WORK-1308,金色名望柑橘,,克莱尔·维伊·沃特金斯,Claire Vaye Watkins,,,batch2_source_refs,WL-TOPIC-G46-DYSTOPIA
P3_GENERAL_REVIEW,钢铁风暴.md,WL-WORK-2142,钢铁风暴,,恩斯特·荣格尔,Jünger,,,batch5_source_refs,WL-TOPIC-Q6-WAR
P3_GENERAL_REVIEW,钱多斯勋爵的信.md,WL-WORK-1895,钱多斯勋爵的信,,霍夫曼斯塔尔,,,,batch4_source_refs,WL-TOPIC-M3-MODERNISM
P3_GENERAL_REVIEW,铁道游击队.md,WL-WORK-2144,铁道游击队,,刘知侠,,,,batch5_source_refs,WL-TOPIC-Q6-WAR
P3_GENERAL_REVIEW,阅微草堂笔记.md,WL-WORK-0860,阅微草堂笔记,,纪昀,,,,batch1_source_refs,WL-TOPIC-G45-HORROR
P2_EXTERNAL_MATCH_FRIENDLY,队列.md,WL-WORK-0478,队列,The Queue,巴斯玛·阿卜杜勒·阿齐兹,Basma Abdel Aziz,,,batch2_source_refs,WL-TOPIC-G45-SF;WL-TOPIC-G46-DYSTOPIA
P3_GENERAL_REVIEW,阿伽通.md,WL-WORK-1316,阿伽通,,德国起点,,,,batch2_source_refs,WL-TOPIC-G43-BILDUNGSROMAN
P3_GENERAL_REVIEW,阿伽通的故事.md,WL-WORK-1317,阿伽通的故事,,维兰德,Wieland,,,batch2_source_refs,WL-TOPIC-G43-BILDUNGSROMAN
P3_GENERAL_REVIEW,阿加莎·莱辛和乳蛋饼命案.md,WL-WORK-0140,阿加莎·莱辛和乳蛋饼命案,,M.C.比顿,M.C. Beaton,,,,WL-TOPIC-G45-MYSTERY
P3_GENERAL_REVIEW,阿努比斯之门.md,WL-WORK-0861,阿努比斯之门,,蒂姆·鲍尔斯,Tim Powers,,,batch1_source_refs,WL-TOPIC-G45-FANTASY
P3_GENERAL_REVIEW,阿劳卡纳.md,WL-WORK-1899,阿劳卡纳,,阿隆索·德·埃尔西利亚,,,,batch4_source_refs,WL-TOPIC-R6-LATAM
P3_GENERAL_REVIEW,阿卡塔女巫.md,WL-WORK-0862,阿卡塔女巫,,恩涅蒂·奥科拉弗,Nnedi Okorafor,,,batch1_source_refs,WL-TOPIC-G45-FANTASY
P3_GENERAL_REVIEW,阿尔塔索尔.md,WL-WORK-1900,阿尔塔索尔,,比森特·维多夫罗,,,,batch4_source_refs,WL-TOPIC-R6-LATAM;WL-TOPIC-M3-MODERNISM
P3_GENERAL_REVIEW,阿尔戈船英雄纪.md,WL-WORK-0865,阿尔戈船英雄纪,Argonautica,阿波罗尼奥斯,,,,batch1_source_refs;batch3_source_refs,WL-TOPIC-G45-ADVENTURE;WL-TOPIC-G1-MYTH
P3_GENERAL_REVIEW,阿玛利亚.md,WL-WORK-1901,阿玛利亚,,何塞·马莫尔,,,,batch4_source_refs,WL-TOPIC-R6-LATAM
P3_GENERAL_REVIEW,阿瓦隆迷雾.md,WL-WORK-0866,阿瓦隆迷雾,,玛丽恩·齐默·布拉德利,Marion Zimmer Bradley,,,batch1_source_refs;batch6_source_refs,WL-TOPIC-G45-FANTASY;WL-TOPIC-Q15;WL-TOPIC-Q15-KNIGHT
P3_GENERAL_REVIEW,阿里埃尔.md,WL-WORK-1903,阿里埃尔,,何塞·恩里克·罗多,Rodó,,,batch4_source_refs,WL-TOPIC-R6-LATAM
P3_GENERAL_REVIEW,隋唐演义.md,WL-WORK-1319,隋唐演义,,褚人获,,,,batch2_source_refs,WL-TOPIC-G44-HISTORICAL
P3_GENERAL_REVIEW,雅各布·冯·贡腾.md,WL-WORK-1905,雅各布·冯·贡腾,,罗伯特·瓦尔泽,Robert Walser,,,batch4_source_refs,WL-TOPIC-M3-MODERNISM
P3_GENERAL_REVIEW,雅歌.md,WL-WORK-2148,雅歌,,肉体之爱,,,,batch5_source_refs,WL-TOPIC-Q2-LOVE
P2_EXTERNAL_MATCH_FRIENDLY,雇员们.md,WL-WORK-0482,雇员们,The Employees,奥尔加·拉夫恩,Olga Ravn,,,,WL-TOPIC-G45-SF
P3_GENERAL_REVIEW,雪之丞变化.md,WL-WORK-2637,雪之丞变化,Yukinojō Henge,三上於菟吉,,,,batch6_source_refs,WL-TOPIC-Q15;WL-TOPIC-Q15-SAMURAI
P3_GENERAL_REVIEW,雪人.md,WL-WORK-0222,雪人,,乔·奈斯博,Jo Nesbø,,,,WL-TOPIC-G45-MYSTERY
P3_GENERAL_REVIEW,雾.md,WL-WORK-1907,雾,,乌纳穆诺,Miguel de Unamuno,,,batch4_source_refs,WL-TOPIC-M3-MODERNISM
P3_GENERAL_REVIEW,雾中鲁德.md,WL-WORK-0870,雾中鲁德,,霍普·米尔利斯,Hope Mirrlees,,,batch1_source_refs,WL-TOPIC-G45-FANTASY
P3_GENERAL_REVIEW,霍桑探案集.md,WL-WORK-0241,霍桑探案集,,程小青,,,,,WL-TOPIC-G45-MYSTERY
P3_GENERAL_REVIEW,青春万岁.md,WL-WORK-1323,青春万岁,,王蒙,,,,batch2_source_refs,WL-TOPIC-G43-BILDUNGSROMAN
P3_GENERAL_REVIEW,青木川.md,WL-WORK-1325,青木川,,叶广芩,,,,batch2_source_refs,WL-TOPIC-G44-HISTORICAL
P2_EXTERNAL_MATCH_FRIENDLY,青砥稿花红彩画.md,WL-WORK-2639,青砥稿花红彩画,Aoto Zōshi Hana no Nishiki-e,河竹默阿弥,日本,,,batch6_source_refs,WL-TOPIC-Q15;WL-TOPIC-Q15-OUTLAW
P3_GENERAL_REVIEW,静静的顿河.md,WL-WORK-1326,静静的顿河,,肖洛霍夫,Mikhail Sholokhov,,,batch2_source_refs,WL-TOPIC-G43-FAMILY
P3_GENERAL_REVIEW,非常秘密的女巫协会.md,WL-WORK-0872,非常秘密的女巫协会,,桑古·曼丹纳,Sangu Mandanna,,,batch1_source_refs,WL-TOPIC-G45-FANTASY
P3_GENERAL_REVIEW,非洲农庄的故事.md,WL-WORK-0873,非洲农庄的故事,,奥利芙·施赖纳,Olive Schreiner,,,batch1_source_refs,WL-TOPIC-G45-ADVENTURE
P3_GENERAL_REVIEW,非洲孩子.md,WL-WORK-1327,非洲孩子,,卡马拉·莱伊,Camara Laye,,,batch2_source_refs,WL-TOPIC-G43-BILDUNGSROMAN
P3_GENERAL_REVIEW,颂歌.md,WL-WORK-1328,颂歌,,安·兰德,Ayn Rand,,,batch2_source_refs,WL-TOPIC-G46-DYSTOPIA
P3_GENERAL_REVIEW,飓风季节.md,WL-WORK-1910,飓风季节,,墨西哥当代暴力,,,,batch4_source_refs,WL-TOPIC-R6-LATAM
P1_CANON_AWARD,飘.md,WL-WORK-1330,飘,,玛格丽特·米切尔,Margaret Mitchell,,WL-AWARD-PULITZER-FICTION,batch2_source_refs,WL-TOPIC-G43-FAMILY
P3_GENERAL_REVIEW,飞向人马座.md,WL-WORK-0454,飞向人马座,,郑文光,,,,,WL-TOPIC-G45-SF
P3_GENERAL_REVIEW,食人宣言.md,WL-WORK-1911,食人宣言,,奥斯瓦尔德·德·安德拉德,Oswald de Andrade,,,batch4_source_refs,WL-TOPIC-R6-LATAM;WL-TOPIC-M3-MODERNISM
P3_GENERAL_REVIEW,餐后.md,WL-WORK-1912,餐后,,何塞·亚松森·西尔瓦,,,,batch4_source_refs,WL-TOPIC-R6-LATAM
P3_GENERAL_REVIEW,饥饿牧师.md,WL-WORK-1331,饥饿牧师,,威廉·拉贝,Wilhelm Raabe,,,batch2_source_refs,WL-TOPIC-G43-BILDUNGSROMAN
P3_GENERAL_REVIEW,马丁·里瓦斯.md,WL-WORK-1916,马丁·里瓦斯,,阿尔贝托·布莱斯特·加纳,,,,batch4_source_refs,WL-TOPIC-R6-LATAM
P3_GENERAL_REVIEW,马可·波罗游记.md,WL-WORK-0875,马可·波罗游记,,马可·波罗,Marco Polo,,,batch1_source_refs;batch3_source_refs,WL-TOPIC-G45-ADVENTURE;WL-TOPIC-G7-TRAVEL
P3_GENERAL_REVIEW,马库纳伊玛.md,WL-WORK-1919,马库纳伊玛,,马里奥·德·安德拉德,Mário de Andrade,,,batch4_source_refs,WL-TOPIC-R6-LATAM;WL-TOPIC-M3-MODERNISM
P3_GENERAL_REVIEW,马比诺吉昂.md,WL-WORK-0876,马比诺吉昂,,凯尔特神话,,,,batch1_source_refs;batch3_source_refs,WL-TOPIC-G45-FANTASY;WL-TOPIC-G1-MYTH
P2_EXTERNAL_MATCH_FRIENDLY,驼背人.md,WL-WORK-2645,驼背人,Le Bossu,保罗·费瓦尔,复仇,,,batch6_source_refs,WL-TOPIC-Q15;WL-TOPIC-Q15-SWASHBUCKLER
S_SPECIAL_TEXT,骑士西法尔.md,WL-WORK-2647,骑士西法尔,,佚名,,,,batch6_source_refs,WL-TOPIC-Q15;WL-TOPIC-Q15-KNIGHT
P3_GENERAL_REVIEW,骗子.md,WL-WORK-1920,骗子,,鲁道夫·乌西格利,,,,batch4_source_refs,WL-TOPIC-R6-LATAM
P3_GENERAL_REVIEW,骰子一掷永远取消不了偶然.md,WL-WORK-1921,骰子一掷永远取消不了偶然,,马拉美,,,,batch4_source_refs,WL-TOPIC-M3-MODERNISM
P2_EXTERNAL_MATCH_FRIENDLY,高卢的阿玛迪斯.md,WL-WORK-2648,高卢的阿玛迪斯,Amadís,加尔西·罗德里格斯·德·蒙塔尔沃,Garci Rodríguez de Montalvo,,,batch6_source_refs,WL-TOPIC-Q15;WL-TOPIC-Q15-KNIGHT
P3_GENERAL_REVIEW,魔法学徒.md,WL-WORK-0885,魔法学徒,,雷蒙德·E.菲斯特,Raymond E. Feist,,,batch1_source_refs,WL-TOPIC-G45-FANTASY
P3_GENERAL_REVIEW,鱼目集.md,WL-WORK-1922,鱼目集,,卞之琳,,,,batch4_source_refs,WL-TOPIC-M3-MODERNISM
P3_GENERAL_REVIEW,鲁平奇案.md,WL-WORK-0242,鲁平奇案,,孙了红,,,,,WL-TOPIC-G45-MYSTERY
P2_EXTERNAL_MATCH_FRIENDLY,鲁珀特·亨曹.md,WL-WORK-2651,鲁珀特·亨曹,Rupert of Hentzau,安东尼·霍普,Anthony Hope,,,batch6_source_refs,WL-TOPIC-Q15;WL-TOPIC-Q15-SWASHBUCKLER
P3_GENERAL_REVIEW,鲜肉.md,WL-WORK-0890,鲜肉,,阿古斯蒂娜·巴斯泰里卡,Agustina Bazterrica,,,batch1_source_refs;batch2_source_refs,WL-TOPIC-G45-HORROR;WL-TOPIC-G46-DYSTOPIA
P3_GENERAL_REVIEW,鳄鱼街.md,WL-WORK-1924,鳄鱼街,,布鲁诺·舒尔茨,Bruno Schulz,,,batch4_source_refs,WL-TOPIC-M3-MODERNISM
P3_GENERAL_REVIEW,鸟嘴.md,WL-WORK-1925,鸟嘴,,待考,阿根廷当代怪奇,,,batch4_source_refs,WL-TOPIC-R6-LATAM
P3_GENERAL_REVIEW,鸟鸣.md,WL-WORK-1336,鸟鸣,,塞巴斯蒂安·福克斯,Sebastian Faulks,,,batch2_source_refs;batch5_source_refs,WL-TOPIC-G44-HISTORICAL;WL-TOPIC-Q2-LOVE
P3_GENERAL_REVIEW,鹅妈妈的故事.md,WL-WORK-0892,鹅妈妈的故事,,夏尔·佩罗,Charles Perrault,,,batch1_source_refs,WL-TOPIC-G45-FANTASY
P3_GENERAL_REVIEW,鹰爪王.md,WL-WORK-2654,鹰爪王,,郑证因,,,,batch6_source_refs,WL-TOPIC-Q15;WL-TOPIC-Q15-WUXIA
P2_EXTERNAL_MATCH_FRIENDLY,麦地那与麦加朝圣记.md,WL-WORK-1521,麦地那与麦加朝圣记,Personal Narrative of a Pilgrimage to Al-Madinah and Meccah,理查德·伯顿,Burton,,,batch3_source_refs,WL-TOPIC-G7-TRAVEL
P3_GENERAL_REVIEW,黄色房间的秘密.md,WL-WORK-0015,黄色房间的秘密,,加斯东·勒鲁,,,,,WL-TOPIC-G45-MYSTERY
P3_GENERAL_REVIEW,黄衣之王.md,WL-WORK-0895,黄衣之王,,罗伯特·W.钱伯斯,Robert W. Chambers,,,batch1_source_refs,WL-TOPIC-G45-HORROR
P3_GENERAL_REVIEW,黄铜之城.md,WL-WORK-0897,黄铜之城,,S.A.查克拉博蒂,S.A. Chakraborty,,,batch1_source_refs,WL-TOPIC-G45-FANTASY
P3_GENERAL_REVIEW,黑太阳.md,WL-WORK-0898,黑太阳,,丽贝卡·罗恩霍斯,Rebecca Roanhorse,,,batch1_source_refs,WL-TOPIC-G45-FANTASY
P3_GENERAL_REVIEW,黑屋.md,WL-WORK-0899,黑屋,,贵志祐介,,,,batch1_source_refs,WL-TOPIC-G45-HORROR
P3_GENERAL_REVIEW,黑暗之前.md,WL-WORK-0900,黑暗之前,,R.斯科特·巴克,R. Scott Bakker,,,batch1_source_refs,WL-TOPIC-G45-FANTASY
P3_GENERAL_REVIEW,黑暗崛起.md,WL-WORK-0902,黑暗崛起,,苏珊·库珀,Susan Cooper,,,batch1_source_refs,WL-TOPIC-G45-FANTASY
P3_GENERAL_REVIEW,黑色佣兵团.md,WL-WORK-0907,黑色佣兵团,,格伦·库克,Glen Cook,,,batch1_source_refs,WL-TOPIC-G45-FANTASY
P3_GENERAL_REVIEW,黑色的使者.md,WL-WORK-1928,黑色的使者,,塞萨尔·巴列霍,,,,batch4_source_refs,WL-TOPIC-R6-LATAM
P3_GENERAL_REVIEW,黑衣女人.md,WL-WORK-0908,黑衣女人,,现在正式建立横轴,,,,batch1_source_refs,WL-TOPIC-G45-HORROR
P3_GENERAL_REVIEW,鼠族.md,WL-WORK-1340,鼠族,,阿特·斯皮格曼,Art Spiegelman,,,batch2_source_refs;batch5_source_refs,WL-TOPIC-G44-HISTORICAL;WL-TOPIC-Q6-WAR;WL-TOPIC-Q10-MEMORY
P3_GENERAL_REVIEW,鼠群.md,WL-WORK-0910,鼠群,,詹姆斯·赫伯特,James Herbert,,,batch1_source_refs,WL-TOPIC-G45-HORROR
P3_GENERAL_REVIEW,龙枪编年史：秋暮之巨龙.md,WL-WORK-0911,龙枪编年史：秋暮之巨龙,,玛格丽特·韦斯 / 特雷西·希克曼,Margaret Weis / Tracy Hickman,,,batch1_source_refs,WL-TOPIC-G45-FANTASY
P3_GENERAL_REVIEW,龙纹身的女孩.md,WL-WORK-0217,龙纹身的女孩,,斯蒂格·拉森,北欧推理不能只放,,,,WL-TOPIC-G45-MYSTERY
P3_GENERAL_REVIEW,龙骨椅.md,WL-WORK-0912,龙骨椅,,塔德·威廉斯,Tad Williams,,,batch1_source_refs,WL-TOPIC-G45-FANTASY
