file,id,title,title_original,author,author_original,year,axis_t_raw,valid_t,invalid_t,status,suggested_t,special_hint,reason,verification_status,bibliography_status,canon_id
A Bollywood Affair.md,WL-WORK-1932,A Bollywood Affair,,索纳利·德夫,Sonali Dev,,,,,MISSING_T_REVIEW_NO_YEAR,,,缺 T 且缺少可机器读取 year，需要书目/成书史核验,自动通过,metadata_pending,
A Chegada de Lampião no Inferno.md,WL-WORK-2151,A Chegada de Lampião no Inferno,,何塞·帕切科,José Pacheco,,,,,MISSING_T_REVIEW_NO_YEAR,,,缺 T 且缺少可机器读取 year，需要书目/成书史核验,自动通过,metadata_pending,
A Gentleman of France.md,WL-WORK-2153,A Gentleman of France,,斯坦利·韦曼,Stanley Weyman,,,,,MISSING_T_REVIEW_NO_YEAR,,,缺 T 且缺少可机器读取 year，需要书目/成书史核验,自动通过,metadata_pending,
A Gest of Robyn Hode.md,WL-WORK-2154,A Gest of Robyn Hode,,佚名,,,,,,MISSING_T_REVIEW_NO_YEAR,,anonymous_or_oral,缺 T 且缺少可机器读取 year，需要书目/成书史核验,自动通过,metadata_pending,
A Head Full of Ghosts.md,WL-WORK-0489,A Head Full of Ghosts,,保罗·特朗布莱,Paul Tremblay,,,,,MISSING_T_REVIEW_NO_YEAR,,,缺 T 且缺少可机器读取 year，需要书目/成书史核验,自动通过,metadata_pending,
A Hunger Like No Other.md,WL-WORK-1934,A Hunger Like No Other,,克雷斯莉·科尔,Kresley Cole,,,,,MISSING_T_REVIEW_NO_YEAR,,,缺 T 且缺少可机器读取 year，需要书目/成书史核验,自动通过,metadata_pending,
A Knight's Own Book of Chivalry.md,WL-WORK-2155,A Knight's Own Book of Chivalry,,若弗鲁瓦·德·沙尔尼,Geoffroi de Charny,,,,,MISSING_T_REVIEW_NO_YEAR,,,缺 T 且缺少可机器读取 year，需要书目/成书史核验,自动通过,metadata_pending,
A Lady's Life in the Rocky Mountains.md,WL-WORK-1342,A Lady's Life in the Rocky Mountains,,伊莎贝拉·伯德,Isabella Bird,,,,,MISSING_T_REVIEW_NO_YEAR,,,缺 T 且缺少可机器读取 year，需要书目/成书史核验,自动通过,metadata_pending,
A Man Called Horse.md,WL-WORK-2156,A Man Called Horse,,多萝西·M.约翰逊,Dorothy M. Johnson,,,,,MISSING_T_REVIEW_NO_YEAR,,,缺 T 且缺少可机器读取 year，需要书目/成书史核验,自动通过,metadata_pending,
A Princess in Theory.md,WL-WORK-1936,A Princess in Theory,,艾莉莎·科尔,Alyssa Cole,,,,,MISSING_T_REVIEW_NO_YEAR,,,缺 T 且缺少可机器读取 year，需要书目/成书史核验,自动通过,metadata_pending,
A Rumor of War.md,WL-WORK-1937,A Rumor of War,,菲利普·卡普托,Philip Caputo,,,,,MISSING_T_REVIEW_NO_YEAR,,,缺 T 且缺少可机器读取 year，需要书目/成书史核验,自动通过,metadata_pending,
A Small Place.md,WL-WORK-1343,A Small Place,,牙买加·金凯德,Jamaica Kincaid,,,,,MISSING_T_REVIEW_NO_YEAR,,,缺 T 且缺少可机器读取 year，需要书目/成书史核验,自动通过,metadata_pending,
"Adam Bell, Clim of the Clough and William of Cloudesley.md",WL-WORK-2158,"Adam Bell, Clim of the Clough and William of Cloudesley",,佚名,,,,,,MISSING_T_REVIEW_NO_YEAR,,anonymous_or_oral,缺 T 且缺少可机器读取 year，需要书目/成书史核验,自动通过,metadata_pending,
Afsaneh ／ 传说.md,WL-WORK-1523,Afsaneh / 传说,,尼玛·尤什吉,Nima Yushij,,,,,MISSING_T_REVIEW_NO_YEAR,,title_aggregate_or_tradition,缺 T 且缺少可机器读取 year，需要书目/成书史核验,自动通过,metadata_pending,
Agents of Dreamland.md,WL-WORK-0491,Agents of Dreamland,,凯特琳·R.基尔南,Kiernan,,,,,MISSING_T_REVIEW_NO_YEAR,,,缺 T 且缺少可机器读取 year，需要书目/成书史核验,自动通过,metadata_pending,
Always Only You.md,WL-WORK-1939,Always Only You,,克洛伊·利泽,Chloe Liese,,,,,MISSING_T_REVIEW_NO_YEAR,,,缺 T 且缺少可机器读取 year，需要书目/成书史核验,自动通过,metadata_pending,
Ambiguity Machines and Other Stories.md,WL-WORK-0477,Ambiguity Machines and Other Stories,,万达娜·辛格,Vandana Singh,,,,,MISSING_T_REVIEW_NO_YEAR,,,缺 T 且缺少可机器读取 year，需要书目/成书史核验,自动通过,,
American Indian Myths and Legends.md,WL-WORK-1346,American Indian Myths and Legends,,理查德·厄尔多斯 / 阿方索·奥尔蒂斯,Richard Erdoes / Alfonso Ortiz,,,,,MISSING_T_REVIEW_NO_YEAR,,,缺 T 且缺少可机器读取 year，需要书目/成书史核验,自动通过,metadata_pending,
An African in Greenland.md,WL-WORK-1347,An African in Greenland,,托戈·科波马西,Kpomassie,,,,,MISSING_T_REVIEW_NO_YEAR,,,缺 T 且缺少可机器读取 year，需要书目/成书史核验,自动通过,metadata_pending,
Arabian Sands.md,WL-WORK-1349,Arabian Sands,,威尔弗雷德·塞西格,Wilfred Thesiger,,,,,MISSING_T_REVIEW_NO_YEAR,,,缺 T 且缺少可机器读取 year，需要书目/成书史核验,自动通过,metadata_pending,
Aspremont.md,WL-WORK-2162,Aspremont,,佚名,,,,,,MISSING_T_REVIEW_NO_YEAR,,anonymous_or_oral,缺 T 且缺少可机器读取 year，需要书目/成书史核验,自动通过,metadata_pending,
Auschwitz and After.md,WL-WORK-1941,Auschwitz and After,,夏洛特·德尔博,Charlotte Delbo,,,,,MISSING_T_REVIEW_NO_YEAR,,,缺 T 且缺少可机器读取 year，需要书目/成书史核验,自动通过,metadata_pending,
Ayesha at Last.md,WL-WORK-1942,Ayesha at Last,,乌兹玛·贾拉勒丁,Uzma Jalaluddin,,,,,MISSING_T_REVIEW_NO_YEAR,,,缺 T 且缺少可机器读取 year，需要书目/成书史核验,自动通过,metadata_pending,
A代表不在场证明.md,WL-WORK-0095,A代表不在场证明,A Is for Alibi,苏·格拉夫顿,Sue Grafton,,,,,MISSING_T_REVIEW_NO_YEAR,,,缺 T 且缺少可机器读取 year，需要书目/成书史核验,自动通过,,
Banalata Sen.md,WL-WORK-1524,Banalata Sen,,吉巴纳南达·达斯,Jibanananda Das,,,,,MISSING_T_REVIEW_NO_YEAR,,,缺 T 且缺少可机器读取 year，需要书目/成书史核验,自动通过,metadata_pending,
Bar-20.md,WL-WORK-2166,Bar-20,,克拉伦斯·E.马尔福德,Clarence E. Mulford,,,,,MISSING_T_REVIEW_NO_YEAR,,,缺 T 且缺少可机器读取 year，需要书目/成书史核验,自动通过,metadata_pending,
Before I Let Go.md,WL-WORK-1945,Before I Let Go,,肯尼迪·瑞安,Kennedy Ryan,,,,,MISSING_T_REVIEW_NO_YEAR,,,缺 T 且缺少可机器读取 year，需要书目/成书史核验,自动通过,metadata_pending,
Before She Sleeps.md,WL-WORK-0916,Before She Sleeps,,比娜·沙阿,Bina Shah,,,,,MISSING_T_REVIEW_NO_YEAR,,,缺 T 且缺少可机器读取 year，需要书目/成书史核验,自动通过,metadata_pending,
Beirut Blues.md,WL-WORK-1946,Beirut Blues,,哈南·谢赫,Hanan al-Shaykh,,,,,MISSING_T_REVIEW_NO_YEAR,,,缺 T 且缺少可机器读取 year，需要书目/成书史核验,自动通过,metadata_pending,
Bet Me.md,WL-WORK-1947,Bet Me,,珍妮弗·克鲁西,Jennifer Crusie,,,,,MISSING_T_REVIEW_NO_YEAR,,,缺 T 且缺少可机器读取 year，需要书目/成书史核验,自动通过,metadata_pending,
Between the Woods and the Water.md,WL-WORK-1350,Between the Woods and the Water,,帕特里克·利·弗莫尔,Patrick Leigh Fermor,,,,,MISSING_T_REVIEW_NO_YEAR,,,缺 T 且缺少可机器读取 year，需要书目/成书史核验,自动通过,metadata_pending,
Bevis of Hampton.md,WL-WORK-2170,Bevis of Hampton,,佚名,,,,,,MISSING_T_REVIEW_NO_YEAR,,anonymous_or_oral,缺 T 且缺少可机器读取 year，需要书目/成书史核验,自动通过,metadata_pending,
Big Rock Candy Mountain.md,WL-WORK-2171,Big Rock Candy Mountain,,华莱士·斯特格纳,Wallace Stegner,,,,,MISSING_T_REVIEW_NO_YEAR,,,缺 T 且缺少可机器读取 year，需要书目/成书史核验,自动通过,metadata_pending,
BJ单身日记.md,WL-WORK-1948,BJ单身日记,,海伦·菲尔丁,Helen Fielding,,,,,MISSING_T_REVIEW_NO_YEAR,,,缺 T 且缺少可机器读取 year，需要书目/成书史核验,自动通过,metadata_pending,
"Bless Me, Ultima.md",WL-WORK-2174,"Bless Me, Ultima",,鲁道夫·阿纳亚,Rudolfo Anaya,,,,,MISSING_T_REVIEW_NO_YEAR,,,缺 T 且缺少可机器读取 year，需要书目/成书史核验,自动通过,metadata_pending,
Borderlands ／ La Frontera.md,WL-WORK-2175,Borderlands / La Frontera,,格洛丽亚·安扎尔杜亚,Gloria Anzaldúa,,,,,MISSING_T_REVIEW_NO_YEAR,,,缺 T 且缺少可机器读取 year，需要书目/成书史核验,自动通过,metadata_pending,
Bread Givers.md,WL-WORK-0917,Bread Givers,,安齐娅·叶济尔斯卡,Anzia Yezierska,,,,,MISSING_T_REVIEW_NO_YEAR,,,缺 T 且缺少可机器读取 year，需要书目/成书史核验,自动通过,metadata_pending,
Brut.md,WL-WORK-2176,Brut,,亚瑟王出现,,,,,,MISSING_T_REVIEW_NO_YEAR,,,缺 T 且缺少可机器读取 year，需要书目/成书史核验,自动通过,metadata_pending,
Buffalo Wagons.md,WL-WORK-2177,Buffalo Wagons,,埃尔默·凯尔顿,Elmer Kelton,,,,,MISSING_T_REVIEW_NO_YEAR,,,缺 T 且缺少可机器读取 year，需要书目/成书史核验,自动通过,metadata_pending,
Bugles in the Afternoon.md,WL-WORK-2178,Bugles in the Afternoon,,欧内斯特·海科克斯,Ernest Haycox,,,,,MISSING_T_REVIEW_NO_YEAR,,,缺 T 且缺少可机器读取 year，需要书目/成书史核验,自动通过,metadata_pending,
Burnt Offerings.md,WL-WORK-0494,Burnt Offerings,,罗伯特·马拉斯科,Robert Marasco,,,,,MISSING_T_REVIEW_NO_YEAR,,,缺 T 且缺少可机器读取 year，需要书目/成书史核验,自动通过,metadata_pending,
Butcher's Crossing.md,WL-WORK-2179,Butcher's Crossing,,约翰·威廉斯,John Williams,,,,,MISSING_T_REVIEW_NO_YEAR,,,缺 T 且缺少可机器读取 year，需要书目/成书史核验,自动通过,metadata_pending,
Cancioneiro Guasca.md,WL-WORK-2180,Cancioneiro Guasca,,西蒙斯·洛佩斯·内托,Simões Lopes Neto,,,,,MISSING_T_REVIEW_NO_YEAR,,,缺 T 且缺少可机器读取 year，需要书目/成书史核验,自动通过,metadata_pending,
Cangaceiros.md,WL-WORK-2181,Cangaceiros,,若泽·林斯·多雷戈,巴西,,,,,MISSING_T_REVIEW_NO_YEAR,,,缺 T 且缺少可机器读取 year，需要书目/成书史核验,自动通过,metadata_pending,
Casos do Romualdo.md,WL-WORK-2183,Casos do Romualdo,,西蒙斯·洛佩斯·内托,Simões Lopes Neto,,,,,MISSING_T_REVIEW_NO_YEAR,,,缺 T 且缺少可机器读取 year，需要书目/成书史核验,自动通过,metadata_pending,
Ceremony.md,WL-WORK-0918,Ceremony,,莱斯利·马蒙·西尔科,Leslie Marmon Silko,,,,,MISSING_T_REVIEW_NO_YEAR,,,缺 T 且缺少可机器读取 year，需要书目/成书史核验,自动通过,metadata_pending,
"Changó, el gran putas.md",WL-WORK-1525,"Changó, el gran putas",,曼努埃尔·萨帕塔·奥利韦利亚,Afro-Latin史诗性书写,,,,,MISSING_T_REVIEW_NO_YEAR,,,缺 T 且缺少可机器读取 year，需要书目/成书史核验,自动通过,metadata_pending,
China Iron历险记.md,WL-WORK-1526,China Iron历险记,,加夫列拉·卡贝松·卡马拉,,,,,,MISSING_T_REVIEW_NO_YEAR,,,缺 T 且缺少可机器读取 year，需要书目/成书史核验,自动通过,metadata_pending,
Cielitos.md,WL-WORK-2184,Cielitos,,巴托洛梅·伊达尔戈,Hidalgo,,,,,MISSING_T_REVIEW_NO_YEAR,,,缺 T 且缺少可机器读取 year，需要书目/成书史核验,自动通过,metadata_pending,
Color.md,WL-WORK-1527,Color,,康蒂·卡伦,Countee Cullen,,,,,MISSING_T_REVIEW_NO_YEAR,,,缺 T 且缺少可机器读取 year，需要书目/成书史核验,自动通过,metadata_pending,
Contos Gauchescos.md,WL-WORK-2190,Contos Gauchescos,,西蒙斯·洛佩斯·内托,Simões Lopes Neto,,,,,MISSING_T_REVIEW_NO_YEAR,,,缺 T 且缺少可机器读取 year，需要书目/成书史核验,自动通过,metadata_pending,
Corrido de Gregorio Cortez.md,WL-WORK-2191,Corrido de Gregorio Cortez,,佚名,Gregorio Cortez,,,,,MISSING_T_REVIEW_NO_YEAR,,anonymous_or_oral,缺 T 且缺少可机器读取 year，需要书目/成书史核验,自动通过,metadata_pending,
Count Hannibal.md,WL-WORK-2192,Count Hannibal,,斯坦利·韦曼,Stanley Weyman,,,,,MISSING_T_REVIEW_NO_YEAR,,,缺 T 且缺少可机器读取 year，需要书目/成书史核验,自动通过,metadata_pending,
Cowboy Songs and Other Frontier Ballads.md,WL-WORK-2193,Cowboy Songs and Other Frontier Ballads,,约翰·A.洛马克斯,John A. Lomax,,,,,MISSING_T_REVIEW_NO_YEAR,,,缺 T 且缺少可机器读取 year，需要书目/成书史核验,自动通过,metadata_pending,
Cracking India.md,WL-WORK-0919,Cracking India,,巴普西·西德瓦,Bapsi Sidhwa,,,,,MISSING_T_REVIEW_NO_YEAR,,,缺 T 且缺少可机器读取 year，需要书目/成书史核验,自动通过,metadata_pending,
Curial e Güelfa.md,WL-WORK-2194,Curial e Güelfa,,佚名,,,,,,MISSING_T_REVIEW_NO_YEAR,,anonymous_or_oral,缺 T 且缺少可机器读取 year，需要书目/成书史核验,自动通过,metadata_pending,
"Dark Continent, My Black Arse.md",WL-WORK-1353,"Dark Continent, My Black Arse",,西赫勒·库马洛,Sihle Khumalo,,,,,MISSING_T_REVIEW_NO_YEAR,,,缺 T 且缺少可机器读取 year，需要书目/成书史核验,自动通过,metadata_pending,
Dark Fire.md,WL-WORK-0921,Dark Fire,,C.J.桑瑟姆,C.J. Sansom,,,,,MISSING_T_REVIEW_NO_YEAR,,,缺 T 且缺少可机器读取 year，需要书目/成书史核验,自动通过,metadata_pending,
Dead in the West.md,WL-WORK-2196,Dead in the West,,乔·R.兰斯代尔,Joe R. Lansdale,,,,,MISSING_T_REVIEW_NO_YEAR,,,缺 T 且缺少可机器读取 year，需要书目/成书史核验,自动通过,metadata_pending,
Delilah Green Doesn't Care.md,WL-WORK-1953,Delilah Green Doesn't Care,,阿什莉·赫林·布莱克,Ashley Herring Blake,,,,,MISSING_T_REVIEW_NO_YEAR,,,缺 T 且缺少可机器读取 year，需要书目/成书史核验,自动通过,metadata_pending,
Delirium.md,WL-WORK-0922,Delirium,,劳伦·奥利弗,Lauren Oliver,,,,,MISSING_T_REVIEW_NO_YEAR,,,缺 T 且缺少可机器读取 year，需要书目/成书史核验,自动通过,metadata_pending,
Desert Solitaire.md,WL-WORK-2199,Desert Solitaire,,爱德华·艾比,Edward Abbey,,,,,MISSING_T_REVIEW_NO_YEAR,,,缺 T 且缺少可机器读取 year，需要书目/成书史核验,自动通过,metadata_pending,
Destry Rides Again.md,WL-WORK-2200,Destry Rides Again,,马克斯·布兰德,Max Brand,,,,,MISSING_T_REVIEW_NO_YEAR,,,缺 T 且缺少可机器读取 year，需要书目/成书史核验,自动通过,metadata_pending,
Devil in Winter.md,WL-WORK-1955,Devil in Winter,,丽莎·克莱帕斯,Lisa Kleypas,,,,,MISSING_T_REVIEW_NO_YEAR,,,缺 T 且缺少可机器读取 year，需要书目/成书史核验,自动通过,metadata_pending,
Dispatches.md,WL-WORK-1956,Dispatches,,迈克尔·赫尔,Michael Herr,,,,,MISSING_T_REVIEW_NO_YEAR,,,缺 T 且缺少可机器读取 year，需要书目/成书史核验,自动通过,metadata_pending,
Diálogos patrióticos.md,WL-WORK-2201,Diálogos patrióticos,,巴托洛梅·伊达尔戈,Hidalgo,,,,,MISSING_T_REVIEW_NO_YEAR,,,缺 T 且缺少可机器读取 year，需要书目/成书史核验,自动通过,metadata_pending,
Don Segundo Sombra.md,WL-WORK-2202,Don Segundo Sombra,,里卡多·吉拉尔德斯,Güiraldes,,,,,MISSING_T_REVIEW_NO_YEAR,,,缺 T 且缺少可机器读取 year，需要书目/成书史核验,自动通过,metadata_pending,
Dreaming in Cuban.md,WL-WORK-0923,Dreaming in Cuban,,克里斯蒂娜·加西亚,Cristina García,,,,,MISSING_T_REVIEW_NO_YEAR,,,缺 T 且缺少可机器读取 year，需要书目/成书史核验,自动通过,metadata_pending,
Dungeon Crawler Carl.md,WL-WORK-0499,Dungeon Crawler Carl,,马特·丁尼曼,Matt Dinniman,,,,,MISSING_T_REVIEW_NO_YEAR,,,缺 T 且缺少可机器读取 year，需要书目/成书史核验,自动通过,metadata_pending,
El guacho Martín Fierro.md,WL-WORK-2206,El guacho Martín Fierro,,法里尼亚,Fariña,,,,,MISSING_T_REVIEW_NO_YEAR,,,缺 T 且缺少可机器读取 year，需要书目/成书史核验,自动通过,metadata_pending,
El inglés de los güesos.md,WL-WORK-2207,El inglés de los güesos,,贝尼托·林奇,Lynch,,,,,MISSING_T_REVIEW_NO_YEAR,,,缺 T 且缺少可机器读取 year，需要书目/成书史核验,自动通过,metadata_pending,
El Martín Fierro.md,WL-WORK-2208,El Martín Fierro,,博尔赫斯 / 玛格丽塔·格雷罗,Borges / Margarita Guerrero,,,,,MISSING_T_REVIEW_NO_YEAR,,,缺 T 且缺少可机器读取 year，需要书目/成书史核验,自动通过,metadata_pending,
El matadero ／ 屠场.md,WL-WORK-2209,El matadero / 屠场,,埃斯特万·埃切维里亚,Esteban Echeverría,,,,,MISSING_T_REVIEW_NO_YEAR,,,缺 T 且缺少可机器读取 year，需要书目/成书史核验,自动通过,metadata_pending,
El payador.md,WL-WORK-2211,El payador,,莱奥波尔多·卢贡内斯,Lugones,,,,,MISSING_T_REVIEW_NO_YEAR,,,缺 T 且缺少可机器读取 year，需要书目/成书史核验,自动通过,metadata_pending,
El romance de un gaucho.md,WL-WORK-2212,El romance de un gaucho,,贝尼托·林奇,Lynch,,,,,MISSING_T_REVIEW_NO_YEAR,,,缺 T 且缺少可机器读取 year，需要书目/成书史核验,自动通过,metadata_pending,
El Zarco.md,WL-WORK-2214,El Zarco,,伊格纳西奥·曼努埃尔·阿尔塔米拉诺,Ignacio Manuel Altamirano,,,,,MISSING_T_REVIEW_NO_YEAR,,,缺 T 且缺少可机器读取 year，需要书目/成书史核验,自动通过,metadata_pending,
Eldorado.md,WL-WORK-2215,Eldorado,,奥希兹男爵夫人,Baroness Orczy,,,,,MISSING_T_REVIEW_NO_YEAR,,,缺 T 且缺少可机器读取 year，需要书目/成书史核验,自动通过,metadata_pending,
Erec.md,WL-WORK-2218,Erec,,哈特曼·冯·奥埃,Hartmann von Aue,,,,,MISSING_T_REVIEW_NO_YEAR,,,缺 T 且缺少可机器读取 year，需要书目/成书史核验,自动通过,metadata_pending,
Estoire del Saint Graal.md,WL-WORK-2220,Estoire del Saint Graal,,佚名,,,,,,MISSING_T_REVIEW_NO_YEAR,,anonymous_or_oral,缺 T 且缺少可机器读取 year，需要书目/成书史核验,自动通过,metadata_pending,
Eustace the Monk.md,WL-WORK-2221,Eustace the Monk,,佚名,,,,,,MISSING_T_REVIEW_NO_YEAR,,anonymous_or_oral,缺 T 且缺少可机器读取 year，需要书目/成书史核验,自动通过,metadata_pending,
Facial Justice.md,WL-WORK-0924,Facial Justice,,L.P.哈特利,L.P. Hartley,,,,,MISSING_T_REVIEW_NO_YEAR,,,缺 T 且缺少可机器读取 year，需要书目/成书史核验,自动通过,metadata_pending,
Fausto.md,WL-WORK-2225,Fausto,,埃斯塔尼斯劳·德尔·坎波,del Campo的,,,,,MISSING_T_REVIEW_NO_YEAR,,,缺 T 且缺少可机器读取 year，需要书目/成书史核验,自动通过,metadata_pending,
Fierabras.md,WL-WORK-2226,Fierabras,,佚名,,,,,,MISSING_T_REVIEW_NO_YEAR,,anonymous_or_oral,缺 T 且缺少可机器读取 year，需要书目/成书史核验,自动通过,metadata_pending,
Flashman.md,WL-WORK-2227,Flashman,,乔治·麦克唐纳·弗雷泽,Flashman系列，从,,,,,MISSING_T_REVIEW_NO_YEAR,,,缺 T 且缺少可机器读取 year，需要书目/成书史核验,自动通过,metadata_pending,
Fools Crow.md,WL-WORK-0926,Fools Crow,,詹姆斯·韦尔奇,James Welch,,,,,MISSING_T_REVIEW_NO_YEAR,,,缺 T 且缺少可机器读取 year，需要书目/成书史核验,自动通过,metadata_pending,
Forbidden.md,WL-WORK-1958,Forbidden,,贝弗利·詹金斯,Beverly Jenkins,,,,,MISSING_T_REVIEW_NO_YEAR,,,缺 T 且缺少可机器读取 year，需要书目/成书史核验,自动通过,metadata_pending,
From a Crooked Rib.md,WL-WORK-0927,From a Crooked Rib,,努鲁丁·法拉赫,Nuruddin Farah,,,,,MISSING_T_REVIEW_NO_YEAR,,,缺 T 且缺少可机器读取 year，需要书目/成书史核验,自动通过,metadata_pending,
Fulk FitzWarin.md,WL-WORK-2231,Fulk FitzWarin,,佚名,,,,,,MISSING_T_REVIEW_NO_YEAR,,anonymous_or_oral,缺 T 且缺少可机器读取 year，需要书目/成书史核验,自动通过,metadata_pending,
Gamelyn.md,WL-WORK-2232,Gamelyn,,佚名,,,,,,MISSING_T_REVIEW_NO_YEAR,,anonymous_or_oral,缺 T 且缺少可机器读取 year，需要书目/成书史核验,自动通过,metadata_pending,
Games of Command.md,WL-WORK-1960,Games of Command,,林妮娅·辛克莱,Linnea Sinclair,,,,,MISSING_T_REVIEW_NO_YEAR,,,缺 T 且缺少可机器读取 year，需要书目/成书史核验,自动通过,metadata_pending,
Gestaltes en diere.md,WL-WORK-1530,Gestaltes en diere,,N.P.范维克·劳,N. P. van Wyk Louw,,,,,MISSING_T_REVIEW_NO_YEAR,,,缺 T 且缺少可机器读取 year，需要书目/成书史核验,自动通过,metadata_pending,
"Get a Life, Chloe Brown.md",WL-WORK-1961,"Get a Life, Chloe Brown",,塔莉娅·希伯特,Talia Hibbert,,,,,MISSING_T_REVIEW_NO_YEAR,,,缺 T 且缺少可机器读取 year，需要书目/成书史核验,自动通过,metadata_pending,
Girart de Roussillon.md,WL-WORK-2233,Girart de Roussillon,,佚名,,,,,,MISSING_T_REVIEW_NO_YEAR,,anonymous_or_oral,缺 T 且缺少可机器读取 year，需要书目/成书史核验,自动通过,metadata_pending,
Gnomon.md,WL-WORK-0928,Gnomon,,尼克·哈卡维,Nick Harkaway,,,,,MISSING_T_REVIEW_NO_YEAR,,,缺 T 且缺少可机器读取 year，需要书目/成书史核验,自动通过,metadata_pending,
Going After Cacciato.md,WL-WORK-1963,Going After Cacciato,,美国一侧,,,,,,MISSING_T_REVIEW_NO_YEAR,,,缺 T 且缺少可机器读取 year，需要书目/成书史核验,自动通过,metadata_pending,
GOTH断掌事件.md,WL-WORK-0501,GOTH断掌事件,,乙一,,,,,,MISSING_T_REVIEW_NO_YEAR,,,缺 T 且缺少可机器读取 year，需要书目/成书史核验,自动通过,metadata_pending,
Greguerías.md,WL-WORK-1531,Greguerías,,拉蒙·戈麦斯·德拉塞尔纳,Ramón Gómez de la Serna,,,,,MISSING_T_REVIEW_NO_YEAR,,,缺 T 且缺少可机器读取 year，需要书目/成书史核验,自动通过,metadata_pending,
Grito de Gloria.md,WL-WORK-2236,Grito de Gloria,,阿塞韦多·迪亚斯,Acevedo Díaz,,,,,MISSING_T_REVIEW_NO_YEAR,,,缺 T 且缺少可机器读取 year，需要书目/成书史核验,自动通过,metadata_pending,
Guy of Warwick.md,WL-WORK-2237,Guy of Warwick,,佚名,,,,,,MISSING_T_REVIEW_NO_YEAR,,anonymous_or_oral,缺 T 且缺少可机器读取 year，需要书目/成书史核验,自动通过,metadata_pending,
Harmonium.md,WL-WORK-1532,Harmonium,,华莱士·史蒂文斯,Wallace Stevens,,,,,MISSING_T_REVIEW_NO_YEAR,,,缺 T 且缺少可机器读取 year，需要书目/成书史核验,自动通过,metadata_pending,
Hood.md,WL-WORK-2240,Hood,,斯蒂芬·R.劳黑德,Stephen R. Lawhead,,,,,MISSING_T_REVIEW_NO_YEAR,,,缺 T 且缺少可机器读取 year，需要书目/成书史核验,自动通过,metadata_pending,
Huon de Bordeaux.md,WL-WORK-2245,Huon de Bordeaux,,佚名,,,,,,MISSING_T_REVIEW_NO_YEAR,,anonymous_or_oral,缺 T 且缺少可机器读取 year，需要书目/成书史核验,自动通过,metadata_pending,
I Will Repay.md,WL-WORK-2246,I Will Repay,,奥希兹男爵夫人,Baroness Orczy,,,,,MISSING_T_REVIEW_NO_YEAR,,,缺 T 且缺少可机器读取 year，需要书目/成书史核验,自动通过,metadata_pending,
I'm Waiting for You and Other Stories.md,WL-WORK-0480,I'm Waiting for You and Other Stories,,金宝英,,,,,,MISSING_T_REVIEW_NO_YEAR,,,缺 T 且缺少可机器读取 year，需要书目/成书史核验,自动通过,,
If I Die in a Combat Zone.md,WL-WORK-1966,If I Die in a Combat Zone,,美国一侧,,,,,,MISSING_T_REVIEW_NO_YEAR,,,缺 T 且缺少可机器读取 year，需要书目/成书史核验,自动通过,metadata_pending,
In Flanders Fields.md,WL-WORK-1967,In Flanders Fields,,约翰·麦克雷,John McCrae,,,,,MISSING_T_REVIEW_NO_YEAR,,,缺 T 且缺少可机器读取 year，需要书目/成书史核验,自动通过,metadata_pending,
In Parenthesis.md,WL-WORK-1968,In Parenthesis,,戴维·琼斯,David Jones,,,,,MISSING_T_REVIEW_NO_YEAR,,,缺 T 且缺少可机器读取 year，需要书目/成书史核验,自动通过,metadata_pending,
Indigo.md,WL-WORK-1969,Indigo,,贝弗利·詹金斯,Beverly Jenkins,,,,,MISSING_T_REVIEW_NO_YEAR,,,缺 T 且缺少可机器读取 year，需要书目/成书史核验,自动通过,metadata_pending,
Inland.md,WL-WORK-2248,Inland,,特娅·奥布雷赫特,Téa Obreht,,,,,MISSING_T_REVIEW_NO_YEAR,,,缺 T 且缺少可机器读取 year，需要书目/成书史核验,自动通过,metadata_pending,
Ismael.md,WL-WORK-2249,Ismael,,阿塞韦多·迪亚斯,Acevedo Díaz,,,,,MISSING_T_REVIEW_NO_YEAR,,,缺 T 且缺少可机器读取 year，需要书目/成书史核验,自动通过,metadata_pending,
Iwein.md,WL-WORK-2250,Iwein,,哈特曼·冯·奥埃,Hartmann,,,,,MISSING_T_REVIEW_NO_YEAR,,,缺 T 且缺少可机器读取 year，需要书目/成书史核验,自动通过,metadata_pending,
Jerilderie Letter.md,WL-WORK-2251,Jerilderie Letter,,内德·凯利,Ned Kelly,,,,,MISSING_T_REVIEW_NO_YEAR,,,缺 T 且缺少可机器读取 year，需要书目/成书史核验,自动通过,metadata_pending,
Joseph d'Arimathie.md,WL-WORK-2253,Joseph d'Arimathie,,罗贝尔·德·博龙,Robert de Boron,,,,,MISSING_T_REVIEW_NO_YEAR,,,缺 T 且缺少可机器读取 year，需要书目/成书史核验,自动通过,metadata_pending,
Juan Moreira.md,WL-WORK-2255,Juan Moreira,,爱德华多·古铁雷斯,Gutiérrez,,,,,MISSING_T_REVIEW_NO_YEAR,,,缺 T 且缺少可机器读取 year，需要书目/成书史核验,自动通过,metadata_pending,
Kalpa Imperial.md,WL-WORK-0472,Kalpa Imperial,,安赫利卡·戈罗迪舍尔,Angélica Gorodischer,,,,,MISSING_T_REVIEW_NO_YEAR,,,缺 T 且缺少可机器读取 year，需要书目/成书史核验,自动通过,,
Kaputt.md,WL-WORK-1971,Kaputt,,库尔齐奥·马拉帕尔特,Curzio Malaparte,,,,,MISSING_T_REVIEW_NO_YEAR,,,缺 T 且缺少可机器读取 year，需要书目/成书史核验,自动通过,metadata_pending,
Kernok the Pirate.md,WL-WORK-2256,Kernok the Pirate,,欧仁·苏,Eugène Sue,,,,,MISSING_T_REVIEW_NO_YEAR,,,缺 T 且缺少可机器读取 year，需要书目/成书史核验,自动通过,metadata_pending,
Kintu.md,WL-WORK-0932,Kintu,,珍妮弗·南布西·马昆比,与Makumbi,,,,,MISSING_T_REVIEW_NO_YEAR,,,缺 T 且缺少可机器读取 year，需要书目/成书史核验,自动通过,metadata_pending,
Kushiel's Dart.md,WL-WORK-1972,Kushiel's Dart,,杰奎琳·凯里,Jacqueline Carey,,,,,MISSING_T_REVIEW_NO_YEAR,,,缺 T 且缺少可机器读取 year，需要书目/成书史核验,自动通过,metadata_pending,
L'Allegria.md,WL-WORK-1534,L'Allegria,,朱塞佩·翁加雷蒂,Giuseppe Ungaretti,,,,,MISSING_T_REVIEW_NO_YEAR,,,缺 T 且缺少可机器读取 year，需要书目/成书史核验,自动通过,metadata_pending,
La cautiva.md,WL-WORK-2258,La cautiva,,埃斯特万·埃切维里亚,Echeverría,,,,,MISSING_T_REVIEW_NO_YEAR,,,缺 T 且缺少可机器读取 year，需要书目/成书史核验,自动通过,metadata_pending,
La guerra gaucha.md,WL-WORK-2259,La guerra gaucha,,莱奥波尔多·卢贡内斯,Lugones,,,,,MISSING_T_REVIEW_NO_YEAR,,,缺 T 且缺少可机器读取 year，需要书目/成书史核验,自动通过,metadata_pending,
Lancelot propre.md,WL-WORK-2265,Lancelot propre,,佚名,,,,,,MISSING_T_REVIEW_NO_YEAR,,anonymous_or_oral,缺 T 且缺少可机器读取 year，需要书目/成书史核验,自动通过,metadata_pending,
Las aventuras de la China Iron.md,WL-WORK-2267,Las aventuras de la China Iron,,加布里埃拉·卡贝松·卡马拉,Cabezón Cámara,,,,,MISSING_T_REVIEW_NO_YEAR,,,缺 T 且缺少可机器读取 year，需要书目/成书史核验,自动通过,metadata_pending,
Le Capitan.md,WL-WORK-2269,Le Capitan,,米歇尔·泽瓦科,Le Capitan,,,,,MISSING_T_REVIEW_NO_YEAR,,,缺 T 且缺少可机器读取 year，需要书目/成书史核验,自动通过,metadata_pending,
Legendary Tales of the Australian Aborigines.md,WL-WORK-1359,Legendary Tales of the Australian Aborigines,,戴维·乌奈庞,David Unaipon,,,,,MISSING_T_REVIEW_NO_YEAR,,,缺 T 且缺少可机器读取 year，需要书目/成书史核验,自动通过,metadata_pending,
Leila.md,WL-WORK-0933,Leila,,普拉亚格·阿克巴尔,Prayaag Akbar,,,,,MISSING_T_REVIEW_NO_YEAR,,,缺 T 且缺少可机器读取 year，需要书目/成书史核验,自动通过,metadata_pending,
Lendas do Sul.md,WL-WORK-2271,Lendas do Sul,,西蒙斯·洛佩斯·内托,Simões Lopes Neto,,,,,MISSING_T_REVIEW_NO_YEAR,,,缺 T 且缺少可机器读取 year，需要书目/成书史核验,自动通过,metadata_pending,
Libro del caballero Zifar.md,WL-WORK-2272,Libro del caballero Zifar,,佚名,,,,,,MISSING_T_REVIEW_NO_YEAR,,anonymous_or_oral,缺 T 且缺少可机器读取 year，需要书目/成书史核验,自动通过,metadata_pending,
Limbo.md,WL-WORK-0934,Limbo,,伯纳德·沃尔夫,Bernard Wolfe,,,,,MISSING_T_REVIEW_NO_YEAR,,,缺 T 且缺少可机器读取 year，需要书目/成书史核验,自动通过,metadata_pending,
Little Big Man.md,WL-WORK-2273,Little Big Man,,托马斯·伯杰,Thomas Berger,,,,,MISSING_T_REVIEW_NO_YEAR,,,缺 T 且缺少可机器读取 year，需要书目/成书史核验,自动通过,metadata_pending,
Long John Silver.md,WL-WORK-2275,Long John Silver,,比约恩·拉尔森,Björn Larsson,,,,,MISSING_T_REVIEW_NO_YEAR,,,缺 T 且缺少可机器读取 year，需要书目/成书史核验,自动通过,metadata_pending,
Los bandidos de Río Frío.md,WL-WORK-2276,Los bandidos de Río Frío,,曼努埃尔·派诺,Manuel Payno,,,,,MISSING_T_REVIEW_NO_YEAR,,,缺 T 且缺少可机器读取 year，需要书目/成书史核验,自动通过,metadata_pending,
Los caranchos de La Florida.md,WL-WORK-2277,Los caranchos de La Florida,,贝尼托·林奇,Benito Lynch,,,,,MISSING_T_REVIEW_NO_YEAR,,,缺 T 且缺少可机器读取 year，需要书目/成书史核验,自动通过,metadata_pending,
Los tres gauchos orientales.md,WL-WORK-2278,Los tres gauchos orientales,,安东尼奥·卢西奇,Lussich,,,,,MISSING_T_REVIEW_NO_YEAR,,,缺 T 且缺少可机器读取 year，需要书目/成书史核验,自动通过,metadata_pending,
Lost in the Barrens.md,WL-WORK-0508,Lost in the Barrens,,法利·莫厄特,Farley Mowat,,,,,MISSING_T_REVIEW_NO_YEAR,,,缺 T 且缺少可机器读取 year，需要书目/成书史核验,自动通过,metadata_pending,
Love Only Once.md,WL-WORK-1973,Love Only Once,,约翰娜·林赛,Johanna Lindsey,,,,,MISSING_T_REVIEW_NO_YEAR,,,缺 T 且缺少可机器读取 year，需要书目/成书史核验,自动通过,metadata_pending,
Lumpérica.md,WL-WORK-1535,Lumpérica,,迪亚梅拉·埃尔蒂特,,,,,,MISSING_T_REVIEW_NO_YEAR,,,缺 T 且缺少可机器读取 year，需要书目/成书史核验,自动通过,metadata_pending,
Maid Marian.md,WL-WORK-2279,Maid Marian,,托马斯·洛夫·皮科克,Peacock,,,,,MISSING_T_REVIEW_NO_YEAR,,,缺 T 且缺少可机器读取 year，需要书目/成书史核验,自动通过,metadata_pending,
Malaeska.md,WL-WORK-2280,Malaeska,,安·S.斯蒂芬斯,Ann S. Stephens,,,,,MISSING_T_REVIEW_NO_YEAR,,,缺 T 且缺少可机器读取 year，需要书目/成书史核验,自动通过,metadata_pending,
Manhunt.md,WL-WORK-0509,Manhunt,,格蕾琴·费尔克-马丁,Gretchen Felker-Martin,,,,,MISSING_T_REVIEW_NO_YEAR,,,缺 T 且缺少可机器读取 year，需要书目/成书史核验,自动通过,metadata_pending,
Merlin.md,WL-WORK-2282,Merlin,,T.H.怀特,T.H. White,,,,,MISSING_T_REVIEW_NO_YEAR,,,缺 T 且缺少可机器读取 year，需要书目/成书史核验,自动通过,metadata_pending,
Michael Howe.md,WL-WORK-2284,Michael Howe,,佚名,,,,,,MISSING_T_REVIEW_NO_YEAR,,anonymous_or_oral,缺 T 且缺少可机器读取 year，需要书目/成书史核验,自动通过,metadata_pending,
Minty Alley.md,WL-WORK-1536,Minty Alley,,C.L.R.詹姆斯,C. L. R. James,,,,,MISSING_T_REVIEW_NO_YEAR,,,缺 T 且缺少可机器读取 year，需要书目/成书史核验,自动通过,metadata_pending,
Monte Walsh.md,WL-WORK-2286,Monte Walsh,,杰克·谢弗,Jack Schaefer,,,,,MISSING_T_REVIEW_NO_YEAR,,,缺 T 且缺少可机器读取 year，需要书目/成书史核验,自动通过,metadata_pending,
Mort Artu.md,WL-WORK-2288,Mort Artu,,佚名,,,,,,MISSING_T_REVIEW_NO_YEAR,,anonymous_or_oral,缺 T 且缺少可机器读取 year，需要书目/成书史核验,自动通过,metadata_pending,
"Murambi, The Book of Bones.md",WL-WORK-1974,"Murambi, The Book of Bones",Murambi,相关研究也将,,,,,,MISSING_T_REVIEW_NO_YEAR,,,缺 T 且缺少可机器读取 year，需要书目/成书史核验,自动通过,metadata_pending,
My Side of the Mountain.md,WL-WORK-0513,My Side of the Mountain,,琼·克雷格黑德·乔治,Jean Craighead George,,,,,MISSING_T_REVIEW_NO_YEAR,,,缺 T 且缺少可机器读取 year，需要书目/成书史核验,自动通过,metadata_pending,
Nativa.md,WL-WORK-2289,Nativa,,阿塞韦多·迪亚斯,Acevedo Díaz,,,,,MISSING_T_REVIEW_NO_YEAR,,,缺 T 且缺少可机器读取 year，需要书目/成书史核验,自动通过,metadata_pending,
News of the World.md,WL-WORK-2290,News of the World,,波莱特·贾尔斯,Paulette Jiles,,,,,MISSING_T_REVIEW_NO_YEAR,,,缺 T 且缺少可机器读取 year，需要书目/成书史核验,自动通过,metadata_pending,
No-No Boy.md,WL-WORK-0937,No-No Boy,,约翰·冈田,John Okada,,,,,MISSING_T_REVIEW_NO_YEAR,,,缺 T 且缺少可机器读取 year，需要书目/成书史核验,自动通过,metadata_pending,
Observations.md,WL-WORK-1537,Observations,,玛丽安娜·穆尔,Marianne Moore,,,,,MISSING_T_REVIEW_NO_YEAR,,,缺 T 且缺少可机器读取 year，需要书目/成书史核验,自动通过,metadata_pending,
Old Jules.md,WL-WORK-2293,Old Jules,,玛丽·桑多兹,Mari Sandoz,,,,,MISSING_T_REVIEW_NO_YEAR,,,缺 T 且缺少可机器读取 year，需要书目/成书史核验,自动通过,metadata_pending,
On Stranger Tides.md,WL-WORK-2294,On Stranger Tides,,蒂姆·鲍尔斯,Tim Powers,,,,,MISSING_T_REVIEW_NO_YEAR,,,缺 T 且缺少可机器读取 year，需要书目/成书史核验,自动通过,metadata_pending,
Our Sunshine.md,WL-WORK-2296,Our Sunshine,,罗伯特·德鲁,Robert Drewe,,,,,MISSING_T_REVIEW_NO_YEAR,,,缺 T 且缺少可机器读取 year，需要书目/成书史核验,自动通过,metadata_pending,
Outlawed.md,WL-WORK-2297,Outlawed,,安娜·诺斯,Anna North,,,,,MISSING_T_REVIEW_NO_YEAR,,,缺 T 且缺少可机器读取 year，需要书目/成书史核验,自动通过,metadata_pending,
Palmerín de Inglaterra.md,WL-WORK-2298,Palmerín de Inglaterra,,弗朗西斯科·德·莫拉埃斯,Francisco de Moraes,,,,,MISSING_T_REVIEW_NO_YEAR,,,缺 T 且缺少可机器读取 year，需要书目/成书史核验,自动通过,metadata_pending,
Palmerín de Oliva.md,WL-WORK-2299,Palmerín de Oliva,,佚名,,,,,,MISSING_T_REVIEW_NO_YEAR,,anonymous_or_oral,缺 T 且缺少可机器读取 year，需要书目/成书史核验,自动通过,metadata_pending,
Paradise Sky.md,WL-WORK-2300,Paradise Sky,,乔·R.兰斯代尔,Joe R. Lansdale,,,,,MISSING_T_REVIEW_NO_YEAR,,,缺 T 且缺少可机器读取 year，需要书目/成书史核验,自动通过,metadata_pending,
Parzival.md,WL-WORK-2301,Parzival,,沃尔夫拉姆·冯·埃申巴赫,Wolfram的,,,,,MISSING_T_REVIEW_NO_YEAR,,,缺 T 且缺少可机器读取 year，需要书目/成书史核验,自动通过,metadata_pending,
Paulino Lucero.md,WL-WORK-2302,Paulino Lucero,,阿斯卡苏比,Ascasubi,,,,,MISSING_T_REVIEW_NO_YEAR,,,缺 T 且缺少可机器读取 year，需要书目/成书史核验,自动通过,metadata_pending,
Peregrine's Progress.md,WL-WORK-2305,Peregrine's Progress,,杰弗里·法诺尔,Farnol,,,,,MISSING_T_REVIEW_NO_YEAR,,,缺 T 且缺少可机器读取 year，需要书目/成书史核验,自动通过,metadata_pending,
Perlesvaus ／ The High Book of the Grail.md,WL-WORK-2306,Perlesvaus / The High Book of the Grail,,佚名,,,,,,MISSING_T_REVIEW_NO_YEAR,,anonymous_or_oral,缺 T 且缺少可机器读取 year，需要书目/成书史核验,自动通过,metadata_pending,
Persian Pictures.md,WL-WORK-1364,Persian Pictures,,格特鲁德·贝尔,Gertrude Bell,,,,,MISSING_T_REVIEW_NO_YEAR,,,缺 T 且缺少可机器读取 year，需要书目/成书史核验,自动通过,metadata_pending,
Personal Narrative.md,WL-WORK-1365,Personal Narrative,,亚历山大·冯·洪堡,Humboldt,,,,,MISSING_T_REVIEW_NO_YEAR,,,缺 T 且缺少可机器读取 year，需要书目/成书史核验,自动通过,metadata_pending,
Polynesian Mythology.md,WL-WORK-1367,Polynesian Mythology,,乔治·格雷,George Grey,,,,,MISSING_T_REVIEW_NO_YEAR,,,缺 T 且缺少可机器读取 year，需要书目/成书史核验,自动通过,metadata_pending,
Prose Tristan.md,WL-WORK-2310,Prose Tristan,,佚名,Prose Tristan,,,,,MISSING_T_REVIEW_NO_YEAR,,anonymous_or_oral,缺 T 且缺少可机器读取 year，需要书目/成书史核验,自动通过,metadata_pending,
Queste del Saint Graal.md,WL-WORK-2311,Queste del Saint Graal,,佚名,,,,,,MISSING_T_REVIEW_NO_YEAR,,anonymous_or_oral,缺 T 且缺少可机器读取 year，需要书目/成书史核验,自动通过,metadata_pending,
Radiance.md,WL-WORK-1976,Radiance,,格蕾丝·德雷文,Grace Draven,,,,,MISSING_T_REVIEW_NO_YEAR,,,缺 T 且缺少可机器读取 year，需要书目/成书史核验,自动通过,metadata_pending,
Ragged Dick.md,WL-WORK-0940,Ragged Dick,,霍雷肖·阿尔杰,Horatio Alger,,,,,MISSING_T_REVIEW_NO_YEAR,,,缺 T 且缺少可机器读取 year，需要书目/成书史核验,自动通过,metadata_pending,
Ramrod.md,WL-WORK-2312,Ramrod,,卢克·肖特,Luke Short,,,,,MISSING_T_REVIEW_NO_YEAR,,,缺 T 且缺少可机器读取 year，需要书目/成书史核验,自动通过,metadata_pending,
Raoul de Cambrai.md,WL-WORK-2313,Raoul de Cambrai,,佚名,,,,,,MISSING_T_REVIEW_NO_YEAR,,anonymous_or_oral,缺 T 且缺少可机器读取 year，需要书目/成书史核验,自动通过,metadata_pending,
"Red, White & Royal Blue.md",WL-WORK-1977,"Red, White & Royal Blue",,凯西·麦奎斯顿,Casey McQuiston,,,,,MISSING_T_REVIEW_NO_YEAR,,,缺 T 且缺少可机器读取 year，需要书目/成书史核验,自动通过,metadata_pending,
Redeployment.md,WL-WORK-1978,Redeployment,,菲尔·克莱,Phil Klay,,,,,MISSING_T_REVIEW_NO_YEAR,,,缺 T 且缺少可机器读取 year，需要书目/成书史核验,自动通过,metadata_pending,
Renaud de Montauban ／ The Four Sons of Aymon.md,WL-WORK-2314,Renaud de Montauban / The Four Sons of Aymon,,佚名,,,,,,MISSING_T_REVIEW_NO_YEAR,,anonymous_or_oral,缺 T 且缺少可机器读取 year，需要书目/成书史核验,自动通过,metadata_pending,
Riders of the Silences.md,WL-WORK-2317,Riders of the Silences,,马克斯·布兰德,Max Brand,,,,,MISSING_T_REVIEW_NO_YEAR,,,缺 T 且缺少可机器读取 year，需要书目/成书史核验,自动通过,metadata_pending,
"Rinaldo Rinaldini, the Robber Captain.md",WL-WORK-2319,"Rinaldo Rinaldini, the Robber Captain",,克里斯蒂安·奥古斯特·武尔皮乌斯,Christian August Vulpius,,,,,MISSING_T_REVIEW_NO_YEAR,,,缺 T 且缺少可机器读取 year，需要书目/成书史核验,自动通过,metadata_pending,
Rinaldo Rinaldini.md,WL-WORK-2318,Rinaldo Rinaldini,,克里斯蒂安·奥古斯特·武尔皮乌斯,Christian August Vulpius,,,,,MISSING_T_REVIEW_NO_YEAR,,,缺 T 且缺少可机器读取 year，需要书目/成书史核验,自动通过,metadata_pending,
Robbery Under Arms.md,WL-WORK-2320,Robbery Under Arms,,澳大利亚,,,,,,MISSING_T_REVIEW_NO_YEAR,,,缺 T 且缺少可机器读取 year，需要书目/成书史核验,自动通过,metadata_pending,
Robin and the King.md,WL-WORK-2321,Robin and the King,,帕克·戈德温,Parke Godwin,,,,,MISSING_T_REVIEW_NO_YEAR,,,缺 T 且缺少可机器读取 year，需要书目/成书史核验,自动通过,metadata_pending,
Robin Hood and Guy of Gisborne.md,WL-WORK-2322,Robin Hood and Guy of Gisborne,,佚名,,,,,,MISSING_T_REVIEW_NO_YEAR,,anonymous_or_oral,缺 T 且缺少可机器读取 year，需要书目/成书史核验,自动通过,metadata_pending,
Robin Hood and the Curtal Friar.md,WL-WORK-2323,Robin Hood and the Curtal Friar,,佚名,,,,,,MISSING_T_REVIEW_NO_YEAR,,anonymous_or_oral,缺 T 且缺少可机器读取 year，需要书目/成书史核验,自动通过,metadata_pending,
Robin Hood and the Golden Arrow.md,WL-WORK-2324,Robin Hood and the Golden Arrow,,佚名,,,,,,MISSING_T_REVIEW_NO_YEAR,,anonymous_or_oral,缺 T 且缺少可机器读取 year，需要书目/成书史核验,自动通过,metadata_pending,
Robin Hood and the Monk.md,WL-WORK-2325,Robin Hood and the Monk,,佚名,,,,,,MISSING_T_REVIEW_NO_YEAR,,anonymous_or_oral,缺 T 且缺少可机器读取 year，需要书目/成书史核验,自动通过,metadata_pending,
Robin Hood and the Potter.md,WL-WORK-2326,Robin Hood and the Potter,,佚名,,,,,,MISSING_T_REVIEW_NO_YEAR,,anonymous_or_oral,缺 T 且缺少可机器读取 year，需要书目/成书史核验,自动通过,metadata_pending,
Robin Hood's Death.md,WL-WORK-2327,Robin Hood's Death,,佚名,,,,,,MISSING_T_REVIEW_NO_YEAR,,anonymous_or_oral,缺 T 且缺少可机器读取 year，需要书目/成书史核验,自动通过,metadata_pending,
Roman d'Alexandre.md,WL-WORK-2328,Roman d'Alexandre,,佚名,,,,,,MISSING_T_REVIEW_NO_YEAR,,anonymous_or_oral,缺 T 且缺少可机器读取 year，需要书目/成书史核验,自动通过,metadata_pending,
Roman d'Enéas.md,WL-WORK-2329,Roman d'Enéas,,佚名,,,,,,MISSING_T_REVIEW_NO_YEAR,,anonymous_or_oral,缺 T 且缺少可机器读取 year，需要书目/成书史核验,自动通过,metadata_pending,
Roman de Silence.md,WL-WORK-2331,Roman de Silence,,康沃尔的埃尔德里斯,Heldris of Cornwall,,,,,MISSING_T_REVIEW_NO_YEAR,,,缺 T 且缺少可机器读取 year，需要书目/成书史核验,自动通过,metadata_pending,
Roman de Thèbes.md,WL-WORK-2332,Roman de Thèbes,,佚名,,,,,,MISSING_T_REVIEW_NO_YEAR,,anonymous_or_oral,缺 T 且缺少可机器读取 year，需要书目/成书史核验,自动通过,metadata_pending,
Roman de Troie.md,WL-WORK-2333,Roman de Troie,,伯努瓦·德·圣莫尔,Benoît de Sainte-Maure,,,,,MISSING_T_REVIEW_NO_YEAR,,,缺 T 且缺少可机器读取 year，需要书目/成书史核验,自动通过,metadata_pending,
Rubyfruit Jungle.md,WL-WORK-0941,Rubyfruit Jungle,,丽塔·梅·布朗,Rita Mae Brown,,,,,MISSING_T_REVIEW_NO_YEAR,,,缺 T 且缺少可机器读取 year，需要书目/成书史核验,自动通过,metadata_pending,
Santos Vega o los mellizos de la Flor.md,WL-WORK-2337,Santos Vega o los mellizos de la Flor,,阿斯卡苏比,Ascasubi,,,,,MISSING_T_REVIEW_NO_YEAR,,,缺 T 且缺少可机器读取 year，需要书目/成书史核验,自动通过,metadata_pending,
Santos Vega.md,WL-WORK-2336,Santos Vega,,拉斐尔·奥夫利加多,Obligado,,,,,MISSING_T_REVIEW_NO_YEAR,,,缺 T 且缺少可机器读取 year，需要书目/成书史核验,自动通过,metadata_pending,
Sarajevo Blues.md,WL-WORK-1979,Sarajevo Blues,,塞梅兹丁·梅赫梅迪诺维奇,Semezdin Mehmedinović,,,,,MISSING_T_REVIEW_NO_YEAR,,,缺 T 且缺少可机器读取 year，需要书目/成书史核验,自动通过,metadata_pending,
Scary Stories to Tell in the Dark.md,WL-WORK-0517,Scary Stories to Tell in the Dark,,阿尔文·施瓦茨,Alvin Schwartz,,,,,MISSING_T_REVIEW_NO_YEAR,,,缺 T 且缺少可机器读取 year，需要书目/成书史核验,自动通过,metadata_pending,
Segu.md,WL-WORK-0942,Segu,,玛丽斯·孔戴,Maryse Condé,,,,,MISSING_T_REVIEW_NO_YEAR,,,缺 T 且缺少可机器读取 year，需要书目/成书史核验,自动通过,metadata_pending,
Seth Jones.md,WL-WORK-2338,Seth Jones,,爱德华·S.埃利斯,Edward S. Ellis,,,,,MISSING_T_REVIEW_NO_YEAR,,,缺 T 且缺少可机器读取 year，需要书目/成书史核验,自动通过,metadata_pending,
Shadowland.md,WL-WORK-0518,Shadowland,,彼得·斯特劳布,Peter Straub,,,,,MISSING_T_REVIEW_NO_YEAR,,,缺 T 且缺少可机器读取 year，需要书目/成书史核验,自动通过,metadata_pending,
Sherwood.md,WL-WORK-2339,Sherwood,,帕克·戈德温,Parke Godwin,,,,,MISSING_T_REVIEW_NO_YEAR,,,缺 T 且缺少可机器读取 year，需要书目/成书史核验,自动通过,metadata_pending,
Simon Dale.md,WL-WORK-2340,Simon Dale,,安东尼·霍普,Anthony Hope,,,,,MISSING_T_REVIEW_NO_YEAR,,,缺 T 且缺少可机器读取 year，需要书目/成书史核验,自动通过,metadata_pending,
Sinophagia／ A Celebration of Chinese Horror.md,WL-WORK-0519,Sinophagia: A Celebration of Chinese Horror,,倪雪婷,Xueting C. Ni,,,,,MISSING_T_REVIEW_NO_YEAR,,,缺 T 且缺少可机器读取 year，需要书目/成书史核验,自动通过,metadata_pending,
Sir Launfal.md,WL-WORK-2341,Sir Launfal,,托马斯·切斯特,Thomas Chestre,,,,,MISSING_T_REVIEW_NO_YEAR,,,缺 T 且缺少可机器读取 year，需要书目/成书史核验,自动通过,metadata_pending,
Sir Orfeo.md,WL-WORK-2342,Sir Orfeo,,佚名,英国,,,,,MISSING_T_REVIEW_NO_YEAR,,anonymous_or_oral,缺 T 且缺少可机器读取 year，需要书目/成书史核验,自动通过,metadata_pending,
Slogum House.md,WL-WORK-2343,Slogum House,,玛丽·桑多兹,Mari Sandoz,,,,,MISSING_T_REVIEW_NO_YEAR,,,缺 T 且缺少可机器读取 year，需要书目/成书史核验,自动通过,metadata_pending,
So Far from God.md,WL-WORK-2345,So Far from God,,安娜·卡斯蒂略,Ana Castillo,,,,,MISSING_T_REVIEW_NO_YEAR,,,缺 T 且缺少可机器读取 year，需要书目/成书史核验,自动通过,metadata_pending,
Song for the Unraveling of the World.md,WL-WORK-0520,Song for the Unraveling of the World,,布赖恩·埃文森,Brian Evenson,,,,,MISSING_T_REVIEW_NO_YEAR,,,缺 T 且缺少可机器读取 year，需要书目/成书史核验,自动通过,metadata_pending,
Sozaboy.md,WL-WORK-1983,Sozaboy,,肯·萨罗-维瓦,Saro-Wiwa,,,,,MISSING_T_REVIEW_NO_YEAR,,,缺 T 且缺少可机器读取 year，需要书目/成书史核验,自动通过,metadata_pending,
Spring and All.md,WL-WORK-1538,Spring and All,,威廉·卡洛斯·威廉斯,William Carlos Williams,,,,,MISSING_T_REVIEW_NO_YEAR,,,缺 T 且缺少可机器读取 year，需要书目/成书史核验,自动通过,metadata_pending,
Stanzaic Morte Arthur.md,WL-WORK-2346,Stanzaic Morte Arthur,,佚名,英国,,,,,MISSING_T_REVIEW_NO_YEAR,,anonymous_or_oral,缺 T 且缺少可机器读取 year，需要书目/成书史核验,自动通过,metadata_pending,
Starve Acre.md,WL-WORK-0521,Starve Acre,,安德鲁·迈克尔·赫尔利,Andrew Michael Hurley,,,,,MISSING_T_REVIEW_NO_YEAR,,,缺 T 且缺少可机器读取 year，需要书目/成书史核验,自动通过,metadata_pending,
Sun and Saddle Leather.md,WL-WORK-2348,Sun and Saddle Leather,,查尔斯·巴杰·克拉克,Charles Badger Clark,,,,,MISSING_T_REVIEW_NO_YEAR,,,缺 T 且缺少可机器读取 year，需要书目/成书史核验,自动通过,metadata_pending,
Sundown.md,WL-WORK-2349,Sundown,,约翰·约瑟夫·马修斯,John Joseph Mathews,,,,,MISSING_T_REVIEW_NO_YEAR,,,缺 T 且缺少可机器读取 year，需要书目/成书史核验,自动通过,metadata_pending,
Sword at Sunset.md,WL-WORK-2350,Sword at Sunset,,罗斯玛丽·萨克利夫,Rosemary Sutcliff,,,,,MISSING_T_REVIEW_NO_YEAR,,,缺 T 且缺少可机器读取 year，需要书目/成书史核验,自动通过,metadata_pending,
Sóngoro cosongo.md,WL-WORK-1539,Sóngoro cosongo,,尼古拉斯·纪廉,Nicolás Guillén,,,,,MISSING_T_REVIEW_NO_YEAR,,,缺 T 且缺少可机器读取 year，需要书目/成书史核验,自动通过,metadata_pending,
Tales of Soldiers and Civilians.md,WL-WORK-1984,Tales of Soldiers and Civilians,,安布罗斯·比尔斯,Ambrose Bierce,,,,,MISSING_T_REVIEW_NO_YEAR,,,缺 T 且缺少可机器读取 year，需要书目/成书史核验,自动通过,metadata_pending,
Tarr.md,WL-WORK-1540,Tarr,,温德姆·刘易斯,Wyndham Lewis,,,,,MISSING_T_REVIEW_NO_YEAR,,,缺 T 且缺少可机器读取 year，需要书目/成书史核验,自动通过,metadata_pending,
Teatro Grottesco.md,WL-WORK-0522,Teatro Grottesco,,托马斯·利戈蒂,Ligotti,,,,,MISSING_T_REVIEW_NO_YEAR,,,缺 T 且缺少可机器读取 year，需要书目/成书史核验,自动通过,metadata_pending,
Tell Me I'm Worthless.md,WL-WORK-0523,Tell Me I'm Worthless,,艾莉森·拉姆菲特,Alison Rumfitt,,,,,MISSING_T_REVIEW_NO_YEAR,,,缺 T 且缺少可机器读取 year，需要书目/成书史核验,自动通过,metadata_pending,
Testament of Youth.md,WL-WORK-1985,Testament of Youth,,薇拉·布里顿,Vera Brittain,,,,,MISSING_T_REVIEW_NO_YEAR,,,缺 T 且缺少可机器读取 year，需要书目/成书史核验,自动通过,metadata_pending,
Thaddeus of Warsaw.md,WL-WORK-0945,Thaddeus of Warsaw,,简·波特,Jane Porter,,,,,MISSING_T_REVIEW_NO_YEAR,,,缺 T 且缺少可机器读取 year，需要书目/成书史核验,自动通过,metadata_pending,
The Adventures of Robin Hood.md,WL-WORK-2357,The Adventures of Robin Hood,,罗杰·兰塞林·格林,Roger Lancelyn Green,,,,,MISSING_T_REVIEW_NO_YEAR,,,缺 T 且缺少可机器读取 year，需要书目/成书史核验,自动通过,metadata_pending,
The Alliterative Morte Arthure.md,WL-WORK-2358,The Alliterative Morte Arthure,,佚名,,,,,,MISSING_T_REVIEW_NO_YEAR,,anonymous_or_oral,缺 T 且缺少可机器读取 year，需要书目/成书史核验,自动通过,metadata_pending,
The Amateur Gentleman.md,WL-WORK-2359,The Amateur Gentleman,,杰弗里·法诺尔,Jeffery Farnol,,,,,MISSING_T_REVIEW_NO_YEAR,,,缺 T 且缺少可机器读取 year，需要书目/成书史核验,自动通过,metadata_pending,
The Assassination of Jesse James by the Coward Robert Ford.md,WL-WORK-2360,The Assassination of Jesse James by the Coward Robert Ford,,罗恩·汉森,Ron Hansen,,,,,MISSING_T_REVIEW_NO_YEAR,,,缺 T 且缺少可机器读取 year，需要书目/成书史核验,自动通过,metadata_pending,
The Assassination of Jesse James.md,WL-WORK-2361,The Assassination of Jesse James...,,罗恩·汉森,Ron Hansen,,,,,MISSING_T_REVIEW_NO_YEAR,,,缺 T 且缺少可机器读取 year，需要书目/成书史核验,自动通过,metadata_pending,
The Blessing Way.md,WL-WORK-2363,The Blessing Way,,托尼·希勒曼,Tony Hillerman,,,,,MISSING_T_REVIEW_NO_YEAR,,,缺 T 且缺少可机器读取 year，需要书目/成书史核验,自动通过,metadata_pending,
The Book of Not.md,WL-WORK-0947,The Book of Not,,齐齐·丹加雷姆加,Tsitsi Dangarembga,,,,,MISSING_T_REVIEW_NO_YEAR,,,缺 T 且缺少可机器读取 year，需要书目/成书史核验,自动通过,metadata_pending,
The Brave Cowboy.md,WL-WORK-2367,The Brave Cowboy,,爱德华·艾比,Abbey,,,,,MISSING_T_REVIEW_NO_YEAR,,,缺 T 且缺少可机器读取 year，需要书目/成书史核验,自动通过,metadata_pending,
The Bride.md,WL-WORK-1986,The Bride,,朱莉·加伍德,Julie Garwood,,,,,MISSING_T_REVIEW_NO_YEAR,,,缺 T 且缺少可机器读取 year，需要书目/成书史核验,自动通过,metadata_pending,
The Buccaneers of America.md,WL-WORK-2368,The Buccaneers of America,,亚历山大·埃斯克梅林,Alexandre Exquemelin,,,,,MISSING_T_REVIEW_NO_YEAR,,,缺 T 且缺少可机器读取 year，需要书目/成书史核验,自动通过,metadata_pending,
The Case Against Satan.md,WL-WORK-0526,The Case Against Satan,,雷·拉塞尔,Ray Russell,,,,,MISSING_T_REVIEW_NO_YEAR,,,缺 T 且缺少可机器读取 year，需要书目/成书史核验,自动通过,metadata_pending,
The Ceremonies.md,WL-WORK-0527,The Ceremonies,,T.E.D.克莱因,T.E.D. Klein,,,,,MISSING_T_REVIEW_NO_YEAR,,,缺 T 且缺少可机器读取 year，需要书目/成书史核验,自动通过,metadata_pending,
The Cipher.md,WL-WORK-0528,The Cipher,,凯丝·科娅,Kathe Koja,,,,,MISSING_T_REVIEW_NO_YEAR,,,缺 T 且缺少可机器读取 year，需要书目/成书史核验,自动通过,metadata_pending,
The City Inside.md,WL-WORK-0948,The City Inside,,萨米特·巴苏,Samit Basu,,,,,MISSING_T_REVIEW_NO_YEAR,,,缺 T 且缺少可机器读取 year，需要书目/成书史核验,自动通过,metadata_pending,
The Cold Dish.md,WL-WORK-2370,The Cold Dish,,克雷格·约翰逊,Craig Johnson,,,,,MISSING_T_REVIEW_NO_YEAR,,,缺 T 且缺少可机器读取 year，需要书目/成书史核验,自动通过,metadata_pending,
The Conquest.md,WL-WORK-2372,The Conquest,,奥斯卡·米肖,Oscar Micheaux,,,,,MISSING_T_REVIEW_NO_YEAR,,,缺 T 且缺少可机器读取 year，需要书目/成书史核验,自动通过,metadata_pending,
The Coral Island.md,WL-WORK-0529,The Coral Island,,R.M.巴兰坦,Ballantyne,,,,,MISSING_T_REVIEW_NO_YEAR,,,缺 T 且缺少可机器读取 year，需要书目/成书史核验,自动通过,metadata_pending,
The Corsair.md,WL-WORK-2373,The Corsair,,拜伦,Byron,,,,,MISSING_T_REVIEW_NO_YEAR,,,缺 T 且缺少可机器读取 year，需要书目/成书史核验,自动通过,metadata_pending,
The Day the Cowboys Quit.md,WL-WORK-2375,The Day the Cowboys Quit,,埃尔默·凯尔顿,Elmer Kelton,,,,,MISSING_T_REVIEW_NO_YEAR,,,缺 T 且缺少可机器读取 year，需要书目/成书史核验,自动通过,metadata_pending,
The Desert and the Sown.md,WL-WORK-1371,The Desert and the Sown,,格特鲁德·贝尔,Gertrude Bell,,,,,MISSING_T_REVIEW_NO_YEAR,,,缺 T 且缺少可机器读取 year，需要书目/成书史核验,自动通过,metadata_pending,
The Doll Who Ate His Mother.md,WL-WORK-0531,The Doll Who Ate His Mother,,拉姆齐·坎贝尔,Ramsey Campbell,,,,,MISSING_T_REVIEW_NO_YEAR,,,缺 T 且缺少可机器读取 year，需要书目/成书史核验,自动通过,metadata_pending,
The Dreaming & Other Essays.md,WL-WORK-1372,The Dreaming & Other Essays,,W.E.H.斯坦纳,W.E.H. Stanner,,,,,MISSING_T_REVIEW_NO_YEAR,,,缺 T 且缺少可机器读取 year，需要书目/成书史核验,自动通过,metadata_pending,
The Elusive Pimpernel.md,WL-WORK-2378,The Elusive Pimpernel,,奥希兹男爵夫人,Baroness Orczy,,,,,MISSING_T_REVIEW_NO_YEAR,,,缺 T 且缺少可机器读取 year，需要书目/成书史核验,自动通过,metadata_pending,
The Fisherman.md,WL-WORK-0532,The Fisherman,,约翰·兰根,John Langan,,,,,MISSING_T_REVIEW_NO_YEAR,,,缺 T 且缺少可机器读取 year，需要书目/成书史核验,自动通过,metadata_pending,
The Flatshare.md,WL-WORK-1987,The Flatshare,,贝丝·奥利里,Beth O'Leary,,,,,MISSING_T_REVIEW_NO_YEAR,,,缺 T 且缺少可机器读取 year，需要书目/成书史核验,自动通过,metadata_pending,
The Forging of a Rebel.md,WL-WORK-1988,The Forging of a Rebel,,阿图罗·巴雷亚,Arturo Barea,,,,,MISSING_T_REVIEW_NO_YEAR,,,缺 T 且缺少可机器读取 year，需要书目/成书史核验,自动通过,metadata_pending,
The Gaucho Genre.md,WL-WORK-2379,The Gaucho Genre,,约瑟菲娜·卢德梅尔,Josefina Ludmer,,,,,MISSING_T_REVIEW_NO_YEAR,,,缺 T 且缺少可机器读取 year，需要书目/成书史核验,自动通过,metadata_pending,
The Gilda Stories.md,WL-WORK-0533,The Gilda Stories,Gilda Stories,朱厄尔·戈麦斯,Jewelle Gomez,,,,,MISSING_T_REVIEW_NO_YEAR,,,缺 T 且缺少可机器读取 year，需要书目/成书史核验,自动通过,metadata_pending,
The Good Old Boys.md,WL-WORK-2380,The Good Old Boys,,埃尔默·凯尔顿,Elmer Kelton,,,,,MISSING_T_REVIEW_NO_YEAR,,,缺 T 且缺少可机器读取 year，需要书目/成书史核验,自动通过,metadata_pending,
The Great Railway Bazaar.md,WL-WORK-1373,The Great Railway Bazaar,,保罗·索鲁,Paul Theroux,,,,,MISSING_T_REVIEW_NO_YEAR,,,缺 T 且缺少可机器读取 year，需要书目/成书史核验,自动通过,metadata_pending,
The Hanging Tree.md,WL-WORK-2381,The Hanging Tree,,多萝西·M.约翰逊,Dorothy M. Johnson,,,,,MISSING_T_REVIEW_NO_YEAR,,,缺 T 且缺少可机器读取 year，需要书目/成书史核验,自动通过,metadata_pending,
The Homesteader.md,WL-WORK-2383,The Homesteader,,奥斯卡·米肖,Oscar Micheaux,,,,,MISSING_T_REVIEW_NO_YEAR,,,缺 T 且缺少可机器读取 year，需要书目/成书史核验,自动通过,metadata_pending,
The House of the Wolf.md,WL-WORK-2384,The House of the Wolf,,斯坦利·韦曼,Stanley Weyman,,,,,MISSING_T_REVIEW_NO_YEAR,,,缺 T 且缺少可机器读取 year，需要书目/成书史核验,自动通过,metadata_pending,
The Hummingbird's Daughter.md,WL-WORK-2385,The Hummingbird's Daughter,,路易斯·阿尔贝托·乌雷亚,Luis Alberto Urrea,,,,,MISSING_T_REVIEW_NO_YEAR,,,缺 T 且缺少可机器读取 year，需要书目/成书史核验,自动通过,metadata_pending,
The Jump-Off Creek.md,WL-WORK-2386,The Jump-Off Creek,,莫莉·格洛斯,Molly Gloss,,,,,MISSING_T_REVIEW_NO_YEAR,,,缺 T 且缺少可机器读取 year，需要书目/成书史核验,自动通过,metadata_pending,
The Kill Riff.md,WL-WORK-0537,The Kill Riff,,戴维·J.肖,David J. Schow,,,,,MISSING_T_REVIEW_NO_YEAR,,,缺 T 且缺少可机器读取 year，需要书目/成书史核验,自动通过,metadata_pending,
The Lady and the Monk.md,WL-WORK-1374,The Lady and the Monk,,皮科·艾尔,Pico Iyer,,,,,MISSING_T_REVIEW_NO_YEAR,,,缺 T 且缺少可机器读取 year，需要书目/成书史核验,自动通过,metadata_pending,
The Last Duty.md,WL-WORK-1990,The Last Duty,,伊西多尔·奥克佩沃,Isidore Okpewho,,,,,MISSING_T_REVIEW_NO_YEAR,,,缺 T 且缺少可机器读取 year，需要书目/成书史核验,自动通过,metadata_pending,
The Last Good Kiss.md,WL-WORK-2388,The Last Good Kiss,,詹姆斯·克拉姆利,James Crumley,,,,,MISSING_T_REVIEW_NO_YEAR,,,缺 T 且缺少可机器读取 year，需要书目/成书史核验,自动通过,metadata_pending,
The Last House on Needless Street.md,WL-WORK-0538,The Last House on Needless Street,,卡特里奥娜·沃德,Catriona Ward,,,,,MISSING_T_REVIEW_NO_YEAR,,,缺 T 且缺少可机器读取 year，需要书目/成书史核验,自动通过,metadata_pending,
The Led-Horse Claim.md,WL-WORK-2389,The Led-Horse Claim,,玛丽·哈洛克·富特,Mary Hallock Foote,,,,,MISSING_T_REVIEW_NO_YEAR,,,缺 T 且缺少可机器读取 year，需要书目/成书史核验,自动通过,metadata_pending,
The Life and Adventures of Nat Love.md,WL-WORK-2390,The Life and Adventures of Nat Love,,纳特·洛夫,Nat Love,,,,,MISSING_T_REVIEW_NO_YEAR,,,缺 T 且缺少可机器读取 year，需要书目/成书史核验,自动通过,metadata_pending,
The Light at the End.md,WL-WORK-0539,The Light at the End,,约翰·斯基普 / 克雷格·斯佩克特,John Skipp / Craig Spector,,,,,MISSING_T_REVIEW_NO_YEAR,,,缺 T 且缺少可机器读取 year，需要书目/成书史核验,自动通过,metadata_pending,
The Loney.md,WL-WORK-0540,The Loney,,安德鲁·迈克尔·赫尔利,Andrew Michael Hurley,,,,,MISSING_T_REVIEW_NO_YEAR,,,缺 T 且缺少可机器读取 year，需要书目/成书史核验,自动通过,metadata_pending,
The Man Who Shot Liberty Valance.md,WL-WORK-2394,The Man Who Shot Liberty Valance,,多萝西·M.约翰逊,Dorothy M. Johnson,,,,,MISSING_T_REVIEW_NO_YEAR,,,缺 T 且缺少可机器读取 year，需要书目/成书史核验,自动通过,metadata_pending,
The Manitous.md,WL-WORK-1375,The Manitous,,巴兹尔·约翰斯顿,Basil Johnston,,,,,MISSING_T_REVIEW_NO_YEAR,,,缺 T 且缺少可机器读取 year，需要书目/成书史核验,自动通过,metadata_pending,
The New Negro.md,WL-WORK-1543,The New Negro,,阿兰·洛克,Alain Locke 编,,,,,MISSING_T_REVIEW_NO_YEAR,,,缺 T 且缺少可机器读取 year，需要书目/成书史核验,自动通过,metadata_pending,
The Old Drift.md,WL-WORK-0950,The Old Drift,,纳姆瓦利·瑟佩尔,Namwali Serpell,,,,,MISSING_T_REVIEW_NO_YEAR,,,缺 T 且缺少可机器读取 year，需要书目/成书史核验,自动通过,metadata_pending,
The Old Patagonian Express.md,WL-WORK-1377,The Old Patagonian Express,,保罗·索鲁,Paul Theroux,,,,,MISSING_T_REVIEW_NO_YEAR,,,缺 T 且缺少可机器读取 year，需要书目/成书史核验,自动通过,metadata_pending,
The Phantom Coach.md,WL-WORK-0543,The Phantom Coach,,阿梅莉亚·B.爱德华兹,Amelia B. Edwards,,,,,MISSING_T_REVIEW_NO_YEAR,,,缺 T 且缺少可机器读取 year，需要书目/成书史核验,自动通过,metadata_pending,
The Pirate's Daughter.md,WL-WORK-2398,The Pirate's Daughter,,玛格丽特·塞泽尔-汤普森,Margaret Cezair-Thompson,,,,,MISSING_T_REVIEW_NO_YEAR,,,缺 T 且缺少可机器读取 year，需要书目/成书史核验,自动通过,metadata_pending,
The Purple Land.md,WL-WORK-2399,The Purple Land,,W.H.赫德森,Hudson,,,,,MISSING_T_REVIEW_NO_YEAR,,,缺 T 且缺少可机器读取 year，需要书目/成书史核验,自动通过,metadata_pending,
The Pyrates.md,WL-WORK-2400,The Pyrates,,乔治·麦克唐纳·弗雷泽,解构,,,,,MISSING_T_REVIEW_NO_YEAR,,,缺 T 且缺少可机器读取 year，需要书目/成书史核验,自动通过,metadata_pending,
The Recess.md,WL-WORK-0951,The Recess,,索菲娅·李,Sophia Lee,,,,,MISSING_T_REVIEW_NO_YEAR,,,缺 T 且缺少可机器读取 year，需要书目/成书史核验,自动通过,metadata_pending,
The Red Tree.md,WL-WORK-0544,The Red Tree,,凯特琳·R.基尔南,Caitlín R. Kiernan,,,,,MISSING_T_REVIEW_NO_YEAR,,,缺 T 且缺少可机器读取 year，需要书目/成书史核验,自动通过,metadata_pending,
The Right Swipe.md,WL-WORK-1992,The Right Swipe,,阿丽莎·拉伊,Alisha Rai,,,,,MISSING_T_REVIEW_NO_YEAR,,,缺 T 且缺少可机器读取 year，需要书目/成书史核验,自动通过,metadata_pending,
The Saga of Billy the Kid.md,WL-WORK-2403,The Saga of Billy the Kid,,沃尔特·诺布尔·伯恩斯,Walter Noble Burns,,,,,MISSING_T_REVIEW_NO_YEAR,,,缺 T 且缺少可机器读取 year，需要书目/成书史核验,自动通过,metadata_pending,
The Scottish Chiefs.md,WL-WORK-0952,The Scottish Chiefs,,简·波特,Jane Porter,,,,,MISSING_T_REVIEW_NO_YEAR,,,缺 T 且缺少可机器读取 year，需要书目/成书史核验,自动通过,metadata_pending,
The Shootist.md,WL-WORK-2405,The Shootist,,格伦登·斯沃索特,Glendon Swarthout,,,,,MISSING_T_REVIEW_NO_YEAR,,,缺 T 且缺少可机器读取 year，需要书目/成书史核验,自动通过,metadata_pending,
The Six-Gun Tarot.md,WL-WORK-2407,The Six-Gun Tarot,,R.S.贝尔彻,R.S. Belcher,,,,,MISSING_T_REVIEW_NO_YEAR,,,缺 T 且缺少可机器读取 year，需要书目/成书史核验,自动通过,metadata_pending,
The Sunne in Splendour.md,WL-WORK-0953,The Sunne in Splendour,,莎伦·凯·彭曼,Sharon Kay Penman,,,,,MISSING_T_REVIEW_NO_YEAR,,,缺 T 且缺少可机器读取 year，需要书目/成书史核验,自动通过,metadata_pending,
The Surrounded.md,WL-WORK-2411,The Surrounded,,达西·麦克尼克尔,D'Arcy McNickle,,,,,MISSING_T_REVIEW_NO_YEAR,,,缺 T 且缺少可机器读取 year，需要书目/成书史核验,自动通过,metadata_pending,
The Thousand Crimes of Ming Tsu.md,WL-WORK-2414,The Thousand Crimes of Ming Tsu,,汤姆·林,Tom Lin,,,,,MISSING_T_REVIEW_NO_YEAR,,,缺 T 且缺少可机器读取 year，需要书目/成书史核验,自动通过,metadata_pending,
The Time It Never Rained.md,WL-WORK-2415,The Time It Never Rained,,埃尔默·凯尔顿,Kelton,,,,,MISSING_T_REVIEW_NO_YEAR,,,缺 T 且缺少可机器读取 year，需要书目/成书史核验,自动通过,metadata_pending,
The Underdogs ／ Los de abajo.md,WL-WORK-2416,The Underdogs / Los de abajo,,马里亚诺·阿苏埃拉,Mariano Azuela,,,,,MISSING_T_REVIEW_NO_YEAR,,,缺 T 且缺少可机器读取 year，需要书目/成书史核验,自动通过,metadata_pending,
The Untamed.md,WL-WORK-2417,The Untamed,,马克斯·布兰德,Max Brand,,,,,MISSING_T_REVIEW_NO_YEAR,,,缺 T 且缺少可机器读取 year，需要书目/成书史核验,自动通过,metadata_pending,
The Valleys of the Assassins.md,WL-WORK-1382,The Valleys of the Assassins,,弗雷娅·斯塔克,Freya Stark,,,,,MISSING_T_REVIEW_NO_YEAR,,,缺 T 且缺少可机器读取 year，需要书目/成书史核验,自动通过,metadata_pending,
The Wedding Date.md,WL-WORK-1995,The Wedding Date,,贾丝明·吉洛里,Jasmine Guillory,,,,,MISSING_T_REVIEW_NO_YEAR,,,缺 T 且缺少可机器读取 year，需要书目/成书史核验,自动通过,metadata_pending,
These Thousand Hills.md,WL-WORK-2421,These Thousand Hills,,A.B.格思里,A.B. Guthrie Jr.,,,,,MISSING_T_REVIEW_NO_YEAR,,,缺 T 且缺少可机器读取 year，需要书目/成书史核验,自动通过,metadata_pending,
Things Have Gotten Worse Since We Last Spoke.md,WL-WORK-0549,Things Have Gotten Worse Since We Last Spoke,,埃里克·拉罗卡,Eric LaRocca,,,,,MISSING_T_REVIEW_NO_YEAR,,,缺 T 且缺少可机器读取 year，需要书目/成书史核验,自动通过,metadata_pending,
This One Summer.md,WL-WORK-0954,This One Summer,,玉木真理子 / 吉莉安·玉木,Mariko & Jillian Tamaki,,,,,MISSING_T_REVIEW_NO_YEAR,,,缺 T 且缺少可机器读取 year，需要书目/成书史核验,自动通过,metadata_pending,
Tlingit Myths and Texts.md,WL-WORK-1383,Tlingit Myths and Texts,,约翰·R.斯旺顿,John R. Swanton,,,,,MISSING_T_REVIEW_NO_YEAR,,,缺 T 且缺少可机器读取 year，需要书目/成书史核验,自动通过,metadata_pending,
Torto Arado.md,WL-WORK-1544,Torto Arado,,伊塔马尔·维埃拉·儒尼奥尔,乡村,,,,,MISSING_T_REVIEW_NO_YEAR,,,缺 T 且缺少可机器读取 year，需要书目/成书史核验,自动通过,metadata_pending,
Tracks.md,WL-WORK-1384,Tracks,,罗宾·戴维森,Robyn Davidson,,,,,MISSING_T_REVIEW_NO_YEAR,,,缺 T 且缺少可机器读取 year，需要书目/成书史核验,自动通过,metadata_pending,
Travels in West Africa.md,WL-WORK-1385,Travels in West Africa,,玛丽·金斯利,Mary Kingsley,,,,,MISSING_T_REVIEW_NO_YEAR,,,缺 T 且缺少可机器读取 year，需要书目/成书史核验,自动通过,metadata_pending,
Tristan.md,WL-WORK-2423,Tristan,,贝鲁尔,Béroul,,,,,MISSING_T_REVIEW_NO_YEAR,,,缺 T 且缺少可机器读取 year，需要书目/成书史核验,自动通过,metadata_pending,
Unbeaten Tracks in Japan.md,WL-WORK-1388,Unbeaten Tracks in Japan,,伊莎贝拉·伯德,Bird,,,,,MISSING_T_REVIEW_NO_YEAR,,,缺 T 且缺少可机器读取 year，需要书目/成书史核验,自动通过,metadata_pending,
Uncanny Stories.md,WL-WORK-0551,Uncanny Stories,,梅·辛克莱,May Sinclair,,,,,MISSING_T_REVIEW_NO_YEAR,,,缺 T 且缺少可机器读取 year，需要书目/成书史核验,自动通过,metadata_pending,
Under the Feet of Jesus.md,WL-WORK-2426,Under the Feet of Jesus,,海伦娜·玛丽亚·比拉蒙特斯,Helena María Viramontes,,,,,MISSING_T_REVIEW_NO_YEAR,,,缺 T 且缺少可机器读取 year，需要书目/成书史核验,自动通过,metadata_pending,
Under the Red Robe.md,WL-WORK-2427,Under the Red Robe,,斯坦利·韦曼,Stanley Weyman,,,,,MISSING_T_REVIEW_NO_YEAR,,,缺 T 且缺少可机器读取 year，需要书目/成书史核验,自动通过,metadata_pending,
Undertones of War.md,WL-WORK-1997,Undertones of War,,埃德蒙·布伦登,Edmund Blunden,,,,,MISSING_T_REVIEW_NO_YEAR,,,缺 T 且缺少可机器读取 year，需要书目/成书史核验,自动通过,metadata_pending,
Uninhabited House.md,WL-WORK-0552,Uninhabited House,,夏洛特·里德尔,Charlotte Riddell,,,,,MISSING_T_REVIEW_NO_YEAR,,,缺 T 且缺少可机器读取 year，需要书目/成书史核验,自动通过,metadata_pending,
Unsouled.md,WL-WORK-0553,Unsouled,,威尔·怀特,Will Wight,,,,,MISSING_T_REVIEW_NO_YEAR,,,缺 T 且缺少可机器读取 year，需要书目/成书史核验,自动通过,metadata_pending,
Video Night in Kathmandu.md,WL-WORK-1389,Video Night in Kathmandu,,皮科·艾尔,Pico Iyer,,,,,MISSING_T_REVIEW_NO_YEAR,,,缺 T 且缺少可机器读取 year，需要书目/成书史核验,自动通过,metadata_pending,
Vox.md,WL-WORK-0955,Vox,,克里斯蒂娜·达尔彻,Christina Dalcher,,,,,MISSING_T_REVIEW_NO_YEAR,,,缺 T 且缺少可机器读取 year，需要书目/成书史核验,自动通过,metadata_pending,
War Trash.md,WL-WORK-1999,War Trash,,哈金,Ha Jin,,,,,MISSING_T_REVIEW_NO_YEAR,,,缺 T 且缺少可机器读取 year，需要书目/成书史核验,自动通过,metadata_pending,
Warlock.md,WL-WORK-2428,Warlock,,奥克利·霍尔,Oakley Hall,,,,,MISSING_T_REVIEW_NO_YEAR,,,缺 T 且缺少可机器读取 year，需要书目/成书史核验,自动通过,metadata_pending,
West with the Night.md,WL-WORK-0554,West with the Night,,贝丽尔·马卡姆,Beryl Markham,,,,,MISSING_T_REVIEW_NO_YEAR,,,缺 T 且缺少可机器读取 year，需要书目/成书史核验,自动通过,metadata_pending,
"Whitney, My Love.md",WL-WORK-2000,"Whitney, My Love",,朱迪思·麦克诺特,Judith McNaught,,,,,MISSING_T_REVIEW_NO_YEAR,,,缺 T 且缺少可机器读取 year，需要书目/成书史核验,自动通过,metadata_pending,
Who Remembers the Sea.md,WL-WORK-2001,Who Remembers the Sea,,穆罕默德·迪布,Mohammed Dib,,,,,MISSING_T_REVIEW_NO_YEAR,,,缺 T 且缺少可机器读取 year，需要书目/成书史核验,自动通过,metadata_pending,
Winter in the Blood.md,WL-WORK-2431,Winter in the Blood,,詹姆斯·韦尔奇,James Welch,,,,,MISSING_T_REVIEW_NO_YEAR,,,缺 T 且缺少可机器读取 year，需要书目/成书史核验,自动通过,metadata_pending,
With Clive in India.md,WL-WORK-0555,With Clive in India,,G.A.亨蒂,G. A. Henty,,,,,MISSING_T_REVIEW_NO_YEAR,,,缺 T 且缺少可机器读取 year，需要书目/成书史核验,自动通过,metadata_pending,
With His Pistol in His Hand.md,WL-WORK-2432,With His Pistol in His Hand,,阿梅里科·帕雷德斯,Américo Paredes,,,,,MISSING_T_REVIEW_NO_YEAR,,,缺 T 且缺少可机器读取 year，需要书目/成书史核验,自动通过,metadata_pending,
With Wolfe in Canada.md,WL-WORK-0556,With Wolfe in Canada,,G.A.亨蒂,G. A. Henty,,,,,MISSING_T_REVIEW_NO_YEAR,,,缺 T 且缺少可机器读取 year，需要书目/成书史核验,自动通过,metadata_pending,
Wounds.md,WL-WORK-0557,Wounds,,内森·巴林拉德,Nathan Ballingrud,,,,,MISSING_T_REVIEW_NO_YEAR,,,缺 T 且缺少可机器读取 year，需要书目/成书史核验,自动通过,metadata_pending,
Yoruba Myths.md,WL-WORK-1390,Yoruba Myths,,乌利·拜尔,Ulli Beier,,,,,MISSING_T_REVIEW_NO_YEAR,,,缺 T 且缺少可机器读取 year，需要书目/成书史核验,自动通过,metadata_pending,
一.md,WL-WORK-0957,一,,戴维·卡普,David Karp,,,,,MISSING_T_REVIEW_NO_YEAR,,,缺 T 且缺少可机器读取 year，需要书目/成书史核验,自动通过,metadata_pending,
一个城市的历史.md,WL-WORK-0958,一个城市的历史,,萨尔蒂科夫-谢德林,Mikhail Saltykov-Shchedrin,,,,,MISSING_T_REVIEW_NO_YEAR,,,缺 T 且缺少可机器读取 year，需要书目/成书史核验,自动通过,metadata_pending,
一个女奴的生活事件.md,WL-WORK-0959,一个女奴的生活事件,,哈丽雅特·雅各布斯,Harriet Jacobs,,,,,MISSING_T_REVIEW_NO_YEAR,,,缺 T 且缺少可机器读取 year，需要书目/成书史核验,自动通过,metadata_pending,
一个美国黑奴的自传.md,WL-WORK-0960,一个美国黑奴的自传,,弗雷德里克·道格拉斯,Frederick Douglass,,,,,MISSING_T_REVIEW_NO_YEAR,,,缺 T 且缺少可机器读取 year，需要书目/成书史核验,自动通过,metadata_pending,
一个致命的夏天.md,WL-WORK-0233,一个致命的夏天,,塞巴斯蒂安·雅普里索,Sébastien Japrisot,,,,,MISSING_T_REVIEW_NO_YEAR,,,缺 T 且缺少可机器读取 year，需要书目/成书史核验,自动通过,,
一个西班牙农民的安魂曲.md,WL-WORK-2002,一个西班牙农民的安魂曲,,拉蒙·J.森德尔,Ramón J. Sender,,,,,MISSING_T_REVIEW_NO_YEAR,,,缺 T 且缺少可机器读取 year，需要书目/成书史核验,自动通过,metadata_pending,
一切都被照亮.md,WL-WORK-2004,一切都被照亮,,乔纳森·萨福兰·福厄,Jonathan Safran Foer,,,,,MISSING_T_REVIEW_NO_YEAR,,,缺 T 且缺少可机器读取 year，需要书目/成书史核验,自动通过,metadata_pending,
七个疯子.md,WL-WORK-1549,七个疯子,,罗伯托·阿尔特,Roberto Arlt,,,,,MISSING_T_REVIEW_NO_YEAR,,,缺 T 且缺少可机器读取 year，需要书目/成书史核验,自动通过,metadata_pending,
七杀碑.md,WL-WORK-2439,七杀碑,,朱贞木,,,,,,MISSING_T_REVIEW_NO_YEAR,,,缺 T 且缺少可机器读取 year，需要书目/成书史核验,自动通过,metadata_pending,
万火归一.md,WL-WORK-1552,万火归一,,胡利奥·科塔萨尔,,,,,,MISSING_T_REVIEW_NO_YEAR,,,缺 T 且缺少可机器读取 year，需要书目/成书史核验,自动通过,metadata_pending,
三之书.md,WL-WORK-0561,三之书,,劳埃德·亚历山大,Lloyd Alexander,,,,,MISSING_T_REVIEW_NO_YEAR,,,缺 T 且缺少可机器读取 year，需要书目/成书史核验,自动通过,metadata_pending,
三十九级台阶.md,WL-WORK-0251,三十九级台阶,,约翰·巴肯,John Buchan,,,,,MISSING_T_REVIEW_NO_YEAR,,,缺 T 且缺少可机器读取 year，需要书目/成书史核验,自动通过,,
三只忧伤的老虎.md,WL-WORK-1554,三只忧伤的老虎,,吉列尔莫·卡夫雷拉·因凡特,,,,,,MISSING_T_REVIEW_NO_YEAR,,,缺 T 且缺少可机器读取 year，需要书目/成书史核验,自动通过,metadata_pending,
下面的人们.md,WL-WORK-1558,下面的人们,,马里亚诺·阿苏埃拉,,,,,,MISSING_T_REVIEW_NO_YEAR,,,缺 T 且缺少可机器读取 year，需要书目/成书史核验,自动通过,metadata_pending,
下颚骨.md,WL-WORK-1559,下颚骨,,莫妮卡·奥赫达,Mónica Ojeda,,,,,MISSING_T_REVIEW_NO_YEAR,,,缺 T 且缺少可机器读取 year，需要书目/成书史核验,自动通过,metadata_pending,
不再存在的女人.md,WL-WORK-0230,不再存在的女人,Celle qui n'était plus,布瓦洛-纳尔瑟雅克,Boileau-Narcejac,,,,,MISSING_T_REVIEW_NO_YEAR,,,缺 T 且缺少可机器读取 year，需要书目/成书史核验,自动通过,,
不列颠诸王史.md,WL-WORK-1392,不列颠诸王史,,蒙茅斯的杰弗里,,,,,,MISSING_T_REVIEW_NO_YEAR,,,缺 T 且缺少可机器读取 year，需要书目/成书史核验,自动通过,metadata_pending,
不要回头.md,WL-WORK-0224,不要回头,Don't Look Back,卡琳·福萨姆,Karin Fossum,,,,,MISSING_T_REVIEW_NO_YEAR,,,缺 T 且缺少可机器读取 year，需要书目/成书史核验,自动通过,,
丑人.md,WL-WORK-0967,丑人,,斯科特·韦斯特菲尔德,Scott Westerfeld,,,,,MISSING_T_REVIEW_NO_YEAR,,,缺 T 且缺少可机器读取 year，需要书目/成书史核验,自动通过,metadata_pending,
世界尽头的征兆.md,WL-WORK-1561,世界尽头的征兆,,墨西哥与美墨边境,,,,,,MISSING_T_REVIEW_NO_YEAR,,,缺 T 且缺少可机器读取 year，需要书目/成书史核验,自动通过,metadata_pending,
世界尽头的自杀者.md,WL-WORK-1562,世界尽头的自杀者,,莱拉·格雷罗,,,,,,MISSING_T_REVIEW_NO_YEAR,,,缺 T 且缺少可机器读取 year，需要书目/成书史核验,自动通过,metadata_pending,
世界的用法.md,WL-WORK-1393,世界的用法,The Way of the World,尼古拉·布维耶,Nicolas Bouvier,,,,,MISSING_T_REVIEW_NO_YEAR,,,缺 T 且缺少可机器读取 year，需要书目/成书史核验,自动通过,metadata_pending,
丛林故事.md,WL-WORK-0567,丛林故事,,奥拉西奥·基罗加,Horacio Quiroga,,,,,MISSING_T_REVIEW_NO_YEAR,,,缺 T 且缺少可机器读取 year，需要书目/成书史核验,自动通过,metadata_pending,
东周列国志.md,WL-WORK-0968,东周列国志,,冯梦龙,,,,,,MISSING_T_REVIEW_NO_YEAR,,,缺 T 且缺少可机器读取 year，需要书目/成书史核验,自动通过,metadata_pending,
中国梦.md,WL-WORK-0969,中国梦,,马建,,,,,,MISSING_T_REVIEW_NO_YEAR,,,缺 T 且缺少可机器读取 year，需要书目/成书史核验,自动通过,metadata_pending,
丹麦人的事迹.md,WL-WORK-1396,丹麦人的事迹,,萨克索·格拉玛提库斯,Saxo Grammaticus,,,,,MISSING_T_REVIEW_NO_YEAR,,,缺 T 且缺少可机器读取 year，需要书目/成书史核验,自动通过,metadata_pending,
为了赖子.md,WL-WORK-0186,为了赖子,,法月纶太郎,,,,,,MISSING_T_REVIEW_NO_YEAR,,,缺 T 且缺少可机器读取 year，需要书目/成书史核验,自动通过,,
为兰卡斯击鼓.md,WL-WORK-1566,为兰卡斯击鼓,,曼努埃尔·斯科尔萨,,,,,,MISSING_T_REVIEW_NO_YEAR,,,缺 T 且缺少可机器读取 year，需要书目/成书史核验,自动通过,metadata_pending,
为美好的世界献上祝福！.md,WL-WORK-0568,为美好的世界献上祝福！,,晓佳奈,,,,,,MISSING_T_REVIEW_NO_YEAR,,,缺 T 且缺少可机器读取 year，需要书目/成书史核验,自动通过,metadata_pending,
义经记.md,WL-WORK-2443,义经记,Gikeiki,佚名,,,,,,MISSING_T_REVIEW_NO_YEAR,,anonymous_or_oral,缺 T 且缺少可机器读取 year，需要书目/成书史核验,自动通过,metadata_pending,
乌洛波洛斯之虫.md,WL-WORK-0571,乌洛波洛斯之虫,,E.R.埃迪森,E.R. Eddison,,,,,MISSING_T_REVIEW_NO_YEAR,,,缺 T 且缺少可机器读取 year，需要书目/成书史核验,自动通过,metadata_pending,
乌贼骨.md,WL-WORK-1567,乌贼骨,,埃乌杰尼奥·蒙塔莱,Eugenio Montale,,,,,MISSING_T_REVIEW_NO_YEAR,,,缺 T 且缺少可机器读取 year，需要书目/成书史核验,自动通过,metadata_pending,
乌鸦之黑.md,WL-WORK-0116,乌鸦之黑,Raven Black,安·克里夫斯,Ann Cleeves,,,,,MISSING_T_REVIEW_NO_YEAR,,,缺 T 且缺少可机器读取 year，需要书目/成书史核验,自动通过,,
书库.md,WL-WORK-1397,书库,,阿波罗多洛斯,,,,,,MISSING_T_REVIEW_NO_YEAR,,,缺 T 且缺少可机器读取 year，需要书目/成书史核验,自动通过,metadata_pending,
二十首情诗和一支绝望的歌.md,WL-WORK-1570,二十首情诗和一支绝望的歌,,巴勃罗·聂鲁达,,,,,,MISSING_T_REVIEW_NO_YEAR,,,缺 T 且缺少可机器读取 year，需要书目/成书史核验,自动通过,metadata_pending,
五轮书.md,WL-WORK-2447,五轮书,Gorin no Sho,宫本武藏,,,,,,MISSING_T_REVIEW_NO_YEAR,,,缺 T 且缺少可机器读取 year，需要书目/成书史核验,自动通过,metadata_pending,
亚瑟王之死.md,WL-WORK-0577,亚瑟王之死,,托马斯·马洛礼,,,,,,MISSING_T_REVIEW_NO_YEAR,,,缺 T 且缺少可机器读取 year，需要书目/成书史核验,自动通过,metadata_pending,
亚瓦尔节.md,WL-WORK-1571,亚瓦尔节,,何塞·玛丽亚·阿格达斯,,,,,,MISSING_T_REVIEW_NO_YEAR,,,缺 T 且缺少可机器读取 year，需要书目/成书史核验,自动通过,metadata_pending,
人工呼吸.md,WL-WORK-1573,人工呼吸,,里卡多·皮格利亚,,,,,,MISSING_T_REVIEW_NO_YEAR,,,缺 T 且缺少可机器读取 year，需要书目/成书史核验,自动通过,metadata_pending,
人性的枷锁.md,WL-WORK-0976,人性的枷锁,,毛姆,Somerset Maugham,,,,,MISSING_T_REVIEW_NO_YEAR,,,缺 T 且缺少可机器读取 year，需要书目/成书史核验,自动通过,metadata_pending,
人民的玫瑰.md,WL-WORK-1575,人民的玫瑰,,卡洛斯·德鲁蒙德·德·安德拉德,,,,,,MISSING_T_REVIEW_NO_YEAR,,,缺 T 且缺少可机器读取 year，需要书目/成书史核验,自动通过,metadata_pending,
人类材料.md,WL-WORK-1577,人类材料,,罗德里戈·雷伊·罗萨,Rodrigo Rey Rosa,,,,,MISSING_T_REVIEW_NO_YEAR,,,缺 T 且缺少可机器读取 year，需要书目/成书史核验,自动通过,metadata_pending,
人类的诗.md,WL-WORK-1578,人类的诗,,塞萨尔·巴列霍,,,,,,MISSING_T_REVIEW_NO_YEAR,,,缺 T 且缺少可机器读取 year，需要书目/成书史核验,自动通过,metadata_pending,
人骨拼图.md,WL-WORK-0123,人骨拼图,The Bone Collector,杰弗里·迪弗,Jeffery Deaver,,,,,MISSING_T_REVIEW_NO_YEAR,,,缺 T 且缺少可机器读取 year，需要书目/成书史核验,自动通过,,
从这里到永恒.md,WL-WORK-2009,从这里到永恒,,詹姆斯·琼斯,James Jones,,,,,MISSING_T_REVIEW_NO_YEAR,,,缺 T 且缺少可机器读取 year，需要书目/成书史核验,自动通过,metadata_pending,
仓库.md,WL-WORK-0981,仓库,,罗布·哈特,Rob Hart,,,,,MISSING_T_REVIEW_NO_YEAR,,,缺 T 且缺少可机器读取 year，需要书目/成书史核验,自动通过,metadata_pending,
企鹅岛.md,WL-WORK-0982,企鹅岛,,法朗士,Anatole France,,,,,MISSING_T_REVIEW_NO_YEAR,,,缺 T 且缺少可机器读取 year，需要书目/成书史核验,自动通过,metadata_pending,
伊势物语.md,WL-WORK-2011,伊势物语,,佚名,,,,,,MISSING_T_REVIEW_NO_YEAR,,anonymous_or_oral,缺 T 且缺少可机器读取 year，需要书目/成书史核验,自动通过,metadata_pending,
伊戈尔远征记.md,WL-WORK-2012,伊戈尔远征记,,佚名,,,,,,MISSING_T_REVIEW_NO_YEAR,,anonymous_or_oral,缺 T 且缺少可机器读取 year，需要书目/成书史核验,自动通过,metadata_pending,
伊拉塞玛.md,WL-WORK-1583,伊拉塞玛,,若泽·德·阿伦卡尔,,,,,,MISSING_T_REVIEW_NO_YEAR,,,缺 T 且缺少可机器读取 year，需要书目/成书史核验,自动通过,metadata_pending,
伊芙琳·哈德卡斯尔的七次死亡.md,WL-WORK-0144,伊芙琳·哈德卡斯尔的七次死亡,,斯图尔特·特顿,Stuart Turton,,,,,MISSING_T_REVIEW_NO_YEAR,,,缺 T 且缺少可机器读取 year，需要书目/成书史核验,自动通过,,
伊芙琳娜.md,WL-WORK-2013,伊芙琳娜,,范妮·伯尼,Fanny Burney,,,,,MISSING_T_REVIEW_NO_YEAR,,,缺 T 且缺少可机器读取 year，需要书目/成书史核验,自动通过,metadata_pending,
众生之路.md,WL-WORK-0984,众生之路,,塞缪尔·巴特勒,Samuel Butler,,,,,MISSING_T_REVIEW_NO_YEAR,,,缺 T 且缺少可机器读取 year，需要书目/成书史核验,自动通过,metadata_pending,
优素福与祖莱哈.md,WL-WORK-2016,优素福与祖莱哈,,贾米,,,,,,MISSING_T_REVIEW_NO_YEAR,,,缺 T 且缺少可机器读取 year，需要书目/成书史核验,自动通过,metadata_pending,
伦敦河.md,WL-WORK-0584,伦敦河,,本·亚伦诺维奇,Ben Aaronovitch,,,,,MISSING_T_REVIEW_NO_YEAR,,,缺 T 且缺少可机器读取 year，需要书目/成书史核验,自动通过,metadata_pending,
伪币制造者.md,WL-WORK-1586,伪币制造者,,安德烈·纪德,André Gide,,,,,MISSING_T_REVIEW_NO_YEAR,,,缺 T 且缺少可机器读取 year，需要书目/成书史核验,自动通过,metadata_pending,
佛国记.md,WL-WORK-1405,佛国记,,法显,,,,,,MISSING_T_REVIEW_NO_YEAR,,,缺 T 且缺少可机器读取 year，需要书目/成书史核验,自动通过,metadata_pending,
佛罗伦萨手抄本.md,WL-WORK-1406,佛罗伦萨手抄本,,萨阿贡,,,,,,MISSING_T_REVIEW_NO_YEAR,,,缺 T 且缺少可机器读取 year，需要书目/成书史核验,自动通过,metadata_pending,
侏罗纪公园.md,WL-WORK-0586,侏罗纪公园,,迈克尔·克莱顿,Michael Crichton,,,,,MISSING_T_REVIEW_NO_YEAR,,,缺 T 且缺少可机器读取 year，需要书目/成书史核验,自动通过,metadata_pending,
侠盗亚森·罗平.md,WL-WORK-0021,侠盗亚森·罗平,,莫里斯·勒布朗,,,,,,MISSING_T_REVIEW_NO_YEAR,,,缺 T 且缺少可机器读取 year，需要书目/成书史核验,自动通过,,
俄罗斯民间故事.md,WL-WORK-1409,俄罗斯民间故事,,阿法纳西耶夫,,,,,,MISSING_T_REVIEW_NO_YEAR,,,缺 T 且缺少可机器读取 year，需要书目/成书史核验,自动通过,metadata_pending,
俗世的吟唱.md,WL-WORK-1588,俗世的吟唱,,鲁文·达里奥,,,,,,MISSING_T_REVIEW_NO_YEAR,,,缺 T 且缺少可机器读取 year，需要书目/成书史核验,自动通过,metadata_pending,
保元物语.md,WL-WORK-0988,保元物语,,佚名,,,,,,MISSING_T_REVIEW_NO_YEAR,,anonymous_or_oral,缺 T 且缺少可机器读取 year，需要书目/成书史核验,自动通过,metadata_pending,
保卫延安.md,WL-WORK-2019,保卫延安,,杜鹏程,,,,,,MISSING_T_REVIEW_NO_YEAR,,,缺 T 且缺少可机器读取 year，需要书目/成书史核验,自动通过,metadata_pending,
修道士.md,WL-WORK-0588,修道士,,马修·刘易斯,Matthew Lewis,,,,,MISSING_T_REVIEW_NO_YEAR,,,缺 T 且缺少可机器读取 year，需要书目/成书史核验,自动通过,metadata_pending,
倪焕之.md,WL-WORK-0989,倪焕之,,叶圣陶,,,,,,MISSING_T_REVIEW_NO_YEAR,,,缺 T 且缺少可机器读取 year，需要书目/成书史核验,自动通过,metadata_pending,
假名手本忠臣藏.md,WL-WORK-2451,假名手本忠臣藏,Kanadehon Chūshingura,四十七浪人,,,,,,MISSING_T_REVIEW_NO_YEAR,,,缺 T 且缺少可机器读取 year，需要书目/成书史核验,自动通过,metadata_pending,
偷书贼.md,WL-WORK-0991,偷书贼,,马库斯·苏萨克,Markus Zusak,,,,,MISSING_T_REVIEW_NO_YEAR,,,缺 T 且缺少可机器读取 year，需要书目/成书史核验,自动通过,metadata_pending,
偷拳.md,WL-WORK-2452,偷拳,,白羽,,,,,,MISSING_T_REVIEW_NO_YEAR,,,缺 T 且缺少可机器读取 year，需要书目/成书史核验,自动通过,metadata_pending,
儿女英雄传.md,WL-WORK-2453,儿女英雄传,,文康,,,,,,MISSING_T_REVIEW_NO_YEAR,,,缺 T 且缺少可机器读取 year，需要书目/成书史核验,自动通过,metadata_pending,
入唐求法巡礼行记.md,WL-WORK-1411,入唐求法巡礼行记,,圆仁,,,,,,MISSING_T_REVIEW_NO_YEAR,,,缺 T 且缺少可机器读取 year，需要书目/成书史核验,自动通过,metadata_pending,
全知读者视角.md,WL-WORK-0591,全知读者视角,,싱숑,Web Novel,,,,,MISSING_T_REVIEW_NO_YEAR,,,缺 T 且缺少可机器读取 year，需要书目/成书史核验,自动通过,metadata_pending,
全面混乱.md,WL-WORK-0240,全面混乱,Total Chaos,让-克洛德·伊佐,Jean-Claude Izzo,,,,,MISSING_T_REVIEW_NO_YEAR,,,缺 T 且缺少可机器读取 year，需要书目/成书史核验,自动通过,,
八月的乡村.md,WL-WORK-2021,八月的乡村,,萧军,,,,,,MISSING_T_REVIEW_NO_YEAR,,,缺 T 且缺少可机器读取 year，需要书目/成书史核验,自动通过,metadata_pending,
公主新娘.md,WL-WORK-2454,公主新娘,The Princess Bride,威廉·戈德曼,William Goldman,,,,,MISSING_T_REVIEW_NO_YEAR,,,缺 T 且缺少可机器读取 year，需要书目/成书史核验,自动通过,metadata_pending,
关系书.md,WL-WORK-1593,关系书,,埃尔南·科尔特斯,,,,,,MISSING_T_REVIEW_NO_YEAR,,,缺 T 且缺少可机器读取 year，需要书目/成书史核验,自动通过,metadata_pending,
兵法家传书.md,WL-WORK-2456,兵法家传书,Heiho Kadensho,柳生宗矩,,,,,,MISSING_T_REVIEW_NO_YEAR,,,缺 T 且缺少可机器读取 year，需要书目/成书史核验,自动通过,metadata_pending,
军队.md,WL-WORK-1595,军队,,埃维利奥·罗塞罗,Evelio Rosero,,,,,MISSING_T_REVIEW_NO_YEAR,,,缺 T 且缺少可机器读取 year，需要书目/成书史核验,自动通过,metadata_pending,
冬日女王.md,WL-WORK-0137,冬日女王,The Winter Queen,鲍里斯·阿库宁,Boris Akunin,,,,,MISSING_T_REVIEW_NO_YEAR,,,缺 T 且缺少可机器读取 year，需要书目/成书史核验,自动通过,,
冰公主.md,WL-WORK-0226,冰公主,,卡米拉·拉克伯格,Camilla Läckberg,,,,,MISSING_T_REVIEW_NO_YEAR,,,缺 T 且缺少可机器读取 year，需要书目/成书史核验,自动通过,,
决战前后.md,WL-WORK-2457,决战前后,,陆小凤,,,,,,MISSING_T_REVIEW_NO_YEAR,,,缺 T 且缺少可机器读取 year，需要书目/成书史核验,自动通过,metadata_pending,
冷山.md,WL-WORK-0999,冷山,,查尔斯·弗雷泽,Charles Frazier,,,,,MISSING_T_REVIEW_NO_YEAR,,,缺 T 且缺少可机器读取 year，需要书目/成书史核验,自动通过,metadata_pending,
冷静与热情之间.md,WL-WORK-2024,冷静与热情之间,,江国香织,,,,,,MISSING_T_REVIEW_NO_YEAR,,,缺 T 且缺少可机器读取 year，需要书目/成书史核验,自动通过,metadata_pending,
凯莱布·威廉斯.md,WL-WORK-0599,凯莱布·威廉斯,,威廉·戈德温,William Godwin,,,,,MISSING_T_REVIEW_NO_YEAR,,,缺 T 且缺少可机器读取 year，需要书目/成书史核验,自动通过,metadata_pending,
刀之歌.md,WL-WORK-1001,刀之歌,,金薰,,,,,,MISSING_T_REVIEW_NO_YEAR,,,缺 T 且缺少可机器读取 year，需要书目/成书史核验,自动通过,metadata_pending,
分歧者.md,WL-WORK-1003,分歧者,,维罗妮卡·罗斯,Veronica Roth,,,,,MISSING_T_REVIEW_NO_YEAR,,,缺 T 且缺少可机器读取 year，需要书目/成书史核验,自动通过,metadata_pending,
列子.md,WL-WORK-1415,列子,,列御寇,,,,,,MISSING_T_REVIEW_NO_YEAR,,,缺 T 且缺少可机器读取 year，需要书目/成书史核验,自动通过,metadata_pending,
利姆格.md,WL-WORK-1417,利姆格,,柬埔寨,,,,,,MISSING_T_REVIEW_NO_YEAR,,,缺 T 且缺少可机器读取 year，需要书目/成书史核验,自动通过,metadata_pending,
利文沃思案.md,WL-WORK-0005,利文沃思案,,安娜·凯瑟琳·格林,,,,,,MISSING_T_REVIEW_NO_YEAR,,,缺 T 且缺少可机器读取 year，需要书目/成书史核验,自动通过,,
别的声音，别的房间.md,WL-WORK-0602,别的声音，别的房间,,杜鲁门·卡波特,Truman Capote,,,,,MISSING_T_REVIEW_NO_YEAR,,,缺 T 且缺少可机器读取 year，需要书目/成书史核验,自动通过,metadata_pending,
刺客之夜.md,WL-WORK-1600,刺客之夜,,戏剧线,,,,,,MISSING_T_REVIEW_NO_YEAR,,,缺 T 且缺少可机器读取 year，需要书目/成书史核验,自动通过,metadata_pending,
剪刀男.md,WL-WORK-0196,剪刀男,,殊能将之,,,,,,MISSING_T_REVIEW_NO_YEAR,,,缺 T 且缺少可机器读取 year，需要书目/成书史核验,自动通过,,
动物寓言集 ／ Bestiario.md,WL-WORK-1601,动物寓言集 / Bestiario,,胡利奥·科塔萨尔,,,,,,MISSING_T_REVIEW_NO_YEAR,,,缺 T 且缺少可机器读取 year，需要书目/成书史核验,自动通过,metadata_pending,
勒鲁日案件.md,WL-WORK-0004,勒鲁日案件,,埃米尔·加博里奥,,,,,,MISSING_T_REVIEW_NO_YEAR,,,缺 T 且缺少可机器读取 year，需要书目/成书史核验,自动通过,,
医院.md,WL-WORK-0459,医院,,韩松,,,,,,MISSING_T_REVIEW_NO_YEAR,,,缺 T 且缺少可机器读取 year，需要书目/成书史核验,自动通过,,
十三号牢房的问题.md,WL-WORK-0019,十三号牢房的问题,,雅克·福翠尔,,,,,,MISSING_T_REVIEW_NO_YEAR,,,缺 T 且缺少可机器读取 year，需要书目/成书史核验,自动通过,,
十二金钱镖.md,WL-WORK-2464,十二金钱镖,,白羽,,,,,,MISSING_T_REVIEW_NO_YEAR,,,缺 T 且缺少可机器读取 year，需要书目/成书史核验,自动通过,metadata_pending,
十五年.md,WL-WORK-1604,十五年,,拉谢尔·德·凯罗斯,,,,,,MISSING_T_REVIEW_NO_YEAR,,,缺 T 且缺少可机器读取 year，需要书目/成书史核验,自动通过,metadata_pending,
千艘船.md,WL-WORK-0610,千艘船,,娜塔莉·海恩斯,Natalie Haynes,,,,,MISSING_T_REVIEW_NO_YEAR,,,缺 T 且缺少可机器读取 year，需要书目/成书史核验,自动通过,metadata_pending,
半七捕物帐.md,WL-WORK-2466,半七捕物帐,,冈本绮堂,,,,,,MISSING_T_REVIEW_NO_YEAR,,,缺 T 且缺少可机器读取 year，需要书目/成书史核验,自动通过,metadata_pending,
卐字之夜.md,WL-WORK-1011,卐字之夜,,凯瑟琳·伯德金,Katharine Burdekin,,,,,MISSING_T_REVIEW_NO_YEAR,,,缺 T 且缺少可机器读取 year，需要书目/成书史核验,自动通过,metadata_pending,
南总里见八犬传.md,WL-WORK-2467,南总里见八犬传,,曲亭马琴,,,,,,MISSING_T_REVIEW_NO_YEAR,,,缺 T 且缺少可机器读取 year，需要书目/成书史核验,自动通过,metadata_pending,
南方之海.md,WL-WORK-0239,南方之海,,曼努埃尔·巴斯克斯·蒙塔尔万,Manuel Vázquez Montalbán,,,,,MISSING_T_REVIEW_NO_YEAR,,,缺 T 且缺少可机器读取 year，需要书目/成书史核验,自动通过,,
卡列维波埃格.md,WL-WORK-1419,卡列维波埃格,,爱沙尼亚,,,,,,MISSING_T_REVIEW_NO_YEAR,,,缺 T 且缺少可机器读取 year，需要书目/成书史核验,自动通过,metadata_pending,
卡勒瓦拉.md,WL-WORK-0613,卡勒瓦拉,,埃利亚斯·伦洛特,Elias Lönnrot,,,,,MISSING_T_REVIEW_NO_YEAR,,,缺 T 且缺少可机器读取 year，需要书目/成书史核验,自动通过,metadata_pending,
卡洛凯因.md,WL-WORK-1013,卡洛凯因,,卡琳·博耶,Karin Boye,,,,,MISSING_T_REVIEW_NO_YEAR,,,缺 T 且缺少可机器读取 year，需要书目/成书史核验,自动通过,metadata_pending,
卧虎藏龙.md,WL-WORK-2472,卧虎藏龙,,王度庐,,,,,,MISSING_T_REVIEW_NO_YEAR,,,缺 T 且缺少可机器读取 year，需要书目/成书史核验,自动通过,metadata_pending,
厄立特里亚海周航记.md,WL-WORK-1421,厄立特里亚海周航记,,佚名,古代,,,,,MISSING_T_REVIEW_NO_YEAR,,anonymous_or_oral,缺 T 且缺少可机器读取 year，需要书目/成书史核验,自动通过,metadata_pending,
历史学家.md,WL-WORK-0619,历史学家,,伊丽莎白·科斯托娃,Elizabeth Kostova,,,,,MISSING_T_REVIEW_NO_YEAR,,,缺 T 且缺少可机器读取 year，需要书目/成书史核验,自动通过,metadata_pending,
厌恶.md,WL-WORK-1608,厌恶,,奥拉西奥·卡斯特利亚诺斯·莫亚,Horacio Castellanos Moya,,,,,MISSING_T_REVIEW_NO_YEAR,,,缺 T 且缺少可机器读取 year，需要书目/成书史核验,自动通过,metadata_pending,
原野奇侠.md,WL-WORK-2473,原野奇侠,Shane,杰克·谢弗,Jack Schaefer,,,,,MISSING_T_REVIEW_NO_YEAR,,,缺 T 且缺少可机器读取 year，需要书目/成书史核验,自动通过,metadata_pending,
发条橙.md,WL-WORK-1016,发条橙,,安东尼·伯吉斯,Anthony Burgess,,,,,MISSING_T_REVIEW_NO_YEAR,,,缺 T 且缺少可机器读取 year，需要书目/成书史核验,自动通过,metadata_pending,
变化：一个爱情故事.md,WL-WORK-2033,变化：一个爱情故事,,阿玛·阿塔·艾杜,Ama Ata Aidoo,,,,,MISSING_T_REVIEW_NO_YEAR,,,缺 T 且缺少可机器读取 year，需要书目/成书史核验,自动通过,metadata_pending,
古事记.md,WL-WORK-1424,古事记,,太安万侣,,,,,,MISSING_T_REVIEW_NO_YEAR,,,缺 T 且缺少可机器读取 year，需要书目/成书史核验,自动通过,metadata_pending,
召唤魔鬼.md,WL-WORK-0069,召唤魔鬼,Whistle Up the Devil,德里克·史密斯,Derek Smith,,,,,MISSING_T_REVIEW_NO_YEAR,,,缺 T 且缺少可机器读取 year，需要书目/成书史核验,自动通过,,
叶之屋.md,WL-WORK-0621,叶之屋,,马克·Z.达尼莱夫斯基,Mark Z. Danielewski,,,,,MISSING_T_REVIEW_NO_YEAR,,,缺 T 且缺少可机器读取 year，需要书目/成书史核验,自动通过,metadata_pending,
叶隐.md,WL-WORK-2476,叶隐,Hagakure,山本常朝,,,,,,MISSING_T_REVIEW_NO_YEAR,,,缺 T 且缺少可机器读取 year，需要书目/成书史核验,自动通过,metadata_pending,
向日葵不开的夏天.md,WL-WORK-0216,向日葵不开的夏天,,道尾秀介,,,,,,MISSING_T_REVIEW_NO_YEAR,,,缺 T 且缺少可机器读取 year，需要书目/成书史核验,自动通过,,
启示录.md,WL-WORK-1427,启示录,,希伯来,,,,,,MISSING_T_REVIEW_NO_YEAR,,,缺 T 且缺少可机器读取 year，需要书目/成书史核验,自动通过,metadata_pending,
吴船录.md,WL-WORK-1428,吴船录,,范成大,,,,,,MISSING_T_REVIEW_NO_YEAR,,,缺 T 且缺少可机器读取 year，需要书目/成书史核验,自动通过,metadata_pending,
吸血鬼.md,WL-WORK-0622,吸血鬼,,约翰·波利多里,John Polidori,,,,,MISSING_T_REVIEW_NO_YEAR,,,缺 T 且缺少可机器读取 year，需要书目/成书史核验,自动通过,metadata_pending,
吹过荒野的风.md,WL-WORK-1617,吹过荒野的风,,塞尔瓦·阿尔马达,,,,,,MISSING_T_REVIEW_NO_YEAR,,,缺 T 且缺少可机器读取 year，需要书目/成书史核验,自动通过,metadata_pending,
告白.md,WL-WORK-0215,告白,,凑佳苗,,,,,,MISSING_T_REVIEW_NO_YEAR,,,缺 T 且缺少可机器读取 year，需要书目/成书史核验,自动通过,,
周四推理俱乐部.md,WL-WORK-0141,周四推理俱乐部,,理查德·奥斯曼,Richard Osman,,,,,MISSING_T_REVIEW_NO_YEAR,,,缺 T 且缺少可机器读取 year，需要书目/成书史核验,自动通过,,
咆哮营的幸运儿.md,WL-WORK-2480,咆哮营的幸运儿,The Luck of Roaring Camp,布雷特·哈特,Bret Harte,,,,,MISSING_T_REVIEW_NO_YEAR,,,缺 T 且缺少可机器读取 year，需要书目/成书史核验,自动通过,metadata_pending,
和谐.md,WL-WORK-0448,和谐,,伊藤计划,,,,,,MISSING_T_REVIEW_NO_YEAR,,,缺 T 且缺少可机器读取 year，需要书目/成书史核验,自动通过,,
哈姆内特.md,WL-WORK-1021,哈姆内特,,玛吉·奥法雷尔,Maggie O'Farrell,,,,,MISSING_T_REVIEW_NO_YEAR,,,缺 T 且缺少可机器读取 year，需要书目/成书史核验,自动通过,metadata_pending,
哈莱姆之家.md,WL-WORK-1620,哈莱姆之家,,克劳德·麦凯,Claude McKay,,,,,MISSING_T_REVIEW_NO_YEAR,,,缺 T 且缺少可机器读取 year，需要书目/成书史核验,自动通过,metadata_pending,
哈莱姆狂怒.md,WL-WORK-0092,哈莱姆狂怒,,切斯特·海姆斯,Chester Himes,,,,,MISSING_T_REVIEW_NO_YEAR,,,缺 T 且缺少可机器读取 year，需要书目/成书史核验,自动通过,,
善心女神.md,WL-WORK-1023,善心女神,,乔纳森·利特尔,Jonathan Littell,,,,,MISSING_T_REVIEW_NO_YEAR,,,缺 T 且缺少可机器读取 year，需要书目/成书史核验,自动通过,metadata_pending,
喜福会.md,WL-WORK-1024,喜福会,,谭恩美,Amy Tan,,,,,MISSING_T_REVIEW_NO_YEAR,,,缺 T 且缺少可机器读取 year，需要书目/成书史核验,自动通过,metadata_pending,
喷火器.md,WL-WORK-1621,喷火器,,罗伯托·阿尔特,,,,,,MISSING_T_REVIEW_NO_YEAR,,,缺 T 且缺少可机器读取 year，需要书目/成书史核验,自动通过,metadata_pending,
回家的方式.md,WL-WORK-1624,回家的方式,,亚历杭德罗·桑布拉,,,,,,MISSING_T_REVIEW_NO_YEAR,,,缺 T 且缺少可机器读取 year，需要书目/成书史核验,自动通过,metadata_pending,
国王叙事诗.md,WL-WORK-2484,国王叙事诗,Idylls of the King,丁尼生,解构,,,,,MISSING_T_REVIEW_NO_YEAR,,,缺 T 且缺少可机器读取 year，需要书目/成书史核验,自动通过,metadata_pending,
国王必须死.md,WL-WORK-1028,国王必须死,,古希腊,,,,,,MISSING_T_REVIEW_NO_YEAR,,,缺 T 且缺少可机器读取 year，需要书目/成书史核验,自动通过,metadata_pending,
圆圈.md,WL-WORK-1030,圆圈,,戴夫·艾格斯,Dave Eggers,,,,,MISSING_T_REVIEW_NO_YEAR,,,缺 T 且缺少可机器读取 year，需要书目/成书史核验,自动通过,metadata_pending,
土耳其使馆书信.md,WL-WORK-1430,土耳其使馆书信,,玛丽·蒙塔古夫人,Lady Mary Montagu,,,,,MISSING_T_REVIEW_NO_YEAR,,,缺 T 且缺少可机器读取 year，需要书目/成书史核验,自动通过,metadata_pending,
圣埃维塔.md,WL-WORK-1627,圣埃维塔,,托马斯·埃洛伊·马丁内斯,,,,,,MISSING_T_REVIEW_NO_YEAR,,,缺 T 且缺少可机器读取 year，需要书目/成书史核验,自动通过,metadata_pending,
在斯大林格勒战壕里.md,WL-WORK-2040,在斯大林格勒战壕里,,维克托·涅克拉索夫,Viktor Nekrasov,,,,,MISSING_T_REVIEW_NO_YEAR,,,缺 T 且缺少可机器读取 year，需要书目/成书史核验,自动通过,metadata_pending,
在比尤拉高地.md,WL-WORK-0108,在比尤拉高地,On Beulah Height,雷金纳德·希尔,Reginald Hill,,,,,MISSING_T_REVIEW_NO_YEAR,,,缺 T 且缺少可机器读取 year，需要书目/成书史核验,自动通过,,
地狱之缘.md,WL-WORK-0068,地狱之缘,Rim of the Pit,黑克·塔尔博特,Hake Talbot,,,,,MISSING_T_REVIEW_NO_YEAR,,,缺 T 且缺少可机器读取 year，需要书目/成书史核验,自动通过,,
地狱的第19层.md,WL-WORK-0639,地狱的第19层,,蔡骏,,,,,,MISSING_T_REVIEW_NO_YEAR,,,缺 T 且缺少可机器读取 year，需要书目/成书史核验,自动通过,metadata_pending,
地球上的受苦者.md,WL-WORK-2041,地球上的受苦者,,弗朗茨·法农,Frantz Fanon,,,,,MISSING_T_REVIEW_NO_YEAR,,,缺 T 且缺少可机器读取 year，需要书目/成书史核验,自动通过,metadata_pending,
地铁.md,WL-WORK-0458,地铁,,韩松,,,,,,MISSING_T_REVIEW_NO_YEAR,,,缺 T 且缺少可机器读取 year，需要书目/成书史核验,自动通过,,
坎特伯雷故事集·骑士的故事.md,WL-WORK-2486,坎特伯雷故事集·骑士的故事,,乔叟,Geoffrey Chaucer,,,,,MISSING_T_REVIEW_NO_YEAR,,title_aggregate_or_tradition,缺 T 且缺少可机器读取 year，需要书目/成书史核验,自动通过,metadata_pending,
坎特勒塔尔.md,WL-WORK-1431,坎特勒塔尔,,埃利亚斯·伦洛特,Elias Lönnrot,,,,,MISSING_T_REVIEW_NO_YEAR,,,缺 T 且缺少可机器读取 year，需要书目/成书史核验,自动通过,metadata_pending,
坠物之声.md,WL-WORK-1633,坠物之声,,胡安·加布里埃尔·巴斯克斯,Juan Gabriel Vásquez,,,,,MISSING_T_REVIEW_NO_YEAR,,,缺 T 且缺少可机器读取 year，需要书目/成书史核验,自动通过,metadata_pending,
埃及人西努赫.md,WL-WORK-1037,埃及人西努赫,,米卡·瓦尔塔里,Mika Waltari,,,,,MISSING_T_REVIEW_NO_YEAR,,,缺 T 且缺少可机器读取 year，需要书目/成书史核验,自动通过,metadata_pending,
埃塞俄比亚传奇.md,WL-WORK-2042,埃塞俄比亚传奇,,赫利奥多罗斯,Heliodorus,,,,,MISSING_T_REVIEW_NO_YEAR,,,缺 T 且缺少可机器读取 year，需要书目/成书史核验,自动通过,metadata_pending,
埃琳娜知道.md,WL-WORK-1634,埃琳娜知道,,克劳迪娅·皮涅罗,,,,,,MISSING_T_REVIEW_NO_YEAR,,,缺 T 且缺少可机器读取 year，需要书目/成书史核验,自动通过,metadata_pending,
埃瑞璜.md,WL-WORK-1038,埃瑞璜,,塞缪尔·巴特勒,Samuel Butler,,,,,MISSING_T_REVIEW_NO_YEAR,,,缺 T 且缺少可机器读取 year，需要书目/成书史核验,自动通过,metadata_pending,
基因设计师.md,WL-WORK-0450,基因设计师,,藤井太洋,,,,,,MISSING_T_REVIEW_NO_YEAR,,,缺 T 且缺少可机器读取 year，需要书目/成书史核验,自动通过,,
基坑.md,WL-WORK-1041,基坑,,安德烈·普拉东诺夫,Andrei Platonov,,,,,MISSING_T_REVIEW_NO_YEAR,,,缺 T 且缺少可机器读取 year，需要书目/成书史核验,自动通过,metadata_pending,
堂娜芭芭拉.md,WL-WORK-1637,堂娜芭芭拉,,罗慕洛·加列戈斯,,,,,,MISSING_T_REVIEW_NO_YEAR,,,缺 T 且缺少可机器读取 year，需要书目/成书史核验,自动通过,metadata_pending,
塔拉.md,WL-WORK-1638,塔拉,,加夫列拉·米斯特拉尔,,,,,,MISSING_T_REVIEW_NO_YEAR,,,缺 T 且缺少可机器读取 year，需要书目/成书史核验,自动通过,metadata_pending,
塞西莉亚.md,WL-WORK-2044,塞西莉亚,,范妮·伯尼,Frances Burney,,,,,MISSING_T_REVIEW_NO_YEAR,,,缺 T 且缺少可机器读取 year，需要书目/成书史核验,自动通过,metadata_pending,
塞西莉亚·巴尔德斯.md,WL-WORK-1640,塞西莉亚·巴尔德斯,,西里洛·比亚韦德,,,,,,MISSING_T_REVIEW_NO_YEAR,,,缺 T 且缺少可机器读取 year，需要书目/成书史核验,自动通过,metadata_pending,
墓地的沉默.md,WL-WORK-0223,墓地的沉默,Jar City,阿尔纳尔杜尔·因德里达松,Arnaldur Indriðason,,,,,MISSING_T_REVIEW_NO_YEAR,,,缺 T 且缺少可机器读取 year，需要书目/成书史核验,需复核,,
墙.md,WL-WORK-1044,墙,,约翰·兰彻斯特,John Lanchester,,,,,MISSING_T_REVIEW_NO_YEAR,,,缺 T 且缺少可机器读取 year，需要书目/成书史核验,自动通过,metadata_pending,
墨西哥哥特.md,WL-WORK-0642,墨西哥哥特,,西尔维娅·莫雷诺-加西亚,Silvia Moreno-Garcia,,,,,MISSING_T_REVIEW_NO_YEAR,,,缺 T 且缺少可机器读取 year，需要书目/成书史核验,自动通过,metadata_pending,
壬生义士传.md,WL-WORK-2489,壬生义士传,Mibu Gishi Den,浅田次郎,,,,,,MISSING_T_REVIEW_NO_YEAR,,,缺 T 且缺少可机器读取 year，需要书目/成书史核验,自动通过,metadata_pending,
夜.md,WL-WORK-1046,夜,,埃利·威塞尔,Wiesel,,,,,MISSING_T_REVIEW_NO_YEAR,,,缺 T 且缺少可机器读取 year，需要书目/成书史核验,自动通过,metadata_pending,
夜幕降临前.md,WL-WORK-1643,夜幕降临前,,雷纳尔多·阿雷纳斯,,,,,,MISSING_T_REVIEW_NO_YEAR,,,缺 T 且缺少可机器读取 year，需要书目/成书史核验,自动通过,metadata_pending,
夜总会里的五个人.md,WL-WORK-1644,夜总会里的五个人,,穆时英,,,,,,MISSING_T_REVIEW_NO_YEAR,,,缺 T 且缺少可机器读取 year，需要书目/成书史核验,自动通过,metadata_pending,
夜林.md,WL-WORK-1645,夜林,,朱娜·巴恩斯,Djuna Barnes,,,,,MISSING_T_REVIEW_NO_YEAR,,,缺 T 且缺少可机器读取 year，需要书目/成书史核验,自动通过,metadata_pending,
夜莺.md,WL-WORK-0646,夜莺,,克里斯廷·汉娜,Kristin Hannah,,,,,MISSING_T_REVIEW_NO_YEAR,,,缺 T 且缺少可机器读取 year，需要书目/成书史核验,自动通过,metadata_pending,
大唐西域记.md,WL-WORK-1435,大唐西域记,,玄奘,,,,,,MISSING_T_REVIEW_NO_YEAR,,,缺 T 且缺少可机器读取 year，需要书目/成书史核验,自动通过,metadata_pending,
大地上的居所.md,WL-WORK-1646,大地上的居所,,巴勃罗·聂鲁达,,,,,,MISSING_T_REVIEW_NO_YEAR,,,缺 T 且缺少可机器读取 year，需要书目/成书史核验,自动通过,metadata_pending,
大地惊雷.md,WL-WORK-2493,大地惊雷,True Grit,查尔斯·波蒂斯,Charles Portis,,,,,MISSING_T_REVIEW_NO_YEAR,,,缺 T 且缺少可机器读取 year，需要书目/成书史核验,自动通过,metadata_pending,
大天空.md,WL-WORK-2494,大天空,The Big Sky,A.B.格思里,A.B. Guthrie Jr.,,,,,MISSING_T_REVIEW_NO_YEAR,,,缺 T 且缺少可机器读取 year，需要书目/成书史核验,自动通过,metadata_pending,
大笑的警察.md,WL-WORK-0219,大笑的警察,,舍瓦尔与瓦勒,Sjöwall & Wahlöö,,,,,MISSING_T_REVIEW_NO_YEAR,,,缺 T 且缺少可机器读取 year，需要书目/成书史核验,自动通过,,
大菩萨岭.md,WL-WORK-2496,大菩萨岭,Daibosatsu Tōge,中里介山,,,,,,MISSING_T_REVIEW_NO_YEAR,,,缺 T 且缺少可机器读取 year，需要书目/成书史核验,自动通过,metadata_pending,
大逃杀.md,WL-WORK-1050,大逃杀,,高见广春,,,,,,MISSING_T_REVIEW_NO_YEAR,,,缺 T 且缺少可机器读取 year，需要书目/成书史核验,自动通过,metadata_pending,
大鼻子情圣.md,WL-WORK-2497,大鼻子情圣,Cyrano de Bergerac,埃德蒙·罗斯丹,Edmond Rostand,,,,,MISSING_T_REVIEW_NO_YEAR,,,缺 T 且缺少可机器读取 year，需要书目/成书史核验,自动通过,metadata_pending,
天堂.md,WL-WORK-1051,天堂,,何塞·莱萨马·利马,,,,,,MISSING_T_REVIEW_NO_YEAR,,,缺 T 且缺少可机器读取 year，需要书目/成书史核验,自动通过,metadata_pending,
天鹅之歌.md,WL-WORK-0063,天鹅之歌,Swan Song,埃德蒙·克里斯平,Edmund Crispin,,,,,MISSING_T_REVIEW_NO_YEAR,,,缺 T 且缺少可机器读取 year，需要书目/成书史核验,自动通过,,
天鹅绒爪子案.md,WL-WORK-0117,天鹅绒爪子案,,厄尔·斯坦利·加德纳,Erle Stanley Gardner,,,,,MISSING_T_REVIEW_NO_YEAR,,,缺 T 且缺少可机器读取 year，需要书目/成书史核验,自动通过,,
太平记.md,WL-WORK-1053,太平记,,佚名,那么,,,,,MISSING_T_REVIEW_NO_YEAR,,anonymous_or_oral,缺 T 且缺少可机器读取 year，需要书目/成书史核验,自动通过,metadata_pending,
太阳城.md,WL-WORK-1054,太阳城,,康帕内拉,,,,,,MISSING_T_REVIEW_NO_YEAR,,,缺 T 且缺少可机器读取 year，需要书目/成书史核验,自动通过,metadata_pending,
太阳石.md,WL-WORK-1649,太阳石,,奥克塔维奥·帕斯,,,,,,MISSING_T_REVIEW_NO_YEAR,,,缺 T 且缺少可机器读取 year，需要书目/成书史核验,自动通过,metadata_pending,
太阳门.md,WL-WORK-2048,太阳门,,埃利亚斯·胡里,Elias Khoury,,,,,MISSING_T_REVIEW_NO_YEAR,,,缺 T 且缺少可机器读取 year，需要书目/成书史核验,自动通过,metadata_pending,
失重的人.md,WL-WORK-1650,失重的人,,墨西哥与美墨边境,,,,,,MISSING_T_REVIEW_NO_YEAR,,,缺 T 且缺少可机器读取 year，需要书目/成书史核验,自动通过,metadata_pending,
奇侠精忠传.md,WL-WORK-2500,奇侠精忠传,,赵焕亭,,,,,,MISSING_T_REVIEW_NO_YEAR,,,缺 T 且缺少可机器读取 year，需要书目/成书史核验,自动通过,metadata_pending,
奇兰·巴兰之书.md,WL-WORK-1651,奇兰·巴兰之书,,佚名,,,,,,MISSING_T_REVIEW_NO_YEAR,,anonymous_or_oral,缺 T 且缺少可机器读取 year，需要书目/成书史核验,自动通过,metadata_pending,
奇异的力量.md,WL-WORK-1652,奇异的力量,,莱奥波尔多·卢贡内斯,,,,,,MISSING_T_REVIEW_NO_YEAR,,,缺 T 且缺少可机器读取 year，需要书目/成书史核验,自动通过,metadata_pending,
奇马尔波波卡手抄本.md,WL-WORK-1439,奇马尔波波卡手抄本,,可通过,,,,,,MISSING_T_REVIEW_NO_YEAR,,,缺 T 且缺少可机器读取 year，需要书目/成书史核验,自动通过,metadata_pending,
奥勃洛莫夫.md,WL-WORK-1055,奥勃洛莫夫,,冈察洛夫,Goncharov,,,,,MISSING_T_REVIEW_NO_YEAR,,,缺 T 且缺少可机器读取 year，需要书目/成书史核验,自动通过,metadata_pending,
奥扬泰.md,WL-WORK-1654,奥扬泰,,安第斯,,,,,,MISSING_T_REVIEW_NO_YEAR,,,缺 T 且缺少可机器读取 year，需要书目/成书史核验,自动通过,metadata_pending,
奥特朗托城堡.md,WL-WORK-0654,奥特朗托城堡,,霍勒斯·沃波尔,Horace Walpole,,,,,MISSING_T_REVIEW_NO_YEAR,,,缺 T 且缺少可机器读取 year，需要书目/成书史核验,自动通过,metadata_pending,
奥米昆莱的女仆.md,WL-WORK-1656,奥米昆莱的女仆,,丽塔·印第安纳,Rita Indiana,,,,,MISSING_T_REVIEW_NO_YEAR,,,缺 T 且缺少可机器读取 year，需要书目/成书史核验,自动通过,metadata_pending,
女人之国的大门.md,WL-WORK-1057,女人之国的大门,,谢丽·S.特珀,Sheri S. Tepper,,,,,MISSING_T_REVIEW_NO_YEAR,,,缺 T 且缺少可机器读取 year，需要书目/成书史核验,自动通过,metadata_pending,
女人之岸.md,WL-WORK-1058,女人之岸,,帕梅拉·萨金特,Pamela Sargent,,,,,MISSING_T_REVIEW_NO_YEAR,,,缺 T 且缺少可机器读取 year，需要书目/成书史核验,自动通过,metadata_pending,
女巫前传.md,WL-WORK-0657,女巫前传,,格雷戈里·马奎尔,Gregory Maguire,,,,,MISSING_T_REVIEW_NO_YEAR,,,缺 T 且缺少可机器读取 year，需要书目/成书史核验,自动通过,metadata_pending,
她乡——中国女性科幻作品选.md,WL-WORK-0468,她乡——中国女性科幻作品选,,新生代,,,,,,MISSING_T_REVIEW_NO_YEAR,,,缺 T 且缺少可机器读取 year，需要书目/成书史核验,自动通过,,
她的身体和其他派对.md,WL-WORK-0659,她的身体和其他派对,,卡门·玛丽亚·马查多,Carmen Maria Machado,,,,,MISSING_T_REVIEW_NO_YEAR,,,缺 T 且缺少可机器读取 year，需要书目/成书史核验,自动通过,metadata_pending,
如意郎君.md,WL-WORK-1060,如意郎君,,维克多·塞斯,Vikram Seth,,,,,MISSING_T_REVIEW_NO_YEAR,,,缺 T 且缺少可机器读取 year，需要书目/成书史核验,自动通过,metadata_pending,
如果我们无法以光速前行.md,WL-WORK-0479,如果我们无法以光速前行,,金草叶,,,,,,MISSING_T_REVIEW_NO_YEAR,,,缺 T 且缺少可机器读取 year，需要书目/成书史核验,自动通过,,
子不语.md,WL-WORK-0662,子不语,,袁枚,,,,,,MISSING_T_REVIEW_NO_YEAR,,,缺 T 且缺少可机器读取 year，需要书目/成书史核验,自动通过,metadata_pending,
孤独之地.md,WL-WORK-0083,孤独之地,,多萝西·B.休斯,Dorothy B. Hughes,,,,,MISSING_T_REVIEW_NO_YEAR,,,缺 T 且缺少可机器读取 year，需要书目/成书史核验,自动通过,,
孤独的迷宫.md,WL-WORK-1668,孤独的迷宫,,奥克塔维奥·帕斯,Paz,,,,,MISSING_T_REVIEW_NO_YEAR,,,缺 T 且缺少可机器读取 year，需要书目/成书史核验,自动通过,metadata_pending,
安魂曲.md,WL-WORK-1670,安魂曲,,阿赫玛托娃,,,,,,MISSING_T_REVIEW_NO_YEAR,,,缺 T 且缺少可机器读取 year，需要书目/成书史核验,自动通过,metadata_pending,
客人.md,WL-WORK-2052,客人,,黄晳暎,,,,,,MISSING_T_REVIEW_NO_YEAR,,,缺 T 且缺少可机器读取 year，需要书目/成书史核验,自动通过,metadata_pending,
家庭纽带.md,WL-WORK-1673,家庭纽带,,克拉丽丝·李斯佩克朵,,,,,,MISSING_T_REVIEW_NO_YEAR,,,缺 T 且缺少可机器读取 year，需要书目/成书史核验,自动通过,metadata_pending,
宾蒂.md,WL-WORK-0473,宾蒂,,恩涅蒂·奥科拉弗,Nnedi Okorafor,,,,,MISSING_T_REVIEW_NO_YEAR,,,缺 T 且缺少可机器读取 year，需要书目/成书史核验,自动通过,,
寂寞之井.md,WL-WORK-1072,寂寞之井,,拉德克利夫·霍尔,Radclyffe Hall,,,,,MISSING_T_REVIEW_NO_YEAR,,,缺 T 且缺少可机器读取 year，需要书目/成书史核验,自动通过,metadata_pending,
寂寞芳心小姐.md,WL-WORK-1674,寂寞芳心小姐,,纳撒尼尔·韦斯特,Nathanael West,,,,,MISSING_T_REVIEW_NO_YEAR,,,缺 T 且缺少可机器读取 year，需要书目/成书史核验,自动通过,metadata_pending,
寓言集.md,WL-WORK-1675,寓言集,,胡安·何塞·阿雷奥拉,,,,,,MISSING_T_REVIEW_NO_YEAR,,,缺 T 且缺少可机器读取 year，需要书目/成书史核验,自动通过,metadata_pending,
封神演义.md,WL-WORK-0668,封神演义,,东方前现代幻想,,,,,,MISSING_T_REVIEW_NO_YEAR,,,缺 T 且缺少可机器读取 year，需要书目/成书史核验,自动通过,metadata_pending,
小书痴的下克上.md,WL-WORK-0669,小书痴的下克上,,香月美夜,,,,,,MISSING_T_REVIEW_NO_YEAR,,,缺 T 且缺少可机器读取 year，需要书目/成书史核验,自动通过,metadata_pending,
小猎犬号航海记.md,WL-WORK-1447,小猎犬号航海记,,达尔文,Darwin,,,,,MISSING_T_REVIEW_NO_YEAR,,,缺 T 且缺少可机器读取 year，需要书目/成书史核验,自动通过,metadata_pending,
少雨之地.md,WL-WORK-2508,少雨之地,The Land of Little Rain,玛丽·奥斯汀,Mary Austin,,,,,MISSING_T_REVIEW_NO_YEAR,,,缺 T 且缺少可机器读取 year，需要书目/成书史核验,自动通过,metadata_pending,
尸体会说话.md,WL-WORK-0121,尸体会说话,Postmortem,帕特里夏·康威尔,Patricia Cornwell,,,,,MISSING_T_REVIEW_NO_YEAR,,,缺 T 且缺少可机器读取 year，需要书目/成书史核验,自动通过,,
尸者的帝国.md,WL-WORK-0449,尸者的帝国,,伊藤计划 / 圆城塔,,,,,,MISSING_T_REVIEW_NO_YEAR,,,缺 T 且缺少可机器读取 year，需要书目/成书史核验,自动通过,,
屠场.md,WL-WORK-1680,屠场,,埃斯特万·埃切维里亚,,,,,,MISSING_T_REVIEW_NO_YEAR,,,缺 T 且缺少可机器读取 year，需要书目/成书史核验,自动通过,metadata_pending,
左传.md,WL-WORK-1084,左传,,左丘明,,,,,,MISSING_T_REVIEW_NO_YEAR,,,缺 T 且缺少可机器读取 year，需要书目/成书史核验,自动通过,metadata_pending,
已知世界.md,WL-WORK-1085,已知世界,,爱德华·P.琼斯,Edward P. Jones,,,,,MISSING_T_REVIEW_NO_YEAR,,,缺 T 且缺少可机器读取 year，需要书目/成书史核验,自动通过,metadata_pending,
巴伦·卡南.md,WL-WORK-1682,巴伦·卡南,,罗萨里奥·卡斯特利亚诺斯,,,,,,MISSING_T_REVIEW_NO_YEAR,,,缺 T 且缺少可机器读取 year，需要书目/成书史核验,自动通过,metadata_pending,
巴格达怪客.md,WL-WORK-2058,巴格达怪客,,艾哈迈德·萨达维,Ahmed Saadawi,,,,,MISSING_T_REVIEW_NO_YEAR,,,缺 T 且缺少可机器读取 year，需要书目/成书史核验,自动通过,metadata_pending,
巴西万岁.md,WL-WORK-1685,巴西万岁,,若昂·乌巴尔多·里贝罗,,,,,,MISSING_T_REVIEW_NO_YEAR,,,缺 T 且缺少可机器读取 year，需要书目/成书史核验,自动通过,metadata_pending,
巴西之旅.md,WL-WORK-1453,巴西之旅,,让·德·莱里,Jean de Léry,,,,,MISSING_T_REVIEW_NO_YEAR,,,缺 T 且缺少可机器读取 year，需要书目/成书史核验,自动通过,metadata_pending,
巴黎狼人.md,WL-WORK-0676,巴黎狼人,,盖伊·恩多尔,Guy Endore,,,,,MISSING_T_REVIEW_NO_YEAR,,,缺 T 且缺少可机器读取 year，需要书目/成书史核验,自动通过,metadata_pending,
布朗神父的天真.md,WL-WORK-0016,布朗神父的天真,,G.K.切斯特顿,,,,,,MISSING_T_REVIEW_NO_YEAR,,,缺 T 且缺少可机器读取 year，需要书目/成书史核验,自动通过,,
布里辛格门的怪石.md,WL-WORK-0677,布里辛格门的怪石,,艾伦·加纳,Alan Garner,,,,,MISSING_T_REVIEW_NO_YEAR,,,缺 T 且缺少可机器读取 year，需要书目/成书史核验,自动通过,metadata_pending,
布鲁克林有棵树.md,WL-WORK-1089,布鲁克林有棵树,,贝蒂·史密斯,Betty Smith,,,,,MISSING_T_REVIEW_NO_YEAR,,,缺 T 且缺少可机器读取 year，需要书目/成书史核验,自动通过,metadata_pending,
师父.md,WL-WORK-2512,师父,,徐皓峰,,,,,,MISSING_T_REVIEW_NO_YEAR,,,缺 T 且缺少可机器读取 year，需要书目/成书史核验,自动通过,metadata_pending,
希尔德布兰特之歌.md,WL-WORK-2513,希尔德布兰特之歌,,佚名,,,,,,MISSING_T_REVIEW_NO_YEAR,,anonymous_or_oral,缺 T 且缺少可机器读取 year，需要书目/成书史核验,自动通过,metadata_pending,
希望.md,WL-WORK-2059,希望,,安德烈·马尔罗,Malraux,,,,,MISSING_T_REVIEW_NO_YEAR,,,缺 T 且缺少可机器读取 year，需要书目/成书史核验,自动通过,metadata_pending,
希腊志.md,WL-WORK-1457,希腊志,,保萨尼亚斯,Pausanias,,,,,MISSING_T_REVIEW_NO_YEAR,,,缺 T 且缺少可机器读取 year，需要书目/成书史核验,自动通过,metadata_pending,
希腊罗马名人传.md,WL-WORK-1090,希腊罗马名人传,,普鲁塔克,,,,,,MISSING_T_REVIEW_NO_YEAR,,,缺 T 且缺少可机器读取 year，需要书目/成书史核验,自动通过,metadata_pending,
帝国之庭.md,WL-WORK-0678,帝国之庭,,安娜·史密斯·斯帕克,Anna Smith Spark,,,,,MISSING_T_REVIEW_NO_YEAR,,,缺 T 且缺少可机器读取 year，需要书目/成书史核验,自动通过,metadata_pending,
帽子戏法之死.md,WL-WORK-0067,帽子戏法之死,Death from a Top Hat,克莱顿·罗森,Clayton Rawson,,,,,MISSING_T_REVIEW_NO_YEAR,,,缺 T 且缺少可机器读取 year，需要书目/成书史核验,自动通过,,
干旱的生活.md,WL-WORK-1687,干旱的生活,,格拉西利亚诺·拉莫斯,,,,,,MISSING_T_REVIEW_NO_YEAR,,,缺 T 且缺少可机器读取 year，需要书目/成书史核验,自动通过,metadata_pending,
平原之夜.md,WL-WORK-0679,平原之夜,,塔妮丝·李,Tanith Lee,,,,,MISSING_T_REVIEW_NO_YEAR,,,缺 T 且缺少可机器读取 year，需要书目/成书史核验,自动通过,metadata_pending,
平治物语.md,WL-WORK-1092,平治物语,,佚名,,,,,,MISSING_T_REVIEW_NO_YEAR,,anonymous_or_oral,缺 T 且缺少可机器读取 year，需要书目/成书史核验,自动通过,metadata_pending,
年轻的命运女神.md,WL-WORK-1688,年轻的命运女神,,保罗·瓦莱里,Paul Valéry,,,,,MISSING_T_REVIEW_NO_YEAR,,,缺 T 且缺少可机器读取 year，需要书目/成书史核验,自动通过,metadata_pending,
幽灵之家.md,WL-WORK-1094,幽灵之家,,伊莎贝尔·阿连德,,,,,,MISSING_T_REVIEW_NO_YEAR,,,缺 T 且缺少可机器读取 year，需要书目/成书史核验,自动通过,metadata_pending,
幽灵故事.md,WL-WORK-0684,幽灵故事,,彼得·斯特劳布,Peter Straub,,,,,MISSING_T_REVIEW_NO_YEAR,,,缺 T 且缺少可机器读取 year，需要书目/成书史核验,自动通过,metadata_pending,
广漠的世界.md,WL-WORK-1690,广漠的世界,,西罗·阿莱格里亚,,,,,,MISSING_T_REVIEW_NO_YEAR,,,缺 T 且缺少可机器读取 year，需要书目/成书史核验,自动通过,metadata_pending,
库希尔的飞镖.md,WL-WORK-0687,库希尔的飞镖,,杰奎琳·凯里,Jacqueline Carey,,,,,MISSING_T_REVIEW_NO_YEAR,,,缺 T 且缺少可机器读取 year，需要书目/成书史核验,自动通过,metadata_pending,
废墟.md,WL-WORK-0688,废墟,The Ruins,斯科特·史密斯,Scott Smith,,,,,MISSING_T_REVIEW_NO_YEAR,,,缺 T 且缺少可机器读取 year，需要书目/成书史核验,自动通过,metadata_pending,
座头市物语.md,WL-WORK-2516,座头市物语,,子母泽宽,,,,,,MISSING_T_REVIEW_NO_YEAR,,,缺 T 且缺少可机器读取 year，需要书目/成书史核验,自动通过,metadata_pending,
廷达罗斯猎犬.md,WL-WORK-0689,廷达罗斯猎犬,,弗兰克·贝尔纳普·朗,Frank Belknap Long,,,,,MISSING_T_REVIEW_NO_YEAR,,,缺 T 且缺少可机器读取 year，需要书目/成书史核验,自动通过,metadata_pending,
弗吉尼亚人.md,WL-WORK-2518,弗吉尼亚人,The Virginian,欧文·威斯特,Owen Wister,,,,,MISSING_T_REVIEW_NO_YEAR,,,缺 T 且缺少可机器读取 year，需要书目/成书史核验,自动通过,metadata_pending,
张吉山.md,WL-WORK-1100,张吉山,,黄皙暎,,,,,,MISSING_T_REVIEW_NO_YEAR,,,缺 T 且缺少可机器读取 year，需要书目/成书史核验,自动通过,metadata_pending,
弹药筒.md,WL-WORK-1693,弹药筒,,内莉·坎波贝略,,,,,,MISSING_T_REVIEW_NO_YEAR,,,缺 T 且缺少可机器读取 year，需要书目/成书史核验,自动通过,metadata_pending,
强盗.md,WL-WORK-2520,强盗,Die Räuber,席勒,Schiller,,,,,MISSING_T_REVIEW_NO_YEAR,,,缺 T 且缺少可机器读取 year，需要书目/成书史核验,自动通过,metadata_pending,
彭公案.md,WL-WORK-2521,彭公案,,贪梦道人,,,,,,MISSING_T_REVIEW_NO_YEAR,,,缺 T 且缺少可机器读取 year，需要书目/成书史核验,自动通过,metadata_pending,
彼得堡.md,WL-WORK-1696,彼得堡,,安德烈·别雷,Andrei Bely,,,,,MISSING_T_REVIEW_NO_YEAR,,,缺 T 且缺少可机器读取 year，需要书目/成书史核验,自动通过,metadata_pending,
徐霞客游记.md,WL-WORK-1458,徐霞客游记,,徐霞客,,,,,,MISSING_T_REVIEW_NO_YEAR,,,缺 T 且缺少可机器读取 year，需要书目/成书史核验,自动通过,metadata_pending,
微妙的平衡.md,WL-WORK-1102,微妙的平衡,,罗欣顿·米斯特里,Rohinton Mistry,,,,,MISSING_T_REVIEW_NO_YEAR,,,缺 T 且缺少可机器读取 year，需要书目/成书史核验,自动通过,metadata_pending,
心是孤独的猎手.md,WL-WORK-0693,心是孤独的猎手,,卡森·麦卡勒斯,Carson McCullers,,,,,MISSING_T_REVIEW_NO_YEAR,,,缺 T 且缺少可机器读取 year，需要书目/成书史核验,自动通过,metadata_pending,
忍耐石.md,WL-WORK-2070,忍耐石,,阿提克·拉希米,Atiq Rahimi,,,,,MISSING_T_REVIEW_NO_YEAR,,,缺 T 且缺少可机器读取 year，需要书目/成书史核验,自动通过,metadata_pending,
忠臣藏.md,WL-WORK-2522,忠臣藏,,竹田出云 / 三好松洛 / 并木千柳,,,,,,MISSING_T_REVIEW_NO_YEAR,,,缺 T 且缺少可机器读取 year，需要书目/成书史核验,自动通过,metadata_pending,
快乐的归来.md,WL-WORK-1106,快乐的归来,,C.S.福雷斯特,C.S. Forester,,,,,MISSING_T_REVIEW_NO_YEAR,,,缺 T 且缺少可机器读取 year，需要书目/成书史核验,自动通过,metadata_pending,
怎么办？.md,WL-WORK-1107,怎么办？,,车尔尼雪夫斯基,Chernyshevsky,,,,,MISSING_T_REVIEW_NO_YEAR,,,缺 T 且缺少可机器读取 year，需要书目/成书史核验,自动通过,metadata_pending,
怒海争锋.md,WL-WORK-1108,怒海争锋,,帕特里克·奥布莱恩,Patrick O'Brian,,,,,MISSING_T_REVIEW_NO_YEAR,,,缺 T 且缺少可机器读取 year，需要书目/成书史核验,自动通过,metadata_pending,
怪谈.md,WL-WORK-0694,怪谈,,小泉八云,,,,,,MISSING_T_REVIEW_NO_YEAR,,,缺 T 且缺少可机器读取 year，需要书目/成书史核验,自动通过,metadata_pending,
恋爱中的奥兰多.md,WL-WORK-2524,恋爱中的奥兰多,,马泰奥·马里亚·博亚尔多,Matteo Maria Boiardo,,,,,MISSING_T_REVIEW_NO_YEAR,,,缺 T 且缺少可机器读取 year，需要书目/成书史核验,自动通过,metadata_pending,
恰似水之于巧克力.md,WL-WORK-1111,恰似水之于巧克力,,劳拉·埃斯基维尔,Laura Esquivel,,,,,MISSING_T_REVIEW_NO_YEAR,,,缺 T 且缺少可机器读取 year，需要书目/成书史核验,自动通过,metadata_pending,
悟空传.md,WL-WORK-0695,悟空传,,今何在,,,,,,MISSING_T_REVIEW_NO_YEAR,,,缺 T 且缺少可机器读取 year，需要书目/成书史核验,自动通过,metadata_pending,
惊魂记.md,WL-WORK-0696,惊魂记,,罗伯特·布洛赫,Robert Bloch,,,,,MISSING_T_REVIEW_NO_YEAR,,,缺 T 且缺少可机器读取 year，需要书目/成书史核验,自动通过,metadata_pending,
我们失去的光.md,WL-WORK-1708,我们失去的光,,待考,阿根廷当代怪奇,,,,,MISSING_T_REVIEW_NO_YEAR,,,缺 T 且缺少可机器读取 year，需要书目/成书史核验,自动通过,metadata_pending,
我们的美洲.md,WL-WORK-1709,我们的美洲,,何塞·马蒂,Martí,,,,,MISSING_T_REVIEW_NO_YEAR,,,缺 T 且缺少可机器读取 year，需要书目/成书史核验,自动通过,metadata_pending,
我想结束这一切.md,WL-WORK-0700,我想结束这一切,,伊恩·里德,Iain Reid,,,,,MISSING_T_REVIEW_NO_YEAR,,,缺 T 且缺少可机器读取 year，需要书目/成书史核验,自动通过,metadata_pending,
我独自升级.md,WL-WORK-0701,我独自升级,,秋工,Web Novel,,,,,MISSING_T_REVIEW_NO_YEAR,,,缺 T 且缺少可机器读取 year，需要书目/成书史核验,自动通过,metadata_pending,
我，女巫蒂图芭.md,WL-WORK-1117,我，女巫蒂图芭,,玛丽斯·孔戴,Maryse Condé,,,,,MISSING_T_REVIEW_NO_YEAR,,,缺 T 且缺少可机器读取 year，需要书目/成书史核验,自动通过,metadata_pending,
我，里戈韦塔·门楚.md,WL-WORK-1713,我，里戈韦塔·门楚,,里戈韦塔·门楚,Rigoberta Menchú,,,,,MISSING_T_REVIEW_NO_YEAR,,,缺 T 且缺少可机器读取 year，需要书目/成书史核验,自动通过,metadata_pending,
我，陪审员.md,WL-WORK-0091,我，陪审员,,米基·斯皮兰,Mickey Spillane,,,,,MISSING_T_REVIEW_NO_YEAR,,,缺 T 且缺少可机器读取 year，需要书目/成书史核验,自动通过,,
战争.md,WL-WORK-1714,战争,,北川冬彦,,,,,,MISSING_T_REVIEW_NO_YEAR,,,缺 T 且缺少可机器读取 year，需要书目/成书史核验,自动通过,metadata_pending,
战争哀歌.md,WL-WORK-2074,战争哀歌,,保宁,,,,,,MISSING_T_REVIEW_NO_YEAR,,,缺 T 且缺少可机器读取 year，需要书目/成书史核验,自动通过,metadata_pending,
战国无赖.md,WL-WORK-2527,战国无赖,,孙晓,,,,,,MISSING_T_REVIEW_NO_YEAR,,,缺 T 且缺少可机器读取 year，需要书目/成书史核验,自动通过,metadata_pending,
战斗妖精雪风.md,WL-WORK-0446,战斗妖精雪风,,神林长平,,,,,,MISSING_T_REVIEW_NO_YEAR,,,缺 T 且缺少可机器读取 year，需要书目/成书史核验,自动通过,,
戴珍珠耳环的少女.md,WL-WORK-1120,戴珍珠耳环的少女,,特雷西·舍瓦利埃,Tracy Chevalier,,,,,MISSING_T_REVIEW_NO_YEAR,,,缺 T 且缺少可机器读取 year，需要书目/成书史核验,自动通过,metadata_pending,
戴眼镜持枪的女人.md,WL-WORK-0232,戴眼镜持枪的女人,,塞巴斯蒂安·雅普里索,Sébastien Japrisot,,,,,MISSING_T_REVIEW_NO_YEAR,,,缺 T 且缺少可机器读取 year，需要书目/成书史核验,自动通过,,
手斧男孩.md,WL-WORK-0703,手斧男孩,,加里·保尔森,Gary Paulsen,,,,,MISSING_T_REVIEW_NO_YEAR,,,缺 T 且缺少可机器读取 year，需要书目/成书史核验,自动通过,metadata_pending,
托马斯·考文南特：不信者之灾.md,WL-WORK-0704,托马斯·考文南特：不信者之灾,,斯蒂芬·R.唐纳森,Stephen R. Donaldson,,,,,MISSING_T_REVIEW_NO_YEAR,,,缺 T 且缺少可机器读取 year，需要书目/成书史核验,自动通过,metadata_pending,
拆解.md,WL-WORK-1124,拆解,,尼尔·舒斯特曼,Neal Shusterman,,,,,MISSING_T_REVIEW_NO_YEAR,,,缺 T 且缺少可机器读取 year，需要书目/成书史核验,自动通过,metadata_pending,
拉·加利戈.md,WL-WORK-1464,拉·加利戈,,布吉人,,,,,,MISSING_T_REVIEW_NO_YEAR,,,缺 T 且缺少可机器读取 year，需要书目/成书史核验,自动通过,metadata_pending,
拉撒路illo.md,WL-WORK-1125,拉撒路illo,,佚名,,,,,,MISSING_T_REVIEW_NO_YEAR,,anonymous_or_oral,缺 T 且缺少可机器读取 year，需要书目/成书史核验,自动通过,metadata_pending,
拉比纳尔武士.md,WL-WORK-1717,拉比纳尔武士,,佚名,,,,,,MISSING_T_REVIEW_NO_YEAR,,anonymous_or_oral,缺 T 且缺少可机器读取 year，需要书目/成书史核验,自动通过,metadata_pending,
拥抱之书.md,WL-WORK-1719,拥抱之书,,爱德华多·加莱亚诺,,,,,,MISSING_T_REVIEW_NO_YEAR,,,缺 T 且缺少可机器读取 year，需要书目/成书史核验,自动通过,metadata_pending,
指匠谜案.md,WL-WORK-1127,指匠谜案,,伊恩·皮尔斯,Iain Pears,,,,,MISSING_T_REVIEW_NO_YEAR,,,缺 T 且缺少可机器读取 year，需要书目/成书史核验,自动通过,metadata_pending,
指匠迷案.md,WL-WORK-0136,指匠迷案,An Instance of the Fingerpost,伊恩·皮尔斯,Iain Pears,,,,,MISSING_T_REVIEW_NO_YEAR,,,缺 T 且缺少可机器读取 year，需要书目/成书史核验,自动通过,,
提堂.md,WL-WORK-1129,提堂,,近代欧洲,,,,,,MISSING_T_REVIEW_NO_YEAR,,,缺 T 且缺少可机器读取 year，需要书目/成书史核验,自动通过,metadata_pending,
搜神记.md,WL-WORK-0708,搜神记,,干宝,,,,,,MISSING_T_REVIEW_NO_YEAR,,,缺 T 且缺少可机器读取 year，需要书目/成书史核验,自动通过,metadata_pending,
撕裂我的生命.md,WL-WORK-1720,撕裂我的生命,,安赫莱斯·马斯特雷塔,,,,,,MISSING_T_REVIEW_NO_YEAR,,,缺 T 且缺少可机器读取 year，需要书目/成书史核验,自动通过,metadata_pending,
斯巴达克斯.md,WL-WORK-1132,斯巴达克斯,,霍华德·法斯特,Howard Fast,,,,,MISSING_T_REVIEW_NO_YEAR,,,缺 T 且缺少可机器读取 year，需要书目/成书史核验,自动通过,metadata_pending,
新世界的孩子们.md,WL-WORK-2076,新世界的孩子们,,阿西亚·杰巴尔,Assia Djebar,,,,,MISSING_T_REVIEW_NO_YEAR,,,缺 T 且缺少可机器读取 year，需要书目/成书史核验,自动通过,metadata_pending,
新月王座.md,WL-WORK-0713,新月王座,,萨拉丁·艾哈迈德,Saladin Ahmed,,,,,MISSING_T_REVIEW_NO_YEAR,,,缺 T 且缺少可机器读取 year，需要书目/成书史核验,自动通过,metadata_pending,
新编年史与良政.md,WL-WORK-1722,新编年史与良政,,瓜曼·波马,,,,,,MISSING_T_REVIEW_NO_YEAR,,,缺 T 且缺少可机器读取 year，需要书目/成书史核验,自动通过,metadata_pending,
新荒野.md,WL-WORK-1134,新荒野,,黛安娜·库克,Diane Cook,,,,,MISSING_T_REVIEW_NO_YEAR,,,缺 T 且缺少可机器读取 year，需要书目/成书史核验,自动通过,metadata_pending,
施公案.md,WL-WORK-2536,施公案,,佚名,,,,,,MISSING_T_REVIEW_NO_YEAR,,anonymous_or_oral,缺 T 且缺少可机器读取 year，需要书目/成书史核验,自动通过,metadata_pending,
旋转楼梯.md,WL-WORK-0020,旋转楼梯,,玛丽·罗伯茨·莱因哈特,,,,,,MISSING_T_REVIEW_NO_YEAR,,,缺 T 且缺少可机器读取 year，需要书目/成书史核验,自动通过,,
无人点灯.md,WL-WORK-1726,无人点灯,,费利斯贝托·埃尔南德斯,,,,,,MISSING_T_REVIEW_NO_YEAR,,,缺 T 且缺少可机器读取 year，需要书目/成书史核验,自动通过,metadata_pending,
无名小说.md,WL-WORK-2078,无名小说,,杨秋香,,,,,,MISSING_T_REVIEW_NO_YEAR,,,缺 T 且缺少可机器读取 year，需要书目/成书史核验,自动通过,metadata_pending,
无境之兽.md,WL-WORK-2080,无境之兽,,乌佐丁马·伊韦阿拉,Uzodinma Iweala,,,,,MISSING_T_REVIEW_NO_YEAR,,,缺 T 且缺少可机器读取 year，需要书目/成书史核验,自动通过,metadata_pending,
无巢鸟.md,WL-WORK-1727,无巢鸟,,克洛林达·马托,,,,,,MISSING_T_REVIEW_NO_YEAR,,,缺 T 且缺少可机器读取 year，需要书目/成书史核验,自动通过,metadata_pending,
无罪推定.md,WL-WORK-0118,无罪推定,,斯科特·图罗,Scott Turow,,,,,MISSING_T_REVIEW_NO_YEAR,,,缺 T 且缺少可机器读取 year，需要书目/成书史核验,自动通过,,
无言者的话.md,WL-WORK-1728,无言者的话,,胡利奥·拉蒙·里贝罗,,,,,,MISSING_T_REVIEW_NO_YEAR,,,缺 T 且缺少可机器读取 year，需要书目/成书史核验,自动通过,metadata_pending,
日子.md,WL-WORK-1729,日子,,塔哈·侯赛因,Taha Hussein,,,,,MISSING_T_REVIEW_NO_YEAR,,,缺 T 且缺少可机器读取 year，需要书目/成书史核验,自动通过,metadata_pending,
日本书纪.md,WL-WORK-1468,日本书纪,,舍人亲王等,,,,,,MISSING_T_REVIEW_NO_YEAR,,,缺 T 且缺少可机器读取 year，需要书目/成书史核验,自动通过,metadata_pending,
日本沉没.md,WL-WORK-0442,日本沉没,,小松左京,,,,,,MISSING_T_REVIEW_NO_YEAR,,,缺 T 且缺少可机器读取 year，需要书目/成书史核验,自动通过,,
时光之轮：世界之眼.md,WL-WORK-0717,时光之轮：世界之眼,,罗伯特·乔丹,Robert Jordan,,,,,MISSING_T_REVIEW_NO_YEAR,,,缺 T 且缺少可机器读取 year，需要书目/成书史核验,自动通过,metadata_pending,
时间旅行者的妻子.md,WL-WORK-2081,时间旅行者的妻子,,奥德丽·尼芬格,Audrey Niffenegger,,,,,MISSING_T_REVIEW_NO_YEAR,,,缺 T 且缺少可机器读取 year，需要书目/成书史核验,自动通过,metadata_pending,
时间箭.md,WL-WORK-1137,时间箭,,马丁·艾米斯,Martin Amis,,,,,MISSING_T_REVIEW_NO_YEAR,,,缺 T 且缺少可机器读取 year，需要书目/成书史核验,自动通过,metadata_pending,
昆仑奴.md,WL-WORK-2538,昆仑奴,,裴铏,,,,,,MISSING_T_REVIEW_NO_YEAR,,,缺 T 且缺少可机器读取 year，需要书目/成书史核验,自动通过,metadata_pending,
星期五的黑人.md,WL-WORK-1138,星期五的黑人,,纳纳·夸梅·阿杰伊-布伦亚,Nana Kwame Adjei-Brenyah,,,,,MISSING_T_REVIEW_NO_YEAR,,,缺 T 且缺少可机器读取 year，需要书目/成书史核验,自动通过,metadata_pending,
星触女王.md,WL-WORK-0720,星触女王,,罗莎妮·乔克希,Roshani Chokshi,,,,,MISSING_T_REVIEW_NO_YEAR,,,缺 T 且缺少可机器读取 year，需要书目/成书史核验,自动通过,metadata_pending,
晚夏.md,WL-WORK-1140,晚夏,,阿达尔贝特·施蒂弗特,Adalbert Stifter,,,,,MISSING_T_REVIEW_NO_YEAR,,,缺 T 且缺少可机器读取 year，需要书目/成书史核验,自动通过,metadata_pending,
暗适应之眼.md,WL-WORK-0128,暗适应之眼,,芭芭拉·瓦恩,Barbara Vine,,,,,MISSING_T_REVIEW_NO_YEAR,,,缺 T 且缺少可机器读取 year，需要书目/成书史核验,自动通过,,
暴风雨前.md,WL-WORK-1142,暴风雨前,,特奥多尔·冯塔纳,Theodor Fontane,,,,,MISSING_T_REVIEW_NO_YEAR,,,缺 T 且缺少可机器读取 year，需要书目/成书史核验,自动通过,metadata_pending,
暴风雨前夜.md,WL-WORK-0722,暴风雨前夜,,吉姆·布彻,Jim Butcher,,,,,MISSING_T_REVIEW_NO_YEAR,,,缺 T 且缺少可机器读取 year，需要书目/成书史核验,自动通过,metadata_pending,
曼侬·莱斯科.md,WL-WORK-1143,曼侬·莱斯科,,普雷沃神父,Prévost,,,,,MISSING_T_REVIEW_NO_YEAR,,,缺 T 且缺少可机器读取 year，需要书目/成书史核验,自动通过,metadata_pending,
曼哈顿中转站.md,WL-WORK-1735,曼哈顿中转站,,约翰·多斯·帕索斯,John Dos Passos,,,,,MISSING_T_REVIEW_NO_YEAR,,,缺 T 且缺少可机器读取 year，需要书目/成书史核验,自动通过,metadata_pending,
曼德维尔游记.md,WL-WORK-1469,曼德维尔游记,,约翰·曼德维尔,John Mandeville,,,,,MISSING_T_REVIEW_NO_YEAR,,,缺 T 且缺少可机器读取 year，需要书目/成书史核验,自动通过,metadata_pending,
曾我物语.md,WL-WORK-2541,曾我物语,Soga Monogatari,第二次,,,,,,MISSING_T_REVIEW_NO_YEAR,,,缺 T 且缺少可机器读取 year，需要书目/成书史核验,自动通过,metadata_pending,
曾达的囚徒.md,WL-WORK-2542,曾达的囚徒,The Prisoner of Zenda,安东尼·霍普,Anthony Hope,,,,,MISSING_T_REVIEW_NO_YEAR,,,缺 T 且缺少可机器读取 year，需要书目/成书史核验,自动通过,metadata_pending,
最后的雾.md,WL-WORK-1736,最后的雾,,玛丽亚·路易莎·邦巴尔,,,,,,MISSING_T_REVIEW_NO_YEAR,,,缺 T 且缺少可机器读取 year，需要书目/成书史核验,自动通过,metadata_pending,
月之花园.md,WL-WORK-0726,月之花园,,史蒂文·埃里克森,Steven Erikson,,,,,MISSING_T_REVIEW_NO_YEAR,,,缺 T 且缺少可机器读取 year，需要书目/成书史核验,自动通过,metadata_pending,
朗读者.md,WL-WORK-1149,朗读者,,本哈德·施林克,Bernhard Schlink,,,,,MISSING_T_REVIEW_NO_YEAR,,,缺 T 且缺少可机器读取 year，需要书目/成书史核验,自动通过,metadata_pending,
朝圣.md,WL-WORK-1739,朝圣,,多萝西·理查森,,,,,,MISSING_T_REVIEW_NO_YEAR,,,缺 T 且缺少可机器读取 year，需要书目/成书史核验,自动通过,metadata_pending,
朝圣日记.md,WL-WORK-1470,朝圣日记,,埃格里亚,Egeria,,,,,MISSING_T_REVIEW_NO_YEAR,,,缺 T 且缺少可机器读取 year，需要书目/成书史核验,自动通过,metadata_pending,
未央歌.md,WL-WORK-1150,未央歌,,鹿桥,,,,,,MISSING_T_REVIEW_NO_YEAR,,,缺 T 且缺少可机器读取 year，需要书目/成书史核验,自动通过,metadata_pending,
未来人种.md,WL-WORK-1151,未来人种,,爱德华·布尔沃-利顿,Edward Bulwer-Lytton,,,,,MISSING_T_REVIEW_NO_YEAR,,,缺 T 且缺少可机器读取 year，需要书目/成书史核验,自动通过,metadata_pending,
未来的回忆.md,WL-WORK-1740,未来的回忆,,埃莱娜·加罗,,,,,,MISSING_T_REVIEW_NO_YEAR,,,缺 T 且缺少可机器读取 year，需要书目/成书史核验,自动通过,metadata_pending,
朱尔根.md,WL-WORK-0729,朱尔根,,詹姆斯·布兰奇·卡贝尔,James Branch Cabell,,,,,MISSING_T_REVIEW_NO_YEAR,,,缺 T 且缺少可机器读取 year，需要书目/成书史核验,自动通过,metadata_pending,
杀戮之病.md,WL-WORK-0187,杀戮之病,,我孙子武丸,,,,,,MISSING_T_REVIEW_NO_YEAR,,,缺 T 且缺少可机器读取 year，需要书目/成书史核验,自动通过,,
权力.md,WL-WORK-1155,权力,,娜奥米·奥尔德曼,Naomi Alderman,,,,,MISSING_T_REVIEW_NO_YEAR,,,缺 T 且缺少可机器读取 year，需要书目/成书史核验,自动通过,metadata_pending,
村上海贼之女.md,WL-WORK-2544,村上海贼之女,,和田龙,,,,,,MISSING_T_REVIEW_NO_YEAR,,,缺 T 且缺少可机器读取 year，需要书目/成书史核验,自动通过,metadata_pending,
松歌.md,WL-WORK-1744,松歌,,尼古拉斯·纪廉,Nicolás Guillén,,,,,MISSING_T_REVIEW_NO_YEAR,,,缺 T 且缺少可机器读取 year，需要书目/成书史核验,自动通过,metadata_pending,
柳林风声.md,WL-WORK-0734,柳林风声,,肯尼斯·格雷厄姆,Kenneth Grahame,,,,,MISSING_T_REVIEW_NO_YEAR,,,缺 T 且缺少可机器读取 year，需要书目/成书史核验,自动通过,metadata_pending,
根.md,WL-WORK-1162,根,,亚历克斯·哈利,Alex Haley,,,,,MISSING_T_REVIEW_NO_YEAR,,,缺 T 且缺少可机器读取 year，需要书目/成书史核验,自动通过,metadata_pending,
格林童话.md,WL-WORK-0737,格林童话,,格林兄弟,Grimm Brothers,,,,,MISSING_T_REVIEW_NO_YEAR,,,缺 T 且缺少可机器读取 year，需要书目/成书史核验,自动通过,metadata_pending,
桃源二村.md,WL-WORK-1163,桃源二村,,B.F.斯金纳,B.F. Skinner,,,,,MISSING_T_REVIEW_NO_YEAR,,,缺 T 且缺少可机器读取 year，需要书目/成书史核验,自动通过,metadata_pending,
桥.md,WL-WORK-1748,桥,,哈特·克莱恩,Hart Crane,,,,,MISSING_T_REVIEW_NO_YEAR,,,缺 T 且缺少可机器读取 year，需要书目/成书史核验,自动通过,metadata_pending,
桶子.md,WL-WORK-0053,桶子,The Cask,弗里曼·克罗夫茨,Crofts,,,,,MISSING_T_REVIEW_NO_YEAR,,,缺 T 且缺少可机器读取 year，需要书目/成书史核验,自动通过,,
梦与现实.md,WL-WORK-1750,梦与现实,,胡安娜·曼努埃拉·戈里蒂,,,,,,MISSING_T_REVIEW_NO_YEAR,,,缺 T 且缺少可机器读取 year，需要书目/成书史核验,自动通过,metadata_pending,
梦之共和国.md,WL-WORK-1751,梦之共和国,,内莉达·皮尼翁,,,,,,MISSING_T_REVIEW_NO_YEAR,,,缺 T 且缺少可机器读取 year，需要书目/成书史核验,自动通过,metadata_pending,
楼门五三桐.md,WL-WORK-2552,楼门五三桐,,并木五瓶,,,,,,MISSING_T_REVIEW_NO_YEAR,,,缺 T 且缺少可机器读取 year，需要书目/成书史核验,自动通过,metadata_pending,
樱树抽芽时，想你.md,WL-WORK-0197,樱树抽芽时，想你,,旧版常见译名,,,,,,MISSING_T_REVIEW_NO_YEAR,,,缺 T 且缺少可机器读取 year，需要书目/成书史核验,需复核,,
欢乐之家.md,WL-WORK-1168,欢乐之家,Fun Home,艾莉森·贝克德尔,Alison Bechdel,,,,,MISSING_T_REVIEW_NO_YEAR,,,缺 T 且缺少可机器读取 year，需要书目/成书史核验,自动通过,metadata_pending,
歌唱的白骨.md,WL-WORK-0017,歌唱的白骨,,R.奥斯汀·弗里曼,,,,,,MISSING_T_REVIEW_NO_YEAR,,,缺 T 且缺少可机器读取 year，需要书目/成书史核验,自动通过,,
歌集.md,WL-WORK-2086,歌集,,彼特拉克,Petrarch,,,,,MISSING_T_REVIEW_NO_YEAR,,,缺 T 且缺少可机器读取 year，需要书目/成书史核验,自动通过,metadata_pending,
武士道：日本的灵魂.md,WL-WORK-2557,武士道：日本的灵魂,Bushido: The Soul of Japan,新渡户稻造,,,,,,MISSING_T_REVIEW_NO_YEAR,,,缺 T 且缺少可机器读取 year，需要书目/成书史核验,自动通过,metadata_pending,
武家义理物语.md,WL-WORK-2558,武家义理物语,Buke Giri Monogatari,井原西鹤,,,,,,MISSING_T_REVIEW_NO_YEAR,,,缺 T 且缺少可机器读取 year，需要书目/成书史核验,自动通过,metadata_pending,
武田信玄.md,WL-WORK-2560,武田信玄,,新田次郎,,,,,,MISSING_T_REVIEW_NO_YEAR,,,缺 T 且缺少可机器读取 year，需要书目/成书史核验,自动通过,metadata_pending,
武道传来记.md,WL-WORK-2561,武道传来记,Budō Denraiki,井原西鹤,,,,,,MISSING_T_REVIEW_NO_YEAR,,,缺 T 且缺少可机器读取 year，需要书目/成书史核验,自动通过,metadata_pending,
武道初心集.md,WL-WORK-2562,武道初心集,Budō Shoshinshū,大道寺友山,,,,,,MISSING_T_REVIEW_NO_YEAR,,,缺 T 且缺少可机器读取 year，需要书目/成书史核验,自动通过,metadata_pending,
死亡与生命，塞韦里诺.md,WL-WORK-1757,死亡与生命，塞韦里诺,,若昂·卡布拉尔·德·梅洛·内托,,,,,,MISSING_T_REVIEW_NO_YEAR,,,缺 T 且缺少可机器读取 year，需要书目/成书史核验,自动通过,metadata_pending,
死亡之谜.md,WL-WORK-0122,死亡之谜,Déjà Dead,凯西·莱克斯,Kathy Reichs,,,,,MISSING_T_REVIEW_NO_YEAR,,,缺 T 且缺少可机器读取 year，需要书目/成书史核验,自动通过,,
死亡通知单：暗黑者.md,WL-WORK-0246,死亡通知单：暗黑者,,周浩晖,,,,,,MISSING_T_REVIEW_NO_YEAR,,,缺 T 且缺少可机器读取 year，需要书目/成书史核验,自动通过,,
死梦之歌.md,WL-WORK-0745,死梦之歌,,佚名,,,,,,MISSING_T_REVIEW_NO_YEAR,,anonymous_or_oral,缺 T 且缺少可机器读取 year，需要书目/成书史核验,自动通过,metadata_pending,
母狗.md,WL-WORK-1758,母狗,,皮拉尔·金塔纳,Pilar Quintana,,,,,MISSING_T_REVIEW_NO_YEAR,,,缺 T 且缺少可机器读取 year，需要书目/成书史核验,自动通过,metadata_pending,
母系.md,WL-WORK-1171,母系,,苏齐·麦基·查纳斯,Suzy McKee Charnas,,,,,MISSING_T_REVIEW_NO_YEAR,,,缺 T 且缺少可机器读取 year，需要书目/成书史核验,自动通过,metadata_pending,
母语.md,WL-WORK-1172,母语,,苏泽特·黑登·埃尔金,Suzette Haden Elgin,,,,,MISSING_T_REVIEW_NO_YEAR,,,缺 T 且缺少可机器读取 year，需要书目/成书史核验,自动通过,metadata_pending,
毛猿.md,WL-WORK-1760,毛猿,,尤金·奥尼尔,Eugene O'Neill,,,,,MISSING_T_REVIEW_NO_YEAR,,,缺 T 且缺少可机器读取 year，需要书目/成书史核验,自动通过,metadata_pending,
水的形状.md,WL-WORK-0238,水的形状,,安德烈亚·卡米莱里,Andrea Camilleri,,,,,MISSING_T_REVIEW_NO_YEAR,,,缺 T 且缺少可机器读取 year，需要书目/成书史核验,自动通过,,
永州八记.md,WL-WORK-1480,永州八记,,柳宗元,,,,,,MISSING_T_REVIEW_NO_YEAR,,,缺 T 且缺少可机器读取 year，需要书目/成书史核验,自动通过,metadata_pending,
永恒之王.md,WL-WORK-0749,永恒之王,,T.H.怀特,T.H. White,,,,,MISSING_T_REVIEW_NO_YEAR,,,缺 T 且缺少可机器读取 year，需要书目/成书史核验,自动通过,metadata_pending,
永恒者.md,WL-WORK-0471,永恒者,El Eternauta,埃克托尔·赫尔曼·奥斯特尔德,Héctor Germán Oesterheld,,,,,MISSING_T_REVIEW_NO_YEAR,,,缺 T 且缺少可机器读取 year，需要书目/成书史核验,自动通过,,
永远讲不完的故事.md,WL-WORK-0750,永远讲不完的故事,,米切尔·恩德,Michael Ende,,,,,MISSING_T_REVIEW_NO_YEAR,,,缺 T 且缺少可机器读取 year，需要书目/成书史核验,自动通过,metadata_pending,
汉书.md,WL-WORK-1177,汉书,,班固,,,,,,MISSING_T_REVIEW_NO_YEAR,,,缺 T 且缺少可机器读取 year，需要书目/成书史核验,自动通过,metadata_pending,
江湖奇侠传.md,WL-WORK-2565,江湖奇侠传,,平江不肖生,,,,,,MISSING_T_REVIEW_NO_YEAR,,,缺 T 且缺少可机器读取 year，需要书目/成书史核验,自动通过,metadata_pending,
沙娜拉之剑.md,WL-WORK-0755,沙娜拉之剑,,特里·布鲁克斯,Terry Brooks,,,,,MISSING_T_REVIEW_NO_YEAR,,,缺 T 且缺少可机器读取 year，需要书目/成书史核验,自动通过,metadata_pending,
沙漠之年.md,WL-WORK-1181,沙漠之年,,佩德罗·迈拉尔,Pedro Mairal,,,,,MISSING_T_REVIEW_NO_YEAR,,,缺 T 且缺少可机器读取 year，需要书目/成书史核验,自动通过,metadata_pending,
没有人会看见我哭泣.md,WL-WORK-1762,没有人会看见我哭泣,,克里斯蒂娜·里维拉·加尔萨,,,,,,MISSING_T_REVIEW_NO_YEAR,,,缺 T 且缺少可机器读取 year，需要书目/成书史核验,自动通过,metadata_pending,
法兰西组曲.md,WL-WORK-1182,法兰西组曲,,伊雷娜·内米洛夫斯基,Irène Némirovsky,,,,,MISSING_T_REVIEW_NO_YEAR,,,缺 T 且缺少可机器读取 year，需要书目/成书史核验,自动通过,metadata_pending,
波希米亚之光.md,WL-WORK-1766,波希米亚之光,,巴列-因克兰,Ramón del Valle-Inclán,,,,,MISSING_T_REVIEW_NO_YEAR,,,缺 T 且缺少可机器读取 year，需要书目/成书史核验,自动通过,metadata_pending,
洗尸人.md,WL-WORK-2089,洗尸人,,锡南·安通,Sinan Antoon,,,,,MISSING_T_REVIEW_NO_YEAR,,,缺 T 且缺少可机器读取 year，需要书目/成书史核验,自动通过,metadata_pending,
洞.md,WL-WORK-0759,洞,,卞惠英,,,,,,MISSING_T_REVIEW_NO_YEAR,,,缺 T 且缺少可机器读取 year，需要书目/成书史核验,自动通过,metadata_pending,
洞中人.md,WL-WORK-1768,洞中人,,陶菲格·哈基姆,Tawfiq al-Hakim,,,,,MISSING_T_REVIEW_NO_YEAR,,,缺 T 且缺少可机器读取 year，需要书目/成书史核验,自动通过,metadata_pending,
海中公牛.md,WL-WORK-1189,海中公牛,,古希腊,,,,,,MISSING_T_REVIEW_NO_YEAR,,,缺 T 且缺少可机器读取 year，需要书目/成书史核验,自动通过,metadata_pending,
海因里希·冯·奥夫特丁根.md,WL-WORK-1190,海因里希·冯·奥夫特丁根,,诺瓦利斯,Novalis,,,,,MISSING_T_REVIEW_NO_YEAR,,,缺 T 且缺少可机器读取 year，需要书目/成书史核验,自动通过,metadata_pending,
海园.md,WL-WORK-1771,海园,,希尔达·杜利特尔,H.D.,,,,,MISSING_T_REVIEW_NO_YEAR,,,缺 T 且缺少可机器读取 year，需要书目/成书史核验,自动通过,metadata_pending,
海的沉默.md,WL-WORK-2091,海的沉默,,韦科尔,Vercors,,,,,MISSING_T_REVIEW_NO_YEAR,,,缺 T 且缺少可机器读取 year，需要书目/成书史核验,自动通过,metadata_pending,
消失的另一半.md,WL-WORK-1191,消失的另一半,,布丽特·贝内特,Brit Bennett,,,,,MISSING_T_REVIEW_NO_YEAR,,,缺 T 且缺少可机器读取 year，需要书目/成书史核验,自动通过,metadata_pending,
淮南子.md,WL-WORK-1483,淮南子,,刘安,,,,,,MISSING_T_REVIEW_NO_YEAR,,,缺 T 且缺少可机器读取 year，需要书目/成书史核验,自动通过,metadata_pending,
深沉的河流.md,WL-WORK-1192,深沉的河流,,何塞·玛丽亚·阿格达斯,José María Arguedas,,,,,MISSING_T_REVIEW_NO_YEAR,,,缺 T 且缺少可机器读取 year，需要书目/成书史核验,自动通过,metadata_pending,
混乱的仪式.md,WL-WORK-1778,混乱的仪式,,卡洛斯·蒙西瓦伊斯,,,,,,MISSING_T_REVIEW_NO_YEAR,,,缺 T 且缺少可机器读取 year，需要书目/成书史核验,自动通过,metadata_pending,
混沌行走：永不放下的猎刀.md,WL-WORK-1194,混沌行走：永不放下的猎刀,,帕特里克·内斯,Patrick Ness,,,,,MISSING_T_REVIEW_NO_YEAR,,,缺 T 且缺少可机器读取 year，需要书目/成书史核验,自动通过,metadata_pending,
漩涡.md,WL-WORK-0763,漩涡,,何塞·欧斯塔西奥·里韦拉,José Eustasio Rivera,,,,,MISSING_T_REVIEW_NO_YEAR,,,缺 T 且缺少可机器读取 year，需要书目/成书史核验,自动通过,metadata_pending,
漫歌.md,WL-WORK-1780,漫歌,,巴勃罗·聂鲁达,,,,,,MISSING_T_REVIEW_NO_YEAR,,,缺 T 且缺少可机器读取 year，需要书目/成书史核验,自动通过,metadata_pending,
漫游者梅尔莫斯.md,WL-WORK-0764,漫游者梅尔莫斯,,查尔斯·马图林,Charles Maturin,,,,,MISSING_T_REVIEW_NO_YEAR,,,缺 T 且缺少可机器读取 year，需要书目/成书史核验,自动通过,metadata_pending,
漫漫长路.md,WL-WORK-1197,漫漫长路,,塞巴斯蒂安·巴里,Sebastian Barry,,,,,MISSING_T_REVIEW_NO_YEAR,,,缺 T 且缺少可机器读取 year，需要书目/成书史核验,自动通过,metadata_pending,
漫长的歌.md,WL-WORK-1198,漫长的歌,,安德烈娅·利维,Andrea Levy,,,,,MISSING_T_REVIEW_NO_YEAR,,,缺 T 且缺少可机器读取 year，需要书目/成书史核验,自动通过,metadata_pending,
火焰与花朵.md,WL-WORK-2092,火焰与花朵,The Flame and the Flower,凯瑟琳·E.伍迪维斯,Kathleen E. Woodiwiss,,,,,MISSING_T_REVIEW_NO_YEAR,,,缺 T 且缺少可机器读取 year，需要书目/成书史核验,自动通过,metadata_pending,
火线.md,WL-WORK-1202,火线,,亨利·巴比塞,Barbusse,,,,,MISSING_T_REVIEW_NO_YEAR,,,缺 T 且缺少可机器读取 year，需要书目/成书史核验,自动通过,metadata_pending,
火车上的女孩.md,WL-WORK-0131,火车上的女孩,,宝拉·霍金斯,Paula Hawkins,,,,,MISSING_T_REVIEW_NO_YEAR,,,缺 T 且缺少可机器读取 year，需要书目/成书史核验,自动通过,,
炽热的岩石.md,WL-WORK-0256,炽热的岩石,The Hot Rock,唐纳德·E.韦斯特莱克,Donald E. Westlake,,,,,MISSING_T_REVIEW_NO_YEAR,,,缺 T 且缺少可机器读取 year，需要书目/成书史核验,自动通过,,
熊与夜莺.md,WL-WORK-0766,熊与夜莺,,凯瑟琳·阿登,Katherine Arden,,,,,MISSING_T_REVIEW_NO_YEAR,,,缺 T 且缺少可机器读取 year，需要书目/成书史核验,自动通过,metadata_pending,
熙德之歌.md,WL-WORK-1204,熙德之歌,,佚名,,,,,,MISSING_T_REVIEW_NO_YEAR,,anonymous_or_oral,缺 T 且缺少可机器读取 year，需要书目/成书史核验,自动通过,metadata_pending,
燃烧的银.md,WL-WORK-1785,燃烧的银,,里卡多·皮格利亚,,,,,,MISSING_T_REVIEW_NO_YEAR,,,缺 T 且缺少可机器读取 year，需要书目/成书史核验,自动通过,metadata_pending,
燕子号与亚马逊号.md,WL-WORK-0767,燕子号与亚马逊号,,阿瑟·兰塞姆,Arthur Ransome,,,,,MISSING_T_REVIEW_NO_YEAR,,,缺 T 且缺少可机器读取 year，需要书目/成书史核验,自动通过,metadata_pending,
爱情、疯狂与死亡的故事.md,WL-WORK-1786,爱情、疯狂与死亡的故事,,短篇小说开始成为超级强项,,,,,,MISSING_T_REVIEW_NO_YEAR,,,缺 T 且缺少可机器读取 year，需要书目/成书史核验,自动通过,metadata_pending,
爱情诗.md,WL-WORK-1787,爱情诗,,伊黛亚·比拉里尼奥,Idea Vilariño,,,,,MISSING_T_REVIEW_NO_YEAR,,,缺 T 且缺少可机器读取 year，需要书目/成书史核验,自动通过,metadata_pending,
爱狗男人.md,WL-WORK-1788,爱狗男人,,古巴当代,,,,,,MISSING_T_REVIEW_NO_YEAR,,,缺 T 且缺少可机器读取 year，需要书目/成书史核验,自动通过,metadata_pending,
牛轭事件.md,WL-WORK-2569,牛轭事件,The Ox-Bow Incident,沃尔特·范蒂尔伯格·克拉克,Walter Van Tilburg Clark,,,,,MISSING_T_REVIEW_NO_YEAR,,,缺 T 且缺少可机器读取 year，需要书目/成书史核验,自动通过,metadata_pending,
特伦特最后一案.md,WL-WORK-0018,特伦特最后一案,,E.C.本特利,,,,,,MISSING_T_REVIEW_NO_YEAR,,,缺 T 且缺少可机器读取 year，需要书目/成书史核验,自动通过,,
特辖军的一天.md,WL-WORK-1210,特辖军的一天,,弗拉基米尔·索罗金,Vladimir Sorokin,,,,,MISSING_T_REVIEW_NO_YEAR,,,缺 T 且缺少可机器读取 year，需要书目/成书史核验,自动通过,metadata_pending,
特里尔塞.md,WL-WORK-1791,特里尔塞,,塞萨尔·巴列霍,,,,,,MISSING_T_REVIEW_NO_YEAR,,,缺 T 且缺少可机器读取 year，需要书目/成书史核验,自动通过,metadata_pending,
特里斯坦与伊瑟.md,WL-WORK-2099,特里斯坦与伊瑟,,佚名,,,,,,MISSING_T_REVIEW_NO_YEAR,,anonymous_or_oral,缺 T 且缺少可机器读取 year，需要书目/成书史核验,自动通过,metadata_pending,
犬之力.md,WL-WORK-2570,犬之力,The Power of the Dog,托马斯·萨维奇,Thomas Savage,,,,,MISSING_T_REVIEW_NO_YEAR,,,缺 T 且缺少可机器读取 year，需要书目/成书史核验,自动通过,metadata_pending,
狄安娜之树.md,WL-WORK-1792,狄安娜之树,,阿莱杭德拉·皮扎尼克,,,,,,MISSING_T_REVIEW_NO_YEAR,,,缺 T 且缺少可机器读取 year，需要书目/成书史核验,自动通过,metadata_pending,
独行道.md,WL-WORK-2571,独行道,Dokkōdō,宫本武藏,,,,,,MISSING_T_REVIEW_NO_YEAR,,,缺 T 且缺少可机器读取 year，需要书目/成书史核验,自动通过,metadata_pending,
猎人.md,WL-WORK-0255,猎人,The Hunter,理查德·斯塔克,Richard Stark,,,,,MISSING_T_REVIEW_NO_YEAR,,,缺 T 且缺少可机器读取 year，需要书目/成书史核验,自动通过,,
玛丽亚.md,WL-WORK-1796,玛丽亚,,豪尔赫·伊萨克斯,,,,,,MISSING_T_REVIEW_NO_YEAR,,,缺 T 且缺少可机器读取 year，需要书目/成书史核验,自动通过,metadata_pending,
玛纳斯史诗.md,WL-WORK-1486,玛纳斯史诗,,吉尔吉斯,,,,,,MISSING_T_REVIEW_NO_YEAR,,title_aggregate_or_tradition,缺 T 且缺少可机器读取 year，需要书目/成书史核验,自动通过,metadata_pending,
玫瑰水.md,WL-WORK-0475,玫瑰水,,塔德·汤普森,Tade Thompson,,,,,MISSING_T_REVIEW_NO_YEAR,,,缺 T 且缺少可机器读取 year，需要书目/成书史核验,自动通过,,
玫瑰的名字.md,WL-WORK-0132,玫瑰的名字,,翁贝托·埃科,,,,,,MISSING_T_REVIEW_NO_YEAR,,,缺 T 且缺少可机器读取 year，需要书目/成书史核验,自动通过,,
珊瑚岛上的死光.md,WL-WORK-0453,珊瑚岛上的死光,,童恩正,,,,,,MISSING_T_REVIEW_NO_YEAR,,,缺 T 且缺少可机器读取 year，需要书目/成书史核验,自动通过,,
瑞士家庭鲁滨逊.md,WL-WORK-0779,瑞士家庭鲁滨逊,Swiss Family Robinson,约翰·戴维·维斯,Johann David Wyss,,,,,MISSING_T_REVIEW_NO_YEAR,,,缺 T 且缺少可机器读取 year，需要书目/成书史核验,自动通过,metadata_pending,
瓜拉尼人.md,WL-WORK-1799,瓜拉尼人,,若泽·德·阿伦卡尔,,,,,,MISSING_T_REVIEW_NO_YEAR,,,缺 T 且缺少可机器读取 year，需要书目/成书史核验,自动通过,metadata_pending,
瓦尔塔里之歌.md,WL-WORK-2573,瓦尔塔里之歌,Waltharius,佚名,,,,,,MISSING_T_REVIEW_NO_YEAR,,anonymous_or_oral,缺 T 且缺少可机器读取 year，需要书目/成书史核验,自动通过,metadata_pending,
瓦泰克.md,WL-WORK-0780,瓦泰克,,威廉·贝克福德,William Beckford,,,,,MISSING_T_REVIEW_NO_YEAR,,,缺 T 且缺少可机器读取 year，需要书目/成书史核验,自动通过,metadata_pending,
瓦罗奇里手稿.md,WL-WORK-1488,瓦罗奇里手稿,,安第斯,,,,,,MISSING_T_REVIEW_NO_YEAR,,,缺 T 且缺少可机器读取 year，需要书目/成书史核验,自动通过,metadata_pending,
瓦西蓬戈.md,WL-WORK-1800,瓦西蓬戈,,豪尔赫·伊卡萨,,,,,,MISSING_T_REVIEW_NO_YEAR,,,缺 T 且缺少可机器读取 year，需要书目/成书史核验,自动通过,metadata_pending,
瓦西里·焦尔金.md,WL-WORK-2100,瓦西里·焦尔金,,亚历山大·特瓦尔多夫斯基,Alexander Tvardovsky,,,,,MISSING_T_REVIEW_NO_YEAR,,,缺 T 且缺少可机器读取 year，需要书目/成书史核验,自动通过,metadata_pending,
甘蔗.md,WL-WORK-1801,甘蔗,,琼·图默,Jean Toomer,,,,,MISSING_T_REVIEW_NO_YEAR,,,缺 T 且缺少可机器读取 year，需要书目/成书史核验,自动通过,metadata_pending,
生人勿进.md,WL-WORK-0781,生人勿进,,约翰·阿维德·林德奎斯特,John Ajvide Lindqvist,,,,,MISSING_T_REVIEW_NO_YEAR,,,缺 T 且缺少可机器读取 year，需要书目/成书史核验,自动通过,metadata_pending,
生命不息.md,WL-WORK-1217,生命不息,,凯特·阿特金森,Kate Atkinson,,,,,MISSING_T_REVIEW_NO_YEAR,,,缺 T 且缺少可机器读取 year，需要书目/成书史核验,自动通过,metadata_pending,
生命与希望之歌.md,WL-WORK-1802,生命与希望之歌,,鲁文·达里奥,,,,,,MISSING_T_REVIEW_NO_YEAR,,,缺 T 且缺少可机器读取 year，需要书目/成书史核验,自动通过,metadata_pending,
生命之歌.md,WL-WORK-0455,生命之歌,,王晋康,,,,,,MISSING_T_REVIEW_NO_YEAR,,,缺 T 且缺少可机器读取 year，需要书目/成书史核验,自动通过,,
生死场.md,WL-WORK-2101,生死场,,萧红,,,,,,MISSING_T_REVIEW_NO_YEAR,,,缺 T 且缺少可机器读取 year，需要书目/成书史核验,自动通过,metadata_pending,
生者与死者.md,WL-WORK-2102,生者与死者,,康斯坦丁·西蒙诺夫,Konstantin Simonov,,,,,MISSING_T_REVIEW_NO_YEAR,,,缺 T 且缺少可机器读取 year，需要书目/成书史核验,自动通过,metadata_pending,
田纳西的伙伴.md,WL-WORK-2575,田纳西的伙伴,Tennessee's Partner,布雷特·哈特,Bret Harte,,,,,MISSING_T_REVIEW_NO_YEAR,,,缺 T 且缺少可机器读取 year，需要书目/成书史核验,自动通过,metadata_pending,
甲虫.md,WL-WORK-0782,甲虫,,理查德·马什,Richard Marsh,,,,,MISSING_T_REVIEW_NO_YEAR,,,缺 T 且缺少可机器读取 year，需要书目/成书史核验,自动通过,metadata_pending,
男孩、雪、鸟.md,WL-WORK-0783,男孩、雪、鸟,,海伦·奥耶耶米,Helen Oyeyemi,,,,,MISSING_T_REVIEW_NO_YEAR,,,缺 T 且缺少可机器读取 year，需要书目/成书史核验,自动通过,metadata_pending,
留下来陪我.md,WL-WORK-2103,留下来陪我,,阿约芭米·阿德巴约,Ayọ̀bámi Adébáyọ̀,,,,,MISSING_T_REVIEW_NO_YEAR,,,缺 T 且缺少可机器读取 year，需要书目/成书史核验,自动通过,metadata_pending,
疯狂欲望.md,WL-WORK-1805,疯狂欲望,,佩德罗·莱梅贝尔,Pedro Lemebel,,,,,MISSING_T_REVIEW_NO_YEAR,,,缺 T 且缺少可机器读取 year，需要书目/成书史核验,自动通过,metadata_pending,
疯狂的奥兰多.md,WL-WORK-2578,疯狂的奥兰多,Orlando Furioso,卢多维科·阿里奥斯托,Ludovico Ariosto,,,,,MISSING_T_REVIEW_NO_YEAR,,,缺 T 且缺少可机器读取 year，需要书目/成书史核验,自动通过,metadata_pending,
疲倦的布鲁斯.md,WL-WORK-1806,疲倦的布鲁斯,,兰斯顿·休斯,Langston Hughes,,,,,MISSING_T_REVIEW_NO_YEAR,,,缺 T 且缺少可机器读取 year，需要书目/成书史核验,自动通过,metadata_pending,
痛苦与狂喜.md,WL-WORK-1221,痛苦与狂喜,,欧文·斯通,Irving Stone,,,,,MISSING_T_REVIEW_NO_YEAR,,,缺 T 且缺少可机器读取 year，需要书目/成书史核验,自动通过,metadata_pending,
痴儿西木传.md,WL-WORK-2105,痴儿西木传,,格里美尔斯豪森,Grimmelshausen,,,,,MISSING_T_REVIEW_NO_YEAR,,,缺 T 且缺少可机器读取 year，需要书目/成书史核验,自动通过,metadata_pending,
癞皮鹦鹉.md,WL-WORK-1809,癞皮鹦鹉,,费尔南德斯·德·利萨尔迪,,,,,,MISSING_T_REVIEW_NO_YEAR,,,缺 T 且缺少可机器读取 year，需要书目/成书史核验,自动通过,metadata_pending,
百亿昼与千亿夜.md,WL-WORK-0445,百亿昼与千亿夜,,光濑龙,,,,,,MISSING_T_REVIEW_NO_YEAR,,,缺 T 且缺少可机器读取 year，需要书目/成书史核验,自动通过,,
盆栽.md,WL-WORK-1810,盆栽,,亚历杭德罗·桑布拉,,,,,,MISSING_T_REVIEW_NO_YEAR,,,缺 T 且缺少可机器读取 year，需要书目/成书史核验,自动通过,metadata_pending,
盲人行路指南.md,WL-WORK-1811,盲人行路指南,,阿隆索·卡里奥·德拉万德拉,Alonso Carrió de la Vandera,,,,,MISSING_T_REVIEW_NO_YEAR,,,缺 T 且缺少可机器读取 year，需要书目/成书史核验,自动通过,metadata_pending,
看不见的阿里夫.md,WL-WORK-0788,看不见的阿里夫,,G.威洛·威尔逊,G. Willow Wilson,,,,,MISSING_T_REVIEW_NO_YEAR,,,缺 T 且缺少可机器读取 year，需要书目/成书史核验,自动通过,metadata_pending,
眩晕.md,WL-WORK-0231,眩晕,D'entre les morts,布瓦洛-纳尔瑟雅克,Boileau-Narcejac,,,,,MISSING_T_REVIEW_NO_YEAR,,,缺 T 且缺少可机器读取 year，需要书目/成书史核验,自动通过,,
短暂的一生.md,WL-WORK-1814,短暂的一生,,奥内蒂,,,,,,MISSING_T_REVIEW_NO_YEAR,,,缺 T 且缺少可机器读取 year，需要书目/成书史核验,自动通过,metadata_pending,
礼拜五.md,WL-WORK-0789,礼拜五,,米歇尔·图尼埃,Tournier,,,,,MISSING_T_REVIEW_NO_YEAR,,,缺 T 且缺少可机器读取 year，需要书目/成书史核验,自动通过,metadata_pending,
礼拜五，或太平洋上的灵薄狱.md,WL-WORK-0790,礼拜五，或太平洋上的灵薄狱,,米歇尔·图尼埃,Michel Tournier,,,,,MISSING_T_REVIEW_NO_YEAR,,,缺 T 且缺少可机器读取 year，需要书目/成书史核验,自动通过,metadata_pending,
社交俱乐部命案.md,WL-WORK-0107,社交俱乐部命案,A Clubbable Woman,雷金纳德·希尔,Reginald Hill,,,,,MISSING_T_REVIEW_NO_YEAR,,,缺 T 且缺少可机器读取 year，需要书目/成书史核验,自动通过,,
福尔赛世家.md,WL-WORK-1232,福尔赛世家,,第二座超级高峰,,,,,,MISSING_T_REVIEW_NO_YEAR,,,缺 T 且缺少可机器读取 year，需要书目/成书史核验,自动通过,metadata_pending,
福楼拜的鹦鹉.md,WL-WORK-1233,福楼拜的鹦鹉,,朱利安·巴尔斯,Julian Barnes,,,,,MISSING_T_REVIEW_NO_YEAR,,,缺 T 且缺少可机器读取 year，需要书目/成书史核验,自动通过,metadata_pending,
禧年.md,WL-WORK-1234,禧年,,沃德·穆尔,Ward Moore,,,,,MISSING_T_REVIEW_NO_YEAR,,,缺 T 且缺少可机器读取 year，需要书目/成书史核验,自动通过,metadata_pending,
科莱利上尉的曼陀林.md,WL-WORK-1236,科莱利上尉的曼陀林,,路易斯·德·伯尼埃尔,Louis de Bernières,,,,,MISSING_T_REVIEW_NO_YEAR,,,缺 T 且缺少可机器读取 year，需要书目/成书史核验,自动通过,metadata_pending,
秘密花园.md,WL-WORK-1237,秘密花园,,弗朗西斯·霍奇森·伯内特,Frances Hodgson Burnett,,,,,MISSING_T_REVIEW_NO_YEAR,,,缺 T 且缺少可机器读取 year，需要书目/成书史核验,自动通过,metadata_pending,
秘鲁传说.md,WL-WORK-1822,秘鲁传说,,里卡多·帕尔马,,,,,,MISSING_T_REVIEW_NO_YEAR,,title_aggregate_or_tradition,缺 T 且缺少可机器读取 year，需要书目/成书史核验,自动通过,metadata_pending,
移动玩具店.md,WL-WORK-0062,移动玩具店,The Moving Toyshop,埃德蒙·克里斯平,Edmund Crispin,,,,,MISSING_T_REVIEW_NO_YEAR,,,缺 T 且缺少可机器读取 year，需要书目/成书史核验,自动通过,,
移动迷宫.md,WL-WORK-1238,移动迷宫,,詹姆斯·达什纳,James Dashner,,,,,MISSING_T_REVIEW_NO_YEAR,,,缺 T 且缺少可机器读取 year，需要书目/成书史核验,自动通过,metadata_pending,
空中飞马.md,WL-WORK-0198,空中飞马,,北村薰,,,,,,MISSING_T_REVIEW_NO_YEAR,,,缺 T 且缺少可机器读取 year，需要书目/成书史核验,自动通过,,
空杯.md,WL-WORK-1823,空杯,,德尔米拉·阿古斯蒂尼,,,,,,MISSING_T_REVIEW_NO_YEAR,,,缺 T 且缺少可机器读取 year，需要书目/成书史核验,自动通过,metadata_pending,
穿越时空的少女.md,WL-WORK-0443,穿越时空的少女,,筒井康隆,,,,,,MISSING_T_REVIEW_NO_YEAR,,,缺 T 且缺少可机器读取 year，需要书目/成书史核验,自动通过,,
第一女子侦探事务所.md,WL-WORK-0139,第一女子侦探事务所,,亚历山大·麦考尔·史密斯,Alexander McCall Smith,,,,,MISSING_T_REVIEW_NO_YEAR,,,缺 T 且缺少可机器读取 year，需要书目/成书史核验,自动通过,,
第四翼.md,WL-WORK-0793,第四翼,,丽贝卡·亚罗斯,Rebecca Yarros,,,,,MISSING_T_REVIEW_NO_YEAR,,,缺 T 且缺少可机器读取 year，需要书目/成书史核验,自动通过,metadata_pending,
笼里的女人.md,WL-WORK-0225,笼里的女人,,尤西·阿德勒-奥尔森,Jussi Adler-Olsen,,,,,MISSING_T_REVIEW_NO_YEAR,,,缺 T 且缺少可机器读取 year，需要书目/成书史核验,需复核,,
答索尔·菲洛泰亚.md,WL-WORK-1826,答索尔·菲洛泰亚,,索尔·胡安娜,,,,,,MISSING_T_REVIEW_NO_YEAR,,,缺 T 且缺少可机器读取 year，需要书目/成书史核验,自动通过,metadata_pending,
米夏埃尔·科尔哈斯.md,WL-WORK-2590,米夏埃尔·科尔哈斯,Michael Kohlhaas,克莱斯特,Kleist,,,,,MISSING_T_REVIEW_NO_YEAR,,,缺 T 且缺少可机器读取 year，需要书目/成书史核验,自动通过,metadata_pending,
精灵之屋.md,WL-WORK-1246,精灵之屋,,伊莎贝尔·阿连德,Isabel Allende,,,,,MISSING_T_REVIEW_NO_YEAR,,,缺 T 且缺少可机器读取 year，需要书目/成书史核验,自动通过,metadata_pending,
精灵守护者.md,WL-WORK-0795,精灵守护者,,上桥菜穗子,,,,,,MISSING_T_REVIEW_NO_YEAR,,,缺 T 且缺少可机器读取 year，需要书目/成书史核验,自动通过,metadata_pending,
精神病患者.md,WL-WORK-0135,精神病患者,The Alienist,凯莱布·卡尔,Caleb Carr,,,,,MISSING_T_REVIEW_NO_YEAR,,,缺 T 且缺少可机器读取 year，需要书目/成书史核验,自动通过,,
纠正.md,WL-WORK-1249,纠正,,乔纳森·弗兰岑,Jonathan Franzen,,,,,MISSING_T_REVIEW_NO_YEAR,,,缺 T 且缺少可机器读取 year，需要书目/成书史核验,自动通过,metadata_pending,
红日.md,WL-WORK-2113,红日,,吴强,,,,,,MISSING_T_REVIEW_NO_YEAR,,,缺 T 且缺少可机器读取 year，需要书目/成书史核验,自动通过,metadata_pending,
红线传.md,WL-WORK-2594,红线传,,袁郊,,,,,,MISSING_T_REVIEW_NO_YEAR,,,缺 T 且缺少可机器读取 year，需要书目/成书史核验,自动通过,metadata_pending,
红色时钟.md,WL-WORK-1253,红色时钟,,莱妮·祖马斯,Leni Zumas,,,,,MISSING_T_REVIEW_NO_YEAR,,,缺 T 且缺少可机器读取 year，需要书目/成书史核验,自动通过,metadata_pending,
红色海洋.md,WL-WORK-0457,红色海洋,,韩松,,,,,,MISSING_T_REVIEW_NO_YEAR,,,缺 T 且缺少可机器读取 year，需要书目/成书史核验,自动通过,,
红色英勇勋章.md,WL-WORK-2115,红色英勇勋章,,斯蒂芬·克莱恩,Stephen Crane,,,,,MISSING_T_REVIEW_NO_YEAR,,,缺 T 且缺少可机器读取 year，需要书目/成书史核验,自动通过,metadata_pending,
红花侠.md,WL-WORK-1254,红花侠,,奥希兹男爵夫人,Baroness Orczy,,,,,MISSING_T_REVIEW_NO_YEAR,,,缺 T 且缺少可机器读取 year，需要书目/成书史核验,自动通过,metadata_pending,
红辣椒.md,WL-WORK-0444,红辣椒,,筒井康隆,,,,,,MISSING_T_REVIEW_NO_YEAR,,,缺 T 且缺少可机器读取 year，需要书目/成书史核验,自动通过,,
纪尧姆之歌.md,WL-WORK-2595,纪尧姆之歌,La Chanson de Guillaume,佚名,,,,,,MISSING_T_REVIEW_NO_YEAR,,anonymous_or_oral,缺 T 且缺少可机器读取 year，需要书目/成书史核验,自动通过,metadata_pending,
纯朴的诗.md,WL-WORK-1828,纯朴的诗,,何塞·马蒂,,,,,,MISSING_T_REVIEW_NO_YEAR,,,缺 T 且缺少可机器读取 year，需要书目/成书史核验,自动通过,metadata_pending,
细细的红线.md,WL-WORK-2117,细细的红线,,詹姆斯·琼斯,James Jones,,,,,MISSING_T_REVIEW_NO_YEAR,,,缺 T 且缺少可机器读取 year，需要书目/成书史核验,自动通过,metadata_pending,
绝望.md,WL-WORK-1831,绝望,,加夫列拉·米斯特拉尔,,,,,,MISSING_T_REVIEW_NO_YEAR,,,缺 T 且缺少可机器读取 year，需要书目/成书史核验,自动通过,metadata_pending,
绣花大盗.md,WL-WORK-2599,绣花大盗,,陆小凤,,,,,,MISSING_T_REVIEW_NO_YEAR,,,缺 T 且缺少可机器读取 year，需要书目/成书史核验,自动通过,metadata_pending,
维里科尼姆.md,WL-WORK-0803,维里科尼姆,Viriconium,M.约翰·哈里森,M. John Harrison,,,,,MISSING_T_REVIEW_NO_YEAR,,,缺 T 且缺少可机器读取 year，需要书目/成书史核验,自动通过,metadata_pending,
绿色危机.md,WL-WORK-0060,绿色危机,Green for Danger,克里斯蒂安娜·布兰德,Christianna Brand,,,,,MISSING_T_REVIEW_NO_YEAR,,,缺 T 且缺少可机器读取 year，需要书目/成书史核验,自动通过,,
绿衣亨利.md,WL-WORK-1260,绿衣亨利,,戈特弗里德·凯勒,Gottfried Keller,,,,,MISSING_T_REVIEW_NO_YEAR,,,缺 T 且缺少可机器读取 year，需要书目/成书史核验,自动通过,metadata_pending,
绿野仙踪.md,WL-WORK-0805,绿野仙踪,,格雷戈里·马奎尔,Gregory Maguire,,,,,MISSING_T_REVIEW_NO_YEAR,,,缺 T 且缺少可机器读取 year，需要书目/成书史核验,自动通过,metadata_pending,
罂粟海.md,WL-WORK-1261,罂粟海,,海洋历史,,,,,,MISSING_T_REVIEW_NO_YEAR,,,缺 T 且缺少可机器读取 year，需要书目/成书史核验,自动通过,metadata_pending,
罗丝安娜.md,WL-WORK-0218,罗丝安娜,,舍瓦尔与瓦勒,Sjöwall & Wahlöö,,,,,MISSING_T_REVIEW_NO_YEAR,,,缺 T 且缺少可机器读取 year，需要书目/成书史核验,自动通过,,
罗德斯岛战记.md,WL-WORK-0807,罗德斯岛战记,,水野良,,,,,,MISSING_T_REVIEW_NO_YEAR,,,缺 T 且缺少可机器读取 year，需要书目/成书史核验,自动通过,metadata_pending,
罗马史.md,WL-WORK-1494,罗马史,,李维,,,,,,MISSING_T_REVIEW_NO_YEAR,,,缺 T 且缺少可机器读取 year，需要书目/成书史核验,自动通过,metadata_pending,
罗马第一人.md,WL-WORK-1264,罗马第一人,,考琳·麦卡洛,Colleen McCullough,,,,,MISSING_T_REVIEW_NO_YEAR,,,缺 T 且缺少可机器读取 year，需要书目/成书史核验,自动通过,metadata_pending,
美人鱼之歌.md,WL-WORK-0115,美人鱼之歌,,瓦尔·麦克德米德,Val McDermid,,,,,MISSING_T_REVIEW_NO_YEAR,,,缺 T 且缺少可机器读取 year，需要书目/成书史核验,自动通过,,
美国战争.md,WL-WORK-1267,美国战争,,奥马尔·埃尔·阿卡德,Omar El Akkad,,,,,MISSING_T_REVIEW_NO_YEAR,,,缺 T 且缺少可机器读取 year，需要书目/成书史核验,自动通过,metadata_pending,
美国精神病人.md,WL-WORK-0810,美国精神病人,,布雷特·伊斯顿·埃利斯,Bret Easton Ellis,,,,,MISSING_T_REVIEW_NO_YEAR,,,缺 T 且缺少可机器读取 year，需要书目/成书史核验,自动通过,metadata_pending,
美女.md,WL-WORK-0811,美女,,罗宾·麦金利,Robin McKinley,,,,,MISSING_T_REVIEW_NO_YEAR,,,缺 T 且缺少可机器读取 year，需要书目/成书史核验,自动通过,metadata_pending,
美生中国人.md,WL-WORK-1268,美生中国人,American Born Chinese,杨谨伦,Gene Luen Yang,,,,,MISSING_T_REVIEW_NO_YEAR,,,缺 T 且缺少可机器读取 year，需要书目/成书史核验,自动通过,metadata_pending,
群山歌唱.md,WL-WORK-2121,群山歌唱,,阮攀桂梅,,,,,,MISSING_T_REVIEW_NO_YEAR,,,缺 T 且缺少可机器读取 year，需要书目/成书史核验,自动通过,metadata_pending,
翡翠城.md,WL-WORK-0813,翡翠城,,李芳达,Fonda Lee,,,,,MISSING_T_REVIEW_NO_YEAR,,,缺 T 且缺少可机器读取 year，需要书目/成书史核验,自动通过,metadata_pending,
耶洗别之死.md,WL-WORK-0061,耶洗别之死,Death of Jezebel,克里斯蒂安娜·布兰德,Christianna Brand,,,,,MISSING_T_REVIEW_NO_YEAR,,,缺 T 且缺少可机器读取 year，需要书目/成书史核验,自动通过,,
聂隐娘.md,WL-WORK-2603,聂隐娘,,裴铏,,,,,,MISSING_T_REVIEW_NO_YEAR,,,缺 T 且缺少可机器读取 year，需要书目/成书史核验,自动通过,metadata_pending,
脆弱的故事.md,WL-WORK-1835,脆弱的故事,,曼努埃尔·古铁雷斯·纳赫拉,,,,,,MISSING_T_REVIEW_NO_YEAR,,,缺 T 且缺少可机器读取 year，需要书目/成书史核验,自动通过,metadata_pending,
腹地.md,WL-WORK-1836,腹地,,欧克里德斯·达·库尼亚,,,,,,MISSING_T_REVIEW_NO_YEAR,,,缺 T 且缺少可机器读取 year，需要书目/成书史核验,自动通过,metadata_pending,
自然史.md,WL-WORK-1837,自然史,,墨西哥当代暴力,,,,,,MISSING_T_REVIEW_NO_YEAR,,,缺 T 且缺少可机器读取 year，需要书目/成书史核验,自动通过,metadata_pending,
致命的宁静.md,WL-WORK-0138,致命的宁静,Still Life,路易丝·佩尼,Louise Penny,,,,,MISSING_T_REVIEW_NO_YEAR,,,缺 T 且缺少可机器读取 year，需要书目/成书史核验,自动通过,,
致曼努埃尔一世书.md,WL-WORK-1838,致曼努埃尔一世书,,佩罗·瓦兹·德·卡米尼亚,,,,,,MISSING_T_REVIEW_NO_YEAR,,,缺 T 且缺少可机器读取 year，需要书目/成书史核验,自动通过,metadata_pending,
航海日记.md,WL-WORK-1498,航海日记,,哥伦布,,,,,,MISSING_T_REVIEW_NO_YEAR,,,缺 T 且缺少可机器读取 year，需要书目/成书史核验,自动通过,metadata_pending,
艺术的非人化.md,WL-WORK-1840,艺术的非人化,,奥尔特加-加塞特,Ortega y Gasset,,,,,MISSING_T_REVIEW_NO_YEAR,,,缺 T 且缺少可机器读取 year，需要书目/成书史核验,自动通过,metadata_pending,
艾菲·布里斯特.md,WL-WORK-2124,艾菲·布里斯特,,婚姻以后,,,,,,MISSING_T_REVIEW_NO_YEAR,,,缺 T 且缺少可机器读取 year，需要书目/成书史核验,自动通过,metadata_pending,
芒果街上的小屋.md,WL-WORK-1271,芒果街上的小屋,,桑德拉·西斯内罗斯,Sandra Cisneros,,,,,MISSING_T_REVIEW_NO_YEAR,,,缺 T 且缺少可机器读取 year，需要书目/成书史核验,自动通过,metadata_pending,
花园茶会.md,WL-WORK-1842,花园茶会,,凯瑟琳·曼斯菲尔德,,,,,,MISSING_T_REVIEW_NO_YEAR,,,缺 T 且缺少可机器读取 year，需要书目/成书史核验,自动通过,metadata_pending,
苏丹娜的梦.md,WL-WORK-0476,苏丹娜的梦,,罗凯亚·萨哈瓦特·侯赛因,Rokeya Sakhawat Hossain,,,,,MISSING_T_REVIEW_NO_YEAR,,,缺 T 且缺少可机器读取 year，需要书目/成书史核验,自动通过,,
苏格兰西部群岛之旅.md,WL-WORK-1500,苏格兰西部群岛之旅,A Journey to the Western Islands of Scotland,塞缪尔·约翰逊,Johnson,,,,,MISSING_T_REVIEW_NO_YEAR,,,缺 T 且缺少可机器读取 year，需要书目/成书史核验,自动通过,metadata_pending,
英雄与王冠.md,WL-WORK-0820,英雄与王冠,,罗宾·麦金利,Robin McKinley,,,,,MISSING_T_REVIEW_NO_YEAR,,,缺 T 且缺少可机器读取 year，需要书目/成书史核验,自动通过,metadata_pending,
英雄志.md,WL-WORK-2606,英雄志,,孙晓,,,,,,MISSING_T_REVIEW_NO_YEAR,,,缺 T 且缺少可机器读取 year，需要书目/成书史核验,自动通过,metadata_pending,
茉莉王座.md,WL-WORK-0822,茉莉王座,,塔莎·苏里,Tasha Suri,,,,,MISSING_T_REVIEW_NO_YEAR,,,缺 T 且缺少可机器读取 year，需要书目/成书史核验,自动通过,metadata_pending,
荆棘王子.md,WL-WORK-0824,荆棘王子,,马克·劳伦斯,Mark Lawrence,,,,,MISSING_T_REVIEW_NO_YEAR,,,缺 T 且缺少可机器读取 year，需要书目/成书史核验,自动通过,metadata_pending,
荒潮.md,WL-WORK-0465,荒潮,,陈楸帆,,,,,,MISSING_T_REVIEW_NO_YEAR,,,缺 T 且缺少可机器读取 year，需要书目/成书史核验,自动通过,,
荡寇志.md,WL-WORK-2608,荡寇志,,俞万春,,,,,,MISSING_T_REVIEW_NO_YEAR,,,缺 T 且缺少可机器读取 year，需要书目/成书史核验,自动通过,metadata_pending,
莉莉安娜不可战胜的夏天.md,WL-WORK-1848,莉莉安娜不可战胜的夏天,,克里斯蒂娜·里维拉·加尔萨,,,,,,MISSING_T_REVIEW_NO_YEAR,,,缺 T 且缺少可机器读取 year，需要书目/成书史核验,自动通过,metadata_pending,
莫斯科2042.md,WL-WORK-1277,莫斯科2042,,弗拉基米尔·沃伊诺维奇,Vladimir Voinovich,,,,,MISSING_T_REVIEW_NO_YEAR,,,缺 T 且缺少可机器读取 year，需要书目/成书史核验,自动通过,metadata_pending,
莺莺传.md,WL-WORK-2128,莺莺传,,元稹,,,,,,MISSING_T_REVIEW_NO_YEAR,,,缺 T 且缺少可机器读取 year，需要书目/成书史核验,自动通过,metadata_pending,
营地.md,WL-WORK-1849,营地,,戏剧线,,,,,,MISSING_T_REVIEW_NO_YEAR,,,缺 T 且缺少可机器读取 year，需要书目/成书史核验,自动通过,metadata_pending,
营救距离.md,WL-WORK-1850,营救距离,,待考,阿根廷当代怪奇,,,,,MISSING_T_REVIEW_NO_YEAR,,,缺 T 且缺少可机器读取 year，需要书目/成书史核验,自动通过,metadata_pending,
萨布.md,WL-WORK-1852,萨布,,赫特鲁迪斯·戈麦斯·德·阿韦利亚内达,,,,,,MISSING_T_REVIEW_NO_YEAR,,,缺 T 且缺少可机器读取 year，需要书目/成书史核验,自动通过,metadata_pending,
萨拉米斯的士兵.md,WL-WORK-2129,萨拉米斯的士兵,,哈维尔·塞尔卡斯,Javier Cercas,,,,,MISSING_T_REVIEW_NO_YEAR,,,缺 T 且缺少可机器读取 year，需要书目/成书史核验,自动通过,metadata_pending,
萨马.md,WL-WORK-1853,萨马,,安东尼奥·迪·贝内代托,,,,,,MISSING_T_REVIEW_NO_YEAR,,,缺 T 且缺少可机器读取 year，需要书目/成书史核验,自动通过,metadata_pending,
蒂博一家.md,WL-WORK-1280,蒂博一家,,罗杰·马丁·杜加尔,Roger Martin du Gard,,,,,MISSING_T_REVIEW_NO_YEAR,,,缺 T 且缺少可机器读取 year，需要书目/成书史核验,自动通过,metadata_pending,
蒲公英王朝：帝王恩典.md,WL-WORK-0828,蒲公英王朝：帝王恩典,,刘宇昆,Ken Liu,,,,,MISSING_T_REVIEW_NO_YEAR,,,缺 T 且缺少可机器读取 year，需要书目/成书史核验,自动通过,metadata_pending,
蓝.md,WL-WORK-1854,蓝,,鲁文·达里奥,,,,,,MISSING_T_REVIEW_NO_YEAR,,,缺 T 且缺少可机器读取 year，需要书目/成书史核验,自动通过,metadata_pending,
虐杀器官.md,WL-WORK-0447,虐杀器官,,伊藤计划,,,,,,MISSING_T_REVIEW_NO_YEAR,,,缺 T 且缺少可机器读取 year，需要书目/成书史核验,自动通过,,
虬髯客传.md,WL-WORK-2611,虬髯客传,,杜光庭,,,,,,MISSING_T_REVIEW_NO_YEAR,,,缺 T 且缺少可机器读取 year，需要书目/成书史核验,自动通过,metadata_pending,
蚀刻城.md,WL-WORK-0829,蚀刻城,The Etched City,K.J.毕晓普,K.J. Bishop,,,,,MISSING_T_REVIEW_NO_YEAR,,,缺 T 且缺少可机器读取 year，需要书目/成书史核验,自动通过,metadata_pending,
蚁生.md,WL-WORK-0456,蚁生,,王晋康,,,,,,MISSING_T_REVIEW_NO_YEAR,,,缺 T 且缺少可机器读取 year，需要书目/成书史核验,自动通过,,
蜀山剑侠传.md,WL-WORK-2612,蜀山剑侠传,,研究现代中国通俗小说时,,,,,,MISSING_T_REVIEW_NO_YEAR,,,缺 T 且缺少可机器读取 year，需要书目/成书史核验,自动通过,metadata_pending,
蜘蛛男孩.md,WL-WORK-0831,蜘蛛男孩,,待考,改读,,,,,MISSING_T_REVIEW_NO_YEAR,,,缺 T 且缺少可机器读取 year，需要书目/成书史核验,自动通过,metadata_pending,
蜥蜴尾巴.md,WL-WORK-1859,蜥蜴尾巴,,卢伊莎·巴伦苏埃拉,,,,,,MISSING_T_REVIEW_NO_YEAR,,,缺 T 且缺少可机器读取 year，需要书目/成书史核验,自动通过,metadata_pending,
血与骨之子.md,WL-WORK-0835,血与骨之子,,托米·阿德耶米,Tomi Adeyemi,,,,,MISSING_T_REVIEW_NO_YEAR,,,缺 T 且缺少可机器读取 year，需要书目/成书史核验,自动通过,metadata_pending,
被子.md,WL-WORK-1862,被子,,伊斯马特·丘格塔伊,Ismat Chughtai,,,,,MISSING_T_REVIEW_NO_YEAR,,,缺 T 且缺少可机器读取 year，需要书目/成书史核验,自动通过,metadata_pending,
裹尸布.md,WL-WORK-1865,裹尸布,,玛丽亚·路易莎·邦巴尔,,,,,,MISSING_T_REVIEW_NO_YEAR,,,缺 T 且缺少可机器读取 year，需要书目/成书史核验,自动通过,metadata_pending,
西伯利亚大铁路和小让娜的法兰西散文诗.md,WL-WORK-1866,西伯利亚大铁路和小让娜的法兰西散文诗,,布莱斯·桑德拉尔,Blaise Cendrars,,,,,MISSING_T_REVIEW_NO_YEAR,,,缺 T 且缺少可机器读取 year，需要书目/成书史核验,自动通过,metadata_pending,
西印度毁灭述略.md,WL-WORK-1867,西印度毁灭述略,,拉斯·卡萨斯,,,,,,MISSING_T_REVIEW_NO_YEAR,,,缺 T 且缺少可机器读取 year，需要书目/成书史核验,自动通过,metadata_pending,
西湖梦寻.md,WL-WORK-1507,西湖梦寻,,张岱,,,,,,MISSING_T_REVIEW_NO_YEAR,,,缺 T 且缺少可机器读取 year，需要书目/成书史核验,自动通过,metadata_pending,
见红.md,WL-WORK-1868,见红,,莉娜·梅鲁阿内,,,,,,MISSING_T_REVIEW_NO_YEAR,,,缺 T 且缺少可机器读取 year，需要书目/成书史核验,自动通过,metadata_pending,
解散.md,WL-WORK-0134,解散,Dissolution,C.J.桑瑟姆,C.J. Sansom,,,,,MISSING_T_REVIEW_NO_YEAR,,,缺 T 且缺少可机器读取 year，需要书目/成书史核验,自动通过,,
诅咒兔.md,WL-WORK-0839,诅咒兔,,郑宝拉,,,,,,MISSING_T_REVIEW_NO_YEAR,,,缺 T 且缺少可机器读取 year，需要书目/成书史核验,自动通过,metadata_pending,
诗与反诗.md,WL-WORK-1870,诗与反诗,,尼卡诺尔·帕拉,,,,,,MISSING_T_REVIEW_NO_YEAR,,,缺 T 且缺少可机器读取 year，需要书目/成书史核验,自动通过,metadata_pending,
诛仙.md,WL-WORK-0840,诛仙,,萧鼎,,,,,,MISSING_T_REVIEW_NO_YEAR,,,缺 T 且缺少可机器读取 year，需要书目/成书史核验,自动通过,metadata_pending,
诡秘之主.md,WL-WORK-0841,诡秘之主,,爱潜水的乌贼,,,,,,MISSING_T_REVIEW_NO_YEAR,,,缺 T 且缺少可机器读取 year，需要书目/成书史核验,自动通过,metadata_pending,
说岳全传.md,WL-WORK-1288,说岳全传,,钱彩,,,,,,MISSING_T_REVIEW_NO_YEAR,,,缺 T 且缺少可机器读取 year，需要书目/成书史核验,自动通过,metadata_pending,
诸神渴了.md,WL-WORK-1289,诸神渴了,,法朗士,Anatole France,,,,,MISSING_T_REVIEW_NO_YEAR,,,缺 T 且缺少可机器读取 year，需要书目/成书史核验,自动通过,metadata_pending,
谁惧死亡.md,WL-WORK-0474,谁惧死亡,,恩涅蒂·奥科拉弗,Nnedi Okorafor,,,,,MISSING_T_REVIEW_NO_YEAR,,,缺 T 且缺少可机器读取 year，需要书目/成书史核验,自动通过,,
谢小娥传.md,WL-WORK-2619,谢小娥传,,李公佐,,,,,,MISSING_T_REVIEW_NO_YEAR,,,缺 T 且缺少可机器读取 year，需要书目/成书史核验,自动通过,metadata_pending,
谢里.md,WL-WORK-1873,谢里,,布莱斯·桑德拉尔,Blaise Cendrars,,,,,MISSING_T_REVIEW_NO_YEAR,,,缺 T 且缺少可机器读取 year，需要书目/成书史核验,自动通过,metadata_pending,
财主底儿女们.md,WL-WORK-1291,财主底儿女们,,路翎,,,,,,MISSING_T_REVIEW_NO_YEAR,,,缺 T 且缺少可机器读取 year，需要书目/成书史核验,自动通过,metadata_pending,
贪得无厌.md,WL-WORK-1874,贪得无厌,,维茨凯维奇,Witkiewicz,,,,,MISSING_T_REVIEW_NO_YEAR,,,缺 T 且缺少可机器读取 year，需要书目/成书史核验,自动通过,metadata_pending,
贫民窟.md,WL-WORK-1875,贫民窟,,阿卢伊西奥·阿泽维多,,,,,,MISSING_T_REVIEW_NO_YEAR,,,缺 T 且缺少可机器读取 year，需要书目/成书史核验,自动通过,metadata_pending,
购物狂的异想世界.md,WL-WORK-2137,购物狂的异想世界,,索菲·金塞拉,Sophie Kinsella,,,,,MISSING_T_REVIEW_NO_YEAR,,,缺 T 且缺少可机器读取 year，需要书目/成书史核验,自动通过,metadata_pending,
资治通鉴.md,WL-WORK-1292,资治通鉴,,司马光,,,,,,MISSING_T_REVIEW_NO_YEAR,,,缺 T 且缺少可机器读取 year，需要书目/成书史核验,自动通过,metadata_pending,
赔偿风波.md,WL-WORK-0094,赔偿风波,Indemnity Only,萨拉·帕雷茨基,Sara Paretsky,,,,,MISSING_T_REVIEW_NO_YEAR,,,缺 T 且缺少可机器读取 year，需要书目/成书史核验,自动通过,,
赫布里底群岛旅行日记.md,WL-WORK-1509,赫布里底群岛旅行日记,The Journal of a Tour to the Hebrides,詹姆斯·鲍斯韦尔,Boswell,,,,,MISSING_T_REVIEW_NO_YEAR,,,缺 T 且缺少可机器读取 year，需要书目/成书史核验,自动通过,metadata_pending,
走出非洲.md,WL-WORK-0845,走出非洲,,凯伦·布里克森,Karen Blixen,,,,,MISSING_T_REVIEW_NO_YEAR,,,缺 T 且缺少可机器读取 year，需要书目/成书史核验,自动通过,metadata_pending,
走到世界尽头.md,WL-WORK-1294,走到世界尽头,,苏齐·麦基·查纳斯,Suzy McKee Charnas,,,,,MISSING_T_REVIEW_NO_YEAR,,,缺 T 且缺少可机器读取 year，需要书目/成书史核验,自动通过,metadata_pending,
超级悲伤真爱故事.md,WL-WORK-1295,超级悲伤真爱故事,,加里·施特恩加特,Gary Shteyngart,,,,,MISSING_T_REVIEW_NO_YEAR,,,缺 T 且缺少可机器读取 year，需要书目/成书史核验,自动通过,metadata_pending,
轨道之云.md,WL-WORK-0451,轨道之云,,藤井太洋,,,,,,MISSING_T_REVIEW_NO_YEAR,,,缺 T 且缺少可机器读取 year，需要书目/成书史核验,自动通过,,
辛巴达航海.md,WL-WORK-0847,辛巴达航海,,佚名,中的,,,,,MISSING_T_REVIEW_NO_YEAR,,anonymous_or_oral,缺 T 且缺少可机器读取 year，需要书目/成书史核验,自动通过,metadata_pending,
达夫尼与克洛伊.md,WL-WORK-2139,达夫尼与克洛伊,,朗戈斯,Longus,,,,,MISSING_T_REVIEW_NO_YEAR,,,缺 T 且缺少可机器读取 year，需要书目/成书史核验,自动通过,metadata_pending,
近代侠义英雄传.md,WL-WORK-2622,近代侠义英雄传,,平江不肖生,,,,,,MISSING_T_REVIEW_NO_YEAR,,,缺 T 且缺少可机器读取 year，需要书目/成书史核验,自动通过,metadata_pending,
远征.md,WL-WORK-1880,远征,,圣-琼·佩斯,Saint-John Perse,,,,,MISSING_T_REVIEW_NO_YEAR,,,缺 T 且缺少可机器读取 year，需要书目/成书史核验,自动通过,metadata_pending,
迷惘.md,WL-WORK-1882,迷惘,,埃利亚斯·卡内蒂,Elias Canetti,,,,,MISSING_T_REVIEW_NO_YEAR,,,缺 T 且缺少可机器读取 year，需要书目/成书史核验,自动通过,metadata_pending,
迷迭香与芸香.md,WL-WORK-0849,迷迭香与芸香,,西南·麦圭尔,Seanan McGuire,,,,,MISSING_T_REVIEW_NO_YEAR,,,缺 T 且缺少可机器读取 year，需要书目/成书史核验,自动通过,metadata_pending,
逆流.md,WL-WORK-1883,逆流,,于斯曼,,,,,,MISSING_T_REVIEW_NO_YEAR,,,缺 T 且缺少可机器读取 year，需要书目/成书史核验,自动通过,metadata_pending,
逝去的武林.md,WL-WORK-2625,逝去的武林,,徐皓峰,,,,,,MISSING_T_REVIEW_NO_YEAR,,,缺 T 且缺少可机器读取 year，需要书目/成书史核验,自动通过,metadata_pending,
造船厂.md,WL-WORK-1884,造船厂,,奥内蒂,,,,,,MISSING_T_REVIEW_NO_YEAR,,,缺 T 且缺少可机器读取 year，需要书目/成书史核验,自动通过,metadata_pending,
道士下山.md,WL-WORK-2626,道士下山,,徐皓峰,,,,,,MISSING_T_REVIEW_NO_YEAR,,,缺 T 且缺少可机器读取 year，需要书目/成书史核验,自动通过,metadata_pending,
遗忘之兽.md,WL-WORK-0853,遗忘之兽,,帕特里夏·A.麦基利普,Patricia A. McKillip,,,,,MISSING_T_REVIEW_NO_YEAR,,,缺 T 且缺少可机器读取 year，需要书目/成书史核验,自动通过,metadata_pending,
都市风景线.md,WL-WORK-1885,都市风景线,,刘呐鸥,,,,,,MISSING_T_REVIEW_NO_YEAR,,,缺 T 且缺少可机器读取 year，需要书目/成书史核验,自动通过,metadata_pending,
野兽必须死.md,WL-WORK-0066,野兽必须死,The Beast Must Die,尼古拉斯·布莱克,Nicholas Blake,,,,,MISSING_T_REVIEW_NO_YEAR,,,缺 T 且缺少可机器读取 year，需要书目/成书史核验,自动通过,,
金卡斯·博尔巴.md,WL-WORK-1891,金卡斯·博尔巴,,马沙多·德·阿西斯,,,,,,MISSING_T_REVIEW_NO_YEAR,,,缺 T 且缺少可机器读取 year，需要书目/成书史核验,自动通过,metadata_pending,
金色名望柑橘.md,WL-WORK-1308,金色名望柑橘,,克莱尔·维伊·沃特金斯,Claire Vaye Watkins,,,,,MISSING_T_REVIEW_NO_YEAR,,,缺 T 且缺少可机器读取 year，需要书目/成书史核验,自动通过,metadata_pending,
钢铁风暴.md,WL-WORK-2142,钢铁风暴,,恩斯特·荣格尔,Jünger,,,,,MISSING_T_REVIEW_NO_YEAR,,,缺 T 且缺少可机器读取 year，需要书目/成书史核验,自动通过,metadata_pending,
钱多斯勋爵的信.md,WL-WORK-1895,钱多斯勋爵的信,,霍夫曼斯塔尔,,,,,,MISSING_T_REVIEW_NO_YEAR,,,缺 T 且缺少可机器读取 year，需要书目/成书史核验,自动通过,metadata_pending,
铁道游击队.md,WL-WORK-2144,铁道游击队,,刘知侠,,,,,,MISSING_T_REVIEW_NO_YEAR,,,缺 T 且缺少可机器读取 year，需要书目/成书史核验,自动通过,metadata_pending,
阅微草堂笔记.md,WL-WORK-0860,阅微草堂笔记,,纪昀,,,,,,MISSING_T_REVIEW_NO_YEAR,,,缺 T 且缺少可机器读取 year，需要书目/成书史核验,自动通过,metadata_pending,
队列.md,WL-WORK-0478,队列,The Queue,巴斯玛·阿卜杜勒·阿齐兹,Basma Abdel Aziz,,,,,MISSING_T_REVIEW_NO_YEAR,,,缺 T 且缺少可机器读取 year，需要书目/成书史核验,自动通过,,
阿伽通.md,WL-WORK-1316,阿伽通,,德国起点,,,,,,MISSING_T_REVIEW_NO_YEAR,,,缺 T 且缺少可机器读取 year，需要书目/成书史核验,自动通过,metadata_pending,
阿伽通的故事.md,WL-WORK-1317,阿伽通的故事,,维兰德,Wieland,,,,,MISSING_T_REVIEW_NO_YEAR,,,缺 T 且缺少可机器读取 year，需要书目/成书史核验,自动通过,metadata_pending,
阿加莎·莱辛和乳蛋饼命案.md,WL-WORK-0140,阿加莎·莱辛和乳蛋饼命案,,M.C.比顿,M.C. Beaton,,,,,MISSING_T_REVIEW_NO_YEAR,,,缺 T 且缺少可机器读取 year，需要书目/成书史核验,自动通过,,
阿努比斯之门.md,WL-WORK-0861,阿努比斯之门,,蒂姆·鲍尔斯,Tim Powers,,,,,MISSING_T_REVIEW_NO_YEAR,,,缺 T 且缺少可机器读取 year，需要书目/成书史核验,自动通过,metadata_pending,
阿劳卡纳.md,WL-WORK-1899,阿劳卡纳,,阿隆索·德·埃尔西利亚,,,,,,MISSING_T_REVIEW_NO_YEAR,,,缺 T 且缺少可机器读取 year，需要书目/成书史核验,自动通过,metadata_pending,
阿卡塔女巫.md,WL-WORK-0862,阿卡塔女巫,,恩涅蒂·奥科拉弗,Nnedi Okorafor,,,,,MISSING_T_REVIEW_NO_YEAR,,,缺 T 且缺少可机器读取 year，需要书目/成书史核验,自动通过,metadata_pending,
阿尔塔索尔.md,WL-WORK-1900,阿尔塔索尔,,比森特·维多夫罗,,,,,,MISSING_T_REVIEW_NO_YEAR,,,缺 T 且缺少可机器读取 year，需要书目/成书史核验,自动通过,metadata_pending,
阿尔戈船英雄纪.md,WL-WORK-0865,阿尔戈船英雄纪,Argonautica,阿波罗尼奥斯,,,,,,MISSING_T_REVIEW_NO_YEAR,,,缺 T 且缺少可机器读取 year，需要书目/成书史核验,人工核验,metadata_pending,
阿玛利亚.md,WL-WORK-1901,阿玛利亚,,何塞·马莫尔,,,,,,MISSING_T_REVIEW_NO_YEAR,,,缺 T 且缺少可机器读取 year，需要书目/成书史核验,自动通过,metadata_pending,
阿瓦隆迷雾.md,WL-WORK-0866,阿瓦隆迷雾,,玛丽恩·齐默·布拉德利,Marion Zimmer Bradley,,,,,MISSING_T_REVIEW_NO_YEAR,,,缺 T 且缺少可机器读取 year，需要书目/成书史核验,自动通过,metadata_pending,
阿里埃尔.md,WL-WORK-1903,阿里埃尔,,何塞·恩里克·罗多,Rodó,,,,,MISSING_T_REVIEW_NO_YEAR,,,缺 T 且缺少可机器读取 year，需要书目/成书史核验,自动通过,metadata_pending,
隋唐演义.md,WL-WORK-1319,隋唐演义,,褚人获,,,,,,MISSING_T_REVIEW_NO_YEAR,,,缺 T 且缺少可机器读取 year，需要书目/成书史核验,自动通过,metadata_pending,
雅各布·冯·贡腾.md,WL-WORK-1905,雅各布·冯·贡腾,,罗伯特·瓦尔泽,Robert Walser,,,,,MISSING_T_REVIEW_NO_YEAR,,,缺 T 且缺少可机器读取 year，需要书目/成书史核验,自动通过,metadata_pending,
雅歌.md,WL-WORK-2148,雅歌,,肉体之爱,,,,,,MISSING_T_REVIEW_NO_YEAR,,,缺 T 且缺少可机器读取 year，需要书目/成书史核验,自动通过,metadata_pending,
雪之丞变化.md,WL-WORK-2637,雪之丞变化,Yukinojō Henge,三上於菟吉,,,,,,MISSING_T_REVIEW_NO_YEAR,,,缺 T 且缺少可机器读取 year，需要书目/成书史核验,自动通过,metadata_pending,
雪人.md,WL-WORK-0222,雪人,,乔·奈斯博,Jo Nesbø,,,,,MISSING_T_REVIEW_NO_YEAR,,,缺 T 且缺少可机器读取 year，需要书目/成书史核验,自动通过,,
雾.md,WL-WORK-1907,雾,,乌纳穆诺,Miguel de Unamuno,,,,,MISSING_T_REVIEW_NO_YEAR,,,缺 T 且缺少可机器读取 year，需要书目/成书史核验,自动通过,metadata_pending,
雾中鲁德.md,WL-WORK-0870,雾中鲁德,,霍普·米尔利斯,Hope Mirrlees,,,,,MISSING_T_REVIEW_NO_YEAR,,,缺 T 且缺少可机器读取 year，需要书目/成书史核验,自动通过,metadata_pending,
霍桑探案集.md,WL-WORK-0241,霍桑探案集,,程小青,,,,,,MISSING_T_REVIEW_NO_YEAR,,,缺 T 且缺少可机器读取 year，需要书目/成书史核验,自动通过,,
青春万岁.md,WL-WORK-1323,青春万岁,,王蒙,,,,,,MISSING_T_REVIEW_NO_YEAR,,,缺 T 且缺少可机器读取 year，需要书目/成书史核验,自动通过,metadata_pending,
青木川.md,WL-WORK-1325,青木川,,叶广芩,,,,,,MISSING_T_REVIEW_NO_YEAR,,,缺 T 且缺少可机器读取 year，需要书目/成书史核验,自动通过,metadata_pending,
青砥稿花红彩画.md,WL-WORK-2639,青砥稿花红彩画,Aoto Zōshi Hana no Nishiki-e,河竹默阿弥,日本,,,,,MISSING_T_REVIEW_NO_YEAR,,,缺 T 且缺少可机器读取 year，需要书目/成书史核验,自动通过,metadata_pending,
静静的顿河.md,WL-WORK-1326,静静的顿河,,肖洛霍夫,Mikhail Sholokhov,,,,,MISSING_T_REVIEW_NO_YEAR,,,缺 T 且缺少可机器读取 year，需要书目/成书史核验,自动通过,metadata_pending,
非常秘密的女巫协会.md,WL-WORK-0872,非常秘密的女巫协会,,桑古·曼丹纳,Sangu Mandanna,,,,,MISSING_T_REVIEW_NO_YEAR,,,缺 T 且缺少可机器读取 year，需要书目/成书史核验,自动通过,metadata_pending,
非洲农庄的故事.md,WL-WORK-0873,非洲农庄的故事,,奥利芙·施赖纳,Olive Schreiner,,,,,MISSING_T_REVIEW_NO_YEAR,,,缺 T 且缺少可机器读取 year，需要书目/成书史核验,自动通过,metadata_pending,
非洲孩子.md,WL-WORK-1327,非洲孩子,,卡马拉·莱伊,Camara Laye,,,,,MISSING_T_REVIEW_NO_YEAR,,,缺 T 且缺少可机器读取 year，需要书目/成书史核验,自动通过,metadata_pending,
颂歌.md,WL-WORK-1328,颂歌,,安·兰德,Ayn Rand,,,,,MISSING_T_REVIEW_NO_YEAR,,,缺 T 且缺少可机器读取 year，需要书目/成书史核验,自动通过,metadata_pending,
飓风季节.md,WL-WORK-1910,飓风季节,,墨西哥当代暴力,,,,,,MISSING_T_REVIEW_NO_YEAR,,,缺 T 且缺少可机器读取 year，需要书目/成书史核验,自动通过,metadata_pending,
飞向人马座.md,WL-WORK-0454,飞向人马座,,郑文光,,,,,,MISSING_T_REVIEW_NO_YEAR,,,缺 T 且缺少可机器读取 year，需要书目/成书史核验,自动通过,,
食人宣言.md,WL-WORK-1911,食人宣言,,奥斯瓦尔德·德·安德拉德,Oswald de Andrade,,,,,MISSING_T_REVIEW_NO_YEAR,,,缺 T 且缺少可机器读取 year，需要书目/成书史核验,自动通过,metadata_pending,
餐后.md,WL-WORK-1912,餐后,,何塞·亚松森·西尔瓦,,,,,,MISSING_T_REVIEW_NO_YEAR,,,缺 T 且缺少可机器读取 year，需要书目/成书史核验,自动通过,metadata_pending,
饥饿牧师.md,WL-WORK-1331,饥饿牧师,,威廉·拉贝,Wilhelm Raabe,,,,,MISSING_T_REVIEW_NO_YEAR,,,缺 T 且缺少可机器读取 year，需要书目/成书史核验,自动通过,metadata_pending,
马丁·里瓦斯.md,WL-WORK-1916,马丁·里瓦斯,,阿尔贝托·布莱斯特·加纳,,,,,,MISSING_T_REVIEW_NO_YEAR,,,缺 T 且缺少可机器读取 year，需要书目/成书史核验,自动通过,metadata_pending,
马可·波罗游记.md,WL-WORK-0875,马可·波罗游记,,马可·波罗,Marco Polo,,,,,MISSING_T_REVIEW_NO_YEAR,,,缺 T 且缺少可机器读取 year，需要书目/成书史核验,自动通过,metadata_pending,
马库纳伊玛.md,WL-WORK-1919,马库纳伊玛,,马里奥·德·安德拉德,Mário de Andrade,,,,,MISSING_T_REVIEW_NO_YEAR,,,缺 T 且缺少可机器读取 year，需要书目/成书史核验,自动通过,metadata_pending,
马比诺吉昂.md,WL-WORK-0876,马比诺吉昂,,凯尔特神话,,,,,,MISSING_T_REVIEW_NO_YEAR,,,缺 T 且缺少可机器读取 year，需要书目/成书史核验,自动通过,metadata_pending,
驼背人.md,WL-WORK-2645,驼背人,Le Bossu,保罗·费瓦尔,复仇,,,,,MISSING_T_REVIEW_NO_YEAR,,,缺 T 且缺少可机器读取 year，需要书目/成书史核验,自动通过,metadata_pending,
骑士西法尔.md,WL-WORK-2647,骑士西法尔,,佚名,,,,,,MISSING_T_REVIEW_NO_YEAR,,anonymous_or_oral,缺 T 且缺少可机器读取 year，需要书目/成书史核验,自动通过,metadata_pending,
骗子.md,WL-WORK-1920,骗子,,鲁道夫·乌西格利,,,,,,MISSING_T_REVIEW_NO_YEAR,,,缺 T 且缺少可机器读取 year，需要书目/成书史核验,自动通过,metadata_pending,
骰子一掷永远取消不了偶然.md,WL-WORK-1921,骰子一掷永远取消不了偶然,,马拉美,,,,,,MISSING_T_REVIEW_NO_YEAR,,,缺 T 且缺少可机器读取 year，需要书目/成书史核验,自动通过,metadata_pending,
高卢的阿玛迪斯.md,WL-WORK-2648,高卢的阿玛迪斯,Amadís,加尔西·罗德里格斯·德·蒙塔尔沃,Garci Rodríguez de Montalvo,,,,,MISSING_T_REVIEW_NO_YEAR,,,缺 T 且缺少可机器读取 year，需要书目/成书史核验,自动通过,metadata_pending,
魔法学徒.md,WL-WORK-0885,魔法学徒,,雷蒙德·E.菲斯特,Raymond E. Feist,,,,,MISSING_T_REVIEW_NO_YEAR,,,缺 T 且缺少可机器读取 year，需要书目/成书史核验,自动通过,metadata_pending,
鱼目集.md,WL-WORK-1922,鱼目集,,卞之琳,,,,,,MISSING_T_REVIEW_NO_YEAR,,,缺 T 且缺少可机器读取 year，需要书目/成书史核验,自动通过,metadata_pending,
鲁平奇案.md,WL-WORK-0242,鲁平奇案,,孙了红,,,,,,MISSING_T_REVIEW_NO_YEAR,,,缺 T 且缺少可机器读取 year，需要书目/成书史核验,自动通过,,
鲁珀特·亨曹.md,WL-WORK-2651,鲁珀特·亨曹,Rupert of Hentzau,安东尼·霍普,Anthony Hope,,,,,MISSING_T_REVIEW_NO_YEAR,,,缺 T 且缺少可机器读取 year，需要书目/成书史核验,自动通过,metadata_pending,
鲜肉.md,WL-WORK-0890,鲜肉,,阿古斯蒂娜·巴斯泰里卡,Agustina Bazterrica,,,,,MISSING_T_REVIEW_NO_YEAR,,,缺 T 且缺少可机器读取 year，需要书目/成书史核验,自动通过,metadata_pending,
鳄鱼街.md,WL-WORK-1924,鳄鱼街,,布鲁诺·舒尔茨,Bruno Schulz,,,,,MISSING_T_REVIEW_NO_YEAR,,,缺 T 且缺少可机器读取 year，需要书目/成书史核验,自动通过,metadata_pending,
鸟嘴.md,WL-WORK-1925,鸟嘴,,待考,阿根廷当代怪奇,,,,,MISSING_T_REVIEW_NO_YEAR,,,缺 T 且缺少可机器读取 year，需要书目/成书史核验,自动通过,metadata_pending,
鸟鸣.md,WL-WORK-1336,鸟鸣,,塞巴斯蒂安·福克斯,Sebastian Faulks,,,,,MISSING_T_REVIEW_NO_YEAR,,,缺 T 且缺少可机器读取 year，需要书目/成书史核验,自动通过,metadata_pending,
鹅妈妈的故事.md,WL-WORK-0892,鹅妈妈的故事,,夏尔·佩罗,Charles Perrault,,,,,MISSING_T_REVIEW_NO_YEAR,,,缺 T 且缺少可机器读取 year，需要书目/成书史核验,自动通过,metadata_pending,
鹰爪王.md,WL-WORK-2654,鹰爪王,,郑证因,,,,,,MISSING_T_REVIEW_NO_YEAR,,,缺 T 且缺少可机器读取 year，需要书目/成书史核验,自动通过,metadata_pending,
麦地那与麦加朝圣记.md,WL-WORK-1521,麦地那与麦加朝圣记,Personal Narrative of a Pilgrimage to Al-Madinah and Meccah,理查德·伯顿,Burton,,,,,MISSING_T_REVIEW_NO_YEAR,,,缺 T 且缺少可机器读取 year，需要书目/成书史核验,自动通过,metadata_pending,
黄色房间的秘密.md,WL-WORK-0015,黄色房间的秘密,,加斯东·勒鲁,,,,,,MISSING_T_REVIEW_NO_YEAR,,,缺 T 且缺少可机器读取 year，需要书目/成书史核验,自动通过,,
黄衣之王.md,WL-WORK-0895,黄衣之王,,罗伯特·W.钱伯斯,Robert W. Chambers,,,,,MISSING_T_REVIEW_NO_YEAR,,,缺 T 且缺少可机器读取 year，需要书目/成书史核验,自动通过,metadata_pending,
黄铜之城.md,WL-WORK-0897,黄铜之城,,S.A.查克拉博蒂,S.A. Chakraborty,,,,,MISSING_T_REVIEW_NO_YEAR,,,缺 T 且缺少可机器读取 year，需要书目/成书史核验,自动通过,metadata_pending,
黑太阳.md,WL-WORK-0898,黑太阳,,丽贝卡·罗恩霍斯,Rebecca Roanhorse,,,,,MISSING_T_REVIEW_NO_YEAR,,,缺 T 且缺少可机器读取 year，需要书目/成书史核验,自动通过,metadata_pending,
黑屋.md,WL-WORK-0899,黑屋,,贵志祐介,,,,,,MISSING_T_REVIEW_NO_YEAR,,,缺 T 且缺少可机器读取 year，需要书目/成书史核验,自动通过,metadata_pending,
黑暗之前.md,WL-WORK-0900,黑暗之前,,R.斯科特·巴克,R. Scott Bakker,,,,,MISSING_T_REVIEW_NO_YEAR,,,缺 T 且缺少可机器读取 year，需要书目/成书史核验,自动通过,metadata_pending,
黑暗崛起.md,WL-WORK-0902,黑暗崛起,,苏珊·库珀,Susan Cooper,,,,,MISSING_T_REVIEW_NO_YEAR,,,缺 T 且缺少可机器读取 year，需要书目/成书史核验,自动通过,metadata_pending,
黑色佣兵团.md,WL-WORK-0907,黑色佣兵团,,格伦·库克,Glen Cook,,,,,MISSING_T_REVIEW_NO_YEAR,,,缺 T 且缺少可机器读取 year，需要书目/成书史核验,自动通过,metadata_pending,
黑色的使者.md,WL-WORK-1928,黑色的使者,,塞萨尔·巴列霍,,,,,,MISSING_T_REVIEW_NO_YEAR,,,缺 T 且缺少可机器读取 year，需要书目/成书史核验,自动通过,metadata_pending,
黑衣女人.md,WL-WORK-0908,黑衣女人,,现在正式建立横轴,,,,,,MISSING_T_REVIEW_NO_YEAR,,,缺 T 且缺少可机器读取 year，需要书目/成书史核验,自动通过,metadata_pending,
鼠族.md,WL-WORK-1340,鼠族,,阿特·斯皮格曼,Art Spiegelman,,,,,MISSING_T_REVIEW_NO_YEAR,,,缺 T 且缺少可机器读取 year，需要书目/成书史核验,自动通过,metadata_pending,
鼠群.md,WL-WORK-0910,鼠群,,詹姆斯·赫伯特,James Herbert,,,,,MISSING_T_REVIEW_NO_YEAR,,,缺 T 且缺少可机器读取 year，需要书目/成书史核验,自动通过,metadata_pending,
龙枪编年史：秋暮之巨龙.md,WL-WORK-0911,龙枪编年史：秋暮之巨龙,,玛格丽特·韦斯 / 特雷西·希克曼,Margaret Weis / Tracy Hickman,,,,,MISSING_T_REVIEW_NO_YEAR,,,缺 T 且缺少可机器读取 year，需要书目/成书史核验,自动通过,metadata_pending,
龙纹身的女孩.md,WL-WORK-0217,龙纹身的女孩,,斯蒂格·拉森,北欧推理不能只放,,,,,MISSING_T_REVIEW_NO_YEAR,,,缺 T 且缺少可机器读取 year，需要书目/成书史核验,自动通过,,
龙骨椅.md,WL-WORK-0912,龙骨椅,,塔德·威廉斯,Tad Williams,,,,,MISSING_T_REVIEW_NO_YEAR,,,缺 T 且缺少可机器读取 year，需要书目/成书史核验,自动通过,metadata_pending,
