tier,file,id,title,title_original,author,author_original,canon_id,awards,source_ref_keys,topics,deep_status,deep_earliest_year,deep_earliest_t,deep_first_publish_year,deep_first_publish_t,deep_title,deep_authors,deep_key,deep_year_count,deep_year_min,deep_year_max,deep_match_score,resolution_status,chosen_t,canonical_year_candidate,resolution_reason,author_only_status,author_only_proven_t,author_active_start,author_active_end,author_match_name,author_match_score,author_birth_year,author_death_year,author_key
P2_EXTERNAL_MATCH_FRIENDLY,A Boy's Own Story.md,WL-WORK-0913,A Boy's Own Story,,埃德蒙·怀特,Edmund White,,,batch2_source_refs,WL-TOPIC-G43-BILDUNGSROMAN,STABLE_T,1982,T6,1982,T6,A boy's own story,Edmund White,/works/OL119209W,11,1982,2016,2.000,SAFE_T,T6,1982,强标题+作者匹配；最早版次年份与 first_publish_year 落在同一 T,ACTIVE_RANGE_SPANS_T:1955-2025:T5-T6,,,,,,,,
P2_EXTERNAL_MATCH_FRIENDLY,A Gentleman of France.md,WL-WORK-2153,A Gentleman of France,,斯坦利·韦曼,Stanley Weyman,,,batch6_source_refs,WL-TOPIC-Q15;WL-TOPIC-Q15-SWASHBUCKLER,STABLE_T,1893,T4,1893,T4,A gentleman of France,Stanley John Weymann,/works/OL6697779W,28,1893,2022,1.824,SAFE_T,T4,1893,强标题+作者匹配；最早版次年份与 first_publish_year 落在同一 T,NO_BIRTH,,,,,,,,
P2_EXTERNAL_MATCH_FRIENDLY,A Lady's Life in the Rocky Mountains.md,WL-WORK-1342,A Lady's Life in the Rocky Mountains,,伊莎贝拉·伯德,Isabella Bird,,,batch3_source_refs,WL-TOPIC-G7-TRAVEL,STABLE_T,1879,T3,1879,T3,A lady's life in the Rocky Mountains,Isabella L. Bird,/works/OL1077887W,14,1879,2003,1.929,SAFE_T,T3,1879,强标题+作者匹配；最早版次年份与 first_publish_year 落在同一 T,ACTIVE_RANGE_SPANS_T:1846-1904:T3-T4,,,,,,,,
P2_EXTERNAL_MATCH_FRIENDLY,A Princess in Theory.md,WL-WORK-1936,A Princess in Theory,,艾莉莎·科尔,Alyssa Cole,,,batch5_source_refs,WL-TOPIC-Q2-LOVE,STABLE_T,2018,T6,2018,T6,A princess in theory,Alyssa cole,/works/OL19737100W,1,2018,2018,2.000,SAFE_T,T6,2018,强标题+作者匹配；最早版次年份与 first_publish_year 落在同一 T,NO_BIRTH,,,,,,,,
P2_EXTERNAL_MATCH_FRIENDLY,A Rumor of War.md,WL-WORK-1937,A Rumor of War,,菲利普·卡普托,Philip Caputo,,,batch5_source_refs,WL-TOPIC-Q6-WAR,STABLE_T,1977,T5,1977,T5,A rumor of war,Philip Caputo,/works/OL82000W,16,1977,2020,2.000,SAFE_T,T5,1977,强标题+作者匹配；最早版次年份与 first_publish_year 落在同一 T,ACTIVE_RANGE_SPANS_T:1956-2026:T5-T6,,,,,,,,
P2_EXTERNAL_MATCH_FRIENDLY,A Time of Gifts.md,WL-WORK-1344,A Time of Gifts,,帕特里克·利·弗莫尔,Patrick Leigh Fermor,,,batch3_source_refs,WL-TOPIC-G7-TRAVEL,STABLE_T,1977,T5,1977,T5,A Time of Gifts,Patrick Leigh Fermor,/works/OL3583229W,17,1977,2021,2.000,SAFE_T,T5,1977,强标题+作者匹配；最早版次年份与 first_publish_year 落在同一 T,ACTIVE_RANGE_SPANS_T:1930-2011:T4-T6,,,,,,,,
P2_EXTERNAL_MATCH_FRIENDLY,Almanac of the Dead.md,WL-WORK-2159,Almanac of the Dead,,莱斯利·马蒙·西尔科,Leslie Marmon Silko,,,batch6_source_refs,WL-TOPIC-Q15;WL-TOPIC-Q15-WESTERN,STABLE_T,2013,T6,2013,T6,Almanac of the Dead,Leslie Marmon Silko,/works/OL25368480W,1,2013,2013,2.000,SAFE_T,T6,2013,强标题+作者匹配；最早版次年份与 first_publish_year 落在同一 T,ACTIVE_RANGE_SPANS_T:1963-2026:T5-T6,,,,,,,,
P2_EXTERNAL_MATCH_FRIENDLY,Always Only You.md,WL-WORK-1939,Always Only You,,克洛伊·利泽,Chloe Liese,,,batch5_source_refs,WL-TOPIC-Q2-LOVE,STABLE_T,2020,T6,2020,T6,Always Only You,Chloe Liese,/works/OL27591343W,2,2020,2023,2.000,SAFE_T,T6,2020,强标题+作者匹配；最早版次年份与 first_publish_year 落在同一 T,NO_BIRTH,,,,,,,,
P2_EXTERNAL_MATCH_FRIENDLY,America Is in the Heart.md,WL-WORK-0914,America Is in the Heart,,卡洛斯·布洛桑,Carlos Bulosan,,,batch2_source_refs,WL-TOPIC-G43-BILDUNGSROMAN,STABLE_T,1946,T5,1946,T5,America is in the heart,Carlos Bulosan,/works/OL1622940W,4,1946,2004,2.000,SAFE_T,T5,1946,强标题+作者匹配；最早版次年份与 first_publish_year 落在同一 T,NO_BIRTH,,,,,,,,
P2_EXTERNAL_MATCH_FRIENDLY,American Indian Myths and Legends.md,WL-WORK-1346,American Indian Myths and Legends,,理查德·厄尔多斯 / 阿方索·奥尔蒂斯,Richard Erdoes / Alfonso Ortiz,,,batch3_source_refs,WL-TOPIC-G1-MYTH,STABLE_T,1997,T6,1997,T6,American Indian Myths and Legends,Richard Erdoes; Alfonso Ortiz,/works/OL20993081W,2,1997,1999,2.000,SAFE_T,T6,1997,强标题+作者匹配；最早版次年份与 first_publish_year 落在同一 T,MULTI_OR_EMPTY,,,,,,,,
P2_EXTERNAL_MATCH_FRIENDLY,Arabian Sands.md,WL-WORK-1349,Arabian Sands,,威尔弗雷德·塞西格,Wilfred Thesiger,,,batch3_source_refs,WL-TOPIC-G7-TRAVEL,STABLE_T,1959,T5,1959,T5,Arabian sands,Wilfred Thesiger,/works/OL2880104W,15,1959,2010,2.000,SAFE_T,T5,1959,强标题+作者匹配；最早版次年份与 first_publish_year 落在同一 T,ACTIVE_RANGE_SPANS_T:1925-2003:T4-T6,,,,,,,,
P2_EXTERNAL_MATCH_FRIENDLY,Auschwitz and After.md,WL-WORK-1941,Auschwitz and After,,夏洛特·德尔博,Charlotte Delbo,,,batch5_source_refs,WL-TOPIC-Q6-WAR,STABLE_T,1995,T6,1995,T6,Auschwitz and after,Charlotte Delbo,/works/OL2398922W,1,1995,1995,2.000,SAFE_T,T6,1995,强标题+作者匹配；最早版次年份与 first_publish_year 落在同一 T,NO_BIRTH,,,,,,,,
P2_EXTERNAL_MATCH_FRIENDLY,Ayesha at Last.md,WL-WORK-1942,Ayesha at Last,,乌兹玛·贾拉勒丁,Uzma Jalaluddin,,,batch5_source_refs,WL-TOPIC-Q2-LOVE,STABLE_T,2018,T6,2018,T6,Ayesha At Last,Uzma Jalaluddin,/works/OL20163357W,2,2018,2019,2.000,SAFE_T,T6,2018,强标题+作者匹配；最早版次年份与 first_publish_year 落在同一 T,NO_BIRTH,,,,,,,,
P2_EXTERNAL_MATCH_FRIENDLY,A代表不在场证明.md,WL-WORK-0095,A代表不在场证明,A Is for Alibi,苏·格拉夫顿,Sue Grafton,,,,WL-TOPIC-G45-MYSTERY,STABLE_T,1982,T6,1982,T6,"""A"" is for Alibi",Sue Grafton,/works/OL13754384W,25,1982,2019,2.000,SAFE_T,T6,1982,强标题+作者匹配；最早版次年份与 first_publish_year 落在同一 T,ACTIVE_RANGE_SPANS_T:1955-2017:T5-T6,,,,,,,,
P2_EXTERNAL_MATCH_FRIENDLY,Banalata Sen.md,WL-WORK-1524,Banalata Sen,,吉巴纳南达·达斯,Jibanananda Das,,,batch4_source_refs,WL-TOPIC-M3-MODERNISM,STABLE_T,1962,T5,1962,T5,Banalata Sen,Jibanananda Das,/works/OL333397W,2,1962,2000,2.000,SAFE_T,T5,1962,强标题+作者匹配；最早版次年份与 first_publish_year 落在同一 T,ACTIVE_RANGE_SPANS_T:1914-1954:T4-T5,,,,,,,,
P2_EXTERNAL_MATCH_FRIENDLY,Bar-20.md,WL-WORK-2166,Bar-20,,克拉伦斯·E.马尔福德,Clarence E. Mulford,,,batch6_source_refs,WL-TOPIC-Q15;WL-TOPIC-Q15-WESTERN,STABLE_T,2016,T6,2016,T6,Bar-20,Clarence E. Mulford,/works/OL40167007W,3,2016,2018,2.000,SAFE_T,T6,2016,强标题+作者匹配；最早版次年份与 first_publish_year 落在同一 T,NO_BIRTH,,,,,,,,
P2_EXTERNAL_MATCH_FRIENDLY,Before I Let Go.md,WL-WORK-1945,Before I Let Go,,肯尼迪·瑞安,Kennedy Ryan,,,batch5_source_refs,WL-TOPIC-Q2-LOVE,STABLE_T,2022,T6,2022,T6,Before I Let Go,Kennedy Ryan,/works/OL27850288W,3,2022,2024,2.000,SAFE_T,T6,2022,强标题+作者匹配；最早版次年份与 first_publish_year 落在同一 T,NO_BIRTH,,,,,,,,
P2_EXTERNAL_MATCH_FRIENDLY,Before She Sleeps.md,WL-WORK-0916,Before She Sleeps,,比娜·沙阿,Bina Shah,,,batch2_source_refs,WL-TOPIC-G46-DYSTOPIA,STABLE_T,2018,T6,2018,T6,Before she sleeps,Bina Shah,/works/OL19751027W,3,2018,2020,2.000,SAFE_T,T6,2018,强标题+作者匹配；最早版次年份与 first_publish_year 落在同一 T,NO_BIRTH,,,,,,,,
P2_EXTERNAL_MATCH_FRIENDLY,Beirut Blues.md,WL-WORK-1946,Beirut Blues,,哈南·谢赫,Hanan al-Shaykh,,,batch5_source_refs,WL-TOPIC-Q6-WAR,STABLE_T,1995,T6,1995,T6,Beirut blues,Ḥanān Shaykh,/works/OL1865813W,2,1995,1996,1.889,SAFE_T,T6,1995,强标题+作者匹配；最早版次年份与 first_publish_year 落在同一 T,ACTIVE_RANGE_SPANS_T:1960-2026:T5-T6,,,,,,,,
P2_EXTERNAL_MATCH_FRIENDLY,Bet Me.md,WL-WORK-1947,Bet Me,,珍妮弗·克鲁西,Jennifer Crusie,,,batch5_source_refs,WL-TOPIC-Q2-LOVE,STABLE_T,2004,T6,2004,T6,Bet me,Jennifer Crusie,/works/OL15829432W,1,2004,2004,2.000,SAFE_T,T6,2004,强标题+作者匹配；最早版次年份与 first_publish_year 落在同一 T,NO_BIRTH,,,,,,,,
P2_EXTERNAL_MATCH_FRIENDLY,Between the Woods and the Water.md,WL-WORK-1350,Between the Woods and the Water,,帕特里克·利·弗莫尔,Patrick Leigh Fermor,,,batch3_source_refs,WL-TOPIC-G7-TRAVEL,STABLE_T,1986,T6,1986,T6,Between the Woods and the Water,Patrick Leigh Fermor,/works/OL3583226W,13,1986,2021,2.000,SAFE_T,T6,1986,强标题+作者匹配；最早版次年份与 first_publish_year 落在同一 T,ACTIVE_RANGE_SPANS_T:1930-2011:T4-T6,,,,,,,,
P2_EXTERNAL_MATCH_FRIENDLY,Big Rock Candy Mountain.md,WL-WORK-2171,Big Rock Candy Mountain,,华莱士·斯特格纳,Wallace Stegner,,,batch6_source_refs,WL-TOPIC-Q15;WL-TOPIC-Q15-WESTERN,STABLE_T,2013,T6,2013,T6,Big Rock Candy Mountain,Wallace Stegner,/works/OL28345359W,1,2013,2013,2.000,SAFE_T,T6,2013,强标题+作者匹配；最早版次年份与 first_publish_year 落在同一 T,ACTIVE_RANGE_SPANS_T:1924-1993:T4-T6,,,,,,,,
P2_EXTERNAL_MATCH_FRIENDLY,Borderlands ／ La Frontera.md,WL-WORK-2175,Borderlands / La Frontera,,格洛丽亚·安扎尔杜亚,Gloria Anzaldúa,,,batch6_source_refs,WL-TOPIC-Q15;WL-TOPIC-Q15-WESTERN,STABLE_T,1987,T6,1987,T6,Borderlands/La Frontera,Gloria Anzaldúa,/works/OL61326W,8,1987,2022,2.000,SAFE_T,T6,1987,强标题+作者匹配；最早版次年份与 first_publish_year 落在同一 T,ACTIVE_RANGE_SPANS_T:1957-2004:T5-T6,,,,,,,,
P2_EXTERNAL_MATCH_FRIENDLY,Bread Givers.md,WL-WORK-0917,Bread Givers,,安齐娅·叶济尔斯卡,Anzia Yezierska,,,batch2_source_refs,WL-TOPIC-G43-BILDUNGSROMAN,STABLE_T,1925,T4,1925,T4,Bread givers,Anzia Yezierska,/works/OL14866180W,5,1925,2003,2.000,SAFE_T,T4,1925,强标题+作者匹配；最早版次年份与 first_publish_year 落在同一 T,NO_BIRTH,,,,,,,,
P2_EXTERNAL_MATCH_FRIENDLY,Buffalo Wagons.md,WL-WORK-2177,Buffalo Wagons,,埃尔默·凯尔顿,Elmer Kelton,,,batch6_source_refs,WL-TOPIC-Q15;WL-TOPIC-Q15-WESTERN,STABLE_T,1956,T5,1956,T5,Buffalo Wagons,Elmer Kelton,/works/OL43023900W,2,1956,1957,2.000,SAFE_T,T5,1956,强标题+作者匹配；最早版次年份与 first_publish_year 落在同一 T,ACTIVE_RANGE_SPANS_T:1941-2026:T4-T6,,,,,,,,
P2_EXTERNAL_MATCH_FRIENDLY,Bugles in the Afternoon.md,WL-WORK-2178,Bugles in the Afternoon,,欧内斯特·海科克斯,Ernest Haycox,,,batch6_source_refs,WL-TOPIC-Q15;WL-TOPIC-Q15-WESTERN,STABLE_T,1944,T4,1944,T4,Bugles in the afternoon,Ernest Haycox,/works/OL14848325W,8,1944,2003,2.000,SAFE_T,T4,1944,强标题+作者匹配；最早版次年份与 first_publish_year 落在同一 T,ACTIVE_RANGE_SPANS_T:1914-1950:T4-T5,,,,,,,,
P2_EXTERNAL_MATCH_FRIENDLY,Burnt Offerings.md,WL-WORK-0494,Burnt Offerings,,罗伯特·马拉斯科,Robert Marasco,,,batch1_source_refs,WL-TOPIC-G45-HORROR,STABLE_T,1973,T5,1973,T5,Burnt offerings,Robert Marasco,/works/OL6562613W,5,1973,1993,2.000,SAFE_T,T5,1973,强标题+作者匹配；最早版次年份与 first_publish_year 落在同一 T,NO_BIRTH,,,,,,,,
P2_EXTERNAL_MATCH_FRIENDLY,Butcher's Crossing.md,WL-WORK-2179,Butcher's Crossing,,约翰·威廉斯,John Williams,,,batch6_source_refs,WL-TOPIC-Q15;WL-TOPIC-Q15-WESTERN,STABLE_T,1960,T5,1960,T5,Butcher's Crossing,John Williams,/works/OL3511457W,8,1960,2016,2.000,SAFE_T,T5,1960,强标题+作者匹配；最早版次年份与 first_publish_year 落在同一 T,ACTIVE_RANGE_SPANS_T:1969-2026:T5-T6,,,,,,,,
P2_EXTERNAL_MATCH_FRIENDLY,Cancioneiro Guasca.md,WL-WORK-2180,Cancioneiro Guasca,,西蒙斯·洛佩斯·内托,Simões Lopes Neto,,,batch6_source_refs,WL-TOPIC-Q15;WL-TOPIC-Q15-GAUCHO,STABLE_T,1910,T4,1910,T4,Cancioneiro guasca,J. Simões Lopes Neto,/works/OL12155895W,3,1910,1999,1.944,SAFE_T,T4,1910,强标题+作者匹配；最早版次年份与 first_publish_year 落在同一 T,NO_BIRTH,,,,,,,,
P2_EXTERNAL_MATCH_FRIENDLY,Casos do Romualdo.md,WL-WORK-2183,Casos do Romualdo,,西蒙斯·洛佩斯·内托,Simões Lopes Neto,,,batch6_source_refs,WL-TOPIC-Q15;WL-TOPIC-Q15-GAUCHO,STABLE_T,1952,T5,1952,T5,Casos do Romualdo,J. Simões Lopes Neto,/works/OL3206193W,2,1952,1992,1.944,SAFE_T,T5,1952,强标题+作者匹配；最早版次年份与 first_publish_year 落在同一 T,NO_BIRTH,,,,,,,,
P2_EXTERNAL_MATCH_FRIENDLY,Color.md,WL-WORK-1527,Color,,康蒂·卡伦,Countee Cullen,,,batch4_source_refs,WL-TOPIC-M3-MODERNISM,STABLE_T,1925,T4,1925,T4,Color,Countee Cullen,/works/OL2836099W,2,1925,1969,2.000,SAFE_T,T4,1925,强标题+作者匹配；最早版次年份与 first_publish_year 落在同一 T,ACTIVE_RANGE_SPANS_T:1918-1946:T4-T5,,,,,,,,
P2_EXTERNAL_MATCH_FRIENDLY,Contos Gauchescos.md,WL-WORK-2190,Contos Gauchescos,,西蒙斯·洛佩斯·内托,Simões Lopes Neto,,,batch6_source_refs,WL-TOPIC-Q15;WL-TOPIC-Q15-GAUCHO,STABLE_T,1983,T6,1983,T6,Contos gauchescos,J. Simões Lopes Neto,/works/OL3206195W,5,1983,2000,1.944,SAFE_T,T6,1983,强标题+作者匹配；最早版次年份与 first_publish_year 落在同一 T,NO_BIRTH,,,,,,,,
P2_EXTERNAL_MATCH_FRIENDLY,Count Hannibal.md,WL-WORK-2192,Count Hannibal,,斯坦利·韦曼,Stanley Weyman,,,batch6_source_refs,WL-TOPIC-Q15;WL-TOPIC-Q15-SWASHBUCKLER,STABLE_T,2016,T6,2016,T6,Count Hannibal,Stanley . Weyman,/works/OL41401873W,1,2016,2016,2.000,SAFE_T,T6,2016,强标题+作者匹配；最早版次年份与 first_publish_year 落在同一 T,NO_BIRTH,,,,,,,,
P2_EXTERNAL_MATCH_FRIENDLY,Cowboy Songs and Other Frontier Ballads.md,WL-WORK-2193,Cowboy Songs and Other Frontier Ballads,,约翰·A.洛马克斯,John A. Lomax,,,batch6_source_refs,WL-TOPIC-Q15;WL-TOPIC-Q15-WESTERN,STABLE_T,1925,T4,1925,T4,Cowboy Songs and other frontier ballads,John A. Lomax,/works/OL43750291W,1,1925,1925,2.000,SAFE_T,T4,1925,强标题+作者匹配；最早版次年份与 first_publish_year 落在同一 T,NO_BIRTH,,,,,,,,
P2_EXTERNAL_MATCH_FRIENDLY,Cracking India.md,WL-WORK-0919,Cracking India,,巴普西·西德瓦,Bapsi Sidhwa,,,batch2_source_refs,WL-TOPIC-G44-HISTORICAL,STABLE_T,1991,T6,1991,T6,Cracking India,Bapsi Sidhwa,/works/OL3935996W,5,1991,2010,2.000,SAFE_T,T6,1991,强标题+作者匹配；最早版次年份与 first_publish_year 落在同一 T,NO_BIRTH,,,,,,,,
P2_EXTERNAL_MATCH_FRIENDLY,"Dark Continent, My Black Arse.md",WL-WORK-1353,"Dark Continent, My Black Arse",,西赫勒·库马洛,Sihle Khumalo,,,batch3_source_refs,WL-TOPIC-G7-TRAVEL,STABLE_T,2007,T6,2007,T6,"Dark continent, my black arse",Sihle Khumalo,/works/OL13767935W,1,2007,2007,2.000,SAFE_T,T6,2007,强标题+作者匹配；最早版次年份与 first_publish_year 落在同一 T,NO_BIRTH,,,,,,,,
P2_EXTERNAL_MATCH_FRIENDLY,Dark Fire.md,WL-WORK-0921,Dark Fire,,C.J.桑瑟姆,C.J. Sansom,,,batch2_source_refs,WL-TOPIC-G44-HISTORICAL,STABLE_T,2001,T6,2001,T6,Dark fire,C. J. Sansom,/works/OL17719162W,6,2001,2012,2.000,SAFE_T,T6,2001,强标题+作者匹配；最早版次年份与 first_publish_year 落在同一 T,NO_BIRTH,,,,,,,,
P2_EXTERNAL_MATCH_FRIENDLY,Dark Lover.md,WL-WORK-1952,Dark Lover,,J.R.沃德,J.R. Ward,,,batch5_source_refs,WL-TOPIC-Q2-LOVE,STABLE_T,2005,T6,2005,T6,Dark Lover,J. R. Ward,/works/OL5091273W,9,2005,2015,2.000,SAFE_T,T6,2005,强标题+作者匹配；最早版次年份与 first_publish_year 落在同一 T,NO_BIRTH,,,,,,,,
P2_EXTERNAL_MATCH_FRIENDLY,Dead in the West.md,WL-WORK-2196,Dead in the West,,乔·R.兰斯代尔,Joe R. Lansdale,,,batch6_source_refs,WL-TOPIC-Q15;WL-TOPIC-Q15-WESTERN,STABLE_T,1986,T6,1986,T6,Dead in the West,Joe R. Lansdale,/works/OL54770W,2,1986,1994,2.000,SAFE_T,T6,1986,强标题+作者匹配；最早版次年份与 first_publish_year 落在同一 T,ACTIVE_RANGE_SPANS_T:1966-2026:T5-T6,,,,,,,,
P2_EXTERNAL_MATCH_FRIENDLY,Delilah Green Doesn't Care.md,WL-WORK-1953,Delilah Green Doesn't Care,,阿什莉·赫林·布莱克,Ashley Herring Blake,,,batch5_source_refs,WL-TOPIC-Q2-LOVE,STABLE_T,2022,T6,2022,T6,Delilah Green Doesn't Care,Ashley Herring Blake,/works/OL25917284W,1,2022,2022,2.000,SAFE_T,T6,2022,强标题+作者匹配；最早版次年份与 first_publish_year 落在同一 T,NO_BIRTH,,,,,,,,
P2_EXTERNAL_MATCH_FRIENDLY,Delirium.md,WL-WORK-0922,Delirium,,劳伦·奥利弗,Lauren Oliver,,,batch2_source_refs,WL-TOPIC-G46-DYSTOPIA,STABLE_T,2011,T6,2011,T6,Delirium,Lauren Oliver,/works/OL27432616W,3,2011,2013,2.000,SAFE_T,T6,2011,强标题+作者匹配；最早版次年份与 first_publish_year 落在同一 T,NO_BIRTH,,,,,,,,
P2_EXTERNAL_MATCH_FRIENDLY,Desert Solitaire.md,WL-WORK-2199,Desert Solitaire,,爱德华·艾比,Edward Abbey,,,batch6_source_refs,WL-TOPIC-Q15;WL-TOPIC-Q15-WESTERN,STABLE_T,1968,T5,1968,T5,Desert solitaire,Edward Abbey,/works/OL2929632W,14,1968,1998,2.000,SAFE_T,T5,1968,强标题+作者匹配；最早版次年份与 first_publish_year 落在同一 T,ACTIVE_RANGE_SPANS_T:1942-1989:T4-T6,,,,,,,,
P2_EXTERNAL_MATCH_FRIENDLY,Devil in Winter.md,WL-WORK-1955,Devil in Winter,,丽莎·克莱帕斯,Lisa Kleypas,,,batch5_source_refs,WL-TOPIC-Q2-LOVE,STABLE_T,2006,T6,2006,T6,Devil in Winter,Lisa Kleypas,/works/OL4331781W,2,2006,2023,2.000,SAFE_T,T6,2006,强标题+作者匹配；最早版次年份与 first_publish_year 落在同一 T,ACTIVE_RANGE_SPANS_T:1979-2026:T5-T6,,,,,,,,
P2_EXTERNAL_MATCH_FRIENDLY,Dispatches.md,WL-WORK-1956,Dispatches,,迈克尔·赫尔,Michael Herr,,,batch5_source_refs,WL-TOPIC-Q6-WAR,STABLE_T,1977,T5,1977,T5,Dispatches,Michael Herr,/works/OL4482600W,16,1977,2016,2.000,SAFE_T,T5,1977,强标题+作者匹配；最早版次年份与 first_publish_year 落在同一 T,ACTIVE_RANGE_SPANS_T:1955-2016:T5-T6,,,,,,,,
P2_EXTERNAL_MATCH_FRIENDLY,Don Segundo Sombra.md,WL-WORK-2202,Don Segundo Sombra,,里卡多·吉拉尔德斯,Güiraldes,,,batch6_source_refs,WL-TOPIC-Q15;WL-TOPIC-Q15-GAUCHO,STABLE_T,1998,T6,1998,T6,Don Segundo Sombra,R. Guiraldes,/works/OL9246572W,1,1998,1998,1.900,SAFE_T,T6,1998,强标题+作者匹配；最早版次年份与 first_publish_year 落在同一 T,NO_STRONG_MATCH:0.720,,,,,,,,
P2_EXTERNAL_MATCH_FRIENDLY,Dreaming in Cuban.md,WL-WORK-0923,Dreaming in Cuban,,克里斯蒂娜·加西亚,Cristina García,,,batch2_source_refs,WL-TOPIC-G43-FAMILY,STABLE_T,1992,T6,1992,T6,Dreaming in Cuban,Cristina García,/works/OL938779W,5,1992,2004,2.000,SAFE_T,T6,1992,强标题+作者匹配；最早版次年份与 first_publish_year 落在同一 T,ACTIVE_RANGE_SPANS_T:1973-2026:T5-T6,,,,,,,,
P2_EXTERNAL_MATCH_FRIENDLY,Dungeon Crawler Carl.md,WL-WORK-0499,Dungeon Crawler Carl,,马特·丁尼曼,Matt Dinniman,,,batch1_source_refs,WL-TOPIC-G45-FANTASY,STABLE_T,2020,T6,2020,T6,Dungeon Crawler Carl,Matt Dinniman,/works/OL24593432W,5,2020,2026,2.000,SAFE_T,T6,2020,强标题+作者匹配；最早版次年份与 first_publish_year 落在同一 T,NO_BIRTH,,,,,,,,
P2_EXTERNAL_MATCH_FRIENDLY,El gaucho Martín Fierro.md,WL-WORK-2205,El gaucho Martín Fierro,,何塞·埃尔南德斯,Hernández,,,batch6_source_refs,WL-TOPIC-Q15;WL-TOPIC-Q15-GAUCHO,STABLE_T,1872,T3,1872,T3,El gaucho Martin Fierro,José Hernández,/works/OL38633873W,1,1872,1872,1.783,SAFE_T,T3,1872,强标题+作者匹配；最早版次年份与 first_publish_year 落在同一 T,NO_STRONG_MATCH:0.750,,,,,,,,
P2_EXTERNAL_MATCH_FRIENDLY,El Martín Fierro.md,WL-WORK-2208,El Martín Fierro,,博尔赫斯 / 玛格丽塔·格雷罗,Borges / Margarita Guerrero,,,batch6_source_refs,WL-TOPIC-Q15;WL-TOPIC-Q15-GAUCHO,STABLE_T,1953,T5,1953,T5,El Martin Fierro,Jorge Luis Borges; Margarita Guerrero,/works/OL104909W,11,1953,2017,1.820,SAFE_T,T5,1953,强标题+作者匹配；最早版次年份与 first_publish_year 落在同一 T,MULTI_OR_EMPTY,,,,,,,,
P2_EXTERNAL_MATCH_FRIENDLY,El Zarco.md,WL-WORK-2214,El Zarco,,伊格纳西奥·曼努埃尔·阿尔塔米拉诺,Ignacio Manuel Altamirano,,,batch6_source_refs,WL-TOPIC-Q15;WL-TOPIC-Q15-OUTLAW,STABLE_T,1933,T4,1933,T4,El Zarco,Ignacio Manuel Altamirano,/works/OL2100520W,14,1933,2005,2.000,SAFE_T,T4,1933,强标题+作者匹配；最早版次年份与 first_publish_year 落在同一 T,NO_BIRTH,,,,,,,,
P2_EXTERNAL_MATCH_FRIENDLY,Erec.md,WL-WORK-2218,Erec,,哈特曼·冯·奥埃,Hartmann von Aue,,,batch6_source_refs,WL-TOPIC-Q15;WL-TOPIC-Q15-KNIGHT,STABLE_T,1871,T3,1871,T3,Erec,Hartmann von Aue,/works/OL34614544W,6,1871,2005,2.000,SAFE_T,T3,1871,强标题+作者匹配；最早版次年份与 first_publish_year 落在同一 T,NO_BIRTH,,,,,,,,
P2_EXTERNAL_MATCH_FRIENDLY,Facial Justice.md,WL-WORK-0924,Facial Justice,,L.P.哈特利,L.P. Hartley,,,batch2_source_refs,WL-TOPIC-G46-DYSTOPIA,STABLE_T,1960,T5,1960,T5,Facial Justice,L. P. Hartley,/works/OL11882354W,2,1960,2014,2.000,SAFE_T,T5,1960,强标题+作者匹配；最早版次年份与 first_publish_year 落在同一 T,ACTIVE_RANGE_SPANS_T:1910-1972:T4-T5,,,,,,,,
P2_EXTERNAL_MATCH_FRIENDLY,Feed.md,WL-WORK-0925,Feed,,M.T.安德森,M.T. Anderson,,,batch2_source_refs,WL-TOPIC-G46-DYSTOPIA,STABLE_T,2002,T6,2002,T6,Feed,M. T. Anderson,/works/OL112043W,10,2002,2020,2.000,SAFE_T,T6,2002,强标题+作者匹配；最早版次年份与 first_publish_year 落在同一 T,NO_BIRTH,,,,,,,,
P2_EXTERNAL_MATCH_FRIENDLY,Fools Crow.md,WL-WORK-0926,Fools Crow,,詹姆斯·韦尔奇,James Welch,,,batch2_source_refs;batch6_source_refs,WL-TOPIC-G44-HISTORICAL;WL-TOPIC-Q15;WL-TOPIC-Q15-WESTERN,STABLE_T,1986,T6,1986,T6,Fools crow,James Welch,/works/OL11377485W,3,1986,1995,2.000,SAFE_T,T6,1986,强标题+作者匹配；最早版次年份与 first_publish_year 落在同一 T,NO_BIRTH,,,,,,,,
P2_EXTERNAL_MATCH_FRIENDLY,Forbidden.md,WL-WORK-1958,Forbidden,,贝弗利·詹金斯,Beverly Jenkins,,,batch5_source_refs,WL-TOPIC-Q2-LOVE,STABLE_T,2016,T6,2016,T6,Forbidden,Beverly Jenkins,/works/OL20018773W,1,2016,2016,2.000,SAFE_T,T6,2016,强标题+作者匹配；最早版次年份与 first_publish_year 落在同一 T,ACTIVE_RANGE_SPANS_T:1966-2026:T5-T6,,,,,,,,
P2_EXTERNAL_MATCH_FRIENDLY,From a Crooked Rib.md,WL-WORK-0927,From a Crooked Rib,,努鲁丁·法拉赫,Nuruddin Farah,,,batch2_source_refs,WL-TOPIC-G43-BILDUNGSROMAN,STABLE_T,1970,T5,1970,T5,From a crooked rib,Nuruddin Farah,/works/OL18692W,3,1970,2009,2.000,SAFE_T,T5,1970,强标题+作者匹配；最早版次年份与 first_publish_year 落在同一 T,ACTIVE_RANGE_SPANS_T:1960-2026:T5-T6,,,,,,,,
P2_EXTERNAL_MATCH_FRIENDLY,Games of Command.md,WL-WORK-1960,Games of Command,,林妮娅·辛克莱,Linnea Sinclair,,,batch5_source_refs,WL-TOPIC-Q2-LOVE,STABLE_T,2007,T6,2007,T6,Games of Command,Linnea Sinclair,/works/OL5887176W,1,2007,2007,2.000,SAFE_T,T6,2007,强标题+作者匹配；最早版次年份与 first_publish_year 落在同一 T,ACTIVE_RANGE_SPANS_T:1969-2026:T5-T6,,,,,,,,
P2_EXTERNAL_MATCH_FRIENDLY,Gestaltes en diere.md,WL-WORK-1530,Gestaltes en diere,,N.P.范维克·劳,N. P. van Wyk Louw,,,batch4_source_refs,WL-TOPIC-M3-MODERNISM,STABLE_T,1958,T5,1958,T5,Gestaltes en diere,N. P. van Wyk Louw,/works/OL44868203W,1,1958,1958,2.000,SAFE_T,T5,1958,强标题+作者匹配；最早版次年份与 first_publish_year 落在同一 T,ACTIVE_RANGE_SPANS_T:1921-1970:T4-T5,,,,,,,,
P2_EXTERNAL_MATCH_FRIENDLY,Gnomon.md,WL-WORK-0928,Gnomon,,尼克·哈卡维,Nick Harkaway,,,batch2_source_refs,WL-TOPIC-G46-DYSTOPIA,STABLE_T,2017,T6,2017,T6,Gnomon,Nick Harkaway,/works/OL20073146W,2,2017,2018,2.000,SAFE_T,T6,2017,强标题+作者匹配；最早版次年份与 first_publish_year 落在同一 T,NO_BIRTH,,,,,,,,
P2_EXTERNAL_MATCH_FRIENDLY,Greguerías.md,WL-WORK-1531,Greguerías,,拉蒙·戈麦斯·德拉塞尔纳,Ramón Gómez de la Serna,,,batch4_source_refs,WL-TOPIC-M3-MODERNISM,STABLE_T,1918,T4,1918,T4,Greguerías,Ramón Gómez de la Serna,/works/OL38852270W,1,1918,1918,2.000,SAFE_T,T4,1918,强标题+作者匹配；最早版次年份与 first_publish_year 落在同一 T,ACTIVE_RANGE_SPANS_T:1903-1963:T4-T5,,,,,,,,
P2_EXTERNAL_MATCH_FRIENDLY,Harmonium.md,WL-WORK-1532,Harmonium,,华莱士·史蒂文斯,Wallace Stevens,,,batch4_source_refs,WL-TOPIC-M3-MODERNISM,STABLE_T,1923,T4,1923,T4,Harmonium,Wallace Stevens,/works/OL464013W,7,1923,1999,2.000,SAFE_T,T4,1923,强标题+作者匹配；最早版次年份与 first_publish_year 落在同一 T,ACTIVE_RANGE_SPANS_T:1894-1955:T4-T5,,,,,,,,
P2_EXTERNAL_MATCH_FRIENDLY,Hood.md,WL-WORK-2240,Hood,,斯蒂芬·R.劳黑德,Stephen R. Lawhead,,,batch6_source_refs,WL-TOPIC-Q15;WL-TOPIC-Q15-OUTLAW,STABLE_T,2008,T6,2008,T6,Hood,Stephen R. Lawhead,/works/OL44031730W,1,2008,2008,2.000,SAFE_T,T6,2008,强标题+作者匹配；最早版次年份与 first_publish_year 落在同一 T,ACTIVE_RANGE_SPANS_T:1965-2026:T5-T6,,,,,,,,
P2_EXTERNAL_MATCH_FRIENDLY,In Flanders Fields.md,WL-WORK-1967,In Flanders Fields,,约翰·麦克雷,John McCrae,,,batch5_source_refs,WL-TOPIC-Q6-WAR,STABLE_T,1917,T4,1917,T4,In Flanders' fields,John McCrae,/works/OL39432032W,2,1917,1918,2.000,SAFE_T,T4,1917,强标题+作者匹配；最早版次年份与 first_publish_year 落在同一 T,ACTIVE_RANGE_SPANS_T:1887-1918:T3-T4,,,,,,,,
P2_EXTERNAL_MATCH_FRIENDLY,In Parenthesis.md,WL-WORK-1968,In Parenthesis,,戴维·琼斯,David Jones,,,batch5_source_refs,WL-TOPIC-Q6-WAR,STABLE_T,1961,T5,1961,T5,in parenthesis,david jones ,/works/OL43232660W,1,1961,1961,2.000,SAFE_T,T5,1961,强标题+作者匹配；最早版次年份与 first_publish_year 落在同一 T,NO_BIRTH,,,,,,,,
P2_EXTERNAL_MATCH_FRIENDLY,Indigo.md,WL-WORK-1969,Indigo,,贝弗利·詹金斯,Beverly Jenkins,,,batch5_source_refs,WL-TOPIC-Q2-LOVE,STABLE_T,1996,T6,1996,T6,Indigo,Beverly Jenkins,/works/OL553688W,3,1996,2014,2.000,SAFE_T,T6,1996,强标题+作者匹配；最早版次年份与 first_publish_year 落在同一 T,ACTIVE_RANGE_SPANS_T:1966-2026:T5-T6,,,,,,,,
P2_EXTERNAL_MATCH_FRIENDLY,Inland.md,WL-WORK-2248,Inland,,特娅·奥布雷赫特,Téa Obreht,,,batch6_source_refs,WL-TOPIC-Q15;WL-TOPIC-Q15-WESTERN,STABLE_T,2016,T6,2016,T6,Inland,Téa Obreht,/works/OL24223033W,3,2016,2020,2.000,SAFE_T,T6,2016,强标题+作者匹配；最早版次年份与 first_publish_year 落在同一 T,NO_BIRTH,,,,,,,,
P2_EXTERNAL_MATCH_FRIENDLY,Iwein.md,WL-WORK-2250,Iwein,,哈特曼·冯·奥埃,Hartmann,,,batch6_source_refs,WL-TOPIC-Q15;WL-TOPIC-Q15-KNIGHT,STABLE_T,1877,T3,1877,T3,Iwein,Hartmann,/works/OL8102770W,9,1877,2021,2.000,SAFE_T,T3,1877,强标题+作者匹配；最早版次年份与 first_publish_year 落在同一 T,ACTIVE_RANGE_SPANS_T:1846-1893:T3-T4,,,,,,,,
P2_EXTERNAL_MATCH_FRIENDLY,Jennifer Government.md,WL-WORK-0931,Jennifer Government,,马克斯·巴里,Max Barry,,,batch2_source_refs,WL-TOPIC-G46-DYSTOPIA,STABLE_T,2003,T6,2003,T6,Jennifer Government,Max Barry,/works/OL8052942W,2,2003,2004,2.000,SAFE_T,T6,2003,强标题+作者匹配；最早版次年份与 first_publish_year 落在同一 T,NO_BIRTH,,,,,,,,
P2_EXTERNAL_MATCH_FRIENDLY,Kaputt.md,WL-WORK-1971,Kaputt,,库尔齐奥·马拉帕尔特,Curzio Malaparte,,,batch5_source_refs,WL-TOPIC-Q6-WAR,STABLE_T,1944,T4,1944,T4,Kaputt,Curzio Malaparte,/works/OL38800070W,2,1944,1948,2.000,SAFE_T,T4,1944,强标题+作者匹配；最早版次年份与 first_publish_year 落在同一 T,ACTIVE_RANGE_SPANS_T:1913-1957:T4-T5,,,,,,,,
P2_EXTERNAL_MATCH_FRIENDLY,Kushiel's Dart.md,WL-WORK-1972,Kushiel's Dart,,杰奎琳·凯里,Jacqueline Carey,,,batch5_source_refs,WL-TOPIC-Q2-LOVE,STABLE_T,2001,T6,2001,T6,Kushiel's dart,Jacqueline Carey,/works/OL2719901W,8,2001,2023,2.000,SAFE_T,T6,2001,强标题+作者匹配；最早版次年份与 first_publish_year 落在同一 T,ACTIVE_RANGE_SPANS_T:1979-2026:T5-T6,,,,,,,,
P2_EXTERNAL_MATCH_FRIENDLY,L'Allegria.md,WL-WORK-1534,L'Allegria,,朱塞佩·翁加雷蒂,Giuseppe Ungaretti,,,batch4_source_refs,WL-TOPIC-M3-MODERNISM,STABLE_T,1931,T4,1931,T4,L'allegria ...,Giuseppe Ungaretti,/works/OL43159271W,1,1931,1931,2.000,SAFE_T,T4,1931,强标题+作者匹配；最早版次年份与 first_publish_year 落在同一 T,ACTIVE_RANGE_SPANS_T:1903-1970:T4-T5,,,,,,,,
P2_EXTERNAL_MATCH_FRIENDLY,La vuelta de Martín Fierro.md,WL-WORK-2263,La vuelta de Martín Fierro,,何塞·埃尔南德斯,Hernández,,,batch6_source_refs,WL-TOPIC-Q15;WL-TOPIC-Q15-GAUCHO;WL-TOPIC-Q15-OUTLAW,STABLE_T,1879,T3,1879,T3,La vuelta de Martin Fierro,José Hernández,/works/OL38632971W,1,1879,1879,1.783,SAFE_T,T3,1879,强标题+作者匹配；最早版次年份与 first_publish_year 落在同一 T,NO_STRONG_MATCH:0.750,,,,,,,,
P2_EXTERNAL_MATCH_FRIENDLY,Legendary Tales of the Australian Aborigines.md,WL-WORK-1359,Legendary Tales of the Australian Aborigines,,戴维·乌奈庞,David Unaipon,,,batch3_source_refs,WL-TOPIC-G1-MYTH,STABLE_T,2001,T6,2001,T6,Legendary tales of the Australian aborigines,David Unaipon,/works/OL12027653W,1,2001,2001,2.000,SAFE_T,T6,2001,强标题+作者匹配；最早版次年份与 first_publish_year 落在同一 T,NO_BIRTH,,,,,,,,
P2_EXTERNAL_MATCH_FRIENDLY,Leila.md,WL-WORK-0933,Leila,,普拉亚格·阿克巴尔,Prayaag Akbar,,,batch2_source_refs,WL-TOPIC-G46-DYSTOPIA,STABLE_T,2017,T6,2017,T6,Leila,Prayaag Akbar,/works/OL17845877W,2,2017,2019,2.000,SAFE_T,T6,2017,强标题+作者匹配；最早版次年份与 first_publish_year 落在同一 T,NO_BIRTH,,,,,,,,
P2_EXTERNAL_MATCH_FRIENDLY,Lendas do Sul.md,WL-WORK-2271,Lendas do Sul,,西蒙斯·洛佩斯·内托,Simões Lopes Neto,,,batch6_source_refs,WL-TOPIC-Q15;WL-TOPIC-Q15-GAUCHO,STABLE_T,1953,T5,1953,T5,Lendas do Sul,J. Simões Lopes Neto,/works/OL3206194W,2,1953,1991,1.944,SAFE_T,T5,1953,强标题+作者匹配；最早版次年份与 first_publish_year 落在同一 T,NO_BIRTH,,,,,,,,
P2_EXTERNAL_MATCH_FRIENDLY,Limbo.md,WL-WORK-0934,Limbo,,伯纳德·沃尔夫,Bernard Wolfe,,,batch2_source_refs,WL-TOPIC-G46-DYSTOPIA,STABLE_T,1952,T5,1952,T5,Limbo,Bernard Wolfe,/works/OL7015488W,8,1952,2017,2.000,SAFE_T,T5,1952,强标题+作者匹配；最早版次年份与 first_publish_year 落在同一 T,ACTIVE_RANGE_SPANS_T:1930-1985:T4-T6,,,,,,,,
P2_EXTERNAL_MATCH_FRIENDLY,Long John Silver.md,WL-WORK-2275,Long John Silver,,比约恩·拉尔森,Björn Larsson,,,batch6_source_refs,WL-TOPIC-Q15;WL-TOPIC-Q15-PIRATE,STABLE_T,1995,T6,1995,T6,Long John Silver,Björn Larsson,/works/OL1685323W,4,1995,2000,2.000,SAFE_T,T6,1995,强标题+作者匹配；最早版次年份与 first_publish_year 落在同一 T,ACTIVE_RANGE_SPANS_T:1968-2026:T5-T6,,,,,,,,
P2_EXTERNAL_MATCH_FRIENDLY,Los bandidos de Río Frío.md,WL-WORK-2276,Los bandidos de Río Frío,,曼努埃尔·派诺,Manuel Payno,,,batch6_source_refs,WL-TOPIC-Q15;WL-TOPIC-Q15-OUTLAW,STABLE_T,1959,T5,1959,T5,Los bandidos de Rio Frio,Manuel Payno,/works/OL10443926W,1,1959,1959,2.000,SAFE_T,T5,1959,强标题+作者匹配；最早版次年份与 first_publish_year 落在同一 T,NO_BIRTH,,,,,,,,
P2_EXTERNAL_MATCH_FRIENDLY,Los caranchos de La Florida.md,WL-WORK-2277,Los caranchos de La Florida,,贝尼托·林奇,Benito Lynch,,,batch6_source_refs,WL-TOPIC-Q15;WL-TOPIC-Q15-GAUCHO,STABLE_T,1916,T4,1916,T4,Los caranchos de la Florida,Benito Lynch,/works/OL91081W,7,1916,1994,2.000,SAFE_T,T4,1916,强标题+作者匹配；最早版次年份与 first_publish_year 落在同一 T,ACTIVE_RANGE_SPANS_T:1895-1951:T4-T5,,,,,,,,
P2_EXTERNAL_MATCH_FRIENDLY,Lost in the Barrens.md,WL-WORK-0508,Lost in the Barrens,,法利·莫厄特,Farley Mowat,,,batch1_source_refs,WL-TOPIC-G45-ADVENTURE,STABLE_T,1962,T5,1962,T5,Lost in the Barrens,Farley Mowat,/works/OL43085571W,1,1962,1962,2.000,SAFE_T,T5,1962,强标题+作者匹配；最早版次年份与 first_publish_year 落在同一 T,ACTIVE_RANGE_SPANS_T:1936-2014:T4-T6,,,,,,,,
P2_EXTERNAL_MATCH_FRIENDLY,Love Only Once.md,WL-WORK-1973,Love Only Once,,约翰娜·林赛,Johanna Lindsey,,,batch5_source_refs,WL-TOPIC-Q2-LOVE,STABLE_T,1985,T6,1985,T6,Love Only Once,Johanna Lindsey,/works/OL15684W,8,1985,2010,2.000,SAFE_T,T6,1985,强标题+作者匹配；最早版次年份与 first_publish_year 落在同一 T,ACTIVE_RANGE_SPANS_T:1967-2019:T5-T6,,,,,,,,
P2_EXTERNAL_MATCH_FRIENDLY,Malaeska.md,WL-WORK-2280,Malaeska,,安·S.斯蒂芬斯,Ann S. Stephens,,,batch6_source_refs,WL-TOPIC-Q15;WL-TOPIC-Q15-WESTERN,STABLE_T,1929,T4,1929,T4,Malaeska,Ann S. Stephens,/works/OL8505079W,3,1929,2015,2.000,SAFE_T,T4,1929,强标题+作者匹配；最早版次年份与 first_publish_year 落在同一 T,NO_BIRTH,,,,,,,,
P2_EXTERNAL_MATCH_FRIENDLY,Manhunt.md,WL-WORK-0509,Manhunt,,格蕾琴·费尔克-马丁,Gretchen Felker-Martin,,,batch1_source_refs,WL-TOPIC-G45-HORROR,STABLE_T,2022,T6,2022,T6,Manhunt,Gretchen Felker-Martin,/works/OL24627204W,1,2022,2022,2.000,SAFE_T,T6,2022,强标题+作者匹配；最早版次年份与 first_publish_year 落在同一 T,NO_BIRTH,,,,,,,,
P2_EXTERNAL_MATCH_FRIENDLY,Missionary Travels and Researches in South Africa.md,WL-WORK-1362,Missionary Travels and Researches in South Africa,Missionary Travels,戴维·利文斯通,Livingstone,,,batch3_source_refs,WL-TOPIC-G7-TRAVEL,STABLE_T,1833,T3,1833,T3,Missionary travels and researches in South Africa,David Livingstone,/works/OL3554533W,9,1833,1972,1.786,SAFE_T,T3,1833,强标题+作者匹配；最早版次年份与 first_publish_year 落在同一 T,NO_BIRTH,,,,,,,,
P2_EXTERNAL_MATCH_FRIENDLY,Monte Walsh.md,WL-WORK-2286,Monte Walsh,,杰克·谢弗,Jack Schaefer,,,batch6_source_refs,WL-TOPIC-Q15;WL-TOPIC-Q15-WESTERN;WL-TOPIC-Q15-PIRATE,STABLE_T,1963,T5,1963,T5,Monte Walsh,Jack Schaefer,/works/OL3916713W,3,1963,2003,2.000,SAFE_T,T5,1963,强标题+作者匹配；最早版次年份与 first_publish_year 落在同一 T,ACTIVE_RANGE_SPANS_T:1922-1991:T4-T6,,,,,,,,
P2_EXTERNAL_MATCH_FRIENDLY,My Side of the Mountain.md,WL-WORK-0513,My Side of the Mountain,,琼·克雷格黑德·乔治,Jean Craighead George,,,batch1_source_refs,WL-TOPIC-G45-ADVENTURE,STABLE_T,1959,T5,1959,T5,My side of the mountain,Jean Craighead George,/works/OL111900W,21,1959,2011,2.000,SAFE_T,T5,1959,强标题+作者匹配；最早版次年份与 first_publish_year 落在同一 T,ACTIVE_RANGE_SPANS_T:1934-2026:T4-T6,,,,,,,,
P2_EXTERNAL_MATCH_FRIENDLY,News of the World.md,WL-WORK-2290,News of the World,,波莱特·贾尔斯,Paulette Jiles,,,batch6_source_refs,WL-TOPIC-Q15;WL-TOPIC-Q15-WESTERN,STABLE_T,2016,T6,2016,T6,News of the World,Paulette Jiles,/works/OL19351465W,3,2016,2020,2.000,SAFE_T,T6,2016,强标题+作者匹配；最早版次年份与 first_publish_year 落在同一 T,ACTIVE_RANGE_SPANS_T:1958-2026:T5-T6,,,,,,,,
P2_EXTERNAL_MATCH_FRIENDLY,No-No Boy.md,WL-WORK-0937,No-No Boy,,约翰·冈田,John Okada,,,batch2_source_refs,WL-TOPIC-G43-BILDUNGSROMAN,STABLE_T,1957,T5,1957,T5,No-no boy,John Okada,/works/OL6575973W,7,1957,2019,2.000,SAFE_T,T5,1957,强标题+作者匹配；最早版次年份与 first_publish_year 落在同一 T,NO_BIRTH,,,,,,,,
P2_EXTERNAL_MATCH_FRIENDLY,Observations.md,WL-WORK-1537,Observations,,玛丽安娜·穆尔,Marianne Moore,,,batch4_source_refs,WL-TOPIC-M3-MODERNISM,STABLE_T,1924,T4,1924,T4,Observations,Marianne Moore,/works/OL3357086W,2,1924,1925,2.000,SAFE_T,T4,1924,强标题+作者匹配；最早版次年份与 first_publish_year 落在同一 T,ACTIVE_RANGE_SPANS_T:1902-1972:T4-T5,,,,,,,,
P2_EXTERNAL_MATCH_FRIENDLY,Old Jules.md,WL-WORK-2293,Old Jules,,玛丽·桑多兹,Mari Sandoz,,,batch6_source_refs,WL-TOPIC-Q15;WL-TOPIC-Q15-WESTERN,STABLE_T,1935,T4,1935,T4,Old Jules,Mari Sandoz,/works/OL3266668W,7,1935,2005,2.000,SAFE_T,T4,1935,强标题+作者匹配；最早版次年份与 first_publish_year 落在同一 T,NO_BIRTH,,,,,,,,
P2_EXTERNAL_MATCH_FRIENDLY,On Stranger Tides.md,WL-WORK-2294,On Stranger Tides,,蒂姆·鲍尔斯,Tim Powers,,,batch6_source_refs,WL-TOPIC-Q15;WL-TOPIC-Q15-PIRATE,STABLE_T,1987,T6,1987,T6,On stranger tides,Tim Powers,/works/OL84109W,3,1987,2006,2.000,SAFE_T,T6,1987,强标题+作者匹配；最早版次年份与 first_publish_year 落在同一 T,NO_BIRTH,,,,,,,,
P2_EXTERNAL_MATCH_FRIENDLY,Our Sunshine.md,WL-WORK-2296,Our Sunshine,,罗伯特·德鲁,Robert Drewe,,,batch6_source_refs,WL-TOPIC-Q15;WL-TOPIC-Q15-OUTLAW,STABLE_T,1991,T6,1991,T6,Our sunshine,Robert Drewe,/works/OL550991W,6,1991,2004,2.000,SAFE_T,T6,1991,强标题+作者匹配；最早版次年份与 first_publish_year 落在同一 T,ACTIVE_RANGE_SPANS_T:1958-2026:T5-T6,,,,,,,,
P2_EXTERNAL_MATCH_FRIENDLY,Outlawed.md,WL-WORK-2297,Outlawed,,安娜·诺斯,Anna North,,,batch6_source_refs,WL-TOPIC-Q15;WL-TOPIC-Q15-WESTERN;WL-TOPIC-Q15-OUTLAW,STABLE_T,2021,T6,2021,T6,Outlawed,Anna North,/works/OL21914114W,2,2021,2022,2.000,SAFE_T,T6,2021,强标题+作者匹配；最早版次年份与 first_publish_year 落在同一 T,NO_BIRTH,,,,,,,,
P2_EXTERNAL_MATCH_FRIENDLY,Paradise Sky.md,WL-WORK-2300,Paradise Sky,,乔·R.兰斯代尔,Joe R. Lansdale,,,batch6_source_refs,WL-TOPIC-Q15;WL-TOPIC-Q15-WESTERN,STABLE_T,2015,T6,2015,T6,Paradise sky,Joe R. Lansdale,/works/OL20001696W,1,2015,2015,2.000,SAFE_T,T6,2015,强标题+作者匹配；最早版次年份与 first_publish_year 落在同一 T,ACTIVE_RANGE_SPANS_T:1966-2026:T5-T6,,,,,,,,
P2_EXTERNAL_MATCH_FRIENDLY,Persian Pictures.md,WL-WORK-1364,Persian Pictures,,格特鲁德·贝尔,Gertrude Bell,,,batch3_source_refs,WL-TOPIC-G7-TRAVEL,STABLE_T,1928,T4,1928,T4,Persian Pictures,Gertrude Bell,/works/OL6901735W,3,1928,2019,2.000,SAFE_T,T4,1928,强标题+作者匹配；最早版次年份与 first_publish_year 落在同一 T,ACTIVE_RANGE_SPANS_T:1883-1926:T3-T4,,,,,,,,
P2_EXTERNAL_MATCH_FRIENDLY,Polynesian Mythology.md,WL-WORK-1367,Polynesian Mythology,,乔治·格雷,George Grey,,,batch3_source_refs,WL-TOPIC-G1-MYTH,STABLE_T,1982,T6,1982,T6,Polynesian Mythology,George Grey,/works/OL8524112W,2,1982,2020,2.000,SAFE_T,T6,1982,强标题+作者匹配；最早版次年份与 first_publish_year 落在同一 T,NO_BIRTH,,,,,,,,
P2_EXTERNAL_MATCH_FRIENDLY,Radiance.md,WL-WORK-1976,Radiance,,格蕾丝·德雷文,Grace Draven,,,batch5_source_refs,WL-TOPIC-Q2-LOVE,STABLE_T,2015,T6,2015,T6,Radiance,Grace Draven,/works/OL28419451W,1,2015,2015,2.000,SAFE_T,T6,2015,强标题+作者匹配；最早版次年份与 first_publish_year 落在同一 T,NO_BIRTH,,,,,,,,
P2_EXTERNAL_MATCH_FRIENDLY,Ragged Dick.md,WL-WORK-0940,Ragged Dick,,霍雷肖·阿尔杰,Horatio Alger,,,batch2_source_refs,WL-TOPIC-G43-BILDUNGSROMAN,STABLE_T,1868,T3,1868,T3,Ragged Dick,"Horatio Alger, Jr.",/works/OL2341714W,28,1868,2023,1.897,SAFE_T,T3,1868,强标题+作者匹配；最早版次年份与 first_publish_year 落在同一 T,ACTIVE_RANGE_SPANS_T:1847-1899:T3-T4,,,,,,,,
P2_EXTERNAL_MATCH_FRIENDLY,Ramrod.md,WL-WORK-2312,Ramrod,,卢克·肖特,Luke Short,,,batch6_source_refs,WL-TOPIC-Q15;WL-TOPIC-Q15-WESTERN,STABLE_T,1943,T4,1943,T4,Ramrod,Luke Short,/works/OL2936315W,14,1943,2016,2.000,SAFE_T,T4,1943,强标题+作者匹配；最早版次年份与 first_publish_year 落在同一 T,ACTIVE_RANGE_SPANS_T:1923-1975:T4-T5,,,,,,,,
P2_EXTERNAL_MATCH_FRIENDLY,"Red, White & Royal Blue.md",WL-WORK-1977,"Red, White & Royal Blue",,凯西·麦奎斯顿,Casey McQuiston,,,batch5_source_refs,WL-TOPIC-Q2-LOVE,STABLE_T,2019,T6,2019,T6,"Red, White & Royal Blue",Casey McQuiston,/works/OL20090688W,5,2019,2023,2.000,SAFE_T,T6,2019,强标题+作者匹配；最早版次年份与 first_publish_year 落在同一 T,NO_BIRTH,,,,,,,,
P2_EXTERNAL_MATCH_FRIENDLY,Redeployment.md,WL-WORK-1978,Redeployment,,菲尔·克莱,Phil Klay,,,batch5_source_refs,WL-TOPIC-Q6-WAR,STABLE_T,2014,T6,2014,T6,Redeployment,Phil Klay,/works/OL17094207W,1,2014,2014,2.000,SAFE_T,T6,2014,强标题+作者匹配；最早版次年份与 first_publish_year 落在同一 T,NO_BIRTH,,,,,,,,
P2_EXTERNAL_MATCH_FRIENDLY,Rinaldo Rinaldini.md,WL-WORK-2318,Rinaldo Rinaldini,,克里斯蒂安·奥古斯特·武尔皮乌斯,Christian August Vulpius,,,batch6_source_refs,WL-TOPIC-Q15;WL-TOPIC-Q15-OUTLAW,STABLE_T,1959,T5,1959,T5,Rinaldo Rinaldini,Christian August Vulpius,/works/OL6414090W,1,1959,1959,2.000,SAFE_T,T5,1959,强标题+作者匹配；最早版次年份与 first_publish_year 落在同一 T,ACTIVE_RANGE_SPANS_T:1777-1827:T2-T3,,,,,,,,
P2_EXTERNAL_MATCH_FRIENDLY,Robin and the King.md,WL-WORK-2321,Robin and the King,,帕克·戈德温,Parke Godwin,,,batch6_source_refs,WL-TOPIC-Q15;WL-TOPIC-Q15-OUTLAW,STABLE_T,1993,T6,1993,T6,Robin and the king,Parke Godwin,/works/OL2751244W,1,1993,1993,2.000,SAFE_T,T6,1993,强标题+作者匹配；最早版次年份与 first_publish_year 落在同一 T,ACTIVE_RANGE_SPANS_T:1831-1904:T3-T4,,,,,,,,
P2_EXTERNAL_MATCH_FRIENDLY,Roman de Troie.md,WL-WORK-2333,Roman de Troie,,伯努瓦·德·圣莫尔,Benoît de Sainte-Maure,,,batch6_source_refs,WL-TOPIC-Q15;WL-TOPIC-Q15-KNIGHT,STABLE_T,1987,T6,1987,T6,Le roman de Troie,Benoît de Sainte-Maure,/works/OL19465105W,1,1987,1987,1.903,SAFE_T,T6,1987,强标题+作者匹配；最早版次年份与 first_publish_year 落在同一 T,NO_BIRTH,,,,,,,,
P2_EXTERNAL_MATCH_FRIENDLY,Rubyfruit Jungle.md,WL-WORK-0941,Rubyfruit Jungle,,丽塔·梅·布朗,Rita Mae Brown,,,batch2_source_refs,WL-TOPIC-G43-BILDUNGSROMAN,STABLE_T,1973,T5,1973,T5,Rubyfruit Jungle,Rita Mae Brown,/works/OL29528W,20,1973,2022,2.000,SAFE_T,T5,1973,强标题+作者匹配；最早版次年份与 first_publish_year 落在同一 T,ACTIVE_RANGE_SPANS_T:1959-2026:T5-T6,,,,,,,,
P2_EXTERNAL_MATCH_FRIENDLY,Sarajevo Blues.md,WL-WORK-1979,Sarajevo Blues,,塞梅兹丁·梅赫梅迪诺维奇,Semezdin Mehmedinović,,,batch5_source_refs,WL-TOPIC-Q6-WAR,STABLE_T,1992,T6,1992,T6,Sarajevo blues,Semezdin Mehmedinović,/works/OL1937277W,3,1992,1998,2.000,SAFE_T,T6,1992,强标题+作者匹配；最早版次年份与 first_publish_year 落在同一 T,ACTIVE_RANGE_SPANS_T:1975-2026:T5-T6,,,,,,,,
P2_EXTERNAL_MATCH_FRIENDLY,Scary Stories to Tell in the Dark.md,WL-WORK-0517,Scary Stories to Tell in the Dark,,阿尔文·施瓦茨,Alvin Schwartz,,,batch1_source_refs,WL-TOPIC-G45-HORROR,STABLE_T,1981,T6,1981,T6,Scary stories to tell in the dark,Alvin Schwartz,/works/OL268379W,15,1981,2019,2.000,SAFE_T,T6,1981,强标题+作者匹配；最早版次年份与 first_publish_year 落在同一 T,ACTIVE_RANGE_SPANS_T:1942-1992:T4-T6,,,,,,,,
P2_EXTERNAL_MATCH_FRIENDLY,Sherwood.md,WL-WORK-2339,Sherwood,,帕克·戈德温,Parke Godwin,,,batch6_source_refs,WL-TOPIC-Q15;WL-TOPIC-Q15-OUTLAW,STABLE_T,1991,T6,1991,T6,Sherwood,Parke Godwin,/works/OL2751263W,2,1991,1995,2.000,SAFE_T,T6,1991,强标题+作者匹配；最早版次年份与 first_publish_year 落在同一 T,ACTIVE_RANGE_SPANS_T:1831-1904:T3-T4,,,,,,,,
P2_EXTERNAL_MATCH_FRIENDLY,Simon Dale.md,WL-WORK-2340,Simon Dale,,安东尼·霍普,Anthony Hope,,,batch6_source_refs,WL-TOPIC-Q15;WL-TOPIC-Q15-SWASHBUCKLER,STABLE_T,1897,T4,1897,T4,Simon Dale,Anthony Hope,/works/OL464282W,9,1897,2007,2.000,SAFE_T,T4,1897,强标题+作者匹配；最早版次年份与 first_publish_year 落在同一 T,ACTIVE_RANGE_SPANS_T:1878-1933:T3-T4,,,,,,,,
P2_EXTERNAL_MATCH_FRIENDLY,Sir Launfal.md,WL-WORK-2341,Sir Launfal,,托马斯·切斯特,Thomas Chestre,,,batch6_source_refs,WL-TOPIC-Q15;WL-TOPIC-Q15-KNIGHT,STABLE_T,1960,T5,1960,T5,sir launfal,thomas chestre,/works/OL43346167W,1,1960,1960,2.000,SAFE_T,T5,1960,强标题+作者匹配；最早版次年份与 first_publish_year 落在同一 T,NO_BIRTH,,,,,,,,
P2_EXTERNAL_MATCH_FRIENDLY,Slogum House.md,WL-WORK-2343,Slogum House,,玛丽·桑多兹,Mari Sandoz,,,batch6_source_refs,WL-TOPIC-Q15;WL-TOPIC-Q15-WESTERN,STABLE_T,1937,T4,1937,T4,Slogum House,Mari Sandoz,/works/OL36879998W,2,1937,2024,2.000,SAFE_T,T4,1937,强标题+作者匹配；最早版次年份与 first_publish_year 落在同一 T,NO_BIRTH,,,,,,,,
P2_EXTERNAL_MATCH_FRIENDLY,So Far from God.md,WL-WORK-2345,So Far from God,,安娜·卡斯蒂略,Ana Castillo,,,batch6_source_refs,WL-TOPIC-Q15;WL-TOPIC-Q15-WESTERN,STABLE_T,1993,T6,1993,T6,So Far from God,Ana Castillo,/works/OL18691W,3,1993,2005,2.000,SAFE_T,T6,1993,强标题+作者匹配；最早版次年份与 first_publish_year 落在同一 T,NO_BIRTH,,,,,,,,
P2_EXTERNAL_MATCH_FRIENDLY,Song for the Unraveling of the World.md,WL-WORK-0520,Song for the Unraveling of the World,,布赖恩·埃文森,Brian Evenson,,,batch1_source_refs,WL-TOPIC-G45-HORROR,STABLE_T,2019,T6,2019,T6,Song for the Unraveling of the World,Brian Evenson,/works/OL20154069W,1,2019,2019,2.000,SAFE_T,T6,2019,强标题+作者匹配；最早版次年份与 first_publish_year 落在同一 T,NO_BIRTH,,,,,,,,
P2_EXTERNAL_MATCH_FRIENDLY,Sozaboy.md,WL-WORK-1983,Sozaboy,,肯·萨罗-维瓦,Saro-Wiwa,,,batch5_source_refs,WL-TOPIC-Q6-WAR,STABLE_T,1985,T6,1985,T6,Sozaboy,Ken Saro-Wiwa,/works/OL2369168W,5,1985,1997,1.818,SAFE_T,T6,1985,强标题+作者匹配；最早版次年份与 first_publish_year 落在同一 T,NO_BIRTH,,,,,,,,
P2_EXTERNAL_MATCH_FRIENDLY,Spring and All.md,WL-WORK-1538,Spring and All,,威廉·卡洛斯·威廉斯,William Carlos Williams,,,batch4_source_refs,WL-TOPIC-M3-MODERNISM,STABLE_T,1923,T4,1923,T4,Spring and all,William Carlos Williams,/works/OL1836026W,2,1923,1970,2.000,SAFE_T,T4,1923,强标题+作者匹配；最早版次年份与 first_publish_year 落在同一 T,ACTIVE_RANGE_SPANS_T:1898-1963:T4-T5,,,,,,,,
P2_EXTERNAL_MATCH_FRIENDLY,Starve Acre.md,WL-WORK-0521,Starve Acre,,安德鲁·迈克尔·赫尔利,Andrew Michael Hurley,,,batch1_source_refs,WL-TOPIC-G45-HORROR,STABLE_T,2019,T6,2019,T6,Starve Acre,Andrew Michael Hurley,/works/OL21656910W,3,2019,2023,2.000,SAFE_T,T6,2019,强标题+作者匹配；最早版次年份与 first_publish_year 落在同一 T,NO_BIRTH,,,,,,,,
P2_EXTERNAL_MATCH_FRIENDLY,Sun and Saddle Leather.md,WL-WORK-2348,Sun and Saddle Leather,,查尔斯·巴杰·克拉克,Charles Badger Clark,,,batch6_source_refs,WL-TOPIC-Q15;WL-TOPIC-Q15-WESTERN,STABLE_T,1915,T4,1915,T4,Sun and Saddle Leather,Charles Badger Clark,/works/OL8756527W,8,1915,2022,2.000,SAFE_T,T4,1915,强标题+作者匹配；最早版次年份与 first_publish_year 落在同一 T,ACTIVE_RANGE_SPANS_T:1898-1957:T4-T5,,,,,,,,
P2_EXTERNAL_MATCH_FRIENDLY,Sundown.md,WL-WORK-2349,Sundown,,约翰·约瑟夫·马修斯,John Joseph Mathews,,,batch6_source_refs,WL-TOPIC-Q15;WL-TOPIC-Q15-WESTERN,STABLE_T,1934,T4,1934,T4,Sundown,John Joseph Mathews,/works/OL1213853W,3,1934,1988,2.000,SAFE_T,T4,1934,强标题+作者匹配；最早版次年份与 first_publish_year 落在同一 T,NO_BIRTH,,,,,,,,
P2_EXTERNAL_MATCH_FRIENDLY,Sword at Sunset.md,WL-WORK-2350,Sword at Sunset,,罗斯玛丽·萨克利夫,Rosemary Sutcliff,,,batch6_source_refs,WL-TOPIC-Q15;WL-TOPIC-Q15-KNIGHT,STABLE_T,1963,T5,1963,T5,Sword at Sunset,Rosemary Sutcliff,/works/OL1417756W,12,1963,2012,2.000,SAFE_T,T5,1963,强标题+作者匹配；最早版次年份与 first_publish_year 落在同一 T,ACTIVE_RANGE_SPANS_T:1935-1992:T4-T6,,,,,,,,
P2_EXTERNAL_MATCH_FRIENDLY,Sóngoro cosongo.md,WL-WORK-1539,Sóngoro cosongo,,尼古拉斯·纪廉,Nicolás Guillén,,,batch4_source_refs,WL-TOPIC-R6-LATAM,STABLE_T,1943,T4,1943,T4,Sóngoro cosongo,Nicolás Guillén,/works/OL682931W,4,1943,1981,2.000,SAFE_T,T4,1943,强标题+作者匹配；最早版次年份与 first_publish_year 落在同一 T,ACTIVE_RANGE_SPANS_T:1917-1989:T4-T6,,,,,,,,
P2_EXTERNAL_MATCH_FRIENDLY,Tales of Soldiers and Civilians.md,WL-WORK-1984,Tales of Soldiers and Civilians,,安布罗斯·比尔斯,Ambrose Bierce,,,batch5_source_refs,WL-TOPIC-Q6-WAR,STABLE_T,1943,T4,1943,T4,Tales of soldiers and civilians,Ambrose Bierce,/works/OL43071292W,1,1943,1943,2.000,SAFE_T,T4,1943,强标题+作者匹配；最早版次年份与 first_publish_year 落在同一 T,ACTIVE_RANGE_SPANS_T:1857-1914:T3-T4,,,,,,,,
P2_EXTERNAL_MATCH_FRIENDLY,Tarr.md,WL-WORK-1540,Tarr,,温德姆·刘易斯,Wyndham Lewis,,,batch4_source_refs,WL-TOPIC-M3-MODERNISM,STABLE_T,1918,T4,1918,T4,Tarr,Wyndham Lewis,/works/OL1349271W,14,1918,2022,2.000,SAFE_T,T4,1918,强标题+作者匹配；最早版次年份与 first_publish_year 落在同一 T,ACTIVE_RANGE_SPANS_T:1899-2026:T4-T6,,,,,,,,
P2_EXTERNAL_MATCH_FRIENDLY,Testament of Youth.md,WL-WORK-1985,Testament of Youth,,薇拉·布里顿,Vera Brittain,,,batch5_source_refs,WL-TOPIC-Q6-WAR,STABLE_T,1933,T4,1933,T4,Testament of youth,Vera Brittain,/works/OL1971473W,13,1933,2004,2.000,SAFE_T,T4,1933,强标题+作者匹配；最早版次年份与 first_publish_year 落在同一 T,ACTIVE_RANGE_SPANS_T:1908-1970:T4-T5,,,,,,,,
P2_EXTERNAL_MATCH_FRIENDLY,The Adventures of Robin Hood.md,WL-WORK-2357,The Adventures of Robin Hood,,罗杰·兰塞林·格林,Roger Lancelyn Green,,,batch6_source_refs,WL-TOPIC-Q15;WL-TOPIC-Q15-OUTLAW,STABLE_T,1956,T5,1956,T5,The Adventures of Robin Hood,Roger Lancelyn Green,/works/OL3461848W,17,1956,2023,2.000,SAFE_T,T5,1956,强标题+作者匹配；最早版次年份与 first_publish_year 落在同一 T,ACTIVE_RANGE_SPANS_T:1933-2026:T4-T6,,,,,,,,
P2_EXTERNAL_MATCH_FRIENDLY,The Amateur Gentleman.md,WL-WORK-2359,The Amateur Gentleman,,杰弗里·法诺尔,Jeffery Farnol,,,batch6_source_refs,WL-TOPIC-Q15;WL-TOPIC-Q15-SWASHBUCKLER,STABLE_T,1900,T4,1900,T4,The amateur gentleman,Jeffery Farnol,/works/OL8470564W,17,1900,2021,2.000,SAFE_T,T4,1900,强标题+作者匹配；最早版次年份与 first_publish_year 落在同一 T,ACTIVE_RANGE_SPANS_T:1893-1952:T4-T5,,,,,,,,
P2_EXTERNAL_MATCH_FRIENDLY,The Assassination of Jesse James by the Coward Robert Ford.md,WL-WORK-2360,The Assassination of Jesse James by the Coward Robert Ford,,罗恩·汉森,Ron Hansen,,,batch6_source_refs,WL-TOPIC-Q15;WL-TOPIC-Q15-WESTERN;WL-TOPIC-Q15-OUTLAW,STABLE_T,1983,T6,1983,T6,The Assassination of Jesse James by the Coward Robert Ford,Ron Hansen,/works/OL64715W,4,1983,2007,2.000,SAFE_T,T6,1983,强标题+作者匹配；最早版次年份与 first_publish_year 落在同一 T,NO_BIRTH,,,,,,,,
P2_EXTERNAL_MATCH_FRIENDLY,The Blessing Way.md,WL-WORK-2363,The Blessing Way,,托尼·希勒曼,Tony Hillerman,,,batch6_source_refs,WL-TOPIC-Q15;WL-TOPIC-Q15-WESTERN,STABLE_T,1970,T5,1970,T5,The Blessing Way,Tony Hillerman,/works/OL55899W,15,1970,2021,2.000,SAFE_T,T5,1970,强标题+作者匹配；最早版次年份与 first_publish_year 落在同一 T,ACTIVE_RANGE_SPANS_T:1940-2008:T4-T6,,,,,,,,
P2_EXTERNAL_MATCH_FRIENDLY,The Book of Deeds of Arms and of Chivalry.md,WL-WORK-2364,The Book of Deeds of Arms and of Chivalry,,克里斯蒂娜·德·皮桑,Christine de Pizan,,,batch6_source_refs,WL-TOPIC-Q15;WL-TOPIC-Q15-KNIGHT,STABLE_T,1999,T6,1999,T6,The book of deeds of arms and of chivalry,Christine de Pisan,/works/OL979031W,1,1999,1999,1.944,SAFE_T,T6,1999,强标题+作者匹配；最早版次年份与 first_publish_year 落在同一 T,NO_BIRTH,,,,,,,,
P2_EXTERNAL_MATCH_FRIENDLY,The Book of Not.md,WL-WORK-0947,The Book of Not,,齐齐·丹加雷姆加,Tsitsi Dangarembga,,,batch2_source_refs,WL-TOPIC-G43-BILDUNGSROMAN,STABLE_T,2006,T6,2006,T6,The Book of Not,Tsitsi Dangarembga,/works/OL4436726W,2,2006,2021,2.000,SAFE_T,T6,2006,强标题+作者匹配；最早版次年份与 first_publish_year 落在同一 T,NO_BIRTH,,,,,,,,
P2_EXTERNAL_MATCH_FRIENDLY,The Bride.md,WL-WORK-1986,The Bride,,朱莉·加伍德,Julie Garwood,,,batch5_source_refs,WL-TOPIC-Q2-LOVE,STABLE_T,1989,T6,1989,T6,The Bride,Julie Garwood,/works/OL26945W,6,1989,2022,2.000,SAFE_T,T6,1989,强标题+作者匹配；最早版次年份与 first_publish_year 落在同一 T,ACTIVE_RANGE_SPANS_T:1959-2023:T5-T6,,,,,,,,
P2_EXTERNAL_MATCH_FRIENDLY,The Case Against Satan.md,WL-WORK-0526,The Case Against Satan,,雷·拉塞尔,Ray Russell,,,batch1_source_refs,WL-TOPIC-G45-HORROR,STABLE_T,1962,T5,1962,T5,The case against Satan,Ray Russell,/works/OL3004377W,4,1962,1974,2.000,SAFE_T,T5,1962,强标题+作者匹配；最早版次年份与 first_publish_year 落在同一 T,ACTIVE_RANGE_SPANS_T:1939-1999:T4-T6,,,,,,,,
P2_EXTERNAL_MATCH_FRIENDLY,The Ceremonies.md,WL-WORK-0527,The Ceremonies,,T.E.D.克莱因,T.E.D. Klein,,,batch1_source_refs,WL-TOPIC-G45-HORROR,STABLE_T,1984,T6,1984,T6,The ceremonies,T. E. D. Klein,/works/OL5474633W,4,1984,1993,2.000,SAFE_T,T6,1984,强标题+作者匹配；最早版次年份与 first_publish_year 落在同一 T,ACTIVE_RANGE_SPANS_T:1962-2026:T5-T6,,,,,,,,
P2_EXTERNAL_MATCH_FRIENDLY,The Cipher.md,WL-WORK-0528,The Cipher,,凯丝·科娅,Kathe Koja,,,batch1_source_refs,WL-TOPIC-G45-HORROR,STABLE_T,1991,T6,1991,T6,The Cipher,Kathe Koja,/works/OL21243717W,2,1991,2020,2.000,SAFE_T,T6,1991,强标题+作者匹配；最早版次年份与 first_publish_year 落在同一 T,NO_BIRTH,,,,,,,,
P2_EXTERNAL_MATCH_FRIENDLY,The Cold Dish.md,WL-WORK-2370,The Cold Dish,,克雷格·约翰逊,Craig Johnson,,,batch6_source_refs,WL-TOPIC-Q15;WL-TOPIC-Q15-WESTERN,STABLE_T,2004,T6,2004,T6,The Cold Dish,Craig Johnson,/works/OL8254784W,3,2004,2014,2.000,SAFE_T,T6,2004,强标题+作者匹配；最早版次年份与 first_publish_year 落在同一 T,NO_BIRTH,,,,,,,,
P2_EXTERNAL_MATCH_FRIENDLY,The Conquest.md,WL-WORK-2372,The Conquest,,奥斯卡·米肖,Oscar Micheaux,,,batch6_source_refs,WL-TOPIC-Q15;WL-TOPIC-Q15-WESTERN,STABLE_T,1969,T5,1969,T5,The Conquest,Oscar Micheaux,/works/OL24562955W,8,1969,2022,2.000,SAFE_T,T5,1969,强标题+作者匹配；最早版次年份与 first_publish_year 落在同一 T,ACTIVE_RANGE_SPANS_T:1899-1951:T4-T5,,,,,,,,
P2_EXTERNAL_MATCH_FRIENDLY,The Coral Island.md,WL-WORK-0529,The Coral Island,,R.M.巴兰坦,Ballantyne,,,batch1_source_refs,WL-TOPIC-G45-ADVENTURE,STABLE_T,1897,T4,1897,T4,The coral island,R. M. Ballantyne,/works/OL45241069W,1,1897,1897,1.833,SAFE_T,T4,1897,强标题+作者匹配；最早版次年份与 first_publish_year 落在同一 T,NO_STRONG_MATCH:0.909,,,,,,,,
P2_EXTERNAL_MATCH_FRIENDLY,The Day the Cowboys Quit.md,WL-WORK-2375,The Day the Cowboys Quit,,埃尔默·凯尔顿,Elmer Kelton,,,batch6_source_refs,WL-TOPIC-Q15;WL-TOPIC-Q15-WESTERN,STABLE_T,1971,T5,1971,T5,The day the cowboys quit,Elmer Kelton,/works/OL90449W,5,1971,2008,2.000,SAFE_T,T5,1971,强标题+作者匹配；最早版次年份与 first_publish_year 落在同一 T,ACTIVE_RANGE_SPANS_T:1941-2026:T4-T6,,,,,,,,
P2_EXTERNAL_MATCH_FRIENDLY,The Desert and the Sown.md,WL-WORK-1371,The Desert and the Sown,,格特鲁德·贝尔,Gertrude Bell,,,batch3_source_refs,WL-TOPIC-G7-TRAVEL,STABLE_T,2001,T6,2001,T6,The Desert and the Sown,Gertrude Bell,/works/OL6901730W,3,2001,2014,2.000,SAFE_T,T6,2001,强标题+作者匹配；最早版次年份与 first_publish_year 落在同一 T,ACTIVE_RANGE_SPANS_T:1883-1926:T3-T4,,,,,,,,
P2_EXTERNAL_MATCH_FRIENDLY,The Doll Who Ate His Mother.md,WL-WORK-0531,The Doll Who Ate His Mother,,拉姆齐·坎贝尔,Ramsey Campbell,,,batch1_source_refs,WL-TOPIC-G45-HORROR,STABLE_T,1976,T5,1976,T5,The Doll Who Ate His Mother,Ramsey Campbell,/works/OL1840347W,8,1976,2001,2.000,SAFE_T,T5,1976,强标题+作者匹配；最早版次年份与 first_publish_year 落在同一 T,ACTIVE_RANGE_SPANS_T:1961-2026:T5-T6,,,,,,,,
P2_EXTERNAL_MATCH_FRIENDLY,The Fisherman.md,WL-WORK-0532,The Fisherman,,约翰·兰根,John Langan,,,batch1_source_refs,WL-TOPIC-G45-HORROR,STABLE_T,2016,T6,2016,T6,The Fisherman,John Langan,/works/OL17366745W,3,2016,2024,2.000,SAFE_T,T6,2016,强标题+作者匹配；最早版次年份与 first_publish_year 落在同一 T,NO_BIRTH,,,,,,,,
P2_EXTERNAL_MATCH_FRIENDLY,The Flatshare.md,WL-WORK-1987,The Flatshare,,贝丝·奥利里,Beth O'Leary,,,batch5_source_refs,WL-TOPIC-Q2-LOVE,STABLE_T,2019,T6,2019,T6,The Flatshare,Beth O'Leary,/works/OL20664315W,2,2019,2021,2.000,SAFE_T,T6,2019,强标题+作者匹配；最早版次年份与 first_publish_year 落在同一 T,NO_BIRTH,,,,,,,,
P2_EXTERNAL_MATCH_FRIENDLY,The Gaucho Genre.md,WL-WORK-2379,The Gaucho Genre,,约瑟菲娜·卢德梅尔,Josefina Ludmer,,,batch6_source_refs,WL-TOPIC-Q15;WL-TOPIC-Q15-GAUCHO,STABLE_T,2002,T6,2002,T6,The gaucho genre,Josefina Ludmer,/works/OL795853W,1,2002,2002,2.000,SAFE_T,T6,2002,强标题+作者匹配；最早版次年份与 first_publish_year 落在同一 T,NO_BIRTH,,,,,,,,
P2_EXTERNAL_MATCH_FRIENDLY,The Gilda Stories.md,WL-WORK-0533,The Gilda Stories,Gilda Stories,朱厄尔·戈麦斯,Jewelle Gomez,,,batch1_source_refs,WL-TOPIC-G45-HORROR,STABLE_T,1991,T6,1991,T6,The Gilda Stories,Jewelle Gomez,/works/OL1865447W,4,1991,2016,2.000,SAFE_T,T6,1991,强标题+作者匹配；最早版次年份与 first_publish_year 落在同一 T,ACTIVE_RANGE_SPANS_T:1963-2026:T5-T6,,,,,,,,
P2_EXTERNAL_MATCH_FRIENDLY,The Good Old Boys.md,WL-WORK-2380,The Good Old Boys,,埃尔默·凯尔顿,Elmer Kelton,,,batch6_source_refs,WL-TOPIC-Q15;WL-TOPIC-Q15-WESTERN,STABLE_T,1978,T5,1978,T5,The good old boys,Elmer Kelton,/works/OL90444W,5,1978,1999,2.000,SAFE_T,T5,1978,强标题+作者匹配；最早版次年份与 first_publish_year 落在同一 T,ACTIVE_RANGE_SPANS_T:1941-2026:T4-T6,,,,,,,,
P2_EXTERNAL_MATCH_FRIENDLY,The Great Railway Bazaar.md,WL-WORK-1373,The Great Railway Bazaar,,保罗·索鲁,Paul Theroux,,,batch3_source_refs,WL-TOPIC-G7-TRAVEL,STABLE_T,1975,T5,1975,T5,The Great Railway Bazaar,Paul Theroux,/works/OL37643W,16,1975,2011,2.000,SAFE_T,T5,1975,强标题+作者匹配；最早版次年份与 first_publish_year 落在同一 T,ACTIVE_RANGE_SPANS_T:1956-2026:T5-T6,,,,,,,,
P2_EXTERNAL_MATCH_FRIENDLY,The Hanging Tree.md,WL-WORK-2381,The Hanging Tree,,多萝西·M.约翰逊,Dorothy M. Johnson,,,batch6_source_refs,WL-TOPIC-Q15;WL-TOPIC-Q15-WESTERN,STABLE_T,1957,T5,1957,T5,The hanging tree,Dorothy M. Johnson,/works/OL2621756W,8,1957,1995,2.000,SAFE_T,T5,1957,强标题+作者匹配；最早版次年份与 first_publish_year 落在同一 T,ACTIVE_RANGE_SPANS_T:1920-1984:T4-T6,,,,,,,,
P2_EXTERNAL_MATCH_FRIENDLY,The Homesteader.md,WL-WORK-2383,The Homesteader,,奥斯卡·米肖,Oscar Micheaux,,,batch6_source_refs,WL-TOPIC-Q15;WL-TOPIC-Q15-WESTERN,STABLE_T,1917,T4,1917,T4,The homesteader,Oscar Micheaux,/works/OL3462388W,3,1917,1994,2.000,SAFE_T,T4,1917,强标题+作者匹配；最早版次年份与 first_publish_year 落在同一 T,ACTIVE_RANGE_SPANS_T:1899-1951:T4-T5,,,,,,,,
P2_EXTERNAL_MATCH_FRIENDLY,The Hummingbird's Daughter.md,WL-WORK-2385,The Hummingbird's Daughter,,路易斯·阿尔贝托·乌雷亚,Luis Alberto Urrea,,,batch6_source_refs,WL-TOPIC-Q15;WL-TOPIC-Q15-WESTERN,STABLE_T,2005,T6,2005,T6,The Hummingbird's Daughter,Luis Alberto Urrea,/works/OL41211W,2,2005,2006,2.000,SAFE_T,T6,2005,强标题+作者匹配；最早版次年份与 first_publish_year 落在同一 T,ACTIVE_RANGE_SPANS_T:1970-2026:T5-T6,,,,,,,,
P2_EXTERNAL_MATCH_FRIENDLY,The Jump-Off Creek.md,WL-WORK-2386,The Jump-Off Creek,,莫莉·格洛斯,Molly Gloss,,,batch6_source_refs,WL-TOPIC-Q15;WL-TOPIC-Q15-WESTERN,STABLE_T,1989,T6,1989,T6,The jump-off creek,Molly Gloss,/works/OL79741W,5,1989,2014,2.000,SAFE_T,T6,1989,强标题+作者匹配；最早版次年份与 first_publish_year 落在同一 T,NO_BIRTH,,,,,,,,
P2_EXTERNAL_MATCH_FRIENDLY,The Kill Riff.md,WL-WORK-0537,The Kill Riff,,戴维·J.肖,David J. Schow,,,batch1_source_refs,WL-TOPIC-G45-HORROR,STABLE_T,1988,T6,1988,T6,The kill riff,David J. Schow,/works/OL831069W,1,1988,1988,2.000,SAFE_T,T6,1988,强标题+作者匹配；最早版次年份与 first_publish_year 落在同一 T,ACTIVE_RANGE_SPANS_T:1970-2026:T5-T6,,,,,,,,
P2_EXTERNAL_MATCH_FRIENDLY,The Lady and the Monk.md,WL-WORK-1374,The Lady and the Monk,,皮科·艾尔,Pico Iyer,,,batch3_source_refs,WL-TOPIC-G7-TRAVEL,STABLE_T,1991,T6,1991,T6,The lady and the monk,Pico Iyer,/works/OL3336092W,3,1991,2004,2.000,SAFE_T,T6,1991,强标题+作者匹配；最早版次年份与 first_publish_year 落在同一 T,ACTIVE_RANGE_SPANS_T:1972-2026:T5-T6,,,,,,,,
P2_EXTERNAL_MATCH_FRIENDLY,The Last Duty.md,WL-WORK-1990,The Last Duty,,伊西多尔·奥克佩沃,Isidore Okpewho,,,batch5_source_refs,WL-TOPIC-Q6-WAR,STABLE_T,1976,T5,1976,T5,The last duty,Isidore Okpewho,/works/OL1883681W,3,1976,1988,2.000,SAFE_T,T5,1976,强标题+作者匹配；最早版次年份与 first_publish_year 落在同一 T,ACTIVE_RANGE_SPANS_T:1956-2026:T5-T6,,,,,,,,
P2_EXTERNAL_MATCH_FRIENDLY,The Last Good Kiss.md,WL-WORK-2388,The Last Good Kiss,,詹姆斯·克拉姆利,James Crumley,,,batch6_source_refs,WL-TOPIC-Q15;WL-TOPIC-Q15-WESTERN,STABLE_T,1978,T5,1978,T5,The last good kiss,James Crumley,/works/OL3295226W,5,1978,2020,2.000,SAFE_T,T5,1978,强标题+作者匹配；最早版次年份与 first_publish_year 落在同一 T,ACTIVE_RANGE_SPANS_T:1954-2008:T5-T6,,,,,,,,
P2_EXTERNAL_MATCH_FRIENDLY,The Last House on Needless Street.md,WL-WORK-0538,The Last House on Needless Street,,卡特里奥娜·沃德,Catriona Ward,,,batch1_source_refs,WL-TOPIC-G45-HORROR,STABLE_T,2021,T6,2021,T6,The Last House on Needless Street,Catriona Ward,/works/OL24312716W,2,2021,2022,2.000,SAFE_T,T6,2021,强标题+作者匹配；最早版次年份与 first_publish_year 落在同一 T,NO_BIRTH,,,,,,,,
P2_EXTERNAL_MATCH_FRIENDLY,The Led-Horse Claim.md,WL-WORK-2389,The Led-Horse Claim,,玛丽·哈洛克·富特,Mary Hallock Foote,,,batch6_source_refs,WL-TOPIC-Q15;WL-TOPIC-Q15-WESTERN,STABLE_T,1968,T5,1968,T5,The Led-Horse Claim;,Mary (Hallock) Foote,/works/OL31754352W,1,1968,1968,2.000,SAFE_T,T5,1968,强标题+作者匹配；最早版次年份与 first_publish_year 落在同一 T,ACTIVE_RANGE_SPANS_T:1862-1938:T3-T4,,,,,,,,
P2_EXTERNAL_MATCH_FRIENDLY,The Life and Adventures of Nat Love.md,WL-WORK-2390,The Life and Adventures of Nat Love,,纳特·洛夫,Nat Love,,,batch6_source_refs,WL-TOPIC-Q15;WL-TOPIC-Q15-WESTERN,STABLE_T,2010,T6,2010,T6,The Life and Adventures of Nat Love,Nat Love,/works/OL24323609W,7,2010,2022,2.000,SAFE_T,T6,2010,强标题+作者匹配；最早版次年份与 first_publish_year 落在同一 T,NO_BIRTH,,,,,,,,
P2_EXTERNAL_MATCH_FRIENDLY,The Light at the End.md,WL-WORK-0539,The Light at the End,,约翰·斯基普 / 克雷格·斯佩克特,John Skipp / Craig Spector,,,batch1_source_refs,WL-TOPIC-G45-HORROR,STABLE_T,1986,T6,1986,T6,The Light at the End,John Skipp; Craig Spector,/works/OL31554325W,1,1986,1986,2.000,SAFE_T,T6,1986,强标题+作者匹配；最早版次年份与 first_publish_year 落在同一 T,MULTI_OR_EMPTY,,,,,,,,
P2_EXTERNAL_MATCH_FRIENDLY,The Loney.md,WL-WORK-0540,The Loney,,安德鲁·迈克尔·赫尔利,Andrew Michael Hurley,,,batch1_source_refs,WL-TOPIC-G45-HORROR,STABLE_T,2014,T6,2014,T6,The Loney,Andrew Michael Hurley,/works/OL19354420W,5,2014,2018,2.000,SAFE_T,T6,2014,强标题+作者匹配；最早版次年份与 first_publish_year 落在同一 T,NO_BIRTH,,,,,,,,
P2_EXTERNAL_MATCH_FRIENDLY,The Man Who Shot Liberty Valance.md,WL-WORK-2394,The Man Who Shot Liberty Valance,,多萝西·M.约翰逊,Dorothy M. Johnson,,,batch6_source_refs,WL-TOPIC-Q15;WL-TOPIC-Q15-WESTERN,STABLE_T,2005,T6,2005,T6,The Man Who Shot Liberty Valance,Dorothy M. Johnson,/works/OL2621750W,3,2005,2014,2.000,SAFE_T,T6,2005,强标题+作者匹配；最早版次年份与 first_publish_year 落在同一 T,ACTIVE_RANGE_SPANS_T:1920-1984:T4-T6,,,,,,,,
P2_EXTERNAL_MATCH_FRIENDLY,The Manitous.md,WL-WORK-1375,The Manitous,,巴兹尔·约翰斯顿,Basil Johnston,,,batch3_source_refs,WL-TOPIC-G1-MYTH,STABLE_T,1995,T6,1995,T6,The Manitous,Basil Johnston,/works/OL2197537W,3,1995,2001,2.000,SAFE_T,T6,1995,强标题+作者匹配；最早版次年份与 first_publish_year 落在同一 T,NO_BIRTH,,,,,,,,
P2_EXTERNAL_MATCH_FRIENDLY,The Old Drift.md,WL-WORK-0950,The Old Drift,,纳姆瓦利·瑟佩尔,Namwali Serpell,,,batch2_source_refs,WL-TOPIC-G43-FAMILY,STABLE_T,2019,T6,2019,T6,The Old Drift,Namwali Serpell,/works/OL20148914W,2,2019,2020,2.000,SAFE_T,T6,2019,强标题+作者匹配；最早版次年份与 first_publish_year 落在同一 T,NO_BIRTH,,,,,,,,
P2_EXTERNAL_MATCH_FRIENDLY,The Pirate's Daughter.md,WL-WORK-2398,The Pirate's Daughter,,玛格丽特·塞泽尔-汤普森,Margaret Cezair-Thompson,,,batch6_source_refs,WL-TOPIC-Q15;WL-TOPIC-Q15-PIRATE,STABLE_T,2007,T6,2007,T6,The Pirate's Daughter,Margaret Cezair-Thompson,/works/OL2006471W,3,2007,2010,2.000,SAFE_T,T6,2007,强标题+作者匹配；最早版次年份与 first_publish_year 落在同一 T,NO_BIRTH,,,,,,,,
P2_EXTERNAL_MATCH_FRIENDLY,The Recess.md,WL-WORK-0951,The Recess,,索菲娅·李,Sophia Lee,,,batch2_source_refs,WL-TOPIC-G44-HISTORICAL,STABLE_T,1785,T2,1785,T2,The recess,Sophia Lee,/works/OL69279W,10,1785,1979,2.000,SAFE_T,T2,1785,强标题+作者匹配；最早版次年份与 first_publish_year 落在同一 T,NO_BIRTH,,,,,,,,
P2_EXTERNAL_MATCH_FRIENDLY,The Red Tree.md,WL-WORK-0544,The Red Tree,,凯特琳·R.基尔南,Caitlín R. Kiernan,,,batch1_source_refs,WL-TOPIC-G45-HORROR,STABLE_T,2009,T6,2009,T6,The red tree,Caitlín R. Kiernan,/works/OL13737792W,1,2009,2009,2.000,SAFE_T,T6,2009,强标题+作者匹配；最早版次年份与 first_publish_year 落在同一 T,ACTIVE_RANGE_SPANS_T:1979-2026:T5-T6,,,,,,,,
P2_EXTERNAL_MATCH_FRIENDLY,The Right Swipe.md,WL-WORK-1992,The Right Swipe,,阿丽莎·拉伊,Alisha Rai,,,batch5_source_refs,WL-TOPIC-Q2-LOVE,STABLE_T,2019,T6,2019,T6,the Right swipe,Alisha Rai,/works/OL20081454W,1,2019,2019,2.000,SAFE_T,T6,2019,强标题+作者匹配；最早版次年份与 first_publish_year 落在同一 T,NO_BIRTH,,,,,,,,
P2_EXTERNAL_MATCH_FRIENDLY,The Ritual.md,WL-WORK-0546,The Ritual,,亚当·内维尔,Adam Nevill,,,batch1_source_refs,WL-TOPIC-G45-HORROR,STABLE_T,2012,T6,2012,T6,The ritual,Adam Nevill,/works/OL16167566W,1,2012,2012,2.000,SAFE_T,T6,2012,强标题+作者匹配；最早版次年份与 first_publish_year 落在同一 T,NO_BIRTH,,,,,,,,
P2_EXTERNAL_MATCH_FRIENDLY,The Saga of Billy the Kid.md,WL-WORK-2403,The Saga of Billy the Kid,,沃尔特·诺布尔·伯恩斯,Walter Noble Burns,,,batch6_source_refs,WL-TOPIC-Q15;WL-TOPIC-Q15-OUTLAW,STABLE_T,1926,T4,1926,T4,The saga of Billy the Kid,Walter Noble Burns,/works/OL22332W,13,1926,2014,2.000,SAFE_T,T4,1926,强标题+作者匹配；最早版次年份与 first_publish_year 落在同一 T,ACTIVE_RANGE_SPANS_T:1881-1932:T3-T4,,,,,,,,
P2_EXTERNAL_MATCH_FRIENDLY,The Scottish Chiefs.md,WL-WORK-0952,The Scottish Chiefs,,简·波特,Jane Porter,,,batch2_source_refs,WL-TOPIC-G44-HISTORICAL,STABLE_T,1796,T2,1796,T2,The Scottish chiefs,Jane Porter,/works/OL39469740W,9,1796,1895,2.000,SAFE_T,T2,1796,强标题+作者匹配；最早版次年份与 first_publish_year 落在同一 T,ACTIVE_RANGE_SPANS_T:1790-1850:T2-T3,,,,,,,,
P2_EXTERNAL_MATCH_FRIENDLY,The Shootist.md,WL-WORK-2405,The Shootist,,格伦登·斯沃索特,Glendon Swarthout,,,batch6_source_refs,WL-TOPIC-Q15;WL-TOPIC-Q15-WESTERN;WL-TOPIC-Q15-PIRATE,STABLE_T,1975,T5,1975,T5,The Shootist,Glendon Fred Swarthout,/works/OL2674250W,7,1975,2011,1.872,SAFE_T,T5,1975,强标题+作者匹配；最早版次年份与 first_publish_year 落在同一 T,ACTIVE_RANGE_SPANS_T:1933-1992:T4-T6,,,,,,,,
P2_EXTERNAL_MATCH_FRIENDLY,The Sisters Brothers.md,WL-WORK-2406,The Sisters Brothers,,帕特里克·德威特,Patrick deWitt,,,batch6_source_refs,WL-TOPIC-Q15;WL-TOPIC-Q15-WESTERN;WL-TOPIC-Q15-OUTLAW,STABLE_T,2011,T6,2011,T6,The Sisters Brothers,Patrick deWitt,/works/OL16190670W,1,2011,2011,2.000,SAFE_T,T6,2011,强标题+作者匹配；最早版次年份与 first_publish_year 落在同一 T,NO_BIRTH,,,,,,,,
P2_EXTERNAL_MATCH_FRIENDLY,The Sunne in Splendour.md,WL-WORK-0953,The Sunne in Splendour,,莎伦·凯·彭曼,Sharon Kay Penman,,,batch2_source_refs,WL-TOPIC-G44-HISTORICAL,STABLE_T,1983,T6,1983,T6,The sunne in splendour,Sharon Kay Penman,/works/OL7971334W,2,1983,1984,2.000,SAFE_T,T6,1983,强标题+作者匹配；最早版次年份与 first_publish_year 落在同一 T,NO_BIRTH,,,,,,,,
P2_EXTERNAL_MATCH_FRIENDLY,The Surrounded.md,WL-WORK-2411,The Surrounded,,达西·麦克尼克尔,D'Arcy McNickle,,,batch6_source_refs,WL-TOPIC-Q15;WL-TOPIC-Q15-WESTERN,STABLE_T,1936,T4,1936,T4,The surrounded,D'Arcy McNickle,/works/OL4280995W,3,1936,1990,2.000,SAFE_T,T4,1936,强标题+作者匹配；最早版次年份与 first_publish_year 落在同一 T,ACTIVE_RANGE_SPANS_T:1919-1977:T4-T5,,,,,,,,
P2_EXTERNAL_MATCH_FRIENDLY,The Thousand Crimes of Ming Tsu.md,WL-WORK-2414,The Thousand Crimes of Ming Tsu,,汤姆·林,Tom Lin,,,batch6_source_refs,WL-TOPIC-Q15;WL-TOPIC-Q15-WESTERN;WL-TOPIC-Q15-OUTLAW,STABLE_T,2021,T6,2021,T6,The Thousand Crimes of Ming Tsu,Tom Lin,/works/OL24347924W,2,2021,2022,2.000,SAFE_T,T6,2021,强标题+作者匹配；最早版次年份与 first_publish_year 落在同一 T,NO_BIRTH,,,,,,,,
P2_EXTERNAL_MATCH_FRIENDLY,The Valleys of the Assassins.md,WL-WORK-1382,The Valleys of the Assassins,,弗雷娅·斯塔克,Freya Stark,,,batch3_source_refs,WL-TOPIC-G7-TRAVEL,STABLE_T,1978,T5,1978,T5,The Valley of the Assassins,Freya Stark,/works/OL45275165W,1,1978,1978,1.982,SAFE_T,T5,1978,强标题+作者匹配；最早版次年份与 first_publish_year 落在同一 T,ACTIVE_RANGE_SPANS_T:1908-1993:T4-T6,,,,,,,,
P2_EXTERNAL_MATCH_FRIENDLY,The Wedding Date.md,WL-WORK-1995,The Wedding Date,,贾丝明·吉洛里,Jasmine Guillory,,,batch5_source_refs,WL-TOPIC-Q2-LOVE,STABLE_T,2018,T6,2018,T6,The wedding date,Jasmine Guillory,/works/OL19670214W,2,2018,2019,2.000,SAFE_T,T6,2018,强标题+作者匹配；最早版次年份与 first_publish_year 落在同一 T,NO_BIRTH,,,,,,,,
P2_EXTERNAL_MATCH_FRIENDLY,These Thousand Hills.md,WL-WORK-2421,These Thousand Hills,,A.B.格思里,A.B. Guthrie Jr.,,,batch6_source_refs,WL-TOPIC-Q15;WL-TOPIC-Q15-WESTERN,STABLE_T,1956,T5,1956,T5,These thousand hills,A. B. Guthrie,/works/OL2944433W,6,1956,1995,1.880,SAFE_T,T5,1956,强标题+作者匹配；最早版次年份与 first_publish_year 落在同一 T,NO_BIRTH,,,,,,,,
P2_EXTERNAL_MATCH_FRIENDLY,Things Have Gotten Worse Since We Last Spoke.md,WL-WORK-0549,Things Have Gotten Worse Since We Last Spoke,,埃里克·拉罗卡,Eric LaRocca,,,batch1_source_refs,WL-TOPIC-G45-HORROR,STABLE_T,2021,T6,2021,T6,Things Have Gotten Worse Since We Last Spoke,Eric LaRocca,/works/OL24627202W,1,2021,2021,2.000,SAFE_T,T6,2021,强标题+作者匹配；最早版次年份与 first_publish_year 落在同一 T,NO_BIRTH,,,,,,,,
P2_EXTERNAL_MATCH_FRIENDLY,Tlingit Myths and Texts.md,WL-WORK-1383,Tlingit Myths and Texts,,约翰·R.斯旺顿,John R. Swanton,,,batch3_source_refs,WL-TOPIC-G1-MYTH,STABLE_T,1909,T4,1909,T4,Tlingit myths and texts,John Reed Swanton,/works/OL7677871W,10,1909,2022,1.903,SAFE_T,T4,1909,强标题+作者匹配；最早版次年份与 first_publish_year 落在同一 T,NO_BIRTH,,,,,,,,
P2_EXTERNAL_MATCH_FRIENDLY,Travels in West Africa.md,WL-WORK-1385,Travels in West Africa,,玛丽·金斯利,Mary Kingsley,,,batch3_source_refs,WL-TOPIC-G7-TRAVEL,STABLE_T,2011,T6,2011,T6,Travels in West Africa,Mary Kingsley,/works/OL28345059W,9,2011,2020,2.000,SAFE_T,T6,2011,强标题+作者匹配；最早版次年份与 first_publish_year 落在同一 T,NO_BIRTH,,,,,,,,
P2_EXTERNAL_MATCH_FRIENDLY,Unbeaten Tracks in Japan.md,WL-WORK-1388,Unbeaten Tracks in Japan,,伊莎贝拉·伯德,Bird,,,batch3_source_refs,WL-TOPIC-G7-TRAVEL,STABLE_T,2016,T6,2016,T6,Unbeaten Tracks in Japan,Bird,/works/OL21121326W,1,2016,2016,2.000,SAFE_T,T6,2016,强标题+作者匹配；最早版次年份与 first_publish_year 落在同一 T,NO_BIRTH,,,,,,,,
P2_EXTERNAL_MATCH_FRIENDLY,Uncanny Stories.md,WL-WORK-0551,Uncanny Stories,,梅·辛克莱,May Sinclair,,,batch1_source_refs,WL-TOPIC-G45-HORROR,STABLE_T,1923,T4,1923,T4,Uncanny stories,May Sinclair,/works/OL199990W,5,1923,2022,2.000,SAFE_T,T4,1923,强标题+作者匹配；最早版次年份与 first_publish_year 落在同一 T,ACTIVE_RANGE_SPANS_T:1878-1946:T3-T5,,,,,,,,
P2_EXTERNAL_MATCH_FRIENDLY,Under the Feet of Jesus.md,WL-WORK-2426,Under the Feet of Jesus,,海伦娜·玛丽亚·比拉蒙特斯,Helena María Viramontes,,,batch6_source_refs,WL-TOPIC-Q15;WL-TOPIC-Q15-WESTERN,STABLE_T,1995,T6,1995,T6,Under the feet of Jesus,Helena María Viramontes,/works/OL3086852W,2,1995,1996,2.000,SAFE_T,T6,1995,强标题+作者匹配；最早版次年份与 first_publish_year 落在同一 T,ACTIVE_RANGE_SPANS_T:1969-2026:T5-T6,,,,,,,,
P2_EXTERNAL_MATCH_FRIENDLY,Under the Red Robe.md,WL-WORK-2427,Under the Red Robe,,斯坦利·韦曼,Stanley Weyman,,,batch6_source_refs,WL-TOPIC-Q15;WL-TOPIC-Q15-SWASHBUCKLER,STABLE_T,1949,T5,1949,T5,under the red robe,stanley j. weyman,/works/OL43384499W,1,1949,1949,1.933,SAFE_T,T5,1949,强标题+作者匹配；最早版次年份与 first_publish_year 落在同一 T,NO_BIRTH,,,,,,,,
P2_EXTERNAL_MATCH_FRIENDLY,Undertones of War.md,WL-WORK-1997,Undertones of War,,埃德蒙·布伦登,Edmund Blunden,,,batch5_source_refs,WL-TOPIC-Q6-WAR,STABLE_T,1928,T4,1928,T4,Undertones of war,Edmund Blunden,/works/OL1133265W,14,1928,2007,2.000,SAFE_T,T4,1928,强标题+作者匹配；最早版次年份与 first_publish_year 落在同一 T,ACTIVE_RANGE_SPANS_T:1911-1974:T4-T5,,,,,,,,
P2_EXTERNAL_MATCH_FRIENDLY,Unsouled.md,WL-WORK-0553,Unsouled,,威尔·怀特,Will Wight,,,batch1_source_refs,WL-TOPIC-G45-FANTASY,STABLE_T,2017,T6,2017,T6,Unsouled,Will Wight,/works/OL20781727W,2,2017,2021,2.000,SAFE_T,T6,2017,强标题+作者匹配；最早版次年份与 first_publish_year 落在同一 T,NO_BIRTH,,,,,,,,
P2_EXTERNAL_MATCH_FRIENDLY,Video Night in Kathmandu.md,WL-WORK-1389,Video Night in Kathmandu,,皮科·艾尔,Pico Iyer,,,batch3_source_refs,WL-TOPIC-G7-TRAVEL,STABLE_T,1988,T6,1988,T6,Video night in Kathmandu,Pico Iyer,/works/OL15875387W,4,1988,2001,2.000,SAFE_T,T6,1988,强标题+作者匹配；最早版次年份与 first_publish_year 落在同一 T,ACTIVE_RANGE_SPANS_T:1972-2026:T5-T6,,,,,,,,
P2_EXTERNAL_MATCH_FRIENDLY,Vox.md,WL-WORK-0955,Vox,,克里斯蒂娜·达尔彻,Christina Dalcher,,,batch2_source_refs,WL-TOPIC-G46-DYSTOPIA,STABLE_T,2018,T6,2018,T6,Vox,Christina Dalcher,/works/OL19765094W,2,2018,2019,2.000,SAFE_T,T6,2018,强标题+作者匹配；最早版次年份与 first_publish_year 落在同一 T,NO_BIRTH,,,,,,,,
P2_EXTERNAL_MATCH_FRIENDLY,War Trash.md,WL-WORK-1999,War Trash,,哈金,Ha Jin,,,batch5_source_refs,WL-TOPIC-Q6-WAR,STABLE_T,2004,T6,2004,T6,War trash,Ha Jin,/works/OL14553W,2,2004,2005,2.000,SAFE_T,T6,2004,强标题+作者匹配；最早版次年份与 first_publish_year 落在同一 T,ACTIVE_RANGE_SPANS_T:1971-2026:T5-T6,,,,,,,,
P2_EXTERNAL_MATCH_FRIENDLY,Warlock.md,WL-WORK-2428,Warlock,,奥克利·霍尔,Oakley Hall,,,batch6_source_refs,WL-TOPIC-Q15;WL-TOPIC-Q15-WESTERN,STABLE_T,1958,T5,1958,T5,Warlock,Oakley Hall,/works/OL1896481W,5,1958,2005,2.000,SAFE_T,T5,1958,强标题+作者匹配；最早版次年份与 first_publish_year 落在同一 T,ACTIVE_RANGE_SPANS_T:1935-2008:T4-T6,,,,,,,,
P2_EXTERNAL_MATCH_FRIENDLY,West with the Night.md,WL-WORK-0554,West with the Night,,贝丽尔·马卡姆,Beryl Markham,,,batch1_source_refs,WL-TOPIC-G45-ADVENTURE,STABLE_T,1942,T4,1942,T4,West with the night,Beryl Markham,/works/OL3471099W,21,1942,2018,2.000,SAFE_T,T4,1942,强标题+作者匹配；最早版次年份与 first_publish_year 落在同一 T,ACTIVE_RANGE_SPANS_T:1917-1986:T4-T6,,,,,,,,
P2_EXTERNAL_MATCH_FRIENDLY,"Whitney, My Love.md",WL-WORK-2000,"Whitney, My Love",,朱迪思·麦克诺特,Judith McNaught,,,batch5_source_refs,WL-TOPIC-Q2-LOVE,STABLE_T,1985,T6,1985,T6,"Whitney, My Love",Judith McNaught,/works/OL152332W,12,1985,2008,2.000,SAFE_T,T6,1985,强标题+作者匹配；最早版次年份与 first_publish_year 落在同一 T,ACTIVE_RANGE_SPANS_T:1959-2026:T5-T6,,,,,,,,
P2_EXTERNAL_MATCH_FRIENDLY,Who Remembers the Sea.md,WL-WORK-2001,Who Remembers the Sea,,穆罕默德·迪布,Mohammed Dib,,,batch5_source_refs,WL-TOPIC-Q6-WAR,STABLE_T,1985,T6,1985,T6,Who remembers the sea,Mohammed Dib,/works/OL11457666W,1,1985,1985,2.000,SAFE_T,T6,1985,强标题+作者匹配；最早版次年份与 first_publish_year 落在同一 T,NO_BIRTH,,,,,,,,
P2_EXTERNAL_MATCH_FRIENDLY,Winter in the Blood.md,WL-WORK-2431,Winter in the Blood,,詹姆斯·韦尔奇,James Welch,,,batch6_source_refs,WL-TOPIC-Q15;WL-TOPIC-Q15-WESTERN,STABLE_T,1974,T5,1974,T5,Winter in the blood,James Welch,/works/OL46517W,4,1974,2008,2.000,SAFE_T,T5,1974,强标题+作者匹配；最早版次年份与 first_publish_year 落在同一 T,NO_BIRTH,,,,,,,,
P2_EXTERNAL_MATCH_FRIENDLY,With Clive in India.md,WL-WORK-0555,With Clive in India,,G.A.亨蒂,G. A. Henty,,,batch1_source_refs,WL-TOPIC-G45-ADVENTURE,STABLE_T,1883,T3,1883,T3,With Clive in India,G. A. Henty,/works/OL44678460W,1,1883,1883,2.000,SAFE_T,T3,1883,强标题+作者匹配；最早版次年份与 first_publish_year 落在同一 T,ACTIVE_RANGE_SPANS_T:1847-1902:T3-T4,,,,,,,,
P2_EXTERNAL_MATCH_FRIENDLY,With His Pistol in His Hand.md,WL-WORK-2432,With His Pistol in His Hand,,阿梅里科·帕雷德斯,Américo Paredes,,,batch6_source_refs,WL-TOPIC-Q15;WL-TOPIC-Q15-OUTLAW,STABLE_T,1958,T5,1958,T5,With his pistol in his hand,Américo Paredes,/works/OL1840695W,3,1958,2006,2.000,SAFE_T,T5,1958,强标题+作者匹配；最早版次年份与 first_publish_year 落在同一 T,NO_BIRTH,,,,,,,,
P2_EXTERNAL_MATCH_FRIENDLY,With Wolfe in Canada.md,WL-WORK-0556,With Wolfe in Canada,,G.A.亨蒂,G. A. Henty,,,batch1_source_refs,WL-TOPIC-G45-ADVENTURE,STABLE_T,1832,T3,1832,T3,With Wolfe in Canada,G. A. Henty,/works/OL39472919W,1,1832,1832,2.000,SAFE_T,T3,1832,强标题+作者匹配；最早版次年份与 first_publish_year 落在同一 T,ACTIVE_RANGE_SPANS_T:1847-1902:T3-T4,,,,,,,,
P2_EXTERNAL_MATCH_FRIENDLY,Wounds.md,WL-WORK-0557,Wounds,,内森·巴林拉德,Nathan Ballingrud,,,batch1_source_refs,WL-TOPIC-G45-HORROR,STABLE_T,2019,T6,2019,T6,Wounds,Nathan Ballingrud,/works/OL20151193W,1,2019,2019,2.000,SAFE_T,T6,2019,强标题+作者匹配；最早版次年份与 first_publish_year 落在同一 T,NO_BIRTH,,,,,,,,
P2_EXTERNAL_MATCH_FRIENDLY,不再存在的女人.md,WL-WORK-0230,不再存在的女人,Celle qui n'était plus,布瓦洛-纳尔瑟雅克,Boileau-Narcejac,,,,WL-TOPIC-G45-MYSTERY,STABLE_T,1952,T5,1952,T5,Celle qui n'était plus =,Boileau-Narcejac,/works/OL3600939W,1,1952,1952,2.000,SAFE_T,T5,1952,强标题+作者匹配；最早版次年份与 first_publish_year 落在同一 T,NO_BIRTH,,,,,,,,
P2_EXTERNAL_MATCH_FRIENDLY,不要回头.md,WL-WORK-0224,不要回头,Don't Look Back,卡琳·福萨姆,Karin Fossum,,,,WL-TOPIC-G45-MYSTERY,STABLE_T,2004,T6,2004,T6,Don't Look Back,Karin Fossum,/works/OL35434599W,1,2004,2004,2.000,SAFE_T,T6,2004,强标题+作者匹配；最早版次年份与 first_publish_year 落在同一 T,NO_BIRTH,,,,,,,,
P2_EXTERNAL_MATCH_FRIENDLY,世界的用法.md,WL-WORK-1393,世界的用法,The Way of the World,尼古拉·布维耶,Nicolas Bouvier,,,batch3_source_refs,WL-TOPIC-G7-TRAVEL,STABLE_T,2009,T6,2009,T6,The way of the world,Nicolas Bouvier,/works/OL18643544W,1,2009,2009,2.000,SAFE_T,T6,2009,强标题+作者匹配；最早版次年份与 first_publish_year 落在同一 T,NO_BIRTH,,,,,,,,
P2_EXTERNAL_MATCH_FRIENDLY,乌鸦之黑.md,WL-WORK-0116,乌鸦之黑,Raven Black,安·克里夫斯,Ann Cleeves,,,,WL-TOPIC-G45-MYSTERY,STABLE_T,2006,T6,2006,T6,Raven Black,Ann Cleeves,/works/OL2445399W,8,2006,2025,2.000,SAFE_T,T6,2006,强标题+作者匹配；最早版次年份与 first_publish_year 落在同一 T,ACTIVE_RANGE_SPANS_T:1969-2026:T5-T6,,,,,,,,
P2_EXTERNAL_MATCH_FRIENDLY,人骨拼图.md,WL-WORK-0123,人骨拼图,The Bone Collector,杰弗里·迪弗,Jeffery Deaver,,,,WL-TOPIC-G45-MYSTERY,STABLE_T,2004,T6,2004,T6,The Bone Collector,Jeffery Deaver,/works/OL24275716W,2,2004,2008,2.000,SAFE_T,T6,2004,强标题+作者匹配；最早版次年份与 first_publish_year 落在同一 T,ACTIVE_RANGE_SPANS_T:1965-2026:T5-T6,,,,,,,,
P2_EXTERNAL_MATCH_FRIENDLY,全面混乱.md,WL-WORK-0240,全面混乱,Total Chaos,让-克洛德·伊佐,Jean-Claude Izzo,,,,WL-TOPIC-G45-MYSTERY,STABLE_T,2005,T6,2005,T6,Total Chaos,Jean-Claude Izzo,/works/OL8958593W,1,2005,2005,2.000,SAFE_T,T6,2005,强标题+作者匹配；最早版次年份与 first_publish_year 落在同一 T,ACTIVE_RANGE_SPANS_T:1960-2000:T5-T6,,,,,,,,
P2_EXTERNAL_MATCH_FRIENDLY,公主新娘.md,WL-WORK-2454,公主新娘,The Princess Bride,威廉·戈德曼,William Goldman,,,batch6_source_refs,WL-TOPIC-Q15;WL-TOPIC-Q15-SWASHBUCKLER,STABLE_T,1973,T5,1973,T5,The Princess Bride,William Goldman,/works/OL486967W,16,1973,2007,2.000,SAFE_T,T5,1973,强标题+作者匹配；最早版次年份与 first_publish_year 落在同一 T,NO_BIRTH,,,,,,,,
P2_EXTERNAL_MATCH_FRIENDLY,冬日女王.md,WL-WORK-0137,冬日女王,The Winter Queen,鲍里斯·阿库宁,Boris Akunin,,,,WL-TOPIC-G45-MYSTERY,STABLE_T,2002,T6,2002,T6,The Winter Queen,Boris Akunin,/works/OL8423434W,3,2002,2004,2.000,SAFE_T,T6,2002,强标题+作者匹配；最早版次年份与 first_publish_year 落在同一 T,NO_BIRTH,,,,,,,,
P2_EXTERNAL_MATCH_FRIENDLY,原野奇侠.md,WL-WORK-2473,原野奇侠,Shane,杰克·谢弗,Jack Schaefer,,,batch6_source_refs,WL-TOPIC-Q15;WL-TOPIC-Q15-WESTERN,STABLE_T,1920,T4,1920,T4,Shane,Jack Schaefer,/works/OL3916716W,19,1920,2005,2.000,SAFE_T,T4,1920,强标题+作者匹配；最早版次年份与 first_publish_year 落在同一 T,ACTIVE_RANGE_SPANS_T:1922-1991:T4-T6,,,,,,,,
P2_EXTERNAL_MATCH_FRIENDLY,召唤魔鬼.md,WL-WORK-0069,召唤魔鬼,Whistle Up the Devil,德里克·史密斯,Derek Smith,,,,WL-TOPIC-G45-MYSTERY,STABLE_T,2015,T6,2015,T6,Whistle Up the Devil,Derek Smith,/works/OL31481107W,1,2015,2015,2.000,SAFE_T,T6,2015,强标题+作者匹配；最早版次年份与 first_publish_year 落在同一 T,NO_BIRTH,,,,,,,,
P2_EXTERNAL_MATCH_FRIENDLY,咆哮营的幸运儿.md,WL-WORK-2480,咆哮营的幸运儿,The Luck of Roaring Camp,布雷特·哈特,Bret Harte,,,batch6_source_refs,WL-TOPIC-Q15;WL-TOPIC-Q15-WESTERN,STABLE_T,1869,T3,1869,T3,The Luck of Roaring Camp,Bret Harte,/works/OL1128027W,23,1869,2007,2.000,SAFE_T,T3,1869,强标题+作者匹配；最早版次年份与 first_publish_year 落在同一 T,ACTIVE_RANGE_SPANS_T:1851-1902:T3-T4,,,,,,,,
P2_EXTERNAL_MATCH_FRIENDLY,在比尤拉高地.md,WL-WORK-0108,在比尤拉高地,On Beulah Height,雷金纳德·希尔,Reginald Hill,,,,WL-TOPIC-G45-MYSTERY,STABLE_T,1998,T6,1998,T6,On Beulah Height,Reginald Hill,/works/OL57023W,3,1998,2003,2.000,SAFE_T,T6,1998,强标题+作者匹配；最早版次年份与 first_publish_year 落在同一 T,NO_BIRTH,,,,,,,,
P2_EXTERNAL_MATCH_FRIENDLY,地狱之缘.md,WL-WORK-0068,地狱之缘,Rim of the Pit,黑克·塔尔博特,Hake Talbot,,,,WL-TOPIC-G45-MYSTERY,STABLE_T,1985,T6,1985,T6,Rim of the Pit,Hake Talbot,/works/OL7665436W,4,1985,2023,2.000,SAFE_T,T6,1985,强标题+作者匹配；最早版次年份与 first_publish_year 落在同一 T,ACTIVE_RANGE_SPANS_T:1915-1986:T4-T6,,,,,,,,
P2_EXTERNAL_MATCH_FRIENDLY,墓地的沉默.md,WL-WORK-0223,墓地的沉默,Jar City,阿尔纳尔杜尔·因德里达松,Arnaldur Indriðason,,,,WL-TOPIC-G45-MYSTERY,STABLE_T,2004,T6,2004,T6,Jar city,Arnaldur Indriðason,/works/OL5869540W,3,2004,2006,2.000,SAFE_T,T6,2004,强标题+作者匹配；最早版次年份与 first_publish_year 落在同一 T,ACTIVE_RANGE_SPANS_T:1976-2026:T5-T6,,,,,,,,
P2_EXTERNAL_MATCH_FRIENDLY,大地惊雷.md,WL-WORK-2493,大地惊雷,True Grit,查尔斯·波蒂斯,Charles Portis,,,batch6_source_refs,WL-TOPIC-Q15;WL-TOPIC-Q15-WESTERN,STABLE_T,1968,T5,1968,T5,True Grit,Charles Portis,/works/OL104535W,10,1968,2007,2.000,SAFE_T,T5,1968,强标题+作者匹配；最早版次年份与 first_publish_year 落在同一 T,NO_BIRTH,,,,,,,,
P2_EXTERNAL_MATCH_FRIENDLY,大天空.md,WL-WORK-2494,大天空,The Big Sky,A.B.格思里,A.B. Guthrie Jr.,,,batch6_source_refs,WL-TOPIC-Q15;WL-TOPIC-Q15-WESTERN,STABLE_T,1947,T5,1947,T5, The big sky,A.B Guthrie Jr.,/works/OL43013336W,1,1947,1947,2.000,SAFE_T,T5,1947,强标题+作者匹配；最早版次年份与 first_publish_year 落在同一 T,NO_BIRTH,,,,,,,,
P2_EXTERNAL_MATCH_FRIENDLY,天鹅之歌.md,WL-WORK-0063,天鹅之歌,Swan Song,埃德蒙·克里斯平,Edmund Crispin,,,,WL-TOPIC-G45-MYSTERY,STABLE_T,1947,T5,1947,T5,Swan song,Edmund Crispin,/works/OL3926776W,18,1947,2023,2.000,SAFE_T,T5,1947,强标题+作者匹配；最早版次年份与 first_publish_year 落在同一 T,ACTIVE_RANGE_SPANS_T:1936-1978:T4-T5,,,,,,,,
P2_EXTERNAL_MATCH_FRIENDLY,少雨之地.md,WL-WORK-2508,少雨之地,The Land of Little Rain,玛丽·奥斯汀,Mary Austin,,,batch6_source_refs,WL-TOPIC-Q15;WL-TOPIC-Q15-WESTERN,STABLE_T,1903,T4,1903,T4,The Land of Little Rain,Mary Austin,/works/OL1917146W,33,1903,2023,2.000,SAFE_T,T4,1903,强标题+作者匹配；最早版次年份与 first_publish_year 落在同一 T,ACTIVE_RANGE_SPANS_T:1883-1934:T3-T4,,,,,,,,
P2_EXTERNAL_MATCH_FRIENDLY,尸体会说话.md,WL-WORK-0121,尸体会说话,Postmortem,帕特里夏·康威尔,Patricia Cornwell,,,,WL-TOPIC-G45-MYSTERY,STABLE_T,1990,T6,1990,T6,Postmortem,Patricia Cornwell,/works/OL134383W,27,1990,2025,2.000,SAFE_T,T6,1990,强标题+作者匹配；最早版次年份与 first_publish_year 落在同一 T,ACTIVE_RANGE_SPANS_T:1971-2026:T5-T6,,,,,,,,
P2_EXTERNAL_MATCH_FRIENDLY,帽子戏法之死.md,WL-WORK-0067,帽子戏法之死,Death from a Top Hat,克莱顿·罗森,Clayton Rawson,,,,WL-TOPIC-G45-MYSTERY,STABLE_T,1962,T5,1962,T5,Death from a top hat,Clayton Rawson,/works/OL4993592W,4,1962,1987,2.000,SAFE_T,T5,1962,强标题+作者匹配；最早版次年份与 first_publish_year 落在同一 T,ACTIVE_RANGE_SPANS_T:1921-1971:T4-T5,,,,,,,,
P2_EXTERNAL_MATCH_FRIENDLY,废墟.md,WL-WORK-0688,废墟,The Ruins,斯科特·史密斯,Scott Smith,,,batch1_source_refs,WL-TOPIC-G45-HORROR,STABLE_T,2005,T6,2005,T6,The Ruins,Scott Smith,/works/OL6218186W,3,2005,2007,2.000,SAFE_T,T6,2005,强标题+作者匹配；最早版次年份与 first_publish_year 落在同一 T,NO_BIRTH,,,,,,,,
P2_EXTERNAL_MATCH_FRIENDLY,弗吉尼亚人.md,WL-WORK-2518,弗吉尼亚人,The Virginian,欧文·威斯特,Owen Wister,,,batch6_source_refs,WL-TOPIC-Q15;WL-TOPIC-Q15-WESTERN,STABLE_T,1902,T4,1902,T4,The Virginian,Owen Wister,/works/OL106175W,41,1902,2009,2.000,SAFE_T,T4,1902,强标题+作者匹配；最早版次年份与 first_publish_year 落在同一 T,ACTIVE_RANGE_SPANS_T:1875-1938:T3-T4,,,,,,,,
P2_EXTERNAL_MATCH_FRIENDLY,指匠迷案.md,WL-WORK-0136,指匠迷案,An Instance of the Fingerpost,伊恩·皮尔斯,Iain Pears,,,,WL-TOPIC-G45-MYSTERY,STABLE_T,1999,T6,1999,T6,An Instance of the Fingerpost,Iain Pears,/works/OL1900839W,1,1999,1999,2.000,SAFE_T,T6,1999,强标题+作者匹配；最早版次年份与 first_publish_year 落在同一 T,NO_BIRTH,,,,,,,,
P2_EXTERNAL_MATCH_FRIENDLY,曾达的囚徒.md,WL-WORK-2542,曾达的囚徒,The Prisoner of Zenda,安东尼·霍普,Anthony Hope,,,batch6_source_refs,WL-TOPIC-Q15;WL-TOPIC-Q15-SWASHBUCKLER,STABLE_T,1894,T4,1894,T4,the prisoner of zenda,anthony hope,/works/OL43029358W,3,1894,1994,2.000,SAFE_T,T4,1894,强标题+作者匹配；最早版次年份与 first_publish_year 落在同一 T,ACTIVE_RANGE_SPANS_T:1878-1933:T3-T4,,,,,,,,
P2_EXTERNAL_MATCH_FRIENDLY,欢乐之家.md,WL-WORK-1168,欢乐之家,Fun Home,艾莉森·贝克德尔,Alison Bechdel,,,batch2_source_refs,WL-TOPIC-G43-BILDUNGSROMAN,STABLE_T,2000,T6,2000,T6,Fun Home,Alison Bechdel,/works/OL1835957W,11,2000,2025,2.000,SAFE_T,T6,2000,强标题+作者匹配；最早版次年份与 first_publish_year 落在同一 T,ACTIVE_RANGE_SPANS_T:1975-2026:T5-T6,,,,,,,,
P2_EXTERNAL_MATCH_FRIENDLY,死亡之谜.md,WL-WORK-0122,死亡之谜,Déjà Dead,凯西·莱克斯,Kathy Reichs,,,,WL-TOPIC-G45-MYSTERY,STABLE_T,1997,T6,1997,T6,Déjà Dead,Kathy Reichs,/works/OL8075674W,12,1997,2020,2.000,SAFE_T,T6,1997,强标题+作者匹配；最早版次年份与 first_publish_year 落在同一 T,ACTIVE_RANGE_SPANS_T:1963-2026:T5-T6,,,,,,,,
P2_EXTERNAL_MATCH_FRIENDLY,火焰与花朵.md,WL-WORK-2092,火焰与花朵,The Flame and the Flower,凯瑟琳·E.伍迪维斯,Kathleen E. Woodiwiss,,,batch5_source_refs,WL-TOPIC-Q2-LOVE,STABLE_T,1972,T5,1972,T5,The Flame and the Flower,Kathleen E. Woodiwiss,/works/OL59383W,11,1972,2007,2.000,SAFE_T,T5,1972,强标题+作者匹配；最早版次年份与 first_publish_year 落在同一 T,ACTIVE_RANGE_SPANS_T:1954-2007:T5-T6,,,,,,,,
P2_EXTERNAL_MATCH_FRIENDLY,炽热的岩石.md,WL-WORK-0256,炽热的岩石,The Hot Rock,唐纳德·E.韦斯特莱克,Donald E. Westlake,,,,WL-TOPIC-G45-MYSTERY,STABLE_T,1970,T5,1970,T5,The hot rock,Donald E. Westlake,/works/OL19133W,12,1970,2021,2.000,SAFE_T,T5,1970,强标题+作者匹配；最早版次年份与 first_publish_year 落在同一 T,ACTIVE_RANGE_SPANS_T:1948-2008:T5-T6,,,,,,,,
P2_EXTERNAL_MATCH_FRIENDLY,牛轭事件.md,WL-WORK-2569,牛轭事件,The Ox-Bow Incident,沃尔特·范蒂尔伯格·克拉克,Walter Van Tilburg Clark,,,batch6_source_refs,WL-TOPIC-Q15;WL-TOPIC-Q15-WESTERN,STABLE_T,1940,T4,1940,T4,The Ox-Bow Incident,Walter Van Tilburg Clark,/works/OL3922187W,15,1940,2005,2.000,SAFE_T,T4,1940,强标题+作者匹配；最早版次年份与 first_publish_year 落在同一 T,ACTIVE_RANGE_SPANS_T:1924-1971:T4-T5,,,,,,,,
P2_EXTERNAL_MATCH_FRIENDLY,犬之力.md,WL-WORK-2570,犬之力,The Power of the Dog,托马斯·萨维奇,Thomas Savage,,,batch6_source_refs,WL-TOPIC-Q15;WL-TOPIC-Q15-WESTERN,STABLE_T,1967,T5,1967,T5,The power of the dog,Thomas Savage,/works/OL4649200W,7,1967,2016,2.000,SAFE_T,T5,1967,强标题+作者匹配；最早版次年份与 first_publish_year 落在同一 T,NO_BIRTH,,,,,,,,
P2_EXTERNAL_MATCH_FRIENDLY,瑞士家庭鲁滨逊.md,WL-WORK-0779,瑞士家庭鲁滨逊,Swiss Family Robinson,约翰·戴维·维斯,Johann David Wyss,,,batch1_source_refs,WL-TOPIC-G45-ADVENTURE,STABLE_T,1838,T3,1838,T3,Swiss Family Robinson,Johann David Wyss,/works/OL15109375W,20,1838,2006,2.000,SAFE_T,T3,1838,强标题+作者匹配；最早版次年份与 first_publish_year 落在同一 T,ACTIVE_RANGE_SPANS_T:1758-1818:T2-T3,,,,,,,,
P2_EXTERNAL_MATCH_FRIENDLY,田纳西的伙伴.md,WL-WORK-2575,田纳西的伙伴,Tennessee's Partner,布雷特·哈特,Bret Harte,,,batch6_source_refs,WL-TOPIC-Q15;WL-TOPIC-Q15-WESTERN,STABLE_T,1907,T4,1907,T4,Tennessee's partner,Bret Harte,/works/OL1127972W,3,1907,2007,2.000,SAFE_T,T4,1907,强标题+作者匹配；最早版次年份与 first_publish_year 落在同一 T,ACTIVE_RANGE_SPANS_T:1851-1902:T3-T4,,,,,,,,
P2_EXTERNAL_MATCH_FRIENDLY,疯狂的奥兰多.md,WL-WORK-2578,疯狂的奥兰多,Orlando Furioso,卢多维科·阿里奥斯托,Ludovico Ariosto,,,batch6_source_refs,WL-TOPIC-Q15;WL-TOPIC-Q15-KNIGHT,STABLE_T,1526,T2,1526,T2,Orlando furioso,Lodovico Ariosto,/works/OL43135955W,2,1526,1530,1.938,SAFE_T,T2,1526,强标题+作者匹配；最早版次年份与 first_publish_year 落在同一 T,ACTIVE_RANGE_SPANS_T:1489-1533:T1-T2,,,,,,,,
P2_EXTERNAL_MATCH_FRIENDLY,眩晕.md,WL-WORK-0231,眩晕,D'entre les morts,布瓦洛-纳尔瑟雅克,Boileau-Narcejac,,,,WL-TOPIC-G45-MYSTERY,STABLE_T,1954,T5,1954,T5,D'entre les morts,Boileau-Narcejac,/works/OL15724928W,10,1954,2015,2.000,SAFE_T,T5,1954,强标题+作者匹配；最早版次年份与 first_publish_year 落在同一 T,NO_BIRTH,,,,,,,,
P2_EXTERNAL_MATCH_FRIENDLY,社交俱乐部命案.md,WL-WORK-0107,社交俱乐部命案,A Clubbable Woman,雷金纳德·希尔,Reginald Hill,,,,WL-TOPIC-G45-MYSTERY,STABLE_T,1970,T5,1970,T5,A clubbable woman,Reginald Hill,/works/OL57005W,5,1970,2007,2.000,SAFE_T,T5,1970,强标题+作者匹配；最早版次年份与 first_publish_year 落在同一 T,NO_BIRTH,,,,,,,,
P2_EXTERNAL_MATCH_FRIENDLY,移动玩具店.md,WL-WORK-0062,移动玩具店,The Moving Toyshop,埃德蒙·克里斯平,Edmund Crispin,,,,WL-TOPIC-G45-MYSTERY,STABLE_T,1946,T5,1946,T5,The Moving Toyshop,Edmund Crispin,/works/OL3926760W,20,1946,2021,2.000,SAFE_T,T5,1946,强标题+作者匹配；最早版次年份与 first_publish_year 落在同一 T,ACTIVE_RANGE_SPANS_T:1936-1978:T4-T5,,,,,,,,
P2_EXTERNAL_MATCH_FRIENDLY,精神病患者.md,WL-WORK-0135,精神病患者,The Alienist,凯莱布·卡尔,Caleb Carr,,,,WL-TOPIC-G45-MYSTERY,STABLE_T,1994,T6,1994,T6,The Alienist,Caleb Carr,/works/OL2671485W,16,1994,2018,2.000,SAFE_T,T6,1994,强标题+作者匹配；最早版次年份与 first_publish_year 落在同一 T,ACTIVE_RANGE_SPANS_T:1970-2026:T5-T6,,,,,,,,
P2_EXTERNAL_MATCH_FRIENDLY,维里科尼姆.md,WL-WORK-0803,维里科尼姆,Viriconium,M.约翰·哈里森,M. John Harrison,,,batch1_source_refs,WL-TOPIC-G45-FANTASY;WL-TOPIC-G45-HORROR,STABLE_T,2000,T6,2000,T6,Viriconium,M. John Harrison,/works/OL17765819W,1,2000,2000,2.000,SAFE_T,T6,2000,强标题+作者匹配；最早版次年份与 first_publish_year 落在同一 T,ACTIVE_RANGE_SPANS_T:1960-2026:T5-T6,,,,,,,,
P2_EXTERNAL_MATCH_FRIENDLY,绿色危机.md,WL-WORK-0060,绿色危机,Green for Danger,克里斯蒂安娜·布兰德,Christianna Brand,,,,WL-TOPIC-G45-MYSTERY,STABLE_T,1944,T4,1944,T4,Green for danger,Christianna Brand,/works/OL4463259W,24,1944,2023,2.000,SAFE_T,T4,1944,强标题+作者匹配；最早版次年份与 first_publish_year 落在同一 T,ACTIVE_RANGE_SPANS_T:1922-1988:T4-T6,,,,,,,,
P2_EXTERNAL_MATCH_FRIENDLY,美生中国人.md,WL-WORK-1268,美生中国人,American Born Chinese,杨谨伦,Gene Luen Yang,,,batch2_source_refs,WL-TOPIC-G43-BILDUNGSROMAN,STABLE_T,2006,T6,2006,T6,American Born Chinese,Gene Luen Yang,/works/OL8994750W,3,2006,2008,2.000,SAFE_T,T6,2006,强标题+作者匹配；最早版次年份与 first_publish_year 落在同一 T,NO_BIRTH,,,,,,,,
P2_EXTERNAL_MATCH_FRIENDLY,耶洗别之死.md,WL-WORK-0061,耶洗别之死,Death of Jezebel,克里斯蒂安娜·布兰德,Christianna Brand,,,,WL-TOPIC-G45-MYSTERY,STABLE_T,1948,T5,1948,T5,Death of Jezebel,Christianna Brand,/works/OL4463244W,7,1948,2023,2.000,SAFE_T,T5,1948,强标题+作者匹配；最早版次年份与 first_publish_year 落在同一 T,ACTIVE_RANGE_SPANS_T:1922-1988:T4-T6,,,,,,,,
P2_EXTERNAL_MATCH_FRIENDLY,蚀刻城.md,WL-WORK-0829,蚀刻城,The Etched City,K.J.毕晓普,K.J. Bishop,,,batch1_source_refs,WL-TOPIC-G45-FANTASY;WL-TOPIC-G45-HORROR,STABLE_T,2005,T6,2005,T6,The Etched City,K.J. Bishop,/works/OL20709719W,1,2005,2005,2.000,SAFE_T,T6,2005,强标题+作者匹配；最早版次年份与 first_publish_year 落在同一 T,NO_BIRTH,,,,,,,,
P2_EXTERNAL_MATCH_FRIENDLY,解散.md,WL-WORK-0134,解散,Dissolution,C.J.桑瑟姆,C.J. Sansom,,,batch2_source_refs,WL-TOPIC-G45-MYSTERY;WL-TOPIC-G44-HISTORICAL,STABLE_T,2001,T6,2001,T6,Dissolution,C. J. Sansom,/works/OL5734168W,7,2001,2013,2.000,SAFE_T,T6,2001,强标题+作者匹配；最早版次年份与 first_publish_year 落在同一 T,NO_BIRTH,,,,,,,,
P2_EXTERNAL_MATCH_FRIENDLY,赔偿风波.md,WL-WORK-0094,赔偿风波,Indemnity Only,萨拉·帕雷茨基,Sara Paretsky,,,,WL-TOPIC-G45-MYSTERY,STABLE_T,1982,T6,1982,T6,Indemnity Only,Sara Paretsky,/works/OL18044W,9,1982,2010,2.000,SAFE_T,T6,1982,强标题+作者匹配；最早版次年份与 first_publish_year 落在同一 T,NO_BIRTH,,,,,,,,
P2_EXTERNAL_MATCH_FRIENDLY,队列.md,WL-WORK-0478,队列,The Queue,巴斯玛·阿卜杜勒·阿齐兹,Basma Abdel Aziz,,,batch2_source_refs,WL-TOPIC-G45-SF;WL-TOPIC-G46-DYSTOPIA,STABLE_T,2016,T6,2016,T6,The Queue,Basma Abdel Aziz,/works/OL19661249W,1,2016,2016,2.000,SAFE_T,T6,2016,强标题+作者匹配；最早版次年份与 first_publish_year 落在同一 T,NO_BIRTH,,,,,,,,
P2_EXTERNAL_MATCH_FRIENDLY,鲁珀特·亨曹.md,WL-WORK-2651,鲁珀特·亨曹,Rupert of Hentzau,安东尼·霍普,Anthony Hope,,,batch6_source_refs,WL-TOPIC-Q15;WL-TOPIC-Q15-SWASHBUCKLER,STABLE_T,1898,T4,1898,T4,Rupert of Hentzau,Anthony Hope,/works/OL39458683W,4,1898,1920,2.000,SAFE_T,T4,1898,强标题+作者匹配；最早版次年份与 first_publish_year 落在同一 T,ACTIVE_RANGE_SPANS_T:1878-1933:T3-T4,,,,,,,,
P2_EXTERNAL_MATCH_FRIENDLY,A Bollywood Affair.md,WL-WORK-1932,A Bollywood Affair,,索纳利·德夫,Sonali Dev,,,batch5_source_refs,WL-TOPIC-Q2-LOVE,NO_RELIABLE_MATCH,,,,,,,,,,,,REVIEW,,,无可靠深层匹配或版次年份与 first_publish_year 的 T 区间不稳定,NO_BIRTH,,,,,,,,
P2_EXTERNAL_MATCH_FRIENDLY,A Chegada de Lampião no Inferno.md,WL-WORK-2151,A Chegada de Lampião no Inferno,,何塞·帕切科,José Pacheco,,,batch6_source_refs,WL-TOPIC-Q15;WL-TOPIC-Q15-OUTLAW,NO_RELIABLE_MATCH,,,,,,,,,,,,REVIEW,,,无可靠深层匹配或版次年份与 first_publish_year 的 T 区间不稳定,ACTIVE_RANGE_SPANS_T:1905-1954:T4-T5,,,,,,,,
P2_EXTERNAL_MATCH_FRIENDLY,A Head Full of Ghosts.md,WL-WORK-0489,A Head Full of Ghosts,,保罗·特朗布莱,Paul Tremblay,,,batch1_source_refs,WL-TOPIC-G45-HORROR,NO_RELIABLE_MATCH,,,,,,,,,,,,REVIEW,,,无可靠深层匹配或版次年份与 first_publish_year 的 T 区间不稳定,NO_BIRTH,,,,,,,,
P2_EXTERNAL_MATCH_FRIENDLY,A Hunger Like No Other.md,WL-WORK-1934,A Hunger Like No Other,,克雷斯莉·科尔,Kresley Cole,,,batch5_source_refs,WL-TOPIC-Q2-LOVE,NO_RELIABLE_MATCH,,,,,,,,,,,,REVIEW,,,无可靠深层匹配或版次年份与 first_publish_year 的 T 区间不稳定,NO_BIRTH,,,,,,,,
P2_EXTERNAL_MATCH_FRIENDLY,A Knight's Own Book of Chivalry.md,WL-WORK-2155,A Knight's Own Book of Chivalry,,若弗鲁瓦·德·沙尔尼,Geoffroi de Charny,,,batch6_source_refs,WL-TOPIC-Q15;WL-TOPIC-Q15-KNIGHT,NO_RELIABLE_MATCH,,,,,,,,,,,,REVIEW,,,无可靠深层匹配或版次年份与 first_publish_year 的 T 区间不稳定,NO_BIRTH,,,,,,,,
P2_EXTERNAL_MATCH_FRIENDLY,A Man Called Horse.md,WL-WORK-2156,A Man Called Horse,,多萝西·M.约翰逊,Dorothy M. Johnson,,,batch6_source_refs,WL-TOPIC-Q15;WL-TOPIC-Q15-WESTERN,NO_RELIABLE_MATCH,,,,,,,,,,,,REVIEW,,,无可靠深层匹配或版次年份与 first_publish_year 的 T 区间不稳定,ACTIVE_RANGE_SPANS_T:1920-1984:T4-T6,,,,,,,,
P2_EXTERNAL_MATCH_FRIENDLY,A Small Place.md,WL-WORK-1343,A Small Place,,牙买加·金凯德,Jamaica Kincaid,,,batch3_source_refs,WL-TOPIC-G7-TRAVEL,NO_RELIABLE_MATCH,,,,,,,,,,,,REVIEW,,,无可靠深层匹配或版次年份与 first_publish_year 的 T 区间不稳定,NO_BIRTH,,,,,,,,
P2_EXTERNAL_MATCH_FRIENDLY,Agents of Dreamland.md,WL-WORK-0491,Agents of Dreamland,,凯特琳·R.基尔南,Kiernan,,,batch1_source_refs,WL-TOPIC-G45-HORROR,NO_RELIABLE_MATCH,,,,,,,,,,,,REVIEW,,,无可靠深层匹配或版次年份与 first_publish_year 的 T 区间不稳定,NO_STRONG_MATCH:0.737,,,,,,,,
P2_EXTERNAL_MATCH_FRIENDLY,Ambiguity Machines and Other Stories.md,WL-WORK-0477,Ambiguity Machines and Other Stories,,万达娜·辛格,Vandana Singh,,,,WL-TOPIC-G45-SF,NO_RELIABLE_MATCH,,,,,,,,,,,,REVIEW,,,无可靠深层匹配或版次年份与 first_publish_year 的 T 区间不稳定,NO_BIRTH,,,,,,,,
P2_EXTERNAL_MATCH_FRIENDLY,An African in Greenland.md,WL-WORK-1347,An African in Greenland,,托戈·科波马西,Kpomassie,,,batch3_source_refs,WL-TOPIC-G7-TRAVEL,NO_RELIABLE_MATCH,,,,,,,,,,,,REVIEW,,,无可靠深层匹配或版次年份与 first_publish_year 的 T 区间不稳定,NO_STRONG_MATCH:0.643,,,,,,,,
P2_EXTERNAL_MATCH_FRIENDLY,"Bless Me, Ultima.md",WL-WORK-2174,"Bless Me, Ultima",,鲁道夫·阿纳亚,Rudolfo Anaya,,,batch6_source_refs,WL-TOPIC-Q15;WL-TOPIC-Q15-WESTERN,NO_RELIABLE_MATCH,,,,,,,,,,,,REVIEW,,,无可靠深层匹配或版次年份与 first_publish_year 的 T 区间不稳定,NO_BIRTH,,,,,,,,
P2_EXTERNAL_MATCH_FRIENDLY,Cangaceiros.md,WL-WORK-2181,Cangaceiros,,若泽·林斯·多雷戈,巴西,,,batch6_source_refs,WL-TOPIC-Q15;WL-TOPIC-Q15-OUTLAW,NO_RELIABLE_MATCH,,,,,,,,,,,,REVIEW,,,无可靠深层匹配或版次年份与 first_publish_year 的 T 区间不稳定,NO_STRONG_MATCH:0.222,,,,,,,,
P2_EXTERNAL_MATCH_FRIENDLY,Ceremony.md,WL-WORK-0918,Ceremony,,莱斯利·马蒙·西尔科,Leslie Marmon Silko,,,batch2_source_refs;batch6_source_refs,WL-TOPIC-G44-HISTORICAL;WL-TOPIC-Q15;WL-TOPIC-Q15-WESTERN,NO_RELIABLE_MATCH,,,,,,,,,,,,REVIEW,,,无可靠深层匹配或版次年份与 first_publish_year 的 T 区间不稳定,ACTIVE_RANGE_SPANS_T:1963-2026:T5-T6,,,,,,,,
P2_EXTERNAL_MATCH_FRIENDLY,"Changó, el gran putas.md",WL-WORK-1525,"Changó, el gran putas",,曼努埃尔·萨帕塔·奥利韦利亚,Afro-Latin史诗性书写,,,batch4_source_refs,WL-TOPIC-R6-LATAM,NO_RELIABLE_MATCH,,,,,,,,,,,,REVIEW,,,无可靠深层匹配或版次年份与 first_publish_year 的 T 区间不稳定,NO_STRONG_MATCH:0.000,,,,,,,,
P2_EXTERNAL_MATCH_FRIENDLY,Cielitos.md,WL-WORK-2184,Cielitos,,巴托洛梅·伊达尔戈,Hidalgo,,,batch6_source_refs,WL-TOPIC-Q15;WL-TOPIC-Q15-GAUCHO,NO_RELIABLE_MATCH,,,,,,,,,,,,REVIEW,,,无可靠深层匹配或版次年份与 first_publish_year 的 T 区间不稳定,NO_STRONG_MATCH:0.737,,,,,,,,
P2_EXTERNAL_MATCH_FRIENDLY,Destry Rides Again.md,WL-WORK-2200,Destry Rides Again,,马克斯·布兰德,Max Brand,,,batch6_source_refs,WL-TOPIC-Q15;WL-TOPIC-Q15-WESTERN,NO_RELIABLE_MATCH,,,,,,,,,,,,REVIEW,,,无可靠深层匹配或版次年份与 first_publish_year 的 T 区间不稳定,NO_BIRTH,,,,,,,,
P2_EXTERNAL_MATCH_FRIENDLY,Diálogos patrióticos.md,WL-WORK-2201,Diálogos patrióticos,,巴托洛梅·伊达尔戈,Hidalgo,,,batch6_source_refs,WL-TOPIC-Q15;WL-TOPIC-Q15-GAUCHO,NO_RELIABLE_MATCH,,,,,,,,,,,,REVIEW,,,无可靠深层匹配或版次年份与 first_publish_year 的 T 区间不稳定,NO_STRONG_MATCH:0.737,,,,,,,,
P2_EXTERNAL_MATCH_FRIENDLY,El guacho Martín Fierro.md,WL-WORK-2206,El guacho Martín Fierro,,法里尼亚,Fariña,,,batch6_source_refs,WL-TOPIC-Q15;WL-TOPIC-Q15-GAUCHO,NO_RELIABLE_MATCH,,,,,,,,,,,,REVIEW,,,无可靠深层匹配或版次年份与 first_publish_year 的 T 区间不稳定,NO_STRONG_MATCH:0.750,,,,,,,,
P2_EXTERNAL_MATCH_FRIENDLY,El inglés de los güesos.md,WL-WORK-2207,El inglés de los güesos,,贝尼托·林奇,Lynch,,,batch6_source_refs,WL-TOPIC-Q15;WL-TOPIC-Q15-GAUCHO,NO_RELIABLE_MATCH,,,,,,,,,,,,REVIEW,,,无可靠深层匹配或版次年份与 first_publish_year 的 T 区间不稳定,NO_BIRTH,,,,,,,,
P2_EXTERNAL_MATCH_FRIENDLY,El payador.md,WL-WORK-2211,El payador,,莱奥波尔多·卢贡内斯,Lugones,,,batch6_source_refs,WL-TOPIC-Q15;WL-TOPIC-Q15-GAUCHO,NO_RELIABLE_MATCH,,,,,,,,,,,,REVIEW,,,无可靠深层匹配或版次年份与 first_publish_year 的 T 区间不稳定,NO_STRONG_MATCH:0.737,,,,,,,,
P2_EXTERNAL_MATCH_FRIENDLY,El romance de un gaucho.md,WL-WORK-2212,El romance de un gaucho,,贝尼托·林奇,Lynch,,,batch6_source_refs,WL-TOPIC-Q15;WL-TOPIC-Q15-GAUCHO,NO_RELIABLE_MATCH,,,,,,,,,,,,REVIEW,,,无可靠深层匹配或版次年份与 first_publish_year 的 T 区间不稳定,NO_BIRTH,,,,,,,,
P2_EXTERNAL_MATCH_FRIENDLY,Eldorado.md,WL-WORK-2215,Eldorado,,奥希兹男爵夫人,Baroness Orczy,,,batch6_source_refs,WL-TOPIC-Q15;WL-TOPIC-Q15-SWASHBUCKLER,NO_RELIABLE_MATCH,,,,,,,,,,,,REVIEW,,,无可靠深层匹配或版次年份与 first_publish_year 的 T 区间不稳定,NO_BIRTH,,,,,,,,
P2_EXTERNAL_MATCH_FRIENDLY,Fausto.md,WL-WORK-2225,Fausto,,埃斯塔尼斯劳·德尔·坎波,del Campo的,,,batch6_source_refs,WL-TOPIC-Q15;WL-TOPIC-Q15-GAUCHO,NO_RELIABLE_MATCH,,,,,,,,,,,,REVIEW,,,无可靠深层匹配或版次年份与 first_publish_year 的 T 区间不稳定,NO_STRONG_MATCH:0.000,,,,,,,,
P2_EXTERNAL_MATCH_FRIENDLY,Flashman.md,WL-WORK-2227,Flashman,,乔治·麦克唐纳·弗雷泽,Flashman系列，从,,,batch6_source_refs,WL-TOPIC-Q15;WL-TOPIC-Q15-SWASHBUCKLER,NO_RELIABLE_MATCH,,,,,,,,,,,,REVIEW,,,无可靠深层匹配或版次年份与 first_publish_year 的 T 区间不稳定,NO_STRONG_MATCH:0.000,,,,,,,,
P2_EXTERNAL_MATCH_FRIENDLY,"Get a Life, Chloe Brown.md",WL-WORK-1961,"Get a Life, Chloe Brown",,塔莉娅·希伯特,Talia Hibbert,,,batch5_source_refs,WL-TOPIC-Q2-LOVE,NO_RELIABLE_MATCH,,,,,,,,,,,,REVIEW,,,无可靠深层匹配或版次年份与 first_publish_year 的 T 区间不稳定,NO_BIRTH,,,,,,,,
P2_EXTERNAL_MATCH_FRIENDLY,Grito de Gloria.md,WL-WORK-2236,Grito de Gloria,,阿塞韦多·迪亚斯,Acevedo Díaz,,,batch6_source_refs,WL-TOPIC-Q15;WL-TOPIC-Q15-GAUCHO,NO_RELIABLE_MATCH,,,,,,,,,,,,REVIEW,,,无可靠深层匹配或版次年份与 first_publish_year 的 T 区间不稳定,NO_STRONG_MATCH:0.786,,,,,,,,
P2_EXTERNAL_MATCH_FRIENDLY,I Will Repay.md,WL-WORK-2246,I Will Repay,,奥希兹男爵夫人,Baroness Orczy,,,batch6_source_refs,WL-TOPIC-Q15;WL-TOPIC-Q15-SWASHBUCKLER,NO_RELIABLE_MATCH,,,,,,,,,,,,REVIEW,,,无可靠深层匹配或版次年份与 first_publish_year 的 T 区间不稳定,NO_BIRTH,,,,,,,,
P2_EXTERNAL_MATCH_FRIENDLY,Ismael.md,WL-WORK-2249,Ismael,,阿塞韦多·迪亚斯,Acevedo Díaz,,,batch6_source_refs,WL-TOPIC-Q15;WL-TOPIC-Q15-GAUCHO,NO_RELIABLE_MATCH,,,,,,,,,,,,REVIEW,,,无可靠深层匹配或版次年份与 first_publish_year 的 T 区间不稳定,NO_STRONG_MATCH:0.786,,,,,,,,
P2_EXTERNAL_MATCH_FRIENDLY,Jerilderie Letter.md,WL-WORK-2251,Jerilderie Letter,,内德·凯利,Ned Kelly,,,batch6_source_refs,WL-TOPIC-Q15;WL-TOPIC-Q15-OUTLAW,NO_RELIABLE_MATCH,,,,,,,,,,,,REVIEW,,,无可靠深层匹配或版次年份与 first_publish_year 的 T 区间不稳定,NO_BIRTH,,,,,,,,
P2_EXTERNAL_MATCH_FRIENDLY,Joseph d'Arimathie.md,WL-WORK-2253,Joseph d'Arimathie,,罗贝尔·德·博龙,Robert de Boron,,,batch6_source_refs,WL-TOPIC-Q15;WL-TOPIC-Q15-KNIGHT,NO_RELIABLE_MATCH,,,,,,,,,,,,REVIEW,,,无可靠深层匹配或版次年份与 first_publish_year 的 T 区间不稳定,NO_BIRTH,,,,,,,,
P2_EXTERNAL_MATCH_FRIENDLY,Juan Moreira.md,WL-WORK-2255,Juan Moreira,,爱德华多·古铁雷斯,Gutiérrez,,,batch6_source_refs,WL-TOPIC-Q15;WL-TOPIC-Q15-GAUCHO;WL-TOPIC-Q15-OUTLAW,NO_RELIABLE_MATCH,,,,,,,,,,,,REVIEW,,,无可靠深层匹配或版次年份与 first_publish_year 的 T 区间不稳定,NO_BIRTH,,,,,,,,
P2_EXTERNAL_MATCH_FRIENDLY,Kalpa Imperial.md,WL-WORK-0472,Kalpa Imperial,,安赫利卡·戈罗迪舍尔,Angélica Gorodischer,,,,WL-TOPIC-G45-SF,NO_RELIABLE_MATCH,,,,,,,,,,,,REVIEW,,,无可靠深层匹配或版次年份与 first_publish_year 的 T 区间不稳定,NO_BIRTH,,,,,,,,
P2_EXTERNAL_MATCH_FRIENDLY,Kernok the Pirate.md,WL-WORK-2256,Kernok the Pirate,,欧仁·苏,Eugène Sue,,,batch6_source_refs,WL-TOPIC-Q15;WL-TOPIC-Q15-PIRATE,NO_RELIABLE_MATCH,,,,,,,,,,,,REVIEW,,,无可靠深层匹配或版次年份与 first_publish_year 的 T 区间不稳定,NO_BIRTH,,,,,,,,
P2_EXTERNAL_MATCH_FRIENDLY,Kintu.md,WL-WORK-0932,Kintu,,珍妮弗·南布西·马昆比,与Makumbi,,,batch2_source_refs,WL-TOPIC-G43-FAMILY,NO_RELIABLE_MATCH,,,,,,,,,,,,REVIEW,,,无可靠深层匹配或版次年份与 first_publish_year 的 T 区间不稳定,NO_STRONG_MATCH:0.000,,,,,,,,
P2_EXTERNAL_MATCH_FRIENDLY,La cautiva.md,WL-WORK-2258,La cautiva,,埃斯特万·埃切维里亚,Echeverría,,,batch6_source_refs,WL-TOPIC-Q15;WL-TOPIC-Q15-GAUCHO,NO_RELIABLE_MATCH,,,,,,,,,,,,REVIEW,,,无可靠深层匹配或版次年份与 first_publish_year 的 T 区间不稳定,NO_STRONG_MATCH:0.833,,,,,,,,
P2_EXTERNAL_MATCH_FRIENDLY,La guerra gaucha.md,WL-WORK-2259,La guerra gaucha,,莱奥波尔多·卢贡内斯,Lugones,,,batch6_source_refs,WL-TOPIC-Q15;WL-TOPIC-Q15-GAUCHO,NO_RELIABLE_MATCH,,,,,,,,,,,,REVIEW,,,无可靠深层匹配或版次年份与 first_publish_year 的 T 区间不稳定,NO_STRONG_MATCH:0.737,,,,,,,,
P2_EXTERNAL_MATCH_FRIENDLY,Las aventuras de la China Iron.md,WL-WORK-2267,Las aventuras de la China Iron,,加布里埃拉·卡贝松·卡马拉,Cabezón Cámara,,,batch6_source_refs,WL-TOPIC-Q15;WL-TOPIC-Q15-GAUCHO;WL-TOPIC-Q15-OUTLAW,NO_RELIABLE_MATCH,,,,,,,,,,,,REVIEW,,,无可靠深层匹配或版次年份与 first_publish_year 的 T 区间不稳定,NO_STRONG_MATCH:0.788,,,,,,,,
P2_EXTERNAL_MATCH_FRIENDLY,Le Capitan.md,WL-WORK-2269,Le Capitan,,米歇尔·泽瓦科,Le Capitan,,,batch6_source_refs,WL-TOPIC-Q15;WL-TOPIC-Q15-SWASHBUCKLER,NO_RELIABLE_MATCH,,,,,,,,,,,,REVIEW,,,无可靠深层匹配或版次年份与 first_publish_year 的 T 区间不稳定,NO_STRONG_MATCH:0.000,,,,,,,,
P2_EXTERNAL_MATCH_FRIENDLY,Little Big Man.md,WL-WORK-2273,Little Big Man,,托马斯·伯杰,Thomas Berger,,,batch6_source_refs,WL-TOPIC-Q15;WL-TOPIC-Q15-WESTERN,NO_RELIABLE_MATCH,,,,,,,,,,,,REVIEW,,,无可靠深层匹配或版次年份与 first_publish_year 的 T 区间不稳定,NO_BIRTH,,,,,,,,
P2_EXTERNAL_MATCH_FRIENDLY,Los tres gauchos orientales.md,WL-WORK-2278,Los tres gauchos orientales,,安东尼奥·卢西奇,Lussich,,,batch6_source_refs,WL-TOPIC-Q15;WL-TOPIC-Q15-GAUCHO,NO_RELIABLE_MATCH,,,,,,,,,,,,REVIEW,,,无可靠深层匹配或版次年份与 first_publish_year 的 T 区间不稳定,NO_STRONG_MATCH:0.667,,,,,,,,
P2_EXTERNAL_MATCH_FRIENDLY,Maid Marian.md,WL-WORK-2279,Maid Marian,,托马斯·洛夫·皮科克,Peacock,,,batch6_source_refs,WL-TOPIC-Q15;WL-TOPIC-Q15-OUTLAW,NO_RELIABLE_MATCH,,,,,,,,,,,,REVIEW,,,无可靠深层匹配或版次年份与 first_publish_year 的 T 区间不稳定,NO_BIRTH,,,,,,,,
P2_EXTERNAL_MATCH_FRIENDLY,Merlin.md,WL-WORK-2282,Merlin,,T.H.怀特,T.H. White,,,batch6_source_refs,WL-TOPIC-Q15;WL-TOPIC-Q15-KNIGHT,NO_RELIABLE_MATCH,,,,,,,,,,,,REVIEW,,,无可靠深层匹配或版次年份与 first_publish_year 的 T 区间不稳定,NO_BIRTH,,,,,,,,
P2_EXTERNAL_MATCH_FRIENDLY,Minty Alley.md,WL-WORK-1536,Minty Alley,,C.L.R.詹姆斯,C. L. R. James,,,batch4_source_refs,WL-TOPIC-M3-MODERNISM,NO_RELIABLE_MATCH,,,,,,,,,,,,REVIEW,,,无可靠深层匹配或版次年份与 first_publish_year 的 T 区间不稳定,ACTIVE_RANGE_SPANS_T:1916-1989:T4-T6,,,,,,,,
P2_EXTERNAL_MATCH_FRIENDLY,Nativa.md,WL-WORK-2289,Nativa,,阿塞韦多·迪亚斯,Acevedo Díaz,,,batch6_source_refs,WL-TOPIC-Q15;WL-TOPIC-Q15-GAUCHO,NO_RELIABLE_MATCH,,,,,,,,,,,,REVIEW,,,无可靠深层匹配或版次年份与 first_publish_year 的 T 区间不稳定,NO_STRONG_MATCH:0.786,,,,,,,,
P2_EXTERNAL_MATCH_FRIENDLY,Palmerín de Inglaterra.md,WL-WORK-2298,Palmerín de Inglaterra,,弗朗西斯科·德·莫拉埃斯,Francisco de Moraes,,,batch6_source_refs,WL-TOPIC-Q15;WL-TOPIC-Q15-KNIGHT,NO_RELIABLE_MATCH,,,,,,,,,,,,REVIEW,,,无可靠深层匹配或版次年份与 first_publish_year 的 T 区间不稳定,NO_BIRTH,,,,,,,,
P2_EXTERNAL_MATCH_FRIENDLY,Parzival.md,WL-WORK-2301,Parzival,,沃尔夫拉姆·冯·埃申巴赫,Wolfram的,,,batch6_source_refs,WL-TOPIC-Q15;WL-TOPIC-Q15-KNIGHT,NO_RELIABLE_MATCH,,,,,,,,,,,,REVIEW,,,无可靠深层匹配或版次年份与 first_publish_year 的 T 区间不稳定,NO_STRONG_MATCH:0.000,,,,,,,,
P2_EXTERNAL_MATCH_FRIENDLY,Paulino Lucero.md,WL-WORK-2302,Paulino Lucero,,阿斯卡苏比,Ascasubi,,,batch6_source_refs,WL-TOPIC-Q15;WL-TOPIC-Q15-GAUCHO,NO_RELIABLE_MATCH,,,,,,,,,,,,REVIEW,,,无可靠深层匹配或版次年份与 first_publish_year 的 T 区间不稳定,NO_STRONG_MATCH:0.696,,,,,,,,
P2_EXTERNAL_MATCH_FRIENDLY,Peregrine's Progress.md,WL-WORK-2305,Peregrine's Progress,,杰弗里·法诺尔,Farnol,,,batch6_source_refs,WL-TOPIC-Q15;WL-TOPIC-Q15-SWASHBUCKLER,NO_RELIABLE_MATCH,,,,,,,,,,,,REVIEW,,,无可靠深层匹配或版次年份与 first_publish_year 的 T 区间不稳定,NO_STRONG_MATCH:0.632,,,,,,,,
P2_EXTERNAL_MATCH_FRIENDLY,Personal Narrative.md,WL-WORK-1365,Personal Narrative,,亚历山大·冯·洪堡,Humboldt,,,batch3_source_refs,WL-TOPIC-G7-TRAVEL,NO_RELIABLE_MATCH,,,,,,,,,,,,REVIEW,,,无可靠深层匹配或版次年份与 first_publish_year 的 T 区间不稳定,ACTIVE_RANGE_SPANS_T:1784-1859:T2-T3,,,,,,,,
P2_EXTERNAL_MATCH_FRIENDLY,Riders of the Silences.md,WL-WORK-2317,Riders of the Silences,,马克斯·布兰德,Max Brand,,,batch6_source_refs,WL-TOPIC-Q15;WL-TOPIC-Q15-WESTERN,NO_RELIABLE_MATCH,,,,,,,,,,,,REVIEW,,,无可靠深层匹配或版次年份与 first_publish_year 的 T 区间不稳定,NO_BIRTH,,,,,,,,
P2_EXTERNAL_MATCH_FRIENDLY,"Rinaldo Rinaldini, the Robber Captain.md",WL-WORK-2319,"Rinaldo Rinaldini, the Robber Captain",,克里斯蒂安·奥古斯特·武尔皮乌斯,Christian August Vulpius,,,batch6_source_refs,WL-TOPIC-Q15;WL-TOPIC-Q15-OUTLAW,NO_RELIABLE_MATCH,,,,,,,,,,,,REVIEW,,,无可靠深层匹配或版次年份与 first_publish_year 的 T 区间不稳定,ACTIVE_RANGE_SPANS_T:1777-1827:T2-T3,,,,,,,,
P2_EXTERNAL_MATCH_FRIENDLY,Roman de Silence.md,WL-WORK-2331,Roman de Silence,,康沃尔的埃尔德里斯,Heldris of Cornwall,,,batch6_source_refs,WL-TOPIC-Q15;WL-TOPIC-Q15-KNIGHT,NO_RELIABLE_MATCH,,,,,,,,,,,,REVIEW,,,无可靠深层匹配或版次年份与 first_publish_year 的 T 区间不稳定,NO_BIRTH,,,,,,,,
P2_EXTERNAL_MATCH_FRIENDLY,Santos Vega o los mellizos de la Flor.md,WL-WORK-2337,Santos Vega o los mellizos de la Flor,,阿斯卡苏比,Ascasubi,,,batch6_source_refs,WL-TOPIC-Q15;WL-TOPIC-Q15-GAUCHO,NO_RELIABLE_MATCH,,,,,,,,,,,,REVIEW,,,无可靠深层匹配或版次年份与 first_publish_year 的 T 区间不稳定,NO_STRONG_MATCH:0.696,,,,,,,,
P2_EXTERNAL_MATCH_FRIENDLY,Santos Vega.md,WL-WORK-2336,Santos Vega,,拉斐尔·奥夫利加多,Obligado,,,batch6_source_refs,WL-TOPIC-Q15;WL-TOPIC-Q15-GAUCHO,NO_RELIABLE_MATCH,,,,,,,,,,,,REVIEW,,,无可靠深层匹配或版次年份与 first_publish_year 的 T 区间不稳定,NO_STRONG_MATCH:0.762,,,,,,,,
P2_EXTERNAL_MATCH_FRIENDLY,Segu.md,WL-WORK-0942,Segu,,玛丽斯·孔戴,Maryse Condé,,,batch2_source_refs,WL-TOPIC-G43-FAMILY,NO_RELIABLE_MATCH,,,,,,,,,,,,REVIEW,,,无可靠深层匹配或版次年份与 first_publish_year 的 T 区间不稳定,ACTIVE_RANGE_SPANS_T:1949-2024:T5-T6,,,,,,,,
P2_EXTERNAL_MATCH_FRIENDLY,Seth Jones.md,WL-WORK-2338,Seth Jones,,爱德华·S.埃利斯,Edward S. Ellis,,,batch6_source_refs,WL-TOPIC-Q15;WL-TOPIC-Q15-WESTERN,NO_RELIABLE_MATCH,,,,,,,,,,,,REVIEW,,,无可靠深层匹配或版次年份与 first_publish_year 的 T 区间不稳定,NO_BIRTH,,,,,,,,
P2_EXTERNAL_MATCH_FRIENDLY,Shadowland.md,WL-WORK-0518,Shadowland,,彼得·斯特劳布,Peter Straub,,,batch1_source_refs,WL-TOPIC-G45-HORROR,INTERNAL_CONFLICT,1980,T6,1980,T6,Shadowland,Peter Straub,/works/OL114303W,11,1980,2003,2.000,REVIEW,,,无可靠深层匹配或版次年份与 first_publish_year 的 T 区间不稳定,ACTIVE_RANGE_SPANS_T:1958-2026:T5-T6,,,,,,,,
P2_EXTERNAL_MATCH_FRIENDLY,Sinophagia／ A Celebration of Chinese Horror.md,WL-WORK-0519,Sinophagia: A Celebration of Chinese Horror,,倪雪婷,Xueting C. Ni,,,batch1_source_refs,WL-TOPIC-G45-HORROR,NO_RELIABLE_MATCH,,,,,,,,,,,,REVIEW,,,无可靠深层匹配或版次年份与 first_publish_year 的 T 区间不稳定,NO_BIRTH,,,,,,,,
P2_EXTERNAL_MATCH_FRIENDLY,Teatro Grottesco.md,WL-WORK-0522,Teatro Grottesco,,托马斯·利戈蒂,Ligotti,,,batch1_source_refs,WL-TOPIC-G45-HORROR,NO_RELIABLE_MATCH,,,,,,,,,,,,REVIEW,,,无可靠深层匹配或版次年份与 first_publish_year 的 T 区间不稳定,NO_STRONG_MATCH:0.778,,,,,,,,
P2_EXTERNAL_MATCH_FRIENDLY,Tell Me I'm Worthless.md,WL-WORK-0523,Tell Me I'm Worthless,,艾莉森·拉姆菲特,Alison Rumfitt,,,batch1_source_refs,WL-TOPIC-G45-HORROR,NO_RELIABLE_MATCH,,,,,,,,,,,,REVIEW,,,无可靠深层匹配或版次年份与 first_publish_year 的 T 区间不稳定,NO_BIRTH,,,,,,,,
P2_EXTERNAL_MATCH_FRIENDLY,Thaddeus of Warsaw.md,WL-WORK-0945,Thaddeus of Warsaw,,简·波特,Jane Porter,,,batch2_source_refs,WL-TOPIC-G44-HISTORICAL,INTERNAL_CONFLICT,1800,T3,1800,T3,Thaddeus of Warsaw,Jane Porter,/works/OL4078169W,36,1800,2020,2.000,REVIEW,,,无可靠深层匹配或版次年份与 first_publish_year 的 T 区间不稳定,ACTIVE_RANGE_SPANS_T:1790-1850:T2-T3,,,,,,,,
P2_EXTERNAL_MATCH_FRIENDLY,The Assassination of Jesse James.md,WL-WORK-2361,The Assassination of Jesse James...,,罗恩·汉森,Ron Hansen,,,batch6_source_refs,WL-TOPIC-Q15;WL-TOPIC-Q15-WESTERN;WL-TOPIC-Q15-OUTLAW,NO_RELIABLE_MATCH,,,,,,,,,,,,REVIEW,,,无可靠深层匹配或版次年份与 first_publish_year 的 T 区间不稳定,NO_BIRTH,,,,,,,,
P2_EXTERNAL_MATCH_FRIENDLY,The Brave Cowboy.md,WL-WORK-2367,The Brave Cowboy,,爱德华·艾比,Abbey,,,batch6_source_refs,WL-TOPIC-Q15;WL-TOPIC-Q15-WESTERN;WL-TOPIC-Q15-OUTLAW,NO_RELIABLE_MATCH,,,,,,,,,,,,REVIEW,,,无可靠深层匹配或版次年份与 first_publish_year 的 T 区间不稳定,NO_STRONG_MATCH:0.714,,,,,,,,
P2_EXTERNAL_MATCH_FRIENDLY,The Buccaneers of America.md,WL-WORK-2368,The Buccaneers of America,,亚历山大·埃斯克梅林,Alexandre Exquemelin,,,batch6_source_refs,WL-TOPIC-Q15;WL-TOPIC-Q15-PIRATE,NO_RELIABLE_MATCH,,,,,,,,,,,,REVIEW,,,无可靠深层匹配或版次年份与 first_publish_year 的 T 区间不稳定,NO_BIRTH,,,,,,,,
P2_EXTERNAL_MATCH_FRIENDLY,The City Inside.md,WL-WORK-0948,The City Inside,,萨米特·巴苏,Samit Basu,,,batch2_source_refs,WL-TOPIC-G46-DYSTOPIA,NO_RELIABLE_MATCH,,,,,,,,,,,,REVIEW,,,无可靠深层匹配或版次年份与 first_publish_year 的 T 区间不稳定,NO_BIRTH,,,,,,,,
P2_EXTERNAL_MATCH_FRIENDLY,The Corsair.md,WL-WORK-2373,The Corsair,,拜伦,Byron,,,batch6_source_refs,WL-TOPIC-Q15;WL-TOPIC-Q15-PIRATE,NO_RELIABLE_MATCH,,,,,,,,,,,,REVIEW,,,无可靠深层匹配或版次年份与 first_publish_year 的 T 区间不稳定,NO_STRONG_MATCH:0.833,,,,,,,,
P2_EXTERNAL_MATCH_FRIENDLY,The Dreaming & Other Essays.md,WL-WORK-1372,The Dreaming & Other Essays,,W.E.H.斯坦纳,W.E.H. Stanner,,,batch3_source_refs,WL-TOPIC-G1-MYTH,NO_RELIABLE_MATCH,,,,,,,,,,,,REVIEW,,,无可靠深层匹配或版次年份与 first_publish_year 的 T 区间不稳定,NO_BIRTH,,,,,,,,
P2_EXTERNAL_MATCH_FRIENDLY,The Elusive Pimpernel.md,WL-WORK-2378,The Elusive Pimpernel,,奥希兹男爵夫人,Baroness Orczy,,,batch6_source_refs,WL-TOPIC-Q15;WL-TOPIC-Q15-SWASHBUCKLER,NO_RELIABLE_MATCH,,,,,,,,,,,,REVIEW,,,无可靠深层匹配或版次年份与 first_publish_year 的 T 区间不稳定,NO_BIRTH,,,,,,,,
P2_EXTERNAL_MATCH_FRIENDLY,The Forging of a Rebel.md,WL-WORK-1988,The Forging of a Rebel,,阿图罗·巴雷亚,Arturo Barea,,,batch5_source_refs,WL-TOPIC-Q6-WAR,NO_RELIABLE_MATCH,,,,,,,,,,,,REVIEW,,,无可靠深层匹配或版次年份与 first_publish_year 的 T 区间不稳定,ACTIVE_RANGE_SPANS_T:1912-1957:T4-T5,,,,,,,,
P2_EXTERNAL_MATCH_FRIENDLY,The House of the Wolf.md,WL-WORK-2384,The House of the Wolf,,斯坦利·韦曼,Stanley Weyman,,,batch6_source_refs,WL-TOPIC-Q15;WL-TOPIC-Q15-SWASHBUCKLER,INTERNAL_CONFLICT,1890,T4,1890,T4,The house of the wolf,Stanley John Weymann,/works/OL6697785W,29,1890,2023,1.824,REVIEW,,,无可靠深层匹配或版次年份与 first_publish_year 的 T 区间不稳定,NO_BIRTH,,,,,,,,
P2_EXTERNAL_MATCH_FRIENDLY,The New Negro.md,WL-WORK-1543,The New Negro,,阿兰·洛克,Alain Locke 编,,,batch4_source_refs,WL-TOPIC-M3-MODERNISM,NO_RELIABLE_MATCH,,,,,,,,,,,,REVIEW,,,无可靠深层匹配或版次年份与 first_publish_year 的 T 区间不稳定,NO_STRONG_MATCH:0.000,,,,,,,,
P2_EXTERNAL_MATCH_FRIENDLY,The Old Patagonian Express.md,WL-WORK-1377,The Old Patagonian Express,,保罗·索鲁,Paul Theroux,,,batch3_source_refs,WL-TOPIC-G7-TRAVEL,NO_RELIABLE_MATCH,,,,,,,,,,,,REVIEW,,,无可靠深层匹配或版次年份与 first_publish_year 的 T 区间不稳定,ACTIVE_RANGE_SPANS_T:1956-2026:T5-T6,,,,,,,,
P2_EXTERNAL_MATCH_FRIENDLY,The Phantom Coach.md,WL-WORK-0543,The Phantom Coach,,阿梅莉亚·B.爱德华兹,Amelia B. Edwards,,,batch1_source_refs,WL-TOPIC-G45-HORROR,NO_RELIABLE_MATCH,,,,,,,,,,,,REVIEW,,,无可靠深层匹配或版次年份与 first_publish_year 的 T 区间不稳定,NO_BIRTH,,,,,,,,
P2_EXTERNAL_MATCH_FRIENDLY,The Purple Land.md,WL-WORK-2399,The Purple Land,,W.H.赫德森,Hudson,,,batch6_source_refs,WL-TOPIC-Q15;WL-TOPIC-Q15-GAUCHO,NO_RELIABLE_MATCH,,,,,,,,,,,,REVIEW,,,无可靠深层匹配或版次年份与 first_publish_year 的 T 区间不稳定,NO_STRONG_MATCH:0.857,,,,,,,,
P2_EXTERNAL_MATCH_FRIENDLY,The Pyrates.md,WL-WORK-2400,The Pyrates,,乔治·麦克唐纳·弗雷泽,解构,,,batch6_source_refs,WL-TOPIC-Q15;WL-TOPIC-Q15-SWASHBUCKLER,NO_RELIABLE_MATCH,,,,,,,,,,,,REVIEW,,,无可靠深层匹配或版次年份与 first_publish_year 的 T 区间不稳定,NO_STRONG_MATCH:0.000,,,,,,,,
P2_EXTERNAL_MATCH_FRIENDLY,The Six-Gun Tarot.md,WL-WORK-2407,The Six-Gun Tarot,,R.S.贝尔彻,R.S. Belcher,,,batch6_source_refs,WL-TOPIC-Q15;WL-TOPIC-Q15-WESTERN,NO_RELIABLE_MATCH,,,,,,,,,,,,REVIEW,,,无可靠深层匹配或版次年份与 first_publish_year 的 T 区间不稳定,NO_BIRTH,,,,,,,,
P2_EXTERNAL_MATCH_FRIENDLY,The Time It Never Rained.md,WL-WORK-2415,The Time It Never Rained,,埃尔默·凯尔顿,Kelton,,,batch6_source_refs,WL-TOPIC-Q15;WL-TOPIC-Q15-WESTERN,NO_RELIABLE_MATCH,,,,,,,,,,,,REVIEW,,,无可靠深层匹配或版次年份与 first_publish_year 的 T 区间不稳定,NO_STRONG_MATCH:0.706,,,,,,,,
P2_EXTERNAL_MATCH_FRIENDLY,The Underdogs ／ Los de abajo.md,WL-WORK-2416,The Underdogs / Los de abajo,,马里亚诺·阿苏埃拉,Mariano Azuela,,,batch6_source_refs,WL-TOPIC-Q15;WL-TOPIC-Q15-OUTLAW,NO_RELIABLE_MATCH,,,,,,,,,,,,REVIEW,,,无可靠深层匹配或版次年份与 first_publish_year 的 T 区间不稳定,NO_BIRTH,,,,,,,,
P2_EXTERNAL_MATCH_FRIENDLY,The Untamed.md,WL-WORK-2417,The Untamed,,马克斯·布兰德,Max Brand,,,batch6_source_refs,WL-TOPIC-Q15;WL-TOPIC-Q15-WESTERN,NO_RELIABLE_MATCH,,,,,,,,,,,,REVIEW,,,无可靠深层匹配或版次年份与 first_publish_year 的 T 区间不稳定,NO_BIRTH,,,,,,,,
P2_EXTERNAL_MATCH_FRIENDLY,This One Summer.md,WL-WORK-0954,This One Summer,,玉木真理子 / 吉莉安·玉木,Mariko & Jillian Tamaki,,,batch2_source_refs,WL-TOPIC-G43-BILDUNGSROMAN,NO_RELIABLE_MATCH,,,,,,,,,,,,REVIEW,,,无可靠深层匹配或版次年份与 first_publish_year 的 T 区间不稳定,MULTI_OR_EMPTY,,,,,,,,
P2_EXTERNAL_MATCH_FRIENDLY,Torto Arado.md,WL-WORK-1544,Torto Arado,,伊塔马尔·维埃拉·儒尼奥尔,乡村,,,batch4_source_refs,WL-TOPIC-R6-LATAM,NO_RELIABLE_MATCH,,,,,,,,,,,,REVIEW,,,无可靠深层匹配或版次年份与 first_publish_year 的 T 区间不稳定,NO_STRONG_MATCH:0.364,,,,,,,,
P2_EXTERNAL_MATCH_FRIENDLY,Tracks.md,WL-WORK-1384,Tracks,,罗宾·戴维森,Robyn Davidson,,,batch3_source_refs,WL-TOPIC-G7-TRAVEL,INTERNAL_CONFLICT,1980,T6,1980,T6,Tracks,Robyn Davidson,/works/OL15857436W,6,1980,1998,2.000,REVIEW,,,无可靠深层匹配或版次年份与 first_publish_year 的 T 区间不稳定,ACTIVE_RANGE_SPANS_T:1965-2026:T5-T6,,,,,,,,
P2_EXTERNAL_MATCH_FRIENDLY,Tristan.md,WL-WORK-2423,Tristan,,贝鲁尔,Béroul,,,batch6_source_refs,WL-TOPIC-Q15;WL-TOPIC-Q15-KNIGHT,NO_RELIABLE_MATCH,,,,,,,,,,,,REVIEW,,,无可靠深层匹配或版次年份与 first_publish_year 的 T 区间不稳定,NO_BIRTH,,,,,,,,
P2_EXTERNAL_MATCH_FRIENDLY,Uninhabited House.md,WL-WORK-0552,Uninhabited House,,夏洛特·里德尔,Charlotte Riddell,,,batch1_source_refs,WL-TOPIC-G45-HORROR,NO_RELIABLE_MATCH,,,,,,,,,,,,REVIEW,,,无可靠深层匹配或版次年份与 first_publish_year 的 T 区间不稳定,ACTIVE_RANGE_SPANS_T:1847-1906:T3-T4,,,,,,,,
P2_EXTERNAL_MATCH_FRIENDLY,Yoruba Myths.md,WL-WORK-1390,Yoruba Myths,,乌利·拜尔,Ulli Beier,,,batch3_source_refs,WL-TOPIC-G1-MYTH,INTERNAL_CONFLICT,1980,T6,1980,T6,Yoruba myths,Ulli Beier,/works/OL18258014W,1,1980,1980,2.000,REVIEW,,,无可靠深层匹配或版次年份与 first_publish_year 的 T 区间不稳定,ACTIVE_RANGE_SPANS_T:1937-2011:T4-T6,,,,,,,,
P2_EXTERNAL_MATCH_FRIENDLY,国王叙事诗.md,WL-WORK-2484,国王叙事诗,Idylls of the King,丁尼生,解构,,,batch6_source_refs,WL-TOPIC-Q15;WL-TOPIC-Q15-KNIGHT,NO_RELIABLE_MATCH,,,,,,,,,,,,REVIEW,,,无可靠深层匹配或版次年份与 first_publish_year 的 T 区间不稳定,NO_STRONG_MATCH:0.000,,,,,,,,
P2_EXTERNAL_MATCH_FRIENDLY,大鼻子情圣.md,WL-WORK-2497,大鼻子情圣,Cyrano de Bergerac,埃德蒙·罗斯丹,Edmond Rostand,,,batch6_source_refs,WL-TOPIC-Q15;WL-TOPIC-Q15-SWASHBUCKLER,INTERNAL_CONFLICT,1800,T3,1800,T3,Cyrano de Bergerac,Edmond Rostand,/works/OL42253444W,11,1800,1988,2.000,REVIEW,,,无可靠深层匹配或版次年份与 first_publish_year 的 T 区间不稳定,ACTIVE_RANGE_SPANS_T:1883-1918:T3-T4,,,,,,,,
P2_EXTERNAL_MATCH_FRIENDLY,强盗.md,WL-WORK-2520,强盗,Die Räuber,席勒,Schiller,,,batch6_source_refs,WL-TOPIC-Q15;WL-TOPIC-Q15-OUTLAW,NO_RELIABLE_MATCH,,,,,,,,,,,,REVIEW,,,无可靠深层匹配或版次年份与 first_publish_year 的 T 区间不稳定,ACTIVE_RANGE_SPANS_T:1774-1805:T2-T3,,,,,,,,
P2_EXTERNAL_MATCH_FRIENDLY,桶子.md,WL-WORK-0053,桶子,The Cask,弗里曼·克罗夫茨,Crofts,,,,WL-TOPIC-G45-MYSTERY,NO_RELIABLE_MATCH,,,,,,,,,,,,REVIEW,,,无可靠深层匹配或版次年份与 first_publish_year 的 T 区间不稳定,ACTIVE_RANGE_SPANS_T:1894-1957:T4-T5,,,,,,,,
P2_EXTERNAL_MATCH_FRIENDLY,永恒者.md,WL-WORK-0471,永恒者,El Eternauta,埃克托尔·赫尔曼·奥斯特尔德,Héctor Germán Oesterheld,,,,WL-TOPIC-G45-SF,NO_RELIABLE_MATCH,,,,,,,,,,,,REVIEW,,,无可靠深层匹配或版次年份与 first_publish_year 的 T 区间不稳定,ACTIVE_RANGE_SPANS_T:1934-1977:T4-T5,,,,,,,,
P2_EXTERNAL_MATCH_FRIENDLY,猎人.md,WL-WORK-0255,猎人,The Hunter,理查德·斯塔克,Richard Stark,,,,WL-TOPIC-G45-MYSTERY,NO_RELIABLE_MATCH,,,,,,,,,,,,REVIEW,,,无可靠深层匹配或版次年份与 first_publish_year 的 T 区间不稳定,NO_BIRTH,,,,,,,,
P2_EXTERNAL_MATCH_FRIENDLY,米夏埃尔·科尔哈斯.md,WL-WORK-2590,米夏埃尔·科尔哈斯,Michael Kohlhaas,克莱斯特,Kleist,,,batch6_source_refs,WL-TOPIC-Q15;WL-TOPIC-Q15-OUTLAW,NO_RELIABLE_MATCH,,,,,,,,,,,,REVIEW,,,无可靠深层匹配或版次年份与 first_publish_year 的 T 区间不稳定,ACTIVE_RANGE_SPANS_T:1792-1811:T2-T3,,,,,,,,
P2_EXTERNAL_MATCH_FRIENDLY,致命的宁静.md,WL-WORK-0138,致命的宁静,Still Life,路易丝·佩尼,Louise Penny,,,,WL-TOPIC-G45-MYSTERY,NO_RELIABLE_MATCH,,,,,,,,,,,,REVIEW,,,无可靠深层匹配或版次年份与 first_publish_year 的 T 区间不稳定,NO_BIRTH,,,,,,,,
P2_EXTERNAL_MATCH_FRIENDLY,苏格兰西部群岛之旅.md,WL-WORK-1500,苏格兰西部群岛之旅,A Journey to the Western Islands of Scotland,塞缪尔·约翰逊,Johnson,,,batch3_source_refs,WL-TOPIC-G7-TRAVEL,NO_RELIABLE_MATCH,,,,,,,,,,,,REVIEW,,,无可靠深层匹配或版次年份与 first_publish_year 的 T 区间不稳定,NO_BIRTH,,,,,,,,
P2_EXTERNAL_MATCH_FRIENDLY,赫布里底群岛旅行日记.md,WL-WORK-1509,赫布里底群岛旅行日记,The Journal of a Tour to the Hebrides,詹姆斯·鲍斯韦尔,Boswell,,,batch3_source_refs,WL-TOPIC-G7-TRAVEL,NO_RELIABLE_MATCH,,,,,,,,,,,,REVIEW,,,无可靠深层匹配或版次年份与 first_publish_year 的 T 区间不稳定,NO_BIRTH,,,,,,,,
P2_EXTERNAL_MATCH_FRIENDLY,野兽必须死.md,WL-WORK-0066,野兽必须死,The Beast Must Die,尼古拉斯·布莱克,Nicholas Blake,,,,WL-TOPIC-G45-MYSTERY,NO_RELIABLE_MATCH,,,,,,,,,,,,REVIEW,,,无可靠深层匹配或版次年份与 first_publish_year 的 T 区间不稳定,ACTIVE_RANGE_SPANS_T:1919-1972:T4-T5,,,,,,,,
P2_EXTERNAL_MATCH_FRIENDLY,青砥稿花红彩画.md,WL-WORK-2639,青砥稿花红彩画,Aoto Zōshi Hana no Nishiki-e,河竹默阿弥,日本,,,batch6_source_refs,WL-TOPIC-Q15;WL-TOPIC-Q15-OUTLAW,NO_RELIABLE_MATCH,,,,,,,,,,,,REVIEW,,,无可靠深层匹配或版次年份与 first_publish_year 的 T 区间不稳定,NO_STRONG_MATCH:0.571,,,,,,,,
P2_EXTERNAL_MATCH_FRIENDLY,驼背人.md,WL-WORK-2645,驼背人,Le Bossu,保罗·费瓦尔,复仇,,,batch6_source_refs,WL-TOPIC-Q15;WL-TOPIC-Q15-SWASHBUCKLER,NO_RELIABLE_MATCH,,,,,,,,,,,,REVIEW,,,无可靠深层匹配或版次年份与 first_publish_year 的 T 区间不稳定,NO_STRONG_MATCH:0.000,,,,,,,,
P2_EXTERNAL_MATCH_FRIENDLY,高卢的阿玛迪斯.md,WL-WORK-2648,高卢的阿玛迪斯,Amadís,加尔西·罗德里格斯·德·蒙塔尔沃,Garci Rodríguez de Montalvo,,,batch6_source_refs,WL-TOPIC-Q15;WL-TOPIC-Q15-KNIGHT,NO_RELIABLE_MATCH,,,,,,,,,,,,REVIEW,,,无可靠深层匹配或版次年份与 first_publish_year 的 T 区间不稳定,NO_BIRTH,,,,,,,,
P2_EXTERNAL_MATCH_FRIENDLY,麦地那与麦加朝圣记.md,WL-WORK-1521,麦地那与麦加朝圣记,Personal Narrative of a Pilgrimage to Al-Madinah and Meccah,理查德·伯顿,Burton,,,batch3_source_refs,WL-TOPIC-G7-TRAVEL,NO_RELIABLE_MATCH,,,,,,,,,,,,REVIEW,,,无可靠深层匹配或版次年份与 first_publish_year 的 T 区间不稳定,NO_STRONG_MATCH:0.750,,,,,,,,
