tier,file,id,title,title_original,author,author_original,canon_id,awards,source_ref_keys,topics,ol_year,ol_t,ol_title,ol_authors,wd_status,resolution_status,chosen_t,canonical_year_candidate,year_action,resolution_reason,wd_error
P2_EXTERNAL_MATCH_FRIENDLY,1914 and Other Poems.md,WL-WORK-1931,1914 and Other Poems,,鲁珀特·布鲁克,Rupert Brooke,,,batch5_source_refs,WL-TOPIC-Q6-WAR,1916,T4,1914 and other poems,Rupert Brooke,NO_RELIABLE_WORK_MATCH,REVIEW,,,LEAVE_BLANK,Wikidata 无可靠作品级 P577+P50 匹配,
P2_EXTERNAL_MATCH_FRIENDLY,A Bollywood Affair.md,WL-WORK-1932,A Bollywood Affair,,索纳利·德夫,Sonali Dev,,,batch5_source_refs,WL-TOPIC-Q2-LOVE,,,,,NO_MATCH,REVIEW,,,LEAVE_BLANK,Wikidata 无可靠作品级 P577+P50 匹配,
P2_EXTERNAL_MATCH_FRIENDLY,A Boy's Own Story.md,WL-WORK-0913,A Boy's Own Story,,埃德蒙·怀特,Edmund White,,,batch2_source_refs,WL-TOPIC-G43-BILDUNGSROMAN,1982,T6,A boy's own story,Edmund White,ERROR,REVIEW,,,LEAVE_BLANK,Wikidata 无可靠作品级 P577+P50 匹配,HTTPError
P2_EXTERNAL_MATCH_FRIENDLY,A Chegada de Lampião no Inferno.md,WL-WORK-2151,A Chegada de Lampião no Inferno,,何塞·帕切科,José Pacheco,,,batch6_source_refs,WL-TOPIC-Q15;WL-TOPIC-Q15-OUTLAW,,,,,NO_MATCH,REVIEW,,,LEAVE_BLANK,Wikidata 无可靠作品级 P577+P50 匹配,
P2_EXTERNAL_MATCH_FRIENDLY,A General History of the Pyrates.md,WL-WORK-2152,A General History of the Pyrates,,查尔斯·约翰逊船长,Captain Charles Johnson,,,batch6_source_refs,WL-TOPIC-Q15;WL-TOPIC-Q15-PIRATE,1925,T4,A General History of the Pyrates,Captain Charles Johnson;Daniel Defoe;Nathaniel Mist;Woodes Rogers;John Atkins;Philip Gosse,NO_RELIABLE_WORK_MATCH,REVIEW,,,LEAVE_BLANK,Wikidata 无可靠作品级 P577+P50 匹配,
P2_EXTERNAL_MATCH_FRIENDLY,A Gentleman of France.md,WL-WORK-2153,A Gentleman of France,,斯坦利·韦曼,Stanley Weyman,,,batch6_source_refs,WL-TOPIC-Q15;WL-TOPIC-Q15-SWASHBUCKLER,,,A gentleman of France,Stanley John Weymann,ERROR,REVIEW,,,LEAVE_BLANK,Wikidata 无可靠作品级 P577+P50 匹配,HTTPError
P2_EXTERNAL_MATCH_FRIENDLY,A Head Full of Ghosts.md,WL-WORK-0489,A Head Full of Ghosts,,保罗·特朗布莱,Paul Tremblay,,,batch1_source_refs,WL-TOPIC-G45-HORROR,,,A Head Full of Ghosts: A Novel,Paul Tremblay,ERROR,REVIEW,,,LEAVE_BLANK,Wikidata 无可靠作品级 P577+P50 匹配,HTTPError
P2_EXTERNAL_MATCH_FRIENDLY,A Hunger Like No Other.md,WL-WORK-1934,A Hunger Like No Other,,克雷斯莉·科尔,Kresley Cole,,,batch5_source_refs,WL-TOPIC-Q2-LOVE,2011,T6,"A Hunger Like No Other, 2",Kresley Cole;Robert Petkoff,ERROR,REVIEW,,,LEAVE_BLANK,Wikidata 无可靠作品级 P577+P50 匹配,HTTPError
P2_EXTERNAL_MATCH_FRIENDLY,A Knight's Own Book of Chivalry.md,WL-WORK-2155,A Knight's Own Book of Chivalry,,若弗鲁瓦·德·沙尔尼,Geoffroi de Charny,,,batch6_source_refs,WL-TOPIC-Q15;WL-TOPIC-Q15-KNIGHT,,,A knight's own book of chivalry : Geoffroi De Charny,Geoffroi de Charny,ERROR,REVIEW,,,LEAVE_BLANK,Wikidata 无可靠作品级 P577+P50 匹配,HTTPError
P2_EXTERNAL_MATCH_FRIENDLY,A Lady's Life in the Rocky Mountains.md,WL-WORK-1342,A Lady's Life in the Rocky Mountains,,伊莎贝拉·伯德,Isabella Bird,,,batch3_source_refs,WL-TOPIC-G7-TRAVEL,1879,T3,A lady's life in the Rocky Mountains,Isabella L. Bird,ERROR,REVIEW,,,LEAVE_BLANK,Wikidata 无可靠作品级 P577+P50 匹配,HTTPError
P2_EXTERNAL_MATCH_FRIENDLY,A Long Way Gone.md,WL-WORK-1935,A Long Way Gone,,伊斯梅尔·比亚,Ishmael Beah,,,batch5_source_refs,WL-TOPIC-Q6-WAR,2007,T6,A Long Way Gone,Ishmael Beah,ERROR,REVIEW,,,LEAVE_BLANK,Wikidata 无可靠作品级 P577+P50 匹配,HTTPError
P2_EXTERNAL_MATCH_FRIENDLY,A Man Called Horse.md,WL-WORK-2156,A Man Called Horse,,多萝西·M.约翰逊,Dorothy M. Johnson,,,batch6_source_refs,WL-TOPIC-Q15;WL-TOPIC-Q15-WESTERN,,,,,ERROR,REVIEW,,,LEAVE_BLANK,Wikidata 无可靠作品级 P577+P50 匹配,HTTPError
P2_EXTERNAL_MATCH_FRIENDLY,A New Voyage Round the World.md,WL-WORK-0490,A New Voyage Round the World,,威廉·丹皮尔,William Dampier,,,batch1_source_refs;batch6_source_refs,WL-TOPIC-G45-ADVENTURE;WL-TOPIC-Q15;WL-TOPIC-Q15-PIRATE,1697,T2,A New Voyage Round the World,William Dampier;Nicholas Thomas,ERROR,REVIEW,,,LEAVE_BLANK,Wikidata 无可靠作品级 P577+P50 匹配,HTTPError
P2_EXTERNAL_MATCH_FRIENDLY,A Princess in Theory.md,WL-WORK-1936,A Princess in Theory,,艾莉莎·科尔,Alyssa Cole,,,batch5_source_refs,WL-TOPIC-Q2-LOVE,2018,T6,A princess in theory,Alyssa cole,ERROR,REVIEW,,,LEAVE_BLANK,Wikidata 无可靠作品级 P577+P50 匹配,HTTPError
P2_EXTERNAL_MATCH_FRIENDLY,A Rumor of War.md,WL-WORK-1937,A Rumor of War,,菲利普·卡普托,Philip Caputo,,,batch5_source_refs,WL-TOPIC-Q6-WAR,1977,T5,A rumor of war,Philip Caputo,ERROR,REVIEW,,,LEAVE_BLANK,Wikidata 无可靠作品级 P577+P50 匹配,HTTPError
P2_EXTERNAL_MATCH_FRIENDLY,A Small Place.md,WL-WORK-1343,A Small Place,,牙买加·金凯德,Jamaica Kincaid,,,batch3_source_refs,WL-TOPIC-G7-TRAVEL,1988,T6,A small place,Jamaica Kincaid;Robin Miles,ERROR,REVIEW,,,LEAVE_BLANK,Wikidata 无可靠作品级 P577+P50 匹配,HTTPError
P2_EXTERNAL_MATCH_FRIENDLY,A Time of Gifts.md,WL-WORK-1344,A Time of Gifts,,帕特里克·利·弗莫尔,Patrick Leigh Fermor,,,batch3_source_refs,WL-TOPIC-G7-TRAVEL,1977,T5,A Time of Gifts,Patrick Leigh Fermor,ERROR,REVIEW,,,LEAVE_BLANK,Wikidata 无可靠作品级 P577+P50 匹配,HTTPError
P2_EXTERNAL_MATCH_FRIENDLY,A Woman's Journey Round the World.md,WL-WORK-1345,A Woman's Journey Round the World,,伊达·普费弗尔,Ida Pfeiffer,,,batch3_source_refs,WL-TOPIC-G7-TRAVEL,1852,T3,A Woman's Journey Round the World,Ida Pfeiffer,ERROR,REVIEW,,,LEAVE_BLANK,Wikidata 无可靠作品级 P577+P50 匹配,HTTPError
P2_EXTERNAL_MATCH_FRIENDLY,Agents of Dreamland.md,WL-WORK-0491,Agents of Dreamland,,凯特琳·R.基尔南,Kiernan,,,batch1_source_refs,WL-TOPIC-G45-HORROR,,,Agents of Dreamland,Caitlín R. Kiernan,ERROR,REVIEW,,,LEAVE_BLANK,Wikidata 无可靠作品级 P577+P50 匹配,HTTPError
P2_EXTERNAL_MATCH_FRIENDLY,Almanac of the Dead.md,WL-WORK-2159,Almanac of the Dead,,莱斯利·马蒙·西尔科,Leslie Marmon Silko,,,batch6_source_refs,WL-TOPIC-Q15;WL-TOPIC-Q15-WESTERN,,,Almanac of the Dead,Leslie Silko,ERROR,REVIEW,,,LEAVE_BLANK,Wikidata 无可靠作品级 P577+P50 匹配,HTTPError
P2_EXTERNAL_MATCH_FRIENDLY,Always Only You.md,WL-WORK-1939,Always Only You,,克洛伊·利泽,Chloe Liese,,,batch5_source_refs,WL-TOPIC-Q2-LOVE,2020,T6,Always Only You,Chloe Liese,ERROR,REVIEW,,,LEAVE_BLANK,Wikidata 无可靠作品级 P577+P50 匹配,HTTPError
P2_EXTERNAL_MATCH_FRIENDLY,Ambiguity Machines and Other Stories.md,WL-WORK-0477,Ambiguity Machines and Other Stories,,万达娜·辛格,Vandana Singh,,,,WL-TOPIC-G45-SF,,,,,ERROR,REVIEW,,,LEAVE_BLANK,Wikidata 无可靠作品级 P577+P50 匹配,HTTPError
P2_EXTERNAL_MATCH_FRIENDLY,America Is in the Heart.md,WL-WORK-0914,America Is in the Heart,,卡洛斯·布洛桑,Carlos Bulosan,,,batch2_source_refs,WL-TOPIC-G43-BILDUNGSROMAN,1946,T5,America is in the heart,Carlos Bulosan,ERROR,REVIEW,,,LEAVE_BLANK,Wikidata 无可靠作品级 P577+P50 匹配,HTTPError
P2_EXTERNAL_MATCH_FRIENDLY,American Indian Myths and Legends.md,WL-WORK-1346,American Indian Myths and Legends,,理查德·厄尔多斯 / 阿方索·奥尔蒂斯,Richard Erdoes / Alfonso Ortiz,,,batch3_source_refs,WL-TOPIC-G1-MYTH,,,American Indian Myths and Legends,Richard Erdoes;Alfonso Ortiz,ERROR,REVIEW,,,LEAVE_BLANK,Wikidata 无可靠作品级 P577+P50 匹配,HTTPError
P2_EXTERNAL_MATCH_FRIENDLY,An African in Greenland.md,WL-WORK-1347,An African in Greenland,,托戈·科波马西,Kpomassie,,,batch3_source_refs,WL-TOPIC-G7-TRAVEL,,,An African in Greenland,"Tete-Michel Kpomassie;Alvarez, A.",ERROR,REVIEW,,,LEAVE_BLANK,Wikidata 无可靠作品级 P577+P50 匹配,HTTPError
P2_EXTERNAL_MATCH_FRIENDLY,Aniceto el Gallo.md,WL-WORK-2160,Aniceto el Gallo,,阿斯卡苏比,Hilario Ascasubi,,,batch6_source_refs,WL-TOPIC-Q15;WL-TOPIC-Q15-GAUCHO,2023,T6,Aniceto el Gallo,Hilario Ascasubi,ERROR,REVIEW,,,LEAVE_BLANK,Wikidata 无可靠作品级 P577+P50 匹配,HTTPError
P2_EXTERNAL_MATCH_FRIENDLY,Anton Reiser.md,WL-WORK-0915,Anton Reiser,,卡尔·菲利普·莫里茨,Karl Philipp Moritz,,,batch2_source_refs,WL-TOPIC-G43-BILDUNGSROMAN,1886,T3,Anton Reiser,Karl Philipp Moritz,ERROR,REVIEW,,,LEAVE_BLANK,Wikidata 无可靠作品级 P577+P50 匹配,HTTPError
P2_EXTERNAL_MATCH_FRIENDLY,Arabian Sands.md,WL-WORK-1349,Arabian Sands,,威尔弗雷德·塞西格,Wilfred Thesiger,,,batch3_source_refs,WL-TOPIC-G7-TRAVEL,1959,T5,Arabian sands,Wilfred Thesiger,ERROR,REVIEW,,,LEAVE_BLANK,Wikidata 无可靠作品级 P577+P50 匹配,HTTPError
P2_EXTERNAL_MATCH_FRIENDLY,"Astucia, el jefe de los Hermanos de la Hoja.md",WL-WORK-2164,"Astucia, el jefe de los Hermanos de la Hoja",Astucia,路易斯·G.因克兰,Luis G. Inclán,,,batch6_source_refs,WL-TOPIC-Q15;WL-TOPIC-Q15-OUTLAW,,,Astucia,Luis Gonzaga Inclán,ERROR,REVIEW,,,LEAVE_BLANK,Wikidata 无可靠作品级 P577+P50 匹配,HTTPError
P2_EXTERNAL_MATCH_FRIENDLY,Auschwitz and After.md,WL-WORK-1941,Auschwitz and After,,夏洛特·德尔博,Charlotte Delbo,,,batch5_source_refs,WL-TOPIC-Q6-WAR,1997,T6,Auschwitz and after,Charlotte Delbo,ERROR,REVIEW,,,LEAVE_BLANK,Wikidata 无可靠作品级 P577+P50 匹配,HTTPError
P2_EXTERNAL_MATCH_FRIENDLY,Ayesha at Last.md,WL-WORK-1942,Ayesha at Last,,乌兹玛·贾拉勒丁,Uzma Jalaluddin,,,batch5_source_refs,WL-TOPIC-Q2-LOVE,2018,T6,Ayesha At Last,Uzma Jalaluddin,ERROR,REVIEW,,,LEAVE_BLANK,Wikidata 无可靠作品级 P577+P50 匹配,HTTPError
P2_EXTERNAL_MATCH_FRIENDLY,A代表不在场证明.md,WL-WORK-0095,A代表不在场证明,A Is for Alibi,苏·格拉夫顿,Sue Grafton,,,,WL-TOPIC-G45-MYSTERY,1982,T6,"""A"" is for Alibi",Sue Grafton,ERROR,REVIEW,,,LEAVE_BLANK,Wikidata 无可靠作品级 P577+P50 匹配,HTTPError
P2_EXTERNAL_MATCH_FRIENDLY,Banalata Sen.md,WL-WORK-1524,Banalata Sen,,吉巴纳南达·达斯,Jibanananda Das,,,batch4_source_refs,WL-TOPIC-M3-MODERNISM,1962,T5,Banalata Sen,Jibanananda Das,ERROR,REVIEW,,,LEAVE_BLANK,Wikidata 无可靠作品级 P577+P50 匹配,HTTPError
P2_EXTERNAL_MATCH_FRIENDLY,Bar-20.md,WL-WORK-2166,Bar-20,,克拉伦斯·E.马尔福德,Clarence E. Mulford,,,batch6_source_refs,WL-TOPIC-Q15;WL-TOPIC-Q15-WESTERN,,,Bar-20,Clarence Edward Mulford;Robert Banis,ERROR,REVIEW,,,LEAVE_BLANK,Wikidata 无可靠作品级 P577+P50 匹配,HTTPError
P2_EXTERNAL_MATCH_FRIENDLY,Beach Read.md,WL-WORK-1944,Beach Read,,埃米莉·亨利,Emily Henry,,,batch5_source_refs,WL-TOPIC-Q2-LOVE,2020,T6,Beach Read,Emily Henry,ERROR,REVIEW,,,LEAVE_BLANK,Wikidata 无可靠作品级 P577+P50 匹配,HTTPError
P2_EXTERNAL_MATCH_FRIENDLY,Before I Let Go.md,WL-WORK-1945,Before I Let Go,,肯尼迪·瑞安,Kennedy Ryan,,,batch5_source_refs,WL-TOPIC-Q2-LOVE,2022,T6,Before I Let Go,Kennedy Ryan,ERROR,REVIEW,,,LEAVE_BLANK,Wikidata 无可靠作品级 P577+P50 匹配,HTTPError
P2_EXTERNAL_MATCH_FRIENDLY,Before She Sleeps.md,WL-WORK-0916,Before She Sleeps,,比娜·沙阿,Bina Shah,,,batch2_source_refs,WL-TOPIC-G46-DYSTOPIA,2018,T6,Before she sleeps,Bina Shah,ERROR,REVIEW,,,LEAVE_BLANK,Wikidata 无可靠作品级 P577+P50 匹配,HTTPError
P2_EXTERNAL_MATCH_FRIENDLY,Beirut Blues.md,WL-WORK-1946,Beirut Blues,,哈南·谢赫,Hanan al-Shaykh,,,batch5_source_refs,WL-TOPIC-Q6-WAR,1995,T6,Beirut blues,Ḥanān Shaykh,ERROR,REVIEW,,,LEAVE_BLANK,Wikidata 无可靠作品级 P577+P50 匹配,HTTPError
P2_EXTERNAL_MATCH_FRIENDLY,Bet Me.md,WL-WORK-1947,Bet Me,,珍妮弗·克鲁西,Jennifer Crusie,,,batch5_source_refs,WL-TOPIC-Q2-LOVE,2004,T6,Bet me,Jennifer Crusie,ERROR,REVIEW,,,LEAVE_BLANK,Wikidata 无可靠作品级 P577+P50 匹配,HTTPError
P2_EXTERNAL_MATCH_FRIENDLY,Between the Woods and the Water.md,WL-WORK-1350,Between the Woods and the Water,,帕特里克·利·弗莫尔,Patrick Leigh Fermor,,,batch3_source_refs,WL-TOPIC-G7-TRAVEL,1986,T6,Between the Woods and the Water,Patrick Leigh Fermor,ERROR,REVIEW,,,LEAVE_BLANK,Wikidata 无可靠作品级 P577+P50 匹配,HTTPError
P2_EXTERNAL_MATCH_FRIENDLY,Big Rock Candy Mountain.md,WL-WORK-2171,Big Rock Candy Mountain,,华莱士·斯特格纳,Wallace Stegner,,,batch6_source_refs,WL-TOPIC-Q15;WL-TOPIC-Q15-WESTERN,2013,T6,Big Rock Candy Mountain,Wallace Stegner,ERROR,REVIEW,,,LEAVE_BLANK,Wikidata 无可靠作品级 P577+P50 匹配,HTTPError
P2_EXTERNAL_MATCH_FRIENDLY,"Bless Me, Ultima.md",WL-WORK-2174,"Bless Me, Ultima",,鲁道夫·阿纳亚,Rudolfo Anaya,,,batch6_source_refs,WL-TOPIC-Q15;WL-TOPIC-Q15-WESTERN,1972,T5,"Bless Me, Ultima",Rudolfo A. Anaya;Rudolfo Anaya;Ruben Anaya;Rudolfo A Anaya,ERROR,REVIEW,,,LEAVE_BLANK,Wikidata 无可靠作品级 P577+P50 匹配,HTTPError
P2_EXTERNAL_MATCH_FRIENDLY,Book Lovers.md,WL-WORK-1949,Book Lovers,,埃米莉·亨利,Emily Henry,,,batch5_source_refs,WL-TOPIC-Q2-LOVE,2022,T6,Book Lovers,Emily Henry,ERROR,REVIEW,,,LEAVE_BLANK,Wikidata 无可靠作品级 P577+P50 匹配,HTTPError
P2_EXTERNAL_MATCH_FRIENDLY,Borderlands ／ La Frontera.md,WL-WORK-2175,Borderlands / La Frontera,,格洛丽亚·安扎尔杜亚,Gloria Anzaldúa,,,batch6_source_refs,WL-TOPIC-Q15;WL-TOPIC-Q15-WESTERN,1987,T6,Borderlands/La Frontera,Gloria Anzaldúa,ERROR,REVIEW,,,LEAVE_BLANK,Wikidata 无可靠作品级 P577+P50 匹配,HTTPError
P2_EXTERNAL_MATCH_FRIENDLY,Boyfriend Material.md,WL-WORK-1950,Boyfriend Material,,亚历克西斯·霍尔,Alexis Hall,,,batch5_source_refs,WL-TOPIC-Q2-LOVE,2020,T6,Boyfriend Material,Alexis Hall,ERROR,REVIEW,,,LEAVE_BLANK,Wikidata 无可靠作品级 P577+P50 匹配,HTTPError
P2_EXTERNAL_MATCH_FRIENDLY,Bread Givers.md,WL-WORK-0917,Bread Givers,,安齐娅·叶济尔斯卡,Anzia Yezierska,,,batch2_source_refs,WL-TOPIC-G43-BILDUNGSROMAN,1925,T4,Bread givers,Anzia Yezierska,ERROR,REVIEW,,,LEAVE_BLANK,Wikidata 无可靠作品级 P577+P50 匹配,HTTPError
P2_EXTERNAL_MATCH_FRIENDLY,Buffalo Wagons.md,WL-WORK-2177,Buffalo Wagons,,埃尔默·凯尔顿,Elmer Kelton,,,batch6_source_refs,WL-TOPIC-Q15;WL-TOPIC-Q15-WESTERN,1957,T5,Buffalo Wagons,Elmer Kelton,ERROR,REVIEW,,,LEAVE_BLANK,Wikidata 无可靠作品级 P577+P50 匹配,HTTPError
P2_EXTERNAL_MATCH_FRIENDLY,Bugles in the Afternoon.md,WL-WORK-2178,Bugles in the Afternoon,,欧内斯特·海科克斯,Ernest Haycox,,,batch6_source_refs,WL-TOPIC-Q15;WL-TOPIC-Q15-WESTERN,1944,T4,Bugles in the afternoon,Ernest Haycox,ERROR,REVIEW,,,LEAVE_BLANK,Wikidata 无可靠作品级 P577+P50 匹配,HTTPError
P2_EXTERNAL_MATCH_FRIENDLY,Burnt Offerings.md,WL-WORK-0494,Burnt Offerings,,罗伯特·马拉斯科,Robert Marasco,,,batch1_source_refs,WL-TOPIC-G45-HORROR,1973,T5,Burnt offerings,Robert Marasco,ERROR,REVIEW,,,LEAVE_BLANK,Wikidata 无可靠作品级 P577+P50 匹配,HTTPError
P2_EXTERNAL_MATCH_FRIENDLY,Butcher's Crossing.md,WL-WORK-2179,Butcher's Crossing,,约翰·威廉斯,John Williams,,,batch6_source_refs,WL-TOPIC-Q15;WL-TOPIC-Q15-WESTERN,1960,T5,Butcher's Crossing,John Williams,ERROR,REVIEW,,,LEAVE_BLANK,Wikidata 无可靠作品级 P577+P50 匹配,HTTPError
P2_EXTERNAL_MATCH_FRIENDLY,Cancioneiro Guasca.md,WL-WORK-2180,Cancioneiro Guasca,,西蒙斯·洛佩斯·内托,Simões Lopes Neto,,,batch6_source_refs,WL-TOPIC-Q15;WL-TOPIC-Q15-GAUCHO,1910,T4,Cancioneiro guasca,J. Simões Lopes Neto,ERROR,REVIEW,,,LEAVE_BLANK,Wikidata 无可靠作品级 P577+P50 匹配,HTTPError
P2_EXTERNAL_MATCH_FRIENDLY,Cangaceiros.md,WL-WORK-2181,Cangaceiros,,若泽·林斯·多雷戈,巴西,,,batch6_source_refs,WL-TOPIC-Q15;WL-TOPIC-Q15-OUTLAW,,,,,ERROR,REVIEW,,,LEAVE_BLANK,Wikidata 无可靠作品级 P577+P50 匹配,HTTPError
P2_EXTERNAL_MATCH_FRIENDLY,Casos do Romualdo.md,WL-WORK-2183,Casos do Romualdo,,西蒙斯·洛佩斯·内托,Simões Lopes Neto,,,batch6_source_refs,WL-TOPIC-Q15;WL-TOPIC-Q15-GAUCHO,1952,T5,Casos do Romualdo,J. Simões Lopes Neto,ERROR,REVIEW,,,LEAVE_BLANK,Wikidata 无可靠作品级 P577+P50 匹配,HTTPError
P2_EXTERNAL_MATCH_FRIENDLY,Ceremony.md,WL-WORK-0918,Ceremony,,莱斯利·马蒙·西尔科,Leslie Marmon Silko,,,batch2_source_refs;batch6_source_refs,WL-TOPIC-G44-HISTORICAL;WL-TOPIC-Q15;WL-TOPIC-Q15-WESTERN,1977,T5,Ceremony,Leslie Silko;Silko;Leslie Marmon Silko,ERROR,REVIEW,,,LEAVE_BLANK,Wikidata 无可靠作品级 P577+P50 匹配,HTTPError
P2_EXTERNAL_MATCH_FRIENDLY,Certain Dark Things.md,WL-WORK-0495,Certain Dark Things,,西尔维娅·莫雷诺-加西亚,Silvia Moreno-Garcia,,,batch1_source_refs,WL-TOPIC-G45-HORROR,2016,T6,Certain Dark Things,Silvia Moreno-Garcia,ERROR,REVIEW,,,LEAVE_BLANK,Wikidata 无可靠作品级 P577+P50 匹配,HTTPError
P2_EXTERNAL_MATCH_FRIENDLY,"Changó, el gran putas.md",WL-WORK-1525,"Changó, el gran putas",,曼努埃尔·萨帕塔·奥利韦利亚,Afro-Latin史诗性书写,,,batch4_source_refs,WL-TOPIC-R6-LATAM,,,,,ERROR,REVIEW,,,LEAVE_BLANK,Wikidata 无可靠作品级 P577+P50 匹配,HTTPError
P2_EXTERNAL_MATCH_FRIENDLY,Cielitos.md,WL-WORK-2184,Cielitos,,巴托洛梅·伊达尔戈,Hidalgo,,,batch6_source_refs,WL-TOPIC-Q15;WL-TOPIC-Q15-GAUCHO,,,Cielitos  por Bartolomé Hidalgo,Bartolomé Hidalgo,ERROR,REVIEW,,,LEAVE_BLANK,Wikidata 无可靠作品级 P577+P50 匹配,HTTPError
P2_EXTERNAL_MATCH_FRIENDLY,Cockfight.md,WL-WORK-0496,Cockfight,,玛丽亚·费尔南达·安普埃罗,María Fernanda Ampuero,,,batch1_source_refs,WL-TOPIC-G45-HORROR,,,,,ERROR,REVIEW,,,LEAVE_BLANK,Wikidata 无可靠作品级 P577+P50 匹配,HTTPError
P2_EXTERNAL_MATCH_FRIENDLY,"Cogewea, the Half-Blood.md",WL-WORK-2188,"Cogewea, the Half-Blood",,哀鸽,Mourning Dove,,,batch6_source_refs,WL-TOPIC-Q15;WL-TOPIC-Q15-WESTERN,1927,T4,"Co-ge-we-a, the half blood",Mourning Dove,ERROR,REVIEW,,,LEAVE_BLANK,Wikidata 无可靠作品级 P577+P50 匹配,HTTPError
P2_EXTERNAL_MATCH_FRIENDLY,Cogewea.md,WL-WORK-2187,Cogewea,,哀鸽,Mourning Dove,,,batch6_source_refs,WL-TOPIC-Q15;WL-TOPIC-Q15-WESTERN,,,"Co-ge-we-a, the half blood",Mourning Dove,ERROR,REVIEW,,,LEAVE_BLANK,Wikidata 无可靠作品级 P577+P50 匹配,HTTPError
P2_EXTERNAL_MATCH_FRIENDLY,Color.md,WL-WORK-1527,Color,,康蒂·卡伦,Countee Cullen,,,batch4_source_refs,WL-TOPIC-M3-MODERNISM,1969,T5,Color,Countee Cullen,ERROR,REVIEW,,,LEAVE_BLANK,Wikidata 无可靠作品级 P577+P50 匹配,HTTPError
P2_EXTERNAL_MATCH_FRIENDLY,Contos Gauchescos.md,WL-WORK-2190,Contos Gauchescos,,西蒙斯·洛佩斯·内托,Simões Lopes Neto,,,batch6_source_refs,WL-TOPIC-Q15;WL-TOPIC-Q15-GAUCHO,1983,T6,Contos gauchescos,J. Simões Lopes Neto,ERROR,REVIEW,,,LEAVE_BLANK,Wikidata 无可靠作品级 P577+P50 匹配,HTTPError
P2_EXTERNAL_MATCH_FRIENDLY,Count Hannibal.md,WL-WORK-2192,Count Hannibal,,斯坦利·韦曼,Stanley Weyman,,,batch6_source_refs,WL-TOPIC-Q15;WL-TOPIC-Q15-SWASHBUCKLER,2016,T6,Count Hannibal,Stanley . Weyman,ERROR,REVIEW,,,LEAVE_BLANK,Wikidata 无可靠作品级 P577+P50 匹配,HTTPError
P2_EXTERNAL_MATCH_FRIENDLY,Cowboy Songs and Other Frontier Ballads.md,WL-WORK-2193,Cowboy Songs and Other Frontier Ballads,,约翰·A.洛马克斯,John A. Lomax,,,batch6_source_refs,WL-TOPIC-Q15;WL-TOPIC-Q15-WESTERN,1925,T4,Cowboy Songs and other frontier ballads,John A. Lomax,ERROR,REVIEW,,,LEAVE_BLANK,Wikidata 无可靠作品级 P577+P50 匹配,HTTPError
P2_EXTERNAL_MATCH_FRIENDLY,Cracking India.md,WL-WORK-0919,Cracking India,,巴普西·西德瓦,Bapsi Sidhwa,,,batch2_source_refs,WL-TOPIC-G44-HISTORICAL,1991,T6,Cracking India,Bapsi Sidhwa,ERROR,REVIEW,,,LEAVE_BLANK,Wikidata 无可靠作品级 P577+P50 匹配,HTTPError
P2_EXTERNAL_MATCH_FRIENDLY,"Dark Continent, My Black Arse.md",WL-WORK-1353,"Dark Continent, My Black Arse",,西赫勒·库马洛,Sihle Khumalo,,,batch3_source_refs,WL-TOPIC-G7-TRAVEL,2007,T6,"Dark continent, my black arse",Sihle Khumalo,ERROR,REVIEW,,,LEAVE_BLANK,Wikidata 无可靠作品级 P577+P50 匹配,HTTPError
P2_EXTERNAL_MATCH_FRIENDLY,Dark Fire.md,WL-WORK-0921,Dark Fire,,C.J.桑瑟姆,C.J. Sansom,,,batch2_source_refs,WL-TOPIC-G44-HISTORICAL,2001,T6,Dark fire,C. J. Sansom,ERROR,REVIEW,,,LEAVE_BLANK,Wikidata 无可靠作品级 P577+P50 匹配,HTTPError
P2_EXTERNAL_MATCH_FRIENDLY,Dark Lover.md,WL-WORK-1952,Dark Lover,,J.R.沃德,J.R. Ward,,,batch5_source_refs,WL-TOPIC-Q2-LOVE,2005,T6,Dark Lover,J. R. Ward,ERROR,REVIEW,,,LEAVE_BLANK,Wikidata 无可靠作品级 P577+P50 匹配,HTTPError
P2_EXTERNAL_MATCH_FRIENDLY,Dead in the West.md,WL-WORK-2196,Dead in the West,,乔·R.兰斯代尔,Joe R. Lansdale,,,batch6_source_refs,WL-TOPIC-Q15;WL-TOPIC-Q15-WESTERN,1986,T6,Dead in the West,Joe R. Lansdale,ERROR,REVIEW,,,LEAVE_BLANK,Wikidata 无可靠作品级 P577+P50 匹配,HTTPError
P2_EXTERNAL_MATCH_FRIENDLY,Delilah Green Doesn't Care.md,WL-WORK-1953,Delilah Green Doesn't Care,,阿什莉·赫林·布莱克,Ashley Herring Blake,,,batch5_source_refs,WL-TOPIC-Q2-LOVE,2022,T6,Delilah Green Doesn't Care,Ashley Herring Blake,ERROR,REVIEW,,,LEAVE_BLANK,Wikidata 无可靠作品级 P577+P50 匹配,HTTPError
P2_EXTERNAL_MATCH_FRIENDLY,Delirium.md,WL-WORK-0922,Delirium,,劳伦·奥利弗,Lauren Oliver,,,batch2_source_refs,WL-TOPIC-G46-DYSTOPIA,2011,T6,Delirium,Lauren Oliver,ERROR,REVIEW,,,LEAVE_BLANK,Wikidata 无可靠作品级 P577+P50 匹配,HTTPError
P2_EXTERNAL_MATCH_FRIENDLY,Desert Solitaire.md,WL-WORK-2199,Desert Solitaire,,爱德华·艾比,Edward Abbey,,,batch6_source_refs,WL-TOPIC-Q15;WL-TOPIC-Q15-WESTERN,1968,T5,Desert solitaire,Edward Abbey,ERROR,REVIEW,,,LEAVE_BLANK,Wikidata 无可靠作品级 P577+P50 匹配,HTTPError
P2_EXTERNAL_MATCH_FRIENDLY,Destry Rides Again.md,WL-WORK-2200,Destry Rides Again,,马克斯·布兰德,Max Brand,,,batch6_source_refs,WL-TOPIC-Q15;WL-TOPIC-Q15-WESTERN,,,Destry Rides Again,Frederick Faust,ERROR,REVIEW,,,LEAVE_BLANK,Wikidata 无可靠作品级 P577+P50 匹配,HTTPError
P2_EXTERNAL_MATCH_FRIENDLY,Devil in Winter.md,WL-WORK-1955,Devil in Winter,,丽莎·克莱帕斯,Lisa Kleypas,,,batch5_source_refs,WL-TOPIC-Q2-LOVE,2006,T6,Devil in Winter,Lisa Kleypas,ERROR,REVIEW,,,LEAVE_BLANK,Wikidata 无可靠作品级 P577+P50 匹配,HTTPError
P2_EXTERNAL_MATCH_FRIENDLY,Dispatches.md,WL-WORK-1956,Dispatches,,迈克尔·赫尔,Michael Herr,,,batch5_source_refs,WL-TOPIC-Q6-WAR,1977,T5,Dispatches,Michael Herr,ERROR,REVIEW,,,LEAVE_BLANK,Wikidata 无可靠作品级 P577+P50 匹配,HTTPError
P2_EXTERNAL_MATCH_FRIENDLY,Diálogos patrióticos.md,WL-WORK-2201,Diálogos patrióticos,,巴托洛梅·伊达尔戈,Hidalgo,,,batch6_source_refs,WL-TOPIC-Q15;WL-TOPIC-Q15-GAUCHO,,,Cielitos y diálogos patrióticos,Bartolomé Hidalgo,ERROR,REVIEW,,,LEAVE_BLANK,Wikidata 无可靠作品级 P577+P50 匹配,HTTPError
P2_EXTERNAL_MATCH_FRIENDLY,Don Segundo Sombra.md,WL-WORK-2202,Don Segundo Sombra,,里卡多·吉拉尔德斯,Güiraldes,,,batch6_source_refs,WL-TOPIC-Q15;WL-TOPIC-Q15-GAUCHO,,,Don Segundo Sombra,Ricardo Güiraldes,ERROR,REVIEW,,,LEAVE_BLANK,Wikidata 无可靠作品级 P577+P50 匹配,HTTPError
P2_EXTERNAL_MATCH_FRIENDLY,Dreaming in Cuban.md,WL-WORK-0923,Dreaming in Cuban,,克里斯蒂娜·加西亚,Cristina García,,,batch2_source_refs,WL-TOPIC-G43-FAMILY,1992,T6,Dreaming in Cuban,Cristina García,ERROR,REVIEW,,,LEAVE_BLANK,Wikidata 无可靠作品级 P577+P50 匹配,HTTPError
P2_EXTERNAL_MATCH_FRIENDLY,Dungeon Crawler Carl.md,WL-WORK-0499,Dungeon Crawler Carl,,马特·丁尼曼,Matt Dinniman,,,batch1_source_refs,WL-TOPIC-G45-FANTASY,2020,T6,Dungeon Crawler Carl,Matt Dinniman,ERROR,REVIEW,,,LEAVE_BLANK,Wikidata 无可靠作品级 P577+P50 匹配,HTTPError
P2_EXTERNAL_MATCH_FRIENDLY,El gaucho Martín Fierro.md,WL-WORK-2205,El gaucho Martín Fierro,,何塞·埃尔南德斯,Hernández,,,batch6_source_refs,WL-TOPIC-Q15;WL-TOPIC-Q15-GAUCHO,,,El gaucho Martin Fierro,José Hernández,ERROR,REVIEW,,,LEAVE_BLANK,Wikidata 无可靠作品级 P577+P50 匹配,HTTPError
P2_EXTERNAL_MATCH_FRIENDLY,El guacho Martín Fierro.md,WL-WORK-2206,El guacho Martín Fierro,,法里尼亚,Fariña,,,batch6_source_refs,WL-TOPIC-Q15;WL-TOPIC-Q15-GAUCHO,,,El guacho Martín Fierro,Oscar Fariña,ERROR,REVIEW,,,LEAVE_BLANK,Wikidata 无可靠作品级 P577+P50 匹配,HTTPError
P2_EXTERNAL_MATCH_FRIENDLY,El inglés de los güesos.md,WL-WORK-2207,El inglés de los güesos,,贝尼托·林奇,Lynch,,,batch6_source_refs,WL-TOPIC-Q15;WL-TOPIC-Q15-GAUCHO,,,El inglés de los güesos,Benito Lynch,ERROR,REVIEW,,,LEAVE_BLANK,Wikidata 无可靠作品级 P577+P50 匹配,HTTPError
P2_EXTERNAL_MATCH_FRIENDLY,El Martín Fierro.md,WL-WORK-2208,El Martín Fierro,,博尔赫斯 / 玛格丽塔·格雷罗,Borges / Margarita Guerrero,,,batch6_source_refs,WL-TOPIC-Q15;WL-TOPIC-Q15-GAUCHO,,,El Martin Fierro,Jorge Luis Borges;Margarita Guerrero,ERROR,REVIEW,,,LEAVE_BLANK,Wikidata 无可靠作品级 P577+P50 匹配,HTTPError
P2_EXTERNAL_MATCH_FRIENDLY,El payador.md,WL-WORK-2211,El payador,,莱奥波尔多·卢贡内斯,Lugones,,,batch6_source_refs,WL-TOPIC-Q15;WL-TOPIC-Q15-GAUCHO,,,El payador,Leopoldo Lugones,ERROR,REVIEW,,,LEAVE_BLANK,Wikidata 无可靠作品级 P577+P50 匹配,HTTPError
P2_EXTERNAL_MATCH_FRIENDLY,El romance de un gaucho.md,WL-WORK-2212,El romance de un gaucho,,贝尼托·林奇,Lynch,,,batch6_source_refs,WL-TOPIC-Q15;WL-TOPIC-Q15-GAUCHO,,,El romance de un gaucho,Benito Lynch,ERROR,REVIEW,,,LEAVE_BLANK,Wikidata 无可靠作品级 P577+P50 匹配,HTTPError
P2_EXTERNAL_MATCH_FRIENDLY,El Zarco.md,WL-WORK-2214,El Zarco,,伊格纳西奥·曼努埃尔·阿尔塔米拉诺,Ignacio Manuel Altamirano,,,batch6_source_refs,WL-TOPIC-Q15;WL-TOPIC-Q15-OUTLAW,1933,T4,El Zarco,Ignacio Manuel Altamirano,ERROR,REVIEW,,,LEAVE_BLANK,Wikidata 无可靠作品级 P577+P50 匹配,HTTPError
P2_EXTERNAL_MATCH_FRIENDLY,Eldorado.md,WL-WORK-2215,Eldorado,,奥希兹男爵夫人,Baroness Orczy,,,batch6_source_refs,WL-TOPIC-Q15;WL-TOPIC-Q15-SWASHBUCKLER,,,Eldorado,Emma Orczy,ERROR,REVIEW,,,LEAVE_BLANK,Wikidata 无可靠作品级 P577+P50 匹配,HTTPError
P2_EXTERNAL_MATCH_FRIENDLY,Erec.md,WL-WORK-2218,Erec,,哈特曼·冯·奥埃,Hartmann von Aue,,,batch6_source_refs,WL-TOPIC-Q15;WL-TOPIC-Q15-KNIGHT,1900,T4,Erec,Hartmann von Aue;Ludwig Wolff;Albert. Leitzmann,ERROR,REVIEW,,,LEAVE_BLANK,Wikidata 无可靠作品级 P577+P50 匹配,HTTPError
P2_EXTERNAL_MATCH_FRIENDLY,Exquisite Corpse.md,WL-WORK-0500,Exquisite Corpse,,波比·Z.布赖特,Poppy Z. Brite,,,batch1_source_refs,WL-TOPIC-G45-HORROR,1996,T6,Exquisite Corpse,Poppy Z. Brite,ERROR,REVIEW,,,LEAVE_BLANK,Wikidata 无可靠作品级 P577+P50 匹配,HTTPError
P2_EXTERNAL_MATCH_FRIENDLY,Facial Justice.md,WL-WORK-0924,Facial Justice,,L.P.哈特利,L.P. Hartley,,,batch2_source_refs,WL-TOPIC-G46-DYSTOPIA,1960,T5,Facial Justice,L. P. Hartley,ERROR,REVIEW,,,LEAVE_BLANK,Wikidata 无可靠作品级 P577+P50 匹配,HTTPError
P2_EXTERNAL_MATCH_FRIENDLY,Facundo／ Civilization and Barbarism.md,WL-WORK-2224,Facundo: Civilization and Barbarism,,萨米恩托,Domingo Faustino Sarmiento,,,batch6_source_refs,WL-TOPIC-Q15;WL-TOPIC-Q15-GAUCHO,1868,T3,"Facundo, or, civilization and barbarism",Domingo Faustino Sarmiento;Domingo Faustino Sarmiento;Domingo F. Sarmiento;12,ERROR,REVIEW,,,LEAVE_BLANK,Wikidata 无可靠作品级 P577+P50 匹配,HTTPError
P2_EXTERNAL_MATCH_FRIENDLY,Fausto.md,WL-WORK-2225,Fausto,,埃斯塔尼斯劳·德尔·坎波,del Campo的,,,batch6_source_refs,WL-TOPIC-Q15;WL-TOPIC-Q15-GAUCHO,,,,,ERROR,REVIEW,,,LEAVE_BLANK,Wikidata 无可靠作品级 P577+P50 匹配,HTTPError
P2_EXTERNAL_MATCH_FRIENDLY,Feed.md,WL-WORK-0925,Feed,,M.T.安德森,M.T. Anderson,,,batch2_source_refs,WL-TOPIC-G46-DYSTOPIA,2002,T6,Feed,M. T. Anderson,ERROR,REVIEW,,,LEAVE_BLANK,Wikidata 无可靠作品级 P577+P50 匹配,HTTPError
P2_EXTERNAL_MATCH_FRIENDLY,Flashman.md,WL-WORK-2227,Flashman,,乔治·麦克唐纳·弗雷泽,Flashman系列，从,,,batch6_source_refs,WL-TOPIC-Q15;WL-TOPIC-Q15-SWASHBUCKLER,,,,,ERROR,REVIEW,,,LEAVE_BLANK,Wikidata 无可靠作品级 P577+P50 匹配,HTTPError
P2_EXTERNAL_MATCH_FRIENDLY,Fools Crow.md,WL-WORK-0926,Fools Crow,,詹姆斯·韦尔奇,James Welch,,,batch2_source_refs;batch6_source_refs,WL-TOPIC-G44-HISTORICAL;WL-TOPIC-Q15;WL-TOPIC-Q15-WESTERN,1986,T6,Fools crow,James Welch,ERROR,REVIEW,,,LEAVE_BLANK,Wikidata 无可靠作品级 P577+P50 匹配,HTTPError
P2_EXTERNAL_MATCH_FRIENDLY,Forbidden.md,WL-WORK-1958,Forbidden,,贝弗利·詹金斯,Beverly Jenkins,,,batch5_source_refs,WL-TOPIC-Q2-LOVE,2016,T6,Forbidden,Beverly Jenkins,ERROR,REVIEW,,,LEAVE_BLANK,Wikidata 无可靠作品级 P577+P50 匹配,HTTPError
P2_EXTERNAL_MATCH_FRIENDLY,Fourth Wing.md,WL-WORK-1959,Fourth Wing,,丽贝卡·亚罗斯,Rebecca Yarros,,,batch5_source_refs,WL-TOPIC-Q2-LOVE,2023,T6,Fourth Wing,Rebecca Yarros,ERROR,REVIEW,,,LEAVE_BLANK,Wikidata 无可靠作品级 P577+P50 匹配,HTTPError
P2_EXTERNAL_MATCH_FRIENDLY,From a Crooked Rib.md,WL-WORK-0927,From a Crooked Rib,,努鲁丁·法拉赫,Nuruddin Farah,,,batch2_source_refs,WL-TOPIC-G43-BILDUNGSROMAN,1970,T5,From a crooked rib,Nuruddin Farah,ERROR,REVIEW,,,LEAVE_BLANK,Wikidata 无可靠作品级 P577+P50 匹配,HTTPError
P2_EXTERNAL_MATCH_FRIENDLY,Games of Command.md,WL-WORK-1960,Games of Command,,林妮娅·辛克莱,Linnea Sinclair,,,batch5_source_refs,WL-TOPIC-Q2-LOVE,2007,T6,Games of Command,Linnea Sinclair,ERROR,REVIEW,,,LEAVE_BLANK,Wikidata 无可靠作品级 P577+P50 匹配,HTTPError
P2_EXTERNAL_MATCH_FRIENDLY,Gestaltes en diere.md,WL-WORK-1530,Gestaltes en diere,,N.P.范维克·劳,N. P. van Wyk Louw,,,batch4_source_refs,WL-TOPIC-M3-MODERNISM,1958,T5,Gestaltes en diere,N. P. van Wyk Louw,ERROR,REVIEW,,,LEAVE_BLANK,Wikidata 无可靠作品级 P577+P50 匹配,HTTPError
P2_EXTERNAL_MATCH_FRIENDLY,"Get a Life, Chloe Brown.md",WL-WORK-1961,"Get a Life, Chloe Brown",,塔莉娅·希伯特,Talia Hibbert,,,batch5_source_refs,WL-TOPIC-Q2-LOVE,2019,T6,"Get a Life, Chloe Brown",Talia Hibbert;Adjoa Andoh,ERROR,REVIEW,,,LEAVE_BLANK,Wikidata 无可靠作品级 P577+P50 匹配,HTTPError
P2_EXTERNAL_MATCH_FRIENDLY,Gnomon.md,WL-WORK-0928,Gnomon,,尼克·哈卡维,Nick Harkaway,,,batch2_source_refs,WL-TOPIC-G46-DYSTOPIA,2017,T6,Gnomon,Nick Harkaway,ERROR,REVIEW,,,LEAVE_BLANK,Wikidata 无可靠作品级 P577+P50 匹配,HTTPError
P2_EXTERNAL_MATCH_FRIENDLY,Greguerías.md,WL-WORK-1531,Greguerías,,拉蒙·戈麦斯·德拉塞尔纳,Ramón Gómez de la Serna,,,batch4_source_refs,WL-TOPIC-M3-MODERNISM,1930,T4,Greguerías,Ramón Gómez de la Serna,ERROR,REVIEW,,,LEAVE_BLANK,Wikidata 无可靠作品级 P577+P50 匹配,HTTPError
P2_EXTERNAL_MATCH_FRIENDLY,Grito de Gloria.md,WL-WORK-2236,Grito de Gloria,,阿塞韦多·迪亚斯,Acevedo Díaz,,,batch6_source_refs,WL-TOPIC-Q15;WL-TOPIC-Q15-GAUCHO,,,Grito de gloria,Eduardo Acevedo Díaz,ERROR,REVIEW,,,LEAVE_BLANK,Wikidata 无可靠作品级 P577+P50 匹配,HTTPError
P2_EXTERNAL_MATCH_FRIENDLY,Harmonium.md,WL-WORK-1532,Harmonium,,华莱士·史蒂文斯,Wallace Stevens,,,batch4_source_refs,WL-TOPIC-M3-MODERNISM,1923,T4,Harmonium,Wallace Stevens,ERROR,REVIEW,,,LEAVE_BLANK,Wikidata 无可靠作品级 P577+P50 匹配,HTTPError
P2_EXTERNAL_MATCH_FRIENDLY,Harvest Home.md,WL-WORK-0502,Harvest Home,,托马斯·特赖恩,Thomas Tryon,,,batch1_source_refs,WL-TOPIC-G45-HORROR,,,,,ERROR,REVIEW,,,LEAVE_BLANK,Wikidata 无可靠作品级 P577+P50 匹配,HTTPError
P2_EXTERNAL_MATCH_FRIENDLY,Her Privates We.md,WL-WORK-1964,Her Privates We,,弗雷德里克·曼宁,Frederic Manning,,,batch5_source_refs,WL-TOPIC-Q6-WAR,1999,T6,Her Privates We,Frederic Manning,ERROR,REVIEW,,,LEAVE_BLANK,Wikidata 无可靠作品级 P577+P50 匹配,HTTPError
P2_EXTERNAL_MATCH_FRIENDLY,Hood.md,WL-WORK-2240,Hood,,斯蒂芬·R.劳黑德,Stephen R. Lawhead,,,batch6_source_refs,WL-TOPIC-Q15;WL-TOPIC-Q15-OUTLAW,2008,T6,Hood,Stephen R. Lawhead,ERROR,REVIEW,,,LEAVE_BLANK,Wikidata 无可靠作品级 P577+P50 匹配,HTTPError
P2_EXTERNAL_MATCH_FRIENDLY,Hormiga Negra.md,WL-WORK-2241,Hormiga Negra,,爱德华多·古铁雷斯,Eduardo Gutiérrez,,,batch6_source_refs,WL-TOPIC-Q15;WL-TOPIC-Q15-GAUCHO,1999,T6,Hormiga Negra,Eduardo Gutiérrez,ERROR,REVIEW,,,LEAVE_BLANK,Wikidata 无可靠作品级 P577+P50 匹配,HTTPError
P2_EXTERNAL_MATCH_FRIENDLY,How Much of These Hills Is Gold.md,WL-WORK-2244,How Much of These Hills Is Gold,,张沧畔,C Pam Zhang,,,batch6_source_refs,WL-TOPIC-Q15;WL-TOPIC-Q15-WESTERN,2020,T6,How much of these hills is gold,C Pam Zhang,ERROR,REVIEW,,,LEAVE_BLANK,Wikidata 无可靠作品级 P577+P50 匹配,HTTPError
P2_EXTERNAL_MATCH_FRIENDLY,How the Soldier Repairs the Gramophone.md,WL-WORK-1965,How the Soldier Repairs the Gramophone,,萨沙·斯塔尼希奇,Saša Stanišić,,,batch5_source_refs,WL-TOPIC-Q6-WAR,,,,,ERROR,REVIEW,,,LEAVE_BLANK,Wikidata 无可靠作品级 P577+P50 匹配,HTTPError
P2_EXTERNAL_MATCH_FRIENDLY,Human Sacrifices.md,WL-WORK-0503,Human Sacrifices,,玛丽亚·费尔南达·安普埃罗,María Fernanda Ampuero,,,batch1_source_refs,WL-TOPIC-G45-HORROR,2023,T6,Human Sacrifices,María Fernanda Ampuero;Frances Riddle,ERROR,REVIEW,,,LEAVE_BLANK,Wikidata 无可靠作品级 P577+P50 匹配,HTTPError
P2_EXTERNAL_MATCH_FRIENDLY,I Will Repay.md,WL-WORK-2246,I Will Repay,,奥希兹男爵夫人,Baroness Orczy,,,batch6_source_refs,WL-TOPIC-Q15;WL-TOPIC-Q15-SWASHBUCKLER,,,I Will Repay,Emma Orczy,ERROR,REVIEW,,,LEAVE_BLANK,Wikidata 无可靠作品级 P577+P50 匹配,HTTPError
P2_EXTERNAL_MATCH_FRIENDLY,In Flanders Fields.md,WL-WORK-1967,In Flanders Fields,,约翰·麦克雷,John McCrae,,,batch5_source_refs,WL-TOPIC-Q6-WAR,,,In Flanders fields,"McCrae, John",ERROR,REVIEW,,,LEAVE_BLANK,Wikidata 无可靠作品级 P577+P50 匹配,HTTPError
P2_EXTERNAL_MATCH_FRIENDLY,In Parenthesis.md,WL-WORK-1968,In Parenthesis,,戴维·琼斯,David Jones,,,batch5_source_refs,WL-TOPIC-Q6-WAR,,,In parenthesis,"Jones, David",ERROR,REVIEW,,,LEAVE_BLANK,Wikidata 无可靠作品级 P577+P50 匹配,HTTPError
P2_EXTERNAL_MATCH_FRIENDLY,Indigo.md,WL-WORK-1969,Indigo,,贝弗利·詹金斯,Beverly Jenkins,,,batch5_source_refs,WL-TOPIC-Q2-LOVE,1996,T6,Indigo,Beverly Jenkins,ERROR,REVIEW,,,LEAVE_BLANK,Wikidata 无可靠作品级 P577+P50 匹配,HTTPError
P2_EXTERNAL_MATCH_FRIENDLY,Inland.md,WL-WORK-2248,Inland,,特娅·奥布雷赫特,Téa Obreht,,,batch6_source_refs,WL-TOPIC-Q15;WL-TOPIC-Q15-WESTERN,2016,T6,Inland,Téa Obreht,ERROR,REVIEW,,,LEAVE_BLANK,Wikidata 无可靠作品级 P577+P50 匹配,HTTPError
P2_EXTERNAL_MATCH_FRIENDLY,Ismael.md,WL-WORK-2249,Ismael,,阿塞韦多·迪亚斯,Acevedo Díaz,,,batch6_source_refs,WL-TOPIC-Q15;WL-TOPIC-Q15-GAUCHO,,,Ismael,Eduardo Acevedo Díaz,ERROR,REVIEW,,,LEAVE_BLANK,Wikidata 无可靠作品级 P577+P50 匹配,HTTPError
P2_EXTERNAL_MATCH_FRIENDLY,Iwein.md,WL-WORK-2250,Iwein,,哈特曼·冯·奥埃,Hartmann,,,batch6_source_refs,WL-TOPIC-Q15;WL-TOPIC-Q15-KNIGHT,,,Iwein,Hartmann von Aue;J.W. Thomas,ERROR,REVIEW,,,LEAVE_BLANK,Wikidata 无可靠作品级 P577+P50 匹配,HTTPError
P2_EXTERNAL_MATCH_FRIENDLY,Jawbone.md,WL-WORK-0505,Jawbone,,莫妮卡·奥赫达,Mónica Ojeda,,,batch1_source_refs,WL-TOPIC-G45-HORROR,2022,T6,Jawbone,Mónica Ojeda,ERROR,REVIEW,,,LEAVE_BLANK,Wikidata 无可靠作品级 P577+P50 匹配,HTTPError
P2_EXTERNAL_MATCH_FRIENDLY,Jennifer Government.md,WL-WORK-0931,Jennifer Government,,马克斯·巴里,Max Barry,,,batch2_source_refs,WL-TOPIC-G46-DYSTOPIA,2003,T6,Jennifer Government,Max Barry,ERROR,REVIEW,,,LEAVE_BLANK,Wikidata 无可靠作品级 P577+P50 匹配,HTTPError
P2_EXTERNAL_MATCH_FRIENDLY,Jerilderie Letter.md,WL-WORK-2251,Jerilderie Letter,,内德·凯利,Ned Kelly,,,batch6_source_refs,WL-TOPIC-Q15;WL-TOPIC-Q15-OUTLAW,,,The Jerilderie Letter,Ned Kelly,ERROR,REVIEW,,,LEAVE_BLANK,Wikidata 无可靠作品级 P577+P50 匹配,HTTPError
P2_EXTERNAL_MATCH_FRIENDLY,Joseph d'Arimathie.md,WL-WORK-2253,Joseph d'Arimathie,,罗贝尔·德·博龙,Robert de Boron,,,batch6_source_refs,WL-TOPIC-Q15;WL-TOPIC-Q15-KNIGHT,,,"Joseph D'Arimathie (Studies and Texts, 120)",Robert De Boron,ERROR,REVIEW,,,LEAVE_BLANK,Wikidata 无可靠作品级 P577+P50 匹配,HTTPError
P2_EXTERNAL_MATCH_FRIENDLY,Juan Cuello.md,WL-WORK-2254,Juan Cuello,,爱德华多·古铁雷斯,Eduardo Gutiérrez,,,batch6_source_refs,WL-TOPIC-Q15;WL-TOPIC-Q15-GAUCHO,,,,,ERROR,REVIEW,,,LEAVE_BLANK,Wikidata 无可靠作品级 P577+P50 匹配,HTTPError
P2_EXTERNAL_MATCH_FRIENDLY,Juan Moreira.md,WL-WORK-2255,Juan Moreira,,爱德华多·古铁雷斯,Gutiérrez,,,batch6_source_refs,WL-TOPIC-Q15;WL-TOPIC-Q15-GAUCHO;WL-TOPIC-Q15-OUTLAW,,,Juan Moreira,Eduardo Gutiérrez,ERROR,REVIEW,,,LEAVE_BLANK,Wikidata 无可靠作品级 P577+P50 匹配,HTTPError
P2_EXTERNAL_MATCH_FRIENDLY,Just Like Home.md,WL-WORK-0506,Just Like Home,,萨拉·盖利,Sarah Gailey,,,batch1_source_refs,WL-TOPIC-G45-HORROR,2022,T6,Just Like Home,Sarah Gailey,ERROR,REVIEW,,,LEAVE_BLANK,Wikidata 无可靠作品级 P577+P50 匹配,HTTPError
P2_EXTERNAL_MATCH_FRIENDLY,Kalpa Imperial.md,WL-WORK-0472,Kalpa Imperial,,安赫利卡·戈罗迪舍尔,Angélica Gorodischer,,,,WL-TOPIC-G45-SF,,,Kalpa Imperial,Angélica Beatriz del Rosario Arcal de Gorodischer,ERROR,REVIEW,,,LEAVE_BLANK,Wikidata 无可靠作品级 P577+P50 匹配,HTTPError
P2_EXTERNAL_MATCH_FRIENDLY,Kaputt.md,WL-WORK-1971,Kaputt,,库尔齐奥·马拉帕尔特,Curzio Malaparte,,,batch5_source_refs,WL-TOPIC-Q6-WAR,1946,T5,Kaputt,Curzio Malaparte,ERROR,REVIEW,,,LEAVE_BLANK,Wikidata 无可靠作品级 P577+P50 匹配,HTTPError
P2_EXTERNAL_MATCH_FRIENDLY,Kernok the Pirate.md,WL-WORK-2256,Kernok the Pirate,,欧仁·苏,Eugène Sue,,,batch6_source_refs,WL-TOPIC-Q15;WL-TOPIC-Q15-PIRATE,,,Kernok El Pirata/Kernok the Pirate,Eugène Sue,ERROR,REVIEW,,,LEAVE_BLANK,Wikidata 无可靠作品级 P577+P50 匹配,HTTPError
P2_EXTERNAL_MATCH_FRIENDLY,Kintu.md,WL-WORK-0932,Kintu,,珍妮弗·南布西·马昆比,与Makumbi,,,batch2_source_refs,WL-TOPIC-G43-FAMILY,,,,,ERROR,REVIEW,,,LEAVE_BLANK,Wikidata 无可靠作品级 P577+P50 匹配,HTTPError
P2_EXTERNAL_MATCH_FRIENDLY,Kushiel's Dart.md,WL-WORK-1972,Kushiel's Dart,,杰奎琳·凯里,Jacqueline Carey,,,batch5_source_refs,WL-TOPIC-Q2-LOVE,2001,T6,Kushiel's dart,Jacqueline Carey,ERROR,REVIEW,,,LEAVE_BLANK,Wikidata 无可靠作品级 P577+P50 匹配,HTTPError
P2_EXTERNAL_MATCH_FRIENDLY,L'Allegria.md,WL-WORK-1534,L'Allegria,,朱塞佩·翁加雷蒂,Giuseppe Ungaretti,,,batch4_source_refs,WL-TOPIC-M3-MODERNISM,1942,T4,L' allegria,Giuseppe Ungaretti,ERROR,REVIEW,,,LEAVE_BLANK,Wikidata 无可靠作品级 P577+P50 匹配,HTTPError
P2_EXTERNAL_MATCH_FRIENDLY,La cautiva.md,WL-WORK-2258,La cautiva,,埃斯特万·埃切维里亚,Echeverría,,,batch6_source_refs,WL-TOPIC-Q15;WL-TOPIC-Q15-GAUCHO,,,La cautiva,Esteban Echeverría,ERROR,REVIEW,,,LEAVE_BLANK,Wikidata 无可靠作品级 P577+P50 匹配,HTTPError
P2_EXTERNAL_MATCH_FRIENDLY,La guerra gaucha.md,WL-WORK-2259,La guerra gaucha,,莱奥波尔多·卢贡内斯,Lugones,,,batch6_source_refs,WL-TOPIC-Q15;WL-TOPIC-Q15-GAUCHO,,,La guerra gaucha,Leopoldo Lugones,ERROR,REVIEW,,,LEAVE_BLANK,Wikidata 无可靠作品级 P577+P50 匹配,HTTPError
P2_EXTERNAL_MATCH_FRIENDLY,La vuelta de Martín Fierro.md,WL-WORK-2263,La vuelta de Martín Fierro,,何塞·埃尔南德斯,Hernández,,,batch6_source_refs,WL-TOPIC-Q15;WL-TOPIC-Q15-GAUCHO;WL-TOPIC-Q15-OUTLAW,,,La vuelta de Martín Fierro,José Hernández,ERROR,REVIEW,,,LEAVE_BLANK,Wikidata 无可靠作品级 P577+P50 匹配,HTTPError
P2_EXTERNAL_MATCH_FRIENDLY,Las aventuras de la China Iron.md,WL-WORK-2267,Las aventuras de la China Iron,,加布里埃拉·卡贝松·卡马拉,Cabezón Cámara,,,batch6_source_refs,WL-TOPIC-Q15;WL-TOPIC-Q15-GAUCHO;WL-TOPIC-Q15-OUTLAW,,,Las aventuras de la China Iron,Gabriela Cabezón Cámara,ERROR,REVIEW,,,LEAVE_BLANK,Wikidata 无可靠作品级 P577+P50 匹配,HTTPError
P2_EXTERNAL_MATCH_FRIENDLY,Le Capitan.md,WL-WORK-2269,Le Capitan,,米歇尔·泽瓦科,Le Capitan,,,batch6_source_refs,WL-TOPIC-Q15;WL-TOPIC-Q15-SWASHBUCKLER,,,,,ERROR,REVIEW,,,LEAVE_BLANK,Wikidata 无可靠作品级 P577+P50 匹配,HTTPError
P2_EXTERNAL_MATCH_FRIENDLY,Legendary Tales of the Australian Aborigines.md,WL-WORK-1359,Legendary Tales of the Australian Aborigines,,戴维·乌奈庞,David Unaipon,,,batch3_source_refs,WL-TOPIC-G1-MYTH,2001,T6,Legendary tales of the Australian aborigines,David Unaipon,ERROR,REVIEW,,,LEAVE_BLANK,Wikidata 无可靠作品级 P577+P50 匹配,HTTPError
P2_EXTERNAL_MATCH_FRIENDLY,Leila.md,WL-WORK-0933,Leila,,普拉亚格·阿克巴尔,Prayaag Akbar,,,batch2_source_refs,WL-TOPIC-G46-DYSTOPIA,2017,T6,Leila,Prayaag Akbar,ERROR,REVIEW,,,LEAVE_BLANK,Wikidata 无可靠作品级 P577+P50 匹配,HTTPError
P2_EXTERNAL_MATCH_FRIENDLY,Lendas do Sul.md,WL-WORK-2271,Lendas do Sul,,西蒙斯·洛佩斯·内托,Simões Lopes Neto,,,batch6_source_refs,WL-TOPIC-Q15;WL-TOPIC-Q15-GAUCHO,1953,T5,Lendas do Sul,J. Simões Lopes Neto,ERROR,REVIEW,,,LEAVE_BLANK,Wikidata 无可靠作品级 P577+P50 匹配,HTTPError
P2_EXTERNAL_MATCH_FRIENDLY,"Letters Written during a Short Residence in Sweden, Norway, and Denmark.md",WL-WORK-1360,"Letters Written during a Short Residence in Sweden, Norway, and Denmark",,玛丽·沃斯通克拉夫特,Mary Wollstonecraft,,,batch3_source_refs,WL-TOPIC-G7-TRAVEL,1796,T2,"Letters written during a short residence in Sweden, Norway, and Denmark",Mary Wollstonecraft,ERROR,REVIEW,,,LEAVE_BLANK,Wikidata 无可靠作品级 P577+P50 匹配,HTTPError
P2_EXTERNAL_MATCH_FRIENDLY,Limbo.md,WL-WORK-0934,Limbo,,伯纳德·沃尔夫,Bernard Wolfe,,,batch2_source_refs,WL-TOPIC-G46-DYSTOPIA,1952,T5,Limbo,Bernard Wolfe,ERROR,REVIEW,,,LEAVE_BLANK,Wikidata 无可靠作品级 P577+P50 匹配,HTTPError
P2_EXTERNAL_MATCH_FRIENDLY,Little Big Man.md,WL-WORK-2273,Little Big Man,,托马斯·伯杰,Thomas Berger,,,batch6_source_refs,WL-TOPIC-Q15;WL-TOPIC-Q15-WESTERN,1964,T5,Little Big Man,Thomas Berger;Gilda Berger;T. Berger;Thomas Berger;Thomas BERGER,ERROR,REVIEW,,,LEAVE_BLANK,Wikidata 无可靠作品级 P577+P50 匹配,HTTPError
P2_EXTERNAL_MATCH_FRIENDLY,Lone Women.md,WL-WORK-2274,Lone Women,,维克多·拉瓦勒,Victor LaValle,,,batch6_source_refs,WL-TOPIC-Q15;WL-TOPIC-Q15-WESTERN,2024,T6,Lone Women,Victor LaValle,ERROR,REVIEW,,,LEAVE_BLANK,Wikidata 无可靠作品级 P577+P50 匹配,HTTPError
P2_EXTERNAL_MATCH_FRIENDLY,Long John Silver.md,WL-WORK-2275,Long John Silver,,比约恩·拉尔森,Björn Larsson,,,batch6_source_refs,WL-TOPIC-Q15;WL-TOPIC-Q15-PIRATE,1995,T6,Long John Silver,Björn Larsson,ERROR,REVIEW,,,LEAVE_BLANK,Wikidata 无可靠作品级 P577+P50 匹配,HTTPError
P2_EXTERNAL_MATCH_FRIENDLY,Looking for Transwonderland／ Travels in Nigeria.md,WL-WORK-1361,Looking for Transwonderland: Travels in Nigeria,Looking for Transwonderland,努·萨罗-维瓦,Noo Saro-Wiwa,,,batch3_source_refs,WL-TOPIC-G7-TRAVEL,2012,T6,Looking for transwonderland,Noo Saro-Wiwa,ERROR,REVIEW,,,LEAVE_BLANK,Wikidata 无可靠作品级 P577+P50 匹配,HTTPError
P2_EXTERNAL_MATCH_FRIENDLY,Los bandidos de Río Frío.md,WL-WORK-2276,Los bandidos de Río Frío,,曼努埃尔·派诺,Manuel Payno,,,batch6_source_refs,WL-TOPIC-Q15;WL-TOPIC-Q15-OUTLAW,2017,T6,Los Bandidos de Rio Frio,Manuel Payno,ERROR,REVIEW,,,LEAVE_BLANK,Wikidata 无可靠作品级 P577+P50 匹配,HTTPError
P2_EXTERNAL_MATCH_FRIENDLY,Los caranchos de La Florida.md,WL-WORK-2277,Los caranchos de La Florida,,贝尼托·林奇,Benito Lynch,,,batch6_source_refs,WL-TOPIC-Q15;WL-TOPIC-Q15-GAUCHO,1916,T4,Los caranchos de la Florida,Benito Lynch,ERROR,REVIEW,,,LEAVE_BLANK,Wikidata 无可靠作品级 P577+P50 匹配,HTTPError
P2_EXTERNAL_MATCH_FRIENDLY,Los tres gauchos orientales.md,WL-WORK-2278,Los tres gauchos orientales,,安东尼奥·卢西奇,Lussich,,,batch6_source_refs,WL-TOPIC-Q15;WL-TOPIC-Q15-GAUCHO,,,Los Tres Gauchos Orientales,Antonio Lussich,ERROR,REVIEW,,,LEAVE_BLANK,Wikidata 无可靠作品级 P577+P50 匹配,HTTPError
P2_EXTERNAL_MATCH_FRIENDLY,Lost in the Barrens.md,WL-WORK-0508,Lost in the Barrens,,法利·莫厄特,Farley Mowat,,,batch1_source_refs,WL-TOPIC-G45-ADVENTURE,2017,T6,Lost in the Barrens,Farley Mowat,ERROR,REVIEW,,,LEAVE_BLANK,Wikidata 无可靠作品级 P577+P50 匹配,HTTPError
P2_EXTERNAL_MATCH_FRIENDLY,Love Only Once.md,WL-WORK-1973,Love Only Once,,约翰娜·林赛,Johanna Lindsey,,,batch5_source_refs,WL-TOPIC-Q2-LOVE,1985,T6,Love Only Once,Johanna Lindsey,ERROR,REVIEW,,,LEAVE_BLANK,Wikidata 无可靠作品级 P577+P50 匹配,HTTPError
P2_EXTERNAL_MATCH_FRIENDLY,Maid Marian.md,WL-WORK-2279,Maid Marian,,托马斯·洛夫·皮科克,Peacock,,,batch6_source_refs,WL-TOPIC-Q15;WL-TOPIC-Q15-OUTLAW,,,Maid Marian,Thomas Peacock,ERROR,REVIEW,,,LEAVE_BLANK,Wikidata 无可靠作品级 P577+P50 匹配,HTTPError
P2_EXTERNAL_MATCH_FRIENDLY,Malaeska.md,WL-WORK-2280,Malaeska,,安·S.斯蒂芬斯,Ann S. Stephens,,,batch6_source_refs,WL-TOPIC-Q15;WL-TOPIC-Q15-WESTERN,1929,T4,Malaeska,Ann S. Stephens,ERROR,REVIEW,,,LEAVE_BLANK,Wikidata 无可靠作品级 P577+P50 匹配,HTTPError
P2_EXTERNAL_MATCH_FRIENDLY,Manhunt.md,WL-WORK-0509,Manhunt,,格蕾琴·费尔克-马丁,Gretchen Felker-Martin,,,batch1_source_refs,WL-TOPIC-G45-HORROR,2022,T6,Manhunt,Gretchen Felker-Martin,ERROR,REVIEW,,,LEAVE_BLANK,Wikidata 无可靠作品级 P577+P50 匹配,HTTPError
P2_EXTERNAL_MATCH_FRIENDLY,Masterman Ready.md,WL-WORK-0510,Masterman Ready,,弗雷德里克·马里亚特,Marryat,,,batch1_source_refs,WL-TOPIC-G45-ADVENTURE,,,Masterman Ready,Frederick Marryat,ERROR,REVIEW,,,LEAVE_BLANK,Wikidata 无可靠作品级 P577+P50 匹配,HTTPError
P2_EXTERNAL_MATCH_FRIENDLY,Merlin.md,WL-WORK-2282,Merlin,,T.H.怀特,T.H. White,,,batch6_source_refs,WL-TOPIC-Q15;WL-TOPIC-Q15-KNIGHT,,,Young Merlin Trilogy,Jane Yolen;Michael Ashley;Tanith Lee;T. H. White;Louise Cooper,ERROR,REVIEW,,,LEAVE_BLANK,Wikidata 无可靠作品级 P577+P50 匹配,HTTPError
P2_EXTERNAL_MATCH_FRIENDLY,Minty Alley.md,WL-WORK-1536,Minty Alley,,C.L.R.詹姆斯,C. L. R. James,,,batch4_source_refs,WL-TOPIC-M3-MODERNISM,1936,T4,Minty Alley,C. L. R. James;Bernardine Evaristo,ERROR,REVIEW,,,LEAVE_BLANK,Wikidata 无可靠作品级 P577+P50 匹配,HTTPError
P2_EXTERNAL_MATCH_FRIENDLY,Missionary Travels and Researches in South Africa.md,WL-WORK-1362,Missionary Travels and Researches in South Africa,Missionary Travels,戴维·利文斯通,Livingstone,,,batch3_source_refs,WL-TOPIC-G7-TRAVEL,,,Missionary travels and researches in South Africa,David Livingstone,ERROR,REVIEW,,,LEAVE_BLANK,Wikidata 无可靠作品级 P577+P50 匹配,HTTPError
P2_EXTERNAL_MATCH_FRIENDLY,Monte Walsh.md,WL-WORK-2286,Monte Walsh,,杰克·谢弗,Jack Schaefer,,,batch6_source_refs,WL-TOPIC-Q15;WL-TOPIC-Q15-WESTERN;WL-TOPIC-Q15-PIRATE,1963,T5,Monte Walsh,Jack Schaefer,ERROR,REVIEW,,,LEAVE_BLANK,Wikidata 无可靠作品级 P577+P50 匹配,HTTPError
P2_EXTERNAL_MATCH_FRIENDLY,Morgante.md,WL-WORK-2287,Morgante,,路易吉·普尔奇,Luigi Pulci,,,batch6_source_refs,WL-TOPIC-Q15;WL-TOPIC-Q15-KNIGHT,1955,T5,Morgante,Luigi Pulci;Joseph Tusiani;Edoardo A. Lebano,ERROR,REVIEW,,,LEAVE_BLANK,Wikidata 无可靠作品级 P577+P50 匹配,HTTPError
P2_EXTERNAL_MATCH_FRIENDLY,My Side of the Mountain.md,WL-WORK-0513,My Side of the Mountain,,琼·克雷格黑德·乔治,Jean Craighead George,,,batch1_source_refs,WL-TOPIC-G45-ADVENTURE,1959,T5,My side of the mountain,Jean Craighead George,ERROR,REVIEW,,,LEAVE_BLANK,Wikidata 无可靠作品级 P577+P50 匹配,HTTPError
P2_EXTERNAL_MATCH_FRIENDLY,Nativa.md,WL-WORK-2289,Nativa,,阿塞韦多·迪亚斯,Acevedo Díaz,,,batch6_source_refs,WL-TOPIC-Q15;WL-TOPIC-Q15-GAUCHO,,,Nativa,Eduardo Acevedo Díaz,ERROR,REVIEW,,,LEAVE_BLANK,Wikidata 无可靠作品级 P577+P50 匹配,HTTPError
P2_EXTERNAL_MATCH_FRIENDLY,Naufragios.md,WL-WORK-0515,Naufragios,,卡贝萨·德·巴卡,Cabeza de Vaca,,,batch1_source_refs;batch3_source_refs;batch6_source_refs,WL-TOPIC-G45-ADVENTURE;WL-TOPIC-G7-TRAVEL;WL-TOPIC-Q15;WL-TOPIC-Q15-WESTERN,,,Naufragios,Álvar Núñez Cabeza de Vaca,ERROR,REVIEW,,,LEAVE_BLANK,Wikidata 无可靠作品级 P577+P50 匹配,HTTPError
P2_EXTERNAL_MATCH_FRIENDLY,News of the World.md,WL-WORK-2290,News of the World,,波莱特·贾尔斯,Paulette Jiles,,,batch6_source_refs,WL-TOPIC-Q15;WL-TOPIC-Q15-WESTERN,2016,T6,News of the World,Paulette Jiles,ERROR,REVIEW,,,LEAVE_BLANK,Wikidata 无可靠作品级 P577+P50 匹配,HTTPError
P2_EXTERNAL_MATCH_FRIENDLY,No-No Boy.md,WL-WORK-0937,No-No Boy,,约翰·冈田,John Okada,,,batch2_source_refs,WL-TOPIC-G43-BILDUNGSROMAN,1957,T5,No-no boy,John Okada,ERROR,REVIEW,,,LEAVE_BLANK,Wikidata 无可靠作品级 P577+P50 匹配,HTTPError
P2_EXTERNAL_MATCH_FRIENDLY,O Cabeleira.md,WL-WORK-2291,O Cabeleira,,富兰克林·塔沃拉,Franklin Távora,,,batch6_source_refs,WL-TOPIC-Q15;WL-TOPIC-Q15-OUTLAW,2015,T6,O Cabeleira,Franklin Távora,ERROR,REVIEW,,,LEAVE_BLANK,Wikidata 无可靠作品级 P577+P50 匹配,HTTPError
P2_EXTERNAL_MATCH_FRIENDLY,O Gaúcho.md,WL-WORK-2292,O Gaúcho,,若泽·德·阿伦卡尔,José de Alencar,,,batch6_source_refs,WL-TOPIC-Q15;WL-TOPIC-Q15-GAUCHO,1923,T4,O gaúcho,José de Alencar,ERROR,REVIEW,,,LEAVE_BLANK,Wikidata 无可靠作品级 P577+P50 匹配,HTTPError
P2_EXTERNAL_MATCH_FRIENDLY,Observations.md,WL-WORK-1537,Observations,,玛丽安娜·穆尔,Marianne Moore,,,batch4_source_refs,WL-TOPIC-M3-MODERNISM,1924,T4,Observations,Marianne Moore,ERROR,REVIEW,,,LEAVE_BLANK,Wikidata 无可靠作品级 P577+P50 匹配,HTTPError
P2_EXTERNAL_MATCH_FRIENDLY,Old Jules.md,WL-WORK-2293,Old Jules,,玛丽·桑多兹,Mari Sandoz,,,batch6_source_refs,WL-TOPIC-Q15;WL-TOPIC-Q15-WESTERN,1935,T4,Old Jules,Mari Sandoz,ERROR,REVIEW,,,LEAVE_BLANK,Wikidata 无可靠作品级 P577+P50 匹配,HTTPError
P2_EXTERNAL_MATCH_FRIENDLY,On Stranger Tides.md,WL-WORK-2294,On Stranger Tides,,蒂姆·鲍尔斯,Tim Powers,,,batch6_source_refs,WL-TOPIC-Q15;WL-TOPIC-Q15-PIRATE,1987,T6,On stranger tides,Tim Powers,ERROR,REVIEW,,,LEAVE_BLANK,Wikidata 无可靠作品级 P577+P50 匹配,HTTPError
P2_EXTERNAL_MATCH_FRIENDLY,Our Sunshine.md,WL-WORK-2296,Our Sunshine,,罗伯特·德鲁,Robert Drewe,,,batch6_source_refs,WL-TOPIC-Q15;WL-TOPIC-Q15-OUTLAW,1991,T6,Our sunshine,Robert Drewe,ERROR,REVIEW,,,LEAVE_BLANK,Wikidata 无可靠作品级 P577+P50 匹配,HTTPError
P2_EXTERNAL_MATCH_FRIENDLY,Outlawed.md,WL-WORK-2297,Outlawed,,安娜·诺斯,Anna North,,,batch6_source_refs,WL-TOPIC-Q15;WL-TOPIC-Q15-WESTERN;WL-TOPIC-Q15-OUTLAW,2021,T6,Outlawed,Anna North,ERROR,REVIEW,,,LEAVE_BLANK,Wikidata 无可靠作品级 P577+P50 匹配,HTTPError
P2_EXTERNAL_MATCH_FRIENDLY,Palmerín de Inglaterra.md,WL-WORK-2298,Palmerín de Inglaterra,,弗朗西斯科·德·莫拉埃斯,Francisco de Moraes,,,batch6_source_refs,WL-TOPIC-Q15;WL-TOPIC-Q15-KNIGHT,,,,,ERROR,REVIEW,,,LEAVE_BLANK,Wikidata 无可靠作品级 P577+P50 匹配,HTTPError
P2_EXTERNAL_MATCH_FRIENDLY,Paradise Sky.md,WL-WORK-2300,Paradise Sky,,乔·R.兰斯代尔,Joe R. Lansdale,,,batch6_source_refs,WL-TOPIC-Q15;WL-TOPIC-Q15-WESTERN,2015,T6,Paradise sky,Joe R. Lansdale,ERROR,REVIEW,,,LEAVE_BLANK,Wikidata 无可靠作品级 P577+P50 匹配,HTTPError
P2_EXTERNAL_MATCH_FRIENDLY,Parzival.md,WL-WORK-2301,Parzival,,沃尔夫拉姆·冯·埃申巴赫,Wolfram的,,,batch6_source_refs,WL-TOPIC-Q15;WL-TOPIC-Q15-KNIGHT,,,,,ERROR,REVIEW,,,LEAVE_BLANK,Wikidata 无可靠作品级 P577+P50 匹配,HTTPError
P2_EXTERNAL_MATCH_FRIENDLY,Paulino Lucero.md,WL-WORK-2302,Paulino Lucero,,阿斯卡苏比,Ascasubi,,,batch6_source_refs,WL-TOPIC-Q15;WL-TOPIC-Q15-GAUCHO,,,Paulino Lucero,Hilario Ascasubi,ERROR,REVIEW,,,LEAVE_BLANK,Wikidata 无可靠作品级 P577+P50 匹配,HTTPError
P2_EXTERNAL_MATCH_FRIENDLY,Peregrine's Progress.md,WL-WORK-2305,Peregrine's Progress,,杰弗里·法诺尔,Farnol,,,batch6_source_refs,WL-TOPIC-Q15;WL-TOPIC-Q15-SWASHBUCKLER,,,Peregrine's Progress,Jeffery Farnol,ERROR,REVIEW,,,LEAVE_BLANK,Wikidata 无可靠作品级 P577+P50 匹配,HTTPError
P2_EXTERNAL_MATCH_FRIENDLY,Persian Pictures.md,WL-WORK-1364,Persian Pictures,,格特鲁德·贝尔,Gertrude Bell,,,batch3_source_refs,WL-TOPIC-G7-TRAVEL,,,Persian pictures,Gertrude Lowthian Bell,ERROR,REVIEW,,,LEAVE_BLANK,Wikidata 无可靠作品级 P577+P50 匹配,HTTPError
P2_EXTERNAL_MATCH_FRIENDLY,Personal Narrative.md,WL-WORK-1365,Personal Narrative,,亚历山大·冯·洪堡,Humboldt,,,batch3_source_refs,WL-TOPIC-G7-TRAVEL,,,Personal narrative,Alexander von Humboldt,ERROR,REVIEW,,,LEAVE_BLANK,Wikidata 无可靠作品级 P577+P50 匹配,HTTPError
P2_EXTERNAL_MATCH_FRIENDLY,Polynesian Mythology.md,WL-WORK-1367,Polynesian Mythology,,乔治·格雷,George Grey,,,batch3_source_refs,WL-TOPIC-G1-MYTH,,,Polynesian mythology,George Grey Turner,ERROR,REVIEW,,,LEAVE_BLANK,Wikidata 无可靠作品级 P577+P50 匹配,HTTPError
P2_EXTERNAL_MATCH_FRIENDLY,QualityLand.md,WL-WORK-0939,QualityLand,,马克-乌韦·克林,Marc-Uwe Kling,,,batch2_source_refs,WL-TOPIC-G46-DYSTOPIA,2017,T6,QualityLand,Marc-Uwe Kling,ERROR,REVIEW,,,LEAVE_BLANK,Wikidata 无可靠作品级 P577+P50 匹配,HTTPError
P2_EXTERNAL_MATCH_FRIENDLY,Radiance.md,WL-WORK-1976,Radiance,,格蕾丝·德雷文,Grace Draven,,,batch5_source_refs,WL-TOPIC-Q2-LOVE,2015,T6,Radiance,Grace Draven,ERROR,REVIEW,,,LEAVE_BLANK,Wikidata 无可靠作品级 P577+P50 匹配,HTTPError
P2_EXTERNAL_MATCH_FRIENDLY,Ragged Dick.md,WL-WORK-0940,Ragged Dick,,霍雷肖·阿尔杰,Horatio Alger,,,batch2_source_refs,WL-TOPIC-G43-BILDUNGSROMAN,1868,T3,Ragged Dick,"Horatio Alger, Jr.",ERROR,REVIEW,,,LEAVE_BLANK,Wikidata 无可靠作品级 P577+P50 匹配,HTTPError
P2_EXTERNAL_MATCH_FRIENDLY,Ramrod.md,WL-WORK-2312,Ramrod,,卢克·肖特,Luke Short,,,batch6_source_refs,WL-TOPIC-Q15;WL-TOPIC-Q15-WESTERN,1943,T4,Ramrod,Luke Short,ERROR,REVIEW,,,LEAVE_BLANK,Wikidata 无可靠作品级 P577+P50 匹配,HTTPError
P2_EXTERNAL_MATCH_FRIENDLY,"Red, White & Royal Blue.md",WL-WORK-1977,"Red, White & Royal Blue",,凯西·麦奎斯顿,Casey McQuiston,,,batch5_source_refs,WL-TOPIC-Q2-LOVE,2019,T6,"Red, White & Royal Blue",Casey McQuiston,ERROR,REVIEW,,,LEAVE_BLANK,Wikidata 无可靠作品级 P577+P50 匹配,HTTPError
P2_EXTERNAL_MATCH_FRIENDLY,Redeployment.md,WL-WORK-1978,Redeployment,,菲尔·克莱,Phil Klay,,,batch5_source_refs,WL-TOPIC-Q6-WAR,2014,T6,Redeployment,Phil Klay,ERROR,REVIEW,,,LEAVE_BLANK,Wikidata 无可靠作品级 P577+P50 匹配,HTTPError
P2_EXTERNAL_MATCH_FRIENDLY,Reservation Blues.md,WL-WORK-2315,Reservation Blues,,谢尔曼·阿莱克西,Sherman Alexie,,,batch6_source_refs,WL-TOPIC-Q15;WL-TOPIC-Q15-WESTERN,1995,T6,Reservation blues,Sherman Alexie,ERROR,REVIEW,,,LEAVE_BLANK,Wikidata 无可靠作品级 P577+P50 匹配,HTTPError
P2_EXTERNAL_MATCH_FRIENDLY,Riders of the Silences.md,WL-WORK-2317,Riders of the Silences,,马克斯·布兰德,Max Brand,,,batch6_source_refs,WL-TOPIC-Q15;WL-TOPIC-Q15-WESTERN,,,Riders of the Silences,Frederick Faust,ERROR,REVIEW,,,LEAVE_BLANK,Wikidata 无可靠作品级 P577+P50 匹配,HTTPError
P2_EXTERNAL_MATCH_FRIENDLY,"Rinaldo Rinaldini, the Robber Captain.md",WL-WORK-2319,"Rinaldo Rinaldini, the Robber Captain",,克里斯蒂安·奥古斯特·武尔皮乌斯,Christian August Vulpius,,,batch6_source_refs,WL-TOPIC-Q15;WL-TOPIC-Q15-OUTLAW,,,,,ERROR,REVIEW,,,LEAVE_BLANK,Wikidata 无可靠作品级 P577+P50 匹配,HTTPError
P2_EXTERNAL_MATCH_FRIENDLY,Rinaldo Rinaldini.md,WL-WORK-2318,Rinaldo Rinaldini,,克里斯蒂安·奥古斯特·武尔皮乌斯,Christian August Vulpius,,,batch6_source_refs,WL-TOPIC-Q15;WL-TOPIC-Q15-OUTLAW,1959,T5,Rinaldo Rinaldini,Christian August Vulpius,ERROR,REVIEW,,,LEAVE_BLANK,Wikidata 无可靠作品级 P577+P50 匹配,HTTPError
P2_EXTERNAL_MATCH_FRIENDLY,Ring Shout.md,WL-WORK-0516,Ring Shout,,P.杰利·克拉克,P. Djèlí Clark,,,batch1_source_refs,WL-TOPIC-G45-HORROR,2020,T6,Ring Shout,P. Djèlí Clark,ERROR,REVIEW,,,LEAVE_BLANK,Wikidata 无可靠作品级 P577+P50 匹配,HTTPError
P2_EXTERNAL_MATCH_FRIENDLY,Robin and the King.md,WL-WORK-2321,Robin and the King,,帕克·戈德温,Parke Godwin,,,batch6_source_refs,WL-TOPIC-Q15;WL-TOPIC-Q15-OUTLAW,1994,T6,Robin and the King,Parke Godwin,ERROR,REVIEW,,,LEAVE_BLANK,Wikidata 无可靠作品级 P577+P50 匹配,HTTPError
P2_EXTERNAL_MATCH_FRIENDLY,Roman de Brut.md,WL-WORK-2330,Roman de Brut,,瓦斯,Wace,,,batch6_source_refs,WL-TOPIC-Q15;WL-TOPIC-Q15-KNIGHT,,,Le roman de Brut,Wace,ERROR,REVIEW,,,LEAVE_BLANK,Wikidata 无可靠作品级 P577+P50 匹配,HTTPError
P2_EXTERNAL_MATCH_FRIENDLY,Roman de Silence.md,WL-WORK-2331,Roman de Silence,,康沃尔的埃尔德里斯,Heldris of Cornwall,,,batch6_source_refs,WL-TOPIC-Q15;WL-TOPIC-Q15-KNIGHT,,,,,ERROR,REVIEW,,,LEAVE_BLANK,Wikidata 无可靠作品级 P577+P50 匹配,HTTPError
P2_EXTERNAL_MATCH_FRIENDLY,Roman de Troie.md,WL-WORK-2333,Roman de Troie,,伯努瓦·德·圣莫尔,Benoît de Sainte-Maure,,,batch6_source_refs,WL-TOPIC-Q15;WL-TOPIC-Q15-KNIGHT,,,Le roman de Troie,Benoît de Sainte-Maure,ERROR,REVIEW,,,LEAVE_BLANK,Wikidata 无可靠作品级 P577+P50 匹配,HTTPError
P2_EXTERNAL_MATCH_FRIENDLY,Rubyfruit Jungle.md,WL-WORK-0941,Rubyfruit Jungle,,丽塔·梅·布朗,Rita Mae Brown,,,batch2_source_refs,WL-TOPIC-G43-BILDUNGSROMAN,1973,T5,Rubyfruit Jungle,Rita Mae Brown,ERROR,REVIEW,,,LEAVE_BLANK,Wikidata 无可靠作品级 P577+P50 匹配,HTTPError
P2_EXTERNAL_MATCH_FRIENDLY,Russian Folk Belief.md,WL-WORK-1369,Russian Folk Belief,,琳达·伊万尼茨,Linda Ivanits,,,batch3_source_refs,WL-TOPIC-G1-MYTH,1989,T6,Russian folk belief,Linda J. Ivanits,ERROR,REVIEW,,,LEAVE_BLANK,Wikidata 无可靠作品级 P577+P50 匹配,HTTPError
P2_EXTERNAL_MATCH_FRIENDLY,Safarnama ／ 旅行记.md,WL-WORK-1370,Safarnama / 旅行记,Safarnama,纳赛尔·霍斯陆,Nasir Khusraw,,,batch3_source_refs,WL-TOPIC-G7-TRAVEL,1950,T5,Safar-nāma,Nāṣir-i Khusraw,ERROR,REVIEW,,,LEAVE_BLANK,Wikidata 无可靠作品级 P577+P50 匹配,HTTPError
P2_EXTERNAL_MATCH_FRIENDLY,Santos Vega o los mellizos de la Flor.md,WL-WORK-2337,Santos Vega o los mellizos de la Flor,,阿斯卡苏比,Ascasubi,,,batch6_source_refs,WL-TOPIC-Q15;WL-TOPIC-Q15-GAUCHO,,,"Santos Vega, o, Los mellizos de la flor",Hilario Ascasubi,ERROR,REVIEW,,,LEAVE_BLANK,Wikidata 无可靠作品级 P577+P50 匹配,HTTPError
P2_EXTERNAL_MATCH_FRIENDLY,Santos Vega.md,WL-WORK-2336,Santos Vega,,拉斐尔·奥夫利加多,Obligado,,,batch6_source_refs,WL-TOPIC-Q15;WL-TOPIC-Q15-GAUCHO,,,Santos Vega,Rafael Obligado,ERROR,REVIEW,,,LEAVE_BLANK,Wikidata 无可靠作品级 P577+P50 匹配,HTTPError
P2_EXTERNAL_MATCH_FRIENDLY,Sarajevo Blues.md,WL-WORK-1979,Sarajevo Blues,,塞梅兹丁·梅赫梅迪诺维奇,Semezdin Mehmedinović,,,batch5_source_refs,WL-TOPIC-Q6-WAR,1992,T6,Sarajevo blues,Semezdin Mehmedinović,ERROR,REVIEW,,,LEAVE_BLANK,Wikidata 无可靠作品级 P577+P50 匹配,HTTPError
P2_EXTERNAL_MATCH_FRIENDLY,Sarajevo Marlboro.md,WL-WORK-1980,Sarajevo Marlboro,,米连科·耶尔戈维奇,Miljenko Jergović,,,batch5_source_refs,WL-TOPIC-Q6-WAR,2018,T6,Sarajevo Marlboro,Miljenko Jergovic,ERROR,REVIEW,,,LEAVE_BLANK,Wikidata 无可靠作品级 P577+P50 匹配,HTTPError
P2_EXTERNAL_MATCH_FRIENDLY,Scary Stories to Tell in the Dark.md,WL-WORK-0517,Scary Stories to Tell in the Dark,,阿尔文·施瓦茨,Alvin Schwartz,,,batch1_source_refs,WL-TOPIC-G45-HORROR,1981,T6,Scary stories to tell in the dark,Alvin Schwartz,ERROR,REVIEW,,,LEAVE_BLANK,Wikidata 无可靠作品级 P577+P50 匹配,HTTPError
P2_EXTERNAL_MATCH_FRIENDLY,Segu.md,WL-WORK-0942,Segu,,玛丽斯·孔戴,Maryse Condé,,,batch2_source_refs,WL-TOPIC-G43-FAMILY,,,,,ERROR,REVIEW,,,LEAVE_BLANK,Wikidata 无可靠作品级 P577+P50 匹配,HTTPError
P2_EXTERNAL_MATCH_FRIENDLY,Seth Jones.md,WL-WORK-2338,Seth Jones,,爱德华·S.埃利斯,Edward S. Ellis,,,batch6_source_refs,WL-TOPIC-Q15;WL-TOPIC-Q15-WESTERN,,,Seth Jones,Edward Sylvester Ellis,ERROR,REVIEW,,,LEAVE_BLANK,Wikidata 无可靠作品级 P577+P50 匹配,HTTPError
P2_EXTERNAL_MATCH_FRIENDLY,Shadowland.md,WL-WORK-0518,Shadowland,,彼得·斯特劳布,Peter Straub,,,batch1_source_refs,WL-TOPIC-G45-HORROR,1980,T6,Shadowland,Peter Straub,ERROR,REVIEW,,,LEAVE_BLANK,Wikidata 无可靠作品级 P577+P50 匹配,HTTPError
P2_EXTERNAL_MATCH_FRIENDLY,Sherwood.md,WL-WORK-2339,Sherwood,,帕克·戈德温,Parke Godwin,,,batch6_source_refs,WL-TOPIC-Q15;WL-TOPIC-Q15-OUTLAW,1991,T6,Sherwood,Parke Godwin,ERROR,REVIEW,,,LEAVE_BLANK,Wikidata 无可靠作品级 P577+P50 匹配,HTTPError
P2_EXTERNAL_MATCH_FRIENDLY,Simon Dale.md,WL-WORK-2340,Simon Dale,,安东尼·霍普,Anthony Hope,,,batch6_source_refs,WL-TOPIC-Q15;WL-TOPIC-Q15-SWASHBUCKLER,1897,T4,Simon Dale,Anthony Hope,ERROR,REVIEW,,,LEAVE_BLANK,Wikidata 无可靠作品级 P577+P50 匹配,HTTPError
P2_EXTERNAL_MATCH_FRIENDLY,Sinophagia／ A Celebration of Chinese Horror.md,WL-WORK-0519,Sinophagia: A Celebration of Chinese Horror,,倪雪婷,Xueting C. Ni,,,batch1_source_refs,WL-TOPIC-G45-HORROR,,,,,ERROR,REVIEW,,,LEAVE_BLANK,Wikidata 无可靠作品级 P577+P50 匹配,HTTPError
P2_EXTERNAL_MATCH_FRIENDLY,Sir Launfal.md,WL-WORK-2341,Sir Launfal,,托马斯·切斯特,Thomas Chestre,,,batch6_source_refs,WL-TOPIC-Q15;WL-TOPIC-Q15-KNIGHT,1960,T5,sir launfal,thomas chestre,ERROR,REVIEW,,,LEAVE_BLANK,Wikidata 无可靠作品级 P577+P50 匹配,HTTPError
P2_EXTERNAL_MATCH_FRIENDLY,Slave to Sensation.md,WL-WORK-1982,Slave to Sensation,,纳莉妮·辛格,Nalini Singh,,,batch5_source_refs,WL-TOPIC-Q2-LOVE,2006,T6,Slave to Sensation,Nalini Singh,ERROR,REVIEW,,,LEAVE_BLANK,Wikidata 无可靠作品级 P577+P50 匹配,HTTPError
P2_EXTERNAL_MATCH_FRIENDLY,Slogum House.md,WL-WORK-2343,Slogum House,,玛丽·桑多兹,Mari Sandoz,,,batch6_source_refs,WL-TOPIC-Q15;WL-TOPIC-Q15-WESTERN,1937,T4,Slogum House,Mari Sandoz,ERROR,REVIEW,,,LEAVE_BLANK,Wikidata 无可靠作品级 P577+P50 匹配,HTTPError
P2_EXTERNAL_MATCH_FRIENDLY,Smoky the Cowhorse.md,WL-WORK-2344,Smoky the Cowhorse,,威尔·詹姆斯,Will James,,,batch6_source_refs,WL-TOPIC-Q15;WL-TOPIC-Q15-WESTERN,,,Smoky The Cowhorse,"James, Will,",ERROR,REVIEW,,,LEAVE_BLANK,Wikidata 无可靠作品级 P577+P50 匹配,HTTPError
P2_EXTERNAL_MATCH_FRIENDLY,So Far from God.md,WL-WORK-2345,So Far from God,,安娜·卡斯蒂略,Ana Castillo,,,batch6_source_refs,WL-TOPIC-Q15;WL-TOPIC-Q15-WESTERN,1993,T6,So Far from God,Ana Castillo,ERROR,REVIEW,,,LEAVE_BLANK,Wikidata 无可靠作品级 P577+P50 匹配,HTTPError
P2_EXTERNAL_MATCH_FRIENDLY,Song for the Unraveling of the World.md,WL-WORK-0520,Song for the Unraveling of the World,,布赖恩·埃文森,Brian Evenson,,,batch1_source_refs,WL-TOPIC-G45-HORROR,2019,T6,Song for the Unraveling of the World,Brian Evenson,ERROR,REVIEW,,,LEAVE_BLANK,Wikidata 无可靠作品级 P577+P50 匹配,HTTPError
P2_EXTERNAL_MATCH_FRIENDLY,Sozaboy.md,WL-WORK-1983,Sozaboy,,肯·萨罗-维瓦,Saro-Wiwa,,,batch5_source_refs,WL-TOPIC-Q6-WAR,,,Sozaboy,Ken Saro-Wiwa,ERROR,REVIEW,,,LEAVE_BLANK,Wikidata 无可靠作品级 P577+P50 匹配,HTTPError
P2_EXTERNAL_MATCH_FRIENDLY,Spring and All.md,WL-WORK-1538,Spring and All,,威廉·卡洛斯·威廉斯,William Carlos Williams,,,batch4_source_refs,WL-TOPIC-M3-MODERNISM,1923,T4,Spring and all,William Carlos Williams,ERROR,REVIEW,,,LEAVE_BLANK,Wikidata 无可靠作品级 P577+P50 匹配,HTTPError
P2_EXTERNAL_MATCH_FRIENDLY,Starve Acre.md,WL-WORK-0521,Starve Acre,,安德鲁·迈克尔·赫尔利,Andrew Michael Hurley,,,batch1_source_refs,WL-TOPIC-G45-HORROR,2019,T6,Starve Acre,Andrew Michael Hurley,ERROR,REVIEW,,,LEAVE_BLANK,Wikidata 无可靠作品级 P577+P50 匹配,HTTPError
P2_EXTERNAL_MATCH_FRIENDLY,Sun and Saddle Leather.md,WL-WORK-2348,Sun and Saddle Leather,,查尔斯·巴杰·克拉克,Charles Badger Clark,,,batch6_source_refs,WL-TOPIC-Q15;WL-TOPIC-Q15-WESTERN,1915,T4,Sun and Saddle Leather,Charles Badger Clark,ERROR,REVIEW,,,LEAVE_BLANK,Wikidata 无可靠作品级 P577+P50 匹配,HTTPError
P2_EXTERNAL_MATCH_FRIENDLY,Sundown.md,WL-WORK-2349,Sundown,,约翰·约瑟夫·马修斯,John Joseph Mathews,,,batch6_source_refs,WL-TOPIC-Q15;WL-TOPIC-Q15-WESTERN,1934,T4,Sundown,John Joseph Mathews,ERROR,REVIEW,,,LEAVE_BLANK,Wikidata 无可靠作品级 P577+P50 匹配,HTTPError
P2_EXTERNAL_MATCH_FRIENDLY,Sword at Sunset.md,WL-WORK-2350,Sword at Sunset,,罗斯玛丽·萨克利夫,Rosemary Sutcliff,,,batch6_source_refs,WL-TOPIC-Q15;WL-TOPIC-Q15-KNIGHT,1963,T5,Sword at Sunset,Rosemary Sutcliff,ERROR,REVIEW,,,LEAVE_BLANK,Wikidata 无可靠作品级 P577+P50 匹配,HTTPError
P2_EXTERNAL_MATCH_FRIENDLY,Sóngoro cosongo.md,WL-WORK-1539,Sóngoro cosongo,,尼古拉斯·纪廉,Nicolás Guillén,,,batch4_source_refs,WL-TOPIC-R6-LATAM,1943,T4,Sóngoro cosongo,Nicolás Guillén,ERROR,REVIEW,,,LEAVE_BLANK,Wikidata 无可靠作品级 P577+P50 匹配,HTTPError
P2_EXTERNAL_MATCH_FRIENDLY,Tales of Soldiers and Civilians.md,WL-WORK-1984,Tales of Soldiers and Civilians,,安布罗斯·比尔斯,Ambrose Bierce,,,batch5_source_refs,WL-TOPIC-Q6-WAR,2012,T6,Tales of Soldiers and Civilians,Ambrose Bierce,ERROR,REVIEW,,,LEAVE_BLANK,Wikidata 无可靠作品级 P577+P50 匹配,HTTPError
P2_EXTERNAL_MATCH_FRIENDLY,Tarr.md,WL-WORK-1540,Tarr,,温德姆·刘易斯,Wyndham Lewis,,,batch4_source_refs,WL-TOPIC-M3-MODERNISM,1918,T4,Tarr,Wyndham Lewis,ERROR,REVIEW,,,LEAVE_BLANK,Wikidata 无可靠作品级 P577+P50 匹配,HTTPError
P2_EXTERNAL_MATCH_FRIENDLY,Teatro Grottesco.md,WL-WORK-0522,Teatro Grottesco,,托马斯·利戈蒂,Ligotti,,,batch1_source_refs,WL-TOPIC-G45-HORROR,,,Teatro Grottesco,Thomas Ligotti,ERROR,REVIEW,,,LEAVE_BLANK,Wikidata 无可靠作品级 P577+P50 匹配,HTTPError
P2_EXTERNAL_MATCH_FRIENDLY,Tell Me I'm Worthless.md,WL-WORK-0523,Tell Me I'm Worthless,,艾莉森·拉姆菲特,Alison Rumfitt,,,batch1_source_refs,WL-TOPIC-G45-HORROR,,,,,ERROR,REVIEW,,,LEAVE_BLANK,Wikidata 无可靠作品级 P577+P50 匹配,HTTPError
P2_EXTERNAL_MATCH_FRIENDLY,Testament of Youth.md,WL-WORK-1985,Testament of Youth,,薇拉·布里顿,Vera Brittain,,,batch5_source_refs,WL-TOPIC-Q6-WAR,1933,T4,Testament of youth,Vera Brittain,ERROR,REVIEW,,,LEAVE_BLANK,Wikidata 无可靠作品级 P577+P50 匹配,HTTPError
P2_EXTERNAL_MATCH_FRIENDLY,Thaddeus of Warsaw.md,WL-WORK-0945,Thaddeus of Warsaw,,简·波特,Jane Porter,,,batch2_source_refs,WL-TOPIC-G44-HISTORICAL,1800,T3,Thaddeus of Warsaw,Jane Porter,ERROR,REVIEW,,,LEAVE_BLANK,Wikidata 无可靠作品级 P577+P50 匹配,HTTPError
P2_EXTERNAL_MATCH_FRIENDLY,The Absolutely True Diary of a Part-Time Indian.md,WL-WORK-0946,The Absolutely True Diary of a Part-Time Indian,,谢尔曼·阿莱克西,Sherman Alexie,,,batch2_source_refs,WL-TOPIC-G43-BILDUNGSROMAN,2007,T6,The Absolutely True Diary of a Part-Time Indian,Sherman Alexie,ERROR,REVIEW,,,LEAVE_BLANK,Wikidata 无可靠作品级 P577+P50 匹配,HTTPError
P2_EXTERNAL_MATCH_FRIENDLY,The Adventures of Col. Daniel Boone.md,WL-WORK-2355,The Adventures of Col. Daniel Boone,,约翰·菲尔森,John Filson,,,batch6_source_refs,WL-TOPIC-Q15;WL-TOPIC-Q15-WESTERN,,,Kentucke and the adventures of Col. Daniel Boone,John Filson,ERROR,REVIEW,,,LEAVE_BLANK,Wikidata 无可靠作品级 P577+P50 匹配,HTTPError
P2_EXTERNAL_MATCH_FRIENDLY,The Adventures of Robin Hood.md,WL-WORK-2357,The Adventures of Robin Hood,,罗杰·兰塞林·格林,Roger Lancelyn Green,,,batch6_source_refs,WL-TOPIC-Q15;WL-TOPIC-Q15-OUTLAW,1956,T5,The Adventures of Robin Hood,Roger Lancelyn Green,ERROR,REVIEW,,,LEAVE_BLANK,Wikidata 无可靠作品级 P577+P50 匹配,HTTPError
P2_EXTERNAL_MATCH_FRIENDLY,The Amateur Gentleman.md,WL-WORK-2359,The Amateur Gentleman,,杰弗里·法诺尔,Jeffery Farnol,,,batch6_source_refs,WL-TOPIC-Q15;WL-TOPIC-Q15-SWASHBUCKLER,1900,T4,The amateur gentleman,Jeffery Farnol,ERROR,REVIEW,,,LEAVE_BLANK,Wikidata 无可靠作品级 P577+P50 匹配,HTTPError
P2_EXTERNAL_MATCH_FRIENDLY,The Assassination of Jesse James by the Coward Robert Ford.md,WL-WORK-2360,The Assassination of Jesse James by the Coward Robert Ford,,罗恩·汉森,Ron Hansen,,,batch6_source_refs,WL-TOPIC-Q15;WL-TOPIC-Q15-WESTERN;WL-TOPIC-Q15-OUTLAW,1983,T6,The Assassination of Jesse James by the Coward Robert Ford,Ron Hansen,ERROR,REVIEW,,,LEAVE_BLANK,Wikidata 无可靠作品级 P577+P50 匹配,HTTPError
P2_EXTERNAL_MATCH_FRIENDLY,The Assassination of Jesse James.md,WL-WORK-2361,The Assassination of Jesse James...,,罗恩·汉森,Ron Hansen,,,batch6_source_refs,WL-TOPIC-Q15;WL-TOPIC-Q15-WESTERN;WL-TOPIC-Q15-OUTLAW,,,The Assassination of Jesse James by the Coward Robert Ford,Ron Hansen,ERROR,REVIEW,,,LEAVE_BLANK,Wikidata 无可靠作品级 P577+P50 匹配,HTTPError
P2_EXTERNAL_MATCH_FRIENDLY,The Ballad of Black Tom.md,WL-WORK-0524,The Ballad of Black Tom,,维克多·拉瓦勒,Victor LaValle,,,batch1_source_refs,WL-TOPIC-G45-HORROR,2016,T6,The Ballad of Black Tom,Victor D. LaValle;Gökçe Çiçek,ERROR,REVIEW,,,LEAVE_BLANK,Wikidata 无可靠作品级 P577+P50 匹配,HTTPError
P2_EXTERNAL_MATCH_FRIENDLY,The Blessing Way.md,WL-WORK-2363,The Blessing Way,,托尼·希勒曼,Tony Hillerman,,,batch6_source_refs,WL-TOPIC-Q15;WL-TOPIC-Q15-WESTERN,1970,T5,The Blessing Way,Tony Hillerman,ERROR,REVIEW,,,LEAVE_BLANK,Wikidata 无可靠作品级 P577+P50 匹配,HTTPError
P2_EXTERNAL_MATCH_FRIENDLY,The Book of Deeds of Arms and of Chivalry.md,WL-WORK-2364,The Book of Deeds of Arms and of Chivalry,,克里斯蒂娜·德·皮桑,Christine de Pizan,,,batch6_source_refs,WL-TOPIC-Q15;WL-TOPIC-Q15-KNIGHT,1999,T6,The book of deeds of arms and of chivalry,Christine de Pisan,ERROR,REVIEW,,,LEAVE_BLANK,Wikidata 无可靠作品级 P577+P50 匹配,HTTPError
P2_EXTERNAL_MATCH_FRIENDLY,The Book of Not.md,WL-WORK-0947,The Book of Not,,齐齐·丹加雷姆加,Tsitsi Dangarembga,,,batch2_source_refs,WL-TOPIC-G43-BILDUNGSROMAN,2006,T6,The Book of Not,Tsitsi Dangarembga,ERROR,REVIEW,,,LEAVE_BLANK,Wikidata 无可靠作品级 P577+P50 匹配,HTTPError
P2_EXTERNAL_MATCH_FRIENDLY,The Book of the Order of Chivalry.md,WL-WORK-2366,The Book of the Order of Chivalry,,拉蒙·柳利,Ramon Llull,,,batch6_source_refs,WL-TOPIC-Q15;WL-TOPIC-Q15-KNIGHT,1991,T6,The book of the order of chivalry,Ramon Llull,ERROR,REVIEW,,,LEAVE_BLANK,Wikidata 无可靠作品级 P577+P50 匹配,HTTPError
P2_EXTERNAL_MATCH_FRIENDLY,The Boy Hunters.md,WL-WORK-0525,The Boy Hunters,,梅恩·里德,Mayne Reid,,,batch1_source_refs,WL-TOPIC-G45-ADVENTURE,1880,T3,The boy hunters,Mayne Reid,ERROR,REVIEW,,,LEAVE_BLANK,Wikidata 无可靠作品级 P577+P50 匹配,HTTPError
P2_EXTERNAL_MATCH_FRIENDLY,The Brave Cowboy.md,WL-WORK-2367,The Brave Cowboy,,爱德华·艾比,Abbey,,,batch6_source_refs,WL-TOPIC-Q15;WL-TOPIC-Q15-WESTERN;WL-TOPIC-Q15-OUTLAW,,,The Brave Cowboy,Edward Abbey,ERROR,REVIEW,,,LEAVE_BLANK,Wikidata 无可靠作品级 P577+P50 匹配,HTTPError
P2_EXTERNAL_MATCH_FRIENDLY,The Bride.md,WL-WORK-1986,The Bride,,朱莉·加伍德,Julie Garwood,,,batch5_source_refs,WL-TOPIC-Q2-LOVE,1989,T6,The Bride,Julie Garwood,ERROR,REVIEW,,,LEAVE_BLANK,Wikidata 无可靠作品级 P577+P50 匹配,HTTPError
P2_EXTERNAL_MATCH_FRIENDLY,The Buccaneers of America.md,WL-WORK-2368,The Buccaneers of America,,亚历山大·埃斯克梅林,Alexandre Exquemelin,,,batch6_source_refs,WL-TOPIC-Q15;WL-TOPIC-Q15-PIRATE,,,The History of the Buccaneers of America,Alexandre Olivier Exquemelin;Basil Ringrose;Ravenau De Lussan,ERROR,REVIEW,,,LEAVE_BLANK,Wikidata 无可靠作品级 P577+P50 匹配,HTTPError
P2_EXTERNAL_MATCH_FRIENDLY,The Case Against Satan.md,WL-WORK-0526,The Case Against Satan,,雷·拉塞尔,Ray Russell,,,batch1_source_refs,WL-TOPIC-G45-HORROR,1962,T5,The case against Satan,Ray Russell,ERROR,REVIEW,,,LEAVE_BLANK,Wikidata 无可靠作品级 P577+P50 匹配,HTTPError
P2_EXTERNAL_MATCH_FRIENDLY,The Ceremonies.md,WL-WORK-0527,The Ceremonies,,T.E.D.克莱因,T.E.D. Klein,,,batch1_source_refs,WL-TOPIC-G45-HORROR,1984,T6,The ceremonies,T. E. D. Klein,ERROR,REVIEW,,,LEAVE_BLANK,Wikidata 无可靠作品级 P577+P50 匹配,HTTPError
P2_EXTERNAL_MATCH_FRIENDLY,The Cipher.md,WL-WORK-0528,The Cipher,,凯丝·科娅,Kathe Koja,,,batch1_source_refs,WL-TOPIC-G45-HORROR,1991,T6,The Cipher,Kathe Koja,ERROR,REVIEW,,,LEAVE_BLANK,Wikidata 无可靠作品级 P577+P50 匹配,HTTPError
P2_EXTERNAL_MATCH_FRIENDLY,The City Inside.md,WL-WORK-0948,The City Inside,,萨米特·巴苏,Samit Basu,,,batch2_source_refs,WL-TOPIC-G46-DYSTOPIA,,,,,ERROR,REVIEW,,,LEAVE_BLANK,Wikidata 无可靠作品级 P577+P50 匹配,HTTPError
P2_EXTERNAL_MATCH_FRIENDLY,The Cold Dish.md,WL-WORK-2370,The Cold Dish,,克雷格·约翰逊,Craig Johnson,,,batch6_source_refs,WL-TOPIC-Q15;WL-TOPIC-Q15-WESTERN,2006,T6,The Cold Dish,Craig Johnson,ERROR,REVIEW,,,LEAVE_BLANK,Wikidata 无可靠作品级 P577+P50 匹配,HTTPError
P2_EXTERNAL_MATCH_FRIENDLY,The Conjure-Man Dies.md,WL-WORK-1542,The Conjure-Man Dies,,鲁道夫·费希尔,Rudolph Fisher,,,batch4_source_refs,WL-TOPIC-M3-MODERNISM,,,"The conjure-man dies, a mystery tale of dark Harlem",Rudolph Fisher,ERROR,REVIEW,,,LEAVE_BLANK,Wikidata 无可靠作品级 P577+P50 匹配,HTTPError
P2_EXTERNAL_MATCH_FRIENDLY,The Conquest.md,WL-WORK-2372,The Conquest,,奥斯卡·米肖,Oscar Micheaux,,,batch6_source_refs,WL-TOPIC-Q15;WL-TOPIC-Q15-WESTERN,1913,T4,The Conquest,Oscar Micheaux;Jayna J. Brown,ERROR,REVIEW,,,LEAVE_BLANK,Wikidata 无可靠作品级 P577+P50 匹配,HTTPError
P2_EXTERNAL_MATCH_FRIENDLY,The Coral Island.md,WL-WORK-0529,The Coral Island,,R.M.巴兰坦,Ballantyne,,,batch1_source_refs,WL-TOPIC-G45-ADVENTURE,1966,T5,the coral island,r.m. ballantyne,ERROR,REVIEW,,,LEAVE_BLANK,Wikidata 无可靠作品级 P577+P50 匹配,HTTPError
P2_EXTERNAL_MATCH_FRIENDLY,The Corsair.md,WL-WORK-2373,The Corsair,,拜伦,Byron,,,batch6_source_refs,WL-TOPIC-Q15;WL-TOPIC-Q15-PIRATE,,,The corsair,Lord Byron,ERROR,REVIEW,,,LEAVE_BLANK,Wikidata 无可靠作品级 P577+P50 匹配,HTTPError
P2_EXTERNAL_MATCH_FRIENDLY,The Day the Cowboys Quit.md,WL-WORK-2375,The Day the Cowboys Quit,,埃尔默·凯尔顿,Elmer Kelton,,,batch6_source_refs,WL-TOPIC-Q15;WL-TOPIC-Q15-WESTERN,1971,T5,The day the cowboys quit,Elmer Kelton,ERROR,REVIEW,,,LEAVE_BLANK,Wikidata 无可靠作品级 P577+P50 匹配,HTTPError
P2_EXTERNAL_MATCH_FRIENDLY,The Desert and the Sown.md,WL-WORK-1371,The Desert and the Sown,,格特鲁德·贝尔,Gertrude Bell,,,batch3_source_refs,WL-TOPIC-G7-TRAVEL,2001,T6,The Desert and the Sown,Gertrude Bell,ERROR,REVIEW,,,LEAVE_BLANK,Wikidata 无可靠作品级 P577+P50 匹配,HTTPError
P2_EXTERNAL_MATCH_FRIENDLY,The Doll Who Ate His Mother.md,WL-WORK-0531,The Doll Who Ate His Mother,,拉姆齐·坎贝尔,Ramsey Campbell,,,batch1_source_refs,WL-TOPIC-G45-HORROR,1976,T5,The Doll Who Ate His Mother,Ramsey Campbell,ERROR,REVIEW,,,LEAVE_BLANK,Wikidata 无可靠作品级 P577+P50 匹配,HTTPError
P2_EXTERNAL_MATCH_FRIENDLY,The Dreaming & Other Essays.md,WL-WORK-1372,The Dreaming & Other Essays,,W.E.H.斯坦纳,W.E.H. Stanner,,,batch3_source_refs,WL-TOPIC-G1-MYTH,,,,,ERROR,REVIEW,,,LEAVE_BLANK,Wikidata 无可靠作品级 P577+P50 匹配,HTTPError
P2_EXTERNAL_MATCH_FRIENDLY,The Elusive Pimpernel.md,WL-WORK-2378,The Elusive Pimpernel,,奥希兹男爵夫人,Baroness Orczy,,,batch6_source_refs,WL-TOPIC-Q15;WL-TOPIC-Q15-SWASHBUCKLER,,,The Elusive Pimpernel (Scarlet Pimpernel),Emma Orczy,ERROR,REVIEW,,,LEAVE_BLANK,Wikidata 无可靠作品级 P577+P50 匹配,HTTPError
P2_EXTERNAL_MATCH_FRIENDLY,The Fisherman.md,WL-WORK-0532,The Fisherman,,约翰·兰根,John Langan,,,batch1_source_refs,WL-TOPIC-G45-HORROR,2016,T6,The Fisherman,John Langan,ERROR,REVIEW,,,LEAVE_BLANK,Wikidata 无可靠作品级 P577+P50 匹配,HTTPError
P2_EXTERNAL_MATCH_FRIENDLY,The Flatshare.md,WL-WORK-1987,The Flatshare,,贝丝·奥利里,Beth O'Leary,,,batch5_source_refs,WL-TOPIC-Q2-LOVE,2019,T6,The Flatshare,Beth O'Leary,ERROR,REVIEW,,,LEAVE_BLANK,Wikidata 无可靠作品级 P577+P50 匹配,HTTPError
P2_EXTERNAL_MATCH_FRIENDLY,The Forging of a Rebel.md,WL-WORK-1988,The Forging of a Rebel,,阿图罗·巴雷亚,Arturo Barea,,,batch5_source_refs,WL-TOPIC-Q6-WAR,,,,,ERROR,REVIEW,,,LEAVE_BLANK,Wikidata 无可靠作品级 P577+P50 匹配,HTTPError
P2_EXTERNAL_MATCH_FRIENDLY,The Gaucho Genre.md,WL-WORK-2379,The Gaucho Genre,,约瑟菲娜·卢德梅尔,Josefina Ludmer,,,batch6_source_refs,WL-TOPIC-Q15;WL-TOPIC-Q15-GAUCHO,2002,T6,The gaucho genre,Josefina Ludmer,ERROR,REVIEW,,,LEAVE_BLANK,Wikidata 无可靠作品级 P577+P50 匹配,HTTPError
P2_EXTERNAL_MATCH_FRIENDLY,The Gilda Stories.md,WL-WORK-0533,The Gilda Stories,Gilda Stories,朱厄尔·戈麦斯,Jewelle Gomez,,,batch1_source_refs,WL-TOPIC-G45-HORROR,1991,T6,The Gilda Stories,Jewelle Gomez,ERROR,REVIEW,,,LEAVE_BLANK,Wikidata 无可靠作品级 P577+P50 匹配,HTTPError
P2_EXTERNAL_MATCH_FRIENDLY,The Good Old Boys.md,WL-WORK-2380,The Good Old Boys,,埃尔默·凯尔顿,Elmer Kelton,,,batch6_source_refs,WL-TOPIC-Q15;WL-TOPIC-Q15-WESTERN,1978,T5,The good old boys,Elmer Kelton,ERROR,REVIEW,,,LEAVE_BLANK,Wikidata 无可靠作品级 P577+P50 匹配,HTTPError
P2_EXTERNAL_MATCH_FRIENDLY,The Great Railway Bazaar.md,WL-WORK-1373,The Great Railway Bazaar,,保罗·索鲁,Paul Theroux,,,batch3_source_refs,WL-TOPIC-G7-TRAVEL,1975,T5,The Great Railway Bazaar,Paul Theroux,ERROR,REVIEW,,,LEAVE_BLANK,Wikidata 无可靠作品级 P577+P50 匹配,HTTPError
P2_EXTERNAL_MATCH_FRIENDLY,The Hanging Tree.md,WL-WORK-2381,The Hanging Tree,,多萝西·M.约翰逊,Dorothy M. Johnson,,,batch6_source_refs,WL-TOPIC-Q15;WL-TOPIC-Q15-WESTERN,1957,T5,The hanging tree,Dorothy M. Johnson,ERROR,REVIEW,,,LEAVE_BLANK,Wikidata 无可靠作品级 P577+P50 匹配,HTTPError
P2_EXTERNAL_MATCH_FRIENDLY,The Headless Horseman.md,WL-WORK-0535,The Headless Horseman,,梅恩·里德,Mayne Reid,,,batch1_source_refs,WL-TOPIC-G45-ADVENTURE,1800,T3,The headless horseman,Mayne Reid,ERROR,REVIEW,,,LEAVE_BLANK,Wikidata 无可靠作品级 P577+P50 匹配,HTTPError
P2_EXTERNAL_MATCH_FRIENDLY,The Homesteader.md,WL-WORK-2383,The Homesteader,,奥斯卡·米肖,Oscar Micheaux,,,batch6_source_refs,WL-TOPIC-Q15;WL-TOPIC-Q15-WESTERN,1917,T4,The homesteader,Oscar Micheaux,ERROR,REVIEW,,,LEAVE_BLANK,Wikidata 无可靠作品级 P577+P50 匹配,HTTPError
P2_EXTERNAL_MATCH_FRIENDLY,The House of the Wolf.md,WL-WORK-2384,The House of the Wolf,,斯坦利·韦曼,Stanley Weyman,,,batch6_source_refs,WL-TOPIC-Q15;WL-TOPIC-Q15-SWASHBUCKLER,,,The house of the wolf,Stanley John Weymann,ERROR,REVIEW,,,LEAVE_BLANK,Wikidata 无可靠作品级 P577+P50 匹配,HTTPError
P2_EXTERNAL_MATCH_FRIENDLY,The Hummingbird's Daughter.md,WL-WORK-2385,The Hummingbird's Daughter,,路易斯·阿尔贝托·乌雷亚,Luis Alberto Urrea,,,batch6_source_refs,WL-TOPIC-Q15;WL-TOPIC-Q15-WESTERN,2005,T6,The Hummingbird's Daughter,Luis Alberto Urrea,ERROR,REVIEW,,,LEAVE_BLANK,Wikidata 无可靠作品级 P577+P50 匹配,HTTPError
P2_EXTERNAL_MATCH_FRIENDLY,The Imago Sequence.md,WL-WORK-0536,The Imago Sequence,,莱尔德·巴伦,Laird Barron,,,batch1_source_refs,WL-TOPIC-G45-HORROR,,,"Imago Sequence, The",Laird Barron;Ray Porter,ERROR,REVIEW,,,LEAVE_BLANK,Wikidata 无可靠作品级 P577+P50 匹配,HTTPError
P2_EXTERNAL_MATCH_FRIENDLY,The Jump-Off Creek.md,WL-WORK-2386,The Jump-Off Creek,,莫莉·格洛斯,Molly Gloss,,,batch6_source_refs,WL-TOPIC-Q15;WL-TOPIC-Q15-WESTERN,1989,T6,The jump-off creek,Molly Gloss,ERROR,REVIEW,,,LEAVE_BLANK,Wikidata 无可靠作品级 P577+P50 匹配,HTTPError
P2_EXTERNAL_MATCH_FRIENDLY,The Kill Riff.md,WL-WORK-0537,The Kill Riff,,戴维·J.肖,David J. Schow,,,batch1_source_refs,WL-TOPIC-G45-HORROR,1988,T6,The kill riff,David J. Schow,ERROR,REVIEW,,,LEAVE_BLANK,Wikidata 无可靠作品级 P577+P50 匹配,HTTPError
P2_EXTERNAL_MATCH_FRIENDLY,The Kiss Quotient.md,WL-WORK-1989,The Kiss Quotient,,海伦·黄,Helen Hoang,,,batch5_source_refs,WL-TOPIC-Q2-LOVE,2018,T6,The Kiss Quotient,Helen Hoang,ERROR,REVIEW,,,LEAVE_BLANK,Wikidata 无可靠作品级 P577+P50 匹配,HTTPError
P2_EXTERNAL_MATCH_FRIENDLY,The Lady and the Monk.md,WL-WORK-1374,The Lady and the Monk,,皮科·艾尔,Pico Iyer,,,batch3_source_refs,WL-TOPIC-G7-TRAVEL,1991,T6,The lady and the monk,Pico Iyer,ERROR,REVIEW,,,LEAVE_BLANK,Wikidata 无可靠作品级 P577+P50 匹配,HTTPError
P2_EXTERNAL_MATCH_FRIENDLY,The Last Duty.md,WL-WORK-1990,The Last Duty,,伊西多尔·奥克佩沃,Isidore Okpewho,,,batch5_source_refs,WL-TOPIC-Q6-WAR,1976,T5,The last duty,Isidore Okpewho,ERROR,REVIEW,,,LEAVE_BLANK,Wikidata 无可靠作品级 P577+P50 匹配,HTTPError
P2_EXTERNAL_MATCH_FRIENDLY,The Last Good Kiss.md,WL-WORK-2388,The Last Good Kiss,,詹姆斯·克拉姆利,James Crumley,,,batch6_source_refs,WL-TOPIC-Q15;WL-TOPIC-Q15-WESTERN,1978,T5,The last good kiss,James Crumley,ERROR,REVIEW,,,LEAVE_BLANK,Wikidata 无可靠作品级 P577+P50 匹配,HTTPError
P2_EXTERNAL_MATCH_FRIENDLY,The Last House on Needless Street.md,WL-WORK-0538,The Last House on Needless Street,,卡特里奥娜·沃德,Catriona Ward,,,batch1_source_refs,WL-TOPIC-G45-HORROR,2021,T6,The Last House on Needless Street,Catriona Ward,ERROR,REVIEW,,,LEAVE_BLANK,Wikidata 无可靠作品级 P577+P50 匹配,HTTPError
P2_EXTERNAL_MATCH_FRIENDLY,The Led-Horse Claim.md,WL-WORK-2389,The Led-Horse Claim,,玛丽·哈洛克·富特,Mary Hallock Foote,,,batch6_source_refs,WL-TOPIC-Q15;WL-TOPIC-Q15-WESTERN,1968,T5,The Led-Horse Claim;,Mary (Hallock) Foote,ERROR,REVIEW,,,LEAVE_BLANK,Wikidata 无可靠作品级 P577+P50 匹配,HTTPError
P2_EXTERNAL_MATCH_FRIENDLY,The Life and Adventures of Nat Love.md,WL-WORK-2390,The Life and Adventures of Nat Love,,纳特·洛夫,Nat Love,,,batch6_source_refs,WL-TOPIC-Q15;WL-TOPIC-Q15-WESTERN,2010,T6,The Life and Adventures of Nat Love,Nat Love,ERROR,REVIEW,,,LEAVE_BLANK,Wikidata 无可靠作品级 P577+P50 匹配,HTTPError
P2_EXTERNAL_MATCH_FRIENDLY,The Light at the End.md,WL-WORK-0539,The Light at the End,,约翰·斯基普 / 克雷格·斯佩克特,John Skipp / Craig Spector,,,batch1_source_refs,WL-TOPIC-G45-HORROR,,,The Light at the End,John Skipp;Craig Spector,ERROR,REVIEW,,,LEAVE_BLANK,Wikidata 无可靠作品级 P577+P50 匹配,HTTPError
P2_EXTERNAL_MATCH_FRIENDLY,The Loney.md,WL-WORK-0540,The Loney,,安德鲁·迈克尔·赫尔利,Andrew Michael Hurley,,,batch1_source_refs,WL-TOPIC-G45-HORROR,2014,T6,The Loney,Andrew Michael Hurley,ERROR,REVIEW,,,LEAVE_BLANK,Wikidata 无可靠作品级 P577+P50 匹配,HTTPError
P2_EXTERNAL_MATCH_FRIENDLY,The Man Who Shot Liberty Valance.md,WL-WORK-2394,The Man Who Shot Liberty Valance,,多萝西·M.约翰逊,Dorothy M. Johnson,,,batch6_source_refs,WL-TOPIC-Q15;WL-TOPIC-Q15-WESTERN,2005,T6,The Man Who Shot Liberty Valance,Dorothy M. Johnson,ERROR,REVIEW,,,LEAVE_BLANK,Wikidata 无可靠作品级 P577+P50 匹配,HTTPError
P2_EXTERNAL_MATCH_FRIENDLY,The Manitous.md,WL-WORK-1375,The Manitous,,巴兹尔·约翰斯顿,Basil Johnston,,,batch3_source_refs,WL-TOPIC-G1-MYTH,1995,T6,The Manitous,Basil Johnston,ERROR,REVIEW,,,LEAVE_BLANK,Wikidata 无可靠作品级 P577+P50 匹配,HTTPError
P2_EXTERNAL_MATCH_FRIENDLY,The New Negro.md,WL-WORK-1543,The New Negro,,阿兰·洛克,Alain Locke 编,,,batch4_source_refs,WL-TOPIC-M3-MODERNISM,,,,,ERROR,REVIEW,,,LEAVE_BLANK,Wikidata 无可靠作品级 P577+P50 匹配,HTTPError
P2_EXTERNAL_MATCH_FRIENDLY,The Old Drift.md,WL-WORK-0950,The Old Drift,,纳姆瓦利·瑟佩尔,Namwali Serpell,,,batch2_source_refs,WL-TOPIC-G43-FAMILY,2019,T6,The Old Drift,Namwali Serpell,ERROR,REVIEW,,,LEAVE_BLANK,Wikidata 无可靠作品级 P577+P50 匹配,HTTPError
P2_EXTERNAL_MATCH_FRIENDLY,The Old Patagonian Express.md,WL-WORK-1377,The Old Patagonian Express,,保罗·索鲁,Paul Theroux,,,batch3_source_refs,WL-TOPIC-G7-TRAVEL,,,"Old Patagonian Express, The",Paul Theroux;Juan Gabriel López Guix,ERROR,REVIEW,,,LEAVE_BLANK,Wikidata 无可靠作品级 P577+P50 匹配,HTTPError
P2_EXTERNAL_MATCH_FRIENDLY,The Old Ways.md,WL-WORK-1378,The Old Ways,,罗伯特·麦克法伦,Robert Macfarlane,,,batch3_source_refs,WL-TOPIC-G7-TRAVEL,2012,T6,The Old Ways,Robert Macfarlane;Robin Sachs,ERROR,REVIEW,,,LEAVE_BLANK,Wikidata 无可靠作品级 P577+P50 匹配,HTTPError
P2_EXTERNAL_MATCH_FRIENDLY,The Oregon Trail.md,WL-WORK-2396,The Oregon Trail,,弗朗西斯·帕克曼,Francis Parkman,,,batch6_source_refs,WL-TOPIC-Q15;WL-TOPIC-Q15-WESTERN,1978,T5,The Oregon Trail,Francis Parkman,ERROR,REVIEW,,,LEAVE_BLANK,Wikidata 无可靠作品级 P577+P50 匹配,HTTPError
P2_EXTERNAL_MATCH_FRIENDLY,The Phantom Coach.md,WL-WORK-0543,The Phantom Coach,,阿梅莉亚·B.爱德华兹,Amelia B. Edwards,,,batch1_source_refs,WL-TOPIC-G45-HORROR,,,The Phantom Coach,"Edwards, Amelia Ann Blanford",ERROR,REVIEW,,,LEAVE_BLANK,Wikidata 无可靠作品级 P577+P50 匹配,HTTPError
P2_EXTERNAL_MATCH_FRIENDLY,The Pirate's Daughter.md,WL-WORK-2398,The Pirate's Daughter,,玛格丽特·塞泽尔-汤普森,Margaret Cezair-Thompson,,,batch6_source_refs,WL-TOPIC-Q15;WL-TOPIC-Q15-PIRATE,2007,T6,The Pirate's Daughter,Margaret Cezair-Thompson,ERROR,REVIEW,,,LEAVE_BLANK,Wikidata 无可靠作品级 P577+P50 匹配,HTTPError
P2_EXTERNAL_MATCH_FRIENDLY,The Principal Navigations.md,WL-WORK-1379,The Principal Navigations...,,理查德·哈克卢特,Richard Hakluyt,,,batch3_source_refs,WL-TOPIC-G7-TRAVEL,,,"The Principal Navigations, Voyages, Traffiques and Discoveries of the English Nation, V8",Richard Hakluyt,ERROR,REVIEW,,,LEAVE_BLANK,Wikidata 无可靠作品级 P577+P50 匹配,HTTPError
P2_EXTERNAL_MATCH_FRIENDLY,The Purple Land.md,WL-WORK-2399,The Purple Land,,W.H.赫德森,Hudson,,,batch6_source_refs,WL-TOPIC-Q15;WL-TOPIC-Q15-GAUCHO,,,The purple land,W. H. Hudson,ERROR,REVIEW,,,LEAVE_BLANK,Wikidata 无可靠作品级 P577+P50 匹配,HTTPError
P2_EXTERNAL_MATCH_FRIENDLY,The Pyrates.md,WL-WORK-2400,The Pyrates,,乔治·麦克唐纳·弗雷泽,解构,,,batch6_source_refs,WL-TOPIC-Q15;WL-TOPIC-Q15-SWASHBUCKLER,,,,,ERROR,REVIEW,,,LEAVE_BLANK,Wikidata 无可靠作品级 P577+P50 匹配,HTTPError
P2_EXTERNAL_MATCH_FRIENDLY,The Recess.md,WL-WORK-0951,The Recess,,索菲娅·李,Sophia Lee,,,batch2_source_refs,WL-TOPIC-G44-HISTORICAL,1785,T2,The recess,Sophia Lee,ERROR,REVIEW,,,LEAVE_BLANK,Wikidata 无可靠作品级 P577+P50 匹配,HTTPError
P2_EXTERNAL_MATCH_FRIENDLY,The Red Tree.md,WL-WORK-0544,The Red Tree,,凯特琳·R.基尔南,Caitlín R. Kiernan,,,batch1_source_refs,WL-TOPIC-G45-HORROR,2009,T6,The red tree,Caitlín R. Kiernan,ERROR,REVIEW,,,LEAVE_BLANK,Wikidata 无可靠作品级 P577+P50 匹配,HTTPError
P2_EXTERNAL_MATCH_FRIENDLY,The Right Swipe.md,WL-WORK-1992,The Right Swipe,,阿丽莎·拉伊,Alisha Rai,,,batch5_source_refs,WL-TOPIC-Q2-LOVE,2019,T6,the Right swipe,Alisha Rai,ERROR,REVIEW,,,LEAVE_BLANK,Wikidata 无可靠作品级 P577+P50 匹配,HTTPError
P2_EXTERNAL_MATCH_FRIENDLY,The Ritual.md,WL-WORK-0546,The Ritual,,亚当·内维尔,Adam Nevill,,,batch1_source_refs,WL-TOPIC-G45-HORROR,2012,T6,The ritual,Adam Nevill,ERROR,REVIEW,,,LEAVE_BLANK,Wikidata 无可靠作品级 P577+P50 匹配,HTTPError
P2_EXTERNAL_MATCH_FRIENDLY,The Road to Oxiana.md,WL-WORK-1380,The Road to Oxiana,,罗伯特·拜伦,Robert Byron,,,batch3_source_refs,WL-TOPIC-G7-TRAVEL,1937,T4,The road to Oxiana,Robert Byron,ERROR,REVIEW,,,LEAVE_BLANK,Wikidata 无可靠作品级 P577+P50 匹配,HTTPError
P2_EXTERNAL_MATCH_FRIENDLY,The Saga of Billy the Kid.md,WL-WORK-2403,The Saga of Billy the Kid,,沃尔特·诺布尔·伯恩斯,Walter Noble Burns,,,batch6_source_refs,WL-TOPIC-Q15;WL-TOPIC-Q15-OUTLAW,1926,T4,The saga of Billy the Kid,Walter Noble Burns,ERROR,REVIEW,,,LEAVE_BLANK,Wikidata 无可靠作品级 P577+P50 匹配,HTTPError
P2_EXTERNAL_MATCH_FRIENDLY,The Scottish Chiefs.md,WL-WORK-0952,The Scottish Chiefs,,简·波特,Jane Porter,,,batch2_source_refs,WL-TOPIC-G44-HISTORICAL,1800,T3,The Scottish Chiefs,Jane Porter,ERROR,REVIEW,,,LEAVE_BLANK,Wikidata 无可靠作品级 P577+P50 匹配,HTTPError
P2_EXTERNAL_MATCH_FRIENDLY,The Shootist.md,WL-WORK-2405,The Shootist,,格伦登·斯沃索特,Glendon Swarthout,,,batch6_source_refs,WL-TOPIC-Q15;WL-TOPIC-Q15-WESTERN;WL-TOPIC-Q15-PIRATE,1975,T5,The Shootist,Glendon Fred Swarthout,ERROR,REVIEW,,,LEAVE_BLANK,Wikidata 无可靠作品级 P577+P50 匹配,HTTPError
P2_EXTERNAL_MATCH_FRIENDLY,The Sisters Brothers.md,WL-WORK-2406,The Sisters Brothers,,帕特里克·德威特,Patrick deWitt,,,batch6_source_refs,WL-TOPIC-Q15;WL-TOPIC-Q15-WESTERN;WL-TOPIC-Q15-OUTLAW,2011,T6,The Sisters Brothers,Patrick deWitt,ERROR,REVIEW,,,LEAVE_BLANK,Wikidata 无可靠作品级 P577+P50 匹配,HTTPError
P2_EXTERNAL_MATCH_FRIENDLY,The Six-Gun Tarot.md,WL-WORK-2407,The Six-Gun Tarot,,R.S.贝尔彻,R.S. Belcher,,,batch6_source_refs,WL-TOPIC-Q15;WL-TOPIC-Q15-WESTERN,,,,,ERROR,REVIEW,,,LEAVE_BLANK,Wikidata 无可靠作品级 P577+P50 匹配,HTTPError
P2_EXTERNAL_MATCH_FRIENDLY,The Squatter and the Don.md,WL-WORK-2408,The Squatter and the Don,,海伦·亨特·杰克逊,Helen Hunt Jackson,,,batch6_source_refs,WL-TOPIC-Q15;WL-TOPIC-Q15-WESTERN,,,,,ERROR,REVIEW,,,LEAVE_BLANK,Wikidata 无可靠作品级 P577+P50 匹配,HTTPError
P2_EXTERNAL_MATCH_FRIENDLY,The Sunne in Splendour.md,WL-WORK-0953,The Sunne in Splendour,,莎伦·凯·彭曼,Sharon Kay Penman,,,batch2_source_refs,WL-TOPIC-G44-HISTORICAL,1990,T6,The sunne in splendour,Sharon Kay Penman,ERROR,REVIEW,,,LEAVE_BLANK,Wikidata 无可靠作品级 P577+P50 匹配,HTTPError
P2_EXTERNAL_MATCH_FRIENDLY,The Surrendered.md,WL-WORK-1993,The Surrendered,,李昌来,Chang-rae Lee,,,batch5_source_refs,WL-TOPIC-Q6-WAR,2008,T6,The Surrendered,Chang-rae Lee,ERROR,REVIEW,,,LEAVE_BLANK,Wikidata 无可靠作品级 P577+P50 匹配,HTTPError
P2_EXTERNAL_MATCH_FRIENDLY,The Surrounded.md,WL-WORK-2411,The Surrounded,,达西·麦克尼克尔,D'Arcy McNickle,,,batch6_source_refs,WL-TOPIC-Q15;WL-TOPIC-Q15-WESTERN,1936,T4,The surrounded,D'Arcy McNickle,ERROR,REVIEW,,,LEAVE_BLANK,Wikidata 无可靠作品级 P577+P50 匹配,HTTPError
P2_EXTERNAL_MATCH_FRIENDLY,The Thousand Crimes of Ming Tsu.md,WL-WORK-2414,The Thousand Crimes of Ming Tsu,,汤姆·林,Tom Lin,,,batch6_source_refs,WL-TOPIC-Q15;WL-TOPIC-Q15-WESTERN;WL-TOPIC-Q15-OUTLAW,2021,T6,The Thousand Crimes of Ming Tsu,Tom Lin,ERROR,REVIEW,,,LEAVE_BLANK,Wikidata 无可靠作品级 P577+P50 匹配,HTTPError
P2_EXTERNAL_MATCH_FRIENDLY,The Time It Never Rained.md,WL-WORK-2415,The Time It Never Rained,,埃尔默·凯尔顿,Kelton,,,batch6_source_refs,WL-TOPIC-Q15;WL-TOPIC-Q15-WESTERN,,,The Time It Never Rained,Elmer Kelton,ERROR,REVIEW,,,LEAVE_BLANK,Wikidata 无可靠作品级 P577+P50 匹配,HTTPError
P2_EXTERNAL_MATCH_FRIENDLY,The Underdogs ／ Los de abajo.md,WL-WORK-2416,The Underdogs / Los de abajo,,马里亚诺·阿苏埃拉,Mariano Azuela,,,batch6_source_refs,WL-TOPIC-Q15;WL-TOPIC-Q15-OUTLAW,,,Los De Abajo/the Underdogs (Penguin Ediciones),Mariano Azuela,ERROR,REVIEW,,,LEAVE_BLANK,Wikidata 无可靠作品级 P577+P50 匹配,HTTPError
P2_EXTERNAL_MATCH_FRIENDLY,The Untamed.md,WL-WORK-2417,The Untamed,,马克斯·布兰德,Max Brand,,,batch6_source_refs,WL-TOPIC-Q15;WL-TOPIC-Q15-WESTERN,,,The Untamed,Frederick Faust,ERROR,REVIEW,,,LEAVE_BLANK,Wikidata 无可靠作品级 P577+P50 匹配,HTTPError
P2_EXTERNAL_MATCH_FRIENDLY,The Valleys of the Assassins.md,WL-WORK-1382,The Valleys of the Assassins,,弗雷娅·斯塔克,Freya Stark,,,batch3_source_refs,WL-TOPIC-G7-TRAVEL,1978,T5,The Valley of the Assassins,Freya Stark,ERROR,REVIEW,,,LEAVE_BLANK,Wikidata 无可靠作品级 P577+P50 匹配,HTTPError
P2_EXTERNAL_MATCH_FRIENDLY,The Viscount Who Loved Me.md,WL-WORK-1994,The Viscount Who Loved Me,,朱莉娅·奎因,Julia Quinn,,,batch5_source_refs,WL-TOPIC-Q2-LOVE,2000,T6,The Viscount Who Loved Me,Julia Quinn,ERROR,REVIEW,,,LEAVE_BLANK,Wikidata 无可靠作品级 P577+P50 匹配,HTTPError
P2_EXTERNAL_MATCH_FRIENDLY,The Wedding Date.md,WL-WORK-1995,The Wedding Date,,贾丝明·吉洛里,Jasmine Guillory,,,batch5_source_refs,WL-TOPIC-Q2-LOVE,2018,T6,The wedding date,Jasmine Guillory,ERROR,REVIEW,,,LEAVE_BLANK,Wikidata 无可靠作品级 P577+P50 匹配,HTTPError
P2_EXTERNAL_MATCH_FRIENDLY,The Yellow Birds.md,WL-WORK-1996,The Yellow Birds,,凯文·鲍尔斯,Kevin Powers,,,batch5_source_refs,WL-TOPIC-Q6-WAR,2012,T6,The yellow birds,Kevin Powers,ERROR,REVIEW,,,LEAVE_BLANK,Wikidata 无可靠作品级 P577+P50 匹配,HTTPError
P2_EXTERNAL_MATCH_FRIENDLY,These Thousand Hills.md,WL-WORK-2421,These Thousand Hills,,A.B.格思里,A.B. Guthrie Jr.,,,batch6_source_refs,WL-TOPIC-Q15;WL-TOPIC-Q15-WESTERN,1956,T5,These thousand hills,A. B. Guthrie,ERROR,REVIEW,,,LEAVE_BLANK,Wikidata 无可靠作品级 P577+P50 匹配,HTTPError
P2_EXTERNAL_MATCH_FRIENDLY,Things Have Gotten Worse Since We Last Spoke.md,WL-WORK-0549,Things Have Gotten Worse Since We Last Spoke,,埃里克·拉罗卡,Eric LaRocca,,,batch1_source_refs,WL-TOPIC-G45-HORROR,2021,T6,Things Have Gotten Worse Since We Last Spoke,Eric LaRocca,ERROR,REVIEW,,,LEAVE_BLANK,Wikidata 无可靠作品级 P577+P50 匹配,HTTPError
P2_EXTERNAL_MATCH_FRIENDLY,This One Summer.md,WL-WORK-0954,This One Summer,,玉木真理子 / 吉莉安·玉木,Mariko & Jillian Tamaki,,,batch2_source_refs,WL-TOPIC-G43-BILDUNGSROMAN,,,,,ERROR,REVIEW,,,LEAVE_BLANK,Wikidata 无可靠作品级 P577+P50 匹配,HTTPError
P2_EXTERNAL_MATCH_FRIENDLY,Those Across the River.md,WL-WORK-0550,Those Across the River,,克里斯托弗·比尔曼,Christopher Buehlman,,,batch1_source_refs,WL-TOPIC-G45-HORROR,2011,T6,Those across the river,Christopher Buehlman,ERROR,REVIEW,,,LEAVE_BLANK,Wikidata 无可靠作品级 P577+P50 匹配,HTTPError
P2_EXTERNAL_MATCH_FRIENDLY,Tirant lo Blanc.md,WL-WORK-2422,Tirant lo Blanc,,若阿诺特·马托雷尔,Joanot Martorell,,,batch6_source_refs,WL-TOPIC-Q15;WL-TOPIC-Q15-KNIGHT,2005,T6,Tirant lo Blanc,Joanot Martorell;Ismael Torres;Ramon Masnou Ferrer,ERROR,REVIEW,,,LEAVE_BLANK,Wikidata 无可靠作品级 P577+P50 匹配,HTTPError
P2_EXTERNAL_MATCH_FRIENDLY,Tlingit Myths and Texts.md,WL-WORK-1383,Tlingit Myths and Texts,,约翰·R.斯旺顿,John R. Swanton,,,batch3_source_refs,WL-TOPIC-G1-MYTH,1909,T4,Tlingit myths and texts,John Reed Swanton,ERROR,REVIEW,,,LEAVE_BLANK,Wikidata 无可靠作品级 P577+P50 匹配,HTTPError
P2_EXTERNAL_MATCH_FRIENDLY,Torto Arado.md,WL-WORK-1544,Torto Arado,,伊塔马尔·维埃拉·儒尼奥尔,乡村,,,batch4_source_refs,WL-TOPIC-R6-LATAM,,,,,ERROR,REVIEW,,,LEAVE_BLANK,Wikidata 无可靠作品级 P577+P50 匹配,HTTPError
P2_EXTERNAL_MATCH_FRIENDLY,Tracks.md,WL-WORK-1384,Tracks,,罗宾·戴维森,Robyn Davidson,,,batch3_source_refs,WL-TOPIC-G7-TRAVEL,1980,T6,Tracks,Robyn Davidson,ERROR,REVIEW,,,LEAVE_BLANK,Wikidata 无可靠作品级 P577+P50 匹配,HTTPError
P2_EXTERNAL_MATCH_FRIENDLY,Travels in West Africa.md,WL-WORK-1385,Travels in West Africa,,玛丽·金斯利,Mary Kingsley,,,batch3_source_refs,WL-TOPIC-G7-TRAVEL,1965,T5,Travels in West Africa,Mary H. Kingsley,ERROR,REVIEW,,,LEAVE_BLANK,Wikidata 无可靠作品级 P577+P50 匹配,HTTPError
P2_EXTERNAL_MATCH_FRIENDLY,Travels through France and Italy.md,WL-WORK-1386,Travels through France and Italy,,斯摩莱特,Smollett,,,batch3_source_refs,WL-TOPIC-G7-TRAVEL,,,Travels Through France and Italy,Tobias Smollett,ERROR,REVIEW,,,LEAVE_BLANK,Wikidata 无可靠作品级 P577+P50 匹配,HTTPError
P2_EXTERNAL_MATCH_FRIENDLY,Tristan.md,WL-WORK-2423,Tristan,,贝鲁尔,Béroul,,,batch6_source_refs,WL-TOPIC-Q15;WL-TOPIC-Q15-KNIGHT,,,Roman de Tristan,Béroul,ERROR,REVIEW,,,LEAVE_BLANK,Wikidata 无可靠作品级 P577+P50 匹配,HTTPError
P2_EXTERNAL_MATCH_FRIENDLY,Unbeaten Tracks in Japan.md,WL-WORK-1388,Unbeaten Tracks in Japan,,伊莎贝拉·伯德,Bird,,,batch3_source_refs,WL-TOPIC-G7-TRAVEL,,,Unbeaten tracks in Japan,Isabella L. Bird,ERROR,REVIEW,,,LEAVE_BLANK,Wikidata 无可靠作品级 P577+P50 匹配,HTTPError
P2_EXTERNAL_MATCH_FRIENDLY,Uncanny Stories.md,WL-WORK-0551,Uncanny Stories,,梅·辛克莱,May Sinclair,,,batch1_source_refs,WL-TOPIC-G45-HORROR,1923,T4,Uncanny stories,May Sinclair,ERROR,REVIEW,,,LEAVE_BLANK,Wikidata 无可靠作品级 P577+P50 匹配,HTTPError
P2_EXTERNAL_MATCH_FRIENDLY,Under the Feet of Jesus.md,WL-WORK-2426,Under the Feet of Jesus,,海伦娜·玛丽亚·比拉蒙特斯,Helena María Viramontes,,,batch6_source_refs,WL-TOPIC-Q15;WL-TOPIC-Q15-WESTERN,1995,T6,Under the feet of Jesus,Helena María Viramontes,ERROR,REVIEW,,,LEAVE_BLANK,Wikidata 无可靠作品级 P577+P50 匹配,HTTPError
P2_EXTERNAL_MATCH_FRIENDLY,Under the Red Robe.md,WL-WORK-2427,Under the Red Robe,,斯坦利·韦曼,Stanley Weyman,,,batch6_source_refs,WL-TOPIC-Q15;WL-TOPIC-Q15-SWASHBUCKLER,,,Under the red robe,Stanley John Weymann,ERROR,REVIEW,,,LEAVE_BLANK,Wikidata 无可靠作品级 P577+P50 匹配,HTTPError
P2_EXTERNAL_MATCH_FRIENDLY,Undertones of War.md,WL-WORK-1997,Undertones of War,,埃德蒙·布伦登,Edmund Blunden,,,batch5_source_refs,WL-TOPIC-Q6-WAR,1928,T4,Undertones of war,Edmund Blunden,ERROR,REVIEW,,,LEAVE_BLANK,Wikidata 无可靠作品级 P577+P50 匹配,HTTPError
P2_EXTERNAL_MATCH_FRIENDLY,Uninhabited House.md,WL-WORK-0552,Uninhabited House,,夏洛特·里德尔,Charlotte Riddell,,,batch1_source_refs,WL-TOPIC-G45-HORROR,,,The Uninhabited House,Charlotte Riddell,ERROR,REVIEW,,,LEAVE_BLANK,Wikidata 无可靠作品级 P577+P50 匹配,HTTPError
P2_EXTERNAL_MATCH_FRIENDLY,Unsouled.md,WL-WORK-0553,Unsouled,,威尔·怀特,Will Wight,,,batch1_source_refs,WL-TOPIC-G45-FANTASY,2017,T6,Unsouled,Will Wight,ERROR,REVIEW,,,LEAVE_BLANK,Wikidata 无可靠作品级 P577+P50 匹配,HTTPError
P2_EXTERNAL_MATCH_FRIENDLY,Video Night in Kathmandu.md,WL-WORK-1389,Video Night in Kathmandu,,皮科·艾尔,Pico Iyer,,,batch3_source_refs,WL-TOPIC-G7-TRAVEL,1988,T6,Video night in Kathmandu,Pico Iyer,ERROR,REVIEW,,,LEAVE_BLANK,Wikidata 无可靠作品级 P577+P50 匹配,HTTPError
P2_EXTERNAL_MATCH_FRIENDLY,Vox.md,WL-WORK-0955,Vox,,克里斯蒂娜·达尔彻,Christina Dalcher,,,batch2_source_refs,WL-TOPIC-G46-DYSTOPIA,2018,T6,Vox,Christina Dalcher,ERROR,REVIEW,,,LEAVE_BLANK,Wikidata 无可靠作品级 P577+P50 匹配,HTTPError
P2_EXTERNAL_MATCH_FRIENDLY,War Trash.md,WL-WORK-1999,War Trash,,哈金,Ha Jin,,,batch5_source_refs,WL-TOPIC-Q6-WAR,2004,T6,War trash,Ha Jin,ERROR,REVIEW,,,LEAVE_BLANK,Wikidata 无可靠作品级 P577+P50 匹配,HTTPError
P2_EXTERNAL_MATCH_FRIENDLY,Warlock.md,WL-WORK-2428,Warlock,,奥克利·霍尔,Oakley Hall,,,batch6_source_refs,WL-TOPIC-Q15;WL-TOPIC-Q15-WESTERN,1958,T5,Warlock,Oakley Hall,ERROR,REVIEW,,,LEAVE_BLANK,Wikidata 无可靠作品级 P577+P50 匹配,HTTPError
P2_EXTERNAL_MATCH_FRIENDLY,West with the Night.md,WL-WORK-0554,West with the Night,,贝丽尔·马卡姆,Beryl Markham,,,batch1_source_refs,WL-TOPIC-G45-ADVENTURE,1942,T4,West with the night,Beryl Markham,ERROR,REVIEW,,,LEAVE_BLANK,Wikidata 无可靠作品级 P577+P50 匹配,HTTPError
P2_EXTERNAL_MATCH_FRIENDLY,"Whitney, My Love.md",WL-WORK-2000,"Whitney, My Love",,朱迪思·麦克诺特,Judith McNaught,,,batch5_source_refs,WL-TOPIC-Q2-LOVE,1985,T6,"Whitney, My Love",Judith McNaught,ERROR,REVIEW,,,LEAVE_BLANK,Wikidata 无可靠作品级 P577+P50 匹配,HTTPError
P2_EXTERNAL_MATCH_FRIENDLY,Who Remembers the Sea.md,WL-WORK-2001,Who Remembers the Sea,,穆罕默德·迪布,Mohammed Dib,,,batch5_source_refs,WL-TOPIC-Q6-WAR,1985,T6,Who remembers the sea,Mohammed Dib,ERROR,REVIEW,,,LEAVE_BLANK,Wikidata 无可靠作品级 P577+P50 匹配,HTTPError
P2_EXTERNAL_MATCH_FRIENDLY,Willehalm.md,WL-WORK-2430,Willehalm,,沃尔夫拉姆·冯·埃申巴赫,Wolfram von Eschenbach,,,batch6_source_refs,WL-TOPIC-Q15;WL-TOPIC-Q15-KNIGHT,1941,T4,Willehalm,Wolfram von Eschenbach;Bernd Schirok;Albert Leitzmann;Dieter Kartschoke;Joachim Heinzle,ERROR,REVIEW,,,LEAVE_BLANK,Wikidata 无可靠作品级 P577+P50 匹配,HTTPError
P2_EXTERNAL_MATCH_FRIENDLY,Winter in the Blood.md,WL-WORK-2431,Winter in the Blood,,詹姆斯·韦尔奇,James Welch,,,batch6_source_refs,WL-TOPIC-Q15;WL-TOPIC-Q15-WESTERN,1974,T5,Winter in the blood,James Welch,ERROR,REVIEW,,,LEAVE_BLANK,Wikidata 无可靠作品级 P577+P50 匹配,HTTPError
P2_EXTERNAL_MATCH_FRIENDLY,With Clive in India.md,WL-WORK-0555,With Clive in India,,G.A.亨蒂,G. A. Henty,,,batch1_source_refs,WL-TOPIC-G45-ADVENTURE,2012,T6,With Clive in India,G. A. Henty;Ashraf-ul Alam Shikder,ERROR,REVIEW,,,LEAVE_BLANK,Wikidata 无可靠作品级 P577+P50 匹配,HTTPError
P2_EXTERNAL_MATCH_FRIENDLY,With His Pistol in His Hand.md,WL-WORK-2432,With His Pistol in His Hand,,阿梅里科·帕雷德斯,Américo Paredes,,,batch6_source_refs,WL-TOPIC-Q15;WL-TOPIC-Q15-OUTLAW,1958,T5,With his pistol in his hand,Américo Paredes,ERROR,REVIEW,,,LEAVE_BLANK,Wikidata 无可靠作品级 P577+P50 匹配,HTTPError
P2_EXTERNAL_MATCH_FRIENDLY,With Wolfe in Canada.md,WL-WORK-0556,With Wolfe in Canada,,G.A.亨蒂,G. A. Henty,,,batch1_source_refs,WL-TOPIC-G45-ADVENTURE,2021,T6,With Wolfe in Canada,G. A. Henty,ERROR,REVIEW,,,LEAVE_BLANK,Wikidata 无可靠作品级 P577+P50 匹配,HTTPError
P2_EXTERNAL_MATCH_FRIENDLY,Wounds.md,WL-WORK-0557,Wounds,,内森·巴林拉德,Nathan Ballingrud,,,batch1_source_refs,WL-TOPIC-G45-HORROR,2019,T6,Wounds,Nathan Ballingrud,ERROR,REVIEW,,,LEAVE_BLANK,Wikidata 无可靠作品级 P577+P50 匹配,HTTPError
P2_EXTERNAL_MATCH_FRIENDLY,Yoruba Myths.md,WL-WORK-1390,Yoruba Myths,,乌利·拜尔,Ulli Beier,,,batch3_source_refs,WL-TOPIC-G1-MYTH,1980,T6,Yoruba myths,Ulli Beier,ERROR,REVIEW,,,LEAVE_BLANK,Wikidata 无可靠作品级 P577+P50 匹配,HTTPError
P2_EXTERNAL_MATCH_FRIENDLY,不再存在的女人.md,WL-WORK-0230,不再存在的女人,Celle qui n'était plus,布瓦洛-纳尔瑟雅克,Boileau-Narcejac,,,,WL-TOPIC-G45-MYSTERY,1999,T6,Celle Qui N'etait Plus,Boileau-Narcejac,ERROR,REVIEW,,,LEAVE_BLANK,Wikidata 无可靠作品级 P577+P50 匹配,HTTPError
P2_EXTERNAL_MATCH_FRIENDLY,不要回头.md,WL-WORK-0224,不要回头,Don't Look Back,卡琳·福萨姆,Karin Fossum,,,,WL-TOPIC-G45-MYSTERY,2005,T6,Don't Look Back,Karin Fossum,ERROR,REVIEW,,,LEAVE_BLANK,Wikidata 无可靠作品级 P577+P50 匹配,HTTPError
P2_EXTERNAL_MATCH_FRIENDLY,世界的用法.md,WL-WORK-1393,世界的用法,The Way of the World,尼古拉·布维耶,Nicolas Bouvier,,,batch3_source_refs,WL-TOPIC-G7-TRAVEL,2009,T6,The way of the world,Nicolas Bouvier,ERROR,REVIEW,,,LEAVE_BLANK,Wikidata 无可靠作品级 P577+P50 匹配,HTTPError
P2_EXTERNAL_MATCH_FRIENDLY,两扇门的房子不好守.md,WL-WORK-2442,两扇门的房子不好守,"Casa con dos puertas, mala es de guardar",卡尔德隆,Pedro Calderón de la Barca,,,batch6_source_refs,WL-TOPIC-Q15;WL-TOPIC-Q15-SWASHBUCKLER,1946,T5,Casa con dos Puertas Mala es de Guardar,Pedro Calderón de la Barca,ERROR,REVIEW,,,LEAVE_BLANK,Wikidata 无可靠作品级 P577+P50 匹配,HTTPError
P2_EXTERNAL_MATCH_FRIENDLY,乌鸦之黑.md,WL-WORK-0116,乌鸦之黑,Raven Black,安·克里夫斯,Ann Cleeves,,,,WL-TOPIC-G45-MYSTERY,2006,T6,Raven Black,Ann Cleeves,ERROR,REVIEW,,,LEAVE_BLANK,Wikidata 无可靠作品级 P577+P50 匹配,HTTPError
P2_EXTERNAL_MATCH_FRIENDLY,人骨拼图.md,WL-WORK-0123,人骨拼图,The Bone Collector,杰弗里·迪弗,Jeffery Deaver,,,,WL-TOPIC-G45-MYSTERY,2004,T6,The Bone Collector,Jeffery Deaver,ERROR,REVIEW,,,LEAVE_BLANK,Wikidata 无可靠作品级 P577+P50 匹配,HTTPError
P2_EXTERNAL_MATCH_FRIENDLY,传奇与拿铁.md,WL-WORK-0582,传奇与拿铁,Legends & Lattes,特拉维斯·鲍德里,Travis Baldree,,,batch1_source_refs,WL-TOPIC-G45-FANTASY,2022,T6,Legends & Lattes,Travis Baldree,ERROR,REVIEW,,,LEAVE_BLANK,Wikidata 无可靠作品级 P577+P50 匹配,HTTPError
P2_EXTERNAL_MATCH_FRIENDLY,全面混乱.md,WL-WORK-0240,全面混乱,Total Chaos,让-克洛德·伊佐,Jean-Claude Izzo,,,,WL-TOPIC-G45-MYSTERY,2005,T6,Total Chaos,Jean-Claude Izzo,ERROR,REVIEW,,,LEAVE_BLANK,Wikidata 无可靠作品级 P577+P50 匹配,HTTPError
P2_EXTERNAL_MATCH_FRIENDLY,公主新娘.md,WL-WORK-2454,公主新娘,The Princess Bride,威廉·戈德曼,William Goldman,,,batch6_source_refs,WL-TOPIC-Q15;WL-TOPIC-Q15-SWASHBUCKLER,1973,T5,The Princess Bride,William Goldman,ERROR,REVIEW,,,LEAVE_BLANK,Wikidata 无可靠作品级 P577+P50 匹配,HTTPError
P2_EXTERNAL_MATCH_FRIENDLY,冬日女王.md,WL-WORK-0137,冬日女王,The Winter Queen,鲍里斯·阿库宁,Boris Akunin,,,,WL-TOPIC-G45-MYSTERY,2002,T6,The Winter Queen,Boris Akunin,ERROR,REVIEW,,,LEAVE_BLANK,Wikidata 无可靠作品级 P577+P50 匹配,HTTPError
P2_EXTERNAL_MATCH_FRIENDLY,原野奇侠.md,WL-WORK-2473,原野奇侠,Shane,杰克·谢弗,Jack Schaefer,,,batch6_source_refs,WL-TOPIC-Q15;WL-TOPIC-Q15-WESTERN,1920,T4,Shane,Jack Schaefer,ERROR,REVIEW,,,LEAVE_BLANK,Wikidata 无可靠作品级 P577+P50 匹配,HTTPError
P2_EXTERNAL_MATCH_FRIENDLY,召唤魔鬼.md,WL-WORK-0069,召唤魔鬼,Whistle Up the Devil,德里克·史密斯,Derek Smith,,,,WL-TOPIC-G45-MYSTERY,2015,T6,Whistle Up the Devil,Derek Smith,ERROR,REVIEW,,,LEAVE_BLANK,Wikidata 无可靠作品级 P577+P50 匹配,HTTPError
P2_EXTERNAL_MATCH_FRIENDLY,咆哮营的幸运儿.md,WL-WORK-2480,咆哮营的幸运儿,The Luck of Roaring Camp,布雷特·哈特,Bret Harte,,,batch6_source_refs,WL-TOPIC-Q15;WL-TOPIC-Q15-WESTERN,1869,T3,The Luck of Roaring Camp,Bret Harte,ERROR,REVIEW,,,LEAVE_BLANK,Wikidata 无可靠作品级 P577+P50 匹配,HTTPError
P2_EXTERNAL_MATCH_FRIENDLY,园丁之犬.md,WL-WORK-2483,园丁之犬,El perro del hortelano,洛佩·德·维加,Lope de Vega,,,batch6_source_refs,WL-TOPIC-Q15;WL-TOPIC-Q15-SWASHBUCKLER,1928,T4,El perro del hortelano,Lope de Vega,ERROR,REVIEW,,,LEAVE_BLANK,Wikidata 无可靠作品级 P577+P50 匹配,HTTPError
P2_EXTERNAL_MATCH_FRIENDLY,国王叙事诗.md,WL-WORK-2484,国王叙事诗,Idylls of the King,丁尼生,解构,,,batch6_source_refs,WL-TOPIC-Q15;WL-TOPIC-Q15-KNIGHT,,,,,ERROR,REVIEW,,,LEAVE_BLANK,Wikidata 无可靠作品级 P577+P50 匹配,HTTPError
P2_EXTERNAL_MATCH_FRIENDLY,在比尤拉高地.md,WL-WORK-0108,在比尤拉高地,On Beulah Height,雷金纳德·希尔,Reginald Hill,,,,WL-TOPIC-G45-MYSTERY,1998,T6,On Beulah Height,Reginald Hill,ERROR,REVIEW,,,LEAVE_BLANK,Wikidata 无可靠作品级 P577+P50 匹配,HTTPError
P2_EXTERNAL_MATCH_FRIENDLY,地狱之缘.md,WL-WORK-0068,地狱之缘,Rim of the Pit,黑克·塔尔博特,Hake Talbot,,,,WL-TOPIC-G45-MYSTERY,1985,T6,Rim of the Pit,Hake Talbot,ERROR,REVIEW,,,LEAVE_BLANK,Wikidata 无可靠作品级 P577+P50 匹配,HTTPError
P2_EXTERNAL_MATCH_FRIENDLY,墓地的沉默.md,WL-WORK-0223,墓地的沉默,Jar City,阿尔纳尔杜尔·因德里达松,Arnaldur Indriðason,,,,WL-TOPIC-G45-MYSTERY,2005,T6,Jar City,Arnaldur Indriðason,ERROR,REVIEW,,,LEAVE_BLANK,Wikidata 无可靠作品级 P577+P50 匹配,HTTPError
P2_EXTERNAL_MATCH_FRIENDLY,大地惊雷.md,WL-WORK-2493,大地惊雷,True Grit,查尔斯·波蒂斯,Charles Portis,,,batch6_source_refs,WL-TOPIC-Q15;WL-TOPIC-Q15-WESTERN,1968,T5,True Grit,Charles Portis,ERROR,REVIEW,,,LEAVE_BLANK,Wikidata 无可靠作品级 P577+P50 匹配,HTTPError
P2_EXTERNAL_MATCH_FRIENDLY,大天空.md,WL-WORK-2494,大天空,The Big Sky,A.B.格思里,A.B. Guthrie Jr.,,,batch6_source_refs,WL-TOPIC-Q15;WL-TOPIC-Q15-WESTERN,1947,T5,The big sky,A. B. Guthrie,ERROR,REVIEW,,,LEAVE_BLANK,Wikidata 无可靠作品级 P577+P50 匹配,HTTPError
P2_EXTERNAL_MATCH_FRIENDLY,大鼻子情圣.md,WL-WORK-2497,大鼻子情圣,Cyrano de Bergerac,埃德蒙·罗斯丹,Edmond Rostand,,,batch6_source_refs,WL-TOPIC-Q15;WL-TOPIC-Q15-SWASHBUCKLER,1821,T3,Cyrano de Bergerac,Edmond Rostand,ERROR,REVIEW,,,LEAVE_BLANK,Wikidata 无可靠作品级 P577+P50 匹配,HTTPError
P2_EXTERNAL_MATCH_FRIENDLY,天鹅之歌.md,WL-WORK-0063,天鹅之歌,Swan Song,埃德蒙·克里斯平,Edmund Crispin,,,,WL-TOPIC-G45-MYSTERY,1947,T5,Swan song,Edmund Crispin,ERROR,REVIEW,,,LEAVE_BLANK,Wikidata 无可靠作品级 P577+P50 匹配,HTTPError
P2_EXTERNAL_MATCH_FRIENDLY,少雨之地.md,WL-WORK-2508,少雨之地,The Land of Little Rain,玛丽·奥斯汀,Mary Austin,,,batch6_source_refs,WL-TOPIC-Q15;WL-TOPIC-Q15-WESTERN,1903,T4,The Land of Little Rain,Mary Austin,ERROR,REVIEW,,,LEAVE_BLANK,Wikidata 无可靠作品级 P577+P50 匹配,HTTPError
P2_EXTERNAL_MATCH_FRIENDLY,尸体会说话.md,WL-WORK-0121,尸体会说话,Postmortem,帕特里夏·康威尔,Patricia Cornwell,,,,WL-TOPIC-G45-MYSTERY,1990,T6,Postmortem,Patricia Cornwell,ERROR,REVIEW,,,LEAVE_BLANK,Wikidata 无可靠作品级 P577+P50 匹配,HTTPError
P2_EXTERNAL_MATCH_FRIENDLY,帽子戏法之死.md,WL-WORK-0067,帽子戏法之死,Death from a Top Hat,克莱顿·罗森,Clayton Rawson,,,,WL-TOPIC-G45-MYSTERY,1962,T5,Death from a top hat,Clayton Rawson,ERROR,REVIEW,,,LEAVE_BLANK,Wikidata 无可靠作品级 P577+P50 匹配,HTTPError
P2_EXTERNAL_MATCH_FRIENDLY,幽灵小姐.md,WL-WORK-2515,幽灵小姐,La dama duende,卡尔德隆,Pedro Calderón de la Barca,,,batch6_source_refs,WL-TOPIC-Q15;WL-TOPIC-Q15-SWASHBUCKLER,1945,T5,La dama duende,Pedro Calderón de la Barca,ERROR,REVIEW,,,LEAVE_BLANK,Wikidata 无可靠作品级 P577+P50 匹配,HTTPError
P2_EXTERNAL_MATCH_FRIENDLY,废墟.md,WL-WORK-0688,废墟,The Ruins,斯科特·史密斯,Scott Smith,,,batch1_source_refs,WL-TOPIC-G45-HORROR,2005,T6,The Ruins,Scott Smith,ERROR,REVIEW,,,LEAVE_BLANK,Wikidata 无可靠作品级 P577+P50 匹配,HTTPError
P2_EXTERNAL_MATCH_FRIENDLY,弗吉尼亚人.md,WL-WORK-2518,弗吉尼亚人,The Virginian,欧文·威斯特,Owen Wister,,,batch6_source_refs,WL-TOPIC-Q15;WL-TOPIC-Q15-WESTERN,1902,T4,The Virginian,Owen Wister,ERROR,REVIEW,,,LEAVE_BLANK,Wikidata 无可靠作品级 P577+P50 匹配,HTTPError
P2_EXTERNAL_MATCH_FRIENDLY,弗拉卡斯上尉.md,WL-WORK-2519,弗拉卡斯上尉,Le Capitaine Fracasse,泰奥菲尔·戈蒂耶,Théophile Gautier,,,batch6_source_refs,WL-TOPIC-Q15;WL-TOPIC-Q15-SWASHBUCKLER,1874,T3,Le capitaine Fracasse,Théophile Gautier,ERROR,REVIEW,,,LEAVE_BLANK,Wikidata 无可靠作品级 P577+P50 匹配,HTTPError
P2_EXTERNAL_MATCH_FRIENDLY,强盗.md,WL-WORK-2520,强盗,Die Räuber,席勒,Schiller,,,batch6_source_refs,WL-TOPIC-Q15;WL-TOPIC-Q15-OUTLAW,,,Die Räuber,Friedrich Schiller,ERROR,REVIEW,,,LEAVE_BLANK,Wikidata 无可靠作品级 P577+P50 匹配,HTTPError
P2_EXTERNAL_MATCH_FRIENDLY,归乡.md,WL-WORK-1101,归乡,Homegoing,雅·吉亚西,Yaa Gyasi,,,batch2_source_refs;batch5_source_refs,WL-TOPIC-G43-FAMILY;WL-TOPIC-G44-HISTORICAL;WL-TOPIC-Q10-MEMORY,2016,T6,Homegoing,Yaa Gyasi,ERROR,REVIEW,,,LEAVE_BLANK,Wikidata 无可靠作品级 P577+P50 匹配,HTTPError
P2_EXTERNAL_MATCH_FRIENDLY,拉莫娜.md,WL-WORK-2528,拉莫娜,Ramona,海伦·亨特·杰克逊,Helen Hunt Jackson,,,batch6_source_refs,WL-TOPIC-Q15;WL-TOPIC-Q15-WESTERN,1884,T3,Ramona,Helen Hunt Jackson,ERROR,REVIEW,,,LEAVE_BLANK,Wikidata 无可靠作品级 P577+P50 匹配,HTTPError
P2_EXTERNAL_MATCH_FRIENDLY,指匠迷案.md,WL-WORK-0136,指匠迷案,An Instance of the Fingerpost,伊恩·皮尔斯,Iain Pears,,,,WL-TOPIC-G45-MYSTERY,1997,T6,An Instance of the Fingerpost,Iain Pears;Iain Pears,ERROR,REVIEW,,,LEAVE_BLANK,Wikidata 无可靠作品级 P577+P50 匹配,HTTPError
P2_EXTERNAL_MATCH_FRIENDLY,曾达的囚徒.md,WL-WORK-2542,曾达的囚徒,The Prisoner of Zenda,安东尼·霍普,Anthony Hope,,,batch6_source_refs,WL-TOPIC-Q15;WL-TOPIC-Q15-SWASHBUCKLER,1800,T3,The Prisoner of Zenda,"Anthony Hope;Gary Hoppenstand;Diane Mowat;Alan Marks;Francesc Ràfols;Andrew Pugsley;Summer M. Hogan;Summer Hogan;Smidgen Press;Charles Dana Gibson;Daniel Lanza Barba;Javier Fornell Fernandez;Stephen Colbourn;Katy Jackson;James Wilby;Robinson, M.",ERROR,REVIEW,,,LEAVE_BLANK,Wikidata 无可靠作品级 P577+P50 匹配,HTTPError
P2_EXTERNAL_MATCH_FRIENDLY,桶子.md,WL-WORK-0053,桶子,The Cask,弗里曼·克罗夫茨,Crofts,,,,WL-TOPIC-G45-MYSTERY,,,The cask,Freeman Wills Crofts,ERROR,REVIEW,,,LEAVE_BLANK,Wikidata 无可靠作品级 P577+P50 匹配,HTTPError
P2_EXTERNAL_MATCH_FRIENDLY,欢乐之家.md,WL-WORK-1168,欢乐之家,Fun Home,艾莉森·贝克德尔,Alison Bechdel,,,batch2_source_refs,WL-TOPIC-G43-BILDUNGSROMAN,2000,T6,Fun Home,Alison Bechdel,ERROR,REVIEW,,,LEAVE_BLANK,Wikidata 无可靠作品级 P577+P50 匹配,HTTPError
P2_EXTERNAL_MATCH_FRIENDLY,死亡之谜.md,WL-WORK-0122,死亡之谜,Déjà Dead,凯西·莱克斯,Kathy Reichs,,,,WL-TOPIC-G45-MYSTERY,1997,T6,Déjà Dead,Kathy Reichs,ERROR,REVIEW,,,LEAVE_BLANK,Wikidata 无可靠作品级 P577+P50 匹配,HTTPError
P2_EXTERNAL_MATCH_FRIENDLY,永恒者.md,WL-WORK-0471,永恒者,El Eternauta,埃克托尔·赫尔曼·奥斯特尔德,Héctor Germán Oesterheld,,,,WL-TOPIC-G45-SF,,,El eternauta,H. G. Oesterheld,ERROR,REVIEW,,,LEAVE_BLANK,Wikidata 无可靠作品级 P577+P50 匹配,HTTPError
P2_EXTERNAL_MATCH_FRIENDLY,火焰与花朵.md,WL-WORK-2092,火焰与花朵,The Flame and the Flower,凯瑟琳·E.伍迪维斯,Kathleen E. Woodiwiss,,,batch5_source_refs,WL-TOPIC-Q2-LOVE,1972,T5,The Flame and the Flower,Kathleen E. Woodiwiss,ERROR,REVIEW,,,LEAVE_BLANK,Wikidata 无可靠作品级 P577+P50 匹配,HTTPError
P2_EXTERNAL_MATCH_FRIENDLY,炽热的岩石.md,WL-WORK-0256,炽热的岩石,The Hot Rock,唐纳德·E.韦斯特莱克,Donald E. Westlake,,,,WL-TOPIC-G45-MYSTERY,1970,T5,The hot rock,Donald E. Westlake,ERROR,REVIEW,,,LEAVE_BLANK,Wikidata 无可靠作品级 P577+P50 匹配,HTTPError
P2_EXTERNAL_MATCH_FRIENDLY,牛轭事件.md,WL-WORK-2569,牛轭事件,The Ox-Bow Incident,沃尔特·范蒂尔伯格·克拉克,Walter Van Tilburg Clark,,,batch6_source_refs,WL-TOPIC-Q15;WL-TOPIC-Q15-WESTERN,1940,T4,The Ox-Bow Incident,Walter Van Tilburg Clark,ERROR,REVIEW,,,LEAVE_BLANK,Wikidata 无可靠作品级 P577+P50 匹配,HTTPError
P2_EXTERNAL_MATCH_FRIENDLY,犬之力.md,WL-WORK-2570,犬之力,The Power of the Dog,托马斯·萨维奇,Thomas Savage,,,batch6_source_refs,WL-TOPIC-Q15;WL-TOPIC-Q15-WESTERN,1967,T5,The power of the dog,Thomas Savage,ERROR,REVIEW,,,LEAVE_BLANK,Wikidata 无可靠作品级 P577+P50 匹配,HTTPError
P2_EXTERNAL_MATCH_FRIENDLY,猎人.md,WL-WORK-0255,猎人,The Hunter,理查德·斯塔克,Richard Stark,,,,WL-TOPIC-G45-MYSTERY,,,The Hunter (aka Point Blank and Payback),Donald E. Westlake,ERROR,REVIEW,,,LEAVE_BLANK,Wikidata 无可靠作品级 P577+P50 匹配,HTTPError
P2_EXTERNAL_MATCH_FRIENDLY,瑞士家庭鲁滨逊.md,WL-WORK-0779,瑞士家庭鲁滨逊,Swiss Family Robinson,约翰·戴维·维斯,Johann David Wyss,,,batch1_source_refs,WL-TOPIC-G45-ADVENTURE,1924,T4,Swiss Family Robinson,Johann David Wyss,ERROR,REVIEW,,,LEAVE_BLANK,Wikidata 无可靠作品级 P577+P50 匹配,HTTPError
P2_EXTERNAL_MATCH_FRIENDLY,田纳西的伙伴.md,WL-WORK-2575,田纳西的伙伴,Tennessee's Partner,布雷特·哈特,Bret Harte,,,batch6_source_refs,WL-TOPIC-Q15;WL-TOPIC-Q15-WESTERN,1907,T4,Tennessee's partner,Bret Harte,ERROR,REVIEW,,,LEAVE_BLANK,Wikidata 无可靠作品级 P577+P50 匹配,HTTPError
P2_EXTERNAL_MATCH_FRIENDLY,申诉.md,WL-WORK-0145,申诉,The Appeal,珍妮丝·哈利特,Janice Hallett,,,,WL-TOPIC-G45-MYSTERY,2021,T6,The Appeal,Janice Hallett,ERROR,REVIEW,,,LEAVE_BLANK,Wikidata 无可靠作品级 P577+P50 匹配,HTTPError
P2_EXTERNAL_MATCH_FRIENDLY,疯狂的奥兰多.md,WL-WORK-2578,疯狂的奥兰多,Orlando Furioso,卢多维科·阿里奥斯托,Ludovico Ariosto,,,batch6_source_refs,WL-TOPIC-Q15;WL-TOPIC-Q15-KNIGHT,1544,T2,Orlando furioso,Lodovico Ariosto,ERROR,REVIEW,,,LEAVE_BLANK,Wikidata 无可靠作品级 P577+P50 匹配,HTTPError
P2_EXTERNAL_MATCH_FRIENDLY,白狼.md,WL-WORK-2580,白狼,Le Loup blanc,保罗·费瓦尔,Paul Féval,,,batch6_source_refs,WL-TOPIC-Q15;WL-TOPIC-Q15-SWASHBUCKLER,1878,T3,Le loup blanc,Paul Féval,ERROR,REVIEW,,,LEAVE_BLANK,Wikidata 无可靠作品级 P577+P50 匹配,HTTPError
P2_EXTERNAL_MATCH_FRIENDLY,眩晕.md,WL-WORK-0231,眩晕,D'entre les morts,布瓦洛-纳尔瑟雅克,Boileau-Narcejac,,,,WL-TOPIC-G45-MYSTERY,1954,T5,D'entre les morts,Boileau-Narcejac,ERROR,REVIEW,,,LEAVE_BLANK,Wikidata 无可靠作品级 P577+P50 匹配,HTTPError
P2_EXTERNAL_MATCH_FRIENDLY,社交俱乐部命案.md,WL-WORK-0107,社交俱乐部命案,A Clubbable Woman,雷金纳德·希尔,Reginald Hill,,,,WL-TOPIC-G45-MYSTERY,1970,T5,A clubbable woman,Reginald Hill,ERROR,REVIEW,,,LEAVE_BLANK,Wikidata 无可靠作品级 P577+P50 匹配,HTTPError
P2_EXTERNAL_MATCH_FRIENDLY,移动玩具店.md,WL-WORK-0062,移动玩具店,The Moving Toyshop,埃德蒙·克里斯平,Edmund Crispin,,,,WL-TOPIC-G45-MYSTERY,1946,T5,The Moving Toyshop,Edmund Crispin,ERROR,REVIEW,,,LEAVE_BLANK,Wikidata 无可靠作品级 P577+P50 匹配,HTTPError
P2_EXTERNAL_MATCH_FRIENDLY,穿绿裤子的唐·希尔.md,WL-WORK-2587,穿绿裤子的唐·希尔,Don Gil de las calzas verdes,蒂尔索·德·莫利纳,Tirso de Molina,,,batch6_source_refs,WL-TOPIC-Q15;WL-TOPIC-Q15-SWASHBUCKLER,1800,T3,Don Gil de las calzas verdes,Tirso de Molina,ERROR,REVIEW,,,LEAVE_BLANK,Wikidata 无可靠作品级 P577+P50 匹配,HTTPError
P2_EXTERNAL_MATCH_FRIENDLY,米夏埃尔·科尔哈斯.md,WL-WORK-2590,米夏埃尔·科尔哈斯,Michael Kohlhaas,克莱斯特,Kleist,,,batch6_source_refs,WL-TOPIC-Q15;WL-TOPIC-Q15-OUTLAW,,,Michael Kohlhaas,Heinrich von Kleist,ERROR,REVIEW,,,LEAVE_BLANK,Wikidata 无可靠作品级 P577+P50 匹配,HTTPError
P2_EXTERNAL_MATCH_FRIENDLY,精神病患者.md,WL-WORK-0135,精神病患者,The Alienist,凯莱布·卡尔,Caleb Carr,,,,WL-TOPIC-G45-MYSTERY,1994,T6,The Alienist,Caleb Carr,ERROR,REVIEW,,,LEAVE_BLANK,Wikidata 无可靠作品级 P577+P50 匹配,HTTPError
P2_EXTERNAL_MATCH_FRIENDLY,维里科尼姆.md,WL-WORK-0803,维里科尼姆,Viriconium,M.约翰·哈里森,M. John Harrison,,,batch1_source_refs,WL-TOPIC-G45-FANTASY;WL-TOPIC-G45-HORROR,2005,T6,Viriconium,M. John Harrison,ERROR,REVIEW,,,LEAVE_BLANK,Wikidata 无可靠作品级 P577+P50 匹配,HTTPError
P2_EXTERNAL_MATCH_FRIENDLY,绿色危机.md,WL-WORK-0060,绿色危机,Green for Danger,克里斯蒂安娜·布兰德,Christianna Brand,,,,WL-TOPIC-G45-MYSTERY,1944,T4,Green for danger,Christianna Brand,ERROR,REVIEW,,,LEAVE_BLANK,Wikidata 无可靠作品级 P577+P50 匹配,HTTPError
P2_EXTERNAL_MATCH_FRIENDLY,美生中国人.md,WL-WORK-1268,美生中国人,American Born Chinese,杨谨伦,Gene Luen Yang,,,batch2_source_refs,WL-TOPIC-G43-BILDUNGSROMAN,2006,T6,American Born Chinese,Gene Luen Yang,ERROR,REVIEW,,,LEAVE_BLANK,Wikidata 无可靠作品级 P577+P50 匹配,HTTPError
P2_EXTERNAL_MATCH_FRIENDLY,耶洗别之死.md,WL-WORK-0061,耶洗别之死,Death of Jezebel,克里斯蒂安娜·布兰德,Christianna Brand,,,,WL-TOPIC-G45-MYSTERY,1948,T5,Death of Jezebel,Christianna Brand,ERROR,REVIEW,,,LEAVE_BLANK,Wikidata 无可靠作品级 P577+P50 匹配,HTTPError
P2_EXTERNAL_MATCH_FRIENDLY,聪明的恋人.md,WL-WORK-2604,聪明的恋人,La discreta enamorada,洛佩·德·维加,Lope de Vega,,,batch6_source_refs,WL-TOPIC-Q15;WL-TOPIC-Q15-SWASHBUCKLER,1930,T4,La discreta enamorada,Lope de Vega,ERROR,REVIEW,,,LEAVE_BLANK,Wikidata 无可靠作品级 P577+P50 匹配,HTTPError
P2_EXTERNAL_MATCH_FRIENDLY,致命的宁静.md,WL-WORK-0138,致命的宁静,Still Life,路易丝·佩尼,Louise Penny,,,,WL-TOPIC-G45-MYSTERY,,,Still Life (A Three Pines Mystery),Louise Penny,ERROR,REVIEW,,,LEAVE_BLANK,Wikidata 无可靠作品级 P577+P50 匹配,HTTPError
P2_EXTERNAL_MATCH_FRIENDLY,苏格兰西部群岛之旅.md,WL-WORK-1500,苏格兰西部群岛之旅,A Journey to the Western Islands of Scotland,塞缪尔·约翰逊,Johnson,,,batch3_source_refs,WL-TOPIC-G7-TRAVEL,,,A Journey to the Western Islands of Scotland,Samuel Johnson,ERROR,REVIEW,,,LEAVE_BLANK,Wikidata 无可靠作品级 P577+P50 匹配,HTTPError
P2_EXTERNAL_MATCH_FRIENDLY,蚀刻城.md,WL-WORK-0829,蚀刻城,The Etched City,K.J.毕晓普,K.J. Bishop,,,batch1_source_refs,WL-TOPIC-G45-FANTASY;WL-TOPIC-G45-HORROR,2005,T6,The Etched City,K.J. Bishop,ERROR,REVIEW,,,LEAVE_BLANK,Wikidata 无可靠作品级 P577+P50 匹配,HTTPError
P2_EXTERNAL_MATCH_FRIENDLY,解放了的耶路撒冷.md,WL-WORK-2618,解放了的耶路撒冷,Gerusalemme Liberata,托尔夸托·塔索,Torquato Tasso,,,batch6_source_refs,WL-TOPIC-Q15;WL-TOPIC-Q15-KNIGHT,1842,T3,Gerusalemme Liberata,Torquato Tasso;Camillo Camilli,ERROR,REVIEW,,,LEAVE_BLANK,Wikidata 无可靠作品级 P577+P50 匹配,HTTPError
P2_EXTERNAL_MATCH_FRIENDLY,解散.md,WL-WORK-0134,解散,Dissolution,C.J.桑瑟姆,C.J. Sansom,,,batch2_source_refs,WL-TOPIC-G45-MYSTERY;WL-TOPIC-G44-HISTORICAL,2001,T6,Dissolution,C. J. Sansom,ERROR,REVIEW,,,LEAVE_BLANK,Wikidata 无可靠作品级 P577+P50 匹配,HTTPError
P2_EXTERNAL_MATCH_FRIENDLY,赔偿风波.md,WL-WORK-0094,赔偿风波,Indemnity Only,萨拉·帕雷茨基,Sara Paretsky,,,,WL-TOPIC-G45-MYSTERY,1982,T6,Indemnity Only,Sara Paretsky,ERROR,REVIEW,,,LEAVE_BLANK,Wikidata 无可靠作品级 P577+P50 匹配,HTTPError
P2_EXTERNAL_MATCH_FRIENDLY,赫布里底群岛旅行日记.md,WL-WORK-1509,赫布里底群岛旅行日记,The Journal of a Tour to the Hebrides,詹姆斯·鲍斯韦尔,Boswell,,,batch3_source_refs,WL-TOPIC-G7-TRAVEL,,,The journal of a tour to the Hebrides with Samuel Johnson,James Boswell,ERROR,REVIEW,,,LEAVE_BLANK,Wikidata 无可靠作品级 P577+P50 匹配,HTTPError
P2_EXTERNAL_MATCH_FRIENDLY,野兽必须死.md,WL-WORK-0066,野兽必须死,The Beast Must Die,尼古拉斯·布莱克,Nicholas Blake,,,,WL-TOPIC-G45-MYSTERY,1938,T4,The beast must die,Cecil Day-Lewis;Nicholas Blake,ERROR,REVIEW,,,LEAVE_BLANK,Wikidata 无可靠作品级 P577+P50 匹配,HTTPError
P2_EXTERNAL_MATCH_FRIENDLY,队列.md,WL-WORK-0478,队列,The Queue,巴斯玛·阿卜杜勒·阿齐兹,Basma Abdel Aziz,,,batch2_source_refs,WL-TOPIC-G45-SF;WL-TOPIC-G46-DYSTOPIA,2016,T6,The Queue,Basma Abdel Aziz,ERROR,REVIEW,,,LEAVE_BLANK,Wikidata 无可靠作品级 P577+P50 匹配,HTTPError
P2_EXTERNAL_MATCH_FRIENDLY,雇员们.md,WL-WORK-0482,雇员们,The Employees,奥尔加·拉夫恩,Olga Ravn,,,,WL-TOPIC-G45-SF,,,,,ERROR,REVIEW,,,LEAVE_BLANK,Wikidata 无可靠作品级 P577+P50 匹配,HTTPError
P2_EXTERNAL_MATCH_FRIENDLY,青砥稿花红彩画.md,WL-WORK-2639,青砥稿花红彩画,Aoto Zōshi Hana no Nishiki-e,河竹默阿弥,日本,,,batch6_source_refs,WL-TOPIC-Q15;WL-TOPIC-Q15-OUTLAW,,,,,ERROR,REVIEW,,,LEAVE_BLANK,Wikidata 无可靠作品级 P577+P50 匹配,HTTPError
P2_EXTERNAL_MATCH_FRIENDLY,驼背人.md,WL-WORK-2645,驼背人,Le Bossu,保罗·费瓦尔,复仇,,,batch6_source_refs,WL-TOPIC-Q15;WL-TOPIC-Q15-SWASHBUCKLER,,,,,ERROR,REVIEW,,,LEAVE_BLANK,Wikidata 无可靠作品级 P577+P50 匹配,HTTPError
P2_EXTERNAL_MATCH_FRIENDLY,高卢的阿玛迪斯.md,WL-WORK-2648,高卢的阿玛迪斯,Amadís,加尔西·罗德里格斯·德·蒙塔尔沃,Garci Rodríguez de Montalvo,,,batch6_source_refs,WL-TOPIC-Q15;WL-TOPIC-Q15-KNIGHT,,,Amadis of Gaul,Garci Rodríguez de Montalvo,ERROR,REVIEW,,,LEAVE_BLANK,Wikidata 无可靠作品级 P577+P50 匹配,HTTPError
P2_EXTERNAL_MATCH_FRIENDLY,鲁珀特·亨曹.md,WL-WORK-2651,鲁珀特·亨曹,Rupert of Hentzau,安东尼·霍普,Anthony Hope,,,batch6_source_refs,WL-TOPIC-Q15;WL-TOPIC-Q15-SWASHBUCKLER,2008,T6,Rupert of Hentzau,Anthony Hope,ERROR,REVIEW,,,LEAVE_BLANK,Wikidata 无可靠作品级 P577+P50 匹配,HTTPError
P2_EXTERNAL_MATCH_FRIENDLY,麦地那与麦加朝圣记.md,WL-WORK-1521,麦地那与麦加朝圣记,Personal Narrative of a Pilgrimage to Al-Madinah and Meccah,理查德·伯顿,Burton,,,batch3_source_refs,WL-TOPIC-G7-TRAVEL,,,,,ERROR,REVIEW,,,LEAVE_BLANK,Wikidata 无可靠作品级 P577+P50 匹配,HTTPError
