file,id,title,title_original,author,author_original,current_year,topics,topic_links,source_refs,source_ref_keys,canon_id,awards,verification_status,bibliography_status,publication_year,publication_year_type,year_source_1,year_source_2,source_agreement,confidence,suggested_t,review_status,notes
A Bollywood Affair.md,WL-WORK-1932,A Bollywood Affair,,索纳利·德夫,Sonali Dev,,WL-TOPIC-Q2-LOVE,[[../30 专题/QH2.1 爱情与欲望/00 爱情与欲望|爱情与欲望]],,,,,自动通过,metadata_pending,,,,,,,,UNRESEARCHED,
A Chegada de Lampião no Inferno.md,WL-WORK-2151,A Chegada de Lampião no Inferno,,何塞·帕切科,José Pacheco,,WL-TOPIC-Q15;WL-TOPIC-Q15-OUTLAW,[[../30 专题/QT8 英雄、边疆与法外者文化传统/00 世界武人、边疆与法外英雄文学|世界武人、边疆与法外英雄文学]];[[../30 专题/QT8.7 侠盗/00 侠盗文学|侠盗文学]],,,,,自动通过,metadata_pending,,,,,,,,UNRESEARCHED,
A Gentleman of France.md,WL-WORK-2153,A Gentleman of France,,斯坦利·韦曼,Stanley Weyman,,WL-TOPIC-Q15;WL-TOPIC-Q15-SWASHBUCKLER,[[../30 专题/QT8 英雄、边疆与法外者文化传统/00 世界武人、边疆与法外英雄文学|世界武人、边疆与法外英雄文学]];[[../30 专题/QT8.4 欧洲剑客/00 欧洲剑客文学|欧洲剑客文学]],,,,,自动通过,metadata_pending,,,,,,,,UNRESEARCHED,
A Gest of Robyn Hode.md,WL-WORK-2154,A Gest of Robyn Hode,,佚名,,,WL-TOPIC-Q15;WL-TOPIC-Q15-OUTLAW,[[../30 专题/QT8 英雄、边疆与法外者文化传统/00 世界武人、边疆与法外英雄文学|世界武人、边疆与法外英雄文学]];[[../30 专题/QT8.7 侠盗/00 侠盗文学|侠盗文学]],,,,,自动通过,metadata_pending,,,,,,,,UNRESEARCHED,
A Head Full of Ghosts.md,WL-WORK-0489,A Head Full of Ghosts,,保罗·特朗布莱,Paul Tremblay,,WL-TOPIC-G45-HORROR,[[../30 专题/QT4 恐怖与哥特/00 恐怖文学|恐怖文学]],,,,,自动通过,metadata_pending,,,,,,,,UNRESEARCHED,
A Hunger Like No Other.md,WL-WORK-1934,A Hunger Like No Other,,克雷斯莉·科尔,Kresley Cole,,WL-TOPIC-Q2-LOVE,[[../30 专题/QH2.1 爱情与欲望/00 爱情与欲望|爱情与欲望]],,,,,自动通过,metadata_pending,,,,,,,,UNRESEARCHED,
A Knight's Own Book of Chivalry.md,WL-WORK-2155,A Knight's Own Book of Chivalry,,若弗鲁瓦·德·沙尔尼,Geoffroi de Charny,,WL-TOPIC-Q15;WL-TOPIC-Q15-KNIGHT,[[../30 专题/QT8 英雄、边疆与法外者文化传统/00 世界武人、边疆与法外英雄文学|世界武人、边疆与法外英雄文学]];[[../30 专题/QT8.2 欧洲骑士/00 欧洲骑士文学|欧洲骑士文学]],,,,,自动通过,metadata_pending,,,,,,,,UNRESEARCHED,
A Princess in Theory.md,WL-WORK-1936,A Princess in Theory,,艾莉莎·科尔,Alyssa Cole,,WL-TOPIC-Q2-LOVE,[[../30 专题/QH2.1 爱情与欲望/00 爱情与欲望|爱情与欲望]],,,,,自动通过,metadata_pending,,,,,,,,UNRESEARCHED,
A Rumor of War.md,WL-WORK-1937,A Rumor of War,,菲利普·卡普托,Philip Caputo,,WL-TOPIC-Q6-WAR,[[../30 专题/QH6 战争、暴力与创伤/00 战争文学|战争文学]],,,,,自动通过,metadata_pending,,,,,,,,UNRESEARCHED,
A Small Place.md,WL-WORK-1343,A Small Place,,牙买加·金凯德,Jamaica Kincaid,,WL-TOPIC-G7-TRAVEL,[[../30 专题/QT14 旅行与游记/00 旅行文学|旅行文学]],,,,,自动通过,metadata_pending,,,,,,,,UNRESEARCHED,
"Adam Bell, Clim of the Clough and William of Cloudesley.md",WL-WORK-2158,"Adam Bell, Clim of the Clough and William of Cloudesley",,佚名,,,WL-TOPIC-Q15;WL-TOPIC-Q15-OUTLAW,[[../30 专题/QT8 英雄、边疆与法外者文化传统/00 世界武人、边疆与法外英雄文学|世界武人、边疆与法外英雄文学]];[[../30 专题/QT8.7 侠盗/00 侠盗文学|侠盗文学]],,,,,自动通过,metadata_pending,,,,,,,,UNRESEARCHED,
Afsaneh ／ 传说.md,WL-WORK-1523,Afsaneh / 传说,,尼玛·尤什吉,Nima Yushij,,WL-TOPIC-M3-MODERNISM,[[../30 专题/M3.1 现代主义/00 现代主义文学|现代主义文学]],,,,,自动通过,metadata_pending,,,,,,,,UNRESEARCHED,
Agents of Dreamland.md,WL-WORK-0491,Agents of Dreamland,,凯特琳·R.基尔南,Kiernan,,WL-TOPIC-G45-HORROR,[[../30 专题/QT4 恐怖与哥特/00 恐怖文学|恐怖文学]],,,,,自动通过,metadata_pending,,,,,,,,UNRESEARCHED,
Always Only You.md,WL-WORK-1939,Always Only You,,克洛伊·利泽,Chloe Liese,,WL-TOPIC-Q2-LOVE,[[../30 专题/QH2.1 爱情与欲望/00 爱情与欲望|爱情与欲望]],,,,,自动通过,metadata_pending,,,,,,,,UNRESEARCHED,
Ambiguity Machines and Other Stories.md,WL-WORK-0477,Ambiguity Machines and Other Stories,,万达娜·辛格,Vandana Singh,,WL-TOPIC-G45-SF,[[../30 专题/QT2 科幻/00 科幻文学|科幻文学]],,,,,自动通过,,,,,,,,,UNRESEARCHED,
American Indian Myths and Legends.md,WL-WORK-1346,American Indian Myths and Legends,,理查德·厄尔多斯 / 阿方索·奥尔蒂斯,Richard Erdoes / Alfonso Ortiz,,WL-TOPIC-G1-MYTH,[[../30 专题/QT9 神话、传说与民间叙事/00 世界神话文学|世界神话文学]],,,,,自动通过,metadata_pending,,,,,,,,UNRESEARCHED,
An African in Greenland.md,WL-WORK-1347,An African in Greenland,,托戈·科波马西,Kpomassie,,WL-TOPIC-G7-TRAVEL,[[../30 专题/QT14 旅行与游记/00 旅行文学|旅行文学]],,,,,自动通过,metadata_pending,,,,,,,,UNRESEARCHED,
Aspremont.md,WL-WORK-2162,Aspremont,,佚名,,,WL-TOPIC-Q15;WL-TOPIC-Q15-KNIGHT,[[../30 专题/QT8 英雄、边疆与法外者文化传统/00 世界武人、边疆与法外英雄文学|世界武人、边疆与法外英雄文学]];[[../30 专题/QT8.2 欧洲骑士/00 欧洲骑士文学|欧洲骑士文学]],,,,,自动通过,metadata_pending,,,,,,,,UNRESEARCHED,
Auschwitz and After.md,WL-WORK-1941,Auschwitz and After,,夏洛特·德尔博,Charlotte Delbo,,WL-TOPIC-Q6-WAR,[[../30 专题/QH6 战争、暴力与创伤/00 战争文学|战争文学]],,,,,自动通过,metadata_pending,,,,,,,,UNRESEARCHED,
Ayesha at Last.md,WL-WORK-1942,Ayesha at Last,,乌兹玛·贾拉勒丁,Uzma Jalaluddin,,WL-TOPIC-Q2-LOVE,[[../30 专题/QH2.1 爱情与欲望/00 爱情与欲望|爱情与欲望]],,,,,自动通过,metadata_pending,,,,,,,,UNRESEARCHED,
Banalata Sen.md,WL-WORK-1524,Banalata Sen,,吉巴纳南达·达斯,Jibanananda Das,,WL-TOPIC-M3-MODERNISM,[[../30 专题/M3.1 现代主义/00 现代主义文学|现代主义文学]],,,,,自动通过,metadata_pending,,,,,,,,UNRESEARCHED,
Bar-20.md,WL-WORK-2166,Bar-20,,克拉伦斯·E.马尔福德,Clarence E. Mulford,,WL-TOPIC-Q15;WL-TOPIC-Q15-WESTERN,[[../30 专题/QT8 英雄、边疆与法外者文化传统/00 世界武人、边疆与法外英雄文学|世界武人、边疆与法外英雄文学]];[[../30 专题/QT8.5 西部/00 西部文学|西部文学]],,,,,自动通过,metadata_pending,,,,,,,,UNRESEARCHED,
Before I Let Go.md,WL-WORK-1945,Before I Let Go,,肯尼迪·瑞安,Kennedy Ryan,,WL-TOPIC-Q2-LOVE,[[../30 专题/QH2.1 爱情与欲望/00 爱情与欲望|爱情与欲望]],,,,,自动通过,metadata_pending,,,,,,,,UNRESEARCHED,
Before She Sleeps.md,WL-WORK-0916,Before She Sleeps,,比娜·沙阿,Bina Shah,,WL-TOPIC-G46-DYSTOPIA,[[../30 专题/QT6 乌托邦、反乌托邦与社会想象/00 反乌托邦文学|反乌托邦文学]],,,,,自动通过,metadata_pending,,,,,,,,UNRESEARCHED,
Beirut Blues.md,WL-WORK-1946,Beirut Blues,,哈南·谢赫,Hanan al-Shaykh,,WL-TOPIC-Q6-WAR,[[../30 专题/QH6 战争、暴力与创伤/00 战争文学|战争文学]],,,,,自动通过,metadata_pending,,,,,,,,UNRESEARCHED,
Bet Me.md,WL-WORK-1947,Bet Me,,珍妮弗·克鲁西,Jennifer Crusie,,WL-TOPIC-Q2-LOVE,[[../30 专题/QH2.1 爱情与欲望/00 爱情与欲望|爱情与欲望]],,,,,自动通过,metadata_pending,,,,,,,,UNRESEARCHED,
Between the Woods and the Water.md,WL-WORK-1350,Between the Woods and the Water,,帕特里克·利·弗莫尔,Patrick Leigh Fermor,,WL-TOPIC-G7-TRAVEL,[[../30 专题/QT14 旅行与游记/00 旅行文学|旅行文学]],,,,,自动通过,metadata_pending,,,,,,,,UNRESEARCHED,
Bevis of Hampton.md,WL-WORK-2170,Bevis of Hampton,,佚名,,,WL-TOPIC-Q15;WL-TOPIC-Q15-KNIGHT,[[../30 专题/QT8 英雄、边疆与法外者文化传统/00 世界武人、边疆与法外英雄文学|世界武人、边疆与法外英雄文学]];[[../30 专题/QT8.2 欧洲骑士/00 欧洲骑士文学|欧洲骑士文学]],,,,,自动通过,metadata_pending,,,,,,,,UNRESEARCHED,
BJ单身日记.md,WL-WORK-1948,BJ单身日记,,海伦·菲尔丁,Helen Fielding,,WL-TOPIC-Q2-LOVE,[[../30 专题/QH2.1 爱情与欲望/00 爱情与欲望|爱情与欲望]],,,,,自动通过,metadata_pending,,,,,,,,UNRESEARCHED,
"Bless Me, Ultima.md",WL-WORK-2174,"Bless Me, Ultima",,鲁道夫·阿纳亚,Rudolfo Anaya,,WL-TOPIC-Q15;WL-TOPIC-Q15-WESTERN,[[../30 专题/QT8 英雄、边疆与法外者文化传统/00 世界武人、边疆与法外英雄文学|世界武人、边疆与法外英雄文学]];[[../30 专题/QT8.5 西部/00 西部文学|西部文学]],,,,,自动通过,metadata_pending,,,,,,,,UNRESEARCHED,
Bread Givers.md,WL-WORK-0917,Bread Givers,,安齐娅·叶济尔斯卡,Anzia Yezierska,,WL-TOPIC-G43-BILDUNGSROMAN,[[../30 专题/QH2.5 童年与成长/00 成长文学|成长文学]],,,,,自动通过,metadata_pending,,,,,,,,UNRESEARCHED,
Brut.md,WL-WORK-2176,Brut,,亚瑟王出现,,,WL-TOPIC-Q15;WL-TOPIC-Q15-KNIGHT,[[../30 专题/QT8 英雄、边疆与法外者文化传统/00 世界武人、边疆与法外英雄文学|世界武人、边疆与法外英雄文学]];[[../30 专题/QT8.2 欧洲骑士/00 欧洲骑士文学|欧洲骑士文学]],,,,,自动通过,metadata_pending,,,,,,,,UNRESEARCHED,
Burnt Offerings.md,WL-WORK-0494,Burnt Offerings,,罗伯特·马拉斯科,Robert Marasco,,WL-TOPIC-G45-HORROR,[[../30 专题/QT4 恐怖与哥特/00 恐怖文学|恐怖文学]],,,,,自动通过,metadata_pending,,,,,,,,UNRESEARCHED,
Butcher's Crossing.md,WL-WORK-2179,Butcher's Crossing,,约翰·威廉斯,John Williams,,WL-TOPIC-Q15;WL-TOPIC-Q15-WESTERN,[[../30 专题/QT8 英雄、边疆与法外者文化传统/00 世界武人、边疆与法外英雄文学|世界武人、边疆与法外英雄文学]];[[../30 专题/QT8.5 西部/00 西部文学|西部文学]],,,,,自动通过,metadata_pending,,,,,,,,UNRESEARCHED,
Cancioneiro Guasca.md,WL-WORK-2180,Cancioneiro Guasca,,西蒙斯·洛佩斯·内托,Simões Lopes Neto,,WL-TOPIC-Q15;WL-TOPIC-Q15-GAUCHO,[[../30 专题/QT8 英雄、边疆与法外者文化传统/00 世界武人、边疆与法外英雄文学|世界武人、边疆与法外英雄文学]];[[../30 专题/QT8.6 Gaucho/00 Gaucho文学|Gaucho文学]],,,,,自动通过,metadata_pending,,,,,,,,UNRESEARCHED,
Cangaceiros.md,WL-WORK-2181,Cangaceiros,,若泽·林斯·多雷戈,巴西,,WL-TOPIC-Q15;WL-TOPIC-Q15-OUTLAW,[[../30 专题/QT8 英雄、边疆与法外者文化传统/00 世界武人、边疆与法外英雄文学|世界武人、边疆与法外英雄文学]];[[../30 专题/QT8.7 侠盗/00 侠盗文学|侠盗文学]],,,,,自动通过,metadata_pending,,,,,,,,UNRESEARCHED,
Casos do Romualdo.md,WL-WORK-2183,Casos do Romualdo,,西蒙斯·洛佩斯·内托,Simões Lopes Neto,,WL-TOPIC-Q15;WL-TOPIC-Q15-GAUCHO,[[../30 专题/QT8 英雄、边疆与法外者文化传统/00 世界武人、边疆与法外英雄文学|世界武人、边疆与法外英雄文学]];[[../30 专题/QT8.6 Gaucho/00 Gaucho文学|Gaucho文学]],,,,,自动通过,metadata_pending,,,,,,,,UNRESEARCHED,
"Changó, el gran putas.md",WL-WORK-1525,"Changó, el gran putas",,曼努埃尔·萨帕塔·奥利韦利亚,Afro-Latin史诗性书写,,WL-TOPIC-R6-LATAM,[[../30 专题/R6 拉丁美洲与加勒比/00 拉丁美洲文学|拉丁美洲文学]],,,,,自动通过,metadata_pending,,,,,,,,UNRESEARCHED,
China Iron历险记.md,WL-WORK-1526,China Iron历险记,,加夫列拉·卡贝松·卡马拉,,,WL-TOPIC-R6-LATAM;WL-TOPIC-Q15;WL-TOPIC-Q15-GAUCHO;WL-TOPIC-Q15-OUTLAW,[[../30 专题/R6 拉丁美洲与加勒比/00 拉丁美洲文学|拉丁美洲文学]];[[../30 专题/QT8 英雄、边疆与法外者文化传统/00 世界武人、边疆与法外英雄文学|世界武人、边疆与法外英雄文学]];[[../30 专题/QT8.6 Gaucho/00 Gaucho文学|Gaucho文学]];[[../30 专题/QT8.7 侠盗/00 侠盗文学|侠盗文学]],,,,,自动通过,metadata_pending,,,,,,,,UNRESEARCHED,
Cielitos.md,WL-WORK-2184,Cielitos,,巴托洛梅·伊达尔戈,Hidalgo,,WL-TOPIC-Q15;WL-TOPIC-Q15-GAUCHO,[[../30 专题/QT8 英雄、边疆与法外者文化传统/00 世界武人、边疆与法外英雄文学|世界武人、边疆与法外英雄文学]];[[../30 专题/QT8.6 Gaucho/00 Gaucho文学|Gaucho文学]],,,,,自动通过,metadata_pending,,,,,,,,UNRESEARCHED,
Color.md,WL-WORK-1527,Color,,康蒂·卡伦,Countee Cullen,,WL-TOPIC-M3-MODERNISM,[[../30 专题/M3.1 现代主义/00 现代主义文学|现代主义文学]],,,,,自动通过,metadata_pending,,,,,,,,UNRESEARCHED,
Contos Gauchescos.md,WL-WORK-2190,Contos Gauchescos,,西蒙斯·洛佩斯·内托,Simões Lopes Neto,,WL-TOPIC-Q15;WL-TOPIC-Q15-GAUCHO,[[../30 专题/QT8 英雄、边疆与法外者文化传统/00 世界武人、边疆与法外英雄文学|世界武人、边疆与法外英雄文学]];[[../30 专题/QT8.6 Gaucho/00 Gaucho文学|Gaucho文学]],,,,,自动通过,metadata_pending,,,,,,,,UNRESEARCHED,
Corrido de Gregorio Cortez.md,WL-WORK-2191,Corrido de Gregorio Cortez,,佚名,Gregorio Cortez,,WL-TOPIC-Q15;WL-TOPIC-Q15-OUTLAW,[[../30 专题/QT8 英雄、边疆与法外者文化传统/00 世界武人、边疆与法外英雄文学|世界武人、边疆与法外英雄文学]];[[../30 专题/QT8.7 侠盗/00 侠盗文学|侠盗文学]],,,,,自动通过,metadata_pending,,,,,,,,UNRESEARCHED,
Count Hannibal.md,WL-WORK-2192,Count Hannibal,,斯坦利·韦曼,Stanley Weyman,,WL-TOPIC-Q15;WL-TOPIC-Q15-SWASHBUCKLER,[[../30 专题/QT8 英雄、边疆与法外者文化传统/00 世界武人、边疆与法外英雄文学|世界武人、边疆与法外英雄文学]];[[../30 专题/QT8.4 欧洲剑客/00 欧洲剑客文学|欧洲剑客文学]],,,,,自动通过,metadata_pending,,,,,,,,UNRESEARCHED,
Cowboy Songs and Other Frontier Ballads.md,WL-WORK-2193,Cowboy Songs and Other Frontier Ballads,,约翰·A.洛马克斯,John A. Lomax,,WL-TOPIC-Q15;WL-TOPIC-Q15-WESTERN,[[../30 专题/QT8 英雄、边疆与法外者文化传统/00 世界武人、边疆与法外英雄文学|世界武人、边疆与法外英雄文学]];[[../30 专题/QT8.5 西部/00 西部文学|西部文学]],,,,,自动通过,metadata_pending,,,,,,,,UNRESEARCHED,
Cracking India.md,WL-WORK-0919,Cracking India,,巴普西·西德瓦,Bapsi Sidhwa,,WL-TOPIC-G44-HISTORICAL,[[../30 专题/QT7 历史叙事/00 历史文学|历史文学]],,,,,自动通过,metadata_pending,,,,,,,,UNRESEARCHED,
Curial e Güelfa.md,WL-WORK-2194,Curial e Güelfa,,佚名,,,WL-TOPIC-Q15;WL-TOPIC-Q15-KNIGHT,[[../30 专题/QT8 英雄、边疆与法外者文化传统/00 世界武人、边疆与法外英雄文学|世界武人、边疆与法外英雄文学]];[[../30 专题/QT8.2 欧洲骑士/00 欧洲骑士文学|欧洲骑士文学]],,,,,自动通过,metadata_pending,,,,,,,,UNRESEARCHED,
"Dark Continent, My Black Arse.md",WL-WORK-1353,"Dark Continent, My Black Arse",,西赫勒·库马洛,Sihle Khumalo,,WL-TOPIC-G7-TRAVEL,[[../30 专题/QT14 旅行与游记/00 旅行文学|旅行文学]],,,,,自动通过,metadata_pending,,,,,,,,UNRESEARCHED,
Dark Fire.md,WL-WORK-0921,Dark Fire,,C.J.桑瑟姆,C.J. Sansom,,WL-TOPIC-G44-HISTORICAL,[[../30 专题/QT7 历史叙事/00 历史文学|历史文学]],,,,,自动通过,metadata_pending,,,,,,,,UNRESEARCHED,
Dead in the West.md,WL-WORK-2196,Dead in the West,,乔·R.兰斯代尔,Joe R. Lansdale,,WL-TOPIC-Q15;WL-TOPIC-Q15-WESTERN,[[../30 专题/QT8 英雄、边疆与法外者文化传统/00 世界武人、边疆与法外英雄文学|世界武人、边疆与法外英雄文学]];[[../30 专题/QT8.5 西部/00 西部文学|西部文学]],,,,,自动通过,metadata_pending,,,,,,,,UNRESEARCHED,
Delilah Green Doesn't Care.md,WL-WORK-1953,Delilah Green Doesn't Care,,阿什莉·赫林·布莱克,Ashley Herring Blake,,WL-TOPIC-Q2-LOVE,[[../30 专题/QH2.1 爱情与欲望/00 爱情与欲望|爱情与欲望]],,,,,自动通过,metadata_pending,,,,,,,,UNRESEARCHED,
Delirium.md,WL-WORK-0922,Delirium,,劳伦·奥利弗,Lauren Oliver,,WL-TOPIC-G46-DYSTOPIA,[[../30 专题/QT6 乌托邦、反乌托邦与社会想象/00 反乌托邦文学|反乌托邦文学]],,,,,自动通过,metadata_pending,,,,,,,,UNRESEARCHED,
Desert Solitaire.md,WL-WORK-2199,Desert Solitaire,,爱德华·艾比,Edward Abbey,,WL-TOPIC-Q15;WL-TOPIC-Q15-WESTERN,[[../30 专题/QT8 英雄、边疆与法外者文化传统/00 世界武人、边疆与法外英雄文学|世界武人、边疆与法外英雄文学]];[[../30 专题/QT8.5 西部/00 西部文学|西部文学]],,,,,自动通过,metadata_pending,,,,,,,,UNRESEARCHED,
Destry Rides Again.md,WL-WORK-2200,Destry Rides Again,,马克斯·布兰德,Max Brand,,WL-TOPIC-Q15;WL-TOPIC-Q15-WESTERN,[[../30 专题/QT8 英雄、边疆与法外者文化传统/00 世界武人、边疆与法外英雄文学|世界武人、边疆与法外英雄文学]];[[../30 专题/QT8.5 西部/00 西部文学|西部文学]],,,,,自动通过,metadata_pending,,,,,,,,UNRESEARCHED,
Devil in Winter.md,WL-WORK-1955,Devil in Winter,,丽莎·克莱帕斯,Lisa Kleypas,,WL-TOPIC-Q2-LOVE,[[../30 专题/QH2.1 爱情与欲望/00 爱情与欲望|爱情与欲望]],,,,,自动通过,metadata_pending,,,,,,,,UNRESEARCHED,
Dispatches.md,WL-WORK-1956,Dispatches,,迈克尔·赫尔,Michael Herr,,WL-TOPIC-Q6-WAR,[[../30 专题/QH6 战争、暴力与创伤/00 战争文学|战争文学]],,,,,自动通过,metadata_pending,,,,,,,,UNRESEARCHED,
Diálogos patrióticos.md,WL-WORK-2201,Diálogos patrióticos,,巴托洛梅·伊达尔戈,Hidalgo,,WL-TOPIC-Q15;WL-TOPIC-Q15-GAUCHO,[[../30 专题/QT8 英雄、边疆与法外者文化传统/00 世界武人、边疆与法外英雄文学|世界武人、边疆与法外英雄文学]];[[../30 专题/QT8.6 Gaucho/00 Gaucho文学|Gaucho文学]],,,,,自动通过,metadata_pending,,,,,,,,UNRESEARCHED,
Don Segundo Sombra.md,WL-WORK-2202,Don Segundo Sombra,,里卡多·吉拉尔德斯,Güiraldes,,WL-TOPIC-Q15;WL-TOPIC-Q15-GAUCHO,[[../30 专题/QT8 英雄、边疆与法外者文化传统/00 世界武人、边疆与法外英雄文学|世界武人、边疆与法外英雄文学]];[[../30 专题/QT8.6 Gaucho/00 Gaucho文学|Gaucho文学]],,,,,自动通过,metadata_pending,,,,,,,,UNRESEARCHED,
Dreaming in Cuban.md,WL-WORK-0923,Dreaming in Cuban,,克里斯蒂娜·加西亚,Cristina García,,WL-TOPIC-G43-FAMILY,[[../30 专题/QH2.3 家庭与家族/00 家庭与家族|家庭与家族]],,,,,自动通过,metadata_pending,,,,,,,,UNRESEARCHED,
Dungeon Crawler Carl.md,WL-WORK-0499,Dungeon Crawler Carl,,马特·丁尼曼,Matt Dinniman,,WL-TOPIC-G45-FANTASY,[[../30 专题/QT3 奇幻/00 奇幻文学|奇幻文学]],,,,,自动通过,metadata_pending,,,,,,,,UNRESEARCHED,
El guacho Martín Fierro.md,WL-WORK-2206,El guacho Martín Fierro,,法里尼亚,Fariña,,WL-TOPIC-Q15;WL-TOPIC-Q15-GAUCHO,[[../30 专题/QT8 英雄、边疆与法外者文化传统/00 世界武人、边疆与法外英雄文学|世界武人、边疆与法外英雄文学]];[[../30 专题/QT8.6 Gaucho/00 Gaucho文学|Gaucho文学]],,,,,自动通过,metadata_pending,,,,,,,,UNRESEARCHED,
El inglés de los güesos.md,WL-WORK-2207,El inglés de los güesos,,贝尼托·林奇,Lynch,,WL-TOPIC-Q15;WL-TOPIC-Q15-GAUCHO,[[../30 专题/QT8 英雄、边疆与法外者文化传统/00 世界武人、边疆与法外英雄文学|世界武人、边疆与法外英雄文学]];[[../30 专题/QT8.6 Gaucho/00 Gaucho文学|Gaucho文学]],,,,,自动通过,metadata_pending,,,,,,,,UNRESEARCHED,
El Martín Fierro.md,WL-WORK-2208,El Martín Fierro,,博尔赫斯 / 玛格丽塔·格雷罗,Borges / Margarita Guerrero,,WL-TOPIC-Q15;WL-TOPIC-Q15-GAUCHO,[[../30 专题/QT8 英雄、边疆与法外者文化传统/00 世界武人、边疆与法外英雄文学|世界武人、边疆与法外英雄文学]];[[../30 专题/QT8.6 Gaucho/00 Gaucho文学|Gaucho文学]],,,,,自动通过,metadata_pending,,,,,,,,UNRESEARCHED,
El matadero ／ 屠场.md,WL-WORK-2209,El matadero / 屠场,,埃斯特万·埃切维里亚,Esteban Echeverría,,WL-TOPIC-Q15;WL-TOPIC-Q15-GAUCHO,[[../30 专题/QT8 英雄、边疆与法外者文化传统/00 世界武人、边疆与法外英雄文学|世界武人、边疆与法外英雄文学]];[[../30 专题/QT8.6 Gaucho/00 Gaucho文学|Gaucho文学]],,,,,自动通过,metadata_pending,,,,,,,,UNRESEARCHED,
El payador.md,WL-WORK-2211,El payador,,莱奥波尔多·卢贡内斯,Lugones,,WL-TOPIC-Q15;WL-TOPIC-Q15-GAUCHO,[[../30 专题/QT8 英雄、边疆与法外者文化传统/00 世界武人、边疆与法外英雄文学|世界武人、边疆与法外英雄文学]];[[../30 专题/QT8.6 Gaucho/00 Gaucho文学|Gaucho文学]],,,,,自动通过,metadata_pending,,,,,,,,UNRESEARCHED,
El romance de un gaucho.md,WL-WORK-2212,El romance de un gaucho,,贝尼托·林奇,Lynch,,WL-TOPIC-Q15;WL-TOPIC-Q15-GAUCHO,[[../30 专题/QT8 英雄、边疆与法外者文化传统/00 世界武人、边疆与法外英雄文学|世界武人、边疆与法外英雄文学]];[[../30 专题/QT8.6 Gaucho/00 Gaucho文学|Gaucho文学]],,,,,自动通过,metadata_pending,,,,,,,,UNRESEARCHED,
El Zarco.md,WL-WORK-2214,El Zarco,,伊格纳西奥·曼努埃尔·阿尔塔米拉诺,Ignacio Manuel Altamirano,,WL-TOPIC-Q15;WL-TOPIC-Q15-OUTLAW,[[../30 专题/QT8 英雄、边疆与法外者文化传统/00 世界武人、边疆与法外英雄文学|世界武人、边疆与法外英雄文学]];[[../30 专题/QT8.7 侠盗/00 侠盗文学|侠盗文学]],,,,,自动通过,metadata_pending,,,,,,,,UNRESEARCHED,
Eldorado.md,WL-WORK-2215,Eldorado,,奥希兹男爵夫人,Baroness Orczy,,WL-TOPIC-Q15;WL-TOPIC-Q15-SWASHBUCKLER,[[../30 专题/QT8 英雄、边疆与法外者文化传统/00 世界武人、边疆与法外英雄文学|世界武人、边疆与法外英雄文学]];[[../30 专题/QT8.4 欧洲剑客/00 欧洲剑客文学|欧洲剑客文学]],,,,,自动通过,metadata_pending,,,,,,,,UNRESEARCHED,
Erec.md,WL-WORK-2218,Erec,,哈特曼·冯·奥埃,Hartmann von Aue,,WL-TOPIC-Q15;WL-TOPIC-Q15-KNIGHT,[[../30 专题/QT8 英雄、边疆与法外者文化传统/00 世界武人、边疆与法外英雄文学|世界武人、边疆与法外英雄文学]];[[../30 专题/QT8.2 欧洲骑士/00 欧洲骑士文学|欧洲骑士文学]],,,,,自动通过,metadata_pending,,,,,,,,UNRESEARCHED,
Estoire del Saint Graal.md,WL-WORK-2220,Estoire del Saint Graal,,佚名,,,WL-TOPIC-Q15;WL-TOPIC-Q15-KNIGHT,[[../30 专题/QT8 英雄、边疆与法外者文化传统/00 世界武人、边疆与法外英雄文学|世界武人、边疆与法外英雄文学]];[[../30 专题/QT8.2 欧洲骑士/00 欧洲骑士文学|欧洲骑士文学]],,,,,自动通过,metadata_pending,,,,,,,,UNRESEARCHED,
Eustace the Monk.md,WL-WORK-2221,Eustace the Monk,,佚名,,,WL-TOPIC-Q15;WL-TOPIC-Q15-OUTLAW;WL-TOPIC-Q15-PIRATE,[[../30 专题/QT8 英雄、边疆与法外者文化传统/00 世界武人、边疆与法外英雄文学|世界武人、边疆与法外英雄文学]];[[../30 专题/QT8.7 侠盗/00 侠盗文学|侠盗文学]];[[../30 专题/QT8.8 海盗/00 海盗文学|海盗文学]],,,,,自动通过,metadata_pending,,,,,,,,UNRESEARCHED,
Facial Justice.md,WL-WORK-0924,Facial Justice,,L.P.哈特利,L.P. Hartley,,WL-TOPIC-G46-DYSTOPIA,[[../30 专题/QT6 乌托邦、反乌托邦与社会想象/00 反乌托邦文学|反乌托邦文学]],,,,,自动通过,metadata_pending,,,,,,,,UNRESEARCHED,
Fausto.md,WL-WORK-2225,Fausto,,埃斯塔尼斯劳·德尔·坎波,del Campo的,,WL-TOPIC-Q15;WL-TOPIC-Q15-GAUCHO,[[../30 专题/QT8 英雄、边疆与法外者文化传统/00 世界武人、边疆与法外英雄文学|世界武人、边疆与法外英雄文学]];[[../30 专题/QT8.6 Gaucho/00 Gaucho文学|Gaucho文学]],,,,,自动通过,metadata_pending,,,,,,,,UNRESEARCHED,
Fierabras.md,WL-WORK-2226,Fierabras,,佚名,,,WL-TOPIC-Q15;WL-TOPIC-Q15-KNIGHT,[[../30 专题/QT8 英雄、边疆与法外者文化传统/00 世界武人、边疆与法外英雄文学|世界武人、边疆与法外英雄文学]];[[../30 专题/QT8.2 欧洲骑士/00 欧洲骑士文学|欧洲骑士文学]],,,,,自动通过,metadata_pending,,,,,,,,UNRESEARCHED,
Flashman.md,WL-WORK-2227,Flashman,,乔治·麦克唐纳·弗雷泽,Flashman系列，从,,WL-TOPIC-Q15;WL-TOPIC-Q15-SWASHBUCKLER,[[../30 专题/QT8 英雄、边疆与法外者文化传统/00 世界武人、边疆与法外英雄文学|世界武人、边疆与法外英雄文学]];[[../30 专题/QT8.4 欧洲剑客/00 欧洲剑客文学|欧洲剑客文学]],,,,,自动通过,metadata_pending,,,,,,,,UNRESEARCHED,
Forbidden.md,WL-WORK-1958,Forbidden,,贝弗利·詹金斯,Beverly Jenkins,,WL-TOPIC-Q2-LOVE,[[../30 专题/QH2.1 爱情与欲望/00 爱情与欲望|爱情与欲望]],,,,,自动通过,metadata_pending,,,,,,,,UNRESEARCHED,
From a Crooked Rib.md,WL-WORK-0927,From a Crooked Rib,,努鲁丁·法拉赫,Nuruddin Farah,,WL-TOPIC-G43-BILDUNGSROMAN,[[../30 专题/QH2.5 童年与成长/00 成长文学|成长文学]],,,,,自动通过,metadata_pending,,,,,,,,UNRESEARCHED,
Fulk FitzWarin.md,WL-WORK-2231,Fulk FitzWarin,,佚名,,,WL-TOPIC-Q15;WL-TOPIC-Q15-OUTLAW,[[../30 专题/QT8 英雄、边疆与法外者文化传统/00 世界武人、边疆与法外英雄文学|世界武人、边疆与法外英雄文学]];[[../30 专题/QT8.7 侠盗/00 侠盗文学|侠盗文学]],,,,,自动通过,metadata_pending,,,,,,,,UNRESEARCHED,
Gamelyn.md,WL-WORK-2232,Gamelyn,,佚名,,,WL-TOPIC-Q15;WL-TOPIC-Q15-OUTLAW,[[../30 专题/QT8 英雄、边疆与法外者文化传统/00 世界武人、边疆与法外英雄文学|世界武人、边疆与法外英雄文学]];[[../30 专题/QT8.7 侠盗/00 侠盗文学|侠盗文学]],,,,,自动通过,metadata_pending,,,,,,,,UNRESEARCHED,
Games of Command.md,WL-WORK-1960,Games of Command,,林妮娅·辛克莱,Linnea Sinclair,,WL-TOPIC-Q2-LOVE,[[../30 专题/QH2.1 爱情与欲望/00 爱情与欲望|爱情与欲望]],,,,,自动通过,metadata_pending,,,,,,,,UNRESEARCHED,
Gestaltes en diere.md,WL-WORK-1530,Gestaltes en diere,,N.P.范维克·劳,N. P. van Wyk Louw,,WL-TOPIC-M3-MODERNISM,[[../30 专题/M3.1 现代主义/00 现代主义文学|现代主义文学]],,,,,自动通过,metadata_pending,,,,,,,,UNRESEARCHED,
"Get a Life, Chloe Brown.md",WL-WORK-1961,"Get a Life, Chloe Brown",,塔莉娅·希伯特,Talia Hibbert,,WL-TOPIC-Q2-LOVE,[[../30 专题/QH2.1 爱情与欲望/00 爱情与欲望|爱情与欲望]],,,,,自动通过,metadata_pending,,,,,,,,UNRESEARCHED,
Girart de Roussillon.md,WL-WORK-2233,Girart de Roussillon,,佚名,,,WL-TOPIC-Q15;WL-TOPIC-Q15-KNIGHT,[[../30 专题/QT8 英雄、边疆与法外者文化传统/00 世界武人、边疆与法外英雄文学|世界武人、边疆与法外英雄文学]];[[../30 专题/QT8.2 欧洲骑士/00 欧洲骑士文学|欧洲骑士文学]],,,,,自动通过,metadata_pending,,,,,,,,UNRESEARCHED,
Gnomon.md,WL-WORK-0928,Gnomon,,尼克·哈卡维,Nick Harkaway,,WL-TOPIC-G46-DYSTOPIA,[[../30 专题/QT6 乌托邦、反乌托邦与社会想象/00 反乌托邦文学|反乌托邦文学]],,,,,自动通过,metadata_pending,,,,,,,,UNRESEARCHED,
Going After Cacciato.md,WL-WORK-1963,Going After Cacciato,,美国一侧,,,WL-TOPIC-Q6-WAR,[[../30 专题/QH6 战争、暴力与创伤/00 战争文学|战争文学]],,,,,自动通过,metadata_pending,,,,,,,,UNRESEARCHED,
GOTH断掌事件.md,WL-WORK-0501,GOTH断掌事件,,乙一,,,WL-TOPIC-G45-HORROR,[[../30 专题/QT4 恐怖与哥特/00 恐怖文学|恐怖文学]],,,,,自动通过,metadata_pending,,,,,,,,UNRESEARCHED,
Greguerías.md,WL-WORK-1531,Greguerías,,拉蒙·戈麦斯·德拉塞尔纳,Ramón Gómez de la Serna,,WL-TOPIC-M3-MODERNISM,[[../30 专题/M3.1 现代主义/00 现代主义文学|现代主义文学]],,,,,自动通过,metadata_pending,,,,,,,,UNRESEARCHED,
Grito de Gloria.md,WL-WORK-2236,Grito de Gloria,,阿塞韦多·迪亚斯,Acevedo Díaz,,WL-TOPIC-Q15;WL-TOPIC-Q15-GAUCHO,[[../30 专题/QT8 英雄、边疆与法外者文化传统/00 世界武人、边疆与法外英雄文学|世界武人、边疆与法外英雄文学]];[[../30 专题/QT8.6 Gaucho/00 Gaucho文学|Gaucho文学]],,,,,自动通过,metadata_pending,,,,,,,,UNRESEARCHED,
Guy of Warwick.md,WL-WORK-2237,Guy of Warwick,,佚名,,,WL-TOPIC-Q15;WL-TOPIC-Q15-KNIGHT,[[../30 专题/QT8 英雄、边疆与法外者文化传统/00 世界武人、边疆与法外英雄文学|世界武人、边疆与法外英雄文学]];[[../30 专题/QT8.2 欧洲骑士/00 欧洲骑士文学|欧洲骑士文学]],,,,,自动通过,metadata_pending,,,,,,,,UNRESEARCHED,
Harmonium.md,WL-WORK-1532,Harmonium,,华莱士·史蒂文斯,Wallace Stevens,,WL-TOPIC-M3-MODERNISM,[[../30 专题/M3.1 现代主义/00 现代主义文学|现代主义文学]],,,,,自动通过,metadata_pending,,,,,,,,UNRESEARCHED,
Hood.md,WL-WORK-2240,Hood,,斯蒂芬·R.劳黑德,Stephen R. Lawhead,,WL-TOPIC-Q15;WL-TOPIC-Q15-OUTLAW,[[../30 专题/QT8 英雄、边疆与法外者文化传统/00 世界武人、边疆与法外英雄文学|世界武人、边疆与法外英雄文学]];[[../30 专题/QT8.7 侠盗/00 侠盗文学|侠盗文学]],,,,,自动通过,metadata_pending,,,,,,,,UNRESEARCHED,
Huon de Bordeaux.md,WL-WORK-2245,Huon de Bordeaux,,佚名,,,WL-TOPIC-Q15;WL-TOPIC-Q15-KNIGHT,[[../30 专题/QT8 英雄、边疆与法外者文化传统/00 世界武人、边疆与法外英雄文学|世界武人、边疆与法外英雄文学]];[[../30 专题/QT8.2 欧洲骑士/00 欧洲骑士文学|欧洲骑士文学]],,,,,自动通过,metadata_pending,,,,,,,,UNRESEARCHED,
I Will Repay.md,WL-WORK-2246,I Will Repay,,奥希兹男爵夫人,Baroness Orczy,,WL-TOPIC-Q15;WL-TOPIC-Q15-SWASHBUCKLER,[[../30 专题/QT8 英雄、边疆与法外者文化传统/00 世界武人、边疆与法外英雄文学|世界武人、边疆与法外英雄文学]];[[../30 专题/QT8.4 欧洲剑客/00 欧洲剑客文学|欧洲剑客文学]],,,,,自动通过,metadata_pending,,,,,,,,UNRESEARCHED,
I'm Waiting for You and Other Stories.md,WL-WORK-0480,I'm Waiting for You and Other Stories,,金宝英,,,WL-TOPIC-G45-SF,[[../30 专题/QT2 科幻/00 科幻文学|科幻文学]],,,,,自动通过,,,,,,,,,UNRESEARCHED,
If I Die in a Combat Zone.md,WL-WORK-1966,If I Die in a Combat Zone,,美国一侧,,,WL-TOPIC-Q6-WAR,[[../30 专题/QH6 战争、暴力与创伤/00 战争文学|战争文学]],,,,,自动通过,metadata_pending,,,,,,,,UNRESEARCHED,
In Flanders Fields.md,WL-WORK-1967,In Flanders Fields,,约翰·麦克雷,John McCrae,,WL-TOPIC-Q6-WAR,[[../30 专题/QH6 战争、暴力与创伤/00 战争文学|战争文学]],,,,,自动通过,metadata_pending,,,,,,,,UNRESEARCHED,
In Parenthesis.md,WL-WORK-1968,In Parenthesis,,戴维·琼斯,David Jones,,WL-TOPIC-Q6-WAR,[[../30 专题/QH6 战争、暴力与创伤/00 战争文学|战争文学]],,,,,自动通过,metadata_pending,,,,,,,,UNRESEARCHED,
Indigo.md,WL-WORK-1969,Indigo,,贝弗利·詹金斯,Beverly Jenkins,,WL-TOPIC-Q2-LOVE,[[../30 专题/QH2.1 爱情与欲望/00 爱情与欲望|爱情与欲望]],,,,,自动通过,metadata_pending,,,,,,,,UNRESEARCHED,
Inland.md,WL-WORK-2248,Inland,,特娅·奥布雷赫特,Téa Obreht,,WL-TOPIC-Q15;WL-TOPIC-Q15-WESTERN,[[../30 专题/QT8 英雄、边疆与法外者文化传统/00 世界武人、边疆与法外英雄文学|世界武人、边疆与法外英雄文学]];[[../30 专题/QT8.5 西部/00 西部文学|西部文学]],,,,,自动通过,metadata_pending,,,,,,,,UNRESEARCHED,
Ismael.md,WL-WORK-2249,Ismael,,阿塞韦多·迪亚斯,Acevedo Díaz,,WL-TOPIC-Q15;WL-TOPIC-Q15-GAUCHO,[[../30 专题/QT8 英雄、边疆与法外者文化传统/00 世界武人、边疆与法外英雄文学|世界武人、边疆与法外英雄文学]];[[../30 专题/QT8.6 Gaucho/00 Gaucho文学|Gaucho文学]],,,,,自动通过,metadata_pending,,,,,,,,UNRESEARCHED,
Iwein.md,WL-WORK-2250,Iwein,,哈特曼·冯·奥埃,Hartmann,,WL-TOPIC-Q15;WL-TOPIC-Q15-KNIGHT,[[../30 专题/QT8 英雄、边疆与法外者文化传统/00 世界武人、边疆与法外英雄文学|世界武人、边疆与法外英雄文学]];[[../30 专题/QT8.2 欧洲骑士/00 欧洲骑士文学|欧洲骑士文学]],,,,,自动通过,metadata_pending,,,,,,,,UNRESEARCHED,
Jerilderie Letter.md,WL-WORK-2251,Jerilderie Letter,,内德·凯利,Ned Kelly,,WL-TOPIC-Q15;WL-TOPIC-Q15-OUTLAW,[[../30 专题/QT8 英雄、边疆与法外者文化传统/00 世界武人、边疆与法外英雄文学|世界武人、边疆与法外英雄文学]];[[../30 专题/QT8.7 侠盗/00 侠盗文学|侠盗文学]],,,,,自动通过,metadata_pending,,,,,,,,UNRESEARCHED,
Joseph d'Arimathie.md,WL-WORK-2253,Joseph d'Arimathie,,罗贝尔·德·博龙,Robert de Boron,,WL-TOPIC-Q15;WL-TOPIC-Q15-KNIGHT,[[../30 专题/QT8 英雄、边疆与法外者文化传统/00 世界武人、边疆与法外英雄文学|世界武人、边疆与法外英雄文学]];[[../30 专题/QT8.2 欧洲骑士/00 欧洲骑士文学|欧洲骑士文学]],,,,,自动通过,metadata_pending,,,,,,,,UNRESEARCHED,
Juan Moreira.md,WL-WORK-2255,Juan Moreira,,爱德华多·古铁雷斯,Gutiérrez,,WL-TOPIC-Q15;WL-TOPIC-Q15-GAUCHO;WL-TOPIC-Q15-OUTLAW,[[../30 专题/QT8 英雄、边疆与法外者文化传统/00 世界武人、边疆与法外英雄文学|世界武人、边疆与法外英雄文学]];[[../30 专题/QT8.6 Gaucho/00 Gaucho文学|Gaucho文学]];[[../30 专题/QT8.7 侠盗/00 侠盗文学|侠盗文学]],,,,,自动通过,metadata_pending,,,,,,,,UNRESEARCHED,
Kalpa Imperial.md,WL-WORK-0472,Kalpa Imperial,,安赫利卡·戈罗迪舍尔,Angélica Gorodischer,,WL-TOPIC-G45-SF,[[../30 专题/QT2 科幻/00 科幻文学|科幻文学]],,,,,自动通过,,,,,,,,,UNRESEARCHED,
Kaputt.md,WL-WORK-1971,Kaputt,,库尔齐奥·马拉帕尔特,Curzio Malaparte,,WL-TOPIC-Q6-WAR,[[../30 专题/QH6 战争、暴力与创伤/00 战争文学|战争文学]],,,,,自动通过,metadata_pending,,,,,,,,UNRESEARCHED,
Kernok the Pirate.md,WL-WORK-2256,Kernok the Pirate,,欧仁·苏,Eugène Sue,,WL-TOPIC-Q15;WL-TOPIC-Q15-PIRATE,[[../30 专题/QT8 英雄、边疆与法外者文化传统/00 世界武人、边疆与法外英雄文学|世界武人、边疆与法外英雄文学]];[[../30 专题/QT8.8 海盗/00 海盗文学|海盗文学]],,,,,自动通过,metadata_pending,,,,,,,,UNRESEARCHED,
Kintu.md,WL-WORK-0932,Kintu,,珍妮弗·南布西·马昆比,与Makumbi,,WL-TOPIC-G43-FAMILY,[[../30 专题/QH2.3 家庭与家族/00 家庭与家族|家庭与家族]],,,,,自动通过,metadata_pending,,,,,,,,UNRESEARCHED,
Kushiel's Dart.md,WL-WORK-1972,Kushiel's Dart,,杰奎琳·凯里,Jacqueline Carey,,WL-TOPIC-Q2-LOVE,[[../30 专题/QH2.1 爱情与欲望/00 爱情与欲望|爱情与欲望]],,,,,自动通过,metadata_pending,,,,,,,,UNRESEARCHED,
L'Allegria.md,WL-WORK-1534,L'Allegria,,朱塞佩·翁加雷蒂,Giuseppe Ungaretti,,WL-TOPIC-M3-MODERNISM,[[../30 专题/M3.1 现代主义/00 现代主义文学|现代主义文学]],,,,,自动通过,metadata_pending,,,,,,,,UNRESEARCHED,
La cautiva.md,WL-WORK-2258,La cautiva,,埃斯特万·埃切维里亚,Echeverría,,WL-TOPIC-Q15;WL-TOPIC-Q15-GAUCHO,[[../30 专题/QT8 英雄、边疆与法外者文化传统/00 世界武人、边疆与法外英雄文学|世界武人、边疆与法外英雄文学]];[[../30 专题/QT8.6 Gaucho/00 Gaucho文学|Gaucho文学]],,,,,自动通过,metadata_pending,,,,,,,,UNRESEARCHED,
La guerra gaucha.md,WL-WORK-2259,La guerra gaucha,,莱奥波尔多·卢贡内斯,Lugones,,WL-TOPIC-Q15;WL-TOPIC-Q15-GAUCHO,[[../30 专题/QT8 英雄、边疆与法外者文化传统/00 世界武人、边疆与法外英雄文学|世界武人、边疆与法外英雄文学]];[[../30 专题/QT8.6 Gaucho/00 Gaucho文学|Gaucho文学]],,,,,自动通过,metadata_pending,,,,,,,,UNRESEARCHED,
Lancelot propre.md,WL-WORK-2265,Lancelot propre,,佚名,,,WL-TOPIC-Q15;WL-TOPIC-Q15-KNIGHT,[[../30 专题/QT8 英雄、边疆与法外者文化传统/00 世界武人、边疆与法外英雄文学|世界武人、边疆与法外英雄文学]];[[../30 专题/QT8.2 欧洲骑士/00 欧洲骑士文学|欧洲骑士文学]],,,,,自动通过,metadata_pending,,,,,,,,UNRESEARCHED,
Las aventuras de la China Iron.md,WL-WORK-2267,Las aventuras de la China Iron,,加布里埃拉·卡贝松·卡马拉,Cabezón Cámara,,WL-TOPIC-Q15;WL-TOPIC-Q15-GAUCHO;WL-TOPIC-Q15-OUTLAW,[[../30 专题/QT8 英雄、边疆与法外者文化传统/00 世界武人、边疆与法外英雄文学|世界武人、边疆与法外英雄文学]];[[../30 专题/QT8.6 Gaucho/00 Gaucho文学|Gaucho文学]];[[../30 专题/QT8.7 侠盗/00 侠盗文学|侠盗文学]],,,,,自动通过,metadata_pending,,,,,,,,UNRESEARCHED,
Le Capitan.md,WL-WORK-2269,Le Capitan,,米歇尔·泽瓦科,Le Capitan,,WL-TOPIC-Q15;WL-TOPIC-Q15-SWASHBUCKLER,[[../30 专题/QT8 英雄、边疆与法外者文化传统/00 世界武人、边疆与法外英雄文学|世界武人、边疆与法外英雄文学]];[[../30 专题/QT8.4 欧洲剑客/00 欧洲剑客文学|欧洲剑客文学]],,,,,自动通过,metadata_pending,,,,,,,,UNRESEARCHED,
Legendary Tales of the Australian Aborigines.md,WL-WORK-1359,Legendary Tales of the Australian Aborigines,,戴维·乌奈庞,David Unaipon,,WL-TOPIC-G1-MYTH,[[../30 专题/QT9 神话、传说与民间叙事/00 世界神话文学|世界神话文学]],,,,,自动通过,metadata_pending,,,,,,,,UNRESEARCHED,
Leila.md,WL-WORK-0933,Leila,,普拉亚格·阿克巴尔,Prayaag Akbar,,WL-TOPIC-G46-DYSTOPIA,[[../30 专题/QT6 乌托邦、反乌托邦与社会想象/00 反乌托邦文学|反乌托邦文学]],,,,,自动通过,metadata_pending,,,,,,,,UNRESEARCHED,
Lendas do Sul.md,WL-WORK-2271,Lendas do Sul,,西蒙斯·洛佩斯·内托,Simões Lopes Neto,,WL-TOPIC-Q15;WL-TOPIC-Q15-GAUCHO,[[../30 专题/QT8 英雄、边疆与法外者文化传统/00 世界武人、边疆与法外英雄文学|世界武人、边疆与法外英雄文学]];[[../30 专题/QT8.6 Gaucho/00 Gaucho文学|Gaucho文学]],,,,,自动通过,metadata_pending,,,,,,,,UNRESEARCHED,
Libro del caballero Zifar.md,WL-WORK-2272,Libro del caballero Zifar,,佚名,,,WL-TOPIC-Q15;WL-TOPIC-Q15-KNIGHT,[[../30 专题/QT8 英雄、边疆与法外者文化传统/00 世界武人、边疆与法外英雄文学|世界武人、边疆与法外英雄文学]];[[../30 专题/QT8.2 欧洲骑士/00 欧洲骑士文学|欧洲骑士文学]],,,,,自动通过,metadata_pending,,,,,,,,UNRESEARCHED,
Limbo.md,WL-WORK-0934,Limbo,,伯纳德·沃尔夫,Bernard Wolfe,,WL-TOPIC-G46-DYSTOPIA,[[../30 专题/QT6 乌托邦、反乌托邦与社会想象/00 反乌托邦文学|反乌托邦文学]],,,,,自动通过,metadata_pending,,,,,,,,UNRESEARCHED,
Little Big Man.md,WL-WORK-2273,Little Big Man,,托马斯·伯杰,Thomas Berger,,WL-TOPIC-Q15;WL-TOPIC-Q15-WESTERN,[[../30 专题/QT8 英雄、边疆与法外者文化传统/00 世界武人、边疆与法外英雄文学|世界武人、边疆与法外英雄文学]];[[../30 专题/QT8.5 西部/00 西部文学|西部文学]],,,,,自动通过,metadata_pending,,,,,,,,UNRESEARCHED,
Long John Silver.md,WL-WORK-2275,Long John Silver,,比约恩·拉尔森,Björn Larsson,,WL-TOPIC-Q15;WL-TOPIC-Q15-PIRATE,[[../30 专题/QT8 英雄、边疆与法外者文化传统/00 世界武人、边疆与法外英雄文学|世界武人、边疆与法外英雄文学]];[[../30 专题/QT8.8 海盗/00 海盗文学|海盗文学]],,,,,自动通过,metadata_pending,,,,,,,,UNRESEARCHED,
Los bandidos de Río Frío.md,WL-WORK-2276,Los bandidos de Río Frío,,曼努埃尔·派诺,Manuel Payno,,WL-TOPIC-Q15;WL-TOPIC-Q15-OUTLAW,[[../30 专题/QT8 英雄、边疆与法外者文化传统/00 世界武人、边疆与法外英雄文学|世界武人、边疆与法外英雄文学]];[[../30 专题/QT8.7 侠盗/00 侠盗文学|侠盗文学]],,,,,自动通过,metadata_pending,,,,,,,,UNRESEARCHED,
Los caranchos de La Florida.md,WL-WORK-2277,Los caranchos de La Florida,,贝尼托·林奇,Benito Lynch,,WL-TOPIC-Q15;WL-TOPIC-Q15-GAUCHO,[[../30 专题/QT8 英雄、边疆与法外者文化传统/00 世界武人、边疆与法外英雄文学|世界武人、边疆与法外英雄文学]];[[../30 专题/QT8.6 Gaucho/00 Gaucho文学|Gaucho文学]],,,,,自动通过,metadata_pending,,,,,,,,UNRESEARCHED,
Los tres gauchos orientales.md,WL-WORK-2278,Los tres gauchos orientales,,安东尼奥·卢西奇,Lussich,,WL-TOPIC-Q15;WL-TOPIC-Q15-GAUCHO,[[../30 专题/QT8 英雄、边疆与法外者文化传统/00 世界武人、边疆与法外英雄文学|世界武人、边疆与法外英雄文学]];[[../30 专题/QT8.6 Gaucho/00 Gaucho文学|Gaucho文学]],,,,,自动通过,metadata_pending,,,,,,,,UNRESEARCHED,
Lost in the Barrens.md,WL-WORK-0508,Lost in the Barrens,,法利·莫厄特,Farley Mowat,,WL-TOPIC-G45-ADVENTURE,[[../30 专题/QT5 冒险与探索叙事/00 冒险文学|冒险文学]],,,,,自动通过,metadata_pending,,,,,,,,UNRESEARCHED,
Love Only Once.md,WL-WORK-1973,Love Only Once,,约翰娜·林赛,Johanna Lindsey,,WL-TOPIC-Q2-LOVE,[[../30 专题/QH2.1 爱情与欲望/00 爱情与欲望|爱情与欲望]],,,,,自动通过,metadata_pending,,,,,,,,UNRESEARCHED,
Lumpérica.md,WL-WORK-1535,Lumpérica,,迪亚梅拉·埃尔蒂特,,,WL-TOPIC-R6-LATAM,[[../30 专题/R6 拉丁美洲与加勒比/00 拉丁美洲文学|拉丁美洲文学]],,,,,自动通过,metadata_pending,,,,,,,,UNRESEARCHED,
Maid Marian.md,WL-WORK-2279,Maid Marian,,托马斯·洛夫·皮科克,Peacock,,WL-TOPIC-Q15;WL-TOPIC-Q15-OUTLAW,[[../30 专题/QT8 英雄、边疆与法外者文化传统/00 世界武人、边疆与法外英雄文学|世界武人、边疆与法外英雄文学]];[[../30 专题/QT8.7 侠盗/00 侠盗文学|侠盗文学]],,,,,自动通过,metadata_pending,,,,,,,,UNRESEARCHED,
Malaeska.md,WL-WORK-2280,Malaeska,,安·S.斯蒂芬斯,Ann S. Stephens,,WL-TOPIC-Q15;WL-TOPIC-Q15-WESTERN,[[../30 专题/QT8 英雄、边疆与法外者文化传统/00 世界武人、边疆与法外英雄文学|世界武人、边疆与法外英雄文学]];[[../30 专题/QT8.5 西部/00 西部文学|西部文学]],,,,,自动通过,metadata_pending,,,,,,,,UNRESEARCHED,
Manhunt.md,WL-WORK-0509,Manhunt,,格蕾琴·费尔克-马丁,Gretchen Felker-Martin,,WL-TOPIC-G45-HORROR,[[../30 专题/QT4 恐怖与哥特/00 恐怖文学|恐怖文学]],,,,,自动通过,metadata_pending,,,,,,,,UNRESEARCHED,
Merlin.md,WL-WORK-2282,Merlin,,T.H.怀特,T.H. White,,WL-TOPIC-Q15;WL-TOPIC-Q15-KNIGHT,[[../30 专题/QT8 英雄、边疆与法外者文化传统/00 世界武人、边疆与法外英雄文学|世界武人、边疆与法外英雄文学]];[[../30 专题/QT8.2 欧洲骑士/00 欧洲骑士文学|欧洲骑士文学]],,,,,自动通过,metadata_pending,,,,,,,,UNRESEARCHED,
Michael Howe.md,WL-WORK-2284,Michael Howe,,佚名,,,WL-TOPIC-Q15;WL-TOPIC-Q15-OUTLAW,[[../30 专题/QT8 英雄、边疆与法外者文化传统/00 世界武人、边疆与法外英雄文学|世界武人、边疆与法外英雄文学]];[[../30 专题/QT8.7 侠盗/00 侠盗文学|侠盗文学]],,,,,自动通过,metadata_pending,,,,,,,,UNRESEARCHED,
Minty Alley.md,WL-WORK-1536,Minty Alley,,C.L.R.詹姆斯,C. L. R. James,,WL-TOPIC-M3-MODERNISM,[[../30 专题/M3.1 现代主义/00 现代主义文学|现代主义文学]],,,,,自动通过,metadata_pending,,,,,,,,UNRESEARCHED,
Mort Artu.md,WL-WORK-2288,Mort Artu,,佚名,,,WL-TOPIC-Q15;WL-TOPIC-Q15-KNIGHT,[[../30 专题/QT8 英雄、边疆与法外者文化传统/00 世界武人、边疆与法外英雄文学|世界武人、边疆与法外英雄文学]];[[../30 专题/QT8.2 欧洲骑士/00 欧洲骑士文学|欧洲骑士文学]],,,,,自动通过,metadata_pending,,,,,,,,UNRESEARCHED,
"Murambi, The Book of Bones.md",WL-WORK-1974,"Murambi, The Book of Bones",Murambi,相关研究也将,,,WL-TOPIC-Q6-WAR,[[../30 专题/QH6 战争、暴力与创伤/00 战争文学|战争文学]],,,,,自动通过,metadata_pending,,,,,,,,UNRESEARCHED,
My Side of the Mountain.md,WL-WORK-0513,My Side of the Mountain,,琼·克雷格黑德·乔治,Jean Craighead George,,WL-TOPIC-G45-ADVENTURE,[[../30 专题/QT5 冒险与探索叙事/00 冒险文学|冒险文学]],,,,,自动通过,metadata_pending,,,,,,,,UNRESEARCHED,
Nativa.md,WL-WORK-2289,Nativa,,阿塞韦多·迪亚斯,Acevedo Díaz,,WL-TOPIC-Q15;WL-TOPIC-Q15-GAUCHO,[[../30 专题/QT8 英雄、边疆与法外者文化传统/00 世界武人、边疆与法外英雄文学|世界武人、边疆与法外英雄文学]];[[../30 专题/QT8.6 Gaucho/00 Gaucho文学|Gaucho文学]],,,,,自动通过,metadata_pending,,,,,,,,UNRESEARCHED,
News of the World.md,WL-WORK-2290,News of the World,,波莱特·贾尔斯,Paulette Jiles,,WL-TOPIC-Q15;WL-TOPIC-Q15-WESTERN,[[../30 专题/QT8 英雄、边疆与法外者文化传统/00 世界武人、边疆与法外英雄文学|世界武人、边疆与法外英雄文学]];[[../30 专题/QT8.5 西部/00 西部文学|西部文学]],,,,,自动通过,metadata_pending,,,,,,,,UNRESEARCHED,
No-No Boy.md,WL-WORK-0937,No-No Boy,,约翰·冈田,John Okada,,WL-TOPIC-G43-BILDUNGSROMAN,[[../30 专题/QH2.5 童年与成长/00 成长文学|成长文学]],,,,,自动通过,metadata_pending,,,,,,,,UNRESEARCHED,
Observations.md,WL-WORK-1537,Observations,,玛丽安娜·穆尔,Marianne Moore,,WL-TOPIC-M3-MODERNISM,[[../30 专题/M3.1 现代主义/00 现代主义文学|现代主义文学]],,,,,自动通过,metadata_pending,,,,,,,,UNRESEARCHED,
Old Jules.md,WL-WORK-2293,Old Jules,,玛丽·桑多兹,Mari Sandoz,,WL-TOPIC-Q15;WL-TOPIC-Q15-WESTERN,[[../30 专题/QT8 英雄、边疆与法外者文化传统/00 世界武人、边疆与法外英雄文学|世界武人、边疆与法外英雄文学]];[[../30 专题/QT8.5 西部/00 西部文学|西部文学]],,,,,自动通过,metadata_pending,,,,,,,,UNRESEARCHED,
On Stranger Tides.md,WL-WORK-2294,On Stranger Tides,,蒂姆·鲍尔斯,Tim Powers,,WL-TOPIC-Q15;WL-TOPIC-Q15-PIRATE,[[../30 专题/QT8 英雄、边疆与法外者文化传统/00 世界武人、边疆与法外英雄文学|世界武人、边疆与法外英雄文学]];[[../30 专题/QT8.8 海盗/00 海盗文学|海盗文学]],,,,,自动通过,metadata_pending,,,,,,,,UNRESEARCHED,
Our Sunshine.md,WL-WORK-2296,Our Sunshine,,罗伯特·德鲁,Robert Drewe,,WL-TOPIC-Q15;WL-TOPIC-Q15-OUTLAW,[[../30 专题/QT8 英雄、边疆与法外者文化传统/00 世界武人、边疆与法外英雄文学|世界武人、边疆与法外英雄文学]];[[../30 专题/QT8.7 侠盗/00 侠盗文学|侠盗文学]],,,,,自动通过,metadata_pending,,,,,,,,UNRESEARCHED,
Outlawed.md,WL-WORK-2297,Outlawed,,安娜·诺斯,Anna North,,WL-TOPIC-Q15;WL-TOPIC-Q15-WESTERN;WL-TOPIC-Q15-OUTLAW,[[../30 专题/QT8 英雄、边疆与法外者文化传统/00 世界武人、边疆与法外英雄文学|世界武人、边疆与法外英雄文学]];[[../30 专题/QT8.5 西部/00 西部文学|西部文学]];[[../30 专题/QT8.7 侠盗/00 侠盗文学|侠盗文学]],,,,,自动通过,metadata_pending,,,,,,,,UNRESEARCHED,
Palmerín de Inglaterra.md,WL-WORK-2298,Palmerín de Inglaterra,,弗朗西斯科·德·莫拉埃斯,Francisco de Moraes,,WL-TOPIC-Q15;WL-TOPIC-Q15-KNIGHT,[[../30 专题/QT8 英雄、边疆与法外者文化传统/00 世界武人、边疆与法外英雄文学|世界武人、边疆与法外英雄文学]];[[../30 专题/QT8.2 欧洲骑士/00 欧洲骑士文学|欧洲骑士文学]],,,,,自动通过,metadata_pending,,,,,,,,UNRESEARCHED,
Palmerín de Oliva.md,WL-WORK-2299,Palmerín de Oliva,,佚名,,,WL-TOPIC-Q15;WL-TOPIC-Q15-KNIGHT,[[../30 专题/QT8 英雄、边疆与法外者文化传统/00 世界武人、边疆与法外英雄文学|世界武人、边疆与法外英雄文学]];[[../30 专题/QT8.2 欧洲骑士/00 欧洲骑士文学|欧洲骑士文学]],,,,,自动通过,metadata_pending,,,,,,,,UNRESEARCHED,
Paradise Sky.md,WL-WORK-2300,Paradise Sky,,乔·R.兰斯代尔,Joe R. Lansdale,,WL-TOPIC-Q15;WL-TOPIC-Q15-WESTERN,[[../30 专题/QT8 英雄、边疆与法外者文化传统/00 世界武人、边疆与法外英雄文学|世界武人、边疆与法外英雄文学]];[[../30 专题/QT8.5 西部/00 西部文学|西部文学]],,,,,自动通过,metadata_pending,,,,,,,,UNRESEARCHED,
Parzival.md,WL-WORK-2301,Parzival,,沃尔夫拉姆·冯·埃申巴赫,Wolfram的,,WL-TOPIC-Q15;WL-TOPIC-Q15-KNIGHT,[[../30 专题/QT8 英雄、边疆与法外者文化传统/00 世界武人、边疆与法外英雄文学|世界武人、边疆与法外英雄文学]];[[../30 专题/QT8.2 欧洲骑士/00 欧洲骑士文学|欧洲骑士文学]],,,,,自动通过,metadata_pending,,,,,,,,UNRESEARCHED,
Paulino Lucero.md,WL-WORK-2302,Paulino Lucero,,阿斯卡苏比,Ascasubi,,WL-TOPIC-Q15;WL-TOPIC-Q15-GAUCHO,[[../30 专题/QT8 英雄、边疆与法外者文化传统/00 世界武人、边疆与法外英雄文学|世界武人、边疆与法外英雄文学]];[[../30 专题/QT8.6 Gaucho/00 Gaucho文学|Gaucho文学]],,,,,自动通过,metadata_pending,,,,,,,,UNRESEARCHED,
Peregrine's Progress.md,WL-WORK-2305,Peregrine's Progress,,杰弗里·法诺尔,Farnol,,WL-TOPIC-Q15;WL-TOPIC-Q15-SWASHBUCKLER,[[../30 专题/QT8 英雄、边疆与法外者文化传统/00 世界武人、边疆与法外英雄文学|世界武人、边疆与法外英雄文学]];[[../30 专题/QT8.4 欧洲剑客/00 欧洲剑客文学|欧洲剑客文学]],,,,,自动通过,metadata_pending,,,,,,,,UNRESEARCHED,
Perlesvaus ／ The High Book of the Grail.md,WL-WORK-2306,Perlesvaus / The High Book of the Grail,,佚名,,,WL-TOPIC-Q15;WL-TOPIC-Q15-KNIGHT,[[../30 专题/QT8 英雄、边疆与法外者文化传统/00 世界武人、边疆与法外英雄文学|世界武人、边疆与法外英雄文学]];[[../30 专题/QT8.2 欧洲骑士/00 欧洲骑士文学|欧洲骑士文学]],,,,,自动通过,metadata_pending,,,,,,,,UNRESEARCHED,
Persian Pictures.md,WL-WORK-1364,Persian Pictures,,格特鲁德·贝尔,Gertrude Bell,,WL-TOPIC-G7-TRAVEL,[[../30 专题/QT14 旅行与游记/00 旅行文学|旅行文学]],,,,,自动通过,metadata_pending,,,,,,,,UNRESEARCHED,
Personal Narrative.md,WL-WORK-1365,Personal Narrative,,亚历山大·冯·洪堡,Humboldt,,WL-TOPIC-G7-TRAVEL,[[../30 专题/QT14 旅行与游记/00 旅行文学|旅行文学]],,,,,自动通过,metadata_pending,,,,,,,,UNRESEARCHED,
Polynesian Mythology.md,WL-WORK-1367,Polynesian Mythology,,乔治·格雷,George Grey,,WL-TOPIC-G1-MYTH,[[../30 专题/QT9 神话、传说与民间叙事/00 世界神话文学|世界神话文学]],,,,,自动通过,metadata_pending,,,,,,,,UNRESEARCHED,
Prose Tristan.md,WL-WORK-2310,Prose Tristan,,佚名,Prose Tristan,,WL-TOPIC-Q15;WL-TOPIC-Q15-KNIGHT,[[../30 专题/QT8 英雄、边疆与法外者文化传统/00 世界武人、边疆与法外英雄文学|世界武人、边疆与法外英雄文学]];[[../30 专题/QT8.2 欧洲骑士/00 欧洲骑士文学|欧洲骑士文学]],,,,,自动通过,metadata_pending,,,,,,,,UNRESEARCHED,
Queste del Saint Graal.md,WL-WORK-2311,Queste del Saint Graal,,佚名,,,WL-TOPIC-Q15;WL-TOPIC-Q15-KNIGHT,[[../30 专题/QT8 英雄、边疆与法外者文化传统/00 世界武人、边疆与法外英雄文学|世界武人、边疆与法外英雄文学]];[[../30 专题/QT8.2 欧洲骑士/00 欧洲骑士文学|欧洲骑士文学]],,,,,自动通过,metadata_pending,,,,,,,,UNRESEARCHED,
Radiance.md,WL-WORK-1976,Radiance,,格蕾丝·德雷文,Grace Draven,,WL-TOPIC-Q2-LOVE,[[../30 专题/QH2.1 爱情与欲望/00 爱情与欲望|爱情与欲望]],,,,,自动通过,metadata_pending,,,,,,,,UNRESEARCHED,
Ragged Dick.md,WL-WORK-0940,Ragged Dick,,霍雷肖·阿尔杰,Horatio Alger,,WL-TOPIC-G43-BILDUNGSROMAN,[[../30 专题/QH2.5 童年与成长/00 成长文学|成长文学]],,,,,自动通过,metadata_pending,,,,,,,,UNRESEARCHED,
Ramrod.md,WL-WORK-2312,Ramrod,,卢克·肖特,Luke Short,,WL-TOPIC-Q15;WL-TOPIC-Q15-WESTERN,[[../30 专题/QT8 英雄、边疆与法外者文化传统/00 世界武人、边疆与法外英雄文学|世界武人、边疆与法外英雄文学]];[[../30 专题/QT8.5 西部/00 西部文学|西部文学]],,,,,自动通过,metadata_pending,,,,,,,,UNRESEARCHED,
Raoul de Cambrai.md,WL-WORK-2313,Raoul de Cambrai,,佚名,,,WL-TOPIC-Q15;WL-TOPIC-Q15-KNIGHT,[[../30 专题/QT8 英雄、边疆与法外者文化传统/00 世界武人、边疆与法外英雄文学|世界武人、边疆与法外英雄文学]];[[../30 专题/QT8.2 欧洲骑士/00 欧洲骑士文学|欧洲骑士文学]],,,,,自动通过,metadata_pending,,,,,,,,UNRESEARCHED,
"Red, White & Royal Blue.md",WL-WORK-1977,"Red, White & Royal Blue",,凯西·麦奎斯顿,Casey McQuiston,,WL-TOPIC-Q2-LOVE,[[../30 专题/QH2.1 爱情与欲望/00 爱情与欲望|爱情与欲望]],,,,,自动通过,metadata_pending,,,,,,,,UNRESEARCHED,
Redeployment.md,WL-WORK-1978,Redeployment,,菲尔·克莱,Phil Klay,,WL-TOPIC-Q6-WAR,[[../30 专题/QH6 战争、暴力与创伤/00 战争文学|战争文学]],,,,,自动通过,metadata_pending,,,,,,,,UNRESEARCHED,
Renaud de Montauban ／ The Four Sons of Aymon.md,WL-WORK-2314,Renaud de Montauban / The Four Sons of Aymon,,佚名,,,WL-TOPIC-Q15;WL-TOPIC-Q15-KNIGHT,[[../30 专题/QT8 英雄、边疆与法外者文化传统/00 世界武人、边疆与法外英雄文学|世界武人、边疆与法外英雄文学]];[[../30 专题/QT8.2 欧洲骑士/00 欧洲骑士文学|欧洲骑士文学]],,,,,自动通过,metadata_pending,,,,,,,,UNRESEARCHED,
Riders of the Silences.md,WL-WORK-2317,Riders of the Silences,,马克斯·布兰德,Max Brand,,WL-TOPIC-Q15;WL-TOPIC-Q15-WESTERN,[[../30 专题/QT8 英雄、边疆与法外者文化传统/00 世界武人、边疆与法外英雄文学|世界武人、边疆与法外英雄文学]];[[../30 专题/QT8.5 西部/00 西部文学|西部文学]],,,,,自动通过,metadata_pending,,,,,,,,UNRESEARCHED,
"Rinaldo Rinaldini, the Robber Captain.md",WL-WORK-2319,"Rinaldo Rinaldini, the Robber Captain",,克里斯蒂安·奥古斯特·武尔皮乌斯,Christian August Vulpius,,WL-TOPIC-Q15;WL-TOPIC-Q15-OUTLAW,[[../30 专题/QT8 英雄、边疆与法外者文化传统/00 世界武人、边疆与法外英雄文学|世界武人、边疆与法外英雄文学]];[[../30 专题/QT8.7 侠盗/00 侠盗文学|侠盗文学]],,,,,自动通过,metadata_pending,,,,,,,,UNRESEARCHED,
Rinaldo Rinaldini.md,WL-WORK-2318,Rinaldo Rinaldini,,克里斯蒂安·奥古斯特·武尔皮乌斯,Christian August Vulpius,,WL-TOPIC-Q15;WL-TOPIC-Q15-OUTLAW,[[../30 专题/QT8 英雄、边疆与法外者文化传统/00 世界武人、边疆与法外英雄文学|世界武人、边疆与法外英雄文学]];[[../30 专题/QT8.7 侠盗/00 侠盗文学|侠盗文学]],,,,,自动通过,metadata_pending,,,,,,,,UNRESEARCHED,
Robbery Under Arms.md,WL-WORK-2320,Robbery Under Arms,,澳大利亚,,,WL-TOPIC-Q15;WL-TOPIC-Q15-OUTLAW,[[../30 专题/QT8 英雄、边疆与法外者文化传统/00 世界武人、边疆与法外英雄文学|世界武人、边疆与法外英雄文学]];[[../30 专题/QT8.7 侠盗/00 侠盗文学|侠盗文学]],,,,,自动通过,metadata_pending,,,,,,,,UNRESEARCHED,
Robin and the King.md,WL-WORK-2321,Robin and the King,,帕克·戈德温,Parke Godwin,,WL-TOPIC-Q15;WL-TOPIC-Q15-OUTLAW,[[../30 专题/QT8 英雄、边疆与法外者文化传统/00 世界武人、边疆与法外英雄文学|世界武人、边疆与法外英雄文学]];[[../30 专题/QT8.7 侠盗/00 侠盗文学|侠盗文学]],,,,,自动通过,metadata_pending,,,,,,,,UNRESEARCHED,
Robin Hood and Guy of Gisborne.md,WL-WORK-2322,Robin Hood and Guy of Gisborne,,佚名,,,WL-TOPIC-Q15;WL-TOPIC-Q15-OUTLAW,[[../30 专题/QT8 英雄、边疆与法外者文化传统/00 世界武人、边疆与法外英雄文学|世界武人、边疆与法外英雄文学]];[[../30 专题/QT8.7 侠盗/00 侠盗文学|侠盗文学]],,,,,自动通过,metadata_pending,,,,,,,,UNRESEARCHED,
Robin Hood and the Curtal Friar.md,WL-WORK-2323,Robin Hood and the Curtal Friar,,佚名,,,WL-TOPIC-Q15;WL-TOPIC-Q15-OUTLAW,[[../30 专题/QT8 英雄、边疆与法外者文化传统/00 世界武人、边疆与法外英雄文学|世界武人、边疆与法外英雄文学]];[[../30 专题/QT8.7 侠盗/00 侠盗文学|侠盗文学]],,,,,自动通过,metadata_pending,,,,,,,,UNRESEARCHED,
Robin Hood and the Golden Arrow.md,WL-WORK-2324,Robin Hood and the Golden Arrow,,佚名,,,WL-TOPIC-Q15;WL-TOPIC-Q15-OUTLAW,[[../30 专题/QT8 英雄、边疆与法外者文化传统/00 世界武人、边疆与法外英雄文学|世界武人、边疆与法外英雄文学]];[[../30 专题/QT8.7 侠盗/00 侠盗文学|侠盗文学]],,,,,自动通过,metadata_pending,,,,,,,,UNRESEARCHED,
Robin Hood and the Monk.md,WL-WORK-2325,Robin Hood and the Monk,,佚名,,,WL-TOPIC-Q15;WL-TOPIC-Q15-OUTLAW,[[../30 专题/QT8 英雄、边疆与法外者文化传统/00 世界武人、边疆与法外英雄文学|世界武人、边疆与法外英雄文学]];[[../30 专题/QT8.7 侠盗/00 侠盗文学|侠盗文学]],,,,,自动通过,metadata_pending,,,,,,,,UNRESEARCHED,
Robin Hood and the Potter.md,WL-WORK-2326,Robin Hood and the Potter,,佚名,,,WL-TOPIC-Q15;WL-TOPIC-Q15-OUTLAW,[[../30 专题/QT8 英雄、边疆与法外者文化传统/00 世界武人、边疆与法外英雄文学|世界武人、边疆与法外英雄文学]];[[../30 专题/QT8.7 侠盗/00 侠盗文学|侠盗文学]],,,,,自动通过,metadata_pending,,,,,,,,UNRESEARCHED,
Robin Hood's Death.md,WL-WORK-2327,Robin Hood's Death,,佚名,,,WL-TOPIC-Q15;WL-TOPIC-Q15-OUTLAW,[[../30 专题/QT8 英雄、边疆与法外者文化传统/00 世界武人、边疆与法外英雄文学|世界武人、边疆与法外英雄文学]];[[../30 专题/QT8.7 侠盗/00 侠盗文学|侠盗文学]],,,,,自动通过,metadata_pending,,,,,,,,UNRESEARCHED,
Roman d'Alexandre.md,WL-WORK-2328,Roman d'Alexandre,,佚名,,,WL-TOPIC-Q15;WL-TOPIC-Q15-KNIGHT,[[../30 专题/QT8 英雄、边疆与法外者文化传统/00 世界武人、边疆与法外英雄文学|世界武人、边疆与法外英雄文学]];[[../30 专题/QT8.2 欧洲骑士/00 欧洲骑士文学|欧洲骑士文学]],,,,,自动通过,metadata_pending,,,,,,,,UNRESEARCHED,
Roman d'Enéas.md,WL-WORK-2329,Roman d'Enéas,,佚名,,,WL-TOPIC-Q15;WL-TOPIC-Q15-KNIGHT,[[../30 专题/QT8 英雄、边疆与法外者文化传统/00 世界武人、边疆与法外英雄文学|世界武人、边疆与法外英雄文学]];[[../30 专题/QT8.2 欧洲骑士/00 欧洲骑士文学|欧洲骑士文学]],,,,,自动通过,metadata_pending,,,,,,,,UNRESEARCHED,
Roman de Silence.md,WL-WORK-2331,Roman de Silence,,康沃尔的埃尔德里斯,Heldris of Cornwall,,WL-TOPIC-Q15;WL-TOPIC-Q15-KNIGHT,[[../30 专题/QT8 英雄、边疆与法外者文化传统/00 世界武人、边疆与法外英雄文学|世界武人、边疆与法外英雄文学]];[[../30 专题/QT8.2 欧洲骑士/00 欧洲骑士文学|欧洲骑士文学]],,,,,自动通过,metadata_pending,,,,,,,,UNRESEARCHED,
Roman de Thèbes.md,WL-WORK-2332,Roman de Thèbes,,佚名,,,WL-TOPIC-Q15;WL-TOPIC-Q15-KNIGHT,[[../30 专题/QT8 英雄、边疆与法外者文化传统/00 世界武人、边疆与法外英雄文学|世界武人、边疆与法外英雄文学]];[[../30 专题/QT8.2 欧洲骑士/00 欧洲骑士文学|欧洲骑士文学]],,,,,自动通过,metadata_pending,,,,,,,,UNRESEARCHED,
Roman de Troie.md,WL-WORK-2333,Roman de Troie,,伯努瓦·德·圣莫尔,Benoît de Sainte-Maure,,WL-TOPIC-Q15;WL-TOPIC-Q15-KNIGHT,[[../30 专题/QT8 英雄、边疆与法外者文化传统/00 世界武人、边疆与法外英雄文学|世界武人、边疆与法外英雄文学]];[[../30 专题/QT8.2 欧洲骑士/00 欧洲骑士文学|欧洲骑士文学]],,,,,自动通过,metadata_pending,,,,,,,,UNRESEARCHED,
Rubyfruit Jungle.md,WL-WORK-0941,Rubyfruit Jungle,,丽塔·梅·布朗,Rita Mae Brown,,WL-TOPIC-G43-BILDUNGSROMAN,[[../30 专题/QH2.5 童年与成长/00 成长文学|成长文学]],,,,,自动通过,metadata_pending,,,,,,,,UNRESEARCHED,
Santos Vega o los mellizos de la Flor.md,WL-WORK-2337,Santos Vega o los mellizos de la Flor,,阿斯卡苏比,Ascasubi,,WL-TOPIC-Q15;WL-TOPIC-Q15-GAUCHO,[[../30 专题/QT8 英雄、边疆与法外者文化传统/00 世界武人、边疆与法外英雄文学|世界武人、边疆与法外英雄文学]];[[../30 专题/QT8.6 Gaucho/00 Gaucho文学|Gaucho文学]],,,,,自动通过,metadata_pending,,,,,,,,UNRESEARCHED,
Santos Vega.md,WL-WORK-2336,Santos Vega,,拉斐尔·奥夫利加多,Obligado,,WL-TOPIC-Q15;WL-TOPIC-Q15-GAUCHO,[[../30 专题/QT8 英雄、边疆与法外者文化传统/00 世界武人、边疆与法外英雄文学|世界武人、边疆与法外英雄文学]];[[../30 专题/QT8.6 Gaucho/00 Gaucho文学|Gaucho文学]],,,,,自动通过,metadata_pending,,,,,,,,UNRESEARCHED,
Sarajevo Blues.md,WL-WORK-1979,Sarajevo Blues,,塞梅兹丁·梅赫梅迪诺维奇,Semezdin Mehmedinović,,WL-TOPIC-Q6-WAR,[[../30 专题/QH6 战争、暴力与创伤/00 战争文学|战争文学]],,,,,自动通过,metadata_pending,,,,,,,,UNRESEARCHED,
Scary Stories to Tell in the Dark.md,WL-WORK-0517,Scary Stories to Tell in the Dark,,阿尔文·施瓦茨,Alvin Schwartz,,WL-TOPIC-G45-HORROR,[[../30 专题/QT4 恐怖与哥特/00 恐怖文学|恐怖文学]],,,,,自动通过,metadata_pending,,,,,,,,UNRESEARCHED,
Segu.md,WL-WORK-0942,Segu,,玛丽斯·孔戴,Maryse Condé,,WL-TOPIC-G43-FAMILY,[[../30 专题/QH2.3 家庭与家族/00 家庭与家族|家庭与家族]],,,,,自动通过,metadata_pending,,,,,,,,UNRESEARCHED,
Seth Jones.md,WL-WORK-2338,Seth Jones,,爱德华·S.埃利斯,Edward S. Ellis,,WL-TOPIC-Q15;WL-TOPIC-Q15-WESTERN,[[../30 专题/QT8 英雄、边疆与法外者文化传统/00 世界武人、边疆与法外英雄文学|世界武人、边疆与法外英雄文学]];[[../30 专题/QT8.5 西部/00 西部文学|西部文学]],,,,,自动通过,metadata_pending,,,,,,,,UNRESEARCHED,
Shadowland.md,WL-WORK-0518,Shadowland,,彼得·斯特劳布,Peter Straub,,WL-TOPIC-G45-HORROR,[[../30 专题/QT4 恐怖与哥特/00 恐怖文学|恐怖文学]],,,,,自动通过,metadata_pending,,,,,,,,UNRESEARCHED,
Sherwood.md,WL-WORK-2339,Sherwood,,帕克·戈德温,Parke Godwin,,WL-TOPIC-Q15;WL-TOPIC-Q15-OUTLAW,[[../30 专题/QT8 英雄、边疆与法外者文化传统/00 世界武人、边疆与法外英雄文学|世界武人、边疆与法外英雄文学]];[[../30 专题/QT8.7 侠盗/00 侠盗文学|侠盗文学]],,,,,自动通过,metadata_pending,,,,,,,,UNRESEARCHED,
Simon Dale.md,WL-WORK-2340,Simon Dale,,安东尼·霍普,Anthony Hope,,WL-TOPIC-Q15;WL-TOPIC-Q15-SWASHBUCKLER,[[../30 专题/QT8 英雄、边疆与法外者文化传统/00 世界武人、边疆与法外英雄文学|世界武人、边疆与法外英雄文学]];[[../30 专题/QT8.4 欧洲剑客/00 欧洲剑客文学|欧洲剑客文学]],,,,,自动通过,metadata_pending,,,,,,,,UNRESEARCHED,
Sinophagia／ A Celebration of Chinese Horror.md,WL-WORK-0519,Sinophagia: A Celebration of Chinese Horror,,倪雪婷,Xueting C. Ni,,WL-TOPIC-G45-HORROR,[[../30 专题/QT4 恐怖与哥特/00 恐怖文学|恐怖文学]],,,,,自动通过,metadata_pending,,,,,,,,UNRESEARCHED,
Sir Launfal.md,WL-WORK-2341,Sir Launfal,,托马斯·切斯特,Thomas Chestre,,WL-TOPIC-Q15;WL-TOPIC-Q15-KNIGHT,[[../30 专题/QT8 英雄、边疆与法外者文化传统/00 世界武人、边疆与法外英雄文学|世界武人、边疆与法外英雄文学]];[[../30 专题/QT8.2 欧洲骑士/00 欧洲骑士文学|欧洲骑士文学]],,,,,自动通过,metadata_pending,,,,,,,,UNRESEARCHED,
Sir Orfeo.md,WL-WORK-2342,Sir Orfeo,,佚名,英国,,WL-TOPIC-Q15;WL-TOPIC-Q15-KNIGHT,[[../30 专题/QT8 英雄、边疆与法外者文化传统/00 世界武人、边疆与法外英雄文学|世界武人、边疆与法外英雄文学]];[[../30 专题/QT8.2 欧洲骑士/00 欧洲骑士文学|欧洲骑士文学]],,,,,自动通过,metadata_pending,,,,,,,,UNRESEARCHED,
Slogum House.md,WL-WORK-2343,Slogum House,,玛丽·桑多兹,Mari Sandoz,,WL-TOPIC-Q15;WL-TOPIC-Q15-WESTERN,[[../30 专题/QT8 英雄、边疆与法外者文化传统/00 世界武人、边疆与法外英雄文学|世界武人、边疆与法外英雄文学]];[[../30 专题/QT8.5 西部/00 西部文学|西部文学]],,,,,自动通过,metadata_pending,,,,,,,,UNRESEARCHED,
So Far from God.md,WL-WORK-2345,So Far from God,,安娜·卡斯蒂略,Ana Castillo,,WL-TOPIC-Q15;WL-TOPIC-Q15-WESTERN,[[../30 专题/QT8 英雄、边疆与法外者文化传统/00 世界武人、边疆与法外英雄文学|世界武人、边疆与法外英雄文学]];[[../30 专题/QT8.5 西部/00 西部文学|西部文学]],,,,,自动通过,metadata_pending,,,,,,,,UNRESEARCHED,
Song for the Unraveling of the World.md,WL-WORK-0520,Song for the Unraveling of the World,,布赖恩·埃文森,Brian Evenson,,WL-TOPIC-G45-HORROR,[[../30 专题/QT4 恐怖与哥特/00 恐怖文学|恐怖文学]],,,,,自动通过,metadata_pending,,,,,,,,UNRESEARCHED,
Sozaboy.md,WL-WORK-1983,Sozaboy,,肯·萨罗-维瓦,Saro-Wiwa,,WL-TOPIC-Q6-WAR,[[../30 专题/QH6 战争、暴力与创伤/00 战争文学|战争文学]],,,,,自动通过,metadata_pending,,,,,,,,UNRESEARCHED,
Spring and All.md,WL-WORK-1538,Spring and All,,威廉·卡洛斯·威廉斯,William Carlos Williams,,WL-TOPIC-M3-MODERNISM,[[../30 专题/M3.1 现代主义/00 现代主义文学|现代主义文学]],,,,,自动通过,metadata_pending,,,,,,,,UNRESEARCHED,
Stanzaic Morte Arthur.md,WL-WORK-2346,Stanzaic Morte Arthur,,佚名,英国,,WL-TOPIC-Q15;WL-TOPIC-Q15-KNIGHT,[[../30 专题/QT8 英雄、边疆与法外者文化传统/00 世界武人、边疆与法外英雄文学|世界武人、边疆与法外英雄文学]];[[../30 专题/QT8.2 欧洲骑士/00 欧洲骑士文学|欧洲骑士文学]],,,,,自动通过,metadata_pending,,,,,,,,UNRESEARCHED,
Starve Acre.md,WL-WORK-0521,Starve Acre,,安德鲁·迈克尔·赫尔利,Andrew Michael Hurley,,WL-TOPIC-G45-HORROR,[[../30 专题/QT4 恐怖与哥特/00 恐怖文学|恐怖文学]],,,,,自动通过,metadata_pending,,,,,,,,UNRESEARCHED,
Sun and Saddle Leather.md,WL-WORK-2348,Sun and Saddle Leather,,查尔斯·巴杰·克拉克,Charles Badger Clark,,WL-TOPIC-Q15;WL-TOPIC-Q15-WESTERN,[[../30 专题/QT8 英雄、边疆与法外者文化传统/00 世界武人、边疆与法外英雄文学|世界武人、边疆与法外英雄文学]];[[../30 专题/QT8.5 西部/00 西部文学|西部文学]],,,,,自动通过,metadata_pending,,,,,,,,UNRESEARCHED,
Sundown.md,WL-WORK-2349,Sundown,,约翰·约瑟夫·马修斯,John Joseph Mathews,,WL-TOPIC-Q15;WL-TOPIC-Q15-WESTERN,[[../30 专题/QT8 英雄、边疆与法外者文化传统/00 世界武人、边疆与法外英雄文学|世界武人、边疆与法外英雄文学]];[[../30 专题/QT8.5 西部/00 西部文学|西部文学]],,,,,自动通过,metadata_pending,,,,,,,,UNRESEARCHED,
Sword at Sunset.md,WL-WORK-2350,Sword at Sunset,,罗斯玛丽·萨克利夫,Rosemary Sutcliff,,WL-TOPIC-Q15;WL-TOPIC-Q15-KNIGHT,[[../30 专题/QT8 英雄、边疆与法外者文化传统/00 世界武人、边疆与法外英雄文学|世界武人、边疆与法外英雄文学]];[[../30 专题/QT8.2 欧洲骑士/00 欧洲骑士文学|欧洲骑士文学]],,,,,自动通过,metadata_pending,,,,,,,,UNRESEARCHED,
Sóngoro cosongo.md,WL-WORK-1539,Sóngoro cosongo,,尼古拉斯·纪廉,Nicolás Guillén,,WL-TOPIC-R6-LATAM,[[../30 专题/R6 拉丁美洲与加勒比/00 拉丁美洲文学|拉丁美洲文学]],,,,,自动通过,metadata_pending,,,,,,,,UNRESEARCHED,
Tales of Soldiers and Civilians.md,WL-WORK-1984,Tales of Soldiers and Civilians,,安布罗斯·比尔斯,Ambrose Bierce,,WL-TOPIC-Q6-WAR,[[../30 专题/QH6 战争、暴力与创伤/00 战争文学|战争文学]],,,,,自动通过,metadata_pending,,,,,,,,UNRESEARCHED,
Tarr.md,WL-WORK-1540,Tarr,,温德姆·刘易斯,Wyndham Lewis,,WL-TOPIC-M3-MODERNISM,[[../30 专题/M3.1 现代主义/00 现代主义文学|现代主义文学]],,,,,自动通过,metadata_pending,,,,,,,,UNRESEARCHED,
Teatro Grottesco.md,WL-WORK-0522,Teatro Grottesco,,托马斯·利戈蒂,Ligotti,,WL-TOPIC-G45-HORROR,[[../30 专题/QT4 恐怖与哥特/00 恐怖文学|恐怖文学]],,,,,自动通过,metadata_pending,,,,,,,,UNRESEARCHED,
Tell Me I'm Worthless.md,WL-WORK-0523,Tell Me I'm Worthless,,艾莉森·拉姆菲特,Alison Rumfitt,,WL-TOPIC-G45-HORROR,[[../30 专题/QT4 恐怖与哥特/00 恐怖文学|恐怖文学]],,,,,自动通过,metadata_pending,,,,,,,,UNRESEARCHED,
Testament of Youth.md,WL-WORK-1985,Testament of Youth,,薇拉·布里顿,Vera Brittain,,WL-TOPIC-Q6-WAR,[[../30 专题/QH6 战争、暴力与创伤/00 战争文学|战争文学]],,,,,自动通过,metadata_pending,,,,,,,,UNRESEARCHED,
Thaddeus of Warsaw.md,WL-WORK-0945,Thaddeus of Warsaw,,简·波特,Jane Porter,,WL-TOPIC-G44-HISTORICAL,[[../30 专题/QT7 历史叙事/00 历史文学|历史文学]],,,,,自动通过,metadata_pending,,,,,,,,UNRESEARCHED,
The Adventures of Robin Hood.md,WL-WORK-2357,The Adventures of Robin Hood,,罗杰·兰塞林·格林,Roger Lancelyn Green,,WL-TOPIC-Q15;WL-TOPIC-Q15-OUTLAW,[[../30 专题/QT8 英雄、边疆与法外者文化传统/00 世界武人、边疆与法外英雄文学|世界武人、边疆与法外英雄文学]];[[../30 专题/QT8.7 侠盗/00 侠盗文学|侠盗文学]],,,,,自动通过,metadata_pending,,,,,,,,UNRESEARCHED,
The Alliterative Morte Arthure.md,WL-WORK-2358,The Alliterative Morte Arthure,,佚名,,,WL-TOPIC-Q15;WL-TOPIC-Q15-KNIGHT,[[../30 专题/QT8 英雄、边疆与法外者文化传统/00 世界武人、边疆与法外英雄文学|世界武人、边疆与法外英雄文学]];[[../30 专题/QT8.2 欧洲骑士/00 欧洲骑士文学|欧洲骑士文学]],,,,,自动通过,metadata_pending,,,,,,,,UNRESEARCHED,
The Amateur Gentleman.md,WL-WORK-2359,The Amateur Gentleman,,杰弗里·法诺尔,Jeffery Farnol,,WL-TOPIC-Q15;WL-TOPIC-Q15-SWASHBUCKLER,[[../30 专题/QT8 英雄、边疆与法外者文化传统/00 世界武人、边疆与法外英雄文学|世界武人、边疆与法外英雄文学]];[[../30 专题/QT8.4 欧洲剑客/00 欧洲剑客文学|欧洲剑客文学]],,,,,自动通过,metadata_pending,,,,,,,,UNRESEARCHED,
The Assassination of Jesse James by the Coward Robert Ford.md,WL-WORK-2360,The Assassination of Jesse James by the Coward Robert Ford,,罗恩·汉森,Ron Hansen,,WL-TOPIC-Q15;WL-TOPIC-Q15-WESTERN;WL-TOPIC-Q15-OUTLAW,[[../30 专题/QT8 英雄、边疆与法外者文化传统/00 世界武人、边疆与法外英雄文学|世界武人、边疆与法外英雄文学]];[[../30 专题/QT8.5 西部/00 西部文学|西部文学]];[[../30 专题/QT8.7 侠盗/00 侠盗文学|侠盗文学]],,,,,自动通过,metadata_pending,,,,,,,,UNRESEARCHED,
The Assassination of Jesse James.md,WL-WORK-2361,The Assassination of Jesse James...,,罗恩·汉森,Ron Hansen,,WL-TOPIC-Q15;WL-TOPIC-Q15-WESTERN;WL-TOPIC-Q15-OUTLAW,[[../30 专题/QT8 英雄、边疆与法外者文化传统/00 世界武人、边疆与法外英雄文学|世界武人、边疆与法外英雄文学]];[[../30 专题/QT8.5 西部/00 西部文学|西部文学]];[[../30 专题/QT8.7 侠盗/00 侠盗文学|侠盗文学]],,,,,自动通过,metadata_pending,,,,,,,,UNRESEARCHED,
The Blessing Way.md,WL-WORK-2363,The Blessing Way,,托尼·希勒曼,Tony Hillerman,,WL-TOPIC-Q15;WL-TOPIC-Q15-WESTERN,[[../30 专题/QT8 英雄、边疆与法外者文化传统/00 世界武人、边疆与法外英雄文学|世界武人、边疆与法外英雄文学]];[[../30 专题/QT8.5 西部/00 西部文学|西部文学]],,,,,自动通过,metadata_pending,,,,,,,,UNRESEARCHED,
The Book of Not.md,WL-WORK-0947,The Book of Not,,齐齐·丹加雷姆加,Tsitsi Dangarembga,,WL-TOPIC-G43-BILDUNGSROMAN,[[../30 专题/QH2.5 童年与成长/00 成长文学|成长文学]],,,,,自动通过,metadata_pending,,,,,,,,UNRESEARCHED,
The Brave Cowboy.md,WL-WORK-2367,The Brave Cowboy,,爱德华·艾比,Abbey,,WL-TOPIC-Q15;WL-TOPIC-Q15-WESTERN;WL-TOPIC-Q15-OUTLAW,[[../30 专题/QT8 英雄、边疆与法外者文化传统/00 世界武人、边疆与法外英雄文学|世界武人、边疆与法外英雄文学]];[[../30 专题/QT8.5 西部/00 西部文学|西部文学]];[[../30 专题/QT8.7 侠盗/00 侠盗文学|侠盗文学]],,,,,自动通过,metadata_pending,,,,,,,,UNRESEARCHED,
The Bride.md,WL-WORK-1986,The Bride,,朱莉·加伍德,Julie Garwood,,WL-TOPIC-Q2-LOVE,[[../30 专题/QH2.1 爱情与欲望/00 爱情与欲望|爱情与欲望]],,,,,自动通过,metadata_pending,,,,,,,,UNRESEARCHED,
The Buccaneers of America.md,WL-WORK-2368,The Buccaneers of America,,亚历山大·埃斯克梅林,Alexandre Exquemelin,,WL-TOPIC-Q15;WL-TOPIC-Q15-PIRATE,[[../30 专题/QT8 英雄、边疆与法外者文化传统/00 世界武人、边疆与法外英雄文学|世界武人、边疆与法外英雄文学]];[[../30 专题/QT8.8 海盗/00 海盗文学|海盗文学]],,,,,自动通过,metadata_pending,,,,,,,,UNRESEARCHED,
The Case Against Satan.md,WL-WORK-0526,The Case Against Satan,,雷·拉塞尔,Ray Russell,,WL-TOPIC-G45-HORROR,[[../30 专题/QT4 恐怖与哥特/00 恐怖文学|恐怖文学]],,,,,自动通过,metadata_pending,,,,,,,,UNRESEARCHED,
The Ceremonies.md,WL-WORK-0527,The Ceremonies,,T.E.D.克莱因,T.E.D. Klein,,WL-TOPIC-G45-HORROR,[[../30 专题/QT4 恐怖与哥特/00 恐怖文学|恐怖文学]],,,,,自动通过,metadata_pending,,,,,,,,UNRESEARCHED,
The Cipher.md,WL-WORK-0528,The Cipher,,凯丝·科娅,Kathe Koja,,WL-TOPIC-G45-HORROR,[[../30 专题/QT4 恐怖与哥特/00 恐怖文学|恐怖文学]],,,,,自动通过,metadata_pending,,,,,,,,UNRESEARCHED,
The City Inside.md,WL-WORK-0948,The City Inside,,萨米特·巴苏,Samit Basu,,WL-TOPIC-G46-DYSTOPIA,[[../30 专题/QT6 乌托邦、反乌托邦与社会想象/00 反乌托邦文学|反乌托邦文学]],,,,,自动通过,metadata_pending,,,,,,,,UNRESEARCHED,
The Cold Dish.md,WL-WORK-2370,The Cold Dish,,克雷格·约翰逊,Craig Johnson,,WL-TOPIC-Q15;WL-TOPIC-Q15-WESTERN,[[../30 专题/QT8 英雄、边疆与法外者文化传统/00 世界武人、边疆与法外英雄文学|世界武人、边疆与法外英雄文学]];[[../30 专题/QT8.5 西部/00 西部文学|西部文学]],,,,,自动通过,metadata_pending,,,,,,,,UNRESEARCHED,
The Conquest.md,WL-WORK-2372,The Conquest,,奥斯卡·米肖,Oscar Micheaux,,WL-TOPIC-Q15;WL-TOPIC-Q15-WESTERN,[[../30 专题/QT8 英雄、边疆与法外者文化传统/00 世界武人、边疆与法外英雄文学|世界武人、边疆与法外英雄文学]];[[../30 专题/QT8.5 西部/00 西部文学|西部文学]],,,,,自动通过,metadata_pending,,,,,,,,UNRESEARCHED,
The Coral Island.md,WL-WORK-0529,The Coral Island,,R.M.巴兰坦,Ballantyne,,WL-TOPIC-G45-ADVENTURE,[[../30 专题/QT5 冒险与探索叙事/00 冒险文学|冒险文学]],,,,,自动通过,metadata_pending,,,,,,,,UNRESEARCHED,
The Corsair.md,WL-WORK-2373,The Corsair,,拜伦,Byron,,WL-TOPIC-Q15;WL-TOPIC-Q15-PIRATE,[[../30 专题/QT8 英雄、边疆与法外者文化传统/00 世界武人、边疆与法外英雄文学|世界武人、边疆与法外英雄文学]];[[../30 专题/QT8.8 海盗/00 海盗文学|海盗文学]],,,,,自动通过,metadata_pending,,,,,,,,UNRESEARCHED,
The Day the Cowboys Quit.md,WL-WORK-2375,The Day the Cowboys Quit,,埃尔默·凯尔顿,Elmer Kelton,,WL-TOPIC-Q15;WL-TOPIC-Q15-WESTERN,[[../30 专题/QT8 英雄、边疆与法外者文化传统/00 世界武人、边疆与法外英雄文学|世界武人、边疆与法外英雄文学]];[[../30 专题/QT8.5 西部/00 西部文学|西部文学]],,,,,自动通过,metadata_pending,,,,,,,,UNRESEARCHED,
The Desert and the Sown.md,WL-WORK-1371,The Desert and the Sown,,格特鲁德·贝尔,Gertrude Bell,,WL-TOPIC-G7-TRAVEL,[[../30 专题/QT14 旅行与游记/00 旅行文学|旅行文学]],,,,,自动通过,metadata_pending,,,,,,,,UNRESEARCHED,
The Doll Who Ate His Mother.md,WL-WORK-0531,The Doll Who Ate His Mother,,拉姆齐·坎贝尔,Ramsey Campbell,,WL-TOPIC-G45-HORROR,[[../30 专题/QT4 恐怖与哥特/00 恐怖文学|恐怖文学]],,,,,自动通过,metadata_pending,,,,,,,,UNRESEARCHED,
The Dreaming & Other Essays.md,WL-WORK-1372,The Dreaming & Other Essays,,W.E.H.斯坦纳,W.E.H. Stanner,,WL-TOPIC-G1-MYTH,[[../30 专题/QT9 神话、传说与民间叙事/00 世界神话文学|世界神话文学]],,,,,自动通过,metadata_pending,,,,,,,,UNRESEARCHED,
The Elusive Pimpernel.md,WL-WORK-2378,The Elusive Pimpernel,,奥希兹男爵夫人,Baroness Orczy,,WL-TOPIC-Q15;WL-TOPIC-Q15-SWASHBUCKLER,[[../30 专题/QT8 英雄、边疆与法外者文化传统/00 世界武人、边疆与法外英雄文学|世界武人、边疆与法外英雄文学]];[[../30 专题/QT8.4 欧洲剑客/00 欧洲剑客文学|欧洲剑客文学]],,,,,自动通过,metadata_pending,,,,,,,,UNRESEARCHED,
The Fisherman.md,WL-WORK-0532,The Fisherman,,约翰·兰根,John Langan,,WL-TOPIC-G45-HORROR,[[../30 专题/QT4 恐怖与哥特/00 恐怖文学|恐怖文学]],,,,,自动通过,metadata_pending,,,,,,,,UNRESEARCHED,
The Flatshare.md,WL-WORK-1987,The Flatshare,,贝丝·奥利里,Beth O'Leary,,WL-TOPIC-Q2-LOVE,[[../30 专题/QH2.1 爱情与欲望/00 爱情与欲望|爱情与欲望]],,,,,自动通过,metadata_pending,,,,,,,,UNRESEARCHED,
The Forging of a Rebel.md,WL-WORK-1988,The Forging of a Rebel,,阿图罗·巴雷亚,Arturo Barea,,WL-TOPIC-Q6-WAR,[[../30 专题/QH6 战争、暴力与创伤/00 战争文学|战争文学]],,,,,自动通过,metadata_pending,,,,,,,,UNRESEARCHED,
The Gaucho Genre.md,WL-WORK-2379,The Gaucho Genre,,约瑟菲娜·卢德梅尔,Josefina Ludmer,,WL-TOPIC-Q15;WL-TOPIC-Q15-GAUCHO,[[../30 专题/QT8 英雄、边疆与法外者文化传统/00 世界武人、边疆与法外英雄文学|世界武人、边疆与法外英雄文学]];[[../30 专题/QT8.6 Gaucho/00 Gaucho文学|Gaucho文学]],,,,,自动通过,metadata_pending,,,,,,,,UNRESEARCHED,
The Gilda Stories.md,WL-WORK-0533,The Gilda Stories,Gilda Stories,朱厄尔·戈麦斯,Jewelle Gomez,,WL-TOPIC-G45-HORROR,[[../30 专题/QT4 恐怖与哥特/00 恐怖文学|恐怖文学]],,,,,自动通过,metadata_pending,,,,,,,,UNRESEARCHED,
The Good Old Boys.md,WL-WORK-2380,The Good Old Boys,,埃尔默·凯尔顿,Elmer Kelton,,WL-TOPIC-Q15;WL-TOPIC-Q15-WESTERN,[[../30 专题/QT8 英雄、边疆与法外者文化传统/00 世界武人、边疆与法外英雄文学|世界武人、边疆与法外英雄文学]];[[../30 专题/QT8.5 西部/00 西部文学|西部文学]],,,,,自动通过,metadata_pending,,,,,,,,UNRESEARCHED,
The Great Railway Bazaar.md,WL-WORK-1373,The Great Railway Bazaar,,保罗·索鲁,Paul Theroux,,WL-TOPIC-G7-TRAVEL,[[../30 专题/QT14 旅行与游记/00 旅行文学|旅行文学]],,,,,自动通过,metadata_pending,,,,,,,,UNRESEARCHED,
The Hanging Tree.md,WL-WORK-2381,The Hanging Tree,,多萝西·M.约翰逊,Dorothy M. Johnson,,WL-TOPIC-Q15;WL-TOPIC-Q15-WESTERN,[[../30 专题/QT8 英雄、边疆与法外者文化传统/00 世界武人、边疆与法外英雄文学|世界武人、边疆与法外英雄文学]];[[../30 专题/QT8.5 西部/00 西部文学|西部文学]],,,,,自动通过,metadata_pending,,,,,,,,UNRESEARCHED,
The Homesteader.md,WL-WORK-2383,The Homesteader,,奥斯卡·米肖,Oscar Micheaux,,WL-TOPIC-Q15;WL-TOPIC-Q15-WESTERN,[[../30 专题/QT8 英雄、边疆与法外者文化传统/00 世界武人、边疆与法外英雄文学|世界武人、边疆与法外英雄文学]];[[../30 专题/QT8.5 西部/00 西部文学|西部文学]],,,,,自动通过,metadata_pending,,,,,,,,UNRESEARCHED,
The House of the Wolf.md,WL-WORK-2384,The House of the Wolf,,斯坦利·韦曼,Stanley Weyman,,WL-TOPIC-Q15;WL-TOPIC-Q15-SWASHBUCKLER,[[../30 专题/QT8 英雄、边疆与法外者文化传统/00 世界武人、边疆与法外英雄文学|世界武人、边疆与法外英雄文学]];[[../30 专题/QT8.4 欧洲剑客/00 欧洲剑客文学|欧洲剑客文学]],,,,,自动通过,metadata_pending,,,,,,,,UNRESEARCHED,
The Hummingbird's Daughter.md,WL-WORK-2385,The Hummingbird's Daughter,,路易斯·阿尔贝托·乌雷亚,Luis Alberto Urrea,,WL-TOPIC-Q15;WL-TOPIC-Q15-WESTERN,[[../30 专题/QT8 英雄、边疆与法外者文化传统/00 世界武人、边疆与法外英雄文学|世界武人、边疆与法外英雄文学]];[[../30 专题/QT8.5 西部/00 西部文学|西部文学]],,,,,自动通过,metadata_pending,,,,,,,,UNRESEARCHED,
The Jump-Off Creek.md,WL-WORK-2386,The Jump-Off Creek,,莫莉·格洛斯,Molly Gloss,,WL-TOPIC-Q15;WL-TOPIC-Q15-WESTERN,[[../30 专题/QT8 英雄、边疆与法外者文化传统/00 世界武人、边疆与法外英雄文学|世界武人、边疆与法外英雄文学]];[[../30 专题/QT8.5 西部/00 西部文学|西部文学]],,,,,自动通过,metadata_pending,,,,,,,,UNRESEARCHED,
The Kill Riff.md,WL-WORK-0537,The Kill Riff,,戴维·J.肖,David J. Schow,,WL-TOPIC-G45-HORROR,[[../30 专题/QT4 恐怖与哥特/00 恐怖文学|恐怖文学]],,,,,自动通过,metadata_pending,,,,,,,,UNRESEARCHED,
The Lady and the Monk.md,WL-WORK-1374,The Lady and the Monk,,皮科·艾尔,Pico Iyer,,WL-TOPIC-G7-TRAVEL,[[../30 专题/QT14 旅行与游记/00 旅行文学|旅行文学]],,,,,自动通过,metadata_pending,,,,,,,,UNRESEARCHED,
The Last Duty.md,WL-WORK-1990,The Last Duty,,伊西多尔·奥克佩沃,Isidore Okpewho,,WL-TOPIC-Q6-WAR,[[../30 专题/QH6 战争、暴力与创伤/00 战争文学|战争文学]],,,,,自动通过,metadata_pending,,,,,,,,UNRESEARCHED,
The Last Good Kiss.md,WL-WORK-2388,The Last Good Kiss,,詹姆斯·克拉姆利,James Crumley,,WL-TOPIC-Q15;WL-TOPIC-Q15-WESTERN,[[../30 专题/QT8 英雄、边疆与法外者文化传统/00 世界武人、边疆与法外英雄文学|世界武人、边疆与法外英雄文学]];[[../30 专题/QT8.5 西部/00 西部文学|西部文学]],,,,,自动通过,metadata_pending,,,,,,,,UNRESEARCHED,
The Last House on Needless Street.md,WL-WORK-0538,The Last House on Needless Street,,卡特里奥娜·沃德,Catriona Ward,,WL-TOPIC-G45-HORROR,[[../30 专题/QT4 恐怖与哥特/00 恐怖文学|恐怖文学]],,,,,自动通过,metadata_pending,,,,,,,,UNRESEARCHED,
The Led-Horse Claim.md,WL-WORK-2389,The Led-Horse Claim,,玛丽·哈洛克·富特,Mary Hallock Foote,,WL-TOPIC-Q15;WL-TOPIC-Q15-WESTERN,[[../30 专题/QT8 英雄、边疆与法外者文化传统/00 世界武人、边疆与法外英雄文学|世界武人、边疆与法外英雄文学]];[[../30 专题/QT8.5 西部/00 西部文学|西部文学]],,,,,自动通过,metadata_pending,,,,,,,,UNRESEARCHED,
The Life and Adventures of Nat Love.md,WL-WORK-2390,The Life and Adventures of Nat Love,,纳特·洛夫,Nat Love,,WL-TOPIC-Q15;WL-TOPIC-Q15-WESTERN,[[../30 专题/QT8 英雄、边疆与法外者文化传统/00 世界武人、边疆与法外英雄文学|世界武人、边疆与法外英雄文学]];[[../30 专题/QT8.5 西部/00 西部文学|西部文学]],,,,,自动通过,metadata_pending,,,,,,,,UNRESEARCHED,
The Light at the End.md,WL-WORK-0539,The Light at the End,,约翰·斯基普 / 克雷格·斯佩克特,John Skipp / Craig Spector,,WL-TOPIC-G45-HORROR,[[../30 专题/QT4 恐怖与哥特/00 恐怖文学|恐怖文学]],,,,,自动通过,metadata_pending,,,,,,,,UNRESEARCHED,
The Loney.md,WL-WORK-0540,The Loney,,安德鲁·迈克尔·赫尔利,Andrew Michael Hurley,,WL-TOPIC-G45-HORROR,[[../30 专题/QT4 恐怖与哥特/00 恐怖文学|恐怖文学]],,,,,自动通过,metadata_pending,,,,,,,,UNRESEARCHED,
The Man Who Shot Liberty Valance.md,WL-WORK-2394,The Man Who Shot Liberty Valance,,多萝西·M.约翰逊,Dorothy M. Johnson,,WL-TOPIC-Q15;WL-TOPIC-Q15-WESTERN,[[../30 专题/QT8 英雄、边疆与法外者文化传统/00 世界武人、边疆与法外英雄文学|世界武人、边疆与法外英雄文学]];[[../30 专题/QT8.5 西部/00 西部文学|西部文学]],,,,,自动通过,metadata_pending,,,,,,,,UNRESEARCHED,
The Manitous.md,WL-WORK-1375,The Manitous,,巴兹尔·约翰斯顿,Basil Johnston,,WL-TOPIC-G1-MYTH,[[../30 专题/QT9 神话、传说与民间叙事/00 世界神话文学|世界神话文学]],,,,,自动通过,metadata_pending,,,,,,,,UNRESEARCHED,
The New Negro.md,WL-WORK-1543,The New Negro,,阿兰·洛克,Alain Locke 编,,WL-TOPIC-M3-MODERNISM,[[../30 专题/M3.1 现代主义/00 现代主义文学|现代主义文学]],,,,,自动通过,metadata_pending,,,,,,,,UNRESEARCHED,
The Old Drift.md,WL-WORK-0950,The Old Drift,,纳姆瓦利·瑟佩尔,Namwali Serpell,,WL-TOPIC-G43-FAMILY,[[../30 专题/QH2.3 家庭与家族/00 家庭与家族|家庭与家族]],,,,,自动通过,metadata_pending,,,,,,,,UNRESEARCHED,
The Old Patagonian Express.md,WL-WORK-1377,The Old Patagonian Express,,保罗·索鲁,Paul Theroux,,WL-TOPIC-G7-TRAVEL,[[../30 专题/QT14 旅行与游记/00 旅行文学|旅行文学]],,,,,自动通过,metadata_pending,,,,,,,,UNRESEARCHED,
The Phantom Coach.md,WL-WORK-0543,The Phantom Coach,,阿梅莉亚·B.爱德华兹,Amelia B. Edwards,,WL-TOPIC-G45-HORROR,[[../30 专题/QT4 恐怖与哥特/00 恐怖文学|恐怖文学]],,,,,自动通过,metadata_pending,,,,,,,,UNRESEARCHED,
The Pirate's Daughter.md,WL-WORK-2398,The Pirate's Daughter,,玛格丽特·塞泽尔-汤普森,Margaret Cezair-Thompson,,WL-TOPIC-Q15;WL-TOPIC-Q15-PIRATE,[[../30 专题/QT8 英雄、边疆与法外者文化传统/00 世界武人、边疆与法外英雄文学|世界武人、边疆与法外英雄文学]];[[../30 专题/QT8.8 海盗/00 海盗文学|海盗文学]],,,,,自动通过,metadata_pending,,,,,,,,UNRESEARCHED,
The Purple Land.md,WL-WORK-2399,The Purple Land,,W.H.赫德森,Hudson,,WL-TOPIC-Q15;WL-TOPIC-Q15-GAUCHO,[[../30 专题/QT8 英雄、边疆与法外者文化传统/00 世界武人、边疆与法外英雄文学|世界武人、边疆与法外英雄文学]];[[../30 专题/QT8.6 Gaucho/00 Gaucho文学|Gaucho文学]],,,,,自动通过,metadata_pending,,,,,,,,UNRESEARCHED,
The Pyrates.md,WL-WORK-2400,The Pyrates,,乔治·麦克唐纳·弗雷泽,解构,,WL-TOPIC-Q15;WL-TOPIC-Q15-SWASHBUCKLER,[[../30 专题/QT8 英雄、边疆与法外者文化传统/00 世界武人、边疆与法外英雄文学|世界武人、边疆与法外英雄文学]];[[../30 专题/QT8.4 欧洲剑客/00 欧洲剑客文学|欧洲剑客文学]],,,,,自动通过,metadata_pending,,,,,,,,UNRESEARCHED,
The Recess.md,WL-WORK-0951,The Recess,,索菲娅·李,Sophia Lee,,WL-TOPIC-G44-HISTORICAL,[[../30 专题/QT7 历史叙事/00 历史文学|历史文学]],,,,,自动通过,metadata_pending,,,,,,,,UNRESEARCHED,
The Red Tree.md,WL-WORK-0544,The Red Tree,,凯特琳·R.基尔南,Caitlín R. Kiernan,,WL-TOPIC-G45-HORROR,[[../30 专题/QT4 恐怖与哥特/00 恐怖文学|恐怖文学]],,,,,自动通过,metadata_pending,,,,,,,,UNRESEARCHED,
The Right Swipe.md,WL-WORK-1992,The Right Swipe,,阿丽莎·拉伊,Alisha Rai,,WL-TOPIC-Q2-LOVE,[[../30 专题/QH2.1 爱情与欲望/00 爱情与欲望|爱情与欲望]],,,,,自动通过,metadata_pending,,,,,,,,UNRESEARCHED,
The Saga of Billy the Kid.md,WL-WORK-2403,The Saga of Billy the Kid,,沃尔特·诺布尔·伯恩斯,Walter Noble Burns,,WL-TOPIC-Q15;WL-TOPIC-Q15-OUTLAW,[[../30 专题/QT8 英雄、边疆与法外者文化传统/00 世界武人、边疆与法外英雄文学|世界武人、边疆与法外英雄文学]];[[../30 专题/QT8.7 侠盗/00 侠盗文学|侠盗文学]],,,,,自动通过,metadata_pending,,,,,,,,UNRESEARCHED,
The Scottish Chiefs.md,WL-WORK-0952,The Scottish Chiefs,,简·波特,Jane Porter,,WL-TOPIC-G44-HISTORICAL,[[../30 专题/QT7 历史叙事/00 历史文学|历史文学]],,,,,自动通过,metadata_pending,,,,,,,,UNRESEARCHED,
The Six-Gun Tarot.md,WL-WORK-2407,The Six-Gun Tarot,,R.S.贝尔彻,R.S. Belcher,,WL-TOPIC-Q15;WL-TOPIC-Q15-WESTERN,[[../30 专题/QT8 英雄、边疆与法外者文化传统/00 世界武人、边疆与法外英雄文学|世界武人、边疆与法外英雄文学]];[[../30 专题/QT8.5 西部/00 西部文学|西部文学]],,,,,自动通过,metadata_pending,,,,,,,,UNRESEARCHED,
The Sunne in Splendour.md,WL-WORK-0953,The Sunne in Splendour,,莎伦·凯·彭曼,Sharon Kay Penman,,WL-TOPIC-G44-HISTORICAL,[[../30 专题/QT7 历史叙事/00 历史文学|历史文学]],,,,,自动通过,metadata_pending,,,,,,,,UNRESEARCHED,
The Surrounded.md,WL-WORK-2411,The Surrounded,,达西·麦克尼克尔,D'Arcy McNickle,,WL-TOPIC-Q15;WL-TOPIC-Q15-WESTERN,[[../30 专题/QT8 英雄、边疆与法外者文化传统/00 世界武人、边疆与法外英雄文学|世界武人、边疆与法外英雄文学]];[[../30 专题/QT8.5 西部/00 西部文学|西部文学]],,,,,自动通过,metadata_pending,,,,,,,,UNRESEARCHED,
The Thousand Crimes of Ming Tsu.md,WL-WORK-2414,The Thousand Crimes of Ming Tsu,,汤姆·林,Tom Lin,,WL-TOPIC-Q15;WL-TOPIC-Q15-WESTERN;WL-TOPIC-Q15-OUTLAW,[[../30 专题/QT8 英雄、边疆与法外者文化传统/00 世界武人、边疆与法外英雄文学|世界武人、边疆与法外英雄文学]];[[../30 专题/QT8.5 西部/00 西部文学|西部文学]];[[../30 专题/QT8.7 侠盗/00 侠盗文学|侠盗文学]],,,,,自动通过,metadata_pending,,,,,,,,UNRESEARCHED,
The Time It Never Rained.md,WL-WORK-2415,The Time It Never Rained,,埃尔默·凯尔顿,Kelton,,WL-TOPIC-Q15;WL-TOPIC-Q15-WESTERN,[[../30 专题/QT8 英雄、边疆与法外者文化传统/00 世界武人、边疆与法外英雄文学|世界武人、边疆与法外英雄文学]];[[../30 专题/QT8.5 西部/00 西部文学|西部文学]],,,,,自动通过,metadata_pending,,,,,,,,UNRESEARCHED,
The Underdogs ／ Los de abajo.md,WL-WORK-2416,The Underdogs / Los de abajo,,马里亚诺·阿苏埃拉,Mariano Azuela,,WL-TOPIC-Q15;WL-TOPIC-Q15-OUTLAW,[[../30 专题/QT8 英雄、边疆与法外者文化传统/00 世界武人、边疆与法外英雄文学|世界武人、边疆与法外英雄文学]];[[../30 专题/QT8.7 侠盗/00 侠盗文学|侠盗文学]],,,,,自动通过,metadata_pending,,,,,,,,UNRESEARCHED,
The Untamed.md,WL-WORK-2417,The Untamed,,马克斯·布兰德,Max Brand,,WL-TOPIC-Q15;WL-TOPIC-Q15-WESTERN,[[../30 专题/QT8 英雄、边疆与法外者文化传统/00 世界武人、边疆与法外英雄文学|世界武人、边疆与法外英雄文学]];[[../30 专题/QT8.5 西部/00 西部文学|西部文学]],,,,,自动通过,metadata_pending,,,,,,,,UNRESEARCHED,
The Valleys of the Assassins.md,WL-WORK-1382,The Valleys of the Assassins,,弗雷娅·斯塔克,Freya Stark,,WL-TOPIC-G7-TRAVEL,[[../30 专题/QT14 旅行与游记/00 旅行文学|旅行文学]],,,,,自动通过,metadata_pending,,,,,,,,UNRESEARCHED,
The Wedding Date.md,WL-WORK-1995,The Wedding Date,,贾丝明·吉洛里,Jasmine Guillory,,WL-TOPIC-Q2-LOVE,[[../30 专题/QH2.1 爱情与欲望/00 爱情与欲望|爱情与欲望]],,,,,自动通过,metadata_pending,,,,,,,,UNRESEARCHED,
These Thousand Hills.md,WL-WORK-2421,These Thousand Hills,,A.B.格思里,A.B. Guthrie Jr.,,WL-TOPIC-Q15;WL-TOPIC-Q15-WESTERN,[[../30 专题/QT8 英雄、边疆与法外者文化传统/00 世界武人、边疆与法外英雄文学|世界武人、边疆与法外英雄文学]];[[../30 专题/QT8.5 西部/00 西部文学|西部文学]],,,,,自动通过,metadata_pending,,,,,,,,UNRESEARCHED,
Things Have Gotten Worse Since We Last Spoke.md,WL-WORK-0549,Things Have Gotten Worse Since We Last Spoke,,埃里克·拉罗卡,Eric LaRocca,,WL-TOPIC-G45-HORROR,[[../30 专题/QT4 恐怖与哥特/00 恐怖文学|恐怖文学]],,,,,自动通过,metadata_pending,,,,,,,,UNRESEARCHED,
This One Summer.md,WL-WORK-0954,This One Summer,,玉木真理子 / 吉莉安·玉木,Mariko & Jillian Tamaki,,WL-TOPIC-G43-BILDUNGSROMAN,[[../30 专题/QH2.5 童年与成长/00 成长文学|成长文学]],,,,,自动通过,metadata_pending,,,,,,,,UNRESEARCHED,
Tlingit Myths and Texts.md,WL-WORK-1383,Tlingit Myths and Texts,,约翰·R.斯旺顿,John R. Swanton,,WL-TOPIC-G1-MYTH,[[../30 专题/QT9 神话、传说与民间叙事/00 世界神话文学|世界神话文学]],,,,,自动通过,metadata_pending,,,,,,,,UNRESEARCHED,
Torto Arado.md,WL-WORK-1544,Torto Arado,,伊塔马尔·维埃拉·儒尼奥尔,乡村,,WL-TOPIC-R6-LATAM,[[../30 专题/R6 拉丁美洲与加勒比/00 拉丁美洲文学|拉丁美洲文学]],,,,,自动通过,metadata_pending,,,,,,,,UNRESEARCHED,
Tracks.md,WL-WORK-1384,Tracks,,罗宾·戴维森,Robyn Davidson,,WL-TOPIC-G7-TRAVEL,[[../30 专题/QT14 旅行与游记/00 旅行文学|旅行文学]],,,,,自动通过,metadata_pending,,,,,,,,UNRESEARCHED,
Travels in West Africa.md,WL-WORK-1385,Travels in West Africa,,玛丽·金斯利,Mary Kingsley,,WL-TOPIC-G7-TRAVEL,[[../30 专题/QT14 旅行与游记/00 旅行文学|旅行文学]],,,,,自动通过,metadata_pending,,,,,,,,UNRESEARCHED,
Tristan.md,WL-WORK-2423,Tristan,,贝鲁尔,Béroul,,WL-TOPIC-Q15;WL-TOPIC-Q15-KNIGHT,[[../30 专题/QT8 英雄、边疆与法外者文化传统/00 世界武人、边疆与法外英雄文学|世界武人、边疆与法外英雄文学]];[[../30 专题/QT8.2 欧洲骑士/00 欧洲骑士文学|欧洲骑士文学]],,,,,自动通过,metadata_pending,,,,,,,,UNRESEARCHED,
Unbeaten Tracks in Japan.md,WL-WORK-1388,Unbeaten Tracks in Japan,,伊莎贝拉·伯德,Bird,,WL-TOPIC-G7-TRAVEL,[[../30 专题/QT14 旅行与游记/00 旅行文学|旅行文学]],,,,,自动通过,metadata_pending,,,,,,,,UNRESEARCHED,
Uncanny Stories.md,WL-WORK-0551,Uncanny Stories,,梅·辛克莱,May Sinclair,,WL-TOPIC-G45-HORROR,[[../30 专题/QT4 恐怖与哥特/00 恐怖文学|恐怖文学]],,,,,自动通过,metadata_pending,,,,,,,,UNRESEARCHED,
Under the Feet of Jesus.md,WL-WORK-2426,Under the Feet of Jesus,,海伦娜·玛丽亚·比拉蒙特斯,Helena María Viramontes,,WL-TOPIC-Q15;WL-TOPIC-Q15-WESTERN,[[../30 专题/QT8 英雄、边疆与法外者文化传统/00 世界武人、边疆与法外英雄文学|世界武人、边疆与法外英雄文学]];[[../30 专题/QT8.5 西部/00 西部文学|西部文学]],,,,,自动通过,metadata_pending,,,,,,,,UNRESEARCHED,
Under the Red Robe.md,WL-WORK-2427,Under the Red Robe,,斯坦利·韦曼,Stanley Weyman,,WL-TOPIC-Q15;WL-TOPIC-Q15-SWASHBUCKLER,[[../30 专题/QT8 英雄、边疆与法外者文化传统/00 世界武人、边疆与法外英雄文学|世界武人、边疆与法外英雄文学]];[[../30 专题/QT8.4 欧洲剑客/00 欧洲剑客文学|欧洲剑客文学]],,,,,自动通过,metadata_pending,,,,,,,,UNRESEARCHED,
Undertones of War.md,WL-WORK-1997,Undertones of War,,埃德蒙·布伦登,Edmund Blunden,,WL-TOPIC-Q6-WAR,[[../30 专题/QH6 战争、暴力与创伤/00 战争文学|战争文学]],,,,,自动通过,metadata_pending,,,,,,,,UNRESEARCHED,
Uninhabited House.md,WL-WORK-0552,Uninhabited House,,夏洛特·里德尔,Charlotte Riddell,,WL-TOPIC-G45-HORROR,[[../30 专题/QT4 恐怖与哥特/00 恐怖文学|恐怖文学]],,,,,自动通过,metadata_pending,,,,,,,,UNRESEARCHED,
Unsouled.md,WL-WORK-0553,Unsouled,,威尔·怀特,Will Wight,,WL-TOPIC-G45-FANTASY,[[../30 专题/QT3 奇幻/00 奇幻文学|奇幻文学]],,,,,自动通过,metadata_pending,,,,,,,,UNRESEARCHED,
Video Night in Kathmandu.md,WL-WORK-1389,Video Night in Kathmandu,,皮科·艾尔,Pico Iyer,,WL-TOPIC-G7-TRAVEL,[[../30 专题/QT14 旅行与游记/00 旅行文学|旅行文学]],,,,,自动通过,metadata_pending,,,,,,,,UNRESEARCHED,
Vox.md,WL-WORK-0955,Vox,,克里斯蒂娜·达尔彻,Christina Dalcher,,WL-TOPIC-G46-DYSTOPIA,[[../30 专题/QT6 乌托邦、反乌托邦与社会想象/00 反乌托邦文学|反乌托邦文学]],,,,,自动通过,metadata_pending,,,,,,,,UNRESEARCHED,
War Trash.md,WL-WORK-1999,War Trash,,哈金,Ha Jin,,WL-TOPIC-Q6-WAR,[[../30 专题/QH6 战争、暴力与创伤/00 战争文学|战争文学]],,,,,自动通过,metadata_pending,,,,,,,,UNRESEARCHED,
Warlock.md,WL-WORK-2428,Warlock,,奥克利·霍尔,Oakley Hall,,WL-TOPIC-Q15;WL-TOPIC-Q15-WESTERN,[[../30 专题/QT8 英雄、边疆与法外者文化传统/00 世界武人、边疆与法外英雄文学|世界武人、边疆与法外英雄文学]];[[../30 专题/QT8.5 西部/00 西部文学|西部文学]],,,,,自动通过,metadata_pending,,,,,,,,UNRESEARCHED,
West with the Night.md,WL-WORK-0554,West with the Night,,贝丽尔·马卡姆,Beryl Markham,,WL-TOPIC-G45-ADVENTURE,[[../30 专题/QT5 冒险与探索叙事/00 冒险文学|冒险文学]],,,,,自动通过,metadata_pending,,,,,,,,UNRESEARCHED,
"Whitney, My Love.md",WL-WORK-2000,"Whitney, My Love",,朱迪思·麦克诺特,Judith McNaught,,WL-TOPIC-Q2-LOVE,[[../30 专题/QH2.1 爱情与欲望/00 爱情与欲望|爱情与欲望]],,,,,自动通过,metadata_pending,,,,,,,,UNRESEARCHED,
Who Remembers the Sea.md,WL-WORK-2001,Who Remembers the Sea,,穆罕默德·迪布,Mohammed Dib,,WL-TOPIC-Q6-WAR,[[../30 专题/QH6 战争、暴力与创伤/00 战争文学|战争文学]],,,,,自动通过,metadata_pending,,,,,,,,UNRESEARCHED,
Winter in the Blood.md,WL-WORK-2431,Winter in the Blood,,詹姆斯·韦尔奇,James Welch,,WL-TOPIC-Q15;WL-TOPIC-Q15-WESTERN,[[../30 专题/QT8 英雄、边疆与法外者文化传统/00 世界武人、边疆与法外英雄文学|世界武人、边疆与法外英雄文学]];[[../30 专题/QT8.5 西部/00 西部文学|西部文学]],,,,,自动通过,metadata_pending,,,,,,,,UNRESEARCHED,
With Clive in India.md,WL-WORK-0555,With Clive in India,,G.A.亨蒂,G. A. Henty,,WL-TOPIC-G45-ADVENTURE,[[../30 专题/QT5 冒险与探索叙事/00 冒险文学|冒险文学]],,,,,自动通过,metadata_pending,,,,,,,,UNRESEARCHED,
With His Pistol in His Hand.md,WL-WORK-2432,With His Pistol in His Hand,,阿梅里科·帕雷德斯,Américo Paredes,,WL-TOPIC-Q15;WL-TOPIC-Q15-OUTLAW,[[../30 专题/QT8 英雄、边疆与法外者文化传统/00 世界武人、边疆与法外英雄文学|世界武人、边疆与法外英雄文学]];[[../30 专题/QT8.7 侠盗/00 侠盗文学|侠盗文学]],,,,,自动通过,metadata_pending,,,,,,,,UNRESEARCHED,
With Wolfe in Canada.md,WL-WORK-0556,With Wolfe in Canada,,G.A.亨蒂,G. A. Henty,,WL-TOPIC-G45-ADVENTURE,[[../30 专题/QT5 冒险与探索叙事/00 冒险文学|冒险文学]],,,,,自动通过,metadata_pending,,,,,,,,UNRESEARCHED,
Wounds.md,WL-WORK-0557,Wounds,,内森·巴林拉德,Nathan Ballingrud,,WL-TOPIC-G45-HORROR,[[../30 专题/QT4 恐怖与哥特/00 恐怖文学|恐怖文学]],,,,,自动通过,metadata_pending,,,,,,,,UNRESEARCHED,
Yoruba Myths.md,WL-WORK-1390,Yoruba Myths,,乌利·拜尔,Ulli Beier,,WL-TOPIC-G1-MYTH,[[../30 专题/QT9 神话、传说与民间叙事/00 世界神话文学|世界神话文学]],,,,,自动通过,metadata_pending,,,,,,,,UNRESEARCHED,
一.md,WL-WORK-0957,一,,戴维·卡普,David Karp,,WL-TOPIC-G46-DYSTOPIA,[[../30 专题/QT6 乌托邦、反乌托邦与社会想象/00 反乌托邦文学|反乌托邦文学]],,,,,自动通过,metadata_pending,,,,,,,,UNRESEARCHED,
一个城市的历史.md,WL-WORK-0958,一个城市的历史,,萨尔蒂科夫-谢德林,Mikhail Saltykov-Shchedrin,,WL-TOPIC-G46-DYSTOPIA,[[../30 专题/QT6 乌托邦、反乌托邦与社会想象/00 反乌托邦文学|反乌托邦文学]],,,,,自动通过,metadata_pending,,,,,,,,UNRESEARCHED,
一个女奴的生活事件.md,WL-WORK-0959,一个女奴的生活事件,,哈丽雅特·雅各布斯,Harriet Jacobs,,WL-TOPIC-G44-HISTORICAL,[[../30 专题/QT7 历史叙事/00 历史文学|历史文学]],,,,,自动通过,metadata_pending,,,,,,,,UNRESEARCHED,
一个美国黑奴的自传.md,WL-WORK-0960,一个美国黑奴的自传,,弗雷德里克·道格拉斯,Frederick Douglass,,WL-TOPIC-G44-HISTORICAL,[[../30 专题/QT7 历史叙事/00 历史文学|历史文学]],,,,,自动通过,metadata_pending,,,,,,,,UNRESEARCHED,
一个致命的夏天.md,WL-WORK-0233,一个致命的夏天,,塞巴斯蒂安·雅普里索,Sébastien Japrisot,,WL-TOPIC-G45-MYSTERY,[[../30 专题/QT1 推理与犯罪叙事/00 推理文学|推理文学]],,,,,自动通过,,,,,,,,,UNRESEARCHED,
一个西班牙农民的安魂曲.md,WL-WORK-2002,一个西班牙农民的安魂曲,,拉蒙·J.森德尔,Ramón J. Sender,,WL-TOPIC-Q6-WAR,[[../30 专题/QH6 战争、暴力与创伤/00 战争文学|战争文学]],,,,,自动通过,metadata_pending,,,,,,,,UNRESEARCHED,
一切都被照亮.md,WL-WORK-2004,一切都被照亮,,乔纳森·萨福兰·福厄,Jonathan Safran Foer,,WL-TOPIC-Q10-MEMORY,[[../30 专题/QH7 历史、记忆与时间/00 历史、记忆与时间|历史、记忆与时间]],,,,,自动通过,metadata_pending,,,,,,,,UNRESEARCHED,
七个疯子.md,WL-WORK-1549,七个疯子,,罗伯托·阿尔特,Roberto Arlt,,WL-TOPIC-R6-LATAM;WL-TOPIC-M3-MODERNISM,[[../30 专题/R6 拉丁美洲与加勒比/00 拉丁美洲文学|拉丁美洲文学]];[[../30 专题/M3.1 现代主义/00 现代主义文学|现代主义文学]],,,,,自动通过,metadata_pending,,,,,,,,UNRESEARCHED,
七杀碑.md,WL-WORK-2439,七杀碑,,朱贞木,,,WL-TOPIC-Q15;WL-TOPIC-Q15-WUXIA,[[../30 专题/QT8 英雄、边疆与法外者文化传统/00 世界武人、边疆与法外英雄文学|世界武人、边疆与法外英雄文学]];[[../30 专题/QT8.1 武侠/00 武侠文学|武侠文学]],,,,,自动通过,metadata_pending,,,,,,,,UNRESEARCHED,
万火归一.md,WL-WORK-1552,万火归一,,胡利奥·科塔萨尔,,,WL-TOPIC-R6-LATAM,[[../30 专题/R6 拉丁美洲与加勒比/00 拉丁美洲文学|拉丁美洲文学]],,,,,自动通过,metadata_pending,,,,,,,,UNRESEARCHED,
三之书.md,WL-WORK-0561,三之书,,劳埃德·亚历山大,Lloyd Alexander,,WL-TOPIC-G45-FANTASY,[[../30 专题/QT3 奇幻/00 奇幻文学|奇幻文学]],,,,,自动通过,metadata_pending,,,,,,,,UNRESEARCHED,
三十九级台阶.md,WL-WORK-0251,三十九级台阶,,约翰·巴肯,John Buchan,,WL-TOPIC-G45-MYSTERY;WL-TOPIC-G45-ADVENTURE,[[../30 专题/QT1 推理与犯罪叙事/00 推理文学|推理文学]];[[../30 专题/QT5 冒险与探索叙事/00 冒险文学|冒险文学]],,,,,自动通过,,,,,,,,,UNRESEARCHED,
三只忧伤的老虎.md,WL-WORK-1554,三只忧伤的老虎,,吉列尔莫·卡夫雷拉·因凡特,,,WL-TOPIC-R6-LATAM,[[../30 专题/R6 拉丁美洲与加勒比/00 拉丁美洲文学|拉丁美洲文学]],,,,,自动通过,metadata_pending,,,,,,,,UNRESEARCHED,
下面的人们.md,WL-WORK-1558,下面的人们,,马里亚诺·阿苏埃拉,,,WL-TOPIC-R6-LATAM,[[../30 专题/R6 拉丁美洲与加勒比/00 拉丁美洲文学|拉丁美洲文学]],,,,,自动通过,metadata_pending,,,,,,,,UNRESEARCHED,
下颚骨.md,WL-WORK-1559,下颚骨,,莫妮卡·奥赫达,Mónica Ojeda,,WL-TOPIC-R6-LATAM,[[../30 专题/R6 拉丁美洲与加勒比/00 拉丁美洲文学|拉丁美洲文学]],,,,,自动通过,metadata_pending,,,,,,,,UNRESEARCHED,
不再存在的女人.md,WL-WORK-0230,不再存在的女人,Celle qui n'était plus,布瓦洛-纳尔瑟雅克,Boileau-Narcejac,,WL-TOPIC-G45-MYSTERY,[[../30 专题/QT1 推理与犯罪叙事/00 推理文学|推理文学]],,,,,自动通过,,,,,,,,,UNRESEARCHED,
不列颠诸王史.md,WL-WORK-1392,不列颠诸王史,,蒙茅斯的杰弗里,,,WL-TOPIC-G1-MYTH;WL-TOPIC-Q15;WL-TOPIC-Q15-KNIGHT,[[../30 专题/QT9 神话、传说与民间叙事/00 世界神话文学|世界神话文学]];[[../30 专题/QT8 英雄、边疆与法外者文化传统/00 世界武人、边疆与法外英雄文学|世界武人、边疆与法外英雄文学]];[[../30 专题/QT8.2 欧洲骑士/00 欧洲骑士文学|欧洲骑士文学]],,,,,自动通过,metadata_pending,,,,,,,,UNRESEARCHED,
不要回头.md,WL-WORK-0224,不要回头,Don't Look Back,卡琳·福萨姆,Karin Fossum,,WL-TOPIC-G45-MYSTERY,[[../30 专题/QT1 推理与犯罪叙事/00 推理文学|推理文学]],,,,,自动通过,,,,,,,,,UNRESEARCHED,
丑人.md,WL-WORK-0967,丑人,,斯科特·韦斯特菲尔德,Scott Westerfeld,,WL-TOPIC-G46-DYSTOPIA,[[../30 专题/QT6 乌托邦、反乌托邦与社会想象/00 反乌托邦文学|反乌托邦文学]],,,,,自动通过,metadata_pending,,,,,,,,UNRESEARCHED,
世界尽头的征兆.md,WL-WORK-1561,世界尽头的征兆,,墨西哥与美墨边境,,,WL-TOPIC-R6-LATAM,[[../30 专题/R6 拉丁美洲与加勒比/00 拉丁美洲文学|拉丁美洲文学]],,,,,自动通过,metadata_pending,,,,,,,,UNRESEARCHED,
世界尽头的自杀者.md,WL-WORK-1562,世界尽头的自杀者,,莱拉·格雷罗,,,WL-TOPIC-R6-LATAM,[[../30 专题/R6 拉丁美洲与加勒比/00 拉丁美洲文学|拉丁美洲文学]],,,,,自动通过,metadata_pending,,,,,,,,UNRESEARCHED,
世界的用法.md,WL-WORK-1393,世界的用法,The Way of the World,尼古拉·布维耶,Nicolas Bouvier,,WL-TOPIC-G7-TRAVEL,[[../30 专题/QT14 旅行与游记/00 旅行文学|旅行文学]],,,,,自动通过,metadata_pending,,,,,,,,UNRESEARCHED,
丛林故事.md,WL-WORK-0567,丛林故事,,奥拉西奥·基罗加,Horacio Quiroga,,WL-TOPIC-G45-ADVENTURE,[[../30 专题/QT5 冒险与探索叙事/00 冒险文学|冒险文学]],,,,,自动通过,metadata_pending,,,,,,,,UNRESEARCHED,
东周列国志.md,WL-WORK-0968,东周列国志,,冯梦龙,,,WL-TOPIC-G44-HISTORICAL,[[../30 专题/QT7 历史叙事/00 历史文学|历史文学]],,,,,自动通过,metadata_pending,,,,,,,,UNRESEARCHED,
中国梦.md,WL-WORK-0969,中国梦,,马建,,,WL-TOPIC-G46-DYSTOPIA,[[../30 专题/QT6 乌托邦、反乌托邦与社会想象/00 反乌托邦文学|反乌托邦文学]],,,,,自动通过,metadata_pending,,,,,,,,UNRESEARCHED,
丹麦人的事迹.md,WL-WORK-1396,丹麦人的事迹,,萨克索·格拉玛提库斯,Saxo Grammaticus,,WL-TOPIC-G1-MYTH,[[../30 专题/QT9 神话、传说与民间叙事/00 世界神话文学|世界神话文学]],,,,,自动通过,metadata_pending,,,,,,,,UNRESEARCHED,
为了赖子.md,WL-WORK-0186,为了赖子,,法月纶太郎,,,WL-TOPIC-G45-MYSTERY,[[../30 专题/QT1 推理与犯罪叙事/00 推理文学|推理文学]],,,,,自动通过,,,,,,,,,UNRESEARCHED,
为兰卡斯击鼓.md,WL-WORK-1566,为兰卡斯击鼓,,曼努埃尔·斯科尔萨,,,WL-TOPIC-R6-LATAM,[[../30 专题/R6 拉丁美洲与加勒比/00 拉丁美洲文学|拉丁美洲文学]],,,,,自动通过,metadata_pending,,,,,,,,UNRESEARCHED,
为美好的世界献上祝福！.md,WL-WORK-0568,为美好的世界献上祝福！,,晓佳奈,,,WL-TOPIC-G45-FANTASY,[[../30 专题/QT3 奇幻/00 奇幻文学|奇幻文学]],,,,,自动通过,metadata_pending,,,,,,,,UNRESEARCHED,
义经记.md,WL-WORK-2443,义经记,Gikeiki,佚名,,,WL-TOPIC-Q15;WL-TOPIC-Q15-SAMURAI,[[../30 专题/QT8 英雄、边疆与法外者文化传统/00 世界武人、边疆与法外英雄文学|世界武人、边疆与法外英雄文学]];[[../30 专题/QT8.3 日本武士与剑豪/00 日本武士与剑豪文学|日本武士与剑豪文学]],,,,,自动通过,metadata_pending,,,,,,,,UNRESEARCHED,
乌洛波洛斯之虫.md,WL-WORK-0571,乌洛波洛斯之虫,,E.R.埃迪森,E.R. Eddison,,WL-TOPIC-G45-FANTASY,[[../30 专题/QT3 奇幻/00 奇幻文学|奇幻文学]],,,,,自动通过,metadata_pending,,,,,,,,UNRESEARCHED,
乌贼骨.md,WL-WORK-1567,乌贼骨,,埃乌杰尼奥·蒙塔莱,Eugenio Montale,,WL-TOPIC-M3-MODERNISM,[[../30 专题/M3.1 现代主义/00 现代主义文学|现代主义文学]],,,,,自动通过,metadata_pending,,,,,,,,UNRESEARCHED,
乌鸦之黑.md,WL-WORK-0116,乌鸦之黑,Raven Black,安·克里夫斯,Ann Cleeves,,WL-TOPIC-G45-MYSTERY,[[../30 专题/QT1 推理与犯罪叙事/00 推理文学|推理文学]],,,,,自动通过,,,,,,,,,UNRESEARCHED,
书库.md,WL-WORK-1397,书库,,阿波罗多洛斯,,literary_traditions: [],WL-TOPIC-G1-MYTH,[[../30 专题/QT9 神话、传说与民间叙事/00 世界神话文学|世界神话文学]],,,,,自动通过,metadata_pending,,,,,,,,UNRESEARCHED,
二十首情诗和一支绝望的歌.md,WL-WORK-1570,二十首情诗和一支绝望的歌,,巴勃罗·聂鲁达,,,WL-TOPIC-R6-LATAM,[[../30 专题/R6 拉丁美洲与加勒比/00 拉丁美洲文学|拉丁美洲文学]],,,,,自动通过,metadata_pending,,,,,,,,UNRESEARCHED,
五轮书.md,WL-WORK-2447,五轮书,Gorin no Sho,宫本武藏,,,WL-TOPIC-Q15;WL-TOPIC-Q15-SAMURAI,[[../30 专题/QT8 英雄、边疆与法外者文化传统/00 世界武人、边疆与法外英雄文学|世界武人、边疆与法外英雄文学]];[[../30 专题/QT8.3 日本武士与剑豪/00 日本武士与剑豪文学|日本武士与剑豪文学]],,,,,自动通过,metadata_pending,,,,,,,,UNRESEARCHED,
亚瑟王之死.md,WL-WORK-0577,亚瑟王之死,,托马斯·马洛礼,,,WL-TOPIC-G45-FANTASY;WL-TOPIC-G44-HISTORICAL;WL-TOPIC-G1-MYTH;WL-TOPIC-Q15;WL-TOPIC-Q15-KNIGHT,[[../30 专题/QT3 奇幻/00 奇幻文学|奇幻文学]];[[../30 专题/QT7 历史叙事/00 历史文学|历史文学]];[[../30 专题/QT9 神话、传说与民间叙事/00 世界神话文学|世界神话文学]];[[../30 专题/QT8 英雄、边疆与法外者文化传统/00 世界武人、边疆与法外英雄文学|世界武人、边疆与法外英雄文学]];[[../30 专题/QT8.2 欧洲骑士/00 欧洲骑士文学|欧洲骑士文学]],,,,,自动通过,metadata_pending,,,,,,,,UNRESEARCHED,
亚瓦尔节.md,WL-WORK-1571,亚瓦尔节,,何塞·玛丽亚·阿格达斯,,,WL-TOPIC-R6-LATAM,[[../30 专题/R6 拉丁美洲与加勒比/00 拉丁美洲文学|拉丁美洲文学]],,,,,自动通过,metadata_pending,,,,,,,,UNRESEARCHED,
人工呼吸.md,WL-WORK-1573,人工呼吸,,里卡多·皮格利亚,,,WL-TOPIC-R6-LATAM,[[../30 专题/R6 拉丁美洲与加勒比/00 拉丁美洲文学|拉丁美洲文学]],,,,,自动通过,metadata_pending,,,,,,,,UNRESEARCHED,
人性的枷锁.md,WL-WORK-0976,人性的枷锁,,毛姆,Somerset Maugham,,WL-TOPIC-G43-BILDUNGSROMAN,[[../30 专题/QH2.5 童年与成长/00 成长文学|成长文学]],,,,,自动通过,metadata_pending,,,,,,,,UNRESEARCHED,
人民的玫瑰.md,WL-WORK-1575,人民的玫瑰,,卡洛斯·德鲁蒙德·德·安德拉德,,,WL-TOPIC-R6-LATAM,[[../30 专题/R6 拉丁美洲与加勒比/00 拉丁美洲文学|拉丁美洲文学]],,,,,自动通过,metadata_pending,,,,,,,,UNRESEARCHED,
人类材料.md,WL-WORK-1577,人类材料,,罗德里戈·雷伊·罗萨,Rodrigo Rey Rosa,,WL-TOPIC-R6-LATAM,[[../30 专题/R6 拉丁美洲与加勒比/00 拉丁美洲文学|拉丁美洲文学]],,,,,自动通过,metadata_pending,,,,,,,,UNRESEARCHED,
人类的诗.md,WL-WORK-1578,人类的诗,,塞萨尔·巴列霍,,,WL-TOPIC-R6-LATAM,[[../30 专题/R6 拉丁美洲与加勒比/00 拉丁美洲文学|拉丁美洲文学]],,,,,自动通过,metadata_pending,,,,,,,,UNRESEARCHED,
人骨拼图.md,WL-WORK-0123,人骨拼图,The Bone Collector,杰弗里·迪弗,Jeffery Deaver,,WL-TOPIC-G45-MYSTERY,[[../30 专题/QT1 推理与犯罪叙事/00 推理文学|推理文学]],,,,,自动通过,,,,,,,,,UNRESEARCHED,
从这里到永恒.md,WL-WORK-2009,从这里到永恒,,詹姆斯·琼斯,James Jones,,WL-TOPIC-Q6-WAR,[[../30 专题/QH6 战争、暴力与创伤/00 战争文学|战争文学]],,,,,自动通过,metadata_pending,,,,,,,,UNRESEARCHED,
仓库.md,WL-WORK-0981,仓库,,罗布·哈特,Rob Hart,,WL-TOPIC-G46-DYSTOPIA,[[../30 专题/QT6 乌托邦、反乌托邦与社会想象/00 反乌托邦文学|反乌托邦文学]],,,,,自动通过,metadata_pending,,,,,,,,UNRESEARCHED,
企鹅岛.md,WL-WORK-0982,企鹅岛,,法朗士,Anatole France,,WL-TOPIC-G46-DYSTOPIA,[[../30 专题/QT6 乌托邦、反乌托邦与社会想象/00 反乌托邦文学|反乌托邦文学]],,,,,自动通过,metadata_pending,,,,,,,,UNRESEARCHED,
伊势物语.md,WL-WORK-2011,伊势物语,,佚名,,,WL-TOPIC-Q2-LOVE,[[../30 专题/QH2.1 爱情与欲望/00 爱情与欲望|爱情与欲望]],,,,,自动通过,metadata_pending,,,,,,,,UNRESEARCHED,
伊戈尔远征记.md,WL-WORK-2012,伊戈尔远征记,,佚名,,,WL-TOPIC-Q6-WAR,[[../30 专题/QH6 战争、暴力与创伤/00 战争文学|战争文学]],,,,,自动通过,metadata_pending,,,,,,,,UNRESEARCHED,
伊拉塞玛.md,WL-WORK-1583,伊拉塞玛,,若泽·德·阿伦卡尔,,,WL-TOPIC-R6-LATAM,[[../30 专题/R6 拉丁美洲与加勒比/00 拉丁美洲文学|拉丁美洲文学]],,,,,自动通过,metadata_pending,,,,,,,,UNRESEARCHED,
伊芙琳·哈德卡斯尔的七次死亡.md,WL-WORK-0144,伊芙琳·哈德卡斯尔的七次死亡,,斯图尔特·特顿,Stuart Turton,,WL-TOPIC-G45-MYSTERY,[[../30 专题/QT1 推理与犯罪叙事/00 推理文学|推理文学]],,,,,自动通过,,,,,,,,,UNRESEARCHED,
伊芙琳娜.md,WL-WORK-2013,伊芙琳娜,,范妮·伯尼,Fanny Burney,,WL-TOPIC-Q2-LOVE,[[../30 专题/QH2.1 爱情与欲望/00 爱情与欲望|爱情与欲望]],,,,,自动通过,metadata_pending,,,,,,,,UNRESEARCHED,
众生之路.md,WL-WORK-0984,众生之路,,塞缪尔·巴特勒,Samuel Butler,,WL-TOPIC-G43-BILDUNGSROMAN,[[../30 专题/QH2.5 童年与成长/00 成长文学|成长文学]],,,,,自动通过,metadata_pending,,,,,,,,UNRESEARCHED,
优素福与祖莱哈.md,WL-WORK-2016,优素福与祖莱哈,,贾米,,,WL-TOPIC-Q2-LOVE,[[../30 专题/QH2.1 爱情与欲望/00 爱情与欲望|爱情与欲望]],,,,,自动通过,metadata_pending,,,,,,,,UNRESEARCHED,
伦敦河.md,WL-WORK-0584,伦敦河,,本·亚伦诺维奇,Ben Aaronovitch,,WL-TOPIC-G45-FANTASY,[[../30 专题/QT3 奇幻/00 奇幻文学|奇幻文学]],,,,,自动通过,metadata_pending,,,,,,,,UNRESEARCHED,
伪币制造者.md,WL-WORK-1586,伪币制造者,,安德烈·纪德,André Gide,,WL-TOPIC-M3-MODERNISM,[[../30 专题/M3.1 现代主义/00 现代主义文学|现代主义文学]],,,,,自动通过,metadata_pending,,,,,,,,UNRESEARCHED,
佛国记.md,WL-WORK-1405,佛国记,,法显,,,WL-TOPIC-G7-TRAVEL,[[../30 专题/QT14 旅行与游记/00 旅行文学|旅行文学]],,,,,自动通过,metadata_pending,,,,,,,,UNRESEARCHED,
佛罗伦萨手抄本.md,WL-WORK-1406,佛罗伦萨手抄本,,萨阿贡,,,WL-TOPIC-G1-MYTH;WL-TOPIC-R6-LATAM,[[../30 专题/QT9 神话、传说与民间叙事/00 世界神话文学|世界神话文学]];[[../30 专题/R6 拉丁美洲与加勒比/00 拉丁美洲文学|拉丁美洲文学]],,,,,自动通过,metadata_pending,,,,,,,,UNRESEARCHED,
侏罗纪公园.md,WL-WORK-0586,侏罗纪公园,,迈克尔·克莱顿,Michael Crichton,,WL-TOPIC-G45-ADVENTURE,[[../30 专题/QT5 冒险与探索叙事/00 冒险文学|冒险文学]],,,,,自动通过,metadata_pending,,,,,,,,UNRESEARCHED,
侠盗亚森·罗平.md,WL-WORK-0021,侠盗亚森·罗平,,莫里斯·勒布朗,,,WL-TOPIC-G45-MYSTERY,[[../30 专题/QT1 推理与犯罪叙事/00 推理文学|推理文学]],,,,,自动通过,,,,,,,,,UNRESEARCHED,
俄罗斯民间故事.md,WL-WORK-1409,俄罗斯民间故事,,阿法纳西耶夫,,,WL-TOPIC-G1-MYTH,[[../30 专题/QT9 神话、传说与民间叙事/00 世界神话文学|世界神话文学]],,,,,自动通过,metadata_pending,,,,,,,,UNRESEARCHED,
俗世的吟唱.md,WL-WORK-1588,俗世的吟唱,,鲁文·达里奥,,,WL-TOPIC-R6-LATAM,[[../30 专题/R6 拉丁美洲与加勒比/00 拉丁美洲文学|拉丁美洲文学]],,,,,自动通过,metadata_pending,,,,,,,,UNRESEARCHED,
保元物语.md,WL-WORK-0988,保元物语,,佚名,,,WL-TOPIC-G44-HISTORICAL;WL-TOPIC-Q15;WL-TOPIC-Q15-SAMURAI,[[../30 专题/QT7 历史叙事/00 历史文学|历史文学]];[[../30 专题/QT8 英雄、边疆与法外者文化传统/00 世界武人、边疆与法外英雄文学|世界武人、边疆与法外英雄文学]];[[../30 专题/QT8.3 日本武士与剑豪/00 日本武士与剑豪文学|日本武士与剑豪文学]],,,,,自动通过,metadata_pending,,,,,,,,UNRESEARCHED,
保卫延安.md,WL-WORK-2019,保卫延安,,杜鹏程,,,WL-TOPIC-Q6-WAR,[[../30 专题/QH6 战争、暴力与创伤/00 战争文学|战争文学]],,,,,自动通过,metadata_pending,,,,,,,,UNRESEARCHED,
修道士.md,WL-WORK-0588,修道士,,马修·刘易斯,Matthew Lewis,,WL-TOPIC-G45-HORROR,[[../30 专题/QT4 恐怖与哥特/00 恐怖文学|恐怖文学]],,,,,自动通过,metadata_pending,,,,,,,,UNRESEARCHED,
倪焕之.md,WL-WORK-0989,倪焕之,,叶圣陶,,,WL-TOPIC-G43-BILDUNGSROMAN,[[../30 专题/QH2.5 童年与成长/00 成长文学|成长文学]],,,,,自动通过,metadata_pending,,,,,,,,UNRESEARCHED,
假名手本忠臣藏.md,WL-WORK-2451,假名手本忠臣藏,Kanadehon Chūshingura,四十七浪人,,,WL-TOPIC-Q15;WL-TOPIC-Q15-SAMURAI,[[../30 专题/QT8 英雄、边疆与法外者文化传统/00 世界武人、边疆与法外英雄文学|世界武人、边疆与法外英雄文学]];[[../30 专题/QT8.3 日本武士与剑豪/00 日本武士与剑豪文学|日本武士与剑豪文学]],,,,,自动通过,metadata_pending,,,,,,,,UNRESEARCHED,
偷书贼.md,WL-WORK-0991,偷书贼,,马库斯·苏萨克,Markus Zusak,,WL-TOPIC-G44-HISTORICAL,[[../30 专题/QT7 历史叙事/00 历史文学|历史文学]],,,,,自动通过,metadata_pending,,,,,,,,UNRESEARCHED,
偷拳.md,WL-WORK-2452,偷拳,,白羽,,,WL-TOPIC-Q15;WL-TOPIC-Q15-WUXIA,[[../30 专题/QT8 英雄、边疆与法外者文化传统/00 世界武人、边疆与法外英雄文学|世界武人、边疆与法外英雄文学]];[[../30 专题/QT8.1 武侠/00 武侠文学|武侠文学]],,,,,自动通过,metadata_pending,,,,,,,,UNRESEARCHED,
儿女英雄传.md,WL-WORK-2453,儿女英雄传,,文康,,,WL-TOPIC-Q15;WL-TOPIC-Q15-WUXIA,[[../30 专题/QT8 英雄、边疆与法外者文化传统/00 世界武人、边疆与法外英雄文学|世界武人、边疆与法外英雄文学]];[[../30 专题/QT8.1 武侠/00 武侠文学|武侠文学]],,,,,自动通过,metadata_pending,,,,,,,,UNRESEARCHED,
入唐求法巡礼行记.md,WL-WORK-1411,入唐求法巡礼行记,,圆仁,,,WL-TOPIC-G7-TRAVEL,[[../30 专题/QT14 旅行与游记/00 旅行文学|旅行文学]],,,,,自动通过,metadata_pending,,,,,,,,UNRESEARCHED,
全知读者视角.md,WL-WORK-0591,全知读者视角,,싱숑,Web Novel,,WL-TOPIC-G45-FANTASY,[[../30 专题/QT3 奇幻/00 奇幻文学|奇幻文学]],,,,,自动通过,metadata_pending,,,,,,,,UNRESEARCHED,
全面混乱.md,WL-WORK-0240,全面混乱,Total Chaos,让-克洛德·伊佐,Jean-Claude Izzo,,WL-TOPIC-G45-MYSTERY,[[../30 专题/QT1 推理与犯罪叙事/00 推理文学|推理文学]],,,,,自动通过,,,,,,,,,UNRESEARCHED,
八月的乡村.md,WL-WORK-2021,八月的乡村,,萧军,,,WL-TOPIC-Q6-WAR,[[../30 专题/QH6 战争、暴力与创伤/00 战争文学|战争文学]],,,,,自动通过,metadata_pending,,,,,,,,UNRESEARCHED,
公主新娘.md,WL-WORK-2454,公主新娘,The Princess Bride,威廉·戈德曼,William Goldman,,WL-TOPIC-Q15;WL-TOPIC-Q15-SWASHBUCKLER,[[../30 专题/QT8 英雄、边疆与法外者文化传统/00 世界武人、边疆与法外英雄文学|世界武人、边疆与法外英雄文学]];[[../30 专题/QT8.4 欧洲剑客/00 欧洲剑客文学|欧洲剑客文学]],,,,,自动通过,metadata_pending,,,,,,,,UNRESEARCHED,
关系书.md,WL-WORK-1593,关系书,,埃尔南·科尔特斯,,,WL-TOPIC-R6-LATAM,[[../30 专题/R6 拉丁美洲与加勒比/00 拉丁美洲文学|拉丁美洲文学]],,,,,自动通过,metadata_pending,,,,,,,,UNRESEARCHED,
兵法家传书.md,WL-WORK-2456,兵法家传书,Heiho Kadensho,柳生宗矩,,,WL-TOPIC-Q15;WL-TOPIC-Q15-SAMURAI,[[../30 专题/QT8 英雄、边疆与法外者文化传统/00 世界武人、边疆与法外英雄文学|世界武人、边疆与法外英雄文学]];[[../30 专题/QT8.3 日本武士与剑豪/00 日本武士与剑豪文学|日本武士与剑豪文学]],,,,,自动通过,metadata_pending,,,,,,,,UNRESEARCHED,
军队.md,WL-WORK-1595,军队,,埃维利奥·罗塞罗,Evelio Rosero,,WL-TOPIC-R6-LATAM,[[../30 专题/R6 拉丁美洲与加勒比/00 拉丁美洲文学|拉丁美洲文学]],,,,,自动通过,metadata_pending,,,,,,,,UNRESEARCHED,
冬日女王.md,WL-WORK-0137,冬日女王,The Winter Queen,鲍里斯·阿库宁,Boris Akunin,,WL-TOPIC-G45-MYSTERY,[[../30 专题/QT1 推理与犯罪叙事/00 推理文学|推理文学]],,,,,自动通过,,,,,,,,,UNRESEARCHED,
冰公主.md,WL-WORK-0226,冰公主,,卡米拉·拉克伯格,Camilla Läckberg,,WL-TOPIC-G45-MYSTERY,[[../30 专题/QT1 推理与犯罪叙事/00 推理文学|推理文学]],,,,,自动通过,,,,,,,,,UNRESEARCHED,
决战前后.md,WL-WORK-2457,决战前后,,陆小凤,,,WL-TOPIC-Q15;WL-TOPIC-Q15-WUXIA,[[../30 专题/QT8 英雄、边疆与法外者文化传统/00 世界武人、边疆与法外英雄文学|世界武人、边疆与法外英雄文学]];[[../30 专题/QT8.1 武侠/00 武侠文学|武侠文学]],,,,,自动通过,metadata_pending,,,,,,,,UNRESEARCHED,
冷山.md,WL-WORK-0999,冷山,,查尔斯·弗雷泽,Charles Frazier,,WL-TOPIC-G44-HISTORICAL,[[../30 专题/QT7 历史叙事/00 历史文学|历史文学]],,,,,自动通过,metadata_pending,,,,,,,,UNRESEARCHED,
冷静与热情之间.md,WL-WORK-2024,冷静与热情之间,,江国香织,,,WL-TOPIC-Q2-LOVE,[[../30 专题/QH2.1 爱情与欲望/00 爱情与欲望|爱情与欲望]],,,,,自动通过,metadata_pending,,,,,,,,UNRESEARCHED,
凯莱布·威廉斯.md,WL-WORK-0599,凯莱布·威廉斯,,威廉·戈德温,William Godwin,,WL-TOPIC-G45-HORROR,[[../30 专题/QT4 恐怖与哥特/00 恐怖文学|恐怖文学]],,,,,自动通过,metadata_pending,,,,,,,,UNRESEARCHED,
刀之歌.md,WL-WORK-1001,刀之歌,,金薰,,,WL-TOPIC-G44-HISTORICAL,[[../30 专题/QT7 历史叙事/00 历史文学|历史文学]],,,,,自动通过,metadata_pending,,,,,,,,UNRESEARCHED,
分歧者.md,WL-WORK-1003,分歧者,,维罗妮卡·罗斯,Veronica Roth,,WL-TOPIC-G46-DYSTOPIA,[[../30 专题/QT6 乌托邦、反乌托邦与社会想象/00 反乌托邦文学|反乌托邦文学]],,,,,自动通过,metadata_pending,,,,,,,,UNRESEARCHED,
列子.md,WL-WORK-1415,列子,,列御寇,,,WL-TOPIC-G1-MYTH,[[../30 专题/QT9 神话、传说与民间叙事/00 世界神话文学|世界神话文学]],,,,,自动通过,metadata_pending,,,,,,,,UNRESEARCHED,
利姆格.md,WL-WORK-1417,利姆格,,柬埔寨,,,WL-TOPIC-G1-MYTH,[[../30 专题/QT9 神话、传说与民间叙事/00 世界神话文学|世界神话文学]],,,,,自动通过,metadata_pending,,,,,,,,UNRESEARCHED,
利文沃思案.md,WL-WORK-0005,利文沃思案,,安娜·凯瑟琳·格林,,,WL-TOPIC-G45-MYSTERY,[[../30 专题/QT1 推理与犯罪叙事/00 推理文学|推理文学]],,,,,自动通过,,,,,,,,,UNRESEARCHED,
别的声音，别的房间.md,WL-WORK-0602,别的声音，别的房间,,杜鲁门·卡波特,Truman Capote,,WL-TOPIC-G45-HORROR,[[../30 专题/QT4 恐怖与哥特/00 恐怖文学|恐怖文学]],,,,,自动通过,metadata_pending,,,,,,,,UNRESEARCHED,
刺客之夜.md,WL-WORK-1600,刺客之夜,,戏剧线,,,WL-TOPIC-R6-LATAM,[[../30 专题/R6 拉丁美洲与加勒比/00 拉丁美洲文学|拉丁美洲文学]],,,,,自动通过,metadata_pending,,,,,,,,UNRESEARCHED,
剪刀男.md,WL-WORK-0196,剪刀男,,殊能将之,,,WL-TOPIC-G45-MYSTERY,[[../30 专题/QT1 推理与犯罪叙事/00 推理文学|推理文学]],,,,,自动通过,,,,,,,,,UNRESEARCHED,
动物寓言集 ／ Bestiario.md,WL-WORK-1601,动物寓言集 / Bestiario,,胡利奥·科塔萨尔,,,WL-TOPIC-R6-LATAM,[[../30 专题/R6 拉丁美洲与加勒比/00 拉丁美洲文学|拉丁美洲文学]],,,,,自动通过,metadata_pending,,,,,,,,UNRESEARCHED,
勒鲁日案件.md,WL-WORK-0004,勒鲁日案件,,埃米尔·加博里奥,,,WL-TOPIC-G45-MYSTERY,[[../30 专题/QT1 推理与犯罪叙事/00 推理文学|推理文学]],,,,,自动通过,,,,,,,,,UNRESEARCHED,
医院.md,WL-WORK-0459,医院,,韩松,,,WL-TOPIC-G45-SF,[[../30 专题/QT2 科幻/00 科幻文学|科幻文学]],,,,,自动通过,,,,,,,,,UNRESEARCHED,
十三号牢房的问题.md,WL-WORK-0019,十三号牢房的问题,,雅克·福翠尔,,,WL-TOPIC-G45-MYSTERY,[[../30 专题/QT1 推理与犯罪叙事/00 推理文学|推理文学]],,,,,自动通过,,,,,,,,,UNRESEARCHED,
十二金钱镖.md,WL-WORK-2464,十二金钱镖,,白羽,,,WL-TOPIC-Q15;WL-TOPIC-Q15-WUXIA,[[../30 专题/QT8 英雄、边疆与法外者文化传统/00 世界武人、边疆与法外英雄文学|世界武人、边疆与法外英雄文学]];[[../30 专题/QT8.1 武侠/00 武侠文学|武侠文学]],,,,,自动通过,metadata_pending,,,,,,,,UNRESEARCHED,
十五年.md,WL-WORK-1604,十五年,,拉谢尔·德·凯罗斯,,,WL-TOPIC-R6-LATAM,[[../30 专题/R6 拉丁美洲与加勒比/00 拉丁美洲文学|拉丁美洲文学]],,,,,自动通过,metadata_pending,,,,,,,,UNRESEARCHED,
千艘船.md,WL-WORK-0610,千艘船,,娜塔莉·海恩斯,Natalie Haynes,,WL-TOPIC-G45-FANTASY,[[../30 专题/QT3 奇幻/00 奇幻文学|奇幻文学]],,,,,自动通过,metadata_pending,,,,,,,,UNRESEARCHED,
半七捕物帐.md,WL-WORK-2466,半七捕物帐,,冈本绮堂,,,WL-TOPIC-Q15;WL-TOPIC-Q15-SAMURAI,[[../30 专题/QT8 英雄、边疆与法外者文化传统/00 世界武人、边疆与法外英雄文学|世界武人、边疆与法外英雄文学]];[[../30 专题/QT8.3 日本武士与剑豪/00 日本武士与剑豪文学|日本武士与剑豪文学]],,,,,自动通过,metadata_pending,,,,,,,,UNRESEARCHED,
卐字之夜.md,WL-WORK-1011,卐字之夜,,凯瑟琳·伯德金,Katharine Burdekin,,WL-TOPIC-G46-DYSTOPIA,[[../30 专题/QT6 乌托邦、反乌托邦与社会想象/00 反乌托邦文学|反乌托邦文学]],,,,,自动通过,metadata_pending,,,,,,,,UNRESEARCHED,
南总里见八犬传.md,WL-WORK-2467,南总里见八犬传,,曲亭马琴,,,WL-TOPIC-Q15;WL-TOPIC-Q15-SAMURAI,[[../30 专题/QT8 英雄、边疆与法外者文化传统/00 世界武人、边疆与法外英雄文学|世界武人、边疆与法外英雄文学]];[[../30 专题/QT8.3 日本武士与剑豪/00 日本武士与剑豪文学|日本武士与剑豪文学]],,,,,自动通过,metadata_pending,,,,,,,,UNRESEARCHED,
南方之海.md,WL-WORK-0239,南方之海,,曼努埃尔·巴斯克斯·蒙塔尔万,Manuel Vázquez Montalbán,,WL-TOPIC-G45-MYSTERY,[[../30 专题/QT1 推理与犯罪叙事/00 推理文学|推理文学]],,,,,自动通过,,,,,,,,,UNRESEARCHED,
卡列维波埃格.md,WL-WORK-1419,卡列维波埃格,,爱沙尼亚,,,WL-TOPIC-G1-MYTH,[[../30 专题/QT9 神话、传说与民间叙事/00 世界神话文学|世界神话文学]],,,,,自动通过,metadata_pending,,,,,,,,UNRESEARCHED,
卡勒瓦拉.md,WL-WORK-0613,卡勒瓦拉,,埃利亚斯·伦洛特,Elias Lönnrot,,WL-TOPIC-G45-FANTASY;WL-TOPIC-G1-MYTH,[[../30 专题/QT3 奇幻/00 奇幻文学|奇幻文学]];[[../30 专题/QT9 神话、传说与民间叙事/00 世界神话文学|世界神话文学]],,,,,自动通过,metadata_pending,,,,,,,,UNRESEARCHED,
卡洛凯因.md,WL-WORK-1013,卡洛凯因,,卡琳·博耶,Karin Boye,,WL-TOPIC-G46-DYSTOPIA,[[../30 专题/QT6 乌托邦、反乌托邦与社会想象/00 反乌托邦文学|反乌托邦文学]],,,,,自动通过,metadata_pending,,,,,,,,UNRESEARCHED,
卧虎藏龙.md,WL-WORK-2472,卧虎藏龙,,王度庐,,,WL-TOPIC-Q15;WL-TOPIC-Q15-WUXIA,[[../30 专题/QT8 英雄、边疆与法外者文化传统/00 世界武人、边疆与法外英雄文学|世界武人、边疆与法外英雄文学]];[[../30 专题/QT8.1 武侠/00 武侠文学|武侠文学]],,,,,自动通过,metadata_pending,,,,,,,,UNRESEARCHED,
厄立特里亚海周航记.md,WL-WORK-1421,厄立特里亚海周航记,,佚名,古代,,WL-TOPIC-G7-TRAVEL,[[../30 专题/QT14 旅行与游记/00 旅行文学|旅行文学]],,,,,自动通过,metadata_pending,,,,,,,,UNRESEARCHED,
历史学家.md,WL-WORK-0619,历史学家,,伊丽莎白·科斯托娃,Elizabeth Kostova,,WL-TOPIC-G45-HORROR,[[../30 专题/QT4 恐怖与哥特/00 恐怖文学|恐怖文学]],,,,,自动通过,metadata_pending,,,,,,,,UNRESEARCHED,
厌恶.md,WL-WORK-1608,厌恶,,奥拉西奥·卡斯特利亚诺斯·莫亚,Horacio Castellanos Moya,,WL-TOPIC-R6-LATAM,[[../30 专题/R6 拉丁美洲与加勒比/00 拉丁美洲文学|拉丁美洲文学]],,,,,自动通过,metadata_pending,,,,,,,,UNRESEARCHED,
原野奇侠.md,WL-WORK-2473,原野奇侠,Shane,杰克·谢弗,Jack Schaefer,,WL-TOPIC-Q15;WL-TOPIC-Q15-WESTERN,[[../30 专题/QT8 英雄、边疆与法外者文化传统/00 世界武人、边疆与法外英雄文学|世界武人、边疆与法外英雄文学]];[[../30 专题/QT8.5 西部/00 西部文学|西部文学]],,,,,自动通过,metadata_pending,,,,,,,,UNRESEARCHED,
发条橙.md,WL-WORK-1016,发条橙,,安东尼·伯吉斯,Anthony Burgess,,WL-TOPIC-G46-DYSTOPIA,[[../30 专题/QT6 乌托邦、反乌托邦与社会想象/00 反乌托邦文学|反乌托邦文学]],,,,,自动通过,metadata_pending,,,,,,,,UNRESEARCHED,
变化：一个爱情故事.md,WL-WORK-2033,变化：一个爱情故事,,阿玛·阿塔·艾杜,Ama Ata Aidoo,,WL-TOPIC-Q2-LOVE,[[../30 专题/QH2.1 爱情与欲望/00 爱情与欲望|爱情与欲望]],,,,,自动通过,metadata_pending,,,,,,,,UNRESEARCHED,
古事记.md,WL-WORK-1424,古事记,,太安万侣,,,WL-TOPIC-G1-MYTH,[[../30 专题/QT9 神话、传说与民间叙事/00 世界神话文学|世界神话文学]],,,,,自动通过,metadata_pending,,,,,,,,UNRESEARCHED,
召唤魔鬼.md,WL-WORK-0069,召唤魔鬼,Whistle Up the Devil,德里克·史密斯,Derek Smith,,WL-TOPIC-G45-MYSTERY,[[../30 专题/QT1 推理与犯罪叙事/00 推理文学|推理文学]],,,,,自动通过,,,,,,,,,UNRESEARCHED,
叶之屋.md,WL-WORK-0621,叶之屋,,马克·Z.达尼莱夫斯基,Mark Z. Danielewski,,WL-TOPIC-G45-HORROR,[[../30 专题/QT4 恐怖与哥特/00 恐怖文学|恐怖文学]],,,,,自动通过,metadata_pending,,,,,,,,UNRESEARCHED,
叶隐.md,WL-WORK-2476,叶隐,Hagakure,山本常朝,,,WL-TOPIC-Q15;WL-TOPIC-Q15-SAMURAI,[[../30 专题/QT8 英雄、边疆与法外者文化传统/00 世界武人、边疆与法外英雄文学|世界武人、边疆与法外英雄文学]];[[../30 专题/QT8.3 日本武士与剑豪/00 日本武士与剑豪文学|日本武士与剑豪文学]],,,,,自动通过,metadata_pending,,,,,,,,UNRESEARCHED,
向日葵不开的夏天.md,WL-WORK-0216,向日葵不开的夏天,,道尾秀介,,,WL-TOPIC-G45-MYSTERY,[[../30 专题/QT1 推理与犯罪叙事/00 推理文学|推理文学]],,,,,自动通过,,,,,,,,,UNRESEARCHED,
启示录.md,WL-WORK-1427,启示录,,希伯来,,,WL-TOPIC-G1-MYTH,[[../30 专题/QT9 神话、传说与民间叙事/00 世界神话文学|世界神话文学]],,,,,自动通过,metadata_pending,,,,,,,,UNRESEARCHED,
吴船录.md,WL-WORK-1428,吴船录,,范成大,,,WL-TOPIC-G7-TRAVEL,[[../30 专题/QT14 旅行与游记/00 旅行文学|旅行文学]],,,,,自动通过,metadata_pending,,,,,,,,UNRESEARCHED,
吸血鬼.md,WL-WORK-0622,吸血鬼,,约翰·波利多里,John Polidori,,WL-TOPIC-G45-HORROR,[[../30 专题/QT4 恐怖与哥特/00 恐怖文学|恐怖文学]],,,,,自动通过,metadata_pending,,,,,,,,UNRESEARCHED,
吹过荒野的风.md,WL-WORK-1617,吹过荒野的风,,塞尔瓦·阿尔马达,,,WL-TOPIC-R6-LATAM,[[../30 专题/R6 拉丁美洲与加勒比/00 拉丁美洲文学|拉丁美洲文学]],,,,,自动通过,metadata_pending,,,,,,,,UNRESEARCHED,
告白.md,WL-WORK-0215,告白,,凑佳苗,,,WL-TOPIC-G45-MYSTERY,[[../30 专题/QT1 推理与犯罪叙事/00 推理文学|推理文学]],,,,,自动通过,,,,,,,,,UNRESEARCHED,
周四推理俱乐部.md,WL-WORK-0141,周四推理俱乐部,,理查德·奥斯曼,Richard Osman,,WL-TOPIC-G45-MYSTERY,[[../30 专题/QT1 推理与犯罪叙事/00 推理文学|推理文学]],,,,,自动通过,,,,,,,,,UNRESEARCHED,
咆哮营的幸运儿.md,WL-WORK-2480,咆哮营的幸运儿,The Luck of Roaring Camp,布雷特·哈特,Bret Harte,,WL-TOPIC-Q15;WL-TOPIC-Q15-WESTERN,[[../30 专题/QT8 英雄、边疆与法外者文化传统/00 世界武人、边疆与法外英雄文学|世界武人、边疆与法外英雄文学]];[[../30 专题/QT8.5 西部/00 西部文学|西部文学]],,,,,自动通过,metadata_pending,,,,,,,,UNRESEARCHED,
和谐.md,WL-WORK-0448,和谐,,伊藤计划,,,WL-TOPIC-G45-SF;WL-TOPIC-G46-DYSTOPIA,[[../30 专题/QT2 科幻/00 科幻文学|科幻文学]];[[../30 专题/QT6 乌托邦、反乌托邦与社会想象/00 反乌托邦文学|反乌托邦文学]],,,,,自动通过,,,,,,,,,UNRESEARCHED,
哈姆内特.md,WL-WORK-1021,哈姆内特,,玛吉·奥法雷尔,Maggie O'Farrell,,WL-TOPIC-G44-HISTORICAL,[[../30 专题/QT7 历史叙事/00 历史文学|历史文学]],,,,,自动通过,metadata_pending,,,,,,,,UNRESEARCHED,
哈莱姆之家.md,WL-WORK-1620,哈莱姆之家,,克劳德·麦凯,Claude McKay,,WL-TOPIC-M3-MODERNISM,[[../30 专题/M3.1 现代主义/00 现代主义文学|现代主义文学]],,,,,自动通过,metadata_pending,,,,,,,,UNRESEARCHED,
哈莱姆狂怒.md,WL-WORK-0092,哈莱姆狂怒,,切斯特·海姆斯,Chester Himes,,WL-TOPIC-G45-MYSTERY,[[../30 专题/QT1 推理与犯罪叙事/00 推理文学|推理文学]],,,,,自动通过,,,,,,,,,UNRESEARCHED,
善心女神.md,WL-WORK-1023,善心女神,,乔纳森·利特尔,Jonathan Littell,,WL-TOPIC-G44-HISTORICAL,[[../30 专题/QT7 历史叙事/00 历史文学|历史文学]],,,,,自动通过,metadata_pending,,,,,,,,UNRESEARCHED,
喜福会.md,WL-WORK-1024,喜福会,,谭恩美,Amy Tan,,WL-TOPIC-G43-FAMILY,[[../30 专题/QH2.3 家庭与家族/00 家庭与家族|家庭与家族]],,,,,自动通过,metadata_pending,,,,,,,,UNRESEARCHED,
喷火器.md,WL-WORK-1621,喷火器,,罗伯托·阿尔特,,,WL-TOPIC-R6-LATAM,[[../30 专题/R6 拉丁美洲与加勒比/00 拉丁美洲文学|拉丁美洲文学]],,,,,自动通过,metadata_pending,,,,,,,,UNRESEARCHED,
回家的方式.md,WL-WORK-1624,回家的方式,,亚历杭德罗·桑布拉,,,WL-TOPIC-R6-LATAM,[[../30 专题/R6 拉丁美洲与加勒比/00 拉丁美洲文学|拉丁美洲文学]],,,,,自动通过,metadata_pending,,,,,,,,UNRESEARCHED,
国王叙事诗.md,WL-WORK-2484,国王叙事诗,Idylls of the King,丁尼生,解构,,WL-TOPIC-Q15;WL-TOPIC-Q15-KNIGHT,[[../30 专题/QT8 英雄、边疆与法外者文化传统/00 世界武人、边疆与法外英雄文学|世界武人、边疆与法外英雄文学]];[[../30 专题/QT8.2 欧洲骑士/00 欧洲骑士文学|欧洲骑士文学]],,,,,自动通过,metadata_pending,,,,,,,,UNRESEARCHED,
国王必须死.md,WL-WORK-1028,国王必须死,,古希腊,,,WL-TOPIC-G44-HISTORICAL,[[../30 专题/QT7 历史叙事/00 历史文学|历史文学]],,,,,自动通过,metadata_pending,,,,,,,,UNRESEARCHED,
圆圈.md,WL-WORK-1030,圆圈,,戴夫·艾格斯,Dave Eggers,,WL-TOPIC-G46-DYSTOPIA,[[../30 专题/QT6 乌托邦、反乌托邦与社会想象/00 反乌托邦文学|反乌托邦文学]],,,,,自动通过,metadata_pending,,,,,,,,UNRESEARCHED,
土耳其使馆书信.md,WL-WORK-1430,土耳其使馆书信,,玛丽·蒙塔古夫人,Lady Mary Montagu,,WL-TOPIC-G7-TRAVEL,[[../30 专题/QT14 旅行与游记/00 旅行文学|旅行文学]],,,,,自动通过,metadata_pending,,,,,,,,UNRESEARCHED,
圣埃维塔.md,WL-WORK-1627,圣埃维塔,,托马斯·埃洛伊·马丁内斯,,,WL-TOPIC-R6-LATAM,[[../30 专题/R6 拉丁美洲与加勒比/00 拉丁美洲文学|拉丁美洲文学]],,,,,自动通过,metadata_pending,,,,,,,,UNRESEARCHED,
在斯大林格勒战壕里.md,WL-WORK-2040,在斯大林格勒战壕里,,维克托·涅克拉索夫,Viktor Nekrasov,,WL-TOPIC-Q6-WAR,[[../30 专题/QH6 战争、暴力与创伤/00 战争文学|战争文学]],,,,,自动通过,metadata_pending,,,,,,,,UNRESEARCHED,
在比尤拉高地.md,WL-WORK-0108,在比尤拉高地,On Beulah Height,雷金纳德·希尔,Reginald Hill,,WL-TOPIC-G45-MYSTERY,[[../30 专题/QT1 推理与犯罪叙事/00 推理文学|推理文学]],,,,,自动通过,,,,,,,,,UNRESEARCHED,
地狱之缘.md,WL-WORK-0068,地狱之缘,Rim of the Pit,黑克·塔尔博特,Hake Talbot,,WL-TOPIC-G45-MYSTERY,[[../30 专题/QT1 推理与犯罪叙事/00 推理文学|推理文学]],,,,,自动通过,,,,,,,,,UNRESEARCHED,
地狱的第19层.md,WL-WORK-0639,地狱的第19层,,蔡骏,,,WL-TOPIC-G45-HORROR,[[../30 专题/QT4 恐怖与哥特/00 恐怖文学|恐怖文学]],,,,,自动通过,metadata_pending,,,,,,,,UNRESEARCHED,
地球上的受苦者.md,WL-WORK-2041,地球上的受苦者,,弗朗茨·法农,Frantz Fanon,,WL-TOPIC-Q6-WAR,[[../30 专题/QH6 战争、暴力与创伤/00 战争文学|战争文学]],,,,,自动通过,metadata_pending,,,,,,,,UNRESEARCHED,
地铁.md,WL-WORK-0458,地铁,,韩松,,,WL-TOPIC-G45-SF,[[../30 专题/QT2 科幻/00 科幻文学|科幻文学]],,,,,自动通过,,,,,,,,,UNRESEARCHED,
坎特伯雷故事集·骑士的故事.md,WL-WORK-2486,坎特伯雷故事集·骑士的故事,,乔叟,Geoffrey Chaucer,,WL-TOPIC-Q15;WL-TOPIC-Q15-KNIGHT,[[../30 专题/QT8 英雄、边疆与法外者文化传统/00 世界武人、边疆与法外英雄文学|世界武人、边疆与法外英雄文学]];[[../30 专题/QT8.2 欧洲骑士/00 欧洲骑士文学|欧洲骑士文学]],,,,,自动通过,metadata_pending,,,,,,,,UNRESEARCHED,
坎特勒塔尔.md,WL-WORK-1431,坎特勒塔尔,,埃利亚斯·伦洛特,Elias Lönnrot,,WL-TOPIC-G1-MYTH,[[../30 专题/QT9 神话、传说与民间叙事/00 世界神话文学|世界神话文学]],,,,,自动通过,metadata_pending,,,,,,,,UNRESEARCHED,
坠物之声.md,WL-WORK-1633,坠物之声,,胡安·加布里埃尔·巴斯克斯,Juan Gabriel Vásquez,,WL-TOPIC-R6-LATAM,[[../30 专题/R6 拉丁美洲与加勒比/00 拉丁美洲文学|拉丁美洲文学]],,,,,自动通过,metadata_pending,,,,,,,,UNRESEARCHED,
埃及人西努赫.md,WL-WORK-1037,埃及人西努赫,,米卡·瓦尔塔里,Mika Waltari,,WL-TOPIC-G44-HISTORICAL,[[../30 专题/QT7 历史叙事/00 历史文学|历史文学]],,,,,自动通过,metadata_pending,,,,,,,,UNRESEARCHED,
埃塞俄比亚传奇.md,WL-WORK-2042,埃塞俄比亚传奇,,赫利奥多罗斯,Heliodorus,,WL-TOPIC-Q2-LOVE,[[../30 专题/QH2.1 爱情与欲望/00 爱情与欲望|爱情与欲望]],,,,,自动通过,metadata_pending,,,,,,,,UNRESEARCHED,
埃琳娜知道.md,WL-WORK-1634,埃琳娜知道,,克劳迪娅·皮涅罗,,,WL-TOPIC-R6-LATAM,[[../30 专题/R6 拉丁美洲与加勒比/00 拉丁美洲文学|拉丁美洲文学]],,,,,自动通过,metadata_pending,,,,,,,,UNRESEARCHED,
埃瑞璜.md,WL-WORK-1038,埃瑞璜,,塞缪尔·巴特勒,Samuel Butler,,WL-TOPIC-G46-DYSTOPIA,[[../30 专题/QT6 乌托邦、反乌托邦与社会想象/00 反乌托邦文学|反乌托邦文学]],,,,,自动通过,metadata_pending,,,,,,,,UNRESEARCHED,
基因设计师.md,WL-WORK-0450,基因设计师,,藤井太洋,,,WL-TOPIC-G45-SF,[[../30 专题/QT2 科幻/00 科幻文学|科幻文学]],,,,,自动通过,,,,,,,,,UNRESEARCHED,
基坑.md,WL-WORK-1041,基坑,,安德烈·普拉东诺夫,Andrei Platonov,,WL-TOPIC-G46-DYSTOPIA,[[../30 专题/QT6 乌托邦、反乌托邦与社会想象/00 反乌托邦文学|反乌托邦文学]],,,,,自动通过,metadata_pending,,,,,,,,UNRESEARCHED,
堂娜芭芭拉.md,WL-WORK-1637,堂娜芭芭拉,,罗慕洛·加列戈斯,,,WL-TOPIC-R6-LATAM,[[../30 专题/R6 拉丁美洲与加勒比/00 拉丁美洲文学|拉丁美洲文学]],,,,,自动通过,metadata_pending,,,,,,,,UNRESEARCHED,
塔拉.md,WL-WORK-1638,塔拉,,加夫列拉·米斯特拉尔,,,WL-TOPIC-R6-LATAM,[[../30 专题/R6 拉丁美洲与加勒比/00 拉丁美洲文学|拉丁美洲文学]],,,,,自动通过,metadata_pending,,,,,,,,UNRESEARCHED,
塞西莉亚.md,WL-WORK-2044,塞西莉亚,,范妮·伯尼,Frances Burney,,WL-TOPIC-Q2-LOVE,[[../30 专题/QH2.1 爱情与欲望/00 爱情与欲望|爱情与欲望]],,,,,自动通过,metadata_pending,,,,,,,,UNRESEARCHED,
塞西莉亚·巴尔德斯.md,WL-WORK-1640,塞西莉亚·巴尔德斯,,西里洛·比亚韦德,,,WL-TOPIC-R6-LATAM,[[../30 专题/R6 拉丁美洲与加勒比/00 拉丁美洲文学|拉丁美洲文学]],,,,,自动通过,metadata_pending,,,,,,,,UNRESEARCHED,
墓地的沉默.md,WL-WORK-0223,墓地的沉默,Jar City,阿尔纳尔杜尔·因德里达松,Arnaldur Indriðason,,WL-TOPIC-G45-MYSTERY,[[../30 专题/QT1 推理与犯罪叙事/00 推理文学|推理文学]],,,,,需复核,,,,,,,,,UNRESEARCHED,
墙.md,WL-WORK-1044,墙,,约翰·兰彻斯特,John Lanchester,,WL-TOPIC-G46-DYSTOPIA,[[../30 专题/QT6 乌托邦、反乌托邦与社会想象/00 反乌托邦文学|反乌托邦文学]],,,,,自动通过,metadata_pending,,,,,,,,UNRESEARCHED,
墨西哥哥特.md,WL-WORK-0642,墨西哥哥特,,西尔维娅·莫雷诺-加西亚,Silvia Moreno-Garcia,,WL-TOPIC-G45-HORROR;WL-TOPIC-G44-HISTORICAL,[[../30 专题/QT4 恐怖与哥特/00 恐怖文学|恐怖文学]];[[../30 专题/QT7 历史叙事/00 历史文学|历史文学]],,,,,自动通过,metadata_pending,,,,,,,,UNRESEARCHED,
壬生义士传.md,WL-WORK-2489,壬生义士传,Mibu Gishi Den,浅田次郎,,,WL-TOPIC-Q15;WL-TOPIC-Q15-SAMURAI,[[../30 专题/QT8 英雄、边疆与法外者文化传统/00 世界武人、边疆与法外英雄文学|世界武人、边疆与法外英雄文学]];[[../30 专题/QT8.3 日本武士与剑豪/00 日本武士与剑豪文学|日本武士与剑豪文学]],,,,,自动通过,metadata_pending,,,,,,,,UNRESEARCHED,
夜.md,WL-WORK-1046,夜,,埃利·威塞尔,Wiesel,,WL-TOPIC-G44-HISTORICAL;WL-TOPIC-Q6-WAR,[[../30 专题/QT7 历史叙事/00 历史文学|历史文学]];[[../30 专题/QH6 战争、暴力与创伤/00 战争文学|战争文学]],,,,,自动通过,metadata_pending,,,,,,,,UNRESEARCHED,
夜幕降临前.md,WL-WORK-1643,夜幕降临前,,雷纳尔多·阿雷纳斯,,,WL-TOPIC-R6-LATAM,[[../30 专题/R6 拉丁美洲与加勒比/00 拉丁美洲文学|拉丁美洲文学]],,,,,自动通过,metadata_pending,,,,,,,,UNRESEARCHED,
夜总会里的五个人.md,WL-WORK-1644,夜总会里的五个人,,穆时英,,,WL-TOPIC-M3-MODERNISM,[[../30 专题/M3.1 现代主义/00 现代主义文学|现代主义文学]],,,,,自动通过,metadata_pending,,,,,,,,UNRESEARCHED,
夜林.md,WL-WORK-1645,夜林,,朱娜·巴恩斯,Djuna Barnes,,WL-TOPIC-M3-MODERNISM,[[../30 专题/M3.1 现代主义/00 现代主义文学|现代主义文学]],,,,,自动通过,metadata_pending,,,,,,,,UNRESEARCHED,
夜莺.md,WL-WORK-0646,夜莺,,克里斯廷·汉娜,Kristin Hannah,,WL-TOPIC-G45-FANTASY;WL-TOPIC-G44-HISTORICAL,[[../30 专题/QT3 奇幻/00 奇幻文学|奇幻文学]];[[../30 专题/QT7 历史叙事/00 历史文学|历史文学]],,,,,自动通过,metadata_pending,,,,,,,,UNRESEARCHED,
大唐西域记.md,WL-WORK-1435,大唐西域记,,玄奘,,,WL-TOPIC-G7-TRAVEL,[[../30 专题/QT14 旅行与游记/00 旅行文学|旅行文学]],,,,,自动通过,metadata_pending,,,,,,,,UNRESEARCHED,
大地上的居所.md,WL-WORK-1646,大地上的居所,,巴勃罗·聂鲁达,,,WL-TOPIC-R6-LATAM;WL-TOPIC-M3-MODERNISM,[[../30 专题/R6 拉丁美洲与加勒比/00 拉丁美洲文学|拉丁美洲文学]];[[../30 专题/M3.1 现代主义/00 现代主义文学|现代主义文学]],,,,,自动通过,metadata_pending,,,,,,,,UNRESEARCHED,
大地惊雷.md,WL-WORK-2493,大地惊雷,True Grit,查尔斯·波蒂斯,Charles Portis,,WL-TOPIC-Q15;WL-TOPIC-Q15-WESTERN,[[../30 专题/QT8 英雄、边疆与法外者文化传统/00 世界武人、边疆与法外英雄文学|世界武人、边疆与法外英雄文学]];[[../30 专题/QT8.5 西部/00 西部文学|西部文学]],,,,,自动通过,metadata_pending,,,,,,,,UNRESEARCHED,
大天空.md,WL-WORK-2494,大天空,The Big Sky,A.B.格思里,A.B. Guthrie Jr.,,WL-TOPIC-Q15;WL-TOPIC-Q15-WESTERN,[[../30 专题/QT8 英雄、边疆与法外者文化传统/00 世界武人、边疆与法外英雄文学|世界武人、边疆与法外英雄文学]];[[../30 专题/QT8.5 西部/00 西部文学|西部文学]],,,,,自动通过,metadata_pending,,,,,,,,UNRESEARCHED,
大笑的警察.md,WL-WORK-0219,大笑的警察,,舍瓦尔与瓦勒,Sjöwall & Wahlöö,,WL-TOPIC-G45-MYSTERY,[[../30 专题/QT1 推理与犯罪叙事/00 推理文学|推理文学]],,,,,自动通过,,,,,,,,,UNRESEARCHED,
大菩萨岭.md,WL-WORK-2496,大菩萨岭,Daibosatsu Tōge,中里介山,,,WL-TOPIC-Q15;WL-TOPIC-Q15-SAMURAI,[[../30 专题/QT8 英雄、边疆与法外者文化传统/00 世界武人、边疆与法外英雄文学|世界武人、边疆与法外英雄文学]];[[../30 专题/QT8.3 日本武士与剑豪/00 日本武士与剑豪文学|日本武士与剑豪文学]],,,,,自动通过,metadata_pending,,,,,,,,UNRESEARCHED,
大逃杀.md,WL-WORK-1050,大逃杀,,高见广春,,,WL-TOPIC-G46-DYSTOPIA,[[../30 专题/QT6 乌托邦、反乌托邦与社会想象/00 反乌托邦文学|反乌托邦文学]],,,,,自动通过,metadata_pending,,,,,,,,UNRESEARCHED,
大鼻子情圣.md,WL-WORK-2497,大鼻子情圣,Cyrano de Bergerac,埃德蒙·罗斯丹,Edmond Rostand,,WL-TOPIC-Q15;WL-TOPIC-Q15-SWASHBUCKLER,[[../30 专题/QT8 英雄、边疆与法外者文化传统/00 世界武人、边疆与法外英雄文学|世界武人、边疆与法外英雄文学]];[[../30 专题/QT8.4 欧洲剑客/00 欧洲剑客文学|欧洲剑客文学]],,,,,自动通过,metadata_pending,,,,,,,,UNRESEARCHED,
天堂.md,WL-WORK-1051,天堂,,何塞·莱萨马·利马,,,WL-TOPIC-G44-HISTORICAL;WL-TOPIC-R6-LATAM,[[../30 专题/QT7 历史叙事/00 历史文学|历史文学]];[[../30 专题/R6 拉丁美洲与加勒比/00 拉丁美洲文学|拉丁美洲文学]],,,,,自动通过,metadata_pending,,,,,,,,UNRESEARCHED,
天鹅之歌.md,WL-WORK-0063,天鹅之歌,Swan Song,埃德蒙·克里斯平,Edmund Crispin,,WL-TOPIC-G45-MYSTERY,[[../30 专题/QT1 推理与犯罪叙事/00 推理文学|推理文学]],,,,,自动通过,,,,,,,,,UNRESEARCHED,
天鹅绒爪子案.md,WL-WORK-0117,天鹅绒爪子案,,厄尔·斯坦利·加德纳,Erle Stanley Gardner,,WL-TOPIC-G45-MYSTERY,[[../30 专题/QT1 推理与犯罪叙事/00 推理文学|推理文学]],,,,,自动通过,,,,,,,,,UNRESEARCHED,
太平记.md,WL-WORK-1053,太平记,,佚名,那么,,WL-TOPIC-G44-HISTORICAL;WL-TOPIC-Q15;WL-TOPIC-Q15-SAMURAI,[[../30 专题/QT7 历史叙事/00 历史文学|历史文学]];[[../30 专题/QT8 英雄、边疆与法外者文化传统/00 世界武人、边疆与法外英雄文学|世界武人、边疆与法外英雄文学]];[[../30 专题/QT8.3 日本武士与剑豪/00 日本武士与剑豪文学|日本武士与剑豪文学]],,,,,自动通过,metadata_pending,,,,,,,,UNRESEARCHED,
太阳城.md,WL-WORK-1054,太阳城,,康帕内拉,,,WL-TOPIC-G46-DYSTOPIA,[[../30 专题/QT6 乌托邦、反乌托邦与社会想象/00 反乌托邦文学|反乌托邦文学]],,,,,自动通过,metadata_pending,,,,,,,,UNRESEARCHED,
太阳石.md,WL-WORK-1649,太阳石,,奥克塔维奥·帕斯,,,WL-TOPIC-R6-LATAM,[[../30 专题/R6 拉丁美洲与加勒比/00 拉丁美洲文学|拉丁美洲文学]],,,,,自动通过,metadata_pending,,,,,,,,UNRESEARCHED,
太阳门.md,WL-WORK-2048,太阳门,,埃利亚斯·胡里,Elias Khoury,,WL-TOPIC-Q6-WAR,[[../30 专题/QH6 战争、暴力与创伤/00 战争文学|战争文学]],,,,,自动通过,metadata_pending,,,,,,,,UNRESEARCHED,
失重的人.md,WL-WORK-1650,失重的人,,墨西哥与美墨边境,,,WL-TOPIC-R6-LATAM,[[../30 专题/R6 拉丁美洲与加勒比/00 拉丁美洲文学|拉丁美洲文学]],,,,,自动通过,metadata_pending,,,,,,,,UNRESEARCHED,
奇侠精忠传.md,WL-WORK-2500,奇侠精忠传,,赵焕亭,,,WL-TOPIC-Q15;WL-TOPIC-Q15-WUXIA,[[../30 专题/QT8 英雄、边疆与法外者文化传统/00 世界武人、边疆与法外英雄文学|世界武人、边疆与法外英雄文学]];[[../30 专题/QT8.1 武侠/00 武侠文学|武侠文学]],,,,,自动通过,metadata_pending,,,,,,,,UNRESEARCHED,
奇兰·巴兰之书.md,WL-WORK-1651,奇兰·巴兰之书,,佚名,,,WL-TOPIC-R6-LATAM,[[../30 专题/R6 拉丁美洲与加勒比/00 拉丁美洲文学|拉丁美洲文学]],,,,,自动通过,metadata_pending,,,,,,,,UNRESEARCHED,
奇异的力量.md,WL-WORK-1652,奇异的力量,,莱奥波尔多·卢贡内斯,,,WL-TOPIC-R6-LATAM,[[../30 专题/R6 拉丁美洲与加勒比/00 拉丁美洲文学|拉丁美洲文学]],,,,,自动通过,metadata_pending,,,,,,,,UNRESEARCHED,
奇马尔波波卡手抄本.md,WL-WORK-1439,奇马尔波波卡手抄本,,可通过,,,WL-TOPIC-G1-MYTH,[[../30 专题/QT9 神话、传说与民间叙事/00 世界神话文学|世界神话文学]],,,,,自动通过,metadata_pending,,,,,,,,UNRESEARCHED,
奥勃洛莫夫.md,WL-WORK-1055,奥勃洛莫夫,,冈察洛夫,Goncharov,,WL-TOPIC-G43-BILDUNGSROMAN,[[../30 专题/QH2.5 童年与成长/00 成长文学|成长文学]],,,,,自动通过,metadata_pending,,,,,,,,UNRESEARCHED,
奥扬泰.md,WL-WORK-1654,奥扬泰,,安第斯,,,WL-TOPIC-R6-LATAM,[[../30 专题/R6 拉丁美洲与加勒比/00 拉丁美洲文学|拉丁美洲文学]],,,,,自动通过,metadata_pending,,,,,,,,UNRESEARCHED,
奥特朗托城堡.md,WL-WORK-0654,奥特朗托城堡,,霍勒斯·沃波尔,Horace Walpole,,WL-TOPIC-G45-HORROR,[[../30 专题/QT4 恐怖与哥特/00 恐怖文学|恐怖文学]],,,,,自动通过,metadata_pending,,,,,,,,UNRESEARCHED,
奥米昆莱的女仆.md,WL-WORK-1656,奥米昆莱的女仆,,丽塔·印第安纳,Rita Indiana,,WL-TOPIC-R6-LATAM,[[../30 专题/R6 拉丁美洲与加勒比/00 拉丁美洲文学|拉丁美洲文学]],,,,,自动通过,metadata_pending,,,,,,,,UNRESEARCHED,
女人之国的大门.md,WL-WORK-1057,女人之国的大门,,谢丽·S.特珀,Sheri S. Tepper,,WL-TOPIC-G46-DYSTOPIA,[[../30 专题/QT6 乌托邦、反乌托邦与社会想象/00 反乌托邦文学|反乌托邦文学]],,,,,自动通过,metadata_pending,,,,,,,,UNRESEARCHED,
女人之岸.md,WL-WORK-1058,女人之岸,,帕梅拉·萨金特,Pamela Sargent,,WL-TOPIC-G46-DYSTOPIA,[[../30 专题/QT6 乌托邦、反乌托邦与社会想象/00 反乌托邦文学|反乌托邦文学]],,,,,自动通过,metadata_pending,,,,,,,,UNRESEARCHED,
女巫前传.md,WL-WORK-0657,女巫前传,,格雷戈里·马奎尔,Gregory Maguire,,WL-TOPIC-G45-FANTASY,[[../30 专题/QT3 奇幻/00 奇幻文学|奇幻文学]],,,,,自动通过,metadata_pending,,,,,,,,UNRESEARCHED,
她乡——中国女性科幻作品选.md,WL-WORK-0468,她乡——中国女性科幻作品选,,新生代,,,WL-TOPIC-G45-SF,[[../30 专题/QT2 科幻/00 科幻文学|科幻文学]],,,,,自动通过,,,,,,,,,UNRESEARCHED,
她的身体和其他派对.md,WL-WORK-0659,她的身体和其他派对,,卡门·玛丽亚·马查多,Carmen Maria Machado,,WL-TOPIC-G45-HORROR,[[../30 专题/QT4 恐怖与哥特/00 恐怖文学|恐怖文学]],,,,,自动通过,metadata_pending,,,,,,,,UNRESEARCHED,
如意郎君.md,WL-WORK-1060,如意郎君,,维克多·塞斯,Vikram Seth,,WL-TOPIC-G43-FAMILY,[[../30 专题/QH2.3 家庭与家族/00 家庭与家族|家庭与家族]],,,,,自动通过,metadata_pending,,,,,,,,UNRESEARCHED,
如果我们无法以光速前行.md,WL-WORK-0479,如果我们无法以光速前行,,金草叶,,,WL-TOPIC-G45-SF,[[../30 专题/QT2 科幻/00 科幻文学|科幻文学]],,,,,自动通过,,,,,,,,,UNRESEARCHED,
子不语.md,WL-WORK-0662,子不语,,袁枚,,,WL-TOPIC-G45-HORROR,[[../30 专题/QT4 恐怖与哥特/00 恐怖文学|恐怖文学]],,,,,自动通过,metadata_pending,,,,,,,,UNRESEARCHED,
孤独之地.md,WL-WORK-0083,孤独之地,,多萝西·B.休斯,Dorothy B. Hughes,,WL-TOPIC-G45-MYSTERY,[[../30 专题/QT1 推理与犯罪叙事/00 推理文学|推理文学]],,,,,自动通过,,,,,,,,,UNRESEARCHED,
孤独的迷宫.md,WL-WORK-1668,孤独的迷宫,,奥克塔维奥·帕斯,Paz,,WL-TOPIC-R6-LATAM,[[../30 专题/R6 拉丁美洲与加勒比/00 拉丁美洲文学|拉丁美洲文学]],,,,,自动通过,metadata_pending,,,,,,,,UNRESEARCHED,
安魂曲.md,WL-WORK-1670,安魂曲,,阿赫玛托娃,,,WL-TOPIC-M3-MODERNISM,[[../30 专题/M3.1 现代主义/00 现代主义文学|现代主义文学]],,,,,自动通过,metadata_pending,,,,,,,,UNRESEARCHED,
客人.md,WL-WORK-2052,客人,,黄晳暎,,,WL-TOPIC-Q6-WAR,[[../30 专题/QH6 战争、暴力与创伤/00 战争文学|战争文学]],,,,,自动通过,metadata_pending,,,,,,,,UNRESEARCHED,
家庭纽带.md,WL-WORK-1673,家庭纽带,,克拉丽丝·李斯佩克朵,,,WL-TOPIC-R6-LATAM,[[../30 专题/R6 拉丁美洲与加勒比/00 拉丁美洲文学|拉丁美洲文学]],,,,,自动通过,metadata_pending,,,,,,,,UNRESEARCHED,
宾蒂.md,WL-WORK-0473,宾蒂,,恩涅蒂·奥科拉弗,Nnedi Okorafor,,WL-TOPIC-G45-SF,[[../30 专题/QT2 科幻/00 科幻文学|科幻文学]],,,,,自动通过,,,,,,,,,UNRESEARCHED,
寂寞之井.md,WL-WORK-1072,寂寞之井,,拉德克利夫·霍尔,Radclyffe Hall,,WL-TOPIC-G43-BILDUNGSROMAN,[[../30 专题/QH2.5 童年与成长/00 成长文学|成长文学]],,,,,自动通过,metadata_pending,,,,,,,,UNRESEARCHED,
寂寞芳心小姐.md,WL-WORK-1674,寂寞芳心小姐,,纳撒尼尔·韦斯特,Nathanael West,,WL-TOPIC-M3-MODERNISM,[[../30 专题/M3.1 现代主义/00 现代主义文学|现代主义文学]],,,,,自动通过,metadata_pending,,,,,,,,UNRESEARCHED,
寓言集.md,WL-WORK-1675,寓言集,,胡安·何塞·阿雷奥拉,,,WL-TOPIC-R6-LATAM,[[../30 专题/R6 拉丁美洲与加勒比/00 拉丁美洲文学|拉丁美洲文学]],,,,,自动通过,metadata_pending,,,,,,,,UNRESEARCHED,
封神演义.md,WL-WORK-0668,封神演义,,东方前现代幻想,,,WL-TOPIC-G45-FANTASY;WL-TOPIC-G1-MYTH,[[../30 专题/QT3 奇幻/00 奇幻文学|奇幻文学]];[[../30 专题/QT9 神话、传说与民间叙事/00 世界神话文学|世界神话文学]],,,,,自动通过,metadata_pending,,,,,,,,UNRESEARCHED,
小书痴的下克上.md,WL-WORK-0669,小书痴的下克上,,香月美夜,,,WL-TOPIC-G45-FANTASY,[[../30 专题/QT3 奇幻/00 奇幻文学|奇幻文学]],,,,,自动通过,metadata_pending,,,,,,,,UNRESEARCHED,
小猎犬号航海记.md,WL-WORK-1447,小猎犬号航海记,,达尔文,Darwin,,WL-TOPIC-G7-TRAVEL,[[../30 专题/QT14 旅行与游记/00 旅行文学|旅行文学]],,,,,自动通过,metadata_pending,,,,,,,,UNRESEARCHED,
少雨之地.md,WL-WORK-2508,少雨之地,The Land of Little Rain,玛丽·奥斯汀,Mary Austin,,WL-TOPIC-Q15;WL-TOPIC-Q15-WESTERN,[[../30 专题/QT8 英雄、边疆与法外者文化传统/00 世界武人、边疆与法外英雄文学|世界武人、边疆与法外英雄文学]];[[../30 专题/QT8.5 西部/00 西部文学|西部文学]],,,,,自动通过,metadata_pending,,,,,,,,UNRESEARCHED,
尸体会说话.md,WL-WORK-0121,尸体会说话,Postmortem,帕特里夏·康威尔,Patricia Cornwell,,WL-TOPIC-G45-MYSTERY,[[../30 专题/QT1 推理与犯罪叙事/00 推理文学|推理文学]],,,,,自动通过,,,,,,,,,UNRESEARCHED,
尸者的帝国.md,WL-WORK-0449,尸者的帝国,,伊藤计划 / 圆城塔,,,WL-TOPIC-G45-SF,[[../30 专题/QT2 科幻/00 科幻文学|科幻文学]],,,,,自动通过,,,,,,,,,UNRESEARCHED,
屠场.md,WL-WORK-1680,屠场,,埃斯特万·埃切维里亚,,,WL-TOPIC-R6-LATAM,[[../30 专题/R6 拉丁美洲与加勒比/00 拉丁美洲文学|拉丁美洲文学]],,,,,自动通过,metadata_pending,,,,,,,,UNRESEARCHED,
左传.md,WL-WORK-1084,左传,,左丘明,,,WL-TOPIC-G44-HISTORICAL,[[../30 专题/QT7 历史叙事/00 历史文学|历史文学]],,,,,自动通过,metadata_pending,,,,,,,,UNRESEARCHED,
已知世界.md,WL-WORK-1085,已知世界,,爱德华·P.琼斯,Edward P. Jones,,WL-TOPIC-G44-HISTORICAL,[[../30 专题/QT7 历史叙事/00 历史文学|历史文学]],,,,,自动通过,metadata_pending,,,,,,,,UNRESEARCHED,
巴伦·卡南.md,WL-WORK-1682,巴伦·卡南,,罗萨里奥·卡斯特利亚诺斯,,,WL-TOPIC-R6-LATAM,[[../30 专题/R6 拉丁美洲与加勒比/00 拉丁美洲文学|拉丁美洲文学]],,,,,自动通过,metadata_pending,,,,,,,,UNRESEARCHED,
巴格达怪客.md,WL-WORK-2058,巴格达怪客,,艾哈迈德·萨达维,Ahmed Saadawi,,WL-TOPIC-Q6-WAR,[[../30 专题/QH6 战争、暴力与创伤/00 战争文学|战争文学]],,,,,自动通过,metadata_pending,,,,,,,,UNRESEARCHED,
巴西万岁.md,WL-WORK-1685,巴西万岁,,若昂·乌巴尔多·里贝罗,,,WL-TOPIC-R6-LATAM,[[../30 专题/R6 拉丁美洲与加勒比/00 拉丁美洲文学|拉丁美洲文学]],,,,,自动通过,metadata_pending,,,,,,,,UNRESEARCHED,
巴西之旅.md,WL-WORK-1453,巴西之旅,,让·德·莱里,Jean de Léry,,WL-TOPIC-G7-TRAVEL,[[../30 专题/QT14 旅行与游记/00 旅行文学|旅行文学]],,,,,自动通过,metadata_pending,,,,,,,,UNRESEARCHED,
巴黎狼人.md,WL-WORK-0676,巴黎狼人,,盖伊·恩多尔,Guy Endore,,WL-TOPIC-G45-HORROR,[[../30 专题/QT4 恐怖与哥特/00 恐怖文学|恐怖文学]],,,,,自动通过,metadata_pending,,,,,,,,UNRESEARCHED,
布朗神父的天真.md,WL-WORK-0016,布朗神父的天真,,G.K.切斯特顿,,,WL-TOPIC-G45-MYSTERY,[[../30 专题/QT1 推理与犯罪叙事/00 推理文学|推理文学]],,,,,自动通过,,,,,,,,,UNRESEARCHED,
布里辛格门的怪石.md,WL-WORK-0677,布里辛格门的怪石,,艾伦·加纳,Alan Garner,,WL-TOPIC-G45-FANTASY,[[../30 专题/QT3 奇幻/00 奇幻文学|奇幻文学]],,,,,自动通过,metadata_pending,,,,,,,,UNRESEARCHED,
布鲁克林有棵树.md,WL-WORK-1089,布鲁克林有棵树,,贝蒂·史密斯,Betty Smith,,WL-TOPIC-G43-BILDUNGSROMAN,[[../30 专题/QH2.5 童年与成长/00 成长文学|成长文学]],,,,,自动通过,metadata_pending,,,,,,,,UNRESEARCHED,
师父.md,WL-WORK-2512,师父,,徐皓峰,,,WL-TOPIC-Q15;WL-TOPIC-Q15-WUXIA,[[../30 专题/QT8 英雄、边疆与法外者文化传统/00 世界武人、边疆与法外英雄文学|世界武人、边疆与法外英雄文学]];[[../30 专题/QT8.1 武侠/00 武侠文学|武侠文学]],,,,,自动通过,metadata_pending,,,,,,,,UNRESEARCHED,
希尔德布兰特之歌.md,WL-WORK-2513,希尔德布兰特之歌,,佚名,,,WL-TOPIC-Q15;WL-TOPIC-Q15-KNIGHT,[[../30 专题/QT8 英雄、边疆与法外者文化传统/00 世界武人、边疆与法外英雄文学|世界武人、边疆与法外英雄文学]];[[../30 专题/QT8.2 欧洲骑士/00 欧洲骑士文学|欧洲骑士文学]],,,,,自动通过,metadata_pending,,,,,,,,UNRESEARCHED,
希望.md,WL-WORK-2059,希望,,安德烈·马尔罗,Malraux,,WL-TOPIC-Q6-WAR,[[../30 专题/QH6 战争、暴力与创伤/00 战争文学|战争文学]],,,,,自动通过,metadata_pending,,,,,,,,UNRESEARCHED,
希腊志.md,WL-WORK-1457,希腊志,,保萨尼亚斯,Pausanias,,WL-TOPIC-G7-TRAVEL,[[../30 专题/QT14 旅行与游记/00 旅行文学|旅行文学]],,,,,自动通过,metadata_pending,,,,,,,,UNRESEARCHED,
希腊罗马名人传.md,WL-WORK-1090,希腊罗马名人传,,普鲁塔克,,,WL-TOPIC-G44-HISTORICAL,[[../30 专题/QT7 历史叙事/00 历史文学|历史文学]],,,,,自动通过,metadata_pending,,,,,,,,UNRESEARCHED,
帝国之庭.md,WL-WORK-0678,帝国之庭,,安娜·史密斯·斯帕克,Anna Smith Spark,,WL-TOPIC-G45-FANTASY,[[../30 专题/QT3 奇幻/00 奇幻文学|奇幻文学]],,,,,自动通过,metadata_pending,,,,,,,,UNRESEARCHED,
帽子戏法之死.md,WL-WORK-0067,帽子戏法之死,Death from a Top Hat,克莱顿·罗森,Clayton Rawson,,WL-TOPIC-G45-MYSTERY,[[../30 专题/QT1 推理与犯罪叙事/00 推理文学|推理文学]],,,,,自动通过,,,,,,,,,UNRESEARCHED,
干旱的生活.md,WL-WORK-1687,干旱的生活,,格拉西利亚诺·拉莫斯,,,WL-TOPIC-R6-LATAM,[[../30 专题/R6 拉丁美洲与加勒比/00 拉丁美洲文学|拉丁美洲文学]],,,,,自动通过,metadata_pending,,,,,,,,UNRESEARCHED,
平原之夜.md,WL-WORK-0679,平原之夜,,塔妮丝·李,Tanith Lee,,WL-TOPIC-G45-FANTASY,[[../30 专题/QT3 奇幻/00 奇幻文学|奇幻文学]],,,,,自动通过,metadata_pending,,,,,,,,UNRESEARCHED,
平治物语.md,WL-WORK-1092,平治物语,,佚名,,,WL-TOPIC-G44-HISTORICAL;WL-TOPIC-Q15;WL-TOPIC-Q15-SAMURAI,[[../30 专题/QT7 历史叙事/00 历史文学|历史文学]];[[../30 专题/QT8 英雄、边疆与法外者文化传统/00 世界武人、边疆与法外英雄文学|世界武人、边疆与法外英雄文学]];[[../30 专题/QT8.3 日本武士与剑豪/00 日本武士与剑豪文学|日本武士与剑豪文学]],,,,,自动通过,metadata_pending,,,,,,,,UNRESEARCHED,
年轻的命运女神.md,WL-WORK-1688,年轻的命运女神,,保罗·瓦莱里,Paul Valéry,,WL-TOPIC-M3-MODERNISM,[[../30 专题/M3.1 现代主义/00 现代主义文学|现代主义文学]],,,,,自动通过,metadata_pending,,,,,,,,UNRESEARCHED,
幽灵之家.md,WL-WORK-1094,幽灵之家,,伊莎贝尔·阿连德,,,WL-TOPIC-G44-HISTORICAL;WL-TOPIC-R6-LATAM;WL-TOPIC-Q10-MEMORY,[[../30 专题/QT7 历史叙事/00 历史文学|历史文学]];[[../30 专题/R6 拉丁美洲与加勒比/00 拉丁美洲文学|拉丁美洲文学]];[[../30 专题/QH7 历史、记忆与时间/00 历史、记忆与时间|历史、记忆与时间]],,,,,自动通过,metadata_pending,,,,,,,,UNRESEARCHED,
幽灵故事.md,WL-WORK-0684,幽灵故事,,彼得·斯特劳布,Peter Straub,,WL-TOPIC-G45-HORROR,[[../30 专题/QT4 恐怖与哥特/00 恐怖文学|恐怖文学]],,,,,自动通过,metadata_pending,,,,,,,,UNRESEARCHED,
广漠的世界.md,WL-WORK-1690,广漠的世界,,西罗·阿莱格里亚,,,WL-TOPIC-R6-LATAM,[[../30 专题/R6 拉丁美洲与加勒比/00 拉丁美洲文学|拉丁美洲文学]],,,,,自动通过,metadata_pending,,,,,,,,UNRESEARCHED,
库希尔的飞镖.md,WL-WORK-0687,库希尔的飞镖,,杰奎琳·凯里,Jacqueline Carey,,WL-TOPIC-G45-FANTASY,[[../30 专题/QT3 奇幻/00 奇幻文学|奇幻文学]],,,,,自动通过,metadata_pending,,,,,,,,UNRESEARCHED,
废墟.md,WL-WORK-0688,废墟,The Ruins,斯科特·史密斯,Scott Smith,,WL-TOPIC-G45-HORROR,[[../30 专题/QT4 恐怖与哥特/00 恐怖文学|恐怖文学]],,,,,自动通过,metadata_pending,,,,,,,,UNRESEARCHED,
座头市物语.md,WL-WORK-2516,座头市物语,,子母泽宽,,,WL-TOPIC-Q15;WL-TOPIC-Q15-SAMURAI;WL-TOPIC-Q15-OUTLAW,[[../30 专题/QT8 英雄、边疆与法外者文化传统/00 世界武人、边疆与法外英雄文学|世界武人、边疆与法外英雄文学]];[[../30 专题/QT8.3 日本武士与剑豪/00 日本武士与剑豪文学|日本武士与剑豪文学]];[[../30 专题/QT8.7 侠盗/00 侠盗文学|侠盗文学]],,,,,自动通过,metadata_pending,,,,,,,,UNRESEARCHED,
廷达罗斯猎犬.md,WL-WORK-0689,廷达罗斯猎犬,,弗兰克·贝尔纳普·朗,Frank Belknap Long,,WL-TOPIC-G45-HORROR,[[../30 专题/QT4 恐怖与哥特/00 恐怖文学|恐怖文学]],,,,,自动通过,metadata_pending,,,,,,,,UNRESEARCHED,
弗吉尼亚人.md,WL-WORK-2518,弗吉尼亚人,The Virginian,欧文·威斯特,Owen Wister,,WL-TOPIC-Q15;WL-TOPIC-Q15-WESTERN,[[../30 专题/QT8 英雄、边疆与法外者文化传统/00 世界武人、边疆与法外英雄文学|世界武人、边疆与法外英雄文学]];[[../30 专题/QT8.5 西部/00 西部文学|西部文学]],,,,,自动通过,metadata_pending,,,,,,,,UNRESEARCHED,
张吉山.md,WL-WORK-1100,张吉山,,黄皙暎,,,WL-TOPIC-G44-HISTORICAL,[[../30 专题/QT7 历史叙事/00 历史文学|历史文学]],,,,,自动通过,metadata_pending,,,,,,,,UNRESEARCHED,
弹药筒.md,WL-WORK-1693,弹药筒,,内莉·坎波贝略,,,WL-TOPIC-R6-LATAM,[[../30 专题/R6 拉丁美洲与加勒比/00 拉丁美洲文学|拉丁美洲文学]],,,,,自动通过,metadata_pending,,,,,,,,UNRESEARCHED,
强盗.md,WL-WORK-2520,强盗,Die Räuber,席勒,Schiller,,WL-TOPIC-Q15;WL-TOPIC-Q15-OUTLAW,[[../30 专题/QT8 英雄、边疆与法外者文化传统/00 世界武人、边疆与法外英雄文学|世界武人、边疆与法外英雄文学]];[[../30 专题/QT8.7 侠盗/00 侠盗文学|侠盗文学]],,,,,自动通过,metadata_pending,,,,,,,,UNRESEARCHED,
彭公案.md,WL-WORK-2521,彭公案,,贪梦道人,,,WL-TOPIC-Q15;WL-TOPIC-Q15-WUXIA,[[../30 专题/QT8 英雄、边疆与法外者文化传统/00 世界武人、边疆与法外英雄文学|世界武人、边疆与法外英雄文学]];[[../30 专题/QT8.1 武侠/00 武侠文学|武侠文学]],,,,,自动通过,metadata_pending,,,,,,,,UNRESEARCHED,
彼得堡.md,WL-WORK-1696,彼得堡,,安德烈·别雷,Andrei Bely,,WL-TOPIC-M3-MODERNISM,[[../30 专题/M3.1 现代主义/00 现代主义文学|现代主义文学]],,,,,自动通过,metadata_pending,,,,,,,,UNRESEARCHED,
徐霞客游记.md,WL-WORK-1458,徐霞客游记,,徐霞客,,,WL-TOPIC-G7-TRAVEL,[[../30 专题/QT14 旅行与游记/00 旅行文学|旅行文学]],,,,,自动通过,metadata_pending,,,,,,,,UNRESEARCHED,
微妙的平衡.md,WL-WORK-1102,微妙的平衡,,罗欣顿·米斯特里,Rohinton Mistry,,WL-TOPIC-G44-HISTORICAL,[[../30 专题/QT7 历史叙事/00 历史文学|历史文学]],,,,,自动通过,metadata_pending,,,,,,,,UNRESEARCHED,
心是孤独的猎手.md,WL-WORK-0693,心是孤独的猎手,,卡森·麦卡勒斯,Carson McCullers,,WL-TOPIC-G45-HORROR,[[../30 专题/QT4 恐怖与哥特/00 恐怖文学|恐怖文学]],,,,,自动通过,metadata_pending,,,,,,,,UNRESEARCHED,
忍耐石.md,WL-WORK-2070,忍耐石,,阿提克·拉希米,Atiq Rahimi,,WL-TOPIC-Q6-WAR,[[../30 专题/QH6 战争、暴力与创伤/00 战争文学|战争文学]],,,,,自动通过,metadata_pending,,,,,,,,UNRESEARCHED,
忠臣藏.md,WL-WORK-2522,忠臣藏,,竹田出云 / 三好松洛 / 并木千柳,,,WL-TOPIC-Q15;WL-TOPIC-Q15-SAMURAI,[[../30 专题/QT8 英雄、边疆与法外者文化传统/00 世界武人、边疆与法外英雄文学|世界武人、边疆与法外英雄文学]];[[../30 专题/QT8.3 日本武士与剑豪/00 日本武士与剑豪文学|日本武士与剑豪文学]],,,,,自动通过,metadata_pending,,,,,,,,UNRESEARCHED,
快乐的归来.md,WL-WORK-1106,快乐的归来,,C.S.福雷斯特,C.S. Forester,,WL-TOPIC-G44-HISTORICAL,[[../30 专题/QT7 历史叙事/00 历史文学|历史文学]],,,,,自动通过,metadata_pending,,,,,,,,UNRESEARCHED,
怎么办？.md,WL-WORK-1107,怎么办？,,车尔尼雪夫斯基,Chernyshevsky,,WL-TOPIC-G43-BILDUNGSROMAN,[[../30 专题/QH2.5 童年与成长/00 成长文学|成长文学]],,,,,自动通过,metadata_pending,,,,,,,,UNRESEARCHED,
怒海争锋.md,WL-WORK-1108,怒海争锋,,帕特里克·奥布莱恩,Patrick O'Brian,,WL-TOPIC-G44-HISTORICAL,[[../30 专题/QT7 历史叙事/00 历史文学|历史文学]],,,,,自动通过,metadata_pending,,,,,,,,UNRESEARCHED,
怪谈.md,WL-WORK-0694,怪谈,,小泉八云,,,WL-TOPIC-G45-HORROR,[[../30 专题/QT4 恐怖与哥特/00 恐怖文学|恐怖文学]],,,,,自动通过,metadata_pending,,,,,,,,UNRESEARCHED,
恋爱中的奥兰多.md,WL-WORK-2524,恋爱中的奥兰多,,马泰奥·马里亚·博亚尔多,Matteo Maria Boiardo,,WL-TOPIC-Q15;WL-TOPIC-Q15-KNIGHT,[[../30 专题/QT8 英雄、边疆与法外者文化传统/00 世界武人、边疆与法外英雄文学|世界武人、边疆与法外英雄文学]];[[../30 专题/QT8.2 欧洲骑士/00 欧洲骑士文学|欧洲骑士文学]],,,,,自动通过,metadata_pending,,,,,,,,UNRESEARCHED,
恰似水之于巧克力.md,WL-WORK-1111,恰似水之于巧克力,,劳拉·埃斯基维尔,Laura Esquivel,,WL-TOPIC-G43-FAMILY;WL-TOPIC-G44-HISTORICAL;WL-TOPIC-Q2-LOVE,[[../30 专题/QH2.3 家庭与家族/00 家庭与家族|家庭与家族]];[[../30 专题/QT7 历史叙事/00 历史文学|历史文学]];[[../30 专题/QH2.1 爱情与欲望/00 爱情与欲望|爱情与欲望]],,,,,自动通过,metadata_pending,,,,,,,,UNRESEARCHED,
悟空传.md,WL-WORK-0695,悟空传,,今何在,,,WL-TOPIC-G45-FANTASY,[[../30 专题/QT3 奇幻/00 奇幻文学|奇幻文学]],,,,,自动通过,metadata_pending,,,,,,,,UNRESEARCHED,
惊魂记.md,WL-WORK-0696,惊魂记,,罗伯特·布洛赫,Robert Bloch,,WL-TOPIC-G45-HORROR,[[../30 专题/QT4 恐怖与哥特/00 恐怖文学|恐怖文学]],,,,,自动通过,metadata_pending,,,,,,,,UNRESEARCHED,
我们失去的光.md,WL-WORK-1708,我们失去的光,,待考,阿根廷当代怪奇,,WL-TOPIC-R6-LATAM,[[../30 专题/R6 拉丁美洲与加勒比/00 拉丁美洲文学|拉丁美洲文学]],,,,,自动通过,metadata_pending,,,,,,,,UNRESEARCHED,
我们的美洲.md,WL-WORK-1709,我们的美洲,,何塞·马蒂,Martí,,WL-TOPIC-R6-LATAM,[[../30 专题/R6 拉丁美洲与加勒比/00 拉丁美洲文学|拉丁美洲文学]],,,,,自动通过,metadata_pending,,,,,,,,UNRESEARCHED,
我想结束这一切.md,WL-WORK-0700,我想结束这一切,,伊恩·里德,Iain Reid,,WL-TOPIC-G45-HORROR,[[../30 专题/QT4 恐怖与哥特/00 恐怖文学|恐怖文学]],,,,,自动通过,metadata_pending,,,,,,,,UNRESEARCHED,
我独自升级.md,WL-WORK-0701,我独自升级,,秋工,Web Novel,,WL-TOPIC-G45-FANTASY,[[../30 专题/QT3 奇幻/00 奇幻文学|奇幻文学]],,,,,自动通过,metadata_pending,,,,,,,,UNRESEARCHED,
我，女巫蒂图芭.md,WL-WORK-1117,我，女巫蒂图芭,,玛丽斯·孔戴,Maryse Condé,,WL-TOPIC-G44-HISTORICAL,[[../30 专题/QT7 历史叙事/00 历史文学|历史文学]],,,,,自动通过,metadata_pending,,,,,,,,UNRESEARCHED,
我，里戈韦塔·门楚.md,WL-WORK-1713,我，里戈韦塔·门楚,,里戈韦塔·门楚,Rigoberta Menchú,,WL-TOPIC-R6-LATAM,[[../30 专题/R6 拉丁美洲与加勒比/00 拉丁美洲文学|拉丁美洲文学]],,,,,自动通过,metadata_pending,,,,,,,,UNRESEARCHED,
我，陪审员.md,WL-WORK-0091,我，陪审员,,米基·斯皮兰,Mickey Spillane,,WL-TOPIC-G45-MYSTERY,[[../30 专题/QT1 推理与犯罪叙事/00 推理文学|推理文学]],,,,,自动通过,,,,,,,,,UNRESEARCHED,
战争.md,WL-WORK-1714,战争,,北川冬彦,,,WL-TOPIC-M3-MODERNISM,[[../30 专题/M3.1 现代主义/00 现代主义文学|现代主义文学]],,,,,自动通过,metadata_pending,,,,,,,,UNRESEARCHED,
战争哀歌.md,WL-WORK-2074,战争哀歌,,保宁,,,WL-TOPIC-Q6-WAR;WL-TOPIC-Q10-MEMORY,[[../30 专题/QH6 战争、暴力与创伤/00 战争文学|战争文学]];[[../30 专题/QH7 历史、记忆与时间/00 历史、记忆与时间|历史、记忆与时间]],,,,,自动通过,metadata_pending,,,,,,,,UNRESEARCHED,
战国无赖.md,WL-WORK-2527,战国无赖,,孙晓,,,WL-TOPIC-Q15;WL-TOPIC-Q15-SAMURAI,[[../30 专题/QT8 英雄、边疆与法外者文化传统/00 世界武人、边疆与法外英雄文学|世界武人、边疆与法外英雄文学]];[[../30 专题/QT8.3 日本武士与剑豪/00 日本武士与剑豪文学|日本武士与剑豪文学]],,,,,自动通过,metadata_pending,,,,,,,,UNRESEARCHED,
战斗妖精雪风.md,WL-WORK-0446,战斗妖精雪风,,神林长平,,,WL-TOPIC-G45-SF,[[../30 专题/QT2 科幻/00 科幻文学|科幻文学]],,,,,自动通过,,,,,,,,,UNRESEARCHED,
戴珍珠耳环的少女.md,WL-WORK-1120,戴珍珠耳环的少女,,特雷西·舍瓦利埃,Tracy Chevalier,,WL-TOPIC-G44-HISTORICAL,[[../30 专题/QT7 历史叙事/00 历史文学|历史文学]],,,,,自动通过,metadata_pending,,,,,,,,UNRESEARCHED,
戴眼镜持枪的女人.md,WL-WORK-0232,戴眼镜持枪的女人,,塞巴斯蒂安·雅普里索,Sébastien Japrisot,,WL-TOPIC-G45-MYSTERY,[[../30 专题/QT1 推理与犯罪叙事/00 推理文学|推理文学]],,,,,自动通过,,,,,,,,,UNRESEARCHED,
手斧男孩.md,WL-WORK-0703,手斧男孩,,加里·保尔森,Gary Paulsen,,WL-TOPIC-G45-ADVENTURE,[[../30 专题/QT5 冒险与探索叙事/00 冒险文学|冒险文学]],,,,,自动通过,metadata_pending,,,,,,,,UNRESEARCHED,
托马斯·考文南特：不信者之灾.md,WL-WORK-0704,托马斯·考文南特：不信者之灾,,斯蒂芬·R.唐纳森,Stephen R. Donaldson,,WL-TOPIC-G45-FANTASY,[[../30 专题/QT3 奇幻/00 奇幻文学|奇幻文学]],,,,,自动通过,metadata_pending,,,,,,,,UNRESEARCHED,
拆解.md,WL-WORK-1124,拆解,,尼尔·舒斯特曼,Neal Shusterman,,WL-TOPIC-G46-DYSTOPIA,[[../30 专题/QT6 乌托邦、反乌托邦与社会想象/00 反乌托邦文学|反乌托邦文学]],,,,,自动通过,metadata_pending,,,,,,,,UNRESEARCHED,
拉·加利戈.md,WL-WORK-1464,拉·加利戈,,布吉人,,,WL-TOPIC-G1-MYTH,[[../30 专题/QT9 神话、传说与民间叙事/00 世界神话文学|世界神话文学]],,,,,自动通过,metadata_pending,,,,,,,,UNRESEARCHED,
拉撒路illo.md,WL-WORK-1125,拉撒路illo,,佚名,,,WL-TOPIC-G43-BILDUNGSROMAN,[[../30 专题/QH2.5 童年与成长/00 成长文学|成长文学]],,,,,自动通过,metadata_pending,,,,,,,,UNRESEARCHED,
拉比纳尔武士.md,WL-WORK-1717,拉比纳尔武士,,佚名,,,WL-TOPIC-R6-LATAM,[[../30 专题/R6 拉丁美洲与加勒比/00 拉丁美洲文学|拉丁美洲文学]],,,,,自动通过,metadata_pending,,,,,,,,UNRESEARCHED,
拥抱之书.md,WL-WORK-1719,拥抱之书,,爱德华多·加莱亚诺,,,WL-TOPIC-R6-LATAM,[[../30 专题/R6 拉丁美洲与加勒比/00 拉丁美洲文学|拉丁美洲文学]],,,,,自动通过,metadata_pending,,,,,,,,UNRESEARCHED,
指匠谜案.md,WL-WORK-1127,指匠谜案,,伊恩·皮尔斯,Iain Pears,,WL-TOPIC-G44-HISTORICAL,[[../30 专题/QT7 历史叙事/00 历史文学|历史文学]],,,,,自动通过,metadata_pending,,,,,,,,UNRESEARCHED,
指匠迷案.md,WL-WORK-0136,指匠迷案,An Instance of the Fingerpost,伊恩·皮尔斯,Iain Pears,,WL-TOPIC-G45-MYSTERY,[[../30 专题/QT1 推理与犯罪叙事/00 推理文学|推理文学]],,,,,自动通过,,,,,,,,,UNRESEARCHED,
提堂.md,WL-WORK-1129,提堂,,近代欧洲,,,WL-TOPIC-G44-HISTORICAL,[[../30 专题/QT7 历史叙事/00 历史文学|历史文学]],,,,,自动通过,metadata_pending,,,,,,,,UNRESEARCHED,
搜神记.md,WL-WORK-0708,搜神记,,干宝,,,WL-TOPIC-G45-FANTASY;WL-TOPIC-G45-HORROR;WL-TOPIC-G1-MYTH,[[../30 专题/QT3 奇幻/00 奇幻文学|奇幻文学]];[[../30 专题/QT4 恐怖与哥特/00 恐怖文学|恐怖文学]];[[../30 专题/QT9 神话、传说与民间叙事/00 世界神话文学|世界神话文学]],,,,,自动通过,metadata_pending,,,,,,,,UNRESEARCHED,
撕裂我的生命.md,WL-WORK-1720,撕裂我的生命,,安赫莱斯·马斯特雷塔,,,WL-TOPIC-R6-LATAM,[[../30 专题/R6 拉丁美洲与加勒比/00 拉丁美洲文学|拉丁美洲文学]],,,,,自动通过,metadata_pending,,,,,,,,UNRESEARCHED,
斯巴达克斯.md,WL-WORK-1132,斯巴达克斯,,霍华德·法斯特,Howard Fast,,WL-TOPIC-G44-HISTORICAL,[[../30 专题/QT7 历史叙事/00 历史文学|历史文学]],,,,,自动通过,metadata_pending,,,,,,,,UNRESEARCHED,
新世界的孩子们.md,WL-WORK-2076,新世界的孩子们,,阿西亚·杰巴尔,Assia Djebar,,WL-TOPIC-Q6-WAR,[[../30 专题/QH6 战争、暴力与创伤/00 战争文学|战争文学]],,,,,自动通过,metadata_pending,,,,,,,,UNRESEARCHED,
新月王座.md,WL-WORK-0713,新月王座,,萨拉丁·艾哈迈德,Saladin Ahmed,,WL-TOPIC-G45-FANTASY,[[../30 专题/QT3 奇幻/00 奇幻文学|奇幻文学]],,,,,自动通过,metadata_pending,,,,,,,,UNRESEARCHED,
新编年史与良政.md,WL-WORK-1722,新编年史与良政,,瓜曼·波马,,,WL-TOPIC-R6-LATAM,[[../30 专题/R6 拉丁美洲与加勒比/00 拉丁美洲文学|拉丁美洲文学]],,,,,自动通过,metadata_pending,,,,,,,,UNRESEARCHED,
新荒野.md,WL-WORK-1134,新荒野,,黛安娜·库克,Diane Cook,,WL-TOPIC-G46-DYSTOPIA,[[../30 专题/QT6 乌托邦、反乌托邦与社会想象/00 反乌托邦文学|反乌托邦文学]],,,,,自动通过,metadata_pending,,,,,,,,UNRESEARCHED,
施公案.md,WL-WORK-2536,施公案,,佚名,,,WL-TOPIC-Q15;WL-TOPIC-Q15-WUXIA,[[../30 专题/QT8 英雄、边疆与法外者文化传统/00 世界武人、边疆与法外英雄文学|世界武人、边疆与法外英雄文学]];[[../30 专题/QT8.1 武侠/00 武侠文学|武侠文学]],,,,,自动通过,metadata_pending,,,,,,,,UNRESEARCHED,
旋转楼梯.md,WL-WORK-0020,旋转楼梯,,玛丽·罗伯茨·莱因哈特,,,WL-TOPIC-G45-MYSTERY,[[../30 专题/QT1 推理与犯罪叙事/00 推理文学|推理文学]],,,,,自动通过,,,,,,,,,UNRESEARCHED,
无人点灯.md,WL-WORK-1726,无人点灯,,费利斯贝托·埃尔南德斯,,,WL-TOPIC-R6-LATAM,[[../30 专题/R6 拉丁美洲与加勒比/00 拉丁美洲文学|拉丁美洲文学]],,,,,自动通过,metadata_pending,,,,,,,,UNRESEARCHED,
无名小说.md,WL-WORK-2078,无名小说,,杨秋香,,,WL-TOPIC-Q6-WAR,[[../30 专题/QH6 战争、暴力与创伤/00 战争文学|战争文学]],,,,,自动通过,metadata_pending,,,,,,,,UNRESEARCHED,
无境之兽.md,WL-WORK-2080,无境之兽,,乌佐丁马·伊韦阿拉,Uzodinma Iweala,,WL-TOPIC-Q6-WAR,[[../30 专题/QH6 战争、暴力与创伤/00 战争文学|战争文学]],,,,,自动通过,metadata_pending,,,,,,,,UNRESEARCHED,
无巢鸟.md,WL-WORK-1727,无巢鸟,,克洛林达·马托,,,WL-TOPIC-R6-LATAM,[[../30 专题/R6 拉丁美洲与加勒比/00 拉丁美洲文学|拉丁美洲文学]],,,,,自动通过,metadata_pending,,,,,,,,UNRESEARCHED,
无罪推定.md,WL-WORK-0118,无罪推定,,斯科特·图罗,Scott Turow,,WL-TOPIC-G45-MYSTERY,[[../30 专题/QT1 推理与犯罪叙事/00 推理文学|推理文学]],,,,,自动通过,,,,,,,,,UNRESEARCHED,
无言者的话.md,WL-WORK-1728,无言者的话,,胡利奥·拉蒙·里贝罗,,,WL-TOPIC-R6-LATAM,[[../30 专题/R6 拉丁美洲与加勒比/00 拉丁美洲文学|拉丁美洲文学]],,,,,自动通过,metadata_pending,,,,,,,,UNRESEARCHED,
日子.md,WL-WORK-1729,日子,,塔哈·侯赛因,Taha Hussein,,WL-TOPIC-M3-MODERNISM,[[../30 专题/M3.1 现代主义/00 现代主义文学|现代主义文学]],,,,,自动通过,metadata_pending,,,,,,,,UNRESEARCHED,
日本书纪.md,WL-WORK-1468,日本书纪,,舍人亲王等,,,WL-TOPIC-G1-MYTH,[[../30 专题/QT9 神话、传说与民间叙事/00 世界神话文学|世界神话文学]],,,,,自动通过,metadata_pending,,,,,,,,UNRESEARCHED,
日本沉没.md,WL-WORK-0442,日本沉没,,小松左京,,,WL-TOPIC-G45-SF,[[../30 专题/QT2 科幻/00 科幻文学|科幻文学]],,,,,自动通过,,,,,,,,,UNRESEARCHED,
时光之轮：世界之眼.md,WL-WORK-0717,时光之轮：世界之眼,,罗伯特·乔丹,Robert Jordan,,WL-TOPIC-G45-FANTASY,[[../30 专题/QT3 奇幻/00 奇幻文学|奇幻文学]],,,,,自动通过,metadata_pending,,,,,,,,UNRESEARCHED,
时间旅行者的妻子.md,WL-WORK-2081,时间旅行者的妻子,,奥德丽·尼芬格,Audrey Niffenegger,,WL-TOPIC-Q2-LOVE,[[../30 专题/QH2.1 爱情与欲望/00 爱情与欲望|爱情与欲望]],,,,,自动通过,metadata_pending,,,,,,,,UNRESEARCHED,
时间箭.md,WL-WORK-1137,时间箭,,马丁·艾米斯,Martin Amis,,WL-TOPIC-G44-HISTORICAL,[[../30 专题/QT7 历史叙事/00 历史文学|历史文学]],,,,,自动通过,metadata_pending,,,,,,,,UNRESEARCHED,
昆仑奴.md,WL-WORK-2538,昆仑奴,,裴铏,,,WL-TOPIC-Q15;WL-TOPIC-Q15-WUXIA,[[../30 专题/QT8 英雄、边疆与法外者文化传统/00 世界武人、边疆与法外英雄文学|世界武人、边疆与法外英雄文学]];[[../30 专题/QT8.1 武侠/00 武侠文学|武侠文学]],,,,,自动通过,metadata_pending,,,,,,,,UNRESEARCHED,
星期五的黑人.md,WL-WORK-1138,星期五的黑人,,纳纳·夸梅·阿杰伊-布伦亚,Nana Kwame Adjei-Brenyah,,WL-TOPIC-G46-DYSTOPIA,[[../30 专题/QT6 乌托邦、反乌托邦与社会想象/00 反乌托邦文学|反乌托邦文学]],,,,,自动通过,metadata_pending,,,,,,,,UNRESEARCHED,
星触女王.md,WL-WORK-0720,星触女王,,罗莎妮·乔克希,Roshani Chokshi,,WL-TOPIC-G45-FANTASY,[[../30 专题/QT3 奇幻/00 奇幻文学|奇幻文学]],,,,,自动通过,metadata_pending,,,,,,,,UNRESEARCHED,
晚夏.md,WL-WORK-1140,晚夏,,阿达尔贝特·施蒂弗特,Adalbert Stifter,,WL-TOPIC-G43-BILDUNGSROMAN,[[../30 专题/QH2.5 童年与成长/00 成长文学|成长文学]],,,,,自动通过,metadata_pending,,,,,,,,UNRESEARCHED,
暗适应之眼.md,WL-WORK-0128,暗适应之眼,,芭芭拉·瓦恩,Barbara Vine,,WL-TOPIC-G45-MYSTERY,[[../30 专题/QT1 推理与犯罪叙事/00 推理文学|推理文学]],,,,,自动通过,,,,,,,,,UNRESEARCHED,
暴风雨前.md,WL-WORK-1142,暴风雨前,,特奥多尔·冯塔纳,Theodor Fontane,,WL-TOPIC-G44-HISTORICAL,[[../30 专题/QT7 历史叙事/00 历史文学|历史文学]],,,,,自动通过,metadata_pending,,,,,,,,UNRESEARCHED,
暴风雨前夜.md,WL-WORK-0722,暴风雨前夜,,吉姆·布彻,Jim Butcher,,WL-TOPIC-G45-FANTASY,[[../30 专题/QT3 奇幻/00 奇幻文学|奇幻文学]],,,,,自动通过,metadata_pending,,,,,,,,UNRESEARCHED,
曼侬·莱斯科.md,WL-WORK-1143,曼侬·莱斯科,,普雷沃神父,Prévost,,WL-TOPIC-G43-BILDUNGSROMAN,[[../30 专题/QH2.5 童年与成长/00 成长文学|成长文学]],,,,,自动通过,metadata_pending,,,,,,,,UNRESEARCHED,
曼哈顿中转站.md,WL-WORK-1735,曼哈顿中转站,,约翰·多斯·帕索斯,John Dos Passos,,WL-TOPIC-M3-MODERNISM,[[../30 专题/M3.1 现代主义/00 现代主义文学|现代主义文学]],,,,,自动通过,metadata_pending,,,,,,,,UNRESEARCHED,
曼德维尔游记.md,WL-WORK-1469,曼德维尔游记,,约翰·曼德维尔,John Mandeville,,WL-TOPIC-G7-TRAVEL,[[../30 专题/QT14 旅行与游记/00 旅行文学|旅行文学]],,,,,自动通过,metadata_pending,,,,,,,,UNRESEARCHED,
曾我物语.md,WL-WORK-2541,曾我物语,Soga Monogatari,第二次,,,WL-TOPIC-Q15;WL-TOPIC-Q15-SAMURAI;WL-TOPIC-Q15-OUTLAW,[[../30 专题/QT8 英雄、边疆与法外者文化传统/00 世界武人、边疆与法外英雄文学|世界武人、边疆与法外英雄文学]];[[../30 专题/QT8.3 日本武士与剑豪/00 日本武士与剑豪文学|日本武士与剑豪文学]];[[../30 专题/QT8.7 侠盗/00 侠盗文学|侠盗文学]],,,,,自动通过,metadata_pending,,,,,,,,UNRESEARCHED,
曾达的囚徒.md,WL-WORK-2542,曾达的囚徒,The Prisoner of Zenda,安东尼·霍普,Anthony Hope,,WL-TOPIC-Q15;WL-TOPIC-Q15-SWASHBUCKLER,[[../30 专题/QT8 英雄、边疆与法外者文化传统/00 世界武人、边疆与法外英雄文学|世界武人、边疆与法外英雄文学]];[[../30 专题/QT8.4 欧洲剑客/00 欧洲剑客文学|欧洲剑客文学]],,,,,自动通过,metadata_pending,,,,,,,,UNRESEARCHED,
最后的雾.md,WL-WORK-1736,最后的雾,,玛丽亚·路易莎·邦巴尔,,,WL-TOPIC-R6-LATAM,[[../30 专题/R6 拉丁美洲与加勒比/00 拉丁美洲文学|拉丁美洲文学]],,,,,自动通过,metadata_pending,,,,,,,,UNRESEARCHED,
月之花园.md,WL-WORK-0726,月之花园,,史蒂文·埃里克森,Steven Erikson,,WL-TOPIC-G45-FANTASY,[[../30 专题/QT3 奇幻/00 奇幻文学|奇幻文学]],,,,,自动通过,metadata_pending,,,,,,,,UNRESEARCHED,
朗读者.md,WL-WORK-1149,朗读者,,本哈德·施林克,Bernhard Schlink,,WL-TOPIC-G44-HISTORICAL,[[../30 专题/QT7 历史叙事/00 历史文学|历史文学]],,,,,自动通过,metadata_pending,,,,,,,,UNRESEARCHED,
朝圣.md,WL-WORK-1739,朝圣,,多萝西·理查森,,,WL-TOPIC-M3-MODERNISM,[[../30 专题/M3.1 现代主义/00 现代主义文学|现代主义文学]],,,,,自动通过,metadata_pending,,,,,,,,UNRESEARCHED,
朝圣日记.md,WL-WORK-1470,朝圣日记,,埃格里亚,Egeria,,WL-TOPIC-G7-TRAVEL,[[../30 专题/QT14 旅行与游记/00 旅行文学|旅行文学]],,,,,自动通过,metadata_pending,,,,,,,,UNRESEARCHED,
未央歌.md,WL-WORK-1150,未央歌,,鹿桥,,,WL-TOPIC-G43-BILDUNGSROMAN,[[../30 专题/QH2.5 童年与成长/00 成长文学|成长文学]],,,,,自动通过,metadata_pending,,,,,,,,UNRESEARCHED,
未来人种.md,WL-WORK-1151,未来人种,,爱德华·布尔沃-利顿,Edward Bulwer-Lytton,,WL-TOPIC-G46-DYSTOPIA,[[../30 专题/QT6 乌托邦、反乌托邦与社会想象/00 反乌托邦文学|反乌托邦文学]],,,,,自动通过,metadata_pending,,,,,,,,UNRESEARCHED,
未来的回忆.md,WL-WORK-1740,未来的回忆,,埃莱娜·加罗,,,WL-TOPIC-R6-LATAM,[[../30 专题/R6 拉丁美洲与加勒比/00 拉丁美洲文学|拉丁美洲文学]],,,,,自动通过,metadata_pending,,,,,,,,UNRESEARCHED,
朱尔根.md,WL-WORK-0729,朱尔根,,詹姆斯·布兰奇·卡贝尔,James Branch Cabell,,WL-TOPIC-G45-FANTASY,[[../30 专题/QT3 奇幻/00 奇幻文学|奇幻文学]],,,,,自动通过,metadata_pending,,,,,,,,UNRESEARCHED,
杀戮之病.md,WL-WORK-0187,杀戮之病,,我孙子武丸,,,WL-TOPIC-G45-MYSTERY,[[../30 专题/QT1 推理与犯罪叙事/00 推理文学|推理文学]],,,,,自动通过,,,,,,,,,UNRESEARCHED,
权力.md,WL-WORK-1155,权力,,娜奥米·奥尔德曼,Naomi Alderman,,WL-TOPIC-G46-DYSTOPIA,[[../30 专题/QT6 乌托邦、反乌托邦与社会想象/00 反乌托邦文学|反乌托邦文学]],,,,,自动通过,metadata_pending,,,,,,,,UNRESEARCHED,
村上海贼之女.md,WL-WORK-2544,村上海贼之女,,和田龙,,,WL-TOPIC-Q15;WL-TOPIC-Q15-PIRATE,[[../30 专题/QT8 英雄、边疆与法外者文化传统/00 世界武人、边疆与法外英雄文学|世界武人、边疆与法外英雄文学]];[[../30 专题/QT8.8 海盗/00 海盗文学|海盗文学]],,,,,自动通过,metadata_pending,,,,,,,,UNRESEARCHED,
松歌.md,WL-WORK-1744,松歌,,尼古拉斯·纪廉,Nicolás Guillén,,WL-TOPIC-R6-LATAM,[[../30 专题/R6 拉丁美洲与加勒比/00 拉丁美洲文学|拉丁美洲文学]],,,,,自动通过,metadata_pending,,,,,,,,UNRESEARCHED,
柳林风声.md,WL-WORK-0734,柳林风声,,肯尼斯·格雷厄姆,Kenneth Grahame,,WL-TOPIC-G45-FANTASY,[[../30 专题/QT3 奇幻/00 奇幻文学|奇幻文学]],,,,,自动通过,metadata_pending,,,,,,,,UNRESEARCHED,
根.md,WL-WORK-1162,根,,亚历克斯·哈利,Alex Haley,,WL-TOPIC-G43-FAMILY,[[../30 专题/QH2.3 家庭与家族/00 家庭与家族|家庭与家族]],,,,,自动通过,metadata_pending,,,,,,,,UNRESEARCHED,
格林童话.md,WL-WORK-0737,格林童话,,格林兄弟,Grimm Brothers,,WL-TOPIC-G45-FANTASY,[[../30 专题/QT3 奇幻/00 奇幻文学|奇幻文学]],,,,,自动通过,metadata_pending,,,,,,,,UNRESEARCHED,
桃源二村.md,WL-WORK-1163,桃源二村,,B.F.斯金纳,B.F. Skinner,,WL-TOPIC-G46-DYSTOPIA,[[../30 专题/QT6 乌托邦、反乌托邦与社会想象/00 反乌托邦文学|反乌托邦文学]],,,,,自动通过,metadata_pending,,,,,,,,UNRESEARCHED,
桥.md,WL-WORK-1748,桥,,哈特·克莱恩,Hart Crane,,WL-TOPIC-M3-MODERNISM,[[../30 专题/M3.1 现代主义/00 现代主义文学|现代主义文学]],,,,,自动通过,metadata_pending,,,,,,,,UNRESEARCHED,
桶子.md,WL-WORK-0053,桶子,The Cask,弗里曼·克罗夫茨,Crofts,,WL-TOPIC-G45-MYSTERY,[[../30 专题/QT1 推理与犯罪叙事/00 推理文学|推理文学]],,,,,自动通过,,,,,,,,,UNRESEARCHED,
梦与现实.md,WL-WORK-1750,梦与现实,,胡安娜·曼努埃拉·戈里蒂,,,WL-TOPIC-R6-LATAM,[[../30 专题/R6 拉丁美洲与加勒比/00 拉丁美洲文学|拉丁美洲文学]],,,,,自动通过,metadata_pending,,,,,,,,UNRESEARCHED,
梦之共和国.md,WL-WORK-1751,梦之共和国,,内莉达·皮尼翁,,,WL-TOPIC-R6-LATAM,[[../30 专题/R6 拉丁美洲与加勒比/00 拉丁美洲文学|拉丁美洲文学]],,,,,自动通过,metadata_pending,,,,,,,,UNRESEARCHED,
楼门五三桐.md,WL-WORK-2552,楼门五三桐,,并木五瓶,,,WL-TOPIC-Q15;WL-TOPIC-Q15-OUTLAW,[[../30 专题/QT8 英雄、边疆与法外者文化传统/00 世界武人、边疆与法外英雄文学|世界武人、边疆与法外英雄文学]];[[../30 专题/QT8.7 侠盗/00 侠盗文学|侠盗文学]],,,,,自动通过,metadata_pending,,,,,,,,UNRESEARCHED,
樱树抽芽时，想你.md,WL-WORK-0197,樱树抽芽时，想你,,旧版常见译名,,,WL-TOPIC-G45-MYSTERY,[[../30 专题/QT1 推理与犯罪叙事/00 推理文学|推理文学]],,,,,需复核,,,,,,,,,UNRESEARCHED,
欢乐之家.md,WL-WORK-1168,欢乐之家,Fun Home,艾莉森·贝克德尔,Alison Bechdel,,WL-TOPIC-G43-BILDUNGSROMAN,[[../30 专题/QH2.5 童年与成长/00 成长文学|成长文学]],,,,,自动通过,metadata_pending,,,,,,,,UNRESEARCHED,
歌唱的白骨.md,WL-WORK-0017,歌唱的白骨,,R.奥斯汀·弗里曼,,,WL-TOPIC-G45-MYSTERY,[[../30 专题/QT1 推理与犯罪叙事/00 推理文学|推理文学]],,,,,自动通过,,,,,,,,,UNRESEARCHED,
歌集.md,WL-WORK-2086,歌集,,彼特拉克,Petrarch,,WL-TOPIC-Q2-LOVE,[[../30 专题/QH2.1 爱情与欲望/00 爱情与欲望|爱情与欲望]],,,,,自动通过,metadata_pending,,,,,,,,UNRESEARCHED,
武士道：日本的灵魂.md,WL-WORK-2557,武士道：日本的灵魂,Bushido: The Soul of Japan,新渡户稻造,,,WL-TOPIC-Q15;WL-TOPIC-Q15-SAMURAI,[[../30 专题/QT8 英雄、边疆与法外者文化传统/00 世界武人、边疆与法外英雄文学|世界武人、边疆与法外英雄文学]];[[../30 专题/QT8.3 日本武士与剑豪/00 日本武士与剑豪文学|日本武士与剑豪文学]],,,,,自动通过,metadata_pending,,,,,,,,UNRESEARCHED,
武家义理物语.md,WL-WORK-2558,武家义理物语,Buke Giri Monogatari,井原西鹤,,,WL-TOPIC-Q15;WL-TOPIC-Q15-SAMURAI,[[../30 专题/QT8 英雄、边疆与法外者文化传统/00 世界武人、边疆与法外英雄文学|世界武人、边疆与法外英雄文学]];[[../30 专题/QT8.3 日本武士与剑豪/00 日本武士与剑豪文学|日本武士与剑豪文学]],,,,,自动通过,metadata_pending,,,,,,,,UNRESEARCHED,
武田信玄.md,WL-WORK-2560,武田信玄,,新田次郎,,,WL-TOPIC-Q15;WL-TOPIC-Q15-SAMURAI,[[../30 专题/QT8 英雄、边疆与法外者文化传统/00 世界武人、边疆与法外英雄文学|世界武人、边疆与法外英雄文学]];[[../30 专题/QT8.3 日本武士与剑豪/00 日本武士与剑豪文学|日本武士与剑豪文学]],,,,,自动通过,metadata_pending,,,,,,,,UNRESEARCHED,
武道传来记.md,WL-WORK-2561,武道传来记,Budō Denraiki,井原西鹤,,,WL-TOPIC-Q15;WL-TOPIC-Q15-SAMURAI,[[../30 专题/QT8 英雄、边疆与法外者文化传统/00 世界武人、边疆与法外英雄文学|世界武人、边疆与法外英雄文学]];[[../30 专题/QT8.3 日本武士与剑豪/00 日本武士与剑豪文学|日本武士与剑豪文学]],,,,,自动通过,metadata_pending,,,,,,,,UNRESEARCHED,
武道初心集.md,WL-WORK-2562,武道初心集,Budō Shoshinshū,大道寺友山,,,WL-TOPIC-Q15;WL-TOPIC-Q15-SAMURAI,[[../30 专题/QT8 英雄、边疆与法外者文化传统/00 世界武人、边疆与法外英雄文学|世界武人、边疆与法外英雄文学]];[[../30 专题/QT8.3 日本武士与剑豪/00 日本武士与剑豪文学|日本武士与剑豪文学]],,,,,自动通过,metadata_pending,,,,,,,,UNRESEARCHED,
死亡与生命，塞韦里诺.md,WL-WORK-1757,死亡与生命，塞韦里诺,,若昂·卡布拉尔·德·梅洛·内托,,,WL-TOPIC-R6-LATAM,[[../30 专题/R6 拉丁美洲与加勒比/00 拉丁美洲文学|拉丁美洲文学]],,,,,自动通过,metadata_pending,,,,,,,,UNRESEARCHED,
死亡之谜.md,WL-WORK-0122,死亡之谜,Déjà Dead,凯西·莱克斯,Kathy Reichs,,WL-TOPIC-G45-MYSTERY,[[../30 专题/QT1 推理与犯罪叙事/00 推理文学|推理文学]],,,,,自动通过,,,,,,,,,UNRESEARCHED,
死亡通知单：暗黑者.md,WL-WORK-0246,死亡通知单：暗黑者,,周浩晖,,,WL-TOPIC-G45-MYSTERY,[[../30 专题/QT1 推理与犯罪叙事/00 推理文学|推理文学]],,,,,自动通过,,,,,,,,,UNRESEARCHED,
死梦之歌.md,WL-WORK-0745,死梦之歌,,佚名,,,WL-TOPIC-G45-HORROR,[[../30 专题/QT4 恐怖与哥特/00 恐怖文学|恐怖文学]],,,,,自动通过,metadata_pending,,,,,,,,UNRESEARCHED,
母狗.md,WL-WORK-1758,母狗,,皮拉尔·金塔纳,Pilar Quintana,,WL-TOPIC-R6-LATAM,[[../30 专题/R6 拉丁美洲与加勒比/00 拉丁美洲文学|拉丁美洲文学]],,,,,自动通过,metadata_pending,,,,,,,,UNRESEARCHED,
母系.md,WL-WORK-1171,母系,,苏齐·麦基·查纳斯,Suzy McKee Charnas,,WL-TOPIC-G46-DYSTOPIA,[[../30 专题/QT6 乌托邦、反乌托邦与社会想象/00 反乌托邦文学|反乌托邦文学]],,,,,自动通过,metadata_pending,,,,,,,,UNRESEARCHED,
母语.md,WL-WORK-1172,母语,,苏泽特·黑登·埃尔金,Suzette Haden Elgin,,WL-TOPIC-G46-DYSTOPIA,[[../30 专题/QT6 乌托邦、反乌托邦与社会想象/00 反乌托邦文学|反乌托邦文学]],,,,,自动通过,metadata_pending,,,,,,,,UNRESEARCHED,
毛猿.md,WL-WORK-1760,毛猿,,尤金·奥尼尔,Eugene O'Neill,,WL-TOPIC-M3-MODERNISM,[[../30 专题/M3.1 现代主义/00 现代主义文学|现代主义文学]],,,,,自动通过,metadata_pending,,,,,,,,UNRESEARCHED,
水的形状.md,WL-WORK-0238,水的形状,,安德烈亚·卡米莱里,Andrea Camilleri,,WL-TOPIC-G45-MYSTERY,[[../30 专题/QT1 推理与犯罪叙事/00 推理文学|推理文学]],,,,,自动通过,,,,,,,,,UNRESEARCHED,
永州八记.md,WL-WORK-1480,永州八记,,柳宗元,,,WL-TOPIC-G7-TRAVEL,[[../30 专题/QT14 旅行与游记/00 旅行文学|旅行文学]],,,,,自动通过,metadata_pending,,,,,,,,UNRESEARCHED,
永恒之王.md,WL-WORK-0749,永恒之王,,T.H.怀特,T.H. White,,WL-TOPIC-G45-FANTASY;WL-TOPIC-Q15;WL-TOPIC-Q15-KNIGHT,[[../30 专题/QT3 奇幻/00 奇幻文学|奇幻文学]];[[../30 专题/QT8 英雄、边疆与法外者文化传统/00 世界武人、边疆与法外英雄文学|世界武人、边疆与法外英雄文学]];[[../30 专题/QT8.2 欧洲骑士/00 欧洲骑士文学|欧洲骑士文学]],,,,,自动通过,metadata_pending,,,,,,,,UNRESEARCHED,
永恒者.md,WL-WORK-0471,永恒者,El Eternauta,埃克托尔·赫尔曼·奥斯特尔德,Héctor Germán Oesterheld,,WL-TOPIC-G45-SF,[[../30 专题/QT2 科幻/00 科幻文学|科幻文学]],,,,,自动通过,,,,,,,,,UNRESEARCHED,
永远讲不完的故事.md,WL-WORK-0750,永远讲不完的故事,,米切尔·恩德,Michael Ende,,WL-TOPIC-G45-FANTASY,[[../30 专题/QT3 奇幻/00 奇幻文学|奇幻文学]],,,,,自动通过,metadata_pending,,,,,,,,UNRESEARCHED,
汉书.md,WL-WORK-1177,汉书,,班固,,,WL-TOPIC-G44-HISTORICAL,[[../30 专题/QT7 历史叙事/00 历史文学|历史文学]],,,,,自动通过,metadata_pending,,,,,,,,UNRESEARCHED,
江湖奇侠传.md,WL-WORK-2565,江湖奇侠传,,平江不肖生,,,WL-TOPIC-Q15;WL-TOPIC-Q15-WUXIA,[[../30 专题/QT8 英雄、边疆与法外者文化传统/00 世界武人、边疆与法外英雄文学|世界武人、边疆与法外英雄文学]];[[../30 专题/QT8.1 武侠/00 武侠文学|武侠文学]],,,,,自动通过,metadata_pending,,,,,,,,UNRESEARCHED,
沙娜拉之剑.md,WL-WORK-0755,沙娜拉之剑,,特里·布鲁克斯,Terry Brooks,,WL-TOPIC-G45-FANTASY,[[../30 专题/QT3 奇幻/00 奇幻文学|奇幻文学]],,,,,自动通过,metadata_pending,,,,,,,,UNRESEARCHED,
沙漠之年.md,WL-WORK-1181,沙漠之年,,佩德罗·迈拉尔,Pedro Mairal,,WL-TOPIC-G46-DYSTOPIA,[[../30 专题/QT6 乌托邦、反乌托邦与社会想象/00 反乌托邦文学|反乌托邦文学]],,,,,自动通过,metadata_pending,,,,,,,,UNRESEARCHED,
没有人会看见我哭泣.md,WL-WORK-1762,没有人会看见我哭泣,,克里斯蒂娜·里维拉·加尔萨,,,WL-TOPIC-R6-LATAM,[[../30 专题/R6 拉丁美洲与加勒比/00 拉丁美洲文学|拉丁美洲文学]],,,,,自动通过,metadata_pending,,,,,,,,UNRESEARCHED,
法兰西组曲.md,WL-WORK-1182,法兰西组曲,,伊雷娜·内米洛夫斯基,Irène Némirovsky,,WL-TOPIC-G44-HISTORICAL;WL-TOPIC-Q6-WAR,[[../30 专题/QT7 历史叙事/00 历史文学|历史文学]];[[../30 专题/QH6 战争、暴力与创伤/00 战争文学|战争文学]],,,,,自动通过,metadata_pending,,,,,,,,UNRESEARCHED,
波希米亚之光.md,WL-WORK-1766,波希米亚之光,,巴列-因克兰,Ramón del Valle-Inclán,,WL-TOPIC-M3-MODERNISM,[[../30 专题/M3.1 现代主义/00 现代主义文学|现代主义文学]],,,,,自动通过,metadata_pending,,,,,,,,UNRESEARCHED,
洗尸人.md,WL-WORK-2089,洗尸人,,锡南·安通,Sinan Antoon,,WL-TOPIC-Q6-WAR,[[../30 专题/QH6 战争、暴力与创伤/00 战争文学|战争文学]],,,,,自动通过,metadata_pending,,,,,,,,UNRESEARCHED,
洞.md,WL-WORK-0759,洞,,卞惠英,,,WL-TOPIC-G45-HORROR,[[../30 专题/QT4 恐怖与哥特/00 恐怖文学|恐怖文学]],,,,,自动通过,metadata_pending,,,,,,,,UNRESEARCHED,
洞中人.md,WL-WORK-1768,洞中人,,陶菲格·哈基姆,Tawfiq al-Hakim,,WL-TOPIC-M3-MODERNISM,[[../30 专题/M3.1 现代主义/00 现代主义文学|现代主义文学]],,,,,自动通过,metadata_pending,,,,,,,,UNRESEARCHED,
海中公牛.md,WL-WORK-1189,海中公牛,,古希腊,,,WL-TOPIC-G44-HISTORICAL,[[../30 专题/QT7 历史叙事/00 历史文学|历史文学]],,,,,自动通过,metadata_pending,,,,,,,,UNRESEARCHED,
海因里希·冯·奥夫特丁根.md,WL-WORK-1190,海因里希·冯·奥夫特丁根,,诺瓦利斯,Novalis,,WL-TOPIC-G43-BILDUNGSROMAN,[[../30 专题/QH2.5 童年与成长/00 成长文学|成长文学]],,,,,自动通过,metadata_pending,,,,,,,,UNRESEARCHED,
海园.md,WL-WORK-1771,海园,,希尔达·杜利特尔,H.D.,,WL-TOPIC-M3-MODERNISM,[[../30 专题/M3.1 现代主义/00 现代主义文学|现代主义文学]],,,,,自动通过,metadata_pending,,,,,,,,UNRESEARCHED,
海的沉默.md,WL-WORK-2091,海的沉默,,韦科尔,Vercors,,WL-TOPIC-Q6-WAR,[[../30 专题/QH6 战争、暴力与创伤/00 战争文学|战争文学]],,,,,自动通过,metadata_pending,,,,,,,,UNRESEARCHED,
消失的另一半.md,WL-WORK-1191,消失的另一半,,布丽特·贝内特,Brit Bennett,,WL-TOPIC-G43-FAMILY,[[../30 专题/QH2.3 家庭与家族/00 家庭与家族|家庭与家族]],,,,,自动通过,metadata_pending,,,,,,,,UNRESEARCHED,
淮南子.md,WL-WORK-1483,淮南子,,刘安,,,WL-TOPIC-G1-MYTH,[[../30 专题/QT9 神话、传说与民间叙事/00 世界神话文学|世界神话文学]],,,,,自动通过,metadata_pending,,,,,,,,UNRESEARCHED,
深沉的河流.md,WL-WORK-1192,深沉的河流,,何塞·玛丽亚·阿格达斯,José María Arguedas,,WL-TOPIC-G43-BILDUNGSROMAN;WL-TOPIC-R6-LATAM,[[../30 专题/QH2.5 童年与成长/00 成长文学|成长文学]];[[../30 专题/R6 拉丁美洲与加勒比/00 拉丁美洲文学|拉丁美洲文学]],,,,,自动通过,metadata_pending,,,,,,,,UNRESEARCHED,
混乱的仪式.md,WL-WORK-1778,混乱的仪式,,卡洛斯·蒙西瓦伊斯,,,WL-TOPIC-R6-LATAM,[[../30 专题/R6 拉丁美洲与加勒比/00 拉丁美洲文学|拉丁美洲文学]],,,,,自动通过,metadata_pending,,,,,,,,UNRESEARCHED,
混沌行走：永不放下的猎刀.md,WL-WORK-1194,混沌行走：永不放下的猎刀,,帕特里克·内斯,Patrick Ness,,WL-TOPIC-G46-DYSTOPIA,[[../30 专题/QT6 乌托邦、反乌托邦与社会想象/00 反乌托邦文学|反乌托邦文学]],,,,,自动通过,metadata_pending,,,,,,,,UNRESEARCHED,
漩涡.md,WL-WORK-0763,漩涡,,何塞·欧斯塔西奥·里韦拉,José Eustasio Rivera,,WL-TOPIC-G45-ADVENTURE;WL-TOPIC-R6-LATAM,[[../30 专题/QT5 冒险与探索叙事/00 冒险文学|冒险文学]];[[../30 专题/R6 拉丁美洲与加勒比/00 拉丁美洲文学|拉丁美洲文学]],,,,,自动通过,metadata_pending,,,,,,,,UNRESEARCHED,
漫歌.md,WL-WORK-1780,漫歌,,巴勃罗·聂鲁达,,,WL-TOPIC-R6-LATAM,[[../30 专题/R6 拉丁美洲与加勒比/00 拉丁美洲文学|拉丁美洲文学]],,,,,自动通过,metadata_pending,,,,,,,,UNRESEARCHED,
漫游者梅尔莫斯.md,WL-WORK-0764,漫游者梅尔莫斯,,查尔斯·马图林,Charles Maturin,,WL-TOPIC-G45-HORROR,[[../30 专题/QT4 恐怖与哥特/00 恐怖文学|恐怖文学]],,,,,自动通过,metadata_pending,,,,,,,,UNRESEARCHED,
漫漫长路.md,WL-WORK-1197,漫漫长路,,塞巴斯蒂安·巴里,Sebastian Barry,,WL-TOPIC-G44-HISTORICAL,[[../30 专题/QT7 历史叙事/00 历史文学|历史文学]],,,,,自动通过,metadata_pending,,,,,,,,UNRESEARCHED,
漫长的歌.md,WL-WORK-1198,漫长的歌,,安德烈娅·利维,Andrea Levy,,WL-TOPIC-G44-HISTORICAL,[[../30 专题/QT7 历史叙事/00 历史文学|历史文学]],,,,,自动通过,metadata_pending,,,,,,,,UNRESEARCHED,
火焰与花朵.md,WL-WORK-2092,火焰与花朵,The Flame and the Flower,凯瑟琳·E.伍迪维斯,Kathleen E. Woodiwiss,,WL-TOPIC-Q2-LOVE,[[../30 专题/QH2.1 爱情与欲望/00 爱情与欲望|爱情与欲望]],,,,,自动通过,metadata_pending,,,,,,,,UNRESEARCHED,
火线.md,WL-WORK-1202,火线,,亨利·巴比塞,Barbusse,,WL-TOPIC-G44-HISTORICAL;WL-TOPIC-Q6-WAR,[[../30 专题/QT7 历史叙事/00 历史文学|历史文学]];[[../30 专题/QH6 战争、暴力与创伤/00 战争文学|战争文学]],,,,,自动通过,metadata_pending,,,,,,,,UNRESEARCHED,
火车上的女孩.md,WL-WORK-0131,火车上的女孩,,宝拉·霍金斯,Paula Hawkins,,WL-TOPIC-G45-MYSTERY,[[../30 专题/QT1 推理与犯罪叙事/00 推理文学|推理文学]],,,,,自动通过,,,,,,,,,UNRESEARCHED,
炽热的岩石.md,WL-WORK-0256,炽热的岩石,The Hot Rock,唐纳德·E.韦斯特莱克,Donald E. Westlake,,WL-TOPIC-G45-MYSTERY,[[../30 专题/QT1 推理与犯罪叙事/00 推理文学|推理文学]],,,,,自动通过,,,,,,,,,UNRESEARCHED,
熊与夜莺.md,WL-WORK-0766,熊与夜莺,,凯瑟琳·阿登,Katherine Arden,,WL-TOPIC-G45-FANTASY,[[../30 专题/QT3 奇幻/00 奇幻文学|奇幻文学]],,,,,自动通过,metadata_pending,,,,,,,,UNRESEARCHED,
熙德之歌.md,WL-WORK-1204,熙德之歌,,佚名,,,WL-TOPIC-G44-HISTORICAL;WL-TOPIC-Q15;WL-TOPIC-Q15-KNIGHT,[[../30 专题/QT7 历史叙事/00 历史文学|历史文学]];[[../30 专题/QT8 英雄、边疆与法外者文化传统/00 世界武人、边疆与法外英雄文学|世界武人、边疆与法外英雄文学]];[[../30 专题/QT8.2 欧洲骑士/00 欧洲骑士文学|欧洲骑士文学]],,,,,自动通过,metadata_pending,,,,,,,,UNRESEARCHED,
燃烧的银.md,WL-WORK-1785,燃烧的银,,里卡多·皮格利亚,,,WL-TOPIC-R6-LATAM,[[../30 专题/R6 拉丁美洲与加勒比/00 拉丁美洲文学|拉丁美洲文学]],,,,,自动通过,metadata_pending,,,,,,,,UNRESEARCHED,
燕子号与亚马逊号.md,WL-WORK-0767,燕子号与亚马逊号,,阿瑟·兰塞姆,Arthur Ransome,,WL-TOPIC-G45-ADVENTURE,[[../30 专题/QT5 冒险与探索叙事/00 冒险文学|冒险文学]],,,,,自动通过,metadata_pending,,,,,,,,UNRESEARCHED,
爱情、疯狂与死亡的故事.md,WL-WORK-1786,爱情、疯狂与死亡的故事,,短篇小说开始成为超级强项,,,WL-TOPIC-R6-LATAM,[[../30 专题/R6 拉丁美洲与加勒比/00 拉丁美洲文学|拉丁美洲文学]],,,,,自动通过,metadata_pending,,,,,,,,UNRESEARCHED,
爱情诗.md,WL-WORK-1787,爱情诗,,伊黛亚·比拉里尼奥,Idea Vilariño,,WL-TOPIC-R6-LATAM,[[../30 专题/R6 拉丁美洲与加勒比/00 拉丁美洲文学|拉丁美洲文学]],,,,,自动通过,metadata_pending,,,,,,,,UNRESEARCHED,
爱狗男人.md,WL-WORK-1788,爱狗男人,,古巴当代,,,WL-TOPIC-R6-LATAM,[[../30 专题/R6 拉丁美洲与加勒比/00 拉丁美洲文学|拉丁美洲文学]],,,,,自动通过,metadata_pending,,,,,,,,UNRESEARCHED,
牛轭事件.md,WL-WORK-2569,牛轭事件,The Ox-Bow Incident,沃尔特·范蒂尔伯格·克拉克,Walter Van Tilburg Clark,,WL-TOPIC-Q15;WL-TOPIC-Q15-WESTERN,[[../30 专题/QT8 英雄、边疆与法外者文化传统/00 世界武人、边疆与法外英雄文学|世界武人、边疆与法外英雄文学]];[[../30 专题/QT8.5 西部/00 西部文学|西部文学]],,,,,自动通过,metadata_pending,,,,,,,,UNRESEARCHED,
特伦特最后一案.md,WL-WORK-0018,特伦特最后一案,,E.C.本特利,,,WL-TOPIC-G45-MYSTERY,[[../30 专题/QT1 推理与犯罪叙事/00 推理文学|推理文学]],,,,,自动通过,,,,,,,,,UNRESEARCHED,
特辖军的一天.md,WL-WORK-1210,特辖军的一天,,弗拉基米尔·索罗金,Vladimir Sorokin,,WL-TOPIC-G46-DYSTOPIA,[[../30 专题/QT6 乌托邦、反乌托邦与社会想象/00 反乌托邦文学|反乌托邦文学]],,,,,自动通过,metadata_pending,,,,,,,,UNRESEARCHED,
特里尔塞.md,WL-WORK-1791,特里尔塞,,塞萨尔·巴列霍,,,WL-TOPIC-R6-LATAM;WL-TOPIC-M3-MODERNISM,[[../30 专题/R6 拉丁美洲与加勒比/00 拉丁美洲文学|拉丁美洲文学]];[[../30 专题/M3.1 现代主义/00 现代主义文学|现代主义文学]],,,,,自动通过,metadata_pending,,,,,,,,UNRESEARCHED,
特里斯坦与伊瑟.md,WL-WORK-2099,特里斯坦与伊瑟,,佚名,,,WL-TOPIC-Q2-LOVE,[[../30 专题/QH2.1 爱情与欲望/00 爱情与欲望|爱情与欲望]],,,,,自动通过,metadata_pending,,,,,,,,UNRESEARCHED,
犬之力.md,WL-WORK-2570,犬之力,The Power of the Dog,托马斯·萨维奇,Thomas Savage,,WL-TOPIC-Q15;WL-TOPIC-Q15-WESTERN,[[../30 专题/QT8 英雄、边疆与法外者文化传统/00 世界武人、边疆与法外英雄文学|世界武人、边疆与法外英雄文学]];[[../30 专题/QT8.5 西部/00 西部文学|西部文学]],,,,,自动通过,metadata_pending,,,,,,,,UNRESEARCHED,
狄安娜之树.md,WL-WORK-1792,狄安娜之树,,阿莱杭德拉·皮扎尼克,,,WL-TOPIC-R6-LATAM,[[../30 专题/R6 拉丁美洲与加勒比/00 拉丁美洲文学|拉丁美洲文学]],,,,,自动通过,metadata_pending,,,,,,,,UNRESEARCHED,
独行道.md,WL-WORK-2571,独行道,Dokkōdō,宫本武藏,,,WL-TOPIC-Q15;WL-TOPIC-Q15-SAMURAI,[[../30 专题/QT8 英雄、边疆与法外者文化传统/00 世界武人、边疆与法外英雄文学|世界武人、边疆与法外英雄文学]];[[../30 专题/QT8.3 日本武士与剑豪/00 日本武士与剑豪文学|日本武士与剑豪文学]],,,,,自动通过,metadata_pending,,,,,,,,UNRESEARCHED,
猎人.md,WL-WORK-0255,猎人,The Hunter,理查德·斯塔克,Richard Stark,,WL-TOPIC-G45-MYSTERY,[[../30 专题/QT1 推理与犯罪叙事/00 推理文学|推理文学]],,,,,自动通过,,,,,,,,,UNRESEARCHED,
玛丽亚.md,WL-WORK-1796,玛丽亚,,豪尔赫·伊萨克斯,,,WL-TOPIC-R6-LATAM,[[../30 专题/R6 拉丁美洲与加勒比/00 拉丁美洲文学|拉丁美洲文学]],,,,,自动通过,metadata_pending,,,,,,,,UNRESEARCHED,
玛纳斯史诗.md,WL-WORK-1486,玛纳斯史诗,,吉尔吉斯,,,WL-TOPIC-G1-MYTH,[[../30 专题/QT9 神话、传说与民间叙事/00 世界神话文学|世界神话文学]],,,,,自动通过,metadata_pending,,,,,,,,UNRESEARCHED,
玫瑰水.md,WL-WORK-0475,玫瑰水,,塔德·汤普森,Tade Thompson,,WL-TOPIC-G45-SF;WL-TOPIC-G46-DYSTOPIA,[[../30 专题/QT2 科幻/00 科幻文学|科幻文学]];[[../30 专题/QT6 乌托邦、反乌托邦与社会想象/00 反乌托邦文学|反乌托邦文学]],,,,,自动通过,,,,,,,,,UNRESEARCHED,
玫瑰的名字.md,WL-WORK-0132,玫瑰的名字,,翁贝托·埃科,,,WL-TOPIC-G45-MYSTERY;WL-TOPIC-G44-HISTORICAL,[[../30 专题/QT1 推理与犯罪叙事/00 推理文学|推理文学]];[[../30 专题/QT7 历史叙事/00 历史文学|历史文学]],,,,,自动通过,,,,,,,,,UNRESEARCHED,
珊瑚岛上的死光.md,WL-WORK-0453,珊瑚岛上的死光,,童恩正,,,WL-TOPIC-G45-SF,[[../30 专题/QT2 科幻/00 科幻文学|科幻文学]],,,,,自动通过,,,,,,,,,UNRESEARCHED,
瑞士家庭鲁滨逊.md,WL-WORK-0779,瑞士家庭鲁滨逊,Swiss Family Robinson,约翰·戴维·维斯,Johann David Wyss,,WL-TOPIC-G45-ADVENTURE,[[../30 专题/QT5 冒险与探索叙事/00 冒险文学|冒险文学]],,,,,自动通过,metadata_pending,,,,,,,,UNRESEARCHED,
瓜拉尼人.md,WL-WORK-1799,瓜拉尼人,,若泽·德·阿伦卡尔,,,WL-TOPIC-R6-LATAM,[[../30 专题/R6 拉丁美洲与加勒比/00 拉丁美洲文学|拉丁美洲文学]],,,,,自动通过,metadata_pending,,,,,,,,UNRESEARCHED,
瓦尔塔里之歌.md,WL-WORK-2573,瓦尔塔里之歌,Waltharius,佚名,,,WL-TOPIC-Q15;WL-TOPIC-Q15-KNIGHT,[[../30 专题/QT8 英雄、边疆与法外者文化传统/00 世界武人、边疆与法外英雄文学|世界武人、边疆与法外英雄文学]];[[../30 专题/QT8.2 欧洲骑士/00 欧洲骑士文学|欧洲骑士文学]],,,,,自动通过,metadata_pending,,,,,,,,UNRESEARCHED,
瓦泰克.md,WL-WORK-0780,瓦泰克,,威廉·贝克福德,William Beckford,,WL-TOPIC-G45-HORROR,[[../30 专题/QT4 恐怖与哥特/00 恐怖文学|恐怖文学]],,,,,自动通过,metadata_pending,,,,,,,,UNRESEARCHED,
瓦罗奇里手稿.md,WL-WORK-1488,瓦罗奇里手稿,,安第斯,,,WL-TOPIC-G1-MYTH;WL-TOPIC-R6-LATAM,[[../30 专题/QT9 神话、传说与民间叙事/00 世界神话文学|世界神话文学]];[[../30 专题/R6 拉丁美洲与加勒比/00 拉丁美洲文学|拉丁美洲文学]],,,,,自动通过,metadata_pending,,,,,,,,UNRESEARCHED,
瓦西蓬戈.md,WL-WORK-1800,瓦西蓬戈,,豪尔赫·伊卡萨,,,WL-TOPIC-R6-LATAM,[[../30 专题/R6 拉丁美洲与加勒比/00 拉丁美洲文学|拉丁美洲文学]],,,,,自动通过,metadata_pending,,,,,,,,UNRESEARCHED,
瓦西里·焦尔金.md,WL-WORK-2100,瓦西里·焦尔金,,亚历山大·特瓦尔多夫斯基,Alexander Tvardovsky,,WL-TOPIC-Q6-WAR,[[../30 专题/QH6 战争、暴力与创伤/00 战争文学|战争文学]],,,,,自动通过,metadata_pending,,,,,,,,UNRESEARCHED,
甘蔗.md,WL-WORK-1801,甘蔗,,琼·图默,Jean Toomer,,WL-TOPIC-M3-MODERNISM,[[../30 专题/M3.1 现代主义/00 现代主义文学|现代主义文学]],,,,,自动通过,metadata_pending,,,,,,,,UNRESEARCHED,
生人勿进.md,WL-WORK-0781,生人勿进,,约翰·阿维德·林德奎斯特,John Ajvide Lindqvist,,WL-TOPIC-G45-HORROR,[[../30 专题/QT4 恐怖与哥特/00 恐怖文学|恐怖文学]],,,,,自动通过,metadata_pending,,,,,,,,UNRESEARCHED,
生命不息.md,WL-WORK-1217,生命不息,,凯特·阿特金森,Kate Atkinson,,WL-TOPIC-G44-HISTORICAL,[[../30 专题/QT7 历史叙事/00 历史文学|历史文学]],,,,,自动通过,metadata_pending,,,,,,,,UNRESEARCHED,
生命与希望之歌.md,WL-WORK-1802,生命与希望之歌,,鲁文·达里奥,,,WL-TOPIC-R6-LATAM,[[../30 专题/R6 拉丁美洲与加勒比/00 拉丁美洲文学|拉丁美洲文学]],,,,,自动通过,metadata_pending,,,,,,,,UNRESEARCHED,
生命之歌.md,WL-WORK-0455,生命之歌,,王晋康,,,WL-TOPIC-G45-SF,[[../30 专题/QT2 科幻/00 科幻文学|科幻文学]],,,,,自动通过,,,,,,,,,UNRESEARCHED,
生死场.md,WL-WORK-2101,生死场,,萧红,,,WL-TOPIC-Q6-WAR,[[../30 专题/QH6 战争、暴力与创伤/00 战争文学|战争文学]],,,,,自动通过,metadata_pending,,,,,,,,UNRESEARCHED,
生者与死者.md,WL-WORK-2102,生者与死者,,康斯坦丁·西蒙诺夫,Konstantin Simonov,,WL-TOPIC-Q6-WAR,[[../30 专题/QH6 战争、暴力与创伤/00 战争文学|战争文学]],,,,,自动通过,metadata_pending,,,,,,,,UNRESEARCHED,
田纳西的伙伴.md,WL-WORK-2575,田纳西的伙伴,Tennessee's Partner,布雷特·哈特,Bret Harte,,WL-TOPIC-Q15;WL-TOPIC-Q15-WESTERN,[[../30 专题/QT8 英雄、边疆与法外者文化传统/00 世界武人、边疆与法外英雄文学|世界武人、边疆与法外英雄文学]];[[../30 专题/QT8.5 西部/00 西部文学|西部文学]],,,,,自动通过,metadata_pending,,,,,,,,UNRESEARCHED,
甲虫.md,WL-WORK-0782,甲虫,,理查德·马什,Richard Marsh,,WL-TOPIC-G45-HORROR,[[../30 专题/QT4 恐怖与哥特/00 恐怖文学|恐怖文学]],,,,,自动通过,metadata_pending,,,,,,,,UNRESEARCHED,
男孩、雪、鸟.md,WL-WORK-0783,男孩、雪、鸟,,海伦·奥耶耶米,Helen Oyeyemi,,WL-TOPIC-G45-FANTASY,[[../30 专题/QT3 奇幻/00 奇幻文学|奇幻文学]],,,,,自动通过,metadata_pending,,,,,,,,UNRESEARCHED,
留下来陪我.md,WL-WORK-2103,留下来陪我,,阿约芭米·阿德巴约,Ayọ̀bámi Adébáyọ̀,,WL-TOPIC-Q2-LOVE,[[../30 专题/QH2.1 爱情与欲望/00 爱情与欲望|爱情与欲望]],,,,,自动通过,metadata_pending,,,,,,,,UNRESEARCHED,
疯狂欲望.md,WL-WORK-1805,疯狂欲望,,佩德罗·莱梅贝尔,Pedro Lemebel,,WL-TOPIC-R6-LATAM,[[../30 专题/R6 拉丁美洲与加勒比/00 拉丁美洲文学|拉丁美洲文学]],,,,,自动通过,metadata_pending,,,,,,,,UNRESEARCHED,
疯狂的奥兰多.md,WL-WORK-2578,疯狂的奥兰多,Orlando Furioso,卢多维科·阿里奥斯托,Ludovico Ariosto,,WL-TOPIC-Q15;WL-TOPIC-Q15-KNIGHT,[[../30 专题/QT8 英雄、边疆与法外者文化传统/00 世界武人、边疆与法外英雄文学|世界武人、边疆与法外英雄文学]];[[../30 专题/QT8.2 欧洲骑士/00 欧洲骑士文学|欧洲骑士文学]],,,,,自动通过,metadata_pending,,,,,,,,UNRESEARCHED,
疲倦的布鲁斯.md,WL-WORK-1806,疲倦的布鲁斯,,兰斯顿·休斯,Langston Hughes,,WL-TOPIC-M3-MODERNISM,[[../30 专题/M3.1 现代主义/00 现代主义文学|现代主义文学]],,,,,自动通过,metadata_pending,,,,,,,,UNRESEARCHED,
痛苦与狂喜.md,WL-WORK-1221,痛苦与狂喜,,欧文·斯通,Irving Stone,,WL-TOPIC-G44-HISTORICAL,[[../30 专题/QT7 历史叙事/00 历史文学|历史文学]],,,,,自动通过,metadata_pending,,,,,,,,UNRESEARCHED,
痴儿西木传.md,WL-WORK-2105,痴儿西木传,,格里美尔斯豪森,Grimmelshausen,,WL-TOPIC-Q6-WAR,[[../30 专题/QH6 战争、暴力与创伤/00 战争文学|战争文学]],,,,,自动通过,metadata_pending,,,,,,,,UNRESEARCHED,
癞皮鹦鹉.md,WL-WORK-1809,癞皮鹦鹉,,费尔南德斯·德·利萨尔迪,,,WL-TOPIC-R6-LATAM,[[../30 专题/R6 拉丁美洲与加勒比/00 拉丁美洲文学|拉丁美洲文学]],,,,,自动通过,metadata_pending,,,,,,,,UNRESEARCHED,
百亿昼与千亿夜.md,WL-WORK-0445,百亿昼与千亿夜,,光濑龙,,,WL-TOPIC-G45-SF,[[../30 专题/QT2 科幻/00 科幻文学|科幻文学]],,,,,自动通过,,,,,,,,,UNRESEARCHED,
盆栽.md,WL-WORK-1810,盆栽,,亚历杭德罗·桑布拉,,,WL-TOPIC-R6-LATAM,[[../30 专题/R6 拉丁美洲与加勒比/00 拉丁美洲文学|拉丁美洲文学]],,,,,自动通过,metadata_pending,,,,,,,,UNRESEARCHED,
盲人行路指南.md,WL-WORK-1811,盲人行路指南,,阿隆索·卡里奥·德拉万德拉,Alonso Carrió de la Vandera,,WL-TOPIC-R6-LATAM,[[../30 专题/R6 拉丁美洲与加勒比/00 拉丁美洲文学|拉丁美洲文学]],,,,,自动通过,metadata_pending,,,,,,,,UNRESEARCHED,
看不见的阿里夫.md,WL-WORK-0788,看不见的阿里夫,,G.威洛·威尔逊,G. Willow Wilson,,WL-TOPIC-G45-FANTASY,[[../30 专题/QT3 奇幻/00 奇幻文学|奇幻文学]],,,,,自动通过,metadata_pending,,,,,,,,UNRESEARCHED,
眩晕.md,WL-WORK-0231,眩晕,D'entre les morts,布瓦洛-纳尔瑟雅克,Boileau-Narcejac,,WL-TOPIC-G45-MYSTERY,[[../30 专题/QT1 推理与犯罪叙事/00 推理文学|推理文学]],,,,,自动通过,,,,,,,,,UNRESEARCHED,
短暂的一生.md,WL-WORK-1814,短暂的一生,,奥内蒂,,,WL-TOPIC-R6-LATAM,[[../30 专题/R6 拉丁美洲与加勒比/00 拉丁美洲文学|拉丁美洲文学]],,,,,自动通过,metadata_pending,,,,,,,,UNRESEARCHED,
礼拜五.md,WL-WORK-0789,礼拜五,,米歇尔·图尼埃,Tournier,,WL-TOPIC-G45-ADVENTURE,[[../30 专题/QT5 冒险与探索叙事/00 冒险文学|冒险文学]],,,,,自动通过,metadata_pending,,,,,,,,UNRESEARCHED,
礼拜五，或太平洋上的灵薄狱.md,WL-WORK-0790,礼拜五，或太平洋上的灵薄狱,,米歇尔·图尼埃,Michel Tournier,,WL-TOPIC-G45-ADVENTURE,[[../30 专题/QT5 冒险与探索叙事/00 冒险文学|冒险文学]],,,,,自动通过,metadata_pending,,,,,,,,UNRESEARCHED,
社交俱乐部命案.md,WL-WORK-0107,社交俱乐部命案,A Clubbable Woman,雷金纳德·希尔,Reginald Hill,,WL-TOPIC-G45-MYSTERY,[[../30 专题/QT1 推理与犯罪叙事/00 推理文学|推理文学]],,,,,自动通过,,,,,,,,,UNRESEARCHED,
福尔赛世家.md,WL-WORK-1232,福尔赛世家,,第二座超级高峰,,,WL-TOPIC-G43-BILDUNGSROMAN;WL-TOPIC-G43-FAMILY,[[../30 专题/QH2.5 童年与成长/00 成长文学|成长文学]];[[../30 专题/QH2.3 家庭与家族/00 家庭与家族|家庭与家族]],,,,,自动通过,metadata_pending,,,,,,,,UNRESEARCHED,
福楼拜的鹦鹉.md,WL-WORK-1233,福楼拜的鹦鹉,,朱利安·巴尔斯,Julian Barnes,,WL-TOPIC-G44-HISTORICAL,[[../30 专题/QT7 历史叙事/00 历史文学|历史文学]],,,,,自动通过,metadata_pending,,,,,,,,UNRESEARCHED,
禧年.md,WL-WORK-1234,禧年,,沃德·穆尔,Ward Moore,,WL-TOPIC-G44-HISTORICAL,[[../30 专题/QT7 历史叙事/00 历史文学|历史文学]],,,,,自动通过,metadata_pending,,,,,,,,UNRESEARCHED,
科莱利上尉的曼陀林.md,WL-WORK-1236,科莱利上尉的曼陀林,,路易斯·德·伯尼埃尔,Louis de Bernières,,WL-TOPIC-G44-HISTORICAL,[[../30 专题/QT7 历史叙事/00 历史文学|历史文学]],,,,,自动通过,metadata_pending,,,,,,,,UNRESEARCHED,
秘密花园.md,WL-WORK-1237,秘密花园,,弗朗西斯·霍奇森·伯内特,Frances Hodgson Burnett,,WL-TOPIC-G43-BILDUNGSROMAN,[[../30 专题/QH2.5 童年与成长/00 成长文学|成长文学]],,,,,自动通过,metadata_pending,,,,,,,,UNRESEARCHED,
秘鲁传说.md,WL-WORK-1822,秘鲁传说,,里卡多·帕尔马,,,WL-TOPIC-R6-LATAM,[[../30 专题/R6 拉丁美洲与加勒比/00 拉丁美洲文学|拉丁美洲文学]],,,,,自动通过,metadata_pending,,,,,,,,UNRESEARCHED,
移动玩具店.md,WL-WORK-0062,移动玩具店,The Moving Toyshop,埃德蒙·克里斯平,Edmund Crispin,,WL-TOPIC-G45-MYSTERY,[[../30 专题/QT1 推理与犯罪叙事/00 推理文学|推理文学]],,,,,自动通过,,,,,,,,,UNRESEARCHED,
移动迷宫.md,WL-WORK-1238,移动迷宫,,詹姆斯·达什纳,James Dashner,,WL-TOPIC-G46-DYSTOPIA,[[../30 专题/QT6 乌托邦、反乌托邦与社会想象/00 反乌托邦文学|反乌托邦文学]],,,,,自动通过,metadata_pending,,,,,,,,UNRESEARCHED,
空中飞马.md,WL-WORK-0198,空中飞马,,北村薰,,,WL-TOPIC-G45-MYSTERY,[[../30 专题/QT1 推理与犯罪叙事/00 推理文学|推理文学]],,,,,自动通过,,,,,,,,,UNRESEARCHED,
空杯.md,WL-WORK-1823,空杯,,德尔米拉·阿古斯蒂尼,,,WL-TOPIC-R6-LATAM,[[../30 专题/R6 拉丁美洲与加勒比/00 拉丁美洲文学|拉丁美洲文学]],,,,,自动通过,metadata_pending,,,,,,,,UNRESEARCHED,
穿越时空的少女.md,WL-WORK-0443,穿越时空的少女,,筒井康隆,,,WL-TOPIC-G45-SF,[[../30 专题/QT2 科幻/00 科幻文学|科幻文学]],,,,,自动通过,,,,,,,,,UNRESEARCHED,
第一女子侦探事务所.md,WL-WORK-0139,第一女子侦探事务所,,亚历山大·麦考尔·史密斯,Alexander McCall Smith,,WL-TOPIC-G45-MYSTERY,[[../30 专题/QT1 推理与犯罪叙事/00 推理文学|推理文学]],,,,,自动通过,,,,,,,,,UNRESEARCHED,
第四翼.md,WL-WORK-0793,第四翼,,丽贝卡·亚罗斯,Rebecca Yarros,,WL-TOPIC-G45-FANTASY,[[../30 专题/QT3 奇幻/00 奇幻文学|奇幻文学]],,,,,自动通过,metadata_pending,,,,,,,,UNRESEARCHED,
笼里的女人.md,WL-WORK-0225,笼里的女人,,尤西·阿德勒-奥尔森,Jussi Adler-Olsen,,WL-TOPIC-G45-MYSTERY,[[../30 专题/QT1 推理与犯罪叙事/00 推理文学|推理文学]],,,,,需复核,,,,,,,,,UNRESEARCHED,
答索尔·菲洛泰亚.md,WL-WORK-1826,答索尔·菲洛泰亚,,索尔·胡安娜,,,WL-TOPIC-R6-LATAM,[[../30 专题/R6 拉丁美洲与加勒比/00 拉丁美洲文学|拉丁美洲文学]],,,,,自动通过,metadata_pending,,,,,,,,UNRESEARCHED,
米夏埃尔·科尔哈斯.md,WL-WORK-2590,米夏埃尔·科尔哈斯,Michael Kohlhaas,克莱斯特,Kleist,,WL-TOPIC-Q15;WL-TOPIC-Q15-OUTLAW,[[../30 专题/QT8 英雄、边疆与法外者文化传统/00 世界武人、边疆与法外英雄文学|世界武人、边疆与法外英雄文学]];[[../30 专题/QT8.7 侠盗/00 侠盗文学|侠盗文学]],,,,,自动通过,metadata_pending,,,,,,,,UNRESEARCHED,
精灵之屋.md,WL-WORK-1246,精灵之屋,,伊莎贝尔·阿连德,Isabel Allende,,WL-TOPIC-G43-FAMILY,[[../30 专题/QH2.3 家庭与家族/00 家庭与家族|家庭与家族]],,,,,自动通过,metadata_pending,,,,,,,,UNRESEARCHED,
精灵守护者.md,WL-WORK-0795,精灵守护者,,上桥菜穗子,,,WL-TOPIC-G45-FANTASY,[[../30 专题/QT3 奇幻/00 奇幻文学|奇幻文学]],,,,,自动通过,metadata_pending,,,,,,,,UNRESEARCHED,
精神病患者.md,WL-WORK-0135,精神病患者,The Alienist,凯莱布·卡尔,Caleb Carr,,WL-TOPIC-G45-MYSTERY,[[../30 专题/QT1 推理与犯罪叙事/00 推理文学|推理文学]],,,,,自动通过,,,,,,,,,UNRESEARCHED,
纠正.md,WL-WORK-1249,纠正,,乔纳森·弗兰岑,Jonathan Franzen,,WL-TOPIC-G43-FAMILY,[[../30 专题/QH2.3 家庭与家族/00 家庭与家族|家庭与家族]],,,,,自动通过,metadata_pending,,,,,,,,UNRESEARCHED,
红日.md,WL-WORK-2113,红日,,吴强,,,WL-TOPIC-Q6-WAR,[[../30 专题/QH6 战争、暴力与创伤/00 战争文学|战争文学]],,,,,自动通过,metadata_pending,,,,,,,,UNRESEARCHED,
红线传.md,WL-WORK-2594,红线传,,袁郊,,,WL-TOPIC-Q15;WL-TOPIC-Q15-WUXIA,[[../30 专题/QT8 英雄、边疆与法外者文化传统/00 世界武人、边疆与法外英雄文学|世界武人、边疆与法外英雄文学]];[[../30 专题/QT8.1 武侠/00 武侠文学|武侠文学]],,,,,自动通过,metadata_pending,,,,,,,,UNRESEARCHED,
红色时钟.md,WL-WORK-1253,红色时钟,,莱妮·祖马斯,Leni Zumas,,WL-TOPIC-G46-DYSTOPIA,[[../30 专题/QT6 乌托邦、反乌托邦与社会想象/00 反乌托邦文学|反乌托邦文学]],,,,,自动通过,metadata_pending,,,,,,,,UNRESEARCHED,
红色海洋.md,WL-WORK-0457,红色海洋,,韩松,,,WL-TOPIC-G45-SF,[[../30 专题/QT2 科幻/00 科幻文学|科幻文学]],,,,,自动通过,,,,,,,,,UNRESEARCHED,
红色英勇勋章.md,WL-WORK-2115,红色英勇勋章,,斯蒂芬·克莱恩,Stephen Crane,,WL-TOPIC-Q6-WAR,[[../30 专题/QH6 战争、暴力与创伤/00 战争文学|战争文学]],,,,,自动通过,metadata_pending,,,,,,,,UNRESEARCHED,
红花侠.md,WL-WORK-1254,红花侠,,奥希兹男爵夫人,Baroness Orczy,,WL-TOPIC-G44-HISTORICAL;WL-TOPIC-Q15;WL-TOPIC-Q15-KNIGHT;WL-TOPIC-Q15-SWASHBUCKLER,[[../30 专题/QT7 历史叙事/00 历史文学|历史文学]];[[../30 专题/QT8 英雄、边疆与法外者文化传统/00 世界武人、边疆与法外英雄文学|世界武人、边疆与法外英雄文学]];[[../30 专题/QT8.2 欧洲骑士/00 欧洲骑士文学|欧洲骑士文学]];[[../30 专题/QT8.4 欧洲剑客/00 欧洲剑客文学|欧洲剑客文学]],,,,,自动通过,metadata_pending,,,,,,,,UNRESEARCHED,
红辣椒.md,WL-WORK-0444,红辣椒,,筒井康隆,,,WL-TOPIC-G45-SF,[[../30 专题/QT2 科幻/00 科幻文学|科幻文学]],,,,,自动通过,,,,,,,,,UNRESEARCHED,
纪尧姆之歌.md,WL-WORK-2595,纪尧姆之歌,La Chanson de Guillaume,佚名,,,WL-TOPIC-Q15;WL-TOPIC-Q15-KNIGHT,[[../30 专题/QT8 英雄、边疆与法外者文化传统/00 世界武人、边疆与法外英雄文学|世界武人、边疆与法外英雄文学]];[[../30 专题/QT8.2 欧洲骑士/00 欧洲骑士文学|欧洲骑士文学]],,,,,自动通过,metadata_pending,,,,,,,,UNRESEARCHED,
纯朴的诗.md,WL-WORK-1828,纯朴的诗,,何塞·马蒂,,,WL-TOPIC-R6-LATAM,[[../30 专题/R6 拉丁美洲与加勒比/00 拉丁美洲文学|拉丁美洲文学]],,,,,自动通过,metadata_pending,,,,,,,,UNRESEARCHED,
细细的红线.md,WL-WORK-2117,细细的红线,,詹姆斯·琼斯,James Jones,,WL-TOPIC-Q6-WAR,[[../30 专题/QH6 战争、暴力与创伤/00 战争文学|战争文学]],,,,,自动通过,metadata_pending,,,,,,,,UNRESEARCHED,
绝望.md,WL-WORK-1831,绝望,,加夫列拉·米斯特拉尔,,,WL-TOPIC-R6-LATAM,[[../30 专题/R6 拉丁美洲与加勒比/00 拉丁美洲文学|拉丁美洲文学]],,,,,自动通过,metadata_pending,,,,,,,,UNRESEARCHED,
绣花大盗.md,WL-WORK-2599,绣花大盗,,陆小凤,,,WL-TOPIC-Q15;WL-TOPIC-Q15-WUXIA,[[../30 专题/QT8 英雄、边疆与法外者文化传统/00 世界武人、边疆与法外英雄文学|世界武人、边疆与法外英雄文学]];[[../30 专题/QT8.1 武侠/00 武侠文学|武侠文学]],,,,,自动通过,metadata_pending,,,,,,,,UNRESEARCHED,
维里科尼姆.md,WL-WORK-0803,维里科尼姆,Viriconium,M.约翰·哈里森,M. John Harrison,,WL-TOPIC-G45-FANTASY;WL-TOPIC-G45-HORROR,[[../30 专题/QT3 奇幻/00 奇幻文学|奇幻文学]];[[../30 专题/QT4 恐怖与哥特/00 恐怖文学|恐怖文学]],,,,,自动通过,metadata_pending,,,,,,,,UNRESEARCHED,
绿色危机.md,WL-WORK-0060,绿色危机,Green for Danger,克里斯蒂安娜·布兰德,Christianna Brand,,WL-TOPIC-G45-MYSTERY,[[../30 专题/QT1 推理与犯罪叙事/00 推理文学|推理文学]],,,,,自动通过,,,,,,,,,UNRESEARCHED,
绿衣亨利.md,WL-WORK-1260,绿衣亨利,,戈特弗里德·凯勒,Gottfried Keller,,WL-TOPIC-G43-BILDUNGSROMAN,[[../30 专题/QH2.5 童年与成长/00 成长文学|成长文学]],,,,,自动通过,metadata_pending,,,,,,,,UNRESEARCHED,
绿野仙踪.md,WL-WORK-0805,绿野仙踪,,格雷戈里·马奎尔,Gregory Maguire,,WL-TOPIC-G45-FANTASY,[[../30 专题/QT3 奇幻/00 奇幻文学|奇幻文学]],,,,,自动通过,metadata_pending,,,,,,,,UNRESEARCHED,
罂粟海.md,WL-WORK-1261,罂粟海,,海洋历史,,,WL-TOPIC-G44-HISTORICAL,[[../30 专题/QT7 历史叙事/00 历史文学|历史文学]],,,,,自动通过,metadata_pending,,,,,,,,UNRESEARCHED,
罗丝安娜.md,WL-WORK-0218,罗丝安娜,,舍瓦尔与瓦勒,Sjöwall & Wahlöö,,WL-TOPIC-G45-MYSTERY,[[../30 专题/QT1 推理与犯罪叙事/00 推理文学|推理文学]],,,,,自动通过,,,,,,,,,UNRESEARCHED,
罗德斯岛战记.md,WL-WORK-0807,罗德斯岛战记,,水野良,,,WL-TOPIC-G45-FANTASY,[[../30 专题/QT3 奇幻/00 奇幻文学|奇幻文学]],,,,,自动通过,metadata_pending,,,,,,,,UNRESEARCHED,
罗马史.md,WL-WORK-1494,罗马史,,李维,,,WL-TOPIC-G1-MYTH,[[../30 专题/QT9 神话、传说与民间叙事/00 世界神话文学|世界神话文学]],,,,,自动通过,metadata_pending,,,,,,,,UNRESEARCHED,
罗马第一人.md,WL-WORK-1264,罗马第一人,,考琳·麦卡洛,Colleen McCullough,,WL-TOPIC-G44-HISTORICAL,[[../30 专题/QT7 历史叙事/00 历史文学|历史文学]],,,,,自动通过,metadata_pending,,,,,,,,UNRESEARCHED,
美人鱼之歌.md,WL-WORK-0115,美人鱼之歌,,瓦尔·麦克德米德,Val McDermid,,WL-TOPIC-G45-MYSTERY,[[../30 专题/QT1 推理与犯罪叙事/00 推理文学|推理文学]],,,,,自动通过,,,,,,,,,UNRESEARCHED,
美国战争.md,WL-WORK-1267,美国战争,,奥马尔·埃尔·阿卡德,Omar El Akkad,,WL-TOPIC-G46-DYSTOPIA,[[../30 专题/QT6 乌托邦、反乌托邦与社会想象/00 反乌托邦文学|反乌托邦文学]],,,,,自动通过,metadata_pending,,,,,,,,UNRESEARCHED,
美国精神病人.md,WL-WORK-0810,美国精神病人,,布雷特·伊斯顿·埃利斯,Bret Easton Ellis,,WL-TOPIC-G45-HORROR,[[../30 专题/QT4 恐怖与哥特/00 恐怖文学|恐怖文学]],,,,,自动通过,metadata_pending,,,,,,,,UNRESEARCHED,
美女.md,WL-WORK-0811,美女,,罗宾·麦金利,Robin McKinley,,WL-TOPIC-G45-FANTASY,[[../30 专题/QT3 奇幻/00 奇幻文学|奇幻文学]],,,,,自动通过,metadata_pending,,,,,,,,UNRESEARCHED,
美生中国人.md,WL-WORK-1268,美生中国人,American Born Chinese,杨谨伦,Gene Luen Yang,,WL-TOPIC-G43-BILDUNGSROMAN,[[../30 专题/QH2.5 童年与成长/00 成长文学|成长文学]],,,,,自动通过,metadata_pending,,,,,,,,UNRESEARCHED,
群山歌唱.md,WL-WORK-2121,群山歌唱,,阮攀桂梅,,,WL-TOPIC-Q10-MEMORY,[[../30 专题/QH7 历史、记忆与时间/00 历史、记忆与时间|历史、记忆与时间]],,,,,自动通过,metadata_pending,,,,,,,,UNRESEARCHED,
翡翠城.md,WL-WORK-0813,翡翠城,,李芳达,Fonda Lee,,WL-TOPIC-G45-FANTASY,[[../30 专题/QT3 奇幻/00 奇幻文学|奇幻文学]],,,,,自动通过,metadata_pending,,,,,,,,UNRESEARCHED,
耶洗别之死.md,WL-WORK-0061,耶洗别之死,Death of Jezebel,克里斯蒂安娜·布兰德,Christianna Brand,,WL-TOPIC-G45-MYSTERY,[[../30 专题/QT1 推理与犯罪叙事/00 推理文学|推理文学]],,,,,自动通过,,,,,,,,,UNRESEARCHED,
聂隐娘.md,WL-WORK-2603,聂隐娘,,裴铏,,,WL-TOPIC-Q15;WL-TOPIC-Q15-WUXIA;WL-TOPIC-Q15-OUTLAW,[[../30 专题/QT8 英雄、边疆与法外者文化传统/00 世界武人、边疆与法外英雄文学|世界武人、边疆与法外英雄文学]];[[../30 专题/QT8.1 武侠/00 武侠文学|武侠文学]];[[../30 专题/QT8.7 侠盗/00 侠盗文学|侠盗文学]],,,,,自动通过,metadata_pending,,,,,,,,UNRESEARCHED,
脆弱的故事.md,WL-WORK-1835,脆弱的故事,,曼努埃尔·古铁雷斯·纳赫拉,,,WL-TOPIC-R6-LATAM,[[../30 专题/R6 拉丁美洲与加勒比/00 拉丁美洲文学|拉丁美洲文学]],,,,,自动通过,metadata_pending,,,,,,,,UNRESEARCHED,
腹地.md,WL-WORK-1836,腹地,,欧克里德斯·达·库尼亚,,,WL-TOPIC-R6-LATAM,[[../30 专题/R6 拉丁美洲与加勒比/00 拉丁美洲文学|拉丁美洲文学]],,,,,自动通过,metadata_pending,,,,,,,,UNRESEARCHED,
自然史.md,WL-WORK-1837,自然史,,墨西哥当代暴力,,,WL-TOPIC-R6-LATAM,[[../30 专题/R6 拉丁美洲与加勒比/00 拉丁美洲文学|拉丁美洲文学]],,,,,自动通过,metadata_pending,,,,,,,,UNRESEARCHED,
致命的宁静.md,WL-WORK-0138,致命的宁静,Still Life,路易丝·佩尼,Louise Penny,,WL-TOPIC-G45-MYSTERY,[[../30 专题/QT1 推理与犯罪叙事/00 推理文学|推理文学]],,,,,自动通过,,,,,,,,,UNRESEARCHED,
致曼努埃尔一世书.md,WL-WORK-1838,致曼努埃尔一世书,,佩罗·瓦兹·德·卡米尼亚,,,WL-TOPIC-R6-LATAM,[[../30 专题/R6 拉丁美洲与加勒比/00 拉丁美洲文学|拉丁美洲文学]],,,,,自动通过,metadata_pending,,,,,,,,UNRESEARCHED,
航海日记.md,WL-WORK-1498,航海日记,,哥伦布,,,WL-TOPIC-G7-TRAVEL;WL-TOPIC-R6-LATAM,[[../30 专题/QT14 旅行与游记/00 旅行文学|旅行文学]];[[../30 专题/R6 拉丁美洲与加勒比/00 拉丁美洲文学|拉丁美洲文学]],,,,,自动通过,metadata_pending,,,,,,,,UNRESEARCHED,
艺术的非人化.md,WL-WORK-1840,艺术的非人化,,奥尔特加-加塞特,Ortega y Gasset,,WL-TOPIC-M3-MODERNISM,[[../30 专题/M3.1 现代主义/00 现代主义文学|现代主义文学]],,,,,自动通过,metadata_pending,,,,,,,,UNRESEARCHED,
艾菲·布里斯特.md,WL-WORK-2124,艾菲·布里斯特,,婚姻以后,,,WL-TOPIC-Q2-LOVE,[[../30 专题/QH2.1 爱情与欲望/00 爱情与欲望|爱情与欲望]],,,,,自动通过,metadata_pending,,,,,,,,UNRESEARCHED,
芒果街上的小屋.md,WL-WORK-1271,芒果街上的小屋,,桑德拉·西斯内罗斯,Sandra Cisneros,,WL-TOPIC-G43-BILDUNGSROMAN,[[../30 专题/QH2.5 童年与成长/00 成长文学|成长文学]],,,,,自动通过,metadata_pending,,,,,,,,UNRESEARCHED,
花园茶会.md,WL-WORK-1842,花园茶会,,凯瑟琳·曼斯菲尔德,,,WL-TOPIC-M3-MODERNISM,[[../30 专题/M3.1 现代主义/00 现代主义文学|现代主义文学]],,,,,自动通过,metadata_pending,,,,,,,,UNRESEARCHED,
苏丹娜的梦.md,WL-WORK-0476,苏丹娜的梦,,罗凯亚·萨哈瓦特·侯赛因,Rokeya Sakhawat Hossain,,WL-TOPIC-G45-SF,[[../30 专题/QT2 科幻/00 科幻文学|科幻文学]],,,,,自动通过,,,,,,,,,UNRESEARCHED,
苏格兰西部群岛之旅.md,WL-WORK-1500,苏格兰西部群岛之旅,A Journey to the Western Islands of Scotland,塞缪尔·约翰逊,Johnson,,WL-TOPIC-G7-TRAVEL,[[../30 专题/QT14 旅行与游记/00 旅行文学|旅行文学]],,,,,自动通过,metadata_pending,,,,,,,,UNRESEARCHED,
英雄与王冠.md,WL-WORK-0820,英雄与王冠,,罗宾·麦金利,Robin McKinley,,WL-TOPIC-G45-FANTASY,[[../30 专题/QT3 奇幻/00 奇幻文学|奇幻文学]],,,,,自动通过,metadata_pending,,,,,,,,UNRESEARCHED,
英雄志.md,WL-WORK-2606,英雄志,,孙晓,,,WL-TOPIC-Q15;WL-TOPIC-Q15-WUXIA,[[../30 专题/QT8 英雄、边疆与法外者文化传统/00 世界武人、边疆与法外英雄文学|世界武人、边疆与法外英雄文学]];[[../30 专题/QT8.1 武侠/00 武侠文学|武侠文学]],,,,,自动通过,metadata_pending,,,,,,,,UNRESEARCHED,
茉莉王座.md,WL-WORK-0822,茉莉王座,,塔莎·苏里,Tasha Suri,,WL-TOPIC-G45-FANTASY,[[../30 专题/QT3 奇幻/00 奇幻文学|奇幻文学]],,,,,自动通过,metadata_pending,,,,,,,,UNRESEARCHED,
荆棘王子.md,WL-WORK-0824,荆棘王子,,马克·劳伦斯,Mark Lawrence,,WL-TOPIC-G45-FANTASY,[[../30 专题/QT3 奇幻/00 奇幻文学|奇幻文学]],,,,,自动通过,metadata_pending,,,,,,,,UNRESEARCHED,
荒潮.md,WL-WORK-0465,荒潮,,陈楸帆,,,WL-TOPIC-G45-SF;WL-TOPIC-G46-DYSTOPIA,[[../30 专题/QT2 科幻/00 科幻文学|科幻文学]];[[../30 专题/QT6 乌托邦、反乌托邦与社会想象/00 反乌托邦文学|反乌托邦文学]],,,,,自动通过,,,,,,,,,UNRESEARCHED,
荡寇志.md,WL-WORK-2608,荡寇志,,俞万春,,,WL-TOPIC-Q15;WL-TOPIC-Q15-OUTLAW,[[../30 专题/QT8 英雄、边疆与法外者文化传统/00 世界武人、边疆与法外英雄文学|世界武人、边疆与法外英雄文学]];[[../30 专题/QT8.7 侠盗/00 侠盗文学|侠盗文学]],,,,,自动通过,metadata_pending,,,,,,,,UNRESEARCHED,
莉莉安娜不可战胜的夏天.md,WL-WORK-1848,莉莉安娜不可战胜的夏天,,克里斯蒂娜·里维拉·加尔萨,,,WL-TOPIC-R6-LATAM,[[../30 专题/R6 拉丁美洲与加勒比/00 拉丁美洲文学|拉丁美洲文学]],,,,,自动通过,metadata_pending,,,,,,,,UNRESEARCHED,
莫斯科2042.md,WL-WORK-1277,莫斯科2042,,弗拉基米尔·沃伊诺维奇,Vladimir Voinovich,,WL-TOPIC-G46-DYSTOPIA,[[../30 专题/QT6 乌托邦、反乌托邦与社会想象/00 反乌托邦文学|反乌托邦文学]],,,,,自动通过,metadata_pending,,,,,,,,UNRESEARCHED,
莺莺传.md,WL-WORK-2128,莺莺传,,元稹,,,WL-TOPIC-Q2-LOVE,[[../30 专题/QH2.1 爱情与欲望/00 爱情与欲望|爱情与欲望]],,,,,自动通过,metadata_pending,,,,,,,,UNRESEARCHED,
营地.md,WL-WORK-1849,营地,,戏剧线,,,WL-TOPIC-R6-LATAM,[[../30 专题/R6 拉丁美洲与加勒比/00 拉丁美洲文学|拉丁美洲文学]],,,,,自动通过,metadata_pending,,,,,,,,UNRESEARCHED,
营救距离.md,WL-WORK-1850,营救距离,,待考,阿根廷当代怪奇,,WL-TOPIC-R6-LATAM,[[../30 专题/R6 拉丁美洲与加勒比/00 拉丁美洲文学|拉丁美洲文学]],,,,,自动通过,metadata_pending,,,,,,,,UNRESEARCHED,
萨布.md,WL-WORK-1852,萨布,,赫特鲁迪斯·戈麦斯·德·阿韦利亚内达,,,WL-TOPIC-R6-LATAM,[[../30 专题/R6 拉丁美洲与加勒比/00 拉丁美洲文学|拉丁美洲文学]],,,,,自动通过,metadata_pending,,,,,,,,UNRESEARCHED,
萨拉米斯的士兵.md,WL-WORK-2129,萨拉米斯的士兵,,哈维尔·塞尔卡斯,Javier Cercas,,WL-TOPIC-Q6-WAR,[[../30 专题/QH6 战争、暴力与创伤/00 战争文学|战争文学]],,,,,自动通过,metadata_pending,,,,,,,,UNRESEARCHED,
萨马.md,WL-WORK-1853,萨马,,安东尼奥·迪·贝内代托,,,WL-TOPIC-R6-LATAM,[[../30 专题/R6 拉丁美洲与加勒比/00 拉丁美洲文学|拉丁美洲文学]],,,,,自动通过,metadata_pending,,,,,,,,UNRESEARCHED,
蒂博一家.md,WL-WORK-1280,蒂博一家,,罗杰·马丁·杜加尔,Roger Martin du Gard,,WL-TOPIC-G43-FAMILY,[[../30 专题/QH2.3 家庭与家族/00 家庭与家族|家庭与家族]],,,,,自动通过,metadata_pending,,,,,,,,UNRESEARCHED,
蒲公英王朝：帝王恩典.md,WL-WORK-0828,蒲公英王朝：帝王恩典,,刘宇昆,Ken Liu,,WL-TOPIC-G45-FANTASY,[[../30 专题/QT3 奇幻/00 奇幻文学|奇幻文学]],,,,,自动通过,metadata_pending,,,,,,,,UNRESEARCHED,
蓝.md,WL-WORK-1854,蓝,,鲁文·达里奥,,,WL-TOPIC-R6-LATAM,[[../30 专题/R6 拉丁美洲与加勒比/00 拉丁美洲文学|拉丁美洲文学]],,,,,自动通过,metadata_pending,,,,,,,,UNRESEARCHED,
虐杀器官.md,WL-WORK-0447,虐杀器官,,伊藤计划,,,WL-TOPIC-G45-SF,[[../30 专题/QT2 科幻/00 科幻文学|科幻文学]],,,,,自动通过,,,,,,,,,UNRESEARCHED,
虬髯客传.md,WL-WORK-2611,虬髯客传,,杜光庭,,,WL-TOPIC-Q15;WL-TOPIC-Q15-WUXIA;WL-TOPIC-Q15-OUTLAW,[[../30 专题/QT8 英雄、边疆与法外者文化传统/00 世界武人、边疆与法外英雄文学|世界武人、边疆与法外英雄文学]];[[../30 专题/QT8.1 武侠/00 武侠文学|武侠文学]];[[../30 专题/QT8.7 侠盗/00 侠盗文学|侠盗文学]],,,,,自动通过,metadata_pending,,,,,,,,UNRESEARCHED,
蚀刻城.md,WL-WORK-0829,蚀刻城,The Etched City,K.J.毕晓普,K.J. Bishop,,WL-TOPIC-G45-FANTASY;WL-TOPIC-G45-HORROR,[[../30 专题/QT3 奇幻/00 奇幻文学|奇幻文学]];[[../30 专题/QT4 恐怖与哥特/00 恐怖文学|恐怖文学]],,,,,自动通过,metadata_pending,,,,,,,,UNRESEARCHED,
蚁生.md,WL-WORK-0456,蚁生,,王晋康,,,WL-TOPIC-G45-SF,[[../30 专题/QT2 科幻/00 科幻文学|科幻文学]],,,,,自动通过,,,,,,,,,UNRESEARCHED,
蜀山剑侠传.md,WL-WORK-2612,蜀山剑侠传,,研究现代中国通俗小说时,,,WL-TOPIC-Q15;WL-TOPIC-Q15-WUXIA;WL-TOPIC-Q15-SAMURAI,[[../30 专题/QT8 英雄、边疆与法外者文化传统/00 世界武人、边疆与法外英雄文学|世界武人、边疆与法外英雄文学]];[[../30 专题/QT8.1 武侠/00 武侠文学|武侠文学]];[[../30 专题/QT8.3 日本武士与剑豪/00 日本武士与剑豪文学|日本武士与剑豪文学]],,,,,自动通过,metadata_pending,,,,,,,,UNRESEARCHED,
蜘蛛男孩.md,WL-WORK-0831,蜘蛛男孩,,待考,改读,,WL-TOPIC-G45-FANTASY,[[../30 专题/QT3 奇幻/00 奇幻文学|奇幻文学]],,,,,自动通过,metadata_pending,,,,,,,,UNRESEARCHED,
蜥蜴尾巴.md,WL-WORK-1859,蜥蜴尾巴,,卢伊莎·巴伦苏埃拉,,,WL-TOPIC-R6-LATAM,[[../30 专题/R6 拉丁美洲与加勒比/00 拉丁美洲文学|拉丁美洲文学]],,,,,自动通过,metadata_pending,,,,,,,,UNRESEARCHED,
血与骨之子.md,WL-WORK-0835,血与骨之子,,托米·阿德耶米,Tomi Adeyemi,,WL-TOPIC-G45-FANTASY,[[../30 专题/QT3 奇幻/00 奇幻文学|奇幻文学]],,,,,自动通过,metadata_pending,,,,,,,,UNRESEARCHED,
被子.md,WL-WORK-1862,被子,,伊斯马特·丘格塔伊,Ismat Chughtai,,WL-TOPIC-M3-MODERNISM,[[../30 专题/M3.1 现代主义/00 现代主义文学|现代主义文学]],,,,,自动通过,metadata_pending,,,,,,,,UNRESEARCHED,
裹尸布.md,WL-WORK-1865,裹尸布,,玛丽亚·路易莎·邦巴尔,,,WL-TOPIC-R6-LATAM,[[../30 专题/R6 拉丁美洲与加勒比/00 拉丁美洲文学|拉丁美洲文学]],,,,,自动通过,metadata_pending,,,,,,,,UNRESEARCHED,
西伯利亚大铁路和小让娜的法兰西散文诗.md,WL-WORK-1866,西伯利亚大铁路和小让娜的法兰西散文诗,,布莱斯·桑德拉尔,Blaise Cendrars,,WL-TOPIC-M3-MODERNISM,[[../30 专题/M3.1 现代主义/00 现代主义文学|现代主义文学]],,,,,自动通过,metadata_pending,,,,,,,,UNRESEARCHED,
西印度毁灭述略.md,WL-WORK-1867,西印度毁灭述略,,拉斯·卡萨斯,,,WL-TOPIC-R6-LATAM,[[../30 专题/R6 拉丁美洲与加勒比/00 拉丁美洲文学|拉丁美洲文学]],,,,,自动通过,metadata_pending,,,,,,,,UNRESEARCHED,
西湖梦寻.md,WL-WORK-1507,西湖梦寻,,张岱,,,WL-TOPIC-G7-TRAVEL,[[../30 专题/QT14 旅行与游记/00 旅行文学|旅行文学]],,,,,自动通过,metadata_pending,,,,,,,,UNRESEARCHED,
见红.md,WL-WORK-1868,见红,,莉娜·梅鲁阿内,,,WL-TOPIC-R6-LATAM,[[../30 专题/R6 拉丁美洲与加勒比/00 拉丁美洲文学|拉丁美洲文学]],,,,,自动通过,metadata_pending,,,,,,,,UNRESEARCHED,
解散.md,WL-WORK-0134,解散,Dissolution,C.J.桑瑟姆,C.J. Sansom,,WL-TOPIC-G45-MYSTERY;WL-TOPIC-G44-HISTORICAL,[[../30 专题/QT1 推理与犯罪叙事/00 推理文学|推理文学]];[[../30 专题/QT7 历史叙事/00 历史文学|历史文学]],,,,,自动通过,,,,,,,,,UNRESEARCHED,
诅咒兔.md,WL-WORK-0839,诅咒兔,,郑宝拉,,,WL-TOPIC-G45-HORROR,[[../30 专题/QT4 恐怖与哥特/00 恐怖文学|恐怖文学]],,,,,自动通过,metadata_pending,,,,,,,,UNRESEARCHED,
诗与反诗.md,WL-WORK-1870,诗与反诗,,尼卡诺尔·帕拉,,,WL-TOPIC-R6-LATAM,[[../30 专题/R6 拉丁美洲与加勒比/00 拉丁美洲文学|拉丁美洲文学]],,,,,自动通过,metadata_pending,,,,,,,,UNRESEARCHED,
诛仙.md,WL-WORK-0840,诛仙,,萧鼎,,,WL-TOPIC-G45-FANTASY;WL-TOPIC-Q15;WL-TOPIC-Q15-WUXIA,[[../30 专题/QT3 奇幻/00 奇幻文学|奇幻文学]];[[../30 专题/QT8 英雄、边疆与法外者文化传统/00 世界武人、边疆与法外英雄文学|世界武人、边疆与法外英雄文学]];[[../30 专题/QT8.1 武侠/00 武侠文学|武侠文学]],,,,,自动通过,metadata_pending,,,,,,,,UNRESEARCHED,
诡秘之主.md,WL-WORK-0841,诡秘之主,,爱潜水的乌贼,,,WL-TOPIC-G45-FANTASY,[[../30 专题/QT3 奇幻/00 奇幻文学|奇幻文学]],,,,,自动通过,metadata_pending,,,,,,,,UNRESEARCHED,
说岳全传.md,WL-WORK-1288,说岳全传,,钱彩,,,WL-TOPIC-G44-HISTORICAL,[[../30 专题/QT7 历史叙事/00 历史文学|历史文学]],,,,,自动通过,metadata_pending,,,,,,,,UNRESEARCHED,
诸神渴了.md,WL-WORK-1289,诸神渴了,,法朗士,Anatole France,,WL-TOPIC-G46-DYSTOPIA,[[../30 专题/QT6 乌托邦、反乌托邦与社会想象/00 反乌托邦文学|反乌托邦文学]],,,,,自动通过,metadata_pending,,,,,,,,UNRESEARCHED,
谁惧死亡.md,WL-WORK-0474,谁惧死亡,,恩涅蒂·奥科拉弗,Nnedi Okorafor,,WL-TOPIC-G45-SF;WL-TOPIC-G45-FANTASY;WL-TOPIC-G46-DYSTOPIA,[[../30 专题/QT2 科幻/00 科幻文学|科幻文学]];[[../30 专题/QT3 奇幻/00 奇幻文学|奇幻文学]];[[../30 专题/QT6 乌托邦、反乌托邦与社会想象/00 反乌托邦文学|反乌托邦文学]],,,,,自动通过,,,,,,,,,UNRESEARCHED,
谢小娥传.md,WL-WORK-2619,谢小娥传,,李公佐,,,WL-TOPIC-Q15;WL-TOPIC-Q15-WUXIA,[[../30 专题/QT8 英雄、边疆与法外者文化传统/00 世界武人、边疆与法外英雄文学|世界武人、边疆与法外英雄文学]];[[../30 专题/QT8.1 武侠/00 武侠文学|武侠文学]],,,,,自动通过,metadata_pending,,,,,,,,UNRESEARCHED,
谢里.md,WL-WORK-1873,谢里,,布莱斯·桑德拉尔,Blaise Cendrars,,WL-TOPIC-M3-MODERNISM,[[../30 专题/M3.1 现代主义/00 现代主义文学|现代主义文学]],,,,,自动通过,metadata_pending,,,,,,,,UNRESEARCHED,
财主底儿女们.md,WL-WORK-1291,财主底儿女们,,路翎,,,WL-TOPIC-G43-BILDUNGSROMAN,[[../30 专题/QH2.5 童年与成长/00 成长文学|成长文学]],,,,,自动通过,metadata_pending,,,,,,,,UNRESEARCHED,
贪得无厌.md,WL-WORK-1874,贪得无厌,,维茨凯维奇,Witkiewicz,,WL-TOPIC-M3-MODERNISM,[[../30 专题/M3.1 现代主义/00 现代主义文学|现代主义文学]],,,,,自动通过,metadata_pending,,,,,,,,UNRESEARCHED,
贫民窟.md,WL-WORK-1875,贫民窟,,阿卢伊西奥·阿泽维多,,,WL-TOPIC-R6-LATAM,[[../30 专题/R6 拉丁美洲与加勒比/00 拉丁美洲文学|拉丁美洲文学]],,,,,自动通过,metadata_pending,,,,,,,,UNRESEARCHED,
购物狂的异想世界.md,WL-WORK-2137,购物狂的异想世界,,索菲·金塞拉,Sophie Kinsella,,WL-TOPIC-Q2-LOVE,[[../30 专题/QH2.1 爱情与欲望/00 爱情与欲望|爱情与欲望]],,,,,自动通过,metadata_pending,,,,,,,,UNRESEARCHED,
资治通鉴.md,WL-WORK-1292,资治通鉴,,司马光,,,WL-TOPIC-G44-HISTORICAL,[[../30 专题/QT7 历史叙事/00 历史文学|历史文学]],,,,,自动通过,metadata_pending,,,,,,,,UNRESEARCHED,
赔偿风波.md,WL-WORK-0094,赔偿风波,Indemnity Only,萨拉·帕雷茨基,Sara Paretsky,,WL-TOPIC-G45-MYSTERY,[[../30 专题/QT1 推理与犯罪叙事/00 推理文学|推理文学]],,,,,自动通过,,,,,,,,,UNRESEARCHED,
赫布里底群岛旅行日记.md,WL-WORK-1509,赫布里底群岛旅行日记,The Journal of a Tour to the Hebrides,詹姆斯·鲍斯韦尔,Boswell,,WL-TOPIC-G7-TRAVEL,[[../30 专题/QT14 旅行与游记/00 旅行文学|旅行文学]],,,,,自动通过,metadata_pending,,,,,,,,UNRESEARCHED,
走出非洲.md,WL-WORK-0845,走出非洲,,凯伦·布里克森,Karen Blixen,,WL-TOPIC-G45-ADVENTURE,[[../30 专题/QT5 冒险与探索叙事/00 冒险文学|冒险文学]],,,,,自动通过,metadata_pending,,,,,,,,UNRESEARCHED,
走到世界尽头.md,WL-WORK-1294,走到世界尽头,,苏齐·麦基·查纳斯,Suzy McKee Charnas,,WL-TOPIC-G46-DYSTOPIA,[[../30 专题/QT6 乌托邦、反乌托邦与社会想象/00 反乌托邦文学|反乌托邦文学]],,,,,自动通过,metadata_pending,,,,,,,,UNRESEARCHED,
超级悲伤真爱故事.md,WL-WORK-1295,超级悲伤真爱故事,,加里·施特恩加特,Gary Shteyngart,,WL-TOPIC-G46-DYSTOPIA,[[../30 专题/QT6 乌托邦、反乌托邦与社会想象/00 反乌托邦文学|反乌托邦文学]],,,,,自动通过,metadata_pending,,,,,,,,UNRESEARCHED,
轨道之云.md,WL-WORK-0451,轨道之云,,藤井太洋,,,WL-TOPIC-G45-SF,[[../30 专题/QT2 科幻/00 科幻文学|科幻文学]],,,,,自动通过,,,,,,,,,UNRESEARCHED,
辛巴达航海.md,WL-WORK-0847,辛巴达航海,,佚名,中的,,WL-TOPIC-G45-ADVENTURE,[[../30 专题/QT5 冒险与探索叙事/00 冒险文学|冒险文学]],,,,,自动通过,metadata_pending,,,,,,,,UNRESEARCHED,
达夫尼与克洛伊.md,WL-WORK-2139,达夫尼与克洛伊,,朗戈斯,Longus,,WL-TOPIC-Q2-LOVE,[[../30 专题/QH2.1 爱情与欲望/00 爱情与欲望|爱情与欲望]],,,,,自动通过,metadata_pending,,,,,,,,UNRESEARCHED,
近代侠义英雄传.md,WL-WORK-2622,近代侠义英雄传,,平江不肖生,,,WL-TOPIC-Q15;WL-TOPIC-Q15-WUXIA,[[../30 专题/QT8 英雄、边疆与法外者文化传统/00 世界武人、边疆与法外英雄文学|世界武人、边疆与法外英雄文学]];[[../30 专题/QT8.1 武侠/00 武侠文学|武侠文学]],,,,,自动通过,metadata_pending,,,,,,,,UNRESEARCHED,
远征.md,WL-WORK-1880,远征,,圣-琼·佩斯,Saint-John Perse,,WL-TOPIC-M3-MODERNISM,[[../30 专题/M3.1 现代主义/00 现代主义文学|现代主义文学]],,,,,自动通过,metadata_pending,,,,,,,,UNRESEARCHED,
迷惘.md,WL-WORK-1882,迷惘,,埃利亚斯·卡内蒂,Elias Canetti,,WL-TOPIC-M3-MODERNISM,[[../30 专题/M3.1 现代主义/00 现代主义文学|现代主义文学]],,,,,自动通过,metadata_pending,,,,,,,,UNRESEARCHED,
迷迭香与芸香.md,WL-WORK-0849,迷迭香与芸香,,西南·麦圭尔,Seanan McGuire,,WL-TOPIC-G45-FANTASY,[[../30 专题/QT3 奇幻/00 奇幻文学|奇幻文学]],,,,,自动通过,metadata_pending,,,,,,,,UNRESEARCHED,
逆流.md,WL-WORK-1883,逆流,,于斯曼,,,WL-TOPIC-M3-MODERNISM,[[../30 专题/M3.1 现代主义/00 现代主义文学|现代主义文学]],,,,,自动通过,metadata_pending,,,,,,,,UNRESEARCHED,
逝去的武林.md,WL-WORK-2625,逝去的武林,,徐皓峰,,,WL-TOPIC-Q15;WL-TOPIC-Q15-WUXIA,[[../30 专题/QT8 英雄、边疆与法外者文化传统/00 世界武人、边疆与法外英雄文学|世界武人、边疆与法外英雄文学]];[[../30 专题/QT8.1 武侠/00 武侠文学|武侠文学]],,,,,自动通过,metadata_pending,,,,,,,,UNRESEARCHED,
造船厂.md,WL-WORK-1884,造船厂,,奥内蒂,,,WL-TOPIC-R6-LATAM,[[../30 专题/R6 拉丁美洲与加勒比/00 拉丁美洲文学|拉丁美洲文学]],,,,,自动通过,metadata_pending,,,,,,,,UNRESEARCHED,
道士下山.md,WL-WORK-2626,道士下山,,徐皓峰,,,WL-TOPIC-Q15;WL-TOPIC-Q15-WUXIA,[[../30 专题/QT8 英雄、边疆与法外者文化传统/00 世界武人、边疆与法外英雄文学|世界武人、边疆与法外英雄文学]];[[../30 专题/QT8.1 武侠/00 武侠文学|武侠文学]],,,,,自动通过,metadata_pending,,,,,,,,UNRESEARCHED,
遗忘之兽.md,WL-WORK-0853,遗忘之兽,,帕特里夏·A.麦基利普,Patricia A. McKillip,,WL-TOPIC-G45-FANTASY,[[../30 专题/QT3 奇幻/00 奇幻文学|奇幻文学]],,,,,自动通过,metadata_pending,,,,,,,,UNRESEARCHED,
都市风景线.md,WL-WORK-1885,都市风景线,,刘呐鸥,,,WL-TOPIC-M3-MODERNISM,[[../30 专题/M3.1 现代主义/00 现代主义文学|现代主义文学]],,,,,自动通过,metadata_pending,,,,,,,,UNRESEARCHED,
野兽必须死.md,WL-WORK-0066,野兽必须死,The Beast Must Die,尼古拉斯·布莱克,Nicholas Blake,,WL-TOPIC-G45-MYSTERY,[[../30 专题/QT1 推理与犯罪叙事/00 推理文学|推理文学]],,,,,自动通过,,,,,,,,,UNRESEARCHED,
金卡斯·博尔巴.md,WL-WORK-1891,金卡斯·博尔巴,,马沙多·德·阿西斯,,,WL-TOPIC-R6-LATAM,[[../30 专题/R6 拉丁美洲与加勒比/00 拉丁美洲文学|拉丁美洲文学]],,,,,自动通过,metadata_pending,,,,,,,,UNRESEARCHED,
金色名望柑橘.md,WL-WORK-1308,金色名望柑橘,,克莱尔·维伊·沃特金斯,Claire Vaye Watkins,,WL-TOPIC-G46-DYSTOPIA,[[../30 专题/QT6 乌托邦、反乌托邦与社会想象/00 反乌托邦文学|反乌托邦文学]],,,,,自动通过,metadata_pending,,,,,,,,UNRESEARCHED,
钢铁风暴.md,WL-WORK-2142,钢铁风暴,,恩斯特·荣格尔,Jünger,,WL-TOPIC-Q6-WAR,[[../30 专题/QH6 战争、暴力与创伤/00 战争文学|战争文学]],,,,,自动通过,metadata_pending,,,,,,,,UNRESEARCHED,
钱多斯勋爵的信.md,WL-WORK-1895,钱多斯勋爵的信,,霍夫曼斯塔尔,,,WL-TOPIC-M3-MODERNISM,[[../30 专题/M3.1 现代主义/00 现代主义文学|现代主义文学]],,,,,自动通过,metadata_pending,,,,,,,,UNRESEARCHED,
铁道游击队.md,WL-WORK-2144,铁道游击队,,刘知侠,,,WL-TOPIC-Q6-WAR,[[../30 专题/QH6 战争、暴力与创伤/00 战争文学|战争文学]],,,,,自动通过,metadata_pending,,,,,,,,UNRESEARCHED,
阅微草堂笔记.md,WL-WORK-0860,阅微草堂笔记,,纪昀,,,WL-TOPIC-G45-HORROR,[[../30 专题/QT4 恐怖与哥特/00 恐怖文学|恐怖文学]],,,,,自动通过,metadata_pending,,,,,,,,UNRESEARCHED,
队列.md,WL-WORK-0478,队列,The Queue,巴斯玛·阿卜杜勒·阿齐兹,Basma Abdel Aziz,,WL-TOPIC-G45-SF;WL-TOPIC-G46-DYSTOPIA,[[../30 专题/QT2 科幻/00 科幻文学|科幻文学]];[[../30 专题/QT6 乌托邦、反乌托邦与社会想象/00 反乌托邦文学|反乌托邦文学]],,,,,自动通过,,,,,,,,,UNRESEARCHED,
阿伽通.md,WL-WORK-1316,阿伽通,,德国起点,,,WL-TOPIC-G43-BILDUNGSROMAN,[[../30 专题/QH2.5 童年与成长/00 成长文学|成长文学]],,,,,自动通过,metadata_pending,,,,,,,,UNRESEARCHED,
阿伽通的故事.md,WL-WORK-1317,阿伽通的故事,,维兰德,Wieland,,WL-TOPIC-G43-BILDUNGSROMAN,[[../30 专题/QH2.5 童年与成长/00 成长文学|成长文学]],,,,,自动通过,metadata_pending,,,,,,,,UNRESEARCHED,
阿加莎·莱辛和乳蛋饼命案.md,WL-WORK-0140,阿加莎·莱辛和乳蛋饼命案,,M.C.比顿,M.C. Beaton,,WL-TOPIC-G45-MYSTERY,[[../30 专题/QT1 推理与犯罪叙事/00 推理文学|推理文学]],,,,,自动通过,,,,,,,,,UNRESEARCHED,
阿努比斯之门.md,WL-WORK-0861,阿努比斯之门,,蒂姆·鲍尔斯,Tim Powers,,WL-TOPIC-G45-FANTASY,[[../30 专题/QT3 奇幻/00 奇幻文学|奇幻文学]],,,,,自动通过,metadata_pending,,,,,,,,UNRESEARCHED,
阿劳卡纳.md,WL-WORK-1899,阿劳卡纳,,阿隆索·德·埃尔西利亚,,,WL-TOPIC-R6-LATAM,[[../30 专题/R6 拉丁美洲与加勒比/00 拉丁美洲文学|拉丁美洲文学]],,,,,自动通过,metadata_pending,,,,,,,,UNRESEARCHED,
阿卡塔女巫.md,WL-WORK-0862,阿卡塔女巫,,恩涅蒂·奥科拉弗,Nnedi Okorafor,,WL-TOPIC-G45-FANTASY,[[../30 专题/QT3 奇幻/00 奇幻文学|奇幻文学]],,,,,自动通过,metadata_pending,,,,,,,,UNRESEARCHED,
阿尔塔索尔.md,WL-WORK-1900,阿尔塔索尔,,比森特·维多夫罗,,,WL-TOPIC-R6-LATAM;WL-TOPIC-M3-MODERNISM,[[../30 专题/R6 拉丁美洲与加勒比/00 拉丁美洲文学|拉丁美洲文学]];[[../30 专题/M3.1 现代主义/00 现代主义文学|现代主义文学]],,,,,自动通过,metadata_pending,,,,,,,,UNRESEARCHED,
阿尔戈船英雄纪.md,WL-WORK-0865,阿尔戈船英雄纪,Argonautica,阿波罗尼奥斯,,,WL-TOPIC-G45-ADVENTURE;WL-TOPIC-G1-MYTH,[[../30 专题/QT5 冒险与探索叙事/00 冒险文学|冒险文学]];[[../30 专题/QT9 神话、传说与民间叙事/00 世界神话文学|世界神话文学]],,,,,人工核验,metadata_pending,,,,,,,,UNRESEARCHED,
阿玛利亚.md,WL-WORK-1901,阿玛利亚,,何塞·马莫尔,,,WL-TOPIC-R6-LATAM,[[../30 专题/R6 拉丁美洲与加勒比/00 拉丁美洲文学|拉丁美洲文学]],,,,,自动通过,metadata_pending,,,,,,,,UNRESEARCHED,
阿瓦隆迷雾.md,WL-WORK-0866,阿瓦隆迷雾,,玛丽恩·齐默·布拉德利,Marion Zimmer Bradley,,WL-TOPIC-G45-FANTASY;WL-TOPIC-Q15;WL-TOPIC-Q15-KNIGHT,[[../30 专题/QT3 奇幻/00 奇幻文学|奇幻文学]];[[../30 专题/QT8 英雄、边疆与法外者文化传统/00 世界武人、边疆与法外英雄文学|世界武人、边疆与法外英雄文学]];[[../30 专题/QT8.2 欧洲骑士/00 欧洲骑士文学|欧洲骑士文学]],,,,,自动通过,metadata_pending,,,,,,,,UNRESEARCHED,
阿里埃尔.md,WL-WORK-1903,阿里埃尔,,何塞·恩里克·罗多,Rodó,,WL-TOPIC-R6-LATAM,[[../30 专题/R6 拉丁美洲与加勒比/00 拉丁美洲文学|拉丁美洲文学]],,,,,自动通过,metadata_pending,,,,,,,,UNRESEARCHED,
隋唐演义.md,WL-WORK-1319,隋唐演义,,褚人获,,,WL-TOPIC-G44-HISTORICAL,[[../30 专题/QT7 历史叙事/00 历史文学|历史文学]],,,,,自动通过,metadata_pending,,,,,,,,UNRESEARCHED,
雅各布·冯·贡腾.md,WL-WORK-1905,雅各布·冯·贡腾,,罗伯特·瓦尔泽,Robert Walser,,WL-TOPIC-M3-MODERNISM,[[../30 专题/M3.1 现代主义/00 现代主义文学|现代主义文学]],,,,,自动通过,metadata_pending,,,,,,,,UNRESEARCHED,
雅歌.md,WL-WORK-2148,雅歌,,肉体之爱,,,WL-TOPIC-Q2-LOVE,[[../30 专题/QH2.1 爱情与欲望/00 爱情与欲望|爱情与欲望]],,,,,自动通过,metadata_pending,,,,,,,,UNRESEARCHED,
雪之丞变化.md,WL-WORK-2637,雪之丞变化,Yukinojō Henge,三上於菟吉,,,WL-TOPIC-Q15;WL-TOPIC-Q15-SAMURAI,[[../30 专题/QT8 英雄、边疆与法外者文化传统/00 世界武人、边疆与法外英雄文学|世界武人、边疆与法外英雄文学]];[[../30 专题/QT8.3 日本武士与剑豪/00 日本武士与剑豪文学|日本武士与剑豪文学]],,,,,自动通过,metadata_pending,,,,,,,,UNRESEARCHED,
雪人.md,WL-WORK-0222,雪人,,乔·奈斯博,Jo Nesbø,,WL-TOPIC-G45-MYSTERY,[[../30 专题/QT1 推理与犯罪叙事/00 推理文学|推理文学]],,,,,自动通过,,,,,,,,,UNRESEARCHED,
雾.md,WL-WORK-1907,雾,,乌纳穆诺,Miguel de Unamuno,,WL-TOPIC-M3-MODERNISM,[[../30 专题/M3.1 现代主义/00 现代主义文学|现代主义文学]],,,,,自动通过,metadata_pending,,,,,,,,UNRESEARCHED,
雾中鲁德.md,WL-WORK-0870,雾中鲁德,,霍普·米尔利斯,Hope Mirrlees,,WL-TOPIC-G45-FANTASY,[[../30 专题/QT3 奇幻/00 奇幻文学|奇幻文学]],,,,,自动通过,metadata_pending,,,,,,,,UNRESEARCHED,
霍桑探案集.md,WL-WORK-0241,霍桑探案集,,程小青,,,WL-TOPIC-G45-MYSTERY,[[../30 专题/QT1 推理与犯罪叙事/00 推理文学|推理文学]],,,,,自动通过,,,,,,,,,UNRESEARCHED,
青春万岁.md,WL-WORK-1323,青春万岁,,王蒙,,,WL-TOPIC-G43-BILDUNGSROMAN,[[../30 专题/QH2.5 童年与成长/00 成长文学|成长文学]],,,,,自动通过,metadata_pending,,,,,,,,UNRESEARCHED,
青木川.md,WL-WORK-1325,青木川,,叶广芩,,,WL-TOPIC-G44-HISTORICAL,[[../30 专题/QT7 历史叙事/00 历史文学|历史文学]],,,,,自动通过,metadata_pending,,,,,,,,UNRESEARCHED,
青砥稿花红彩画.md,WL-WORK-2639,青砥稿花红彩画,Aoto Zōshi Hana no Nishiki-e,河竹默阿弥,日本,,WL-TOPIC-Q15;WL-TOPIC-Q15-OUTLAW,[[../30 专题/QT8 英雄、边疆与法外者文化传统/00 世界武人、边疆与法外英雄文学|世界武人、边疆与法外英雄文学]];[[../30 专题/QT8.7 侠盗/00 侠盗文学|侠盗文学]],,,,,自动通过,metadata_pending,,,,,,,,UNRESEARCHED,
静静的顿河.md,WL-WORK-1326,静静的顿河,,肖洛霍夫,Mikhail Sholokhov,,WL-TOPIC-G43-FAMILY,[[../30 专题/QH2.3 家庭与家族/00 家庭与家族|家庭与家族]],,,,,自动通过,metadata_pending,,,,,,,,UNRESEARCHED,
非常秘密的女巫协会.md,WL-WORK-0872,非常秘密的女巫协会,,桑古·曼丹纳,Sangu Mandanna,,WL-TOPIC-G45-FANTASY,[[../30 专题/QT3 奇幻/00 奇幻文学|奇幻文学]],,,,,自动通过,metadata_pending,,,,,,,,UNRESEARCHED,
非洲农庄的故事.md,WL-WORK-0873,非洲农庄的故事,,奥利芙·施赖纳,Olive Schreiner,,WL-TOPIC-G45-ADVENTURE,[[../30 专题/QT5 冒险与探索叙事/00 冒险文学|冒险文学]],,,,,自动通过,metadata_pending,,,,,,,,UNRESEARCHED,
非洲孩子.md,WL-WORK-1327,非洲孩子,,卡马拉·莱伊,Camara Laye,,WL-TOPIC-G43-BILDUNGSROMAN,[[../30 专题/QH2.5 童年与成长/00 成长文学|成长文学]],,,,,自动通过,metadata_pending,,,,,,,,UNRESEARCHED,
颂歌.md,WL-WORK-1328,颂歌,,安·兰德,Ayn Rand,,WL-TOPIC-G46-DYSTOPIA,[[../30 专题/QT6 乌托邦、反乌托邦与社会想象/00 反乌托邦文学|反乌托邦文学]],,,,,自动通过,metadata_pending,,,,,,,,UNRESEARCHED,
飓风季节.md,WL-WORK-1910,飓风季节,,墨西哥当代暴力,,,WL-TOPIC-R6-LATAM,[[../30 专题/R6 拉丁美洲与加勒比/00 拉丁美洲文学|拉丁美洲文学]],,,,,自动通过,metadata_pending,,,,,,,,UNRESEARCHED,
飞向人马座.md,WL-WORK-0454,飞向人马座,,郑文光,,,WL-TOPIC-G45-SF,[[../30 专题/QT2 科幻/00 科幻文学|科幻文学]],,,,,自动通过,,,,,,,,,UNRESEARCHED,
食人宣言.md,WL-WORK-1911,食人宣言,,奥斯瓦尔德·德·安德拉德,Oswald de Andrade,,WL-TOPIC-R6-LATAM;WL-TOPIC-M3-MODERNISM,[[../30 专题/R6 拉丁美洲与加勒比/00 拉丁美洲文学|拉丁美洲文学]];[[../30 专题/M3.1 现代主义/00 现代主义文学|现代主义文学]],,,,,自动通过,metadata_pending,,,,,,,,UNRESEARCHED,
餐后.md,WL-WORK-1912,餐后,,何塞·亚松森·西尔瓦,,,WL-TOPIC-R6-LATAM,[[../30 专题/R6 拉丁美洲与加勒比/00 拉丁美洲文学|拉丁美洲文学]],,,,,自动通过,metadata_pending,,,,,,,,UNRESEARCHED,
饥饿牧师.md,WL-WORK-1331,饥饿牧师,,威廉·拉贝,Wilhelm Raabe,,WL-TOPIC-G43-BILDUNGSROMAN,[[../30 专题/QH2.5 童年与成长/00 成长文学|成长文学]],,,,,自动通过,metadata_pending,,,,,,,,UNRESEARCHED,
马丁·里瓦斯.md,WL-WORK-1916,马丁·里瓦斯,,阿尔贝托·布莱斯特·加纳,,,WL-TOPIC-R6-LATAM,[[../30 专题/R6 拉丁美洲与加勒比/00 拉丁美洲文学|拉丁美洲文学]],,,,,自动通过,metadata_pending,,,,,,,,UNRESEARCHED,
马可·波罗游记.md,WL-WORK-0875,马可·波罗游记,,马可·波罗,Marco Polo,,WL-TOPIC-G45-ADVENTURE;WL-TOPIC-G7-TRAVEL,[[../30 专题/QT5 冒险与探索叙事/00 冒险文学|冒险文学]];[[../30 专题/QT14 旅行与游记/00 旅行文学|旅行文学]],,,,,自动通过,metadata_pending,,,,,,,,UNRESEARCHED,
马库纳伊玛.md,WL-WORK-1919,马库纳伊玛,,马里奥·德·安德拉德,Mário de Andrade,,WL-TOPIC-R6-LATAM;WL-TOPIC-M3-MODERNISM,[[../30 专题/R6 拉丁美洲与加勒比/00 拉丁美洲文学|拉丁美洲文学]];[[../30 专题/M3.1 现代主义/00 现代主义文学|现代主义文学]],,,,,自动通过,metadata_pending,,,,,,,,UNRESEARCHED,
马比诺吉昂.md,WL-WORK-0876,马比诺吉昂,,凯尔特神话,,,WL-TOPIC-G45-FANTASY;WL-TOPIC-G1-MYTH,[[../30 专题/QT3 奇幻/00 奇幻文学|奇幻文学]];[[../30 专题/QT9 神话、传说与民间叙事/00 世界神话文学|世界神话文学]],,,,,自动通过,metadata_pending,,,,,,,,UNRESEARCHED,
驼背人.md,WL-WORK-2645,驼背人,Le Bossu,保罗·费瓦尔,复仇,,WL-TOPIC-Q15;WL-TOPIC-Q15-SWASHBUCKLER,[[../30 专题/QT8 英雄、边疆与法外者文化传统/00 世界武人、边疆与法外英雄文学|世界武人、边疆与法外英雄文学]];[[../30 专题/QT8.4 欧洲剑客/00 欧洲剑客文学|欧洲剑客文学]],,,,,自动通过,metadata_pending,,,,,,,,UNRESEARCHED,
骑士西法尔.md,WL-WORK-2647,骑士西法尔,,佚名,,,WL-TOPIC-Q15;WL-TOPIC-Q15-KNIGHT,[[../30 专题/QT8 英雄、边疆与法外者文化传统/00 世界武人、边疆与法外英雄文学|世界武人、边疆与法外英雄文学]];[[../30 专题/QT8.2 欧洲骑士/00 欧洲骑士文学|欧洲骑士文学]],,,,,自动通过,metadata_pending,,,,,,,,UNRESEARCHED,
骗子.md,WL-WORK-1920,骗子,,鲁道夫·乌西格利,,,WL-TOPIC-R6-LATAM,[[../30 专题/R6 拉丁美洲与加勒比/00 拉丁美洲文学|拉丁美洲文学]],,,,,自动通过,metadata_pending,,,,,,,,UNRESEARCHED,
骰子一掷永远取消不了偶然.md,WL-WORK-1921,骰子一掷永远取消不了偶然,,马拉美,,,WL-TOPIC-M3-MODERNISM,[[../30 专题/M3.1 现代主义/00 现代主义文学|现代主义文学]],,,,,自动通过,metadata_pending,,,,,,,,UNRESEARCHED,
高卢的阿玛迪斯.md,WL-WORK-2648,高卢的阿玛迪斯,Amadís,加尔西·罗德里格斯·德·蒙塔尔沃,Garci Rodríguez de Montalvo,,WL-TOPIC-Q15;WL-TOPIC-Q15-KNIGHT,[[../30 专题/QT8 英雄、边疆与法外者文化传统/00 世界武人、边疆与法外英雄文学|世界武人、边疆与法外英雄文学]];[[../30 专题/QT8.2 欧洲骑士/00 欧洲骑士文学|欧洲骑士文学]],,,,,自动通过,metadata_pending,,,,,,,,UNRESEARCHED,
魔法学徒.md,WL-WORK-0885,魔法学徒,,雷蒙德·E.菲斯特,Raymond E. Feist,,WL-TOPIC-G45-FANTASY,[[../30 专题/QT3 奇幻/00 奇幻文学|奇幻文学]],,,,,自动通过,metadata_pending,,,,,,,,UNRESEARCHED,
鱼目集.md,WL-WORK-1922,鱼目集,,卞之琳,,,WL-TOPIC-M3-MODERNISM,[[../30 专题/M3.1 现代主义/00 现代主义文学|现代主义文学]],,,,,自动通过,metadata_pending,,,,,,,,UNRESEARCHED,
鲁平奇案.md,WL-WORK-0242,鲁平奇案,,孙了红,,,WL-TOPIC-G45-MYSTERY,[[../30 专题/QT1 推理与犯罪叙事/00 推理文学|推理文学]],,,,,自动通过,,,,,,,,,UNRESEARCHED,
鲁珀特·亨曹.md,WL-WORK-2651,鲁珀特·亨曹,Rupert of Hentzau,安东尼·霍普,Anthony Hope,,WL-TOPIC-Q15;WL-TOPIC-Q15-SWASHBUCKLER,[[../30 专题/QT8 英雄、边疆与法外者文化传统/00 世界武人、边疆与法外英雄文学|世界武人、边疆与法外英雄文学]];[[../30 专题/QT8.4 欧洲剑客/00 欧洲剑客文学|欧洲剑客文学]],,,,,自动通过,metadata_pending,,,,,,,,UNRESEARCHED,
鲜肉.md,WL-WORK-0890,鲜肉,,阿古斯蒂娜·巴斯泰里卡,Agustina Bazterrica,,WL-TOPIC-G45-HORROR;WL-TOPIC-G46-DYSTOPIA,[[../30 专题/QT4 恐怖与哥特/00 恐怖文学|恐怖文学]];[[../30 专题/QT6 乌托邦、反乌托邦与社会想象/00 反乌托邦文学|反乌托邦文学]],,,,,自动通过,metadata_pending,,,,,,,,UNRESEARCHED,
鳄鱼街.md,WL-WORK-1924,鳄鱼街,,布鲁诺·舒尔茨,Bruno Schulz,,WL-TOPIC-M3-MODERNISM,[[../30 专题/M3.1 现代主义/00 现代主义文学|现代主义文学]],,,,,自动通过,metadata_pending,,,,,,,,UNRESEARCHED,
鸟嘴.md,WL-WORK-1925,鸟嘴,,待考,阿根廷当代怪奇,,WL-TOPIC-R6-LATAM,[[../30 专题/R6 拉丁美洲与加勒比/00 拉丁美洲文学|拉丁美洲文学]],,,,,自动通过,metadata_pending,,,,,,,,UNRESEARCHED,
鸟鸣.md,WL-WORK-1336,鸟鸣,,塞巴斯蒂安·福克斯,Sebastian Faulks,,WL-TOPIC-G44-HISTORICAL;WL-TOPIC-Q2-LOVE,[[../30 专题/QT7 历史叙事/00 历史文学|历史文学]];[[../30 专题/QH2.1 爱情与欲望/00 爱情与欲望|爱情与欲望]],,,,,自动通过,metadata_pending,,,,,,,,UNRESEARCHED,
鹅妈妈的故事.md,WL-WORK-0892,鹅妈妈的故事,,夏尔·佩罗,Charles Perrault,,WL-TOPIC-G45-FANTASY,[[../30 专题/QT3 奇幻/00 奇幻文学|奇幻文学]],,,,,自动通过,metadata_pending,,,,,,,,UNRESEARCHED,
鹰爪王.md,WL-WORK-2654,鹰爪王,,郑证因,,,WL-TOPIC-Q15;WL-TOPIC-Q15-WUXIA,[[../30 专题/QT8 英雄、边疆与法外者文化传统/00 世界武人、边疆与法外英雄文学|世界武人、边疆与法外英雄文学]];[[../30 专题/QT8.1 武侠/00 武侠文学|武侠文学]],,,,,自动通过,metadata_pending,,,,,,,,UNRESEARCHED,
麦地那与麦加朝圣记.md,WL-WORK-1521,麦地那与麦加朝圣记,Personal Narrative of a Pilgrimage to Al-Madinah and Meccah,理查德·伯顿,Burton,,WL-TOPIC-G7-TRAVEL,[[../30 专题/QT14 旅行与游记/00 旅行文学|旅行文学]],,,,,自动通过,metadata_pending,,,,,,,,UNRESEARCHED,
黄色房间的秘密.md,WL-WORK-0015,黄色房间的秘密,,加斯东·勒鲁,,,WL-TOPIC-G45-MYSTERY,[[../30 专题/QT1 推理与犯罪叙事/00 推理文学|推理文学]],,,,,自动通过,,,,,,,,,UNRESEARCHED,
黄衣之王.md,WL-WORK-0895,黄衣之王,,罗伯特·W.钱伯斯,Robert W. Chambers,,WL-TOPIC-G45-HORROR,[[../30 专题/QT4 恐怖与哥特/00 恐怖文学|恐怖文学]],,,,,自动通过,metadata_pending,,,,,,,,UNRESEARCHED,
黄铜之城.md,WL-WORK-0897,黄铜之城,,S.A.查克拉博蒂,S.A. Chakraborty,,WL-TOPIC-G45-FANTASY,[[../30 专题/QT3 奇幻/00 奇幻文学|奇幻文学]],,,,,自动通过,metadata_pending,,,,,,,,UNRESEARCHED,
黑太阳.md,WL-WORK-0898,黑太阳,,丽贝卡·罗恩霍斯,Rebecca Roanhorse,,WL-TOPIC-G45-FANTASY,[[../30 专题/QT3 奇幻/00 奇幻文学|奇幻文学]],,,,,自动通过,metadata_pending,,,,,,,,UNRESEARCHED,
黑屋.md,WL-WORK-0899,黑屋,,贵志祐介,,,WL-TOPIC-G45-HORROR,[[../30 专题/QT4 恐怖与哥特/00 恐怖文学|恐怖文学]],,,,,自动通过,metadata_pending,,,,,,,,UNRESEARCHED,
黑暗之前.md,WL-WORK-0900,黑暗之前,,R.斯科特·巴克,R. Scott Bakker,,WL-TOPIC-G45-FANTASY,[[../30 专题/QT3 奇幻/00 奇幻文学|奇幻文学]],,,,,自动通过,metadata_pending,,,,,,,,UNRESEARCHED,
黑暗崛起.md,WL-WORK-0902,黑暗崛起,,苏珊·库珀,Susan Cooper,,WL-TOPIC-G45-FANTASY,[[../30 专题/QT3 奇幻/00 奇幻文学|奇幻文学]],,,,,自动通过,metadata_pending,,,,,,,,UNRESEARCHED,
黑色佣兵团.md,WL-WORK-0907,黑色佣兵团,,格伦·库克,Glen Cook,,WL-TOPIC-G45-FANTASY,[[../30 专题/QT3 奇幻/00 奇幻文学|奇幻文学]],,,,,自动通过,metadata_pending,,,,,,,,UNRESEARCHED,
黑色的使者.md,WL-WORK-1928,黑色的使者,,塞萨尔·巴列霍,,,WL-TOPIC-R6-LATAM,[[../30 专题/R6 拉丁美洲与加勒比/00 拉丁美洲文学|拉丁美洲文学]],,,,,自动通过,metadata_pending,,,,,,,,UNRESEARCHED,
黑衣女人.md,WL-WORK-0908,黑衣女人,,现在正式建立横轴,,,WL-TOPIC-G45-HORROR,[[../30 专题/QT4 恐怖与哥特/00 恐怖文学|恐怖文学]],,,,,自动通过,metadata_pending,,,,,,,,UNRESEARCHED,
鼠族.md,WL-WORK-1340,鼠族,,阿特·斯皮格曼,Art Spiegelman,,WL-TOPIC-G44-HISTORICAL;WL-TOPIC-Q6-WAR;WL-TOPIC-Q10-MEMORY,[[../30 专题/QT7 历史叙事/00 历史文学|历史文学]];[[../30 专题/QH6 战争、暴力与创伤/00 战争文学|战争文学]];[[../30 专题/QH7 历史、记忆与时间/00 历史、记忆与时间|历史、记忆与时间]],,,,,自动通过,metadata_pending,,,,,,,,UNRESEARCHED,
鼠群.md,WL-WORK-0910,鼠群,,詹姆斯·赫伯特,James Herbert,,WL-TOPIC-G45-HORROR,[[../30 专题/QT4 恐怖与哥特/00 恐怖文学|恐怖文学]],,,,,自动通过,metadata_pending,,,,,,,,UNRESEARCHED,
龙枪编年史：秋暮之巨龙.md,WL-WORK-0911,龙枪编年史：秋暮之巨龙,,玛格丽特·韦斯 / 特雷西·希克曼,Margaret Weis / Tracy Hickman,,WL-TOPIC-G45-FANTASY,[[../30 专题/QT3 奇幻/00 奇幻文学|奇幻文学]],,,,,自动通过,metadata_pending,,,,,,,,UNRESEARCHED,
龙纹身的女孩.md,WL-WORK-0217,龙纹身的女孩,,斯蒂格·拉森,北欧推理不能只放,,WL-TOPIC-G45-MYSTERY,[[../30 专题/QT1 推理与犯罪叙事/00 推理文学|推理文学]],,,,,自动通过,,,,,,,,,UNRESEARCHED,
龙骨椅.md,WL-WORK-0912,龙骨椅,,塔德·威廉斯,Tad Williams,,WL-TOPIC-G45-FANTASY,[[../30 专题/QT3 奇幻/00 奇幻文学|奇幻文学]],,,,,自动通过,metadata_pending,,,,,,,,UNRESEARCHED,
