file,code,priority,tradition,tradition_source,stage,role,axis_t,axis_r,axis_m,axis_g,axis_q
1914 and Other Poems.md,R4,△,欧洲文学综合—具体内部传统待读后校准,provisional_region,T4 全球现代主义时代 · 战争危机、现代主义与先锋实验,区域扩展阅读,T4 全球现代主义时代,R4 欧洲文学,M3 现代主义与先锋派,G3 小说,QH6 战争、暴力与创伤
1984.md,R4,△,欧洲文学综合—具体内部传统待读后校准,provisional_region,T5 二战后多极文学 · 战后重建、记忆政治与后现代转型,文类形成与区域典范,T5 二战后多极文学,R4 欧洲文学,M4 政治、民族与文化运动,G3 小说,QT2 科幻 | QT6 乌托邦、反乌托邦与社会想象 | QH1 自我、存在与生命 | QH5 权力、制度与秩序
1988：我想和这个世界谈谈.md,R2,△,东亚文学综合—具体内部传统待读后校准,provisional_region,T6 当代全球文学 · 都市经验、媒介转型与跨国传播,区域扩展阅读,T6 当代全球文学,R2 东亚文学,M5 战后与当代美学范式,G3 小说,QH1 自我、存在与生命 | QH2.3 家庭与家族 | QH2.5 童年与成长
1Q84.md,R2,△,东亚文学综合—具体内部传统待读后校准,provisional_region,T6 当代全球文学 · 都市经验、媒介转型与跨国传播,区域扩展阅读,T6 当代全球文学,R2 东亚文学,M5 战后与当代美学范式,G3 小说,QH1 自我、存在与生命 | QH2.1 爱情与欲望 | QH2.5 童年与成长
2001：太空漫游.md,R4,△,欧洲文学综合—具体内部传统待读后校准,provisional_region,T5 二战后多极文学 · 战后重建、记忆政治与后现代转型,区域扩展阅读,T5 二战后多极文学,R4 欧洲文学,M5 战后与当代美学范式,G3 小说,QT2 科幻
2312.md,R5,△,北美文学综合—具体内部传统待读后校准,provisional_region,T6 当代全球文学 · 多元身份、数字媒介与全球传播,区域扩展阅读,T6 当代全球文学,R5 北美文学,M5 战后与当代美学范式,G3 小说,QH3 身份、身体与归属
24个比利.md,R5,△,北美文学综合—具体内部传统待读后校准,provisional_region,T6 当代全球文学 · 多元身份、数字媒介与全球传播,区域扩展阅读,T6 当代全球文学,R5 北美文学,M5 战后与当代美学范式,G3 小说,QH1 自我、存在与生命 | QH2.5 童年与成长 | QH3.1 性别与身体
2666.md,R6,△,拉丁美洲与加勒比综合—具体内部传统待读后校准,provisional_region,T6 当代全球文学 · 后独裁记忆、迁徙与跨国文学重组,区域扩展阅读,T6 当代全球文学,R6 拉丁美洲与加勒比,M5 战后与当代美学范式,G3 小说,QH3 身份、身体与归属
64.md,R2,△,东亚文学综合—具体内部传统待读后校准,provisional_region,T6 当代全球文学 · 都市经验、媒介转型与跨国传播,区域扩展阅读,T6 当代全球文学,R2 东亚文学,M5 战后与当代美学范式,G3 小说,QT1 推理与犯罪叙事
82年生的金智英.md,R2,△,东亚文学综合—具体内部传统待读后校准,provisional_region,T6 当代全球文学 · 都市经验、媒介转型与跨国传播,区域扩展阅读,T6 当代全球文学,R2 东亚文学,M5 战后与当代美学范式,G3 小说,QH2.5 童年与成长 | QH3.1 性别与身体 | QH4 社会、阶级与劳动
A Boy's Own Story.md,R5,△,北美文学综合—具体内部传统待读后校准,provisional_region,T6 当代全球文学 · 多元身份、数字媒介与全球传播,区域扩展阅读,T6 当代全球文学,R5 北美文学,M5 战后与当代美学范式,G3 小说,QH2.5 童年与成长
A Court of Thorns and Roses.md,R5,△,北美文学综合—具体内部传统待读后校准,provisional_region,T6 当代全球文学 · 多元身份、数字媒介与全球传播,区域扩展阅读,T6 当代全球文学,R5 北美文学,M5 战后与当代美学范式,G3 小说,QH2.1 爱情与欲望
A General History of the Pyrates.md,R4,△,欧洲文学综合—具体内部传统待读后校准,provisional_region,T2 早期现代文学 · 文艺复兴、宗教改革与印刷公共领域,区域扩展阅读,T2 早期现代文学,R4 欧洲文学,M1 早期现代思想与美学,G3 小说,QT8 英雄、边疆与法外者文化传统 | QT8.8 海盗
A Gentleman of France.md,R4,△,欧洲文学综合—具体内部传统待读后校准,provisional_region,T6 当代全球文学 · 欧洲一体化、迁徙经验与当代重组,区域扩展阅读,T6 当代全球文学,R4 欧洲文学,M5 战后与当代美学范式,G3 小说,QT8 英雄、边疆与法外者文化传统 | QT8.4 欧洲剑客
A Head Full of Ghosts.md,R5,△,北美文学综合—具体内部传统待读后校准,provisional_region,T6 当代全球文学 · 多元身份、数字媒介与全球传播,区域扩展阅读,T6 当代全球文学,R5 北美文学,M5 战后与当代美学范式,G3 小说,QT4 恐怖与哥特
A Hunger Like No Other.md,R5,△,北美文学综合—具体内部传统待读后校准,provisional_region,T6 当代全球文学 · 多元身份、数字媒介与全球传播,区域扩展阅读,T6 当代全球文学,R5 北美文学,M5 战后与当代美学范式,G3 小说,QH2.1 爱情与欲望
A Knight's Own Book of Chivalry.md,R4,△,欧洲文学综合—具体内部传统待读后校准,provisional_region,T6 当代全球文学 · 欧洲一体化、迁徙经验与当代重组,区域扩展阅读,T6 当代全球文学,R4 欧洲文学,M5 战后与当代美学范式,G3 小说,QT8 英雄、边疆与法外者文化传统 | QT8.2 欧洲骑士
A Lady's Life in the Rocky Mountains.md,R4,△,欧洲文学综合—具体内部传统待读后校准,provisional_region,T3 19世纪现代文学体系 · 浪漫主义、现实主义与民族文学体系,区域扩展阅读,T3 19世纪现代文学体系,R4 欧洲文学,M2 19世纪文学思潮,G6 纪实与文学非虚构,QT14 旅行与游记
A Long Way Gone.md,R7,◆,东非—斯瓦希里文学传统,existing,T6 当代全球文学 · 后殖民批判、城市经验与全球离散,殖民回应与民族文学建构,T6 当代全球文学,R7 非洲文学,M5 战后与当代美学范式,G3 小说,QH6 战争、暴力与创伤
A Man Called Horse.md,R5,△,北美文学综合—具体内部传统待读后校准,provisional_region,T5 二战后多极文学 · 战后反文化、族裔文学与媒介繁荣,区域扩展阅读,T5 二战后多极文学,R5 北美文学,M5 战后与当代美学范式,G3 小说,QT8 英雄、边疆与法外者文化传统 | QT8.5 西部
A New Voyage Round the World.md,R4,△,欧洲文学综合—具体内部传统待读后校准,provisional_region,T2 早期现代文学 · 文艺复兴、宗教改革与印刷公共领域,区域扩展阅读,T2 早期现代文学,R4 欧洲文学,M1 早期现代思想与美学,G3 小说,QT5 冒险与探索叙事 | QT8 英雄、边疆与法外者文化传统 | QT8.8 海盗
A Princess in Theory.md,R5,△,北美文学综合—具体内部传统待读后校准,provisional_region,T6 当代全球文学 · 多元身份、数字媒介与全球传播,区域扩展阅读,T6 当代全球文学,R5 北美文学,M5 战后与当代美学范式,G3 小说,QH2.1 爱情与欲望
A Rumor of War.md,R5,△,北美文学综合—具体内部传统待读后校准,provisional_region,T5 二战后多极文学 · 战后反文化、族裔文学与媒介繁荣,殖民回应与民族文学建构,T5 二战后多极文学,R5 北美文学,M5 战后与当代美学范式,G3 小说,QH6 战争、暴力与创伤
A Small Place.md,R6,△,拉丁美洲与加勒比综合—具体内部传统待读后校准,provisional_region,T6 当代全球文学 · 后独裁记忆、迁徙与跨国文学重组,区域扩展阅读,T6 当代全球文学,R6 拉丁美洲与加勒比,M5 战后与当代美学范式,G6 纪实与文学非虚构,QT14 旅行与游记
A Time of Gifts.md,R4,△,欧洲文学综合—具体内部传统待读后校准,provisional_region,T5 二战后多极文学 · 战后重建、记忆政治与后现代转型,区域扩展阅读,T5 二战后多极文学,R4 欧洲文学,M5 战后与当代美学范式,G6 纪实与文学非虚构,QT14 旅行与游记
A Tour on the Prairies.md,R5,△,北美文学综合—具体内部传统待读后校准,provisional_region,T3 19世纪现代文学体系 · 国家文学、奴隶制回应与大众出版,区域扩展阅读,T3 19世纪现代文学体系,R5 北美文学,M2 19世纪文学思潮,G3 小说,QT8 英雄、边疆与法外者文化传统 | QT8.5 西部
A Woman's Journey Round the World.md,R4,△,欧洲文学综合—具体内部传统待读后校准,provisional_region,T3 19世纪现代文学体系 · 浪漫主义、现实主义与民族文学体系,区域扩展阅读,T3 19世纪现代文学体系,R4 欧洲文学,M2 19世纪文学思潮,G6 纪实与文学非虚构,QT14 旅行与游记
ABC谋杀案.md,R4,△,欧洲文学综合—具体内部传统待读后校准,provisional_region,T4 全球现代主义时代 · 战争危机、现代主义与先锋实验,区域扩展阅读,T4 全球现代主义时代,R4 欧洲文学,M3 现代主义与先锋派,G3 小说,QT1 推理与犯罪叙事
Across the Black Waters.md,R3,△,南亚英语文学传统,author_model,T4 全球现代主义时代 · 反殖民、现代主义与多语文学革新,区域扩展阅读,T4 全球现代主义时代,R3 南亚文学,M3 现代主义与先锋派,G3 小说,QH6 战争、暴力与创伤
Afsaneh ／ 传说.md,R3,△,南亚文学综合—具体内部传统待读后校准,provisional_region,T4 全球现代主义时代 · 反殖民、现代主义与多语文学革新,区域扩展阅读,T4 全球现代主义时代,R3 南亚文学,M3.1 现代主义 / Modernism,G3 小说,QH3 身份、身体与归属 | QH1 自我、存在与生命
All You Need Is Kill.md,R2,△,东亚文学综合—具体内部传统待读后校准,provisional_region,T6 当代全球文学 · 都市经验、媒介转型与跨国传播,区域扩展阅读,T6 当代全球文学,R2 东亚文学,M5 战后与当代美学范式,G3 小说,QT2 科幻
Allan Quatermain.md,R4,△,欧洲文学综合—具体内部传统待读后校准,provisional_region,T3 19世纪现代文学体系 · 浪漫主义、现实主义与民族文学体系,区域扩展阅读,T3 19世纪现代文学体系,R4 欧洲文学,M2 19世纪文学思潮,G3 小说,QT5 冒险与探索叙事
Almanac of the Dead.md,R5,△,北美原住民文学传统,author_model,T6 当代全球文学 · 多元身份、数字媒介与全球传播,区域扩展阅读,T6 当代全球文学,R5 北美文学,M5 战后与当代美学范式,G3 小说,QT8 英雄、边疆与法外者文化传统 | QT8.5 西部
Always Only You.md,R2,△,东亚文学综合—具体内部传统待读后校准,provisional_region,T6 当代全球文学 · 都市经验、媒介转型与跨国传播,区域扩展阅读,T6 当代全球文学,R2 东亚文学,M5 战后与当代美学范式,G3 小说,QH2.1 爱情与欲望
Ambiguity Machines and Other Stories.md,R3,△,南亚文学综合—具体内部传统待读后校准,provisional_region,T6 当代全球文学 · 全球南亚、英语写作与地方传统重组,区域扩展阅读,T6 当代全球文学,R3 南亚文学,M5 战后与当代美学范式,G3 小说,QT2 科幻
America Is in the Heart.md,R5,△,北美文学综合—具体内部传统待读后校准,provisional_region,T5 二战后多极文学 · 战后反文化、族裔文学与媒介繁荣,翻译与跨传统连接,T5 二战后多极文学,R5 北美文学 | R8 东南亚文学,M5 战后与当代美学范式,G3 小说,QH2.5 童年与成长
America Is in the Heart.md,R8,△,东南亚文学综合—具体内部传统待读后校准,provisional_region,T5 二战后多极文学 · 独立战争、国家建构与政治创伤,翻译与跨传统连接,T5 二战后多极文学,R5 北美文学 | R8 东南亚文学,M5 战后与当代美学范式,G3 小说,QH2.5 童年与成长
Amsterdam.md,R4,△,欧洲文学综合—具体内部传统待读后校准,provisional_region,T6 当代全球文学 · 欧洲一体化、迁徙经验与当代重组,区域扩展阅读,T6 当代全球文学,R4 欧洲文学,M5 战后与当代美学范式,G3 小说,QH3 身份、身体与归属
An Area of Darkness.md,R6,△,拉丁美洲与加勒比综合—具体内部传统待读后校准,provisional_region,T5 二战后多极文学 · 革命经验、文学爆炸与独裁回应,区域扩展阅读,T5 二战后多极文学,R6 拉丁美洲与加勒比,M5 战后与当代美学范式,G6 纪实与文学非虚构,QT14 旅行与游记
Angel Down.md,R5,△,北美文学综合—具体内部传统待读后校准,provisional_region,T6 当代全球文学 · 多元身份、数字媒介与全球传播,区域扩展阅读,T6 当代全球文学,R5 北美文学,M5 战后与当代美学范式,G3 小说,QH3 身份、身体与归属
Aniceto el Gallo.md,R6,△,拉丁美洲与加勒比综合—具体内部传统待读后校准,provisional_region,T3 19世纪现代文学体系 · 独立建国、浪漫主义与国家文学,区域扩展阅读,T3 19世纪现代文学体系,R6 拉丁美洲与加勒比,M2 19世纪文学思潮,G3 小说,QT8 英雄、边疆与法外者文化传统 | QT8.6 Gaucho
Anton Reiser.md,R4,△,欧洲文学综合—具体内部传统待读后校准,provisional_region,T2 早期现代文学 · 文艺复兴、宗教改革与印刷公共领域,区域扩展阅读,T2 早期现代文学,R4 欧洲文学,M1 早期现代思想与美学,G3 小说,QH2.5 童年与成长
Anything for Billy.md,R5,△,北美文学综合—具体内部传统待读后校准,provisional_region,T6 当代全球文学 · 多元身份、数字媒介与全球传播,区域扩展阅读,T6 当代全球文学,R5 北美文学,M5 战后与当代美学范式,G3 小说,QT8 英雄、边疆与法外者文化传统 | QT8.7 侠盗
Arabella.md,R4,△,欧洲文学综合—具体内部传统待读后校准,provisional_region,T5 二战后多极文学 · 战后重建、记忆政治与后现代转型,区域扩展阅读,T5 二战后多极文学,R4 欧洲文学,M3 现代主义与先锋派,G3 小说,QH2.1 爱情与欲望
Arabian Sands.md,R4,△,欧洲文学综合—具体内部传统待读后校准,provisional_region,T5 二战后多极文学 · 战后重建、记忆政治与后现代转型,区域扩展阅读,T5 二战后多极文学,R4 欧洲文学,M5 战后与当代美学范式,G6 纪实与文学非虚构,QT14 旅行与游记
As the Earth Turns Silver.md,R9,◆,英语新西兰文学传统,existing,T6 当代全球文学 · 生态危机、移民社会与跨太平洋传播,文类形成与区域典范,T6 当代全球文学,R9 大洋洲与太平洋,M5 战后与当代美学范式,G3 小说,QH5 权力、制度与秩序
Aspremont.md,R4,△,伊比利亚文学传统,author_model,T6 当代全球文学 · 欧洲一体化、迁徙经验与当代重组,区域扩展阅读,T6 当代全球文学,R4 欧洲文学,M5 战后与当代美学范式,G3 小说,QT8 英雄、边疆与法外者文化传统 | QT8.2 欧洲骑士
Astoria.md,R5,△,北美文学综合—具体内部传统待读后校准,provisional_region,T3 19世纪现代文学体系 · 国家文学、奴隶制回应与大众出版,区域扩展阅读,T3 19世纪现代文学体系,R5 北美文学,M2 19世纪文学思潮,G3 小说,QT8 英雄、边疆与法外者文化传统 | QT8.5 西部
"Astucia, el jefe de los Hermanos de la Hoja.md",R6,△,拉丁美洲与加勒比综合—具体内部传统待读后校准,provisional_region,T3 19世纪现代文学体系 · 独立建国、浪漫主义与国家文学,区域扩展阅读,T3 19世纪现代文学体系,R6 拉丁美洲与加勒比,M2 19世纪文学思潮,G3 小说,QT8 英雄、边疆与法外者文化传统 | QT8.7 侠盗
Audition.md,R2,△,东亚文学综合—具体内部传统待读后校准,provisional_region,T6 当代全球文学 · 都市经验、媒介转型与跨国传播,区域扩展阅读,T6 当代全球文学,R2 东亚文学,M5 战后与当代美学范式,G3 小说,QT4 恐怖与哥特
Auschwitz and After.md,R4,△,欧洲文学综合—具体内部传统待读后校准,provisional_region,T5 二战后多极文学 · 战后重建、记忆政治与后现代转型,区域扩展阅读,T5 二战后多极文学,R4 欧洲文学,M5 战后与当代美学范式,G3 小说,QH6 战争、暴力与创伤
Ayesha at Last.md,R5,△,北美文学综合—具体内部传统待读后校准,provisional_region,T6 当代全球文学 · 多元身份、数字媒介与全球传播,区域扩展阅读,T6 当代全球文学,R5 北美文学,M5 战后与当代美学范式,G3 小说,QH2.1 爱情与欲望
A代表不在场证明.md,R5,△,北美文学综合—具体内部传统待读后校准,provisional_region,T6 当代全球文学 · 多元身份、数字媒介与全球传播,区域扩展阅读,T6 当代全球文学,R5 北美文学,M5 战后与当代美学范式,G3 小说,QT1 推理与犯罪叙事
Banalata Sen.md,R3,◆,孟加拉与东部语言文学传统,existing,T4 全球现代主义时代 · 反殖民、现代主义与多语文学革新,语言、书写与媒介转型,T4 全球现代主义时代,R3 南亚文学,M3.1 现代主义 / Modernism,G1 诗歌,QH5 权力、制度与秩序
Bandits.md,R4,△,欧洲文学综合—具体内部传统待读后校准,provisional_region,T5 二战后多极文学 · 战后重建、记忆政治与后现代转型,区域扩展阅读,T5 二战后多极文学,R4 欧洲文学,M5 战后与当代美学范式,G3 小说,QT8 英雄、边疆与法外者文化传统 | QT8.7 侠盗
Bar-20.md,R5,△,北美文学综合—具体内部传统待读后校准,provisional_region,T4 全球现代主义时代 · 现代主义、哈莱姆复兴与类型扩张,区域扩展阅读,T4 全球现代主义时代,R5 北美文学,M3 现代主义与先锋派,G3 小说,QT8 英雄、边疆与法外者文化传统 | QT8.5 西部
Bardelys the Magnificent.md,R4,△,欧洲文学综合—具体内部传统待读后校准,provisional_region,T4 全球现代主义时代 · 战争危机、现代主义与先锋实验,区域扩展阅读,T4 全球现代主义时代,R4 欧洲文学,M3 现代主义与先锋派,G3 小说,QT8 英雄、边疆与法外者文化传统 | QT8.4 欧洲剑客
Battle-Pieces.md,R5,△,北美文学综合—具体内部传统待读后校准,provisional_region,T3 19世纪现代文学体系 · 国家文学、奴隶制回应与大众出版,区域扩展阅读,T3 19世纪现代文学体系,R5 北美文学,M2 19世纪文学思潮,G3 小说,QH6 战争、暴力与创伤
Beach Read.md,R5,△,北美文学综合—具体内部传统待读后校准,provisional_region,T6 当代全球文学 · 多元身份、数字媒介与全球传播,区域扩展阅读,T6 当代全球文学,R5 北美文学,M5 战后与当代美学范式,G3 小说,QH2.1 爱情与欲望
Before I Let Go.md,R5,△,北美文学综合—具体内部传统待读后校准,provisional_region,T6 当代全球文学 · 多元身份、数字媒介与全球传播,区域扩展阅读,T6 当代全球文学,R5 北美文学,M5 战后与当代美学范式,G3 小说,QH2.1 爱情与欲望
Before She Sleeps.md,R3,△,南亚文学综合—具体内部传统待读后校准,provisional_region,T6 当代全球文学 · 全球南亚、英语写作与地方传统重组,区域扩展阅读,T6 当代全球文学,R3 南亚文学,M5 战后与当代美学范式,G3 小说,QT6 乌托邦、反乌托邦与社会想象
Before the Fall.md,R5,△,北美文学综合—具体内部传统待读后校准,provisional_region,T6 当代全球文学 · 多元身份、数字媒介与全球传播,区域扩展阅读,T6 当代全球文学,R5 北美文学,M5 战后与当代美学范式,G3 小说,QH3 身份、身体与归属
Beirut Blues.md,R1,△,阿拉伯文学传统,existing,T6 当代全球文学 · 当代冲突、迁徙与全球传播,离散迁徙与跨区域连接,T6 当代全球文学,R1 西亚—地中海古老传统,M5 战后与当代美学范式,G3 小说,QH6 战争、暴力与创伤
Beirut Blues.md,R10,◆,阿拉伯—中东离散文学传统,existing,T6 当代全球文学 · 全球迁徙、数字传播与跨语文学网络,离散迁徙与跨区域连接,T6 当代全球文学,R1 西亚—地中海古老传统,M5 战后与当代美学范式,G3 小说,QH6 战争、暴力与创伤
Bellarion the Fortunate.md,R4,△,欧洲文学综合—具体内部传统待读后校准,provisional_region,T4 全球现代主义时代 · 战争危机、现代主义与先锋实验,区域扩展阅读,T4 全球现代主义时代,R4 欧洲文学,M3 现代主义与先锋派,G3 小说,QT8 英雄、边疆与法外者文化传统 | QT8.4 欧洲剑客
Benito Cereno.md,R5,△,北美文学综合—具体内部传统待读后校准,provisional_region,T3 19世纪现代文学体系 · 国家文学、奴隶制回应与大众出版,区域扩展阅读,T3 19世纪现代文学体系,R5 北美文学,M2 19世纪文学思潮,G3 小说,QT8 英雄、边疆与法外者文化传统 | QT8.8 海盗
Bet Me.md,R5,△,北美文学综合—具体内部传统待读后校准,provisional_region,T6 当代全球文学 · 多元身份、数字媒介与全球传播,区域扩展阅读,T6 当代全球文学,R5 北美文学,M5 战后与当代美学范式,G3 小说,QH2.1 爱情与欲望
Between the Woods and the Water.md,R4,△,欧洲文学综合—具体内部传统待读后校准,provisional_region,T6 当代全球文学 · 欧洲一体化、迁徙经验与当代重组,区域扩展阅读,T6 当代全球文学,R4 欧洲文学,M5 战后与当代美学范式,G6 纪实与文学非虚构,QT14 旅行与游记
Bevis of Hampton.md,R4,△,伊比利亚文学传统,author_model,T1 中古多中心文学世界 · 基督教、宫廷与俗语文学形成,区域扩展阅读,T1 中古多中心文学世界,R4 欧洲文学,,G3 小说,QT8 英雄、边疆与法外者文化传统 | QT8.2 欧洲骑士
Big Rock Candy Mountain.md,R5,△,北美文学综合—具体内部传统待读后校准,provisional_region,T4 全球现代主义时代 · 现代主义、哈莱姆复兴与类型扩张,区域扩展阅读,T4 全球现代主义时代,R5 北美文学,M3 现代主义与先锋派,G3 小说,QT8 英雄、边疆与法外者文化传统 | QT8.5 西部
Black Lamb and Grey Falcon.md,R4,△,欧洲文学综合—具体内部传统待读后校准,provisional_region,T4 全球现代主义时代 · 战争危机、现代主义与先锋实验,区域扩展阅读,T4 全球现代主义时代,R4 欧洲文学,M3 现代主义与先锋派,G6 纪实与文学非虚构,QT14 旅行与游记
"Black Leopard, Red Wolf.md",R5,△,北美文学综合—具体内部传统待读后校准,provisional_region,T6 当代全球文学 · 多元身份、数字媒介与全球传播,区域扩展阅读,T6 当代全球文学,R5 北美文学,M5 战后与当代美学范式,G3 小说,QT8 英雄、边疆与法外者文化传统 | QT8.8 海盗
Black Stone.md,R9,◆,巴布亚新几内亚—美拉尼西亚文学传统,existing,T6 当代全球文学 · 生态危机、移民社会与跨太平洋传播,传统转型与区域扩展,T6 当代全球文学,R9 大洋洲与太平洋,M5 战后与当代美学范式,G3 小说,QH5 权力、制度与秩序
BLAST 第1号.md,R4,△,欧洲文学综合—具体内部传统待读后校准,provisional_region,T4 全球现代主义时代 · 战争危机、现代主义与先锋实验,区域扩展阅读,T4 全球现代主义时代,R4 欧洲文学,M3.2 先锋派,G4 散文与随笔,QH5 权力、制度与秩序
"Bless Me, Ultima.md",R5,★,拉美裔—奇卡诺美国文学传统,existing,T5 二战后多极文学 · 战后反文化、族裔文学与媒介繁荣,文类形成与区域典范,T5 二战后多极文学,R5 北美文学,M5 战后与当代美学范式,G3 小说,QT8 英雄、边疆与法外者文化传统 | QT8.5 西部
Blue Heaven.md,R5,△,北美文学综合—具体内部传统待读后校准,provisional_region,T6 当代全球文学 · 多元身份、数字媒介与全球传播,区域扩展阅读,T6 当代全球文学,R5 北美文学,M5 战后与当代美学范式,G3 小说,QH3 身份、身体与归属
Bones.md,R5,△,北美文学综合—具体内部传统待读后校准,provisional_region,T6 当代全球文学 · 多元身份、数字媒介与全球传播,区域扩展阅读,T6 当代全球文学,R5 北美文学,M5 战后与当代美学范式,G3 小说,QH3 身份、身体与归属
Book Lovers.md,R5,△,北美文学综合—具体内部传统待读后校准,provisional_region,T6 当代全球文学 · 多元身份、数字媒介与全球传播,区域扩展阅读,T6 当代全球文学,R5 北美文学,M5 战后与当代美学范式,G3 小说,QH2.1 爱情与欲望
Borderlands ／ La Frontera.md,R5,★,拉美裔—奇卡诺美国文学传统,existing,T6 当代全球文学 · 多元身份、数字媒介与全球传播,核心经典与传统确立,T6 当代全球文学,R5 北美文学,M5 战后与当代美学范式,G3 小说,QT8 英雄、边疆与法外者文化传统 | QT8.5 西部
Boyfriend Material.md,R4,△,欧洲文学综合—具体内部传统待读后校准,provisional_region,T6 当代全球文学 · 欧洲一体化、迁徙经验与当代重组,区域扩展阅读,T6 当代全球文学,R4 欧洲文学,M5 战后与当代美学范式,G3 小说,QH2.1 爱情与欲望
Bread Givers.md,R5,△,北美文学综合—具体内部传统待读后校准,provisional_region,T4 全球现代主义时代 · 现代主义、哈莱姆复兴与类型扩张,区域扩展阅读,T4 全球现代主义时代,R5 北美文学,M3 现代主义与先锋派,G3 小说,QH2.5 童年与成长
Brut.md,R4,△,欧洲文学综合—具体内部传统待读后校准,provisional_region,T6 当代全球文学 · 欧洲一体化、迁徙经验与当代重组,区域扩展阅读,T6 当代全球文学,R4 欧洲文学,M5 战后与当代美学范式,G3 小说,QT8 英雄、边疆与法外者文化传统 | QT8.2 欧洲骑士
Buffalo Wagons.md,R5,△,北美文学综合—具体内部传统待读后校准,provisional_region,T5 二战后多极文学 · 战后反文化、族裔文学与媒介繁荣,区域扩展阅读,T5 二战后多极文学,R5 北美文学,M5 战后与当代美学范式,G3 小说,QT8 英雄、边疆与法外者文化传统 | QT8.5 西部
Bugles in the Afternoon.md,R5,△,北美文学综合—具体内部传统待读后校准,provisional_region,T4 全球现代主义时代 · 现代主义、哈莱姆复兴与类型扩张,区域扩展阅读,T4 全球现代主义时代,R5 北美文学,M3 现代主义与先锋派,G3 小说,QT8 英雄、边疆与法外者文化传统 | QT8.5 西部
Burnt Offerings.md,R5,△,北美文学综合—具体内部传统待读后校准,provisional_region,T5 二战后多极文学 · 战后反文化、族裔文学与媒介繁荣,区域扩展阅读,T5 二战后多极文学,R5 北美文学,M5 战后与当代美学范式,G3 小说,QT4 恐怖与哥特
Butcher's Crossing.md,R5,△,北美文学综合—具体内部传统待读后校准,provisional_region,T5 二战后多极文学 · 战后反文化、族裔文学与媒介繁荣,区域扩展阅读,T5 二战后多极文学,R5 北美文学,M5 战后与当代美学范式,G3 小说,QT8 英雄、边疆与法外者文化传统 | QT8.5 西部
California Girl.md,R5,△,北美文学综合—具体内部传统待读后校准,provisional_region,T6 当代全球文学 · 多元身份、数字媒介与全球传播,区域扩展阅读,T6 当代全球文学,R5 北美文学,M5 战后与当代美学范式,G3 小说,QH3 身份、身体与归属
Cancioneiro Guasca.md,R6,△,拉丁美洲与加勒比综合—具体内部传统待读后校准,provisional_region,T4 全球现代主义时代 · Modernismo、先锋派与本土现代性,区域扩展阅读,T4 全球现代主义时代,R6 拉丁美洲与加勒比,M3 现代主义与先锋派,G3 小说,QT8 英雄、边疆与法外者文化传统 | QT8.6 Gaucho
Captain Singleton.md,R4,△,欧洲文学综合—具体内部传统待读后校准,provisional_region,T2 早期现代文学 · 文艺复兴、宗教改革与印刷公共领域,区域扩展阅读,T2 早期现代文学,R4 欧洲文学,M1 早期现代思想与美学,G3 小说,QT8 英雄、边疆与法外者文化传统 | QT8.8 海盗
Casos do Romualdo.md,R6,△,拉丁美洲与加勒比综合—具体内部传统待读后校准,provisional_region,T4 全球现代主义时代 · Modernismo、先锋派与本土现代性,区域扩展阅读,T4 全球现代主义时代,R6 拉丁美洲与加勒比,M3 现代主义与先锋派,G3 小说,QT8 英雄、边疆与法外者文化传统 | QT8.6 Gaucho
Ceremony.md,R5,★,北美原住民文学传统,existing,T5 二战后多极文学 · 战后反文化、族裔文学与媒介繁荣,源头与经典奠基,T5 二战后多极文学,R5 北美文学,M5 战后与当代美学范式,G3 小说,QT7 历史叙事 | QT8 英雄、边疆与法外者文化传统 | QT8.5 西部
Certain Dark Things.md,R6,△,拉丁美洲与加勒比综合—具体内部传统待读后校准,provisional_region,T6 当代全球文学 · 后独裁记忆、迁徙与跨国文学重组,区域扩展阅读,T6 当代全球文学,R6 拉丁美洲与加勒比,M5 战后与当代美学范式,G3 小说,QT4 恐怖与哥特
"Changó, el gran putas.md",R6,△,拉丁美洲与加勒比综合—具体内部传统待读后校准,provisional_region,T6 当代全球文学 · 后独裁记忆、迁徙与跨国文学重组,区域扩展阅读,T6 当代全球文学,R6 拉丁美洲与加勒比,M5 战后与当代美学范式,G3 小说,QH5 权力、制度与秩序
Chemmeen.md,R3,◆,泰米尔与南印度文学传统,existing,T5 二战后多极文学 · 独立分治、国家文学与离散书写,文类形成与区域典范,T5 二战后多极文学,R3 南亚文学,M5 战后与当代美学范式,G3 小说,QH6 战争、暴力与创伤
China Iron历险记.md,R6,△,拉丁美洲与加勒比综合—具体内部传统待读后校准,provisional_region,T6 当代全球文学 · 后独裁记忆、迁徙与跨国文学重组,区域扩展阅读,T6 当代全球文学,R6 拉丁美洲与加勒比,M5 战后与当代美学范式,G3 小说,QT8 英雄、边疆与法外者文化传统 | QT8.6 Gaucho | QT8.7 侠盗
Cielitos.md,R6,△,拉丁美洲与加勒比综合—具体内部传统待读后校准,provisional_region,T6 当代全球文学 · 后独裁记忆、迁徙与跨国文学重组,区域扩展阅读,T6 当代全球文学,R6 拉丁美洲与加勒比,M5 战后与当代美学范式,G3 小说,QT8 英雄、边疆与法外者文化传统 | QT8.6 Gaucho
Cligès.md,R4,△,中世纪拉丁基督教与俗语奠基传统,author_model,T1 中古多中心文学世界 · 基督教、宫廷与俗语文学形成,区域扩展阅读,T1 中古多中心文学世界,R4 欧洲文学,,G3 小说,QT8 英雄、边疆与法外者文化传统 | QT8.2 欧洲骑士
Close Range.md,R5,△,北美文学综合—具体内部传统待读后校准,provisional_region,T6 当代全球文学 · 多元身份、数字媒介与全球传播,区域扩展阅读,T6 当代全球文学,R5 北美文学,M5 战后与当代美学范式,G3 小说,QT8 英雄、边疆与法外者文化传统 | QT8.5 西部
Cockfight.md,R6,△,拉丁美洲与加勒比综合—具体内部传统待读后校准,provisional_region,T6 当代全球文学 · 后独裁记忆、迁徙与跨国文学重组,区域扩展阅读,T6 当代全球文学,R6 拉丁美洲与加勒比,M5 战后与当代美学范式,G3 小说,QT4 恐怖与哥特
"Cogewea, the Half-Blood.md",R5,△,北美文学综合—具体内部传统待读后校准,provisional_region,T4 全球现代主义时代 · 现代主义、哈莱姆复兴与类型扩张,区域扩展阅读,T4 全球现代主义时代,R5 北美文学,M3 现代主义与先锋派,G3 小说,QT8 英雄、边疆与法外者文化传统 | QT8.5 西部
Cogewea.md,R5,△,北美文学综合—具体内部传统待读后校准,provisional_region,T4 全球现代主义时代 · 现代主义、哈莱姆复兴与类型扩张,区域扩展阅读,T4 全球现代主义时代,R5 北美文学,M3 现代主义与先锋派,G3 小说,QT8 英雄、边疆与法外者文化传统 | QT8.5 西部
Color.md,R5,△,北美文学综合—具体内部传统待读后校准,provisional_region,T4 全球现代主义时代 · 现代主义、哈莱姆复兴与类型扩张,区域扩展阅读,T4 全球现代主义时代,R5 北美文学,M3.1 现代主义 / Modernism,G1 诗歌,QH1 自我、存在与生命
Comanche Moon.md,R5,△,北美文学综合—具体内部传统待读后校准,provisional_region,T6 当代全球文学 · 多元身份、数字媒介与全球传播,区域扩展阅读,T6 当代全球文学,R5 北美文学,M5 战后与当代美学范式,G3 小说,QT8 英雄、边疆与法外者文化传统 | QT8.5 西部
Contos Gauchescos.md,R6,△,拉丁美洲与加勒比综合—具体内部传统待读后校准,provisional_region,T4 全球现代主义时代 · Modernismo、先锋派与本土现代性,区域扩展阅读,T4 全球现代主义时代,R6 拉丁美洲与加勒比,M3 现代主义与先锋派,G3 小说,QT8 英雄、边疆与法外者文化传统 | QT8.6 Gaucho
Cotillion.md,R4,△,欧洲文学综合—具体内部传统待读后校准,provisional_region,T5 二战后多极文学 · 战后重建、记忆政治与后现代转型,区域扩展阅读,T5 二战后多极文学,R4 欧洲文学,M3 现代主义与先锋派,G3 小说,QH2.1 爱情与欲望
Count Hannibal.md,R4,△,欧洲文学综合—具体内部传统待读后校准,provisional_region,T4 全球现代主义时代 · 战争危机、现代主义与先锋实验,区域扩展阅读,T4 全球现代主义时代,R4 欧洲文学,M3 现代主义与先锋派,G3 小说,QT8 英雄、边疆与法外者文化传统 | QT8.4 欧洲剑客
Cowboy Songs and Other Frontier Ballads.md,R5,△,北美文学综合—具体内部传统待读后校准,provisional_region,T4 全球现代主义时代 · 现代主义、哈莱姆复兴与类型扩张,区域扩展阅读,T4 全球现代主义时代,R5 北美文学,M3 现代主义与先锋派,G3 小说,QT8 英雄、边疆与法外者文化传统 | QT8.5 西部
Cracking India.md,R3,△,南亚文学综合—具体内部传统待读后校准,provisional_region,T6 当代全球文学 · 全球南亚、英语写作与地方传统重组,区域扩展阅读,T6 当代全球文学,R3 南亚文学,M5 战后与当代美学范式,G3 小说,QT7 历史叙事
"Crick Crack, Monkey.md",R6,△,拉丁美洲与加勒比综合—具体内部传统待读后校准,provisional_region,T5 二战后多极文学 · 革命经验、文学爆炸与独裁回应,区域扩展阅读,T5 二战后多极文学,R6 拉丁美洲与加勒比,M5 战后与当代美学范式,G3 小说,QH6 战争、暴力与创伤
Cryptonomicon.md,R5,△,北美文学综合—具体内部传统待读后校准,provisional_region,T6 当代全球文学 · 多元身份、数字媒介与全球传播,区域扩展阅读,T6 当代全球文学,R5 北美文学,M5 战后与当代美学范式,G3 小说,QT7 历史叙事
Curial e Güelfa.md,R4,△,伊比利亚文学传统,author_model,T1 中古多中心文学世界 · 基督教、宫廷与俗语文学形成,区域扩展阅读,T1 中古多中心文学世界,R4 欧洲文学,,G3 小说,QT8 英雄、边疆与法外者文化传统 | QT8.2 欧洲骑士
Cycle of the Werewolf.md,R5,△,北美文学综合—具体内部传统待读后校准,provisional_region,T6 当代全球文学 · 多元身份、数字媒介与全球传播,区域扩展阅读,T6 当代全球文学,R5 北美文学,M5 战后与当代美学范式,G3 小说,QT4 恐怖与哥特
Dance Hall of the Dead.md,R5,△,北美文学综合—具体内部传统待读后校准,provisional_region,T5 二战后多极文学 · 战后反文化、族裔文学与媒介繁荣,区域扩展阅读,T5 二战后多极文学,R5 北美文学,M5 战后与当代美学范式,G3 小说,QT8 英雄、边疆与法外者文化传统 | QT8.5 西部
Darangen.md,R3,△,梵语—吠陀与古典文学传统,author_model,T1 中古多中心文学世界 · 宗教、宫廷与多语文学网络扩展,翻译与跨传统连接,T1 中古多中心文学世界,R3 南亚文学 | R8 东南亚文学,,G3 小说,QT9 神话、传说与民间叙事
Darangen.md,R8,△,马来—Jawi文学传统,author_model,T1 中古多中心文学世界 · 印度化、伊斯兰化与区域海洋网络,翻译与跨传统连接,T1 中古多中心文学世界,R3 南亚文学 | R8 东南亚文学,,G3 小说,QT9 神话、传说与民间叙事
"Dark Continent, My Black Arse.md",R7,△,非洲文学综合—具体内部传统待读后校准,provisional_region,T6 当代全球文学 · 后殖民批判、城市经验与全球离散,区域扩展阅读,T6 当代全球文学,R7 非洲文学,M5 战后与当代美学范式,G6 纪实与文学非虚构,QT14 旅行与游记
Dark Fire.md,R4,△,欧洲文学综合—具体内部传统待读后校准,provisional_region,T6 当代全球文学 · 欧洲一体化、迁徙经验与当代重组,区域扩展阅读,T6 当代全球文学,R4 欧洲文学,M5 战后与当代美学范式,G3 小说,QT7 历史叙事
Dark Lover.md,R5,△,北美文学综合—具体内部传统待读后校准,provisional_region,T6 当代全球文学 · 多元身份、数字媒介与全球传播,区域扩展阅读,T6 当代全球文学,R5 北美文学,M5 战后与当代美学范式,G3 小说,QH2.1 爱情与欲望
Dauka Puran.md,R9,★,巴布亚新几内亚—美拉尼西亚文学传统,existing,T6 当代全球文学 · 生态危机、移民社会与跨太平洋传播,文类形成与区域典范,T6 当代全球文学,R9 大洋洲与太平洋,M5 战后与当代美学范式,G3 小说,QH5 权力、制度与秩序
Dead in the West.md,R5,△,北美文学综合—具体内部传统待读后校准,provisional_region,T6 当代全球文学 · 多元身份、数字媒介与全球传播,区域扩展阅读,T6 当代全球文学,R5 北美文学,M5 战后与当代美学范式,G3 小说,QT8 英雄、边疆与法外者文化传统 | QT8.5 西部
Dead Man's Walk.md,R5,△,北美文学综合—具体内部传统待读后校准,provisional_region,T6 当代全球文学 · 多元身份、数字媒介与全球传播,区域扩展阅读,T6 当代全球文学,R5 北美文学,M5 战后与当代美学范式,G3 小说,QT8 英雄、边疆与法外者文化传统 | QT8.5 西部
Delilah Green Doesn't Care.md,R5,△,北美文学综合—具体内部传统待读后校准,provisional_region,T6 当代全球文学 · 多元身份、数字媒介与全球传播,区域扩展阅读,T6 当代全球文学,R5 北美文学,M5 战后与当代美学范式,G3 小说,QH2.1 爱情与欲望
Desert Gold.md,R5,△,北美文学综合—具体内部传统待读后校准,provisional_region,T4 全球现代主义时代 · 现代主义、哈莱姆复兴与类型扩张,区域扩展阅读,T4 全球现代主义时代,R5 北美文学,M3 现代主义与先锋派,G3 小说,QT8 英雄、边疆与法外者文化传统 | QT8.5 西部
Desert Solitaire.md,R5,△,北美文学综合—具体内部传统待读后校准,provisional_region,T5 二战后多极文学 · 战后反文化、族裔文学与媒介繁荣,区域扩展阅读,T5 二战后多极文学,R5 北美文学,M5 战后与当代美学范式,G3 小说,QT8 英雄、边疆与法外者文化传统 | QT8.5 西部
Destination Biafra.md,R7,△,非洲文学综合—具体内部传统待读后校准,provisional_region,T6 当代全球文学 · 后殖民批判、城市经验与全球离散,殖民回应与民族文学建构,T6 当代全球文学,R7 非洲文学,M5 战后与当代美学范式,G3 小说,QH6 战争、暴力与创伤
Destry Rides Again.md,R5,△,北美文学综合—具体内部传统待读后校准,provisional_region,T6 当代全球文学 · 多元身份、数字媒介与全球传播,区域扩展阅读,T6 当代全球文学,R5 北美文学,M5 战后与当代美学范式,G3 小说,QT8 英雄、边疆与法外者文化传统 | QT8.5 西部
Devil in Winter.md,R5,△,北美文学综合—具体内部传统待读后校准,provisional_region,T6 当代全球文学 · 多元身份、数字媒介与全球传播,区域扩展阅读,T6 当代全球文学,R5 北美文学,M5 战后与当代美学范式,G3 小说,QH2.1 爱情与欲望
Diné Bahaneʼ：纳瓦霍创世故事.md,R5,△,北美文学综合—具体内部传统待读后校准,provisional_region,T6 当代全球文学 · 多元身份、数字媒介与全球传播,区域扩展阅读,T6 当代全球文学,R5 北美文学,M5 战后与当代美学范式,G3 小说,QT9 神话、传说与民间叙事
Dire le vrai.md,R9,◆,法语太平洋—新喀里多尼亚文学传统,existing,T6 当代全球文学 · 生态危机、移民社会与跨太平洋传播,传统转型与区域扩展,T6 当代全球文学,R9 大洋洲与太平洋,M5 战后与当代美学范式,G3 小说,QH3 身份、身体与归属
Dispatches.md,R5,△,北美文学综合—具体内部传统待读后校准,provisional_region,T5 二战后多极文学 · 战后反文化、族裔文学与媒介繁荣,殖民回应与民族文学建构,T5 二战后多极文学,R5 北美文学,M5 战后与当代美学范式,G3 小说,QH6 战争、暴力与创伤
Diálogos patrióticos.md,R6,△,拉丁美洲与加勒比综合—具体内部传统待读后校准,provisional_region,T6 当代全球文学 · 后独裁记忆、迁徙与跨国文学重组,区域扩展阅读,T6 当代全球文学,R6 拉丁美洲与加勒比,M5 战后与当代美学范式,G3 小说,QT8 英雄、边疆与法外者文化传统 | QT8.6 Gaucho
Don Segundo Sombra.md,R6,△,拉丁美洲与加勒比综合—具体内部传统待读后校准,provisional_region,T6 当代全球文学 · 后独裁记忆、迁徙与跨国文学重组,区域扩展阅读,T6 当代全球文学,R6 拉丁美洲与加勒比,M5 战后与当代美学范式,G3 小说,QT8 英雄、边疆与法外者文化传统 | QT8.6 Gaucho
Down River.md,R5,△,北美文学综合—具体内部传统待读后校准,provisional_region,T6 当代全球文学 · 多元身份、数字媒介与全球传播,区域扩展阅读,T6 当代全球文学,R5 北美文学,M5 战后与当代美学范式,G3 小说,QH3 身份、身体与归属
Dragon Raja.md,R2,△,东亚文学综合—具体内部传统待读后校准,provisional_region,T6 当代全球文学 · 都市经验、媒介转型与跨国传播,区域扩展阅读,T6 当代全球文学,R2 东亚文学,M5 战后与当代美学范式,G3 小说,QT3 奇幻
Dreaming in Cuban.md,R5,◆,拉美裔—奇卡诺美国文学传统,existing,T6 当代全球文学 · 多元身份、数字媒介与全球传播,离散迁徙与跨区域连接,T6 当代全球文学,R5 北美文学 | R6 拉丁美洲与加勒比,M5 战后与当代美学范式,G3 小说,QH2.3 家庭与家族
Dreaming in Cuban.md,R6,◆,西语加勒比文学传统,existing,T6 当代全球文学 · 后独裁记忆、迁徙与跨国文学重组,离散迁徙与跨区域连接,T6 当代全球文学,R5 北美文学 | R6 拉丁美洲与加勒比,M5 战后与当代美学范式,G3 小说,QH2.3 家庭与家族
Drum-Taps.md,R5,△,十九世纪—现代美国文学传统,author_model,T3 19世纪现代文学体系 · 国家文学、奴隶制回应与大众出版,区域扩展阅读,T3 19世纪现代文学体系,R5 北美文学,M2 19世纪文学思潮,G3 小说,QH6 战争、暴力与创伤
Dungeon Crawler Carl.md,R5,△,北美文学综合—具体内部传统待读后校准,provisional_region,T6 当代全球文学 · 多元身份、数字媒介与全球传播,区域扩展阅读,T6 当代全球文学,R5 北美文学,M5 战后与当代美学范式,G3 小说,QT3 奇幻
Déwé Gorodé诗选.md,R9,★,法语太平洋—新喀里多尼亚文学传统,existing,T6 当代全球文学 · 生态危机、移民社会与跨太平洋传播,核心经典与传统确立,T6 当代全球文学,R9 大洋洲与太平洋,M5 战后与当代美学范式,G1 诗歌,QH3 身份、身体与归属
D坂杀人事件.md,R2,△,东亚文学综合—具体内部传统待读后校准,provisional_region,T4 全球现代主义时代 · 殖民现代性、新文学与形式实验,区域扩展阅读,T4 全球现代主义时代,R2 东亚文学,M3 现代主义与先锋派,G3 小说,QT1 推理与犯罪叙事
El escritor argentino y la tradición.md,R6,△,南锥体—拉普拉塔文学传统,author_model,T5 二战后多极文学 · 革命经验、文学爆炸与独裁回应,区域扩展阅读,T5 二战后多极文学,R6 拉丁美洲与加勒比,M3 现代主义与先锋派,G3 小说,QT8 英雄、边疆与法外者文化传统 | QT8.6 Gaucho
El gaucho Martín Fierro.md,R6,△,南锥体—拉普拉塔文学传统,author_model,T3 19世纪现代文学体系 · 独立建国、浪漫主义与国家文学,区域扩展阅读,T3 19世纪现代文学体系,R6 拉丁美洲与加勒比,M2 19世纪文学思潮,G3 小说,QT8 英雄、边疆与法外者文化传统 | QT8.6 Gaucho
El guacho Martín Fierro.md,R6,△,拉丁美洲与加勒比综合—具体内部传统待读后校准,provisional_region,T6 当代全球文学 · 后独裁记忆、迁徙与跨国文学重组,区域扩展阅读,T6 当代全球文学,R6 拉丁美洲与加勒比,M5 战后与当代美学范式,G3 小说,QT8 英雄、边疆与法外者文化传统 | QT8.6 Gaucho
El inglés de los güesos.md,R6,△,拉丁美洲与加勒比综合—具体内部传统待读后校准,provisional_region,T6 当代全球文学 · 后独裁记忆、迁徙与跨国文学重组,区域扩展阅读,T6 当代全球文学,R6 拉丁美洲与加勒比,M5 战后与当代美学范式,G3 小说,QT8 英雄、边疆与法外者文化传统 | QT8.6 Gaucho
El Martín Fierro.md,R6,△,拉丁美洲与加勒比综合—具体内部传统待读后校准,provisional_region,T6 当代全球文学 · 后独裁记忆、迁徙与跨国文学重组,区域扩展阅读,T6 当代全球文学,R6 拉丁美洲与加勒比,M5 战后与当代美学范式,G3 小说,QT8 英雄、边疆与法外者文化传统 | QT8.6 Gaucho
El matadero ／ 屠场.md,R6,△,南锥体—拉普拉塔文学传统,author_model,T6 当代全球文学 · 后独裁记忆、迁徙与跨国文学重组,区域扩展阅读,T6 当代全球文学,R6 拉丁美洲与加勒比,M5 战后与当代美学范式,G3 小说,QT8 英雄、边疆与法外者文化传统 | QT8.6 Gaucho
El muerto.md,R6,△,南锥体—拉普拉塔文学传统,author_model,T5 二战后多极文学 · 革命经验、文学爆炸与独裁回应,区域扩展阅读,T5 二战后多极文学,R6 拉丁美洲与加勒比,M3 现代主义与先锋派,G3 小说,QT8 英雄、边疆与法外者文化传统 | QT8.6 Gaucho
El payador.md,R6,△,拉丁美洲与加勒比综合—具体内部传统待读后校准,provisional_region,T6 当代全球文学 · 后独裁记忆、迁徙与跨国文学重组,区域扩展阅读,T6 当代全球文学,R6 拉丁美洲与加勒比,M5 战后与当代美学范式,G3 小说,QT8 英雄、边疆与法外者文化传统 | QT8.6 Gaucho
El romance de un gaucho.md,R6,△,拉丁美洲与加勒比综合—具体内部传统待读后校准,provisional_region,T6 当代全球文学 · 后独裁记忆、迁徙与跨国文学重组,区域扩展阅读,T6 当代全球文学,R6 拉丁美洲与加勒比,M5 战后与当代美学范式,G3 小说,QT8 英雄、边疆与法外者文化传统 | QT8.6 Gaucho
El Zarco.md,R6,△,拉丁美洲与加勒比综合—具体内部传统待读后校准,provisional_region,T3 19世纪现代文学体系 · 独立建国、浪漫主义与国家文学,区域扩展阅读,T3 19世纪现代文学体系,R6 拉丁美洲与加勒比,M2 19世纪文学思潮,G3 小说,QT8 英雄、边疆与法外者文化传统 | QT8.7 侠盗
Eldorado.md,R4,△,欧洲文学综合—具体内部传统待读后校准,provisional_region,T6 当代全球文学 · 欧洲一体化、迁徙经验与当代重组,区域扩展阅读,T6 当代全球文学,R4 欧洲文学,M5 战后与当代美学范式,G3 小说,QT8 英雄、边疆与法外者文化传统 | QT8.4 欧洲剑客
"Ema, la cautiva.md",R6,△,拉丁美洲与加勒比综合—具体内部传统待读后校准,provisional_region,T6 当代全球文学 · 后独裁记忆、迁徙与跨国文学重组,区域扩展阅读,T6 当代全球文学,R6 拉丁美洲与加勒比,M5 战后与当代美学范式,G3 小说,QT8 英雄、边疆与法外者文化传统 | QT8.6 Gaucho
Enemy of God.md,R4,△,欧洲文学综合—具体内部传统待读后校准,provisional_region,T6 当代全球文学 · 欧洲一体化、迁徙经验与当代重组,区域扩展阅读,T6 当代全球文学,R4 欧洲文学,M5 战后与当代美学范式,G3 小说,QT8 英雄、边疆与法外者文化传统 | QT8.2 欧洲骑士
Erec et Enide.md,R4,△,中世纪拉丁基督教与俗语奠基传统,author_model,T1 中古多中心文学世界 · 基督教、宫廷与俗语文学形成,区域扩展阅读,T1 中古多中心文学世界,R4 欧洲文学,,G3 小说,QT8 英雄、边疆与法外者文化传统 | QT8.2 欧洲骑士
Erec.md,R4,△,欧洲文学综合—具体内部传统待读后校准,provisional_region,T1 中古多中心文学世界 · 基督教、宫廷与俗语文学形成,区域扩展阅读,T1 中古多中心文学世界,R4 欧洲文学,,G3 小说,QT8 英雄、边疆与法外者文化传统 | QT8.2 欧洲骑士
Estoire del Saint Graal.md,R4,△,伊比利亚文学传统,author_model,T1 中古多中心文学世界 · 基督教、宫廷与俗语文学形成,区域扩展阅读,T1 中古多中心文学世界,R4 欧洲文学,,G3 小说,QT8 英雄、边疆与法外者文化传统 | QT8.2 欧洲骑士
Excalibur.md,R4,△,欧洲文学综合—具体内部传统待读后校准,provisional_region,T6 当代全球文学 · 欧洲一体化、迁徙经验与当代重组,区域扩展阅读,T6 当代全球文学,R4 欧洲文学,M5 战后与当代美学范式,G3 小说,QT8 英雄、边疆与法外者文化传统 | QT8.2 欧洲骑士
Exquisite Corpse.md,R5,△,北美文学综合—具体内部传统待读后校准,provisional_region,T6 当代全球文学 · 多元身份、数字媒介与全球传播,区域扩展阅读,T6 当代全球文学,R5 北美文学,M5 战后与当代美学范式,G3 小说,QT4 恐怖与哥特
Facial Justice.md,R4,△,欧洲文学综合—具体内部传统待读后校准,provisional_region,T5 二战后多极文学 · 战后重建、记忆政治与后现代转型,区域扩展阅读,T5 二战后多极文学,R4 欧洲文学,M5 战后与当代美学范式,G3 小说,QT6 乌托邦、反乌托邦与社会想象
Facundo／ Civilization and Barbarism.md,R6,△,拉丁美洲与加勒比综合—具体内部传统待读后校准,provisional_region,T3 19世纪现代文学体系 · 独立建国、浪漫主义与国家文学,区域扩展阅读,T3 19世纪现代文学体系,R6 拉丁美洲与加勒比,M2 19世纪文学思潮,G3 小说,QT8 英雄、边疆与法外者文化传统 | QT8.6 Gaucho
Fausto.md,R6,△,拉丁美洲与加勒比综合—具体内部传统待读后校准,provisional_region,T6 当代全球文学 · 后独裁记忆、迁徙与跨国文学重组,区域扩展阅读,T6 当代全球文学,R6 拉丁美洲与加勒比,M5 战后与当代美学范式,G3 小说,QT8 英雄、边疆与法外者文化传统 | QT8.6 Gaucho
Feed.md,R5,△,北美文学综合—具体内部传统待读后校准,provisional_region,T6 当代全球文学 · 多元身份、数字媒介与全球传播,区域扩展阅读,T6 当代全球文学,R5 北美文学,M5 战后与当代美学范式,G3 小说,QT6 乌托邦、反乌托邦与社会想象
Fierabras.md,R4,△,伊比利亚文学传统,author_model,T6 当代全球文学 · 欧洲一体化、迁徙经验与当代重组,区域扩展阅读,T6 当代全球文学,R4 欧洲文学,M5 战后与当代美学范式,G3 小说,QT8 英雄、边疆与法外者文化传统 | QT8.2 欧洲骑士
Flags on the Bayou.md,R5,△,北美文学综合—具体内部传统待读后校准,provisional_region,T6 当代全球文学 · 多元身份、数字媒介与全球传播,区域扩展阅读,T6 当代全球文学,R5 北美文学,M5 战后与当代美学范式,G3 小说,QH3 身份、身体与归属
Flashman.md,R4,△,欧洲文学综合—具体内部传统待读后校准,provisional_region,T6 当代全球文学 · 欧洲一体化、迁徙经验与当代重组,区域扩展阅读,T6 当代全球文学,R4 欧洲文学,M5 战后与当代美学范式,G3 小说,QT8 英雄、边疆与法外者文化传统 | QT8.4 欧洲剑客
Flesh.md,R4,△,欧洲文学综合—具体内部传统待读后校准,provisional_region,T6 当代全球文学 · 欧洲一体化、迁徙经验与当代重组,区域扩展阅读,T6 当代全球文学,R4 欧洲文学,M5 战后与当代美学范式,G3 小说,QH3 身份、身体与归属
Flint.md,R5,△,北美文学综合—具体内部传统待读后校准,provisional_region,T5 二战后多极文学 · 战后反文化、族裔文学与媒介繁荣,区域扩展阅读,T5 二战后多极文学,R5 北美文学,M5 战后与当代美学范式,G3 小说,QT8 英雄、边疆与法外者文化传统 | QT8.5 西部
Fools Crow.md,R5,△,北美文学综合—具体内部传统待读后校准,provisional_region,T6 当代全球文学 · 多元身份、数字媒介与全球传播,区域扩展阅读,T6 当代全球文学,R5 北美文学,M5 战后与当代美学范式,G3 小说,QT7 历史叙事 | QT8 英雄、边疆与法外者文化传统 | QT8.5 西部
Forbidden.md,R5,△,北美文学综合—具体内部传统待读后校准,provisional_region,T6 当代全球文学 · 多元身份、数字媒介与全球传播,区域扩展阅读,T6 当代全球文学,R5 北美文学,M5 战后与当代美学范式,G3 小说,QH2.1 爱情与欲望
Forfeit.md,R4,△,欧洲文学综合—具体内部传统待读后校准,provisional_region,T5 二战后多极文学 · 战后重建、记忆政治与后现代转型,区域扩展阅读,T5 二战后多极文学,R4 欧洲文学,M5 战后与当代美学范式,G3 小说,QH6 战争、暴力与创伤
Fortune's Fool.md,R4,△,欧洲文学综合—具体内部传统待读后校准,provisional_region,T4 全球现代主义时代 · 战争危机、现代主义与先锋实验,区域扩展阅读,T4 全球现代主义时代,R4 欧洲文学,M3 现代主义与先锋派,G3 小说,QT8 英雄、边疆与法外者文化传统 | QT8.4 欧洲剑客
Fourth Wing.md,R5,△,北美文学综合—具体内部传统待读后校准,provisional_region,T6 当代全球文学 · 多元身份、数字媒介与全球传播,区域扩展阅读,T6 当代全球文学,R5 北美文学,M5 战后与当代美学范式,G3 小说,QH2.1 爱情与欲望
Frenchman's Creek.md,R4,△,欧洲文学综合—具体内部传统待读后校准,provisional_region,T4 全球现代主义时代 · 战争危机、现代主义与先锋实验,区域扩展阅读,T4 全球现代主义时代,R4 欧洲文学,M3 现代主义与先锋派,G3 小说,QT8 英雄、边疆与法外者文化传统 | QT8.8 海盗
From a Crooked Rib.md,R7,★,非洲之角—埃塞俄比亚/厄立特里亚/索马里文学传统,existing,T5 二战后多极文学 · 独立、去殖民化与国家文学建构,文类形成与区域典范,T5 二战后多极文学,R7 非洲文学,M5 战后与当代美学范式,G3 小说,QH2.5 童年与成长
From Unincorporated Territory [Hacha].md,R9,★,密克罗尼西亚文学传统,existing,T6 当代全球文学 · 生态危机、移民社会与跨太平洋传播,核心经典与传统确立,T6 当代全球文学,R9 大洋洲与太平洋,M5 战后与当代美学范式,G3 小说,QH5 权力、制度与秩序
G.H.受难记.md,R6,△,巴西葡语文学传统,author_model,T5 二战后多极文学 · 革命经验、文学爆炸与独裁回应,区域扩展阅读,T5 二战后多极文学,R6 拉丁美洲与加勒比,M5 战后与当代美学范式,G3 小说,QH6 战争、暴力与创伤
G.（伯杰）.md,R4,△,欧洲文学综合—具体内部传统待读后校准,provisional_region,T5 二战后多极文学 · 战后重建、记忆政治与后现代转型,区域扩展阅读,T5 二战后多极文学,R4 欧洲文学,M5 战后与当代美学范式,G3 小说,QH6 战争、暴力与创伤
Games of Command.md,R5,△,北美文学综合—具体内部传统待读后校准,provisional_region,T6 当代全球文学 · 多元身份、数字媒介与全球传播,区域扩展阅读,T6 当代全球文学,R5 北美文学,M5 战后与当代美学范式,G3 小说,QH2.1 爱情与欲望
Gamperaliya.md,R3,★,僧伽罗—斯里兰卡文学传统,existing,T4 全球现代主义时代 · 反殖民、现代主义与多语文学革新,文类形成与区域典范,T4 全球现代主义时代,R3 南亚文学,M3 现代主义与先锋派,G3 小说,QH1 自我、存在与生命
Gestaltes en diere.md,R7,△,非洲文学综合—具体内部传统待读后校准,provisional_region,T4 全球现代主义时代 · 反殖民意识、现代主义与民族表达,区域扩展阅读,T4 全球现代主义时代,R7 非洲文学,M3.1 现代主义 / Modernism,G1 诗歌,QH5 权力、制度与秩序
"Get a Life, Chloe Brown.md",R4,△,欧洲文学综合—具体内部传统待读后校准,provisional_region,T6 当代全球文学 · 欧洲一体化、迁徙经验与当代重组,区域扩展阅读,T6 当代全球文学,R4 欧洲文学,M5 战后与当代美学范式,G3 小说,QH2.1 爱情与欲望
Girart de Roussillon.md,R4,△,伊比利亚文学传统,author_model,T6 当代全球文学 · 欧洲一体化、迁徙经验与当代重组,区域扩展阅读,T6 当代全球文学,R4 欧洲文学,M5 战后与当代美学范式,G3 小说,QT8 英雄、边疆与法外者文化传统 | QT8.2 欧洲骑士
Girls at War.md,R7,△,西非英语文学传统,author_model,T5 二战后多极文学 · 独立、去殖民化与国家文学建构,殖民回应与民族文学建构,T5 二战后多极文学,R7 非洲文学,M5 战后与当代美学范式,G3 小说,QH6 战争、暴力与创伤
Gnomon.md,R4,△,欧洲文学综合—具体内部传统待读后校准,provisional_region,T6 当代全球文学 · 欧洲一体化、迁徙经验与当代重组,区域扩展阅读,T6 当代全球文学,R4 欧洲文学,M5 战后与当代美学范式,G3 小说,QT6 乌托邦、反乌托邦与社会想象
God's Country.md,R5,△,北美文学综合—具体内部传统待读后校准,provisional_region,T6 当代全球文学 · 多元身份、数字媒介与全球传播,区域扩展阅读,T6 当代全球文学,R5 北美文学,M5 战后与当代美学范式,G3 小说,QT8 英雄、边疆与法外者文化传统 | QT8.5 西部
Gone.md,R4,△,欧洲文学综合—具体内部传统待读后校准,provisional_region,T6 当代全球文学 · 欧洲一体化、迁徙经验与当代重组,区域扩展阅读,T6 当代全球文学,R4 欧洲文学,M5 战后与当代美学范式,G3 小说,QH3 身份、身体与归属
Grande Sertão／ Veredas.md,R6,★,巴西葡语文学传统,existing,T5 二战后多极文学 · 革命经验、文学爆炸与独裁回应,核心经典与传统确立,T5 二战后多极文学,R6 拉丁美洲与加勒比,M5 战后与当代美学范式,G3 小说,QT8 英雄、边疆与法外者文化传统 | QT8.7 侠盗
Greguerías.md,R4,△,欧洲文学综合—具体内部传统待读后校准,provisional_region,T4 全球现代主义时代 · 战争危机、现代主义与先锋实验,区域扩展阅读,T4 全球现代主义时代,R4 欧洲文学,M3.1 现代主义 / Modernism,G4 散文与随笔,QH1 自我、存在与生命
Grito de Gloria.md,R6,△,拉丁美洲与加勒比综合—具体内部传统待读后校准,provisional_region,T6 当代全球文学 · 后独裁记忆、迁徙与跨国文学重组,区域扩展阅读,T6 当代全球文学,R6 拉丁美洲与加勒比,M5 战后与当代美学范式,G3 小说,QT8 英雄、边疆与法外者文化传统 | QT8.6 Gaucho
Guy of Warwick.md,R4,△,伊比利亚文学传统,author_model,T1 中古多中心文学世界 · 基督教、宫廷与俗语文学形成,区域扩展阅读,T1 中古多中心文学世界,R4 欧洲文学,,G3 小说,QT8 英雄、边疆与法外者文化传统 | QT8.2 欧洲骑士
Harmonium.md,R5,△,北美文学综合—具体内部传统待读后校准,provisional_region,T4 全球现代主义时代 · 现代主义、哈莱姆复兴与类型扩张,区域扩展阅读,T4 全球现代主义时代,R5 北美文学,M3.1 现代主义 / Modernism,G1 诗歌,QH1 自我、存在与生命
Harvest Home.md,R5,△,北美文学综合—具体内部传统待读后校准,provisional_region,T2 早期现代文学 · 殖民定居、宗教书写与印刷起步,区域扩展阅读,T2 早期现代文学,R5 北美文学,M1 早期现代思想与美学,G3 小说,QT4 恐怖与哥特
Hembemba -  Rivers of the Forest.md,R9,◆,巴布亚新几内亚—美拉尼西亚文学传统,existing,T6 当代全球文学 · 生态危机、移民社会与跨太平洋传播,殖民回应与民族文学建构,T6 当代全球文学,R9 大洋洲与太平洋,M5 战后与当代美学范式,G1 诗歌,QH3 身份、身体与归属 | QH2.5 童年与成长
Hembemba - Rivers of the Forest.md,R9,◆,巴布亚新几内亚—美拉尼西亚文学传统,existing,T6 当代全球文学 · 生态危机、移民社会与跨太平洋传播,殖民回应与民族文学建构,T6 当代全球文学,R9 大洋洲与太平洋,M5 战后与当代美学范式,G1 诗歌,QH3 身份、身体与归属 | QH2.5 童年与成长
Her Privates We.md,R9,△,大洋洲与太平洋综合—具体内部传统待读后校准,provisional_region,T4 全球现代主义时代 · 战争经验、现代主义与区域认同,区域扩展阅读,T4 全球现代主义时代,R9 大洋洲与太平洋,M3 现代主义与先锋派,G3 小说,QH6 战争、暴力与创伤
His Native Soil.md,R8,◆,菲律宾文学传统,existing,T4 全球现代主义时代 · 民族主义、现代主义与反殖民写作,文类形成与区域典范,T4 全球现代主义时代,R8 东南亚文学,M3 现代主义与先锋派,G3 小说,QH5 权力、制度与秩序
Holiday.md,R4,△,欧洲文学综合—具体内部传统待读后校准,provisional_region,T5 二战后多极文学 · 战后重建、记忆政治与后现代转型,区域扩展阅读,T5 二战后多极文学,R4 欧洲文学,M5 战后与当代美学范式,G3 小说,QH6 战争、暴力与创伤
Hombre de la esquina rosada.md,R6,△,南锥体—拉普拉塔文学传统,author_model,T4 全球现代主义时代 · Modernismo、先锋派与本土现代性,区域扩展阅读,T4 全球现代主义时代,R6 拉丁美洲与加勒比,M3 现代主义与先锋派,G3 小说,QT8 英雄、边疆与法外者文化传统 | QT8.6 Gaucho
Hondo.md,R5,△,北美文学综合—具体内部传统待读后校准,provisional_region,T5 二战后多极文学 · 战后反文化、族裔文学与媒介繁荣,区域扩展阅读,T5 二战后多极文学,R5 北美文学,M5 战后与当代美学范式,G3 小说,QT8 英雄、边疆与法外者文化传统 | QT8.5 西部
Hood.md,R5,△,北美文学综合—具体内部传统待读后校准,provisional_region,T6 当代全球文学 · 多元身份、数字媒介与全球传播,区域扩展阅读,T6 当代全球文学,R5 北美文学,M5 战后与当代美学范式,G3 小说,QT8 英雄、边疆与法外者文化传统 | QT8.7 侠盗
Hopscotch.md,R5,△,北美文学综合—具体内部传统待读后校准,provisional_region,T5 二战后多极文学 · 战后反文化、族裔文学与媒介繁荣,区域扩展阅读,T5 二战后多极文学,R5 北美文学,M5 战后与当代美学范式,G3 小说,QH6 战争、暴力与创伤
Hormiga Negra.md,R6,△,拉丁美洲与加勒比综合—具体内部传统待读后校准,provisional_region,T3 19世纪现代文学体系 · 独立建国、浪漫主义与国家文学,区域扩展阅读,T3 19世纪现代文学体系,R6 拉丁美洲与加勒比,M2 19世纪文学思潮,G3 小说,QT8 英雄、边疆与法外者文化传统 | QT8.6 Gaucho
"Horseman, Pass By.md",R5,△,北美文学综合—具体内部传统待读后校准,provisional_region,T5 二战后多极文学 · 战后反文化、族裔文学与媒介繁荣,区域扩展阅读,T5 二战后多极文学,R5 北美文学,M5 战后与当代美学范式,G3 小说,QT8 英雄、边疆与法外者文化传统 | QT8.5 西部
House Made of Dawn.md,R5,★,北美原住民文学传统,existing,T5 二战后多极文学 · 战后反文化、族裔文学与媒介繁荣,文类形成与区域典范,T5 二战后多极文学,R5 北美文学,M5 战后与当代美学范式,G3 小说,QT8 英雄、边疆与法外者文化传统 | QT8.5 西部
How Much of These Hills Is Gold.md,R5,△,北美文学综合—具体内部传统待读后校准,provisional_region,T6 当代全球文学 · 多元身份、数字媒介与全球传播,区域扩展阅读,T6 当代全球文学,R5 北美文学,M5 战后与当代美学范式,G3 小说,QT8 英雄、边疆与法外者文化传统 | QT8.5 西部
How the Soldier Repairs the Gramophone.md,R4,△,欧洲文学综合—具体内部传统待读后校准,provisional_region,T6 当代全球文学 · 欧洲一体化、迁徙经验与当代重组,殖民回应与民族文学建构,T6 当代全球文学,R4 欧洲文学,M5 战后与当代美学范式,G3 小说,QH6 战争、暴力与创伤
Human Sacrifices.md,R6,△,拉丁美洲与加勒比综合—具体内部传统待读后校准,provisional_region,T6 当代全球文学 · 后独裁记忆、迁徙与跨国文学重组,区域扩展阅读,T6 当代全球文学,R6 拉丁美洲与加勒比,M5 战后与当代美学范式,G3 小说,QT4 恐怖与哥特
Huon de Bordeaux.md,R4,△,伊比利亚文学传统,author_model,T6 当代全球文学 · 欧洲一体化、迁徙经验与当代重组,区域扩展阅读,T6 当代全球文学,R4 欧洲文学,M5 战后与当代美学范式,G3 小说,QT8 英雄、边疆与法外者文化传统 | QT8.2 欧洲骑士
I Will Repay.md,R4,△,欧洲文学综合—具体内部传统待读后校准,provisional_region,T6 当代全球文学 · 欧洲一体化、迁徙经验与当代重组,区域扩展阅读,T6 当代全球文学,R4 欧洲文学,M5 战后与当代美学范式,G3 小说,QT8 英雄、边疆与法外者文化传统 | QT8.4 欧洲剑客
I'm Waiting for You and Other Stories.md,R2,△,东亚文学综合—具体内部传统待读后校准,provisional_region,T6 当代全球文学 · 都市经验、媒介转型与跨国传播,区域扩展阅读,T6 当代全球文学,R2 东亚文学,M5 战后与当代美学范式,G3 小说,QT2 科幻
Iep Jāltok.md,R9,★,密克罗尼西亚文学传统,existing,T6 当代全球文学 · 生态危机、移民社会与跨太平洋传播,文类形成与区域典范,T6 当代全球文学,R9 大洋洲与太平洋,M5 战后与当代美学范式,G1 诗歌,QH5 权力、制度与秩序
Imperium.md,R4,△,欧洲文学综合—具体内部传统待读后校准,provisional_region,T6 当代全球文学 · 欧洲一体化、迁徙经验与当代重组,区域扩展阅读,T6 当代全球文学,R4 欧洲文学,M5 战后与当代美学范式,G3 小说,QT7 历史叙事
In an Antique Land.md,R3,△,南亚文学综合—具体内部传统待读后校准,provisional_region,T6 当代全球文学 · 全球南亚、英语写作与地方传统重组,区域扩展阅读,T6 当代全球文学,R3 南亚文学,M5 战后与当代美学范式,G6 纪实与文学非虚构,QT14 旅行与游记
In Flanders Fields.md,R5,△,北美文学综合—具体内部传统待读后校准,provisional_region,T4 全球现代主义时代 · 现代主义、哈莱姆复兴与类型扩张,区域扩展阅读,T4 全球现代主义时代,R5 北美文学,M3 现代主义与先锋派,G3 小说,QH6 战争、暴力与创伤
In Patagonia.md,R4,△,欧洲文学综合—具体内部传统待读后校准,provisional_region,T5 二战后多极文学 · 战后重建、记忆政治与后现代转型,区域扩展阅读,T5 二战后多极文学,R4 欧洲文学,M5 战后与当代美学范式,G6 纪实与文学非虚构,QT14 旅行与游记
In the Castle of My Skin.md,R6,△,拉丁美洲与加勒比综合—具体内部传统待读后校准,provisional_region,T5 二战后多极文学 · 革命经验、文学爆炸与独裁回应,区域扩展阅读,T5 二战后多极文学,R6 拉丁美洲与加勒比,M5 战后与当代美学范式,G3 小说,QH2.5 童年与成长
In the Distance.md,R5,△,北美文学综合—具体内部传统待读后校准,provisional_region,T6 当代全球文学 · 多元身份、数字媒介与全球传播,区域扩展阅读,T6 当代全球文学,R5 北美文学,M5 战后与当代美学范式,G3 小说,QT8 英雄、边疆与法外者文化传统 | QT8.5 西部
In the Miso Soup.md,R2,△,东亚文学综合—具体内部传统待读后校准,provisional_region,T6 当代全球文学 · 都市经验、媒介转型与跨国传播,区域扩展阅读,T6 当代全球文学,R2 东亚文学,M5 战后与当代美学范式,G3 小说,QT4 恐怖与哥特
India／ A Wounded Civilization.md,R6,△,拉丁美洲与加勒比综合—具体内部传统待读后校准,provisional_region,T5 二战后多极文学 · 革命经验、文学爆炸与独裁回应,区域扩展阅读,T5 二战后多极文学,R6 拉丁美洲与加勒比,M5 战后与当代美学范式,G6 纪实与文学非虚构,QT14 旅行与游记
Indigo.md,R5,△,北美文学综合—具体内部传统待读后校准,provisional_region,T6 当代全球文学 · 多元身份、数字媒介与全球传播,区域扩展阅读,T6 当代全球文学,R5 北美文学,M5 战后与当代美学范式,G3 小说,QH2.1 爱情与欲望
Indulekha.md,R3,△,南亚文学综合—具体内部传统待读后校准,provisional_region,T3 19世纪现代文学体系 · 殖民教育、语言公共领域与民族文学形成,区域扩展阅读,T3 19世纪现代文学体系,R3 南亚文学,M2 19世纪文学思潮,G3 小说,QH2.1 爱情与欲望 | QH4 社会、阶级与劳动 | QH3 身份、身体与归属
Inland.md,R5,△,北美文学综合—具体内部传统待读后校准,provisional_region,T6 当代全球文学 · 多元身份、数字媒介与全球传播,区域扩展阅读,T6 当代全球文学,R5 北美文学,M5 战后与当代美学范式,G3 小说,QT8 英雄、边疆与法外者文化传统 | QT8.5 西部
invert 城塚翡翠倒叙集.md,R2,△,东亚文学综合—具体内部传统待读后校准,provisional_region,T6 当代全球文学 · 都市经验、媒介转型与跨国传播,区域扩展阅读,T6 当代全球文学,R2 东亚文学,M5 战后与当代美学范式,G3 小说,QT1 推理与犯罪叙事
Ismael.md,R6,△,拉丁美洲与加勒比综合—具体内部传统待读后校准,provisional_region,T6 当代全球文学 · 后独裁记忆、迁徙与跨国文学重组,区域扩展阅读,T6 当代全球文学,R6 拉丁美洲与加勒比,M5 战后与当代美学范式,G3 小说,QT8 英雄、边疆与法外者文化传统 | QT8.6 Gaucho
It Had to Be You.md,R5,△,北美文学综合—具体内部传统待读后校准,provisional_region,T6 当代全球文学 · 多元身份、数字媒介与全球传播,区域扩展阅读,T6 当代全球文学,R5 北美文学,M5 战后与当代美学范式,G3 小说,QH2.1 爱情与欲望
Iwein.md,R4,△,欧洲文学综合—具体内部传统待读后校准,provisional_region,T1 中古多中心文学世界 · 基督教、宫廷与俗语文学形成,区域扩展阅读,T1 中古多中心文学世界,R4 欧洲文学,,G3 小说,QT8 英雄、边疆与法外者文化传统 | QT8.2 欧洲骑士
İntibah.md,R1,★,土耳其—奥斯曼文学传统,existing,T3 19世纪现代文学体系 · 现代文类输入与民族文学转型,核心经典与传统确立,T3 19世纪现代文学体系,R1 西亚—地中海古老传统,M2 19世纪文学思潮,G3 小说,QH4 社会、阶级与劳动
J. Alfred Prufrock的情歌.md,R4,△,欧洲文学综合—具体内部传统待读后校准,provisional_region,T4 全球现代主义时代 · 战争危机、现代主义与先锋实验,区域扩展阅读,T4 全球现代主义时代,R4 欧洲文学,M3.1 现代主义 / Modernism,G1 诗歌,QH1 自我、存在与生命
James.md,R5,△,北美文学综合—具体内部传统待读后校准,provisional_region,T6 当代全球文学 · 多元身份、数字媒介与全球传播,区域扩展阅读,T6 当代全球文学,R5 北美文学,M5 战后与当代美学范式,G3 小说,QH3 身份、身体与归属
Jawbone.md,R6,△,拉丁美洲与加勒比综合—具体内部传统待读后校准,provisional_region,T6 当代全球文学 · 后独裁记忆、迁徙与跨国文学重组,区域扩展阅读,T6 当代全球文学,R6 拉丁美洲与加勒比,M5 战后与当代美学范式,G3 小说,QT4 恐怖与哥特
Jennifer Government.md,R9,△,大洋洲与太平洋综合—具体内部传统待读后校准,provisional_region,T6 当代全球文学 · 生态危机、移民社会与跨太平洋传播,区域扩展阅读,T6 当代全球文学,R9 大洋洲与太平洋,M5 战后与当代美学范式,G3 小说,QT6 乌托邦、反乌托邦与社会想象
Jerilderie Letter.md,R9,△,大洋洲与太平洋综合—具体内部传统待读后校准,provisional_region,T3 19世纪现代文学体系 · 定居殖民、民族文学与原住民回应,区域扩展阅读,T3 19世纪现代文学体系,R9 大洋洲与太平洋,M2 19世纪文学思潮,G3 小说,QT8 英雄、边疆与法外者文化传统 | QT8.7 侠盗
Johnnie Armstrong.md,R4,△,欧洲文学综合—具体内部传统待读后校准,provisional_region,T3 19世纪现代文学体系 · 浪漫主义、现实主义与民族文学体系,区域扩展阅读,T3 19世纪现代文学体系,R4 欧洲文学,M2 19世纪文学思潮,G3 小说,QT8 英雄、边疆与法外者文化传统 | QT8.7 侠盗
Joseph d'Arimathie.md,R4,△,欧洲文学综合—具体内部传统待读后校准,provisional_region,T1 中古多中心文学世界 · 基督教、宫廷与俗语文学形成,区域扩展阅读,T1 中古多中心文学世界,R4 欧洲文学,,G3 小说,QT8 英雄、边疆与法外者文化传统 | QT8.2 欧洲骑士
Juan Cuello.md,R6,△,拉丁美洲与加勒比综合—具体内部传统待读后校准,provisional_region,T3 19世纪现代文学体系 · 独立建国、浪漫主义与国家文学,区域扩展阅读,T3 19世纪现代文学体系,R6 拉丁美洲与加勒比,M2 19世纪文学思潮,G3 小说,QT8 英雄、边疆与法外者文化传统 | QT8.6 Gaucho
Juan Moreira.md,R6,△,拉丁美洲与加勒比综合—具体内部传统待读后校准,provisional_region,T6 当代全球文学 · 后独裁记忆、迁徙与跨国文学重组,区域扩展阅读,T6 当代全球文学,R6 拉丁美洲与加勒比,M5 战后与当代美学范式,G3 小说,QT8 英雄、边疆与法外者文化传统 | QT8.6 Gaucho | QT8.7 侠盗
Just Like Home.md,R5,△,北美文学综合—具体内部传统待读后校准,provisional_region,T6 当代全球文学 · 多元身份、数字媒介与全球传播,区域扩展阅读,T6 当代全球文学,R5 北美文学,M5 战后与当代美学范式,G3 小说,QT4 恐怖与哥特
Kalpa Imperial.md,R6,△,拉丁美洲与加勒比综合—具体内部传统待读后校准,provisional_region,T6 当代全球文学 · 后独裁记忆、迁徙与跨国文学重组,区域扩展阅读,T6 当代全球文学,R6 拉丁美洲与加勒比,M5 战后与当代美学范式,G3 小说,QT2 科幻
Kinmont Willie.md,R4,△,欧洲文学综合—具体内部传统待读后校准,provisional_region,T3 19世纪现代文学体系 · 浪漫主义、现实主义与民族文学体系,区域扩展阅读,T3 19世纪现代文学体系,R4 欧洲文学,M2 19世纪文学思潮,G3 小说,QT8 英雄、边疆与法外者文化传统 | QT8.7 侠盗
Kogan Pyo.md,R8,◆,缅甸文学传统,existing,T2 早期现代文学 · 宫廷文学、殖民接触与印刷起步,文类形成与区域典范,T2 早期现代文学,R8 东南亚文学,M1 早期现代思想与美学,G1 诗歌,QH5 权力、制度与秩序
Kumulipo.md,R9,△,大洋洲与太平洋综合—具体内部传统待读后校准,provisional_region,T2 早期现代文学 · 航海接触、传教书写与殖民记录,区域扩展阅读,T2 早期现代文学,R9 大洋洲与太平洋,M1 早期现代思想与美学,G3 小说,QT9 神话、传说与民间叙事
L'Allegria.md,R4,△,欧洲文学综合—具体内部传统待读后校准,provisional_region,T4 全球现代主义时代 · 战争危机、现代主义与先锋实验,区域扩展阅读,T4 全球现代主义时代,R4 欧洲文学,M3.1 现代主义 / Modernism,G3 小说,QH1 自我、存在与生命
La cautiva.md,R6,△,南锥体—拉普拉塔文学传统,author_model,T6 当代全球文学 · 后独裁记忆、迁徙与跨国文学重组,区域扩展阅读,T6 当代全球文学,R6 拉丁美洲与加勒比,M5 战后与当代美学范式,G3 小说,QT8 英雄、边疆与法外者文化传统 | QT8.6 Gaucho
La guerra gaucha.md,R6,△,拉丁美洲与加勒比综合—具体内部传统待读后校准,provisional_region,T6 当代全球文学 · 后独裁记忆、迁徙与跨国文学重组,区域扩展阅读,T6 当代全球文学,R6 拉丁美洲与加勒比,M5 战后与当代美学范式,G3 小说,QT8 英雄、边疆与法外者文化传统 | QT8.6 Gaucho
La liebre.md,R6,△,拉丁美洲与加勒比综合—具体内部传统待读后校准,provisional_region,T6 当代全球文学 · 后独裁记忆、迁徙与跨国文学重组,区域扩展阅读,T6 当代全球文学,R6 拉丁美洲与加勒比,M5 战后与当代美学范式,G3 小说,QT8 英雄、边疆与法外者文化传统 | QT8.6 Gaucho
La noche de los dones.md,R6,△,南锥体—拉普拉塔文学传统,author_model,T5 二战后多极文学 · 革命经验、文学爆炸与独裁回应,区域扩展阅读,T5 二战后多极文学,R6 拉丁美洲与加勒比,M3 现代主义与先锋派,G3 小说,QT8 英雄、边疆与法外者文化传统 | QT8.6 Gaucho
La poesía gauchesca.md,R6,△,南锥体—拉普拉塔文学传统,author_model,T4 全球现代主义时代 · Modernismo、先锋派与本土现代性,区域扩展阅读,T4 全球现代主义时代,R6 拉丁美洲与加勒比,M3 现代主义与先锋派,G3 小说,QT8 英雄、边疆与法外者文化传统 | QT8.6 Gaucho
La vuelta de Martín Fierro.md,R6,△,南锥体—拉普拉塔文学传统,author_model,T3 19世纪现代文学体系 · 独立建国、浪漫主义与国家文学,区域扩展阅读,T3 19世纪现代文学体系,R6 拉丁美洲与加勒比,M2 19世纪文学思潮,G3 小说,QT8 英雄、边疆与法外者文化传统 | QT8.6 Gaucho | QT8.7 侠盗
Lancelot propre.md,R4,△,伊比利亚文学传统,author_model,T1 中古多中心文学世界 · 基督教、宫廷与俗语文学形成,区域扩展阅读,T1 中古多中心文学世界,R4 欧洲文学,,G3 小说,QT8 英雄、边疆与法外者文化传统 | QT8.2 欧洲骑士
"Lancelot, the Knight of the Cart.md",R4,◆,中世纪拉丁基督教与俗语奠基传统,existing,T1 中古多中心文学世界 · 基督教、宫廷与俗语文学形成,传统转型与区域扩展,T1 中古多中心文学世界,R4 欧洲文学,,G3 小说,QT8 英雄、边疆与法外者文化传统 | QT8.2 欧洲骑士
Lancelot.md,R4,△,中世纪拉丁基督教与俗语奠基传统,author_model,T1 中古多中心文学世界 · 基督教、宫廷与俗语文学形成,区域扩展阅读,T1 中古多中心文学世界,R4 欧洲文学,,G3 小说,QT8 英雄、边疆与法外者文化传统 | QT8.2 欧洲骑士
Las aventuras de la China Iron.md,R6,△,拉丁美洲与加勒比综合—具体内部传统待读后校准,provisional_region,T6 当代全球文学 · 后独裁记忆、迁徙与跨国文学重组,区域扩展阅读,T6 当代全球文学,R6 拉丁美洲与加勒比,M5 战后与当代美学范式,G3 小说,QT8 英雄、边疆与法外者文化传统 | QT8.6 Gaucho | QT8.7 侠盗
Last of the Breed.md,R5,△,北美文学综合—具体内部传统待读后校准,provisional_region,T6 当代全球文学 · 多元身份、数字媒介与全球传播,区域扩展阅读,T6 当代全球文学,R5 北美文学,M5 战后与当代美学范式,G3 小说,QT8 英雄、边疆与法外者文化传统 | QT8.5 西部
Le Capitan.md,R4,△,欧洲文学综合—具体内部传统待读后校准,provisional_region,T6 当代全球文学 · 欧洲一体化、迁徙经验与当代重组,文类形成与区域典范,T6 当代全球文学,R4 欧洲文学,M5 战后与当代美学范式,G3 小说,QT8 英雄、边疆与法外者文化传统 | QT8.4 欧洲剑客
Leaving Cheyenne.md,R5,△,北美文学综合—具体内部传统待读后校准,provisional_region,T5 二战后多极文学 · 战后反文化、族裔文学与媒介繁荣,区域扩展阅读,T5 二战后多极文学,R5 北美文学,M5 战后与当代美学范式,G3 小说,QT8 英雄、边疆与法外者文化传统 | QT8.5 西部
Legion.md,R5,△,北美文学综合—具体内部传统待读后校准,provisional_region,T6 当代全球文学 · 多元身份、数字媒介与全球传播,区域扩展阅读,T6 当代全球文学,R5 北美文学,M5 战后与当代美学范式,G3 小说,QT4 恐怖与哥特
Lendas do Sul.md,R6,△,拉丁美洲与加勒比综合—具体内部传统待读后校准,provisional_region,T6 当代全球文学 · 后独裁记忆、迁徙与跨国文学重组,区域扩展阅读,T6 当代全球文学,R6 拉丁美洲与加勒比,M5 战后与当代美学范式,G3 小说,QT8 英雄、边疆与法外者文化传统 | QT8.6 Gaucho
Less.md,R5,△,北美文学综合—具体内部传统待读后校准,provisional_region,T6 当代全球文学 · 多元身份、数字媒介与全球传播,区域扩展阅读,T6 当代全球文学,R5 北美文学,M5 战后与当代美学范式,G3 小说,QH3 身份、身体与归属
"Letters Written during a Short Residence in Sweden, Norway, and Denmark.md",R4,△,欧洲文学综合—具体内部传统待读后校准,provisional_region,T2 早期现代文学 · 文艺复兴、宗教改革与印刷公共领域,区域扩展阅读,T2 早期现代文学,R4 欧洲文学,M1 早期现代思想与美学,G6 纪实与文学非虚构,QT14 旅行与游记
Libro del caballero Zifar.md,R4,△,伊比利亚文学传统,author_model,T1 中古多中心文学世界 · 基督教、宫廷与俗语文学形成,区域扩展阅读,T1 中古多中心文学世界,R4 欧洲文学,,G3 小说,QT8 英雄、边疆与法外者文化传统 | QT8.2 欧洲骑士
Little Big Man.md,R5,△,北美文学综合—具体内部传统待读后校准,provisional_region,T6 当代全球文学 · 多元身份、数字媒介与全球传播,区域扩展阅读,T6 当代全球文学,R5 北美文学,M5 战后与当代美学范式,G3 小说,QT8 英雄、边疆与法外者文化传统 | QT8.5 西部
Little Brother.md,R5,△,北美文学综合—具体内部传统待读后校准,provisional_region,T6 当代全球文学 · 多元身份、数字媒介与全球传播,区域扩展阅读,T6 当代全球文学,R5 北美文学,M5 战后与当代美学范式,G3 小说,QT6 乌托邦、反乌托邦与社会想象
Live by Night.md,R5,△,北美文学综合—具体内部传统待读后校准,provisional_region,T6 当代全球文学 · 多元身份、数字媒介与全球传播,区域扩展阅读,T6 当代全球文学,R5 北美文学,M5 战后与当代美学范式,G3 小说,QH3 身份、身体与归属
Lone Women.md,R5,△,北美文学综合—具体内部传统待读后校准,provisional_region,T6 当代全球文学 · 多元身份、数字媒介与全球传播,区域扩展阅读,T6 当代全球文学,R5 北美文学,M5 战后与当代美学范式,G3 小说,QT8 英雄、边疆与法外者文化传统 | QT8.5 西部
Looking for Transwonderland／ Travels in Nigeria.md,R7,△,非洲文学综合—具体内部传统待读后校准,provisional_region,T6 当代全球文学 · 后殖民批判、城市经验与全球离散,区域扩展阅读,T6 当代全球文学,R7 非洲文学,M5 战后与当代美学范式,G6 纪实与文学非虚构,QT14 旅行与游记
Los caranchos de La Florida.md,R6,△,拉丁美洲与加勒比综合—具体内部传统待读后校准,provisional_region,T6 当代全球文学 · 后独裁记忆、迁徙与跨国文学重组,区域扩展阅读,T6 当代全球文学,R6 拉丁美洲与加勒比,M5 战后与当代美学范式,G3 小说,QT8 英雄、边疆与法外者文化传统 | QT8.6 Gaucho
Los tres gauchos orientales.md,R6,△,拉丁美洲与加勒比综合—具体内部传统待读后校准,provisional_region,T6 当代全球文学 · 后独裁记忆、迁徙与跨国文学重组,区域扩展阅读,T6 当代全球文学,R6 拉丁美洲与加勒比,M5 战后与当代美学范式,G3 小说,QT8 英雄、边疆与法外者文化传统 | QT8.6 Gaucho
Lumpérica.md,R6,△,拉丁美洲与加勒比综合—具体内部传统待读后校准,provisional_region,T6 当代全球文学 · 后独裁记忆、迁徙与跨国文学重组,区域扩展阅读,T6 当代全球文学,R6 拉丁美洲与加勒比,M5 战后与当代美学范式,G3 小说,QH5 权力、制度与秩序
Légendes et chansons de gestes canaques.md,R9,★,法语太平洋—新喀里多尼亚文学传统,existing,T3 19世纪现代文学体系 · 定居殖民、民族文学与原住民回应,殖民回应与民族文学建构,T3 19世纪现代文学体系,R9 大洋洲与太平洋,M2 19世纪文学思潮,G3 小说,QH5 权力、制度与秩序
L’Homme-lézard.md,R9,◆,法语太平洋—新喀里多尼亚文学传统,existing,T6 当代全球文学 · 生态危机、移民社会与跨太平洋传播,文类形成与区域典范,T6 当代全球文学,R9 大洋洲与太平洋,M5 战后与当代美学范式,G3 小说,QH5 权力、制度与秩序
L’île des rêves écrasés.md,R9,★,法语太平洋—新喀里多尼亚文学传统,existing,T6 当代全球文学 · 生态危机、移民社会与跨太平洋传播,文类形成与区域典范,T6 当代全球文学,R9 大洋洲与太平洋,M5 战后与当代美学范式,G3 小说,QH5 权力、制度与秩序
Malaeska.md,R5,△,北美文学综合—具体内部传统待读后校准,provisional_region,T6 当代全球文学 · 多元身份、数字媒介与全球传播,区域扩展阅读,T6 当代全球文学,R5 北美文学,M5 战后与当代美学范式,G3 小说,QT8 英雄、边疆与法外者文化传统 | QT8.5 西部
Masterman Ready.md,R4,△,欧洲文学综合—具体内部传统待读后校准,provisional_region,T3 19世纪现代文学体系 · 浪漫主义、现实主义与民族文学体系,区域扩展阅读,T3 19世纪现代文学体系,R4 欧洲文学,M2 19世纪文学思潮,G3 小说,QT5 冒险与探索叙事
Maung Yin Maung and Ma Me Ma.md,R8,◆,缅甸文学传统,existing,T4 全球现代主义时代 · 民族主义、现代主义与反殖民写作,殖民回应与民族文学建构,T4 全球现代主义时代,R8 东南亚文学,M3 现代主义与先锋派,G3 小说,QH3 身份、身体与归属
medium 灵媒侦探城塚翡翠.md,R2,△,东亚文学综合—具体内部传统待读后校准,provisional_region,T6 当代全球文学 · 都市经验、媒介转型与跨国传播,区域扩展阅读,T6 当代全球文学,R2 东亚文学,M5 战后与当代美学范式,G3 小说,QT1 推理与犯罪叙事
Mekar dan Segar.md,R8,◆,新加坡—海峡多语文学传统,existing,T5 二战后多极文学 · 独立战争、国家建构与政治创伤,传统转型与区域扩展,T5 二战后多极文学,R8 东南亚文学,M5 战后与当代美学范式,G3 小说,QH5 权力、制度与秩序
Men of Iron.md,R5,△,北美文学综合—具体内部传统待读后校准,provisional_region,T4 全球现代主义时代 · 现代主义、哈莱姆复兴与类型扩张,区域扩展阅读,T4 全球现代主义时代,R5 北美文学,M3 现代主义与先锋派,G3 小说,QT8 英雄、边疆与法外者文化传统 | QT8.8 海盗
Merlin.md,R4,△,欧洲文学综合—具体内部传统待读后校准,provisional_region,T1 中古多中心文学世界 · 基督教、宫廷与俗语文学形成,区域扩展阅读,T1 中古多中心文学世界,R4 欧洲文学,,G3 小说,QT8 英雄、边疆与法外者文化传统 | QT8.2 欧洲骑士
Micah Clarke.md,R4,△,欧洲文学综合—具体内部传统待读后校准,provisional_region,T3 19世纪现代文学体系 · 浪漫主义、现实主义与民族文学体系,区域扩展阅读,T3 19世纪现代文学体系,R4 欧洲文学,M2 19世纪文学思潮,G3 小说,QT8 英雄、边疆与法外者文化传统 | QT8.4 欧洲剑客
Milkman.md,R4,△,欧洲文学综合—具体内部传统待读后校准,provisional_region,T6 当代全球文学 · 欧洲一体化、迁徙经验与当代重组,区域扩展阅读,T6 当代全球文学,R4 欧洲文学,M5 战后与当代美学范式,G3 小说,QH3 身份、身体与归属
Miss Ulysses from Puka-Puka.md,R9,◆,波利尼西亚文学传统,existing,T5 二战后多极文学 · 去殖民化、原住民复兴与太平洋意识,离散迁徙与跨区域连接,T5 二战后多极文学,R9 大洋洲与太平洋,M5 战后与当代美学范式,G3 小说,QH3 身份、身体与归属
Missionary Travels and Researches in South Africa.md,R4,△,欧洲文学综合—具体内部传统待读后校准,provisional_region,T3 19世纪现代文学体系 · 浪漫主义、现实主义与民族文学体系,区域扩展阅读,T3 19世纪现代文学体系,R4 欧洲文学,M2 19世纪文学思潮,G6 纪实与文学非虚构,QT14 旅行与游记
Moll Flanders.md,R4,△,欧洲文学综合—具体内部传统待读后校准,provisional_region,T2 早期现代文学 · 文艺复兴、宗教改革与印刷公共领域,区域扩展阅读,T2 早期现代文学,R4 欧洲文学,M1 早期现代思想与美学,G3 小说,QT8 英雄、边疆与法外者文化传统 | QT8.7 侠盗 | QT8.8 海盗
Mongrels.md,R5,△,北美文学综合—具体内部传统待读后校准,provisional_region,T6 当代全球文学 · 多元身份、数字媒介与全球传播,区域扩展阅读,T6 当代全球文学,R5 北美文学,M5 战后与当代美学范式,G3 小说,QT4 恐怖与哥特
Monte Walsh.md,R5,△,北美文学综合—具体内部传统待读后校准,provisional_region,T5 二战后多极文学 · 战后反文化、族裔文学与媒介繁荣,区域扩展阅读,T5 二战后多极文学,R5 北美文学,M5 战后与当代美学范式,G3 小说,QT8 英雄、边疆与法外者文化传统 | QT8.5 西部 | QT8.8 海盗
More Ghost Stories.md,R4,△,欧洲文学综合—具体内部传统待读后校准,provisional_region,T4 全球现代主义时代 · 战争危机、现代主义与先锋实验,区域扩展阅读,T4 全球现代主义时代,R4 欧洲文学,M3 现代主义与先锋派,G3 小说,QT4 恐怖与哥特
Morgante.md,R4,△,欧洲文学综合—具体内部传统待读后校准,provisional_region,T1 中古多中心文学世界 · 基督教、宫廷与俗语文学形成,源头与经典奠基,T1 中古多中心文学世界,R4 欧洲文学,,G3 小说,QT8 英雄、边疆与法外者文化传统 | QT8.2 欧洲骑士
Mort Artu.md,R4,△,伊比利亚文学传统,author_model,T1 中古多中心文学世界 · 基督教、宫廷与俗语文学形成,区域扩展阅读,T1 中古多中心文学世界,R4 欧洲文学,,G3 小说,QT8 英雄、边疆与法外者文化传统 | QT8.2 欧洲骑士
Moxyland.md,R7,△,非洲文学综合—具体内部传统待读后校准,provisional_region,T6 当代全球文学 · 后殖民批判、城市经验与全球离散,区域扩展阅读,T6 当代全球文学,R7 非洲文学,M5 战后与当代美学范式,G3 小说,QT2 科幻
"Murambi, The Book of Bones.md",R7,★,中非—大湖区文学传统,existing,T5 二战后多极文学 · 独立、去殖民化与国家文学建构,殖民回应与民族文学建构,T5 二战后多极文学,R7 非洲文学,M5 战后与当代美学范式,G3 小说,QH6 战争、暴力与创伤
My Soul to Keep.md,R5,△,北美文学综合—具体内部传统待读后校准,provisional_region,T6 当代全球文学 · 多元身份、数字媒介与全球传播,区域扩展阅读,T6 当代全球文学,R5 北美文学,M5 战后与当代美学范式,G3 小说,QT4 恐怖与哥特
My Urohs.md,R9,◆,密克罗尼西亚文学传统,existing,T6 当代全球文学 · 生态危机、移民社会与跨太平洋传播,传统转型与区域扩展,T6 当代全球文学,R9 大洋洲与太平洋,M5 战后与当代美学范式,G3 小说,QH5 权力、制度与秩序
Myths and Legends of Maoriland.md,R9,★,毛利文学传统,existing,T5 二战后多极文学 · 去殖民化、原住民复兴与太平洋意识,源头与经典奠基,T5 二战后多极文学,R9 大洋洲与太平洋,M5 战后与当代美学范式,G3 小说,QH5 权力、制度与秩序
Myths and Legends of Torres Strait.md,R9,◆,澳大利亚原住民—托雷斯海峡文学传统,existing,T5 二战后多极文学 · 去殖民化、原住民复兴与太平洋意识,传统转型与区域扩展,T5 二战后多极文学,R9 大洋洲与太平洋,M5 战后与当代美学范式,G3 小说,QH5 权力、制度与秩序
Nativa.md,R6,△,拉丁美洲与加勒比综合—具体内部传统待读后校准,provisional_region,T6 当代全球文学 · 后独裁记忆、迁徙与跨国文学重组,区域扩展阅读,T6 当代全球文学,R6 拉丁美洲与加勒比,M5 战后与当代美学范式,G3 小说,QT8 英雄、边疆与法外者文化传统 | QT8.6 Gaucho
Naufragios.md,R5,△,北美文学综合—具体内部传统待读后校准,provisional_region,T2 早期现代文学 · 殖民定居、宗教书写与印刷起步,区域扩展阅读,T2 早期现代文学,R5 北美文学,M1 早期现代思想与美学,G3 小说,QT5 冒险与探索叙事 | QT8 英雄、边疆与法外者文化传统 | QT8.5 西部 | QT14 旅行与游记
Nervous Conditions.md,R7,★,南部非洲文学传统,existing,T6 当代全球文学 · 后殖民批判、城市经验与全球离散,殖民回应与民族文学建构,T6 当代全球文学,R7 非洲文学,M5 战后与当代美学范式,G3 小说,QH2.5 童年与成长
News of the World.md,R5,△,北美文学综合—具体内部传统待读后校准,provisional_region,T6 当代全球文学 · 多元身份、数字媒介与全球传播,区域扩展阅读,T6 当代全球文学,R5 北美文学,M5 战后与当代美学范式,G3 小说,QT8 英雄、边疆与法外者文化传统 | QT8.5 西部
Nexus.md,R5,△,北美文学综合—具体内部传统待读后校准,provisional_region,T6 当代全球文学 · 多元身份、数字媒介与全球传播,区域扩展阅读,T6 当代全球文学,R5 北美文学,M5 战后与当代美学范式,G3 小说,QT2 科幻
Night Watch.md,R5,△,北美文学综合—具体内部传统待读后校准,provisional_region,T6 当代全球文学 · 多元身份、数字媒介与全球传播,区域扩展阅读,T6 当代全球文学,R5 北美文学,M5 战后与当代美学范式,G3 小说,QH3 身份、身体与归属
Nine Coaches Waiting.md,R4,△,欧洲文学综合—具体内部传统待读后校准,provisional_region,T5 二战后多极文学 · 战后重建、记忆政治与后现代转型,区域扩展阅读,T5 二战后多极文学,R4 欧洲文学,M5 战后与当代美学范式,G3 小说,QH2.1 爱情与欲望
No-No Boy.md,R2,△,东亚文学综合—具体内部传统待读后校准,provisional_region,T6 当代全球文学 · 都市经验、媒介转型与跨国传播,翻译与跨传统连接,T6 当代全球文学,R2 东亚文学 | R5 北美文学,M5 战后与当代美学范式,G3 小说,QH2.5 童年与成长
No-No Boy.md,R5,★,亚裔美国文学传统,existing,T6 当代全球文学 · 多元身份、数字媒介与全球传播,翻译与跨传统连接,T6 当代全球文学,R2 东亚文学 | R5 北美文学,M5 战后与当代美学范式,G3 小说,QH2.5 童年与成长
Not Out of Hate.md,R8,★,缅甸文学传统,existing,T5 二战后多极文学 · 独立战争、国家建构与政治创伤,文类形成与区域典范,T5 二战后多极文学,R8 东南亚文学,M5 战后与当代美学范式,G3 小说,QH4 社会、阶级与劳动
O Cabeleira.md,R6,△,拉丁美洲与加勒比综合—具体内部传统待读后校准,provisional_region,T3 19世纪现代文学体系 · 独立建国、浪漫主义与国家文学,区域扩展阅读,T3 19世纪现代文学体系,R6 拉丁美洲与加勒比,M2 19世纪文学思潮,G3 小说,QT8 英雄、边疆与法外者文化传统 | QT8.7 侠盗
O Gaúcho.md,R6,△,拉丁美洲与加勒比综合—具体内部传统待读后校准,provisional_region,T3 19世纪现代文学体系 · 独立建国、浪漫主义与国家文学,区域扩展阅读,T3 19世纪现代文学体系,R6 拉丁美洲与加勒比,M2 19世纪文学思潮,G3 小说,QT8 英雄、边疆与法外者文化传统 | QT8.6 Gaucho
Observations.md,R5,△,北美文学综合—具体内部传统待读后校准,provisional_region,T4 全球现代主义时代 · 现代主义、哈莱姆复兴与类型扩张,区域扩展阅读,T4 全球现代主义时代,R5 北美文学,M3.1 现代主义 / Modernism,G3 小说,QH3 身份、身体与归属
Offshore.md,R4,△,欧洲文学综合—具体内部传统待读后校准,provisional_region,T5 二战后多极文学 · 战后重建、记忆政治与后现代转型,区域扩展阅读,T5 二战后多极文学,R4 欧洲文学,M5 战后与当代美学范式,G3 小说,QH6 战争、暴力与创伤
Old Bones.md,R5,△,北美文学综合—具体内部传统待读后校准,provisional_region,T6 当代全球文学 · 多元身份、数字媒介与全球传播,区域扩展阅读,T6 当代全球文学,R5 北美文学,M5 战后与当代美学范式,G3 小说,QH3 身份、身体与归属
Old Jules.md,R5,△,北美文学综合—具体内部传统待读后校准,provisional_region,T6 当代全球文学 · 多元身份、数字媒介与全球传播,区域扩展阅读,T6 当代全球文学,R5 北美文学,M5 战后与当代美学范式,G3 小说,QT8 英雄、边疆与法外者文化传统 | QT8.5 西部
Open Season.md,R5,△,北美文学综合—具体内部传统待读后校准,provisional_region,T6 当代全球文学 · 多元身份、数字媒介与全球传播,区域扩展阅读,T6 当代全球文学,R5 北美文学,M5 战后与当代美学范式,G3 小说,QT8 英雄、边疆与法外者文化传统 | QT8.5 西部
Orbital.md,R4,△,欧洲文学综合—具体内部传统待读后校准,provisional_region,T6 当代全球文学 · 欧洲一体化、迁徙经验与当代重组,区域扩展阅读,T6 当代全球文学,R4 欧洲文学,M5 战后与当代美学范式,G3 小说,QH3 身份、身体与归属
OUT.md,R2,△,东亚文学综合—具体内部传统待读后校准,provisional_region,T6 当代全球文学 · 都市经验、媒介转型与跨国传播,区域扩展阅读,T6 当代全球文学,R2 东亚文学,M5 战后与当代美学范式,G3 小说,QT1 推理与犯罪叙事
Outlawed.md,R5,△,北美文学综合—具体内部传统待读后校准,provisional_region,T6 当代全球文学 · 多元身份、数字媒介与全球传播,区域扩展阅读,T6 当代全球文学,R5 北美文学,M5 战后与当代美学范式,G3 小说,QT8 英雄、边疆与法外者文化传统 | QT8.5 西部 | QT8.7 侠盗
Ozidi Saga.md,R7,△,口传—史诗与本土语言传统,author_model,T5 二战后多极文学 · 独立、去殖民化与国家文学建构,语言、书写与媒介转型,T5 二战后多极文学,R7 非洲文学,M5 战后与当代美学范式,G3 小说,QT9 神话、传说与民间叙事
Palmerín de Inglaterra.md,R4,△,欧洲文学综合—具体内部传统待读后校准,provisional_region,T1 中古多中心文学世界 · 基督教、宫廷与俗语文学形成,区域扩展阅读,T1 中古多中心文学世界,R4 欧洲文学,,G3 小说,QT8 英雄、边疆与法外者文化传统 | QT8.2 欧洲骑士
Palmerín de Oliva.md,R4,△,伊比利亚文学传统,author_model,T1 中古多中心文学世界 · 基督教、宫廷与俗语文学形成,区域扩展阅读,T1 中古多中心文学世界,R4 欧洲文学,,G3 小说,QT8 英雄、边疆与法外者文化传统 | QT8.2 欧洲骑士
Paradise Sky.md,R5,△,北美文学综合—具体内部传统待读后校准,provisional_region,T6 当代全球文学 · 多元身份、数字媒介与全球传播,区域扩展阅读,T6 当代全球文学,R5 北美文学,M5 战后与当代美学范式,G3 小说,QT8 英雄、边疆与法外者文化传统 | QT8.5 西部
Parzival.md,R4,△,欧洲文学综合—具体内部传统待读后校准,provisional_region,T1 中古多中心文学世界 · 基督教、宫廷与俗语文学形成,区域扩展阅读,T1 中古多中心文学世界,R4 欧洲文学,,G3 小说,QT8 英雄、边疆与法外者文化传统 | QT8.2 欧洲骑士
Passing.md,R5,△,北美文学综合—具体内部传统待读后校准,provisional_region,T4 全球现代主义时代 · 现代主义、哈莱姆复兴与类型扩张,区域扩展阅读,T4 全球现代主义时代,R5 北美文学,M3.1 现代主义 / Modernism,G3 小说,QH5 权力、制度与秩序
Paulino Lucero.md,R6,△,拉丁美洲与加勒比综合—具体内部传统待读后校准,provisional_region,T6 当代全球文学 · 后独裁记忆、迁徙与跨国文学重组,区域扩展阅读,T6 当代全球文学,R6 拉丁美洲与加勒比,M5 战后与当代美学范式,G3 小说,QT8 英雄、边疆与法外者文化传统 | QT8.6 Gaucho
People of the Book.md,R5,△,北美文学综合—具体内部传统待读后校准,provisional_region,T6 当代全球文学 · 多元身份、数字媒介与全球传播,区域扩展阅读,T6 当代全球文学,R5 北美文学,M5 战后与当代美学范式,G3 小说,QT7 历史叙事
"Perceval, the Story of the Grail.md",R4,△,中世纪拉丁基督教与俗语奠基传统,author_model,T1 中古多中心文学世界 · 基督教、宫廷与俗语文学形成,区域扩展阅读,T1 中古多中心文学世界,R4 欧洲文学,,G3 小说,QT8 英雄、边疆与法外者文化传统 | QT8.2 欧洲骑士
Perceval.md,R4,△,中世纪拉丁基督教与俗语奠基传统,author_model,T1 中古多中心文学世界 · 基督教、宫廷与俗语文学形成,区域扩展阅读,T1 中古多中心文学世界,R4 欧洲文学,,G3 小说,QT8 英雄、边疆与法外者文化传统 | QT8.2 欧洲骑士
Peregrine's Progress.md,R4,△,欧洲文学综合—具体内部传统待读后校准,provisional_region,T6 当代全球文学 · 欧洲一体化、迁徙经验与当代重组,区域扩展阅读,T6 当代全球文学,R4 欧洲文学,M5 战后与当代美学范式,G3 小说,QT8 英雄、边疆与法外者文化传统 | QT8.4 欧洲剑客
Peregrine.md,R5,△,北美文学综合—具体内部传统待读后校准,provisional_region,T6 当代全球文学 · 多元身份、数字媒介与全球传播,区域扩展阅读,T6 当代全球文学,R5 北美文学,M5 战后与当代美学范式,G3 小说,QH3 身份、身体与归属
Perlesvaus ／ The High Book of the Grail.md,R4,△,伊比利亚文学传统,author_model,T1 中古多中心文学世界 · 基督教、宫廷与俗语文学形成,区域扩展阅读,T1 中古多中心文学世界,R4 欧洲文学,,G3 小说,QT8 英雄、边疆与法外者文化传统 | QT8.2 欧洲骑士
Peter Pan.md,R4,△,欧洲文学综合—具体内部传统待读后校准,provisional_region,T4 全球现代主义时代 · 战争危机、现代主义与先锋实验,区域扩展阅读,T4 全球现代主义时代,R4 欧洲文学,M3 现代主义与先锋派,G3 小说,QT8 英雄、边疆与法外者文化传统 | QT8.8 海盗
Pictures from Italy.md,R4,△,英国—爱尔兰文学传统,author_model,T3 19世纪现代文学体系 · 浪漫主义、现实主义与民族文学体系,区域扩展阅读,T3 19世纪现代文学体系,R4 欧洲文学,M2 19世纪文学思潮,G6 纪实与文学非虚构,QT14 旅行与游记
Pinjar.md,R3,◆,旁遮普—信德与西北文学传统,existing,T5 二战后多极文学 · 独立分治、国家文学与离散书写,传统转型与区域扩展,T5 二战后多极文学,R3 南亚文学,M5 战后与当代美学范式,G3 小说,QH6 战争、暴力与创伤
Pirate Freedom.md,R5,△,北美文学综合—具体内部传统待读后校准,provisional_region,T6 当代全球文学 · 多元身份、数字媒介与全球传播,区域扩展阅读,T6 当代全球文学,R5 北美文学,M5 战后与当代美学范式,G3 小说,QT8 英雄、边疆与法外者文化传统 | QT8.8 海盗
Pouliuli.md,R9,◆,波利尼西亚文学传统,existing,T5 二战后多极文学 · 去殖民化、原住民复兴与太平洋意识,殖民回应与民族文学建构,T5 二战后多极文学,R9 大洋洲与太平洋,M5 战后与当代美学范式,G3 小说,QH3 身份、身体与归属
Primitive Rebels.md,R4,△,欧洲文学综合—具体内部传统待读后校准,provisional_region,T5 二战后多极文学 · 战后重建、记忆政治与后现代转型,区域扩展阅读,T5 二战后多极文学,R4 欧洲文学,M5 战后与当代美学范式,G3 小说,QT8 英雄、边疆与法外者文化传统 | QT8.7 侠盗
Prison and Man.md,R8,◆,缅甸文学传统,existing,T5 二战后多极文学 · 独立战争、国家建构与政治创伤,传统转型与区域扩展,T5 二战后多极文学,R8 东南亚文学,M5 战后与当代美学范式,G3 小说,QH5 权力、制度与秩序
Promised Land.md,R5,△,北美文学综合—具体内部传统待读后校准,provisional_region,T5 二战后多极文学 · 战后反文化、族裔文学与媒介繁荣,区域扩展阅读,T5 二战后多极文学,R5 北美文学,M5 战后与当代美学范式,G3 小说,QH6 战争、暴力与创伤
Prose Tristan.md,R4,△,伊比利亚文学传统,author_model,T1 中古多中心文学世界 · 基督教、宫廷与俗语文学形成,区域扩展阅读,T1 中古多中心文学世界,R4 欧洲文学,,G3 小说,QT8 英雄、边疆与法外者文化传统 | QT8.2 欧洲骑士
QualityLand.md,R4,△,欧洲文学综合—具体内部传统待读后校准,provisional_region,T6 当代全球文学 · 欧洲一体化、迁徙经验与当代重组,区域扩展阅读,T6 当代全球文学,R4 欧洲文学,M5 战后与当代美学范式,G3 小说,QT6 乌托邦、反乌托邦与社会想象
Queste del Saint Graal.md,R4,△,伊比利亚文学传统,author_model,T1 中古多中心文学世界 · 基督教、宫廷与俗语文学形成,区域扩展阅读,T1 中古多中心文学世界,R4 欧洲文学,,G3 小说,QT8 英雄、边疆与法外者文化传统 | QT8.2 欧洲骑士
Quicksand.md,R5,△,北美文学综合—具体内部传统待读后校准,provisional_region,T4 全球现代主义时代 · 现代主义、哈莱姆复兴与类型扩张,区域扩展阅读,T4 全球现代主义时代,R5 北美文学,M3.1 现代主义 / Modernism,G3 小说,QH5 权力、制度与秩序
Quintus Servinton.md,R9,◆,澳大利亚殖民—国家文学传统,existing,T3 19世纪现代文学体系 · 定居殖民、民族文学与原住民回应,语言、书写与媒介转型,T3 19世纪现代文学体系,R9 大洋洲与太平洋,M2 19世纪文学思潮,G3 小说,QH3 身份、身体与归属
R.U.R.md,R4,◆,中欧文学传统,existing,T4 全球现代主义时代 · 战争危机、现代主义与先锋实验,文类形成与区域典范,T4 全球现代主义时代,R4 欧洲文学,M3 现代主义与先锋派,G3 小说,QT2 科幻 | QT6 乌托邦、反乌托邦与社会想象
Ramrod.md,R5,△,北美文学综合—具体内部传统待读后校准,provisional_region,T6 当代全球文学 · 多元身份、数字媒介与全球传播,区域扩展阅读,T6 当代全球文学,R5 北美文学,M5 战后与当代美学范式,G3 小说,QT8 英雄、边疆与法外者文化传统 | QT8.5 西部
Raoul de Cambrai.md,R4,△,伊比利亚文学传统,author_model,T6 当代全球文学 · 欧洲一体化、迁徙经验与当代重组,区域扩展阅读,T6 当代全球文学,R4 欧洲文学,M5 战后与当代美学范式,G3 小说,QT8 英雄、边疆与法外者文化传统 | QT8.2 欧洲骑士
Renaud de Montauban ／ The Four Sons of Aymon.md,R4,△,伊比利亚文学传统,author_model,T6 当代全球文学 · 欧洲一体化、迁徙经验与当代重组,区域扩展阅读,T6 当代全球文学,R4 欧洲文学,M5 战后与当代美学范式,G3 小说,QT8 英雄、边疆与法外者文化传统 | QT8.2 欧洲骑士
Reservation Blues.md,R5,△,北美文学综合—具体内部传统待读后校准,provisional_region,T6 当代全球文学 · 多元身份、数字媒介与全球传播,区域扩展阅读,T6 当代全球文学,R5 北美文学,M5 战后与当代美学范式,G3 小说,QT8 英雄、边疆与法外者文化传统 | QT8.5 西部
Ride the River.md,R5,△,北美文学综合—具体内部传统待读后校准,provisional_region,T6 当代全球文学 · 多元身份、数字媒介与全球传播,区域扩展阅读,T6 当代全球文学,R5 北美文学,M5 战后与当代美学范式,G3 小说,QT8 英雄、边疆与法外者文化传统 | QT8.5 西部
Riders of the Silences.md,R5,△,北美文学综合—具体内部传统待读后校准,provisional_region,T6 当代全球文学 · 多元身份、数字媒介与全球传播,区域扩展阅读,T6 当代全球文学,R5 北美文学,M5 战后与当代美学范式,G3 小说,QT8 英雄、边疆与法外者文化传统 | QT8.5 西部
Ring Shout.md,R5,△,北美文学综合—具体内部传统待读后校准,provisional_region,T6 当代全球文学 · 多元身份、数字媒介与全球传播,区域扩展阅读,T6 当代全球文学,R5 北美文学,M5 战后与当代美学范式,G3 小说,QT4 恐怖与哥特
Roman d'Alexandre.md,R4,△,伊比利亚文学传统,author_model,T6 当代全球文学 · 欧洲一体化、迁徙经验与当代重组,区域扩展阅读,T6 当代全球文学,R4 欧洲文学,M5 战后与当代美学范式,G3 小说,QT8 英雄、边疆与法外者文化传统 | QT8.2 欧洲骑士
Roman d'Enéas.md,R4,△,伊比利亚文学传统,author_model,T6 当代全球文学 · 欧洲一体化、迁徙经验与当代重组,区域扩展阅读,T6 当代全球文学,R4 欧洲文学,M5 战后与当代美学范式,G3 小说,QT8 英雄、边疆与法外者文化传统 | QT8.2 欧洲骑士
Roman de Brut.md,R4,△,欧洲文学综合—具体内部传统待读后校准,provisional_region,T1 中古多中心文学世界 · 基督教、宫廷与俗语文学形成,区域扩展阅读,T1 中古多中心文学世界,R4 欧洲文学,,G3 小说,QT8 英雄、边疆与法外者文化传统 | QT8.2 欧洲骑士
Roman de Silence.md,R4,△,欧洲文学综合—具体内部传统待读后校准,provisional_region,T0 文学源头与古代文学 · 希腊罗马古典传统奠基,源头与经典奠基,T0 文学源头与古代文学,R4 欧洲文学,,G3 小说,QT8 英雄、边疆与法外者文化传统 | QT8.2 欧洲骑士
Roman de Thèbes.md,R4,△,伊比利亚文学传统,author_model,T6 当代全球文学 · 欧洲一体化、迁徙经验与当代重组,区域扩展阅读,T6 当代全球文学,R4 欧洲文学,M5 战后与当代美学范式,G3 小说,QT8 英雄、边疆与法外者文化传统 | QT8.2 欧洲骑士
Roman de Troie.md,R4,△,欧洲文学综合—具体内部传统待读后校准,provisional_region,T6 当代全球文学 · 欧洲一体化、迁徙经验与当代重组,区域扩展阅读,T6 当代全球文学,R4 欧洲文学,M5 战后与当代美学范式,G3 小说,QT8 英雄、边疆与法外者文化传统 | QT8.2 欧洲骑士
Ronggeng Dukuh Paruk.md,R8,◆,印尼—爪哇与群岛文学传统,existing,T6 当代全球文学 · 城市化、跨语写作与东南亚离散,传统转型与区域扩展,T6 当代全球文学,R8 东南亚文学,M5 战后与当代美学范式,G3 小说,QH7 历史、记忆与时间 | QH3 身份、身体与归属
Room to Swing.md,R5,△,北美文学综合—具体内部传统待读后校准,provisional_region,T5 二战后多极文学 · 战后反文化、族裔文学与媒介繁荣,区域扩展阅读,T5 二战后多极文学,R5 北美文学,M5 战后与当代美学范式,G3 小说,QH6 战争、暴力与创伤
Ru.md,R5,◆,法语加拿大—魁北克文学传统,existing,T6 当代全球文学 · 多元身份、数字媒介与全球传播,传统转型与区域扩展,T6 当代全球文学,R5 北美文学,M5 战后与当代美学范式,G3 小说,QH5 权力、制度与秩序
Russian Folk Belief.md,R4,△,欧洲文学综合—具体内部传统待读后校准,provisional_region,T6 当代全球文学 · 欧洲一体化、迁徙经验与当代重组,区域扩展阅读,T6 当代全球文学,R4 欧洲文学,M5 战后与当代美学范式,G3 小说,QT9 神话、传说与民间叙事
Sabu.md,R2,△,东亚文学综合—具体内部传统待读后校准,provisional_region,T5 二战后多极文学 · 战争革命、国家文学与社会重构,区域扩展阅读,T5 二战后多极文学,R2 东亚文学,M5 战后与当代美学范式,G3 小说,QT8 英雄、边疆与法外者文化传统 | QT8.3 日本武士与剑豪
Safarnama ／ 旅行记.md,R1,△,波斯—伊朗文学传统,existing,T1 中古多中心文学世界 · 宗教经典、帝国网络与翻译传承,区域扩展阅读,T1 中古多中心文学世界,R1 西亚—地中海古老传统,,G6 纪实与文学非虚构,QT14 旅行与游记
Saint Martin's Summer.md,R4,△,欧洲文学综合—具体内部传统待读后校准,provisional_region,T4 全球现代主义时代 · 战争危机、现代主义与先锋实验,区域扩展阅读,T4 全球现代主义时代,R4 欧洲文学,M3 现代主义与先锋派,G3 小说,QT8 英雄、边疆与法外者文化传统 | QT8.4 欧洲剑客
Samskara.md,R3,◆,泰米尔与南印度文学传统,existing,T5 二战后多极文学 · 独立分治、国家文学与离散书写,文类形成与区域典范,T5 二战后多极文学,R3 南亚文学,M5 战后与当代美学范式,G3 小说,QH6 战争、暴力与创伤
Santos Vega o los mellizos de la Flor.md,R6,△,拉丁美洲与加勒比综合—具体内部传统待读后校准,provisional_region,T6 当代全球文学 · 后独裁记忆、迁徙与跨国文学重组,区域扩展阅读,T6 当代全球文学,R6 拉丁美洲与加勒比,M5 战后与当代美学范式,G3 小说,QT8 英雄、边疆与法外者文化传统 | QT8.6 Gaucho
Santos Vega.md,R6,△,拉丁美洲与加勒比综合—具体内部传统待读后校准,provisional_region,T6 当代全球文学 · 后独裁记忆、迁徙与跨国文学重组,区域扩展阅读,T6 当代全球文学,R6 拉丁美洲与加勒比,M5 战后与当代美学范式,G3 小说,QT8 英雄、边疆与法外者文化传统 | QT8.6 Gaucho
Sarajevo Marlboro.md,R4,△,欧洲文学综合—具体内部传统待读后校准,provisional_region,T6 当代全球文学 · 欧洲一体化、迁徙经验与当代重组,殖民回应与民族文学建构,T6 当代全球文学,R4 欧洲文学,M5 战后与当代美学范式,G3 小说,QH6 战争、暴力与创伤
Seth Jones.md,R5,△,北美文学综合—具体内部传统待读后校准,provisional_region,T6 当代全球文学 · 多元身份、数字媒介与全球传播,区域扩展阅读,T6 当代全球文学,R5 北美文学,M5 战后与当代美学范式,G3 小说,QT8 英雄、边疆与法外者文化传统 | QT8.5 西部
Shards of Honor.md,R5,△,北美文学综合—具体内部传统待读后校准,provisional_region,T6 当代全球文学 · 多元身份、数字媒介与全球传播,区域扩展阅读,T6 当代全球文学,R5 北美文学,M5 战后与当代美学范式,G3 小说,QH2.1 爱情与欲望
Shark Dialogues.md,R9,★,波利尼西亚文学传统,existing,T6 当代全球文学 · 生态危机、移民社会与跨太平洋传播,核心经典与传统确立,T6 当代全球文学,R9 大洋洲与太平洋,M5 战后与当代美学范式,G3 小说,QH5 权力、制度与秩序
Sharpe's Eagle.md,R4,△,欧洲文学综合—具体内部传统待读后校准,provisional_region,T6 当代全球文学 · 欧洲一体化、迁徙经验与当代重组,区域扩展阅读,T6 当代全球文学,R4 欧洲文学,M5 战后与当代美学范式,G3 小说,QT7 历史叙事
Silent Joe.md,R5,△,北美文学综合—具体内部传统待读后校准,provisional_region,T6 当代全球文学 · 多元身份、数字媒介与全球传播,区域扩展阅读,T6 当代全球文学,R5 北美文学,M5 战后与当代美学范式,G3 小说,QH3 身份、身体与归属
Simon Dale.md,R4,△,欧洲文学综合—具体内部传统待读后校准,provisional_region,T6 当代全球文学 · 欧洲一体化、迁徙经验与当代重组,区域扩展阅读,T6 当代全球文学,R4 欧洲文学,M5 战后与当代美学范式,G3 小说,QT8 英雄、边疆与法外者文化传统 | QT8.4 欧洲剑客
Sir Launfal.md,R4,△,欧洲文学综合—具体内部传统待读后校准,provisional_region,T1 中古多中心文学世界 · 基督教、宫廷与俗语文学形成,区域扩展阅读,T1 中古多中心文学世界,R4 欧洲文学,,G3 小说,QT8 英雄、边疆与法外者文化传统 | QT8.2 欧洲骑士
Sir Orfeo.md,R4,△,伊比利亚文学传统,author_model,T1 中古多中心文学世界 · 基督教、宫廷与俗语文学形成,区域扩展阅读,T1 中古多中心文学世界,R4 欧洲文学,,G3 小说,QT8 英雄、边疆与法外者文化传统 | QT8.2 欧洲骑士
Slave to Sensation.md,R9,△,大洋洲与太平洋综合—具体内部传统待读后校准,provisional_region,T6 当代全球文学 · 生态危机、移民社会与跨太平洋传播,区域扩展阅读,T6 当代全球文学,R9 大洋洲与太平洋,M5 战后与当代美学范式,G3 小说,QH2.1 爱情与欲望
Slogum House.md,R5,△,北美文学综合—具体内部传统待读后校准,provisional_region,T6 当代全球文学 · 多元身份、数字媒介与全球传播,区域扩展阅读,T6 当代全球文学,R5 北美文学,M5 战后与当代美学范式,G3 小说,QT8 英雄、边疆与法外者文化传统 | QT8.5 西部
Smoky the Cowhorse.md,R5,△,北美文学综合—具体内部传统待读后校准,provisional_region,T4 全球现代主义时代 · 现代主义、哈莱姆复兴与类型扩张,区域扩展阅读,T4 全球现代主义时代,R5 北美文学,M3 现代主义与先锋派,G3 小说,QT8 英雄、边疆与法外者文化传统 | QT8.5 西部
So Far from God.md,R5,△,北美文学综合—具体内部传统待读后校准,provisional_region,T6 当代全球文学 · 多元身份、数字媒介与全球传播,区域扩展阅读,T6 当代全球文学,R5 北美文学,M5 战后与当代美学范式,G3 小说,QT8 英雄、边疆与法外者文化传统 | QT8.5 西部
Spring and All.md,R5,△,北美文学综合—具体内部传统待读后校准,provisional_region,T4 全球现代主义时代 · 现代主义、哈莱姆复兴与类型扩张,区域扩展阅读,T4 全球现代主义时代,R5 北美文学,M3.1 现代主义 / Modernism,G3 小说,QH3 身份、身体与归属
Stanzaic Morte Arthur.md,R4,△,伊比利亚文学传统,author_model,T1 中古多中心文学世界 · 基督教、宫廷与俗语文学形成,区域扩展阅读,T1 中古多中心文学世界,R4 欧洲文学,,G3 小说,QT8 英雄、边疆与法外者文化传统 | QT8.2 欧洲骑士
State of Emergency.md,R8,◆,新加坡—海峡多语文学传统,existing,T6 当代全球文学 · 城市化、跨语写作与东南亚离散,语言、书写与媒介转型,T6 当代全球文学,R8 东南亚文学,M5 战后与当代美学范式,G3 小说,QH5 权力、制度与秩序 | QH1 自我、存在与生命
Streets of Laredo.md,R5,△,北美文学综合—具体内部传统待读后校准,provisional_region,T6 当代全球文学 · 多元身份、数字媒介与全球传播,区域扩展阅读,T6 当代全球文学,R5 北美文学,M5 战后与当代美学范式,G3 小说,QT8 英雄、边疆与法外者文化传统 | QT8.5 西部
Sun and Saddle Leather.md,R5,△,北美文学综合—具体内部传统待读后校准,provisional_region,T6 当代全球文学 · 多元身份、数字媒介与全球传播,区域扩展阅读,T6 当代全球文学,R5 北美文学,M5 战后与当代美学范式,G3 小说,QT8 英雄、边疆与法外者文化传统 | QT8.5 西部
Sundown.md,R5,△,北美文学综合—具体内部传统待读后校准,provisional_region,T6 当代全球文学 · 多元身份、数字媒介与全球传播,区域扩展阅读,T6 当代全球文学,R5 北美文学,M5 战后与当代美学范式,G3 小说,QT8 英雄、边疆与法外者文化传统 | QT8.5 西部
Sword at Sunset.md,R4,△,欧洲文学综合—具体内部传统待读后校准,provisional_region,T6 当代全球文学 · 欧洲一体化、迁徙经验与当代重组,区域扩展阅读,T6 当代全球文学,R4 欧洲文学,M5 战后与当代美学范式,G3 小说,QT8 英雄、边疆与法外者文化传统 | QT8.2 欧洲骑士
Sóngoro cosongo.md,R6,★,Afro-Latin—Afro-Caribbean文学传统,existing,T6 当代全球文学 · 后独裁记忆、迁徙与跨国文学重组,核心经典与传统确立,T6 当代全球文学,R6 拉丁美洲与加勒比,M5 战后与当代美学范式,G1 诗歌,QH5 权力、制度与秩序
Tadeo Isidoro Cruz小传.md,R6,△,南锥体—拉普拉塔文学传统,author_model,T5 二战后多极文学 · 革命经验、文学爆炸与独裁回应,区域扩展阅读,T5 二战后多极文学,R6 拉丁美洲与加勒比,M3 现代主义与先锋派,G3 小说,QT8 英雄、边疆与法外者文化传统 | QT8.6 Gaucho | QT8.7 侠盗
Tamas.md,R3,△,南亚文学综合—具体内部传统待读后校准,provisional_region,T5 二战后多极文学 · 独立分治、国家文学与离散书写,区域扩展阅读,T5 二战后多极文学,R3 南亚文学,M5 战后与当代美学范式,G3 小说,QT7 历史叙事
Tarr.md,R4,△,欧洲文学综合—具体内部传统待读后校准,provisional_region,T4 全球现代主义时代 · 战争危机、现代主义与先锋实验,区域扩展阅读,T4 全球现代主义时代,R4 欧洲文学,M3.1 现代主义 / Modernism,G3 小说,QH7 历史、记忆与时间 | QH1 自我、存在与生命
Territory.md,R5,△,北美文学综合—具体内部传统待读后校准,provisional_region,T6 当代全球文学 · 多元身份、数字媒介与全球传播,区域扩展阅读,T6 当代全球文学,R5 北美文学,M5 战后与当代美学范式,G3 小说,QT8 英雄、边疆与法外者文化传统 | QT8.5 西部
That Old Ace in the Hole.md,R5,△,北美文学综合—具体内部传统待读后校准,provisional_region,T6 当代全球文学 · 多元身份、数字媒介与全球传播,区域扩展阅读,T6 当代全球文学,R5 北美文学,M5 战后与当代美学范式,G3 小说,QT8 英雄、边疆与法外者文化传统 | QT8.5 西部
The Absolutely True Diary of a Part-Time Indian.md,R5,△,北美文学综合—具体内部传统待读后校准,provisional_region,T6 当代全球文学 · 多元身份、数字媒介与全球传播,区域扩展阅读,T6 当代全球文学,R5 北美文学,M5 战后与当代美学范式,G3 小说,QH2.5 童年与成长
The Acts of King Arthur and His Noble Knights.md,R4,△,欧洲文学综合—具体内部传统待读后校准,provisional_region,T5 二战后多极文学 · 战后重建、记忆政治与后现代转型,区域扩展阅读,T5 二战后多极文学,R4 欧洲文学,M3 现代主义与先锋派,G3 小说,QT8 英雄、边疆与法外者文化传统 | QT8.2 欧洲骑士
The Adventures of Col. Daniel Boone.md,R5,△,北美文学综合—具体内部传统待读后校准,provisional_region,T2 早期现代文学 · 殖民定居、宗教书写与印刷起步,区域扩展阅读,T2 早期现代文学,R5 北美文学,M1 早期现代思想与美学,G3 小说,QT8 英雄、边疆与法外者文化传统 | QT8.5 西部
The Adventures of Gerard.md,R4,△,欧洲文学综合—具体内部传统待读后校准,provisional_region,T4 全球现代主义时代 · 战争危机、现代主义与先锋实验,区域扩展阅读,T4 全球现代主义时代,R4 欧洲文学,M2 19世纪文学思潮,G3 小说,QT8 英雄、边疆与法外者文化传统 | QT8.4 欧洲剑客
The Alliterative Morte Arthure.md,R4,△,伊比利亚文学传统,author_model,T1 中古多中心文学世界 · 基督教、宫廷与俗语文学形成,区域扩展阅读,T1 中古多中心文学世界,R4 欧洲文学,,G3 小说,QT8 英雄、边疆与法外者文化传统 | QT8.2 欧洲骑士
The Alternative.md,R9,◆,巴布亚新几内亚—美拉尼西亚文学传统,existing,T6 当代全球文学 · 生态危机、移民社会与跨太平洋传播,文类形成与区域典范,T6 当代全球文学,R9 大洋洲与太平洋,M5 战后与当代美学范式,G3 小说,QH7 历史、记忆与时间
The Amateur Gentleman.md,R4,△,欧洲文学综合—具体内部传统待读后校准,provisional_region,T6 当代全球文学 · 欧洲一体化、迁徙经验与当代重组,区域扩展阅读,T6 当代全球文学,R4 欧洲文学,M5 战后与当代美学范式,G3 小说,QT8 英雄、边疆与法外者文化传统 | QT8.4 欧洲剑客
The Arrivants.md,R6,△,拉丁美洲与加勒比综合—具体内部传统待读后校准,provisional_region,T5 二战后多极文学 · 革命经验、文学爆炸与独裁回应,区域扩展阅读,T5 二战后多极文学,R6 拉丁美洲与加勒比,M5 战后与当代美学范式,G1 诗歌,QH6 战争、暴力与创伤
The Assassination of Jesse James by the Coward Robert Ford.md,R5,△,北美文学综合—具体内部传统待读后校准,provisional_region,T6 当代全球文学 · 多元身份、数字媒介与全球传播,区域扩展阅读,T6 当代全球文学,R5 北美文学,M5 战后与当代美学范式,G3 小说,QT8 英雄、边疆与法外者文化传统 | QT8.5 西部 | QT8.7 侠盗
The Assassination of Jesse James.md,R5,△,北美文学综合—具体内部传统待读后校准,provisional_region,T6 当代全球文学 · 多元身份、数字媒介与全球传播,区域扩展阅读,T6 当代全球文学,R5 北美文学,M5 战后与当代美学范式,G3 小说,QT8 英雄、边疆与法外者文化传统 | QT8.5 西部 | QT8.7 侠盗
The Ballad of Black Tom.md,R5,△,北美文学综合—具体内部传统待读后校准,provisional_region,T6 当代全球文学 · 多元身份、数字媒介与全球传播,区域扩展阅读,T6 当代全球文学,R5 北美文学,M5 战后与当代美学范式,G3 小说,QT4 恐怖与哥特
The Big Empty.md,R5,△,北美文学综合—具体内部传统待读后校准,provisional_region,T6 当代全球文学 · 多元身份、数字媒介与全球传播,区域扩展阅读,T6 当代全球文学,R5 北美文学,M5 战后与当代美学范式,G3 小说,QH3 身份、身体与归属
The Black Swan.md,R4,△,欧洲文学综合—具体内部传统待读后校准,provisional_region,T4 全球现代主义时代 · 战争危机、现代主义与先锋实验,区域扩展阅读,T4 全球现代主义时代,R4 欧洲文学,M3 现代主义与先锋派,G3 小说,QT8 英雄、边疆与法外者文化传统 | QT8.8 海盗
The Blessing Way.md,R5,△,北美文学综合—具体内部传统待读后校准,provisional_region,T6 当代全球文学 · 多元身份、数字媒介与全球传播,区域扩展阅读,T6 当代全球文学,R5 北美文学,M5 战后与当代美学范式,G3 小说,QT8 英雄、边疆与法外者文化传统 | QT8.5 西部
The Book of Deeds of Arms and of Chivalry.md,R4,△,欧洲文学综合—具体内部传统待读后校准,provisional_region,T1 中古多中心文学世界 · 基督教、宫廷与俗语文学形成,区域扩展阅读,T1 中古多中心文学世界,R4 欧洲文学,,G3 小说,QT8 英雄、边疆与法外者文化传统 | QT8.2 欧洲骑士
The Book of Pirates.md,R5,△,北美文学综合—具体内部传统待读后校准,provisional_region,T4 全球现代主义时代 · 现代主义、哈莱姆复兴与类型扩张,区域扩展阅读,T4 全球现代主义时代,R5 北美文学,M3 现代主义与先锋派,G3 小说,QT8 英雄、边疆与法外者文化传统 | QT8.8 海盗
The Book of the Order of Chivalry.md,R4,△,欧洲文学综合—具体内部传统待读后校准,provisional_region,T1 中古多中心文学世界 · 基督教、宫廷与俗语文学形成,区域扩展阅读,T1 中古多中心文学世界,R4 欧洲文学,,G3 小说,QT8 英雄、边疆与法外者文化传统 | QT8.2 欧洲骑士
The Bottoms.md,R5,△,北美文学综合—具体内部传统待读后校准,provisional_region,T6 当代全球文学 · 多元身份、数字媒介与全球传播,区域扩展阅读,T6 当代全球文学,R5 北美文学,M5 战后与当代美学范式,G3 小说,QH3 身份、身体与归属
The Boy Hunters.md,R4,△,欧洲文学综合—具体内部传统待读后校准,provisional_region,T3 19世纪现代文学体系 · 浪漫主义、现实主义与民族文学体系,区域扩展阅读,T3 19世纪现代文学体系,R4 欧洲文学,M2 19世纪文学思潮,G3 小说,QT5 冒险与探索叙事
The Brave Cowboy.md,R5,△,北美文学综合—具体内部传统待读后校准,provisional_region,T6 当代全球文学 · 多元身份、数字媒介与全球传播,区域扩展阅读,T6 当代全球文学,R5 北美文学,M5 战后与当代美学范式,G3 小说,QT8 英雄、边疆与法外者文化传统 | QT8.5 西部 | QT8.7 侠盗
The Chant of Jimmie Blacksmith.md,R9,△,大洋洲与太平洋综合—具体内部传统待读后校准,provisional_region,T5 二战后多极文学 · 去殖民化、原住民复兴与太平洋意识,区域扩展阅读,T5 二战后多极文学,R9 大洋洲与太平洋,M5 战后与当代美学范式,G3 小说,QT8 英雄、边疆与法外者文化传统 | QT8.7 侠盗
The Cold Dish.md,R5,△,北美文学综合—具体内部传统待读后校准,provisional_region,T6 当代全球文学 · 多元身份、数字媒介与全球传播,区域扩展阅读,T6 当代全球文学,R5 北美文学,M5 战后与当代美学范式,G3 小说,QT8 英雄、边疆与法外者文化传统 | QT8.5 西部
The Collected Works of Billy the Kid.md,R5,△,北美文学综合—具体内部传统待读后校准,provisional_region,T5 二战后多极文学 · 战后反文化、族裔文学与媒介繁荣,区域扩展阅读,T5 二战后多极文学,R5 北美文学,M5 战后与当代美学范式,G3 小说,QT8 英雄、边疆与法外者文化传统 | QT8.7 侠盗
The Conjure-Man Dies.md,R5,△,北美文学综合—具体内部传统待读后校准,provisional_region,T4 全球现代主义时代 · 现代主义、哈莱姆复兴与类型扩张,区域扩展阅读,T4 全球现代主义时代,R5 北美文学,M3.1 现代主义 / Modernism,G3 小说,QH1 自我、存在与生命
The Conquest.md,R5,△,北美文学综合—具体内部传统待读后校准,provisional_region,T6 当代全球文学 · 多元身份、数字媒介与全球传播,区域扩展阅读,T6 当代全球文学,R5 北美文学,M5 战后与当代美学范式,G3 小说,QT8 英雄、边疆与法外者文化传统 | QT8.5 西部
The Crystal Cave.md,R4,△,欧洲文学综合—具体内部传统待读后校准,provisional_region,T5 二战后多极文学 · 战后重建、记忆政治与后现代转型,区域扩展阅读,T5 二战后多极文学,R4 欧洲文学,M5 战后与当代美学范式,G3 小说,QT8 英雄、边疆与法外者文化传统 | QT8.2 欧洲骑士
The Damnation Game.md,R4,△,欧洲文学综合—具体内部传统待读后校准,provisional_region,T6 当代全球文学 · 欧洲一体化、迁徙经验与当代重组,区域扩展阅读,T6 当代全球文学,R4 欧洲文学,M5 战后与当代美学范式,G3 小说,QT4 恐怖与哥特
The Day the Cowboys Quit.md,R5,△,北美文学综合—具体内部传统待读后校准,provisional_region,T6 当代全球文学 · 多元身份、数字媒介与全球传播,区域扩展阅读,T6 当代全球文学,R5 北美文学,M5 战后与当代美学范式,G3 小说,QT8 英雄、边疆与法外者文化传统 | QT8.5 西部
The Daybreakers.md,R5,△,北美文学综合—具体内部传统待读后校准,provisional_region,T5 二战后多极文学 · 战后反文化、族裔文学与媒介繁荣,区域扩展阅读,T5 二战后多极文学,R5 北美文学,M5 战后与当代美学范式,G3 小说,QT8 英雄、边疆与法外者文化传统 | QT8.5 西部
The Defence of Guenevere.md,R4,△,欧洲文学综合—具体内部传统待读后校准,provisional_region,T3 19世纪现代文学体系 · 浪漫主义、现实主义与民族文学体系,区域扩展阅读,T3 19世纪现代文学体系,R4 欧洲文学,M2 19世纪文学思潮,G3 小说,QT8 英雄、边疆与法外者文化传统 | QT8.2 欧洲骑士
The Eighth Circle.md,R5,△,北美文学综合—具体内部传统待读后校准,provisional_region,T5 二战后多极文学 · 战后反文化、族裔文学与媒介繁荣,区域扩展阅读,T5 二战后多极文学,R5 北美文学,M5 战后与当代美学范式,G3 小说,QH6 战争、暴力与创伤
The Elusive Pimpernel.md,R4,△,欧洲文学综合—具体内部传统待读后校准,provisional_region,T6 当代全球文学 · 欧洲一体化、迁徙经验与当代重组,区域扩展阅读,T6 当代全球文学,R4 欧洲文学,M5 战后与当代美学范式,G3 小说,QT8 英雄、边疆与法外者文化传统 | QT8.4 欧洲剑客
The Gathering.md,R4,△,欧洲文学综合—具体内部传统待读后校准,provisional_region,T6 当代全球文学 · 欧洲一体化、迁徙经验与当代重组,区域扩展阅读,T6 当代全球文学,R4 欧洲文学,M5 战后与当代美学范式,G3 小说,QH3 身份、身体与归属
The Gaucho Genre.md,R6,△,拉丁美洲与加勒比综合—具体内部传统待读后校准,provisional_region,T6 当代全球文学 · 后独裁记忆、迁徙与跨国文学重组,区域扩展阅读,T6 当代全球文学,R6 拉丁美洲与加勒比,M5 战后与当代美学范式,G3 小说,QT8 英雄、边疆与法外者文化传统 | QT8.6 Gaucho
The Girl Who Killed to Save.md,R7,△,非洲文学综合—具体内部传统待读后校准,provisional_region,T4 全球现代主义时代 · 反殖民意识、现代主义与民族表达,区域扩展阅读,T4 全球现代主义时代,R7 非洲文学,M3.1 现代主义 / Modernism,G2 戏剧,QH5 权力、制度与秩序
The Good House.md,R5,△,北美文学综合—具体内部传统待读后校准,provisional_region,T6 当代全球文学 · 多元身份、数字媒介与全球传播,区域扩展阅读,T6 当代全球文学,R5 北美文学,M5 战后与当代美学范式,G3 小说,QT4 恐怖与哥特
The Good Old Boys.md,R5,△,北美文学综合—具体内部传统待读后校准,provisional_region,T6 当代全球文学 · 多元身份、数字媒介与全球传播,区域扩展阅读,T6 当代全球文学,R5 北美文学,M5 战后与当代美学范式,G3 小说,QT8 英雄、边疆与法外者文化传统 | QT8.5 西部
The Hanging Tree.md,R5,△,北美文学综合—具体内部传统待读后校准,provisional_region,T6 当代全球文学 · 多元身份、数字媒介与全球传播,区域扩展阅读,T6 当代全球文学,R5 北美文学,M5 战后与当代美学范式,G3 小说,QT8 英雄、边疆与法外者文化传统 | QT8.5 西部
The Headless Horseman.md,R4,△,欧洲文学综合—具体内部传统待读后校准,provisional_region,T3 19世纪现代文学体系 · 浪漫主义、现实主义与民族文学体系,区域扩展阅读,T3 19世纪现代文学体系,R4 欧洲文学,M2 19世纪文学思潮,G3 小说,QT5 冒险与探索叙事
The Hollow Hills.md,R4,△,欧洲文学综合—具体内部传统待读后校准,provisional_region,T5 二战后多极文学 · 战后重建、记忆政治与后现代转型,区域扩展阅读,T5 二战后多极文学,R4 欧洲文学,M5 战后与当代美学范式,G3 小说,QT8 英雄、边疆与法外者文化传统 | QT8.2 欧洲骑士
The Homesteader.md,R5,△,北美文学综合—具体内部传统待读后校准,provisional_region,T6 当代全球文学 · 多元身份、数字媒介与全球传播,区域扩展阅读,T6 当代全球文学,R5 北美文学,M5 战后与当代美学范式,G3 小说,QT8 英雄、边疆与法外者文化传统 | QT8.5 西部
The House of the Wolf.md,R4,△,欧洲文学综合—具体内部传统待读后校准,provisional_region,T6 当代全球文学 · 欧洲一体化、迁徙经验与当代重组,区域扩展阅读,T6 当代全球文学,R4 欧洲文学,M5 战后与当代美学范式,G3 小说,QT8 英雄、边疆与法外者文化传统 | QT8.4 欧洲剑客
The Hummingbird's Daughter.md,R5,△,北美文学综合—具体内部传统待读后校准,provisional_region,T6 当代全球文学 · 多元身份、数字媒介与全球传播,区域扩展阅读,T6 当代全球文学,R5 北美文学,M5 战后与当代美学范式,G3 小说,QT8 英雄、边疆与法外者文化传统 | QT8.5 西部
The Imago Sequence.md,R5,△,北美文学综合—具体内部传统待读后校准,provisional_region,T6 当代全球文学 · 多元身份、数字媒介与全球传播,区域扩展阅读,T6 当代全球文学,R5 北美文学,M5 战后与当代美学范式,G3 小说,QT4 恐怖与哥特
The In Crowd.md,R4,△,欧洲文学综合—具体内部传统待读后校准,provisional_region,T6 当代全球文学 · 欧洲一体化、迁徙经验与当代重组,区域扩展阅读,T6 当代全球文学,R4 欧洲文学,M5 战后与当代美学范式,G3 小说,QH3 身份、身体与归属
The Jump-Off Creek.md,R5,△,北美文学综合—具体内部传统待读后校准,provisional_region,T6 当代全球文学 · 多元身份、数字媒介与全球传播,区域扩展阅读,T6 当代全球文学,R5 北美文学,M5 战后与当代美学范式,G3 小说,QT8 英雄、边疆与法外者文化传统 | QT8.5 西部
The Kiss Quotient.md,R5,△,北美文学综合—具体内部传统待读后校准,provisional_region,T6 当代全球文学 · 多元身份、数字媒介与全球传播,区域扩展阅读,T6 当代全球文学,R5 北美文学,M5 战后与当代美学范式,G3 小说,QH2.1 爱情与欲望
The Last Child.md,R5,△,北美文学综合—具体内部传统待读后校准,provisional_region,T6 当代全球文学 · 多元身份、数字媒介与全球传播,区域扩展阅读,T6 当代全球文学,R5 北美文学,M5 战后与当代美学范式,G3 小说,QH3 身份、身体与归属
The Last Enchantment.md,R4,△,欧洲文学综合—具体内部传统待读后校准,provisional_region,T5 二战后多极文学 · 战后重建、记忆政治与后现代转型,区域扩展阅读,T5 二战后多极文学,R4 欧洲文学,M5 战后与当代美学范式,G3 小说,QT8 英雄、边疆与法外者文化传统 | QT8.2 欧洲骑士
The Last Good Kiss.md,R5,△,北美文学综合—具体内部传统待读后校准,provisional_region,T6 当代全球文学 · 多元身份、数字媒介与全球传播,区域扩展阅读,T6 当代全球文学,R5 北美文学,M5 战后与当代美学范式,G3 小说,QT8 英雄、边疆与法外者文化传统 | QT8.5 西部
The Led-Horse Claim.md,R5,△,北美文学综合—具体内部传统待读后校准,provisional_region,T6 当代全球文学 · 多元身份、数字媒介与全球传播,区域扩展阅读,T6 当代全球文学,R5 北美文学,M5 战后与当代美学范式,G3 小说,QT8 英雄、边疆与法外者文化传统 | QT8.5 西部
The Life and Adventures of Nat Love.md,R5,△,北美文学综合—具体内部传统待读后校准,provisional_region,T6 当代全球文学 · 多元身份、数字媒介与全球传播,区域扩展阅读,T6 当代全球文学,R5 北美文学,M5 战后与当代美学范式,G3 小说,QT8 英雄、边疆与法外者文化传统 | QT8.5 西部
The Light of Western Stars.md,R5,△,北美文学综合—具体内部传统待读后校准,provisional_region,T4 全球现代主义时代 · 现代主义、哈莱姆复兴与类型扩张,区域扩展阅读,T4 全球现代主义时代,R5 北美文学,M3 现代主义与先锋派,G3 小说,QT8 英雄、边疆与法外者文化传统 | QT8.5 西部
The Lion of Damascus.md,R4,△,欧洲文学综合—具体内部传统待读后校准,provisional_region,T4 全球现代主义时代 · 战争危机、现代主义与先锋实验,区域扩展阅读,T4 全球现代主义时代,R4 欧洲文学,M3 现代主义与先锋派,G3 小说,QT8 英雄、边疆与法外者文化传统 | QT8.4 欧洲剑客
The Lone Star Ranger.md,R5,△,北美文学综合—具体内部传统待读后校准,provisional_region,T4 全球现代主义时代 · 现代主义、哈莱姆复兴与类型扩张,区域扩展阅读,T4 全球现代主义时代,R5 北美文学,M3 现代主义与先锋派,G3 小说,QT8 英雄、边疆与法外者文化传统 | QT8.5 西部
The Man Who Shot Liberty Valance.md,R5,△,北美文学综合—具体内部传统待读后校准,provisional_region,T6 当代全球文学 · 多元身份、数字媒介与全球传播,区域扩展阅读,T6 当代全球文学,R5 北美文学,M5 战后与当代美学范式,G3 小说,QT8 英雄、边疆与法外者文化传统 | QT8.5 西部
The Maracot Deep.md,R4,△,欧洲文学综合—具体内部传统待读后校准,provisional_region,T4 全球现代主义时代 · 战争危机、现代主义与先锋实验,区域扩展阅读,T4 全球现代主义时代,R4 欧洲文学,M2 19世纪文学思潮,G3 小说,QT5 冒险与探索叙事
The Matriarch.md,R9,◆,毛利文学传统,existing,T6 当代全球文学 · 生态危机、移民社会与跨太平洋传播,传统转型与区域扩展,T6 当代全球文学,R9 大洋洲与太平洋,M5 战后与当代美学范式,G3 小说,QH7 历史、记忆与时间
The Merry Adventures of Robin Hood.md,R5,△,北美文学综合—具体内部传统待读后校准,provisional_region,T3 19世纪现代文学体系 · 国家文学、奴隶制回应与大众出版,区域扩展阅读,T3 19世纪现代文学体系,R5 北美文学,M3 现代主义与先锋派,G3 小说,QT8 英雄、边疆与法外者文化传统 | QT8.7 侠盗
The Middle Passage.md,R6,△,拉丁美洲与加勒比综合—具体内部传统待读后校准,provisional_region,T5 二战后多极文学 · 革命经验、文学爆炸与独裁回应,区域扩展阅读,T5 二战后多极文学,R6 拉丁美洲与加勒比,M5 战后与当代美学范式,G6 纪实与文学非虚构,QT14 旅行与游记
The Modern Monk.md,R8,◆,缅甸文学传统,existing,T4 全球现代主义时代 · 民族主义、现代主义与反殖民写作,殖民回应与民族文学建构,T4 全球现代主义时代,R8 东南亚文学,M3 现代主义与先锋派,G3 小说,QH5 权力、制度与秩序
The New Negro.md,R5,△,北美文学综合—具体内部传统待读后校准,provisional_region,T4 全球现代主义时代 · 现代主义、哈莱姆复兴与类型扩张,区域扩展阅读,T4 全球现代主义时代,R5 北美文学,M3.1 现代主义 / Modernism,G4 散文与随笔,QH3 身份、身体与归属
The Night Watchman.md,R5,△,北美原住民文学传统,author_model,T6 当代全球文学 · 多元身份、数字媒介与全球传播,区域扩展阅读,T6 当代全球文学,R5 北美文学,M5 战后与当代美学范式,G3 小说,QT7 历史叙事
The Old Ways.md,R4,△,欧洲文学综合—具体内部传统待读后校准,provisional_region,T6 当代全球文学 · 欧洲一体化、迁徙经验与当代重组,区域扩展阅读,T6 当代全球文学,R4 欧洲文学,M5 战后与当代美学范式,G6 纪实与文学非虚构,QT14 旅行与游记
The Only Good Indians.md,R5,△,北美文学综合—具体内部传统待读后校准,provisional_region,T6 当代全球文学 · 多元身份、数字媒介与全球传播,区域扩展阅读,T6 当代全球文学,R5 北美文学,M5 战后与当代美学范式,G3 小说,QT4 恐怖与哥特
The Oregon Trail.md,R5,△,北美文学综合—具体内部传统待读后校准,provisional_region,T3 19世纪现代文学体系 · 国家文学、奴隶制回应与大众出版,区域扩展阅读,T3 19世纪现代文学体系,R5 北美文学,M2 19世纪文学思潮,G3 小说,QT8 英雄、边疆与法外者文化传统 | QT8.5 西部
The Pirate.md,R4,△,欧洲文学综合—具体内部传统待读后校准,provisional_region,T3 19世纪现代文学体系 · 浪漫主义、现实主义与民族文学体系,区域扩展阅读,T3 19世纪现代文学体系,R4 欧洲文学,M2 19世纪文学思潮,G3 小说,QT8 英雄、边疆与法外者文化传统 | QT8.8 海盗
The Principal Navigations.md,R4,△,欧洲文学综合—具体内部传统待读后校准,provisional_region,T2 早期现代文学 · 文艺复兴、宗教改革与印刷公共领域,区域扩展阅读,T2 早期现代文学,R4 欧洲文学,M1 早期现代思想与美学,G6 纪实与文学非虚构,QT14 旅行与游记
The Promise.md,R7,◆,南部非洲文学传统,existing,T6 当代全球文学 · 后殖民批判、城市经验与全球离散,传统转型与区域扩展,T6 当代全球文学,R7 非洲文学,M5 战后与当代美学范式,G3 小说,QH3 身份、身体与归属
The Purple Land.md,R6,△,拉丁美洲与加勒比综合—具体内部传统待读后校准,provisional_region,T6 当代全球文学 · 后独裁记忆、迁徙与跨国文学重组,区域扩展阅读,T6 当代全球文学,R6 拉丁美洲与加勒比,M5 战后与当代美学范式,G3 小说,QT8 英雄、边疆与法外者文化传统 | QT8.6 Gaucho
The Pyrates.md,R4,△,欧洲文学综合—具体内部传统待读后校准,provisional_region,T6 当代全球文学 · 欧洲一体化、迁徙经验与当代重组,区域扩展阅读,T6 当代全球文学,R4 欧洲文学,M5 战后与当代美学范式,G3 小说,QT8 英雄、边疆与法外者文化传统 | QT8.4 欧洲剑客
The Rainbow Trail.md,R5,△,北美文学综合—具体内部传统待读后校准,provisional_region,T4 全球现代主义时代 · 现代主义、哈莱姆复兴与类型扩张,区域扩展阅读,T4 全球现代主义时代,R5 北美文学,M3 现代主义与先锋派,G3 小说,QT8 英雄、边疆与法外者文化传统 | QT8.5 西部
The Reformatory.md,R5,△,北美文学综合—具体内部传统待读后校准,provisional_region,T6 当代全球文学 · 多元身份、数字媒介与全球传播,区域扩展阅读,T6 当代全球文学,R5 北美文学,M5 战后与当代美学范式,G3 小说,QT4 恐怖与哥特
The Return of the Soldier.md,R4,△,欧洲文学综合—具体内部传统待读后校准,provisional_region,T4 全球现代主义时代 · 战争危机、现代主义与先锋实验,区域扩展阅读,T4 全球现代主义时代,R4 欧洲文学,M3 现代主义与先锋派,G3 小说,QH6 战争、暴力与创伤
The Ritual.md,R4,△,欧洲文学综合—具体内部传统待读后校准,provisional_region,T6 当代全球文学 · 欧洲一体化、迁徙经验与当代重组,区域扩展阅读,T6 当代全球文学,R4 欧洲文学,M5 战后与当代美学范式,G3 小说,QT4 恐怖与哥特
The Road to Oxiana.md,R4,△,欧洲文学综合—具体内部传统待读后校准,provisional_region,T4 全球现代主义时代 · 战争危机、现代主义与先锋实验,区域扩展阅读,T4 全球现代主义时代,R4 欧洲文学,M3 现代主义与先锋派,G6 纪实与文学非虚构,QT14 旅行与游记
The Rover.md,R4,△,欧洲文学综合—具体内部传统待读后校准,provisional_region,T4 全球现代主义时代 · 战争危机、现代主义与先锋实验,区域扩展阅读,T4 全球现代主义时代,R4 欧洲文学,M3 现代主义与先锋派,G3 小说,QT8 英雄、边疆与法外者文化传统 | QT8.8 海盗
The Scar.md,R4,△,欧洲文学综合—具体内部传统待读后校准,provisional_region,T6 当代全球文学 · 欧洲一体化、迁徙经验与当代重组,区域扩展阅读,T6 当代全球文学,R4 欧洲文学,M5 战后与当代美学范式,G3 小说,QT8 英雄、边疆与法外者文化传统 | QT8.8 海盗
The Sea.md,R4,△,欧洲文学综合—具体内部传统待读后校准,provisional_region,T6 当代全球文学 · 欧洲一体化、迁徙经验与当代重组,区域扩展阅读,T6 当代全球文学,R4 欧洲文学,M5 战后与当代美学范式,G3 小说,QH3 身份、身体与归属
The Shootist.md,R5,△,北美文学综合—具体内部传统待读后校准,provisional_region,T5 二战后多极文学 · 战后反文化、族裔文学与媒介繁荣,区域扩展阅读,T5 二战后多极文学,R5 北美文学,M5 战后与当代美学范式,G3 小说,QT8 英雄、边疆与法外者文化传统 | QT8.5 西部 | QT8.8 海盗
The Sisters Brothers.md,R5,△,北美文学综合—具体内部传统待读后校准,provisional_region,T6 当代全球文学 · 多元身份、数字媒介与全球传播,区域扩展阅读,T6 当代全球文学,R5 北美文学,M5 战后与当代美学范式,G3 小说,QT8 英雄、边疆与法外者文化传统 | QT8.5 西部 | QT8.7 侠盗
The Six-Gun Tarot.md,R5,△,北美文学综合—具体内部传统待读后校准,provisional_region,T6 当代全球文学 · 多元身份、数字媒介与全球传播,区域扩展阅读,T6 当代全球文学,R5 北美文学,M5 战后与当代美学范式,G3 小说,QT8 英雄、边疆与法外者文化传统 | QT8.5 西部
The Songlines.md,R4,△,欧洲文学综合—具体内部传统待读后校准,provisional_region,T6 当代全球文学 · 欧洲一体化、迁徙经验与当代重组,区域扩展阅读,T6 当代全球文学,R4 欧洲文学,M5 战后与当代美学范式,G6 纪实与文学非虚构,QT14 旅行与游记
The Squatter and the Don.md,R5,△,北美文学综合—具体内部传统待读后校准,provisional_region,T3 19世纪现代文学体系 · 国家文学、奴隶制回应与大众出版,区域扩展阅读,T3 19世纪现代文学体系,R5 北美文学,M2 19世纪文学思潮,G3 小说,QT8 英雄、边疆与法外者文化传统 | QT8.5 西部
The Store.md,R5,△,北美文学综合—具体内部传统待读后校准,provisional_region,T4 全球现代主义时代 · 现代主义、哈莱姆复兴与类型扩张,区域扩展阅读,T4 全球现代主义时代,R5 北美文学,M3 现代主义与先锋派,G3 小说,QH1 自我、存在与生命
The Story of King Arthur and His Knights.md,R4,△,欧洲文学综合—具体内部传统待读后校准,provisional_region,T4 全球现代主义时代 · 战争危机、现代主义与先锋实验,区域扩展阅读,T4 全球现代主义时代,R4 欧洲文学,M3 现代主义与先锋派,G3 小说,QT8 英雄、边疆与法外者文化传统 | QT8.2 欧洲骑士
The Story of the Glittering Plain.md,R4,△,欧洲文学综合—具体内部传统待读后校准,provisional_region,T4 全球现代主义时代 · 战争危机、现代主义与先锋实验,区域扩展阅读,T4 全球现代主义时代,R4 欧洲文学,M2 19世纪文学思潮,G3 小说,QT8 英雄、边疆与法外者文化传统 | QT8.2 欧洲骑士
The Surrendered.md,R5,△,北美文学综合—具体内部传统待读后校准,provisional_region,T6 当代全球文学 · 多元身份、数字媒介与全球传播,殖民回应与民族文学建构,T6 当代全球文学,R5 北美文学,M5 战后与当代美学范式,G3 小说,QH6 战争、暴力与创伤
The Surrounded.md,R5,△,北美文学综合—具体内部传统待读后校准,provisional_region,T6 当代全球文学 · 多元身份、数字媒介与全球传播,区域扩展阅读,T6 当代全球文学,R5 北美文学,M5 战后与当代美学范式,G3 小说,QT8 英雄、边疆与法外者文化传统 | QT8.5 西部
The Suspect.md,R5,△,北美文学综合—具体内部传统待读后校准,provisional_region,T6 当代全球文学 · 多元身份、数字媒介与全球传播,区域扩展阅读,T6 当代全球文学,R5 北美文学,M5 战后与当代美学范式,G3 小说,QH3 身份、身体与归属
The Talisman.md,R4,△,欧洲文学综合—具体内部传统待读后校准,provisional_region,T3 19世纪现代文学体系 · 浪漫主义、现实主义与民族文学体系,区域扩展阅读,T3 19世纪现代文学体系,R4 欧洲文学,M2 19世纪文学思潮,G3 小说,QT8 英雄、边疆与法外者文化传统 | QT8.2 欧洲骑士
The Tavern Knight.md,R4,△,欧洲文学综合—具体内部传统待读后校准,provisional_region,T4 全球现代主义时代 · 战争危机、现代主义与先锋实验,区域扩展阅读,T4 全球现代主义时代,R4 欧洲文学,M3 现代主义与先锋派,G3 小说,QT8 英雄、边疆与法外者文化传统 | QT8.4 欧洲剑客
The Thousand Crimes of Ming Tsu.md,R5,△,北美文学综合—具体内部传统待读后校准,provisional_region,T6 当代全球文学 · 多元身份、数字媒介与全球传播,区域扩展阅读,T6 当代全球文学,R5 北美文学,M5 战后与当代美学范式,G3 小说,QT8 英雄、边疆与法外者文化传统 | QT8.5 西部 | QT8.7 侠盗
The Time It Never Rained.md,R5,△,北美文学综合—具体内部传统待读后校准,provisional_region,T6 当代全球文学 · 多元身份、数字媒介与全球传播,区域扩展阅读,T6 当代全球文学,R5 北美文学,M5 战后与当代美学范式,G3 小说,QT8 英雄、边疆与法外者文化传统 | QT8.5 西部
The Town.md,R5,△,北美文学综合—具体内部传统待读后校准,provisional_region,T5 二战后多极文学 · 战后反文化、族裔文学与媒介繁荣,区域扩展阅读,T5 二战后多极文学,R5 北美文学,M5 战后与当代美学范式,G3 小说,QH6 战争、暴力与创伤
The Underdogs ／ Los de abajo.md,R6,△,墨西哥—中美洲文学传统,author_model,T6 当代全球文学 · 后独裁记忆、迁徙与跨国文学重组,区域扩展阅读,T6 当代全球文学,R6 拉丁美洲与加勒比,M5 战后与当代美学范式,G3 小说,QT8 英雄、边疆与法外者文化传统 | QT8.7 侠盗
The Untamed.md,R5,△,北美文学综合—具体内部传统待读后校准,provisional_region,T6 当代全球文学 · 多元身份、数字媒介与全球传播,区域扩展阅读,T6 当代全球文学,R5 北美文学,M5 战后与当代美学范式,G3 小说,QT8 英雄、边疆与法外者文化传统 | QT8.5 西部
The Viscount Who Loved Me.md,R5,△,北美文学综合—具体内部传统待读后校准,provisional_region,T6 当代全球文学 · 多元身份、数字媒介与全球传播,区域扩展阅读,T6 当代全球文学,R5 北美文学,M5 战后与当代美学范式,G3 小说,QH2.1 爱情与欲望
The White Company.md,R4,△,欧洲文学综合—具体内部传统待读后校准,provisional_region,T4 全球现代主义时代 · 战争危机、现代主义与先锋实验,区域扩展阅读,T4 全球现代主义时代,R4 欧洲文学,M2 19世纪文学思潮,G3 小说,QT5 冒险与探索叙事
The Winter King.md,R4,△,欧洲文学综合—具体内部传统待读后校准,provisional_region,T6 当代全球文学 · 欧洲一体化、迁徙经验与当代重组,区域扩展阅读,T6 当代全球文学,R4 欧洲文学,M5 战后与当代美学范式,G3 小说,QT8 英雄、边疆与法外者文化传统 | QT8.2 欧洲骑士
The Wounded Sea.md,R9,◆,巴布亚新几内亚—美拉尼西亚文学传统,existing,T6 当代全球文学 · 生态危机、移民社会与跨太平洋传播,殖民回应与民族文学建构,T6 当代全球文学,R9 大洋洲与太平洋,M5 战后与当代美学范式,G3 小说,QH3 身份、身体与归属
The Wrecker.md,R4,△,欧洲文学综合—具体内部传统待读后校准,provisional_region,T4 全球现代主义时代 · 战争危机、现代主义与先锋实验,区域扩展阅读,T4 全球现代主义时代,R4 欧洲文学,M2 19世纪文学思潮,G3 小说,QT5 冒险与探索叙事
The Yellow Birds.md,R5,△,北美文学综合—具体内部传统待读后校准,provisional_region,T6 当代全球文学 · 多元身份、数字媒介与全球传播,区域扩展阅读,T6 当代全球文学,R5 北美文学,M5 战后与当代美学范式,G3 小说,QH6 战争、暴力与创伤
These Thousand Hills.md,R5,△,北美文学综合—具体内部传统待读后校准,provisional_region,T6 当代全球文学 · 多元身份、数字媒介与全球传播,区域扩展阅读,T6 当代全球文学,R5 北美文学,M5 战后与当代美学范式,G3 小说,QT8 英雄、边疆与法外者文化传统 | QT8.5 西部
This One Summer.md,R2,△,东亚文学综合—具体内部传统待读后校准,provisional_region,T6 当代全球文学 · 都市经验、媒介转型与跨国传播,区域扩展阅读,T6 当代全球文学,R2 东亚文学,M5 战后与当代美学范式,G3 小说,QH2.5 童年与成长
Those Across the River.md,R5,△,北美文学综合—具体内部传统待读后校准,provisional_region,T6 当代全球文学 · 多元身份、数字媒介与全球传播,区域扩展阅读,T6 当代全球文学,R5 北美文学,M5 战后与当代美学范式,G3 小说,QT4 恐怖与哥特
Tirant lo Blanc.md,R4,△,欧洲文学综合—具体内部传统待读后校准,provisional_region,T1 中古多中心文学世界 · 基督教、宫廷与俗语文学形成,区域扩展阅读,T1 中古多中心文学世界,R4 欧洲文学,,G3 小说,QT8 英雄、边疆与法外者文化传统 | QT8.2 欧洲骑士
Torto Arado.md,R6,△,拉丁美洲与加勒比综合—具体内部传统待读后校准,provisional_region,T6 当代全球文学 · 后独裁记忆、迁徙与跨国文学重组,区域扩展阅读,T6 当代全球文学,R6 拉丁美洲与加勒比,M5 战后与当代美学范式,G3 小说,QH5 权力、制度与秩序
Travels through France and Italy.md,R4,△,欧洲文学综合—具体内部传统待读后校准,provisional_region,T2 早期现代文学 · 文艺复兴、宗教改革与印刷公共领域,区域扩展阅读,T2 早期现代文学,R4 欧洲文学,M1 早期现代思想与美学,G6 纪实与文学非虚构,QT14 旅行与游记
Travels with a Donkey in the Cévennes.md,R4,△,欧洲文学综合—具体内部传统待读后校准,provisional_region,T3 19世纪现代文学体系 · 浪漫主义、现实主义与民族文学体系,区域扩展阅读,T3 19世纪现代文学体系,R4 欧洲文学,M2 19世纪文学思潮,G6 纪实与文学非虚构,QT14 旅行与游记
Tristan.md,R4,△,欧洲文学综合—具体内部传统待读后校准,provisional_region,T6 当代全球文学 · 欧洲一体化、迁徙经验与当代重组,区域扩展阅读,T6 当代全球文学,R4 欧洲文学,M5 战后与当代美学范式,G3 小说,QT8 英雄、边疆与法外者文化传统 | QT8.2 欧洲骑士
True History of the Kelly Gang.md,R9,◆,澳大利亚殖民—国家文学传统,existing,T6 当代全球文学 · 生态危机、移民社会与跨太平洋传播,殖民回应与民族文学建构,T6 当代全球文学,R9 大洋洲与太平洋,M5 战后与当代美学范式,G3 小说,QT8 英雄、边疆与法外者文化传统 | QT8.7 侠盗
Trust.md,R5,△,北美文学综合—具体内部传统待读后校准,provisional_region,T6 当代全球文学 · 多元身份、数字媒介与全球传播,区域扩展阅读,T6 当代全球文学,R5 北美文学,M5 战后与当代美学范式,G3 小说,QH3 身份、身体与归属
Un episodio en la vida del pintor viajero.md,R6,△,拉丁美洲与加勒比综合—具体内部传统待读后校准,provisional_region,T6 当代全球文学 · 后独裁记忆、迁徙与跨国文学重组,区域扩展阅读,T6 当代全球文学,R6 拉丁美洲与加勒比,M5 战后与当代美学范式,G3 小说,QT8 英雄、边疆与法外者文化传统 | QT8.6 Gaucho
Under the Feet of Jesus.md,R5,△,北美文学综合—具体内部传统待读后校准,provisional_region,T6 当代全球文学 · 多元身份、数字媒介与全球传播,区域扩展阅读,T6 当代全球文学,R5 北美文学,M5 战后与当代美学范式,G3 小说,QT8 英雄、边疆与法外者文化传统 | QT8.5 西部
Under the Red Robe.md,R4,△,欧洲文学综合—具体内部传统待读后校准,provisional_region,T6 当代全球文学 · 欧洲一体化、迁徙经验与当代重组,区域扩展阅读,T6 当代全球文学,R4 欧洲文学,M5 战后与当代美学范式,G3 小说,QT8 英雄、边疆与法外者文化传统 | QT8.4 欧洲剑客
V..md,R5,△,北美文学综合—具体内部传统待读后校准,provisional_region,T5 二战后多极文学 · 战后反文化、族裔文学与媒介繁荣,区域扩展阅读,T5 二战后多极文学,R5 北美文学,M5.1 战后思想与美学范式,G3 小说,QH1 自我、存在与生命
Vision in White.md,R5,△,北美文学综合—具体内部传统待读后校准,provisional_region,T6 当代全球文学 · 多元身份、数字媒介与全球传播,区域扩展阅读,T6 当代全球文学,R5 北美文学,M5 战后与当代美学范式,G3 小说,QH2.1 爱情与欲望
Walkaway.md,R5,△,北美文学综合—具体内部传统待读后校准,provisional_region,T6 当代全球文学 · 多元身份、数字媒介与全球传播,区域扩展阅读,T6 当代全球文学,R5 北美文学,M5 战后与当代美学范式,G3 小说,QT6 乌托邦、反乌托邦与社会想象
Warlock.md,R5,△,北美文学综合—具体内部传统待读后校准,provisional_region,T6 当代全球文学 · 多元身份、数字媒介与全球传播,区域扩展阅读,T6 当代全球文学,R5 北美文学,M5 战后与当代美学范式,G3 小说,QT8 英雄、边疆与法外者文化传统 | QT8.5 西部
Western Union.md,R5,△,北美文学综合—具体内部传统待读后校准,provisional_region,T4 全球现代主义时代 · 现代主义、哈莱姆复兴与类型扩张,区域扩展阅读,T4 全球现代主义时代,R5 北美文学,M3 现代主义与先锋派,G3 小说,QT8 英雄、边疆与法外者文化传统 | QT8.5 西部
While the Billy Boils.md,R9,★,澳大利亚殖民—国家文学传统,existing,T4 全球现代主义时代 · 战争经验、现代主义与区域认同,殖民回应与民族文学建构,T4 全球现代主义时代,R9 大洋洲与太平洋,M3 现代主义与先锋派,G3 小说,QH5 权力、制度与秩序
Wild Dogs Under My Skirt.md,R9,★,波利尼西亚文学传统,existing,T6 当代全球文学 · 生态危机、移民社会与跨太平洋传播,核心经典与传统确立,T6 当代全球文学,R9 大洋洲与太平洋,M5 战后与当代美学范式,G3 小说,QH3 身份、身体与归属
Willehalm.md,R4,△,欧洲文学综合—具体内部传统待读后校准,provisional_region,T1 中古多中心文学世界 · 基督教、宫廷与俗语文学形成,区域扩展阅读,T1 中古多中心文学世界,R4 欧洲文学,,G3 小说,QT8 英雄、边疆与法外者文化传统 | QT8.2 欧洲骑士
Winter and Night.md,R5,△,北美文学综合—具体内部传统待读后校准,provisional_region,T6 当代全球文学 · 多元身份、数字媒介与全球传播,区域扩展阅读,T6 当代全球文学,R5 北美文学,M5 战后与当代美学范式,G3 小说,QH3 身份、身体与归属
Winter in the Blood.md,R5,△,北美文学综合—具体内部传统待读后校准,provisional_region,T6 当代全球文学 · 多元身份、数字媒介与全球传播,区域扩展阅读,T6 当代全球文学,R5 北美文学,M5 战后与当代美学范式,G3 小说,QT8 英雄、边疆与法外者文化传统 | QT8.5 西部
X的悲剧.md,R5,△,北美文学综合—具体内部传统待读后校准,provisional_region,T4 全球现代主义时代 · 现代主义、哈莱姆复兴与类型扩张,区域扩展阅读,T4 全球现代主义时代,R5 北美文学,M3 现代主义与先锋派,G3 小说,QT1 推理与犯罪叙事
"Yolanda, the Black Corsair's Daughter.md",R4,△,欧洲文学综合—具体内部传统待读后校准,provisional_region,T4 全球现代主义时代 · 战争危机、现代主义与先锋实验,区域扩展阅读,T4 全球现代主义时代,R4 欧洲文学,M3 现代主义与先锋派,G3 小说,QT8 英雄、边疆与法外者文化传统 | QT8.8 海盗
"You, the Choice of My Parents.md",R9,◆,波利尼西亚文学传统,existing,T5 二战后多极文学 · 去殖民化、原住民复兴与太平洋意识,传统转型与区域扩展,T5 二战后多极文学,R9 大洋洲与太平洋,M5 战后与当代美学范式,G1 诗歌,QH5 权力、制度与秩序
"Yvain, the Knight of the Lion.md",R4,△,中世纪拉丁基督教与俗语奠基传统,author_model,T1 中古多中心文学世界 · 基督教、宫廷与俗语文学形成,区域扩展阅读,T1 中古多中心文学世界,R4 欧洲文学,,G3 小说,QT8 英雄、边疆与法外者文化传统 | QT8.2 欧洲骑士
Yvain.md,R4,△,中世纪拉丁基督教与俗语奠基传统,author_model,T1 中古多中心文学世界 · 基督教、宫廷与俗语文学形成,区域扩展阅读,T1 中古多中心文学世界,R4 欧洲文学,,G3 小说,QT8 英雄、边疆与法外者文化传统 | QT8.2 欧洲骑士
Y的悲剧.md,R5,△,北美文学综合—具体内部传统待读后校准,provisional_region,T4 全球现代主义时代 · 现代主义、哈莱姆复兴与类型扩张,区域扩展阅读,T4 全球现代主义时代,R5 北美文学,M3 现代主义与先锋派,G3 小说,QT1 推理与犯罪叙事
Zang Tumb Tuuum.md,R4,△,欧洲文学综合—具体内部传统待读后校准,provisional_region,T4 全球现代主义时代 · 战争危机、现代主义与先锋实验,区域扩展阅读,T4 全球现代主义时代,R4 欧洲文学,M3.2 先锋派,G1 诗歌,QH6 战争、暴力与创伤
ລູກຜູ້ຊາຍ.md,R8,◆,柬埔寨—老挝文学传统,existing,T6 当代全球文学 · 城市化、跨语写作与东南亚离散,文类形成与区域典范,T6 当代全球文学,R8 东南亚文学,M5 战后与当代美学范式,G3 小说,QH5 权力、制度与秩序
一个世纪儿的忏悔.md,R4,△,欧洲文学综合—具体内部传统待读后校准,provisional_region,T3 19世纪现代文学体系 · 浪漫主义、现实主义与民族文学体系,区域扩展阅读,T3 19世纪现代文学体系,R4 欧洲文学,M2 19世纪文学思潮 / 浪漫主义 | M2 19世纪文学思潮,G3 小说,QH4 社会、阶级与劳动
一个奴隶女孩生活中的事件.md,R5,◆,非裔美国文学传统,existing,T6 当代全球文学 · 多元身份、数字媒介与全球传播,传统转型与区域扩展,T6 当代全球文学,R5 北美文学,M5 战后与当代美学范式,G3 小说,QH3 身份、身体与归属
一个奴隶的自传.md,R6,★,西语加勒比文学传统,existing,T6 当代全球文学 · 后独裁记忆、迁徙与跨国文学重组,核心经典与传统确立,T6 当代全球文学,R6 拉丁美洲与加勒比,M5 战后与当代美学范式,G5 生命书写,QH5 权力、制度与秩序
一个背叛日本的日本人.md,R2,△,东亚文学综合—具体内部传统待读后校准,provisional_region,T5 二战后多极文学 · 战争革命、国家文学与社会重构,区域扩展阅读,T5 二战后多极文学,R2 东亚文学,M5 战后与当代美学范式,G3 小说,QT1 推理与犯罪叙事
一个逃亡黑奴的传记.md,R6,△,拉丁美洲与加勒比综合—具体内部传统待读后校准,provisional_region,T5 二战后多极文学 · 革命经验、文学爆炸与独裁回应,区域扩展阅读,T5 二战后多极文学,R6 拉丁美洲与加勒比,M5 战后与当代美学范式,G5 生命书写,QH6 战争、暴力与创伤
一个陌生女人的来信.md,R4,△,欧洲文学综合—具体内部传统待读后校准,provisional_region,T4 全球现代主义时代 · 战争危机、现代主义与先锋实验,区域扩展阅读,T4 全球现代主义时代,R4 欧洲文学,M2 19世纪文学思潮,G3 小说,QH1 自我、存在与生命 | QH2.1 爱情与欲望
一个青年艺术家的画像.md,R4,△,英国—爱尔兰文学传统,author_model,T4 全球现代主义时代 · 战争危机、现代主义与先锋实验,区域扩展阅读,T4 全球现代主义时代,R4 欧洲文学,M3.1 现代主义 / Modernism,G3 小说,QH2.5 童年与成长
一个风景画家的一生.md,R6,△,拉丁美洲与加勒比综合—具体内部传统待读后校准,provisional_region,T6 当代全球文学 · 后独裁记忆、迁徙与跨国文学重组,区域扩展阅读,T6 当代全球文学,R6 拉丁美洲与加勒比,M5 战后与当代美学范式,G3 小说,QH3 身份、身体与归属
一九八六年.md,R2,△,东亚文学综合—具体内部传统待读后校准,provisional_region,T6 当代全球文学 · 都市经验、媒介转型与跨国传播,区域扩展阅读,T6 当代全球文学,R2 东亚文学,M5 战后与当代美学范式,G3 小说,QH6 战争、暴力与创伤 | QH7 历史、记忆与时间
一亿五千万.md,R4,△,欧洲文学综合—具体内部传统待读后校准,provisional_region,T4 全球现代主义时代 · 战争危机、现代主义与先锋实验,区域扩展阅读,T4 全球现代主义时代,R4 欧洲文学,M3.2 先锋派,G3 小说,QH5 权力、制度与秩序
一位女士的画像.md,R5,◆,十九世纪—现代美国文学传统,existing,T3 19世纪现代文学体系 · 国家文学、奴隶制回应与大众出版,文类形成与区域典范,T3 19世纪现代文学体系,R5 北美文学,M2 19世纪文学思潮 | M2 19世纪文学思潮 / 现实主义,G3 小说,QH2.1 爱情与欲望
一剂毒药.md,R5,△,北美文学综合—具体内部传统待读后校准,provisional_region,T5 二战后多极文学 · 战后反文化、族裔文学与媒介繁荣,区域扩展阅读,T5 二战后多极文学,R5 北美文学,M5 战后与当代美学范式,G3 小说,QH6 战争、暴力与创伤
一千英亩.md,R5,△,北美文学综合—具体内部传统待读后校准,provisional_region,T6 当代全球文学 · 多元身份、数字媒介与全球传播,区域扩展阅读,T6 当代全球文学,R5 北美文学,M5 战后与当代美学范式,G3 小说,QH2.3 家庭与家族
一千零一夜.md,R1,△,阿拉伯文学传统,existing,T1 中古多中心文学世界 · 宗教经典、帝国网络与翻译传承,区域扩展阅读,T1 中古多中心文学世界,R1 西亚—地中海古老传统,,G3 小说,QT3 奇幻 | QT4 恐怖与哥特 | QT5 冒险与探索叙事
一句顶一万句.md,R2,△,东亚文学综合—具体内部传统待读后校准,provisional_region,T6 当代全球文学 · 都市经验、媒介转型与跨国传播,区域扩展阅读,T6 当代全球文学,R2 东亚文学,M5 战后与当代美学范式,G3 小说,QH2.3 家庭与家族 | QH4 社会、阶级与劳动
一家之死.md,R5,△,北美文学综合—具体内部传统待读后校准,provisional_region,T5 二战后多极文学 · 战后反文化、族裔文学与媒介繁荣,区域扩展阅读,T5 二战后多极文学,R5 北美文学,M5 战后与当代美学范式,G3 小说,QH6 战争、暴力与创伤
一无所有.md,R5,△,北美文学综合—具体内部传统待读后校准,provisional_region,T5 二战后多极文学 · 战后反文化、族裔文学与媒介繁荣,区域扩展阅读,T5 二战后多极文学,R5 北美文学,M5 战后与当代美学范式,G3 小说,QT2 科幻
一条非洲长河.md,R7,◆,中非—大湖区文学传统,existing,T6 当代全球文学 · 后殖民批判、城市经验与全球离散,殖民回应与民族文学建构,T6 当代全球文学,R7 非洲文学,M5 战后与当代美学范式,G3 小说,QH7 历史、记忆与时间 | QH3 身份、身体与归属
一桩事先张扬的凶杀案.md,R6,△,拉丁美洲与加勒比综合—具体内部传统待读后校准,provisional_region,T6 当代全球文学 · 后独裁记忆、迁徙与跨国文学重组,区域扩展阅读,T6 当代全球文学,R6 拉丁美洲与加勒比,M5 战后与当代美学范式,G3 小说,QH4 社会、阶级与劳动 | QH6 战争、暴力与创伤
一桩罪案的进展.md,R4,△,欧洲文学综合—具体内部传统待读后校准,provisional_region,T5 二战后多极文学 · 战后重建、记忆政治与后现代转型,区域扩展阅读,T5 二战后多极文学,R4 欧洲文学,M5 战后与当代美学范式,G3 小说,QH6 战争、暴力与创伤
一百个人的十年.md,R2,△,东亚文学综合—具体内部传统待读后校准,provisional_region,T6 当代全球文学 · 都市经验、媒介转型与跨国传播,区域扩展阅读,T6 当代全球文学,R2 东亚文学,M5 战后与当代美学范式,G6 纪实与文学非虚构,QH6 战争、暴力与创伤 | QH7 历史、记忆与时间
一粒麦种.md,R7,★,东非—斯瓦希里文学传统,existing,T5 二战后多极文学 · 独立、去殖民化与国家文学建构,殖民回应与民族文学建构,T5 二战后多极文学,R7 非洲文学,M5 战后与当代美学范式 | M4 集体文学运动与文化政治 | M5.2 权力、身份与世界批评,G3 小说,QT7 历史叙事 | QH6 战争、暴力与创伤
一腿跨过一腿.md,R1,◆,阿拉伯文学传统,existing,T3 19世纪现代文学体系 · 现代文类输入与民族文学转型,传统转型与区域扩展,T3 19世纪现代文学体系,R1 西亚—地中海古老传统,M2 19世纪文学思潮,G3 小说,QH4 社会、阶级与劳动
一间自己的房间.md,R4,△,英国—爱尔兰文学传统,author_model,T4 全球现代主义时代 · 战争危机、现代主义与先锋实验,区域扩展阅读,T4 全球现代主义时代,R4 欧洲文学,M3.1 现代主义 / Modernism | M5.2 权力、身份与世界批评,G4 散文与随笔,QH1 自我、存在与生命
七个疯子.md,R6,△,拉丁美洲与加勒比综合—具体内部传统待读后校准,provisional_region,T4 全球现代主义时代 · Modernismo、先锋派与本土现代性,区域扩展阅读,T4 全球现代主义时代,R6 拉丁美洲与加勒比,M3.1 现代主义 / Modernism,G3 小说,QH1 自我、存在与生命
七侠五义.md,R2,△,东亚文学综合—具体内部传统待读后校准,provisional_region,T3 19世纪现代文学体系 · 晚期传统、翻译输入与现代转折,区域扩展阅读,T3 19世纪现代文学体系,R2 东亚文学,M2 19世纪文学思潮,G3 小说,QT8 英雄、边疆与法外者文化传统 | QT8.1 武侠
七剑下天山.md,R2,△,东亚文学综合—具体内部传统待读后校准,provisional_region,T5 二战后多极文学 · 战争革命、国家文学与社会重构,区域扩展阅读,T5 二战后多极文学,R2 东亚文学,M5 战后与当代美学范式,G3 小说,QT8 英雄、边疆与法外者文化传统 | QT8.1 武侠
七回死去的男人.md,R2,△,东亚文学综合—具体内部传统待读后校准,provisional_region,T6 当代全球文学 · 都市经验、媒介转型与跨国传播,区域扩展阅读,T6 当代全球文学,R2 东亚文学,M5 战后与当代美学范式,G3 小说,QT1 推理与犯罪叙事
七夏娃.md,R5,△,北美文学综合—具体内部传统待读后校准,provisional_region,T6 当代全球文学 · 多元身份、数字媒介与全球传播,区域扩展阅读,T6 当代全球文学,R5 北美文学,M5 战后与当代美学范式,G3 小说,QT2 科幻
七夜雪.md,R2,△,东亚文学综合—具体内部传统待读后校准,provisional_region,T6 当代全球文学 · 都市经验、媒介转型与跨国传播,区域扩展阅读,T6 当代全球文学,R2 东亚文学,M5 战后与当代美学范式,G3 小说,QT8 英雄、边疆与法外者文化传统 | QT8.1 武侠
七日谈.md,R4,△,欧洲文学综合—具体内部传统待读后校准,provisional_region,T2 早期现代文学 · 文艺复兴、宗教改革与印刷公共领域,区域扩展阅读,T2 早期现代文学,R4 欧洲文学,M1 早期现代思想与美学,G3 小说,QH3 身份、身体与归属 | QH2.1 爱情与欲望
七月的人民.md,R7,△,非洲文学综合—具体内部传统待读后校准,provisional_region,T6 当代全球文学 · 后殖民批判、城市经验与全球离散,区域扩展阅读,T6 当代全球文学,R7 非洲文学,M5 战后与当代美学范式,G3 小说,QH3 身份、身体与归属
七杀碑.md,R2,△,东亚文学综合—具体内部传统待读后校准,provisional_region,T6 当代全球文学 · 都市经验、媒介转型与跨国传播,区域扩展阅读,T6 当代全球文学,R2 东亚文学,M5 战后与当代美学范式,G3 小说,QT8 英雄、边疆与法外者文化传统 | QT8.1 武侠
七杀简史.md,R6,◆,英语加勒比文学传统,existing,T6 当代全球文学 · 后独裁记忆、迁徙与跨国文学重组,离散迁徙与跨区域连接,T6 当代全球文学,R10.2 非洲离散文学 | R6 拉丁美洲与加勒比,M5 战后与当代美学范式,G3 小说,QH6 战争、暴力与创伤
七杀简史.md,R10,★,非洲离散文学传统,existing,T6 当代全球文学 · 全球迁徙、数字传播与跨语文学网络,离散迁徙与跨区域连接,T6 当代全球文学,R10.2 非洲离散文学 | R6 拉丁美洲与加勒比,M5 战后与当代美学范式,G3 小说,QH6 战争、暴力与创伤
七百咏.md,R3,◆,巴利—普拉克里特与佛教耆那文学传统,existing,T6 当代全球文学 · 全球南亚、英语写作与地方传统重组,文类形成与区域典范,T6 当代全球文学,R3 南亚文学,M5 战后与当代美学范式,G1 诗歌,QH5 权力、制度与秩序
七种武器.md,R2,△,东亚文学综合—具体内部传统待读后校准,provisional_region,T5 二战后多极文学 · 战争革命、国家文学与社会重构,区域扩展阅读,T5 二战后多极文学,R2 东亚文学,M5 战后与当代美学范式,G3 小说,QT8 英雄、边疆与法外者文化传统 | QT8.1 武侠
万叶集.md,R2,△,东亚文学综合—具体内部传统待读后校准,provisional_region,T1 中古多中心文学世界 · 宗教传播、宫廷文化与区域交流,区域扩展阅读,T1 中古多中心文学世界,R2 东亚文学,,G1 诗歌,QH8 信仰、伦理与超越
万延元年的足球队.md,R2,△,东亚文学综合—具体内部传统待读后校准,provisional_region,T5 二战后多极文学 · 战争革命、国家文学与社会重构,区域扩展阅读,T5 二战后多极文学,R2 东亚文学,M5 战后与当代美学范式,G3 小说,QH6 战争、暴力与创伤
万有引力之虹.md,R5,△,北美文学综合—具体内部传统待读后校准,provisional_region,T5 二战后多极文学 · 战后反文化、族裔文学与媒介繁荣,区域扩展阅读,T5 二战后多极文学,R5 北美文学,M5 战后与当代美学范式 | M5.1 战后思想与美学范式,G3 小说,QH6 战争、暴力与创伤
万火归一.md,R6,△,拉丁美洲与加勒比综合—具体内部传统待读后校准,provisional_region,T6 当代全球文学 · 后独裁记忆、迁徙与跨国文学重组,区域扩展阅读,T6 当代全球文学,R6 拉丁美洲与加勒比,M5 战后与当代美学范式,G3 小说,QH5 权力、制度与秩序
三个忧郁的老虎.md,R6,◆,西语加勒比文学传统,existing,T6 当代全球文学 · 后独裁记忆、迁徙与跨国文学重组,殖民回应与民族文学建构,T6 当代全球文学,R6 拉丁美洲与加勒比,M5 战后与当代美学范式,G3 小说,QH5 权力、制度与秩序
三个火枪手.md,R4,△,欧洲文学综合—具体内部传统待读后校准,provisional_region,T3 19世纪现代文学体系 · 浪漫主义、现实主义与民族文学体系,区域扩展阅读,T3 19世纪现代文学体系,R4 欧洲文学,M2 19世纪文学思潮,G3 小说,QT5 冒险与探索叙事 | QT7 历史叙事 | QT8 英雄、边疆与法外者文化传统 | QT8.2 欧洲骑士 | QT8.4 欧洲剑客
三个骗子.md,R5,△,北美文学综合—具体内部传统待读后校准,provisional_region,T4 全球现代主义时代 · 现代主义、哈莱姆复兴与类型扩张,区域扩展阅读,T4 全球现代主义时代,R5 北美文学,M5 战后与当代美学范式,G3 小说,QT4 恐怖与哥特
三体.md,R2,△,东亚文学综合—具体内部传统待读后校准,provisional_region,T6 当代全球文学 · 都市经验、媒介转型与跨国传播,区域扩展阅读,T6 当代全球文学,R2 东亚文学,M5 战后与当代美学范式,G3 小说,QT2 科幻
三侠五义.md,R2,△,东亚文学综合—具体内部传统待读后校准,provisional_region,T3 19世纪现代文学体系 · 晚期传统、翻译输入与现代转折,区域扩展阅读,T3 19世纪现代文学体系,R2 东亚文学,M2 19世纪文学思潮,G3 小说,QT8 英雄、边疆与法外者文化传统 | QT8.1 武侠 | QT8.7 侠盗
三匹蟹.md,R2,△,东亚文学综合—具体内部传统待读后校准,provisional_region,T5 二战后多极文学 · 战争革命、国家文学与社会重构,区域扩展阅读,T5 二战后多极文学,R2 东亚文学,M5 战后与当代美学范式,G3 小说,QH6 战争、暴力与创伤
三口棺材.md,R5,△,北美文学综合—具体内部传统待读后校准,provisional_region,T4 全球现代主义时代 · 现代主义、哈莱姆复兴与类型扩张,区域扩展阅读,T4 全球现代主义时代,R5 北美文学,M3 现代主义与先锋派,G3 小说,QT1 推理与犯罪叙事
三只忧伤的老虎.md,R6,△,拉丁美洲与加勒比综合—具体内部传统待读后校准,provisional_region,T5 二战后多极文学 · 革命经验、文学爆炸与独裁回应,区域扩展阅读,T5 二战后多极文学,R6 拉丁美洲与加勒比,M4 集体文学运动与文化政治,G3 小说,QH1 自我、存在与生命
三四郎.md,R2,△,东亚文学综合—具体内部传统待读后校准,provisional_region,T4 全球现代主义时代 · 殖民现代性、新文学与形式实验,区域扩展阅读,T4 全球现代主义时代,R2 东亚文学,M3 现代主义与先锋派,G3 小说,QH2.5 童年与成长
三国演义.md,R2,△,东亚文学综合—具体内部传统待读后校准,provisional_region,T2 早期现代文学 · 印刷扩展、通俗文类与文人传统成熟,区域扩展阅读,T2 早期现代文学,R2 东亚文学,M1 早期现代思想与美学,G3 小说,QT7 历史叙事 | QH5 权力、制度与秩序
三国遗事.md,R2,△,东亚文学综合—具体内部传统待读后校准,provisional_region,T1 中古多中心文学世界 · 宗教传播、宫廷文化与区域交流,区域扩展阅读,T1 中古多中心文学世界,R2 东亚文学,,G4 散文与随笔,QT9 神话、传说与民间叙事
三尖树时代.md,R4,△,欧洲文学综合—具体内部传统待读后校准,provisional_region,T5 二战后多极文学 · 战后重建、记忆政治与后现代转型,区域扩展阅读,T5 二战后多极文学,R4 欧洲文学,M5 战后与当代美学范式,G3 小说,QT2 科幻
三生三世十里桃花.md,R2,△,东亚文学综合—具体内部传统待读后校准,provisional_region,T6 当代全球文学 · 都市经验、媒介转型与跨国传播,文类形成与区域典范,T6 当代全球文学,R2 东亚文学,M5 战后与当代美学范式,G3 小说,QT3 奇幻 | QH2.1 爱情与欲望
三界经.md,R8,◆,泰国文学传统,existing,T6 当代全球文学 · 城市化、跨语写作与东南亚离散,传统转型与区域扩展,T6 当代全球文学,R8 东南亚文学,M5 战后与当代美学范式,G3 小说,QH8 信仰、伦理与超越
三种生活.md,R5,△,北美文学综合—具体内部传统待读后校准,provisional_region,T4 全球现代主义时代 · 现代主义、哈莱姆复兴与类型扩张,区域扩展阅读,T4 全球现代主义时代,R5 北美文学,M3.1 现代主义 / Modernism,G3 小说,QH1 自我、存在与生命
三里湾.md,R2,△,东亚文学综合—具体内部传统待读后校准,provisional_region,T5 二战后多极文学 · 战争革命、国家文学与社会重构,区域扩展阅读,T5 二战后多极文学,R2 东亚文学,M5 战后与当代美学范式,G3 小说,QH6 战争、暴力与创伤
三颗心与三头狮.md,R5,△,北美文学综合—具体内部传统待读后校准,provisional_region,T5 二战后多极文学 · 战后反文化、族裔文学与媒介繁荣,区域扩展阅读,T5 二战后多极文学,R5 北美文学,M5 战后与当代美学范式,G3 小说,QT3 奇幻
上尉的女儿.md,R4,△,欧洲文学综合—具体内部传统待读后校准,provisional_region,T3 19世纪现代文学体系 · 浪漫主义、现实主义与民族文学体系,源头与经典奠基,T3 19世纪现代文学体系,R4 欧洲文学,M2 19世纪文学思潮,G3 小说,QT7 历史叙事 | QT8 英雄、边疆与法外者文化传统 | QT8.4 欧洲剑客
上帝之城.md,R6,◆,巴西葡语文学传统,existing,T6 当代全球文学 · 后独裁记忆、迁徙与跨国文学重组,传统转型与区域扩展,T6 当代全球文学,R6 拉丁美洲与加勒比,M5 战后与当代美学范式,G3 小说,QH3 身份、身体与归属
上帝保佑这个傻瓜.md,R5,△,北美文学综合—具体内部传统待读后校准,provisional_region,T5 二战后多极文学 · 战后反文化、族裔文学与媒介繁荣,区域扩展阅读,T5 二战后多极文学,R5 北美文学,M5 战后与当代美学范式,G3 小说,QH6 战争、暴力与创伤
上帝的木片.md,R7,△,非洲文学综合—具体内部传统待读后校准,provisional_region,T5 二战后多极文学 · 独立、去殖民化与国家文学建构,区域扩展阅读,T5 二战后多极文学,R7 非洲文学,M5 战后与当代美学范式,G3 小说,QH5 权力、制度与秩序
上帝的长号.md,R5,△,北美文学综合—具体内部传统待读后校准,provisional_region,T4 全球现代主义时代 · 现代主义、哈莱姆复兴与类型扩张,区域扩展阅读,T4 全球现代主义时代,R5 北美文学,M4 集体文学运动与文化政治,G3 小说,QH8 信仰、伦理与超越
上海.md,R2,△,东亚文学综合—具体内部传统待读后校准,provisional_region,T4 全球现代主义时代 · 殖民现代性、新文学与形式实验,区域扩展阅读,T4 全球现代主义时代,R2 东亚文学,M3.1 现代主义 / Modernism,G3 小说,QH5 权力、制度与秩序
上课.md,R4,△,欧洲文学综合—具体内部传统待读后校准,provisional_region,T5 二战后多极文学 · 战后重建、记忆政治与后现代转型,区域扩展阅读,T5 二战后多极文学,R4 欧洲文学,M5.1 战后思想与美学范式,G3 小说,QH6 战争、暴力与创伤 | QH5 权力、制度与秩序
下方基地.md,R5,△,北美文学综合—具体内部传统待读后校准,provisional_region,T6 当代全球文学 · 多元身份、数字媒介与全球传播,区域扩展阅读,T6 当代全球文学,R5 北美文学,M5 战后与当代美学范式,G3 小说,QH3 身份、身体与归属
下面的人们.md,R6,★,墨西哥—中美洲文学传统,existing,T6 当代全球文学 · 后独裁记忆、迁徙与跨国文学重组,殖民回应与民族文学建构,T6 当代全球文学,R6 拉丁美洲与加勒比,M5 战后与当代美学范式,G3 小说,QH5 权力、制度与秩序
下颚骨.md,R6,△,拉丁美洲与加勒比综合—具体内部传统待读后校准,provisional_region,T6 当代全球文学 · 后独裁记忆、迁徙与跨国文学重组,区域扩展阅读,T6 当代全球文学,R6 拉丁美洲与加勒比,M5 战后与当代美学范式,G3 小说,QH5 权力、制度与秩序
不休止.md,R4,△,欧洲文学综合—具体内部传统待读后校准,provisional_region,T5 二战后多极文学 · 战后重建、记忆政治与后现代转型,区域扩展阅读,T5 二战后多极文学,R4 欧洲文学,M5 战后与当代美学范式,G3 小说,QT2 科幻
不会笑的数学家.md,R2,△,东亚文学综合—具体内部传统待读后校准,provisional_region,T6 当代全球文学 · 都市经验、媒介转型与跨国传播,区域扩展阅读,T6 当代全球文学,R2 东亚文学,M5 战后与当代美学范式,G3 小说,QT1 推理与犯罪叙事
不列颠诸王史.md,R4,△,欧洲文学综合—具体内部传统待读后校准,provisional_region,T6 当代全球文学 · 欧洲一体化、迁徙经验与当代重组,区域扩展阅读,T6 当代全球文学,R4 欧洲文学,M5 战后与当代美学范式,G3 小说,QT9 神话、传说与民间叙事 | QT8 英雄、边疆与法外者文化传统 | QT8.2 欧洲骑士
不可接触者.md,R3,★,南亚英语文学传统,existing,T4 全球现代主义时代 · 反殖民、现代主义与多语文学革新,殖民回应与民族文学建构,T4 全球现代主义时代,R3 南亚文学,M3.1 现代主义 / Modernism,G3 小说,QH5 权力、制度与秩序
不朽者.md,R5,△,北美文学综合—具体内部传统待读后校准,provisional_region,T5 二战后多极文学 · 战后反文化、族裔文学与媒介繁荣,区域扩展阅读,T5 二战后多极文学,R5 北美文学,M5 战后与当代美学范式,G3 小说,QH6 战争、暴力与创伤
与拉玛相会.md,R4,△,欧洲文学综合—具体内部传统待读后校准,provisional_region,T5 二战后多极文学 · 战后重建、记忆政治与后现代转型,区域扩展阅读,T5 二战后多极文学,R4 欧洲文学,M5 战后与当代美学范式,G3 小说,QT2 科幻
丑小鸭.md,R4,△,北欧文学传统,author_model,T3 19世纪现代文学体系 · 浪漫主义、现实主义与民族文学体系,区域扩展阅读,T3 19世纪现代文学体系,R4 欧洲文学,M2 19世纪文学思潮,G3 小说,QT3 奇幻
世事如烟.md,R2,△,东亚文学综合—具体内部传统待读后校准,provisional_region,T6 当代全球文学 · 都市经验、媒介转型与跨国传播,区域扩展阅读,T6 当代全球文学,R2 东亚文学,M5 战后与当代美学范式,G3 小说,QH1 自我、存在与生命
世俗的圣歌及其他诗篇.md,R6,△,拉丁美洲与加勒比综合—具体内部传统待读后校准,provisional_region,T3 19世纪现代文学体系 · 独立建国、浪漫主义与国家文学,区域扩展阅读,T3 19世纪现代文学体系,R6 拉丁美洲与加勒比,M2 19世纪文学思潮 / 拉美 Modernismo | M2 19世纪文学思潮,G3 小说,QH4 社会、阶级与劳动
世界大战.md,R4,△,欧洲文学综合—具体内部传统待读后校准,provisional_region,T4 全球现代主义时代 · 战争危机、现代主义与先锋实验,区域扩展阅读,T4 全球现代主义时代,R4 欧洲文学,M2 19世纪文学思潮,G3 小说,QT2 科幻
世界尽头的井.md,R4,△,欧洲文学综合—具体内部传统待读后校准,provisional_region,T4 全球现代主义时代 · 战争危机、现代主义与先锋实验,区域扩展阅读,T4 全球现代主义时代,R4 欧洲文学,M2 19世纪文学思潮,G3 小说,QT3 奇幻 | QT8 英雄、边疆与法外者文化传统 | QT8.2 欧洲骑士
世界尽头的征兆.md,R6,△,拉丁美洲与加勒比综合—具体内部传统待读后校准,provisional_region,T6 当代全球文学 · 后独裁记忆、迁徙与跨国文学重组,区域扩展阅读,T6 当代全球文学,R6 拉丁美洲与加勒比,M5 战后与当代美学范式,G3 小说,QH5 权力、制度与秩序
世界尽头的自杀者.md,R6,△,拉丁美洲与加勒比综合—具体内部传统待读后校准,provisional_region,T6 当代全球文学 · 后独裁记忆、迁徙与跨国文学重组,区域扩展阅读,T6 当代全球文学,R6 拉丁美洲与加勒比,M5 战后与当代美学范式,G3 小说,QH5 权力、制度与秩序
世界彼端的森林.md,R4,△,欧洲文学综合—具体内部传统待读后校准,provisional_region,T4 全球现代主义时代 · 战争危机、现代主义与先锋实验,区域扩展阅读,T4 全球现代主义时代,R4 欧洲文学,M2 19世纪文学思潮,G3 小说,QT3 奇幻 | QT8 英雄、边疆与法外者文化传统 | QT8.2 欧洲骑士
世界是宽广而陌生的.md,R6,◆,安第斯文学传统,existing,T6 当代全球文学 · 后独裁记忆、迁徙与跨国文学重组,传统转型与区域扩展,T6 当代全球文学,R6 拉丁美洲与加勒比,M5 战后与当代美学范式,G3 小说,QH5 权力、制度与秩序
世界的词是森林.md,R5,△,北美文学综合—具体内部传统待读后校准,provisional_region,T5 二战后多极文学 · 战后反文化、族裔文学与媒介繁荣,区域扩展阅读,T5 二战后多极文学,R5 北美文学,M5 战后与当代美学范式,G3 小说,QT2 科幻
世界的词语是森林.md,R5,△,北美文学综合—具体内部传统待读后校准,provisional_region,T6 当代全球文学 · 多元身份、数字媒介与全球传播,区域扩展阅读,T6 当代全球文学,R5 北美文学,M5.2 权力、身份与世界批评,G3 小说,QH6 战争、暴力与创伤 | QH3 身份、身体与归属
世说新语.md,R2,◆,中国文学传统,existing,T6 当代全球文学 · 都市经验、媒介转型与跨国传播,传统转型与区域扩展,T6 当代全球文学,R2 东亚文学,M5 战后与当代美学范式,G3 小说,QH5 权力、制度与秩序
丛林之书.md,R4,△,欧洲文学综合—具体内部传统待读后校准,provisional_region,T4 全球现代主义时代 · 战争危机、现代主义与先锋实验,区域扩展阅读,T4 全球现代主义时代,R4 欧洲文学,M3 现代主义与先锋派,G3 小说,QT5 冒险与探索叙事
东方.md,R2,△,东亚文学综合—具体内部传统待读后校准,provisional_region,T5 二战后多极文学 · 战争革命、国家文学与社会重构,区域扩展阅读,T5 二战后多极文学,R2 东亚文学,M5 战后与当代美学范式,G3 小说,QH5 权力、制度与秩序
东方快车谋杀案.md,R4,△,欧洲文学综合—具体内部传统待读后校准,provisional_region,T4 全球现代主义时代 · 战争危机、现代主义与先锋实验,区域扩展阅读,T4 全球现代主义时代,R4 欧洲文学,M3 现代主义与先锋派,G3 小说,QT1 推理与犯罪叙事
东藏记.md,R2,△,东亚文学综合—具体内部传统待读后校准,provisional_region,T6 当代全球文学 · 都市经验、媒介转型与跨国传播,区域扩展阅读,T6 当代全球文学,R2 东亚文学,M5 战后与当代美学范式,G3 小说,QH6 战争、暴力与创伤
两地书.md,R2,△,东亚文学综合—具体内部传统待读后校准,provisional_region,T4 全球现代主义时代 · 殖民现代性、新文学与形式实验,区域扩展阅读,T4 全球现代主义时代,R2 东亚文学,M3 现代主义与先锋派,G5 生命书写,QH2.1 爱情与欲望 | QH7 历史、记忆与时间
两扇门的房子不好守.md,R4,△,欧洲文学综合—具体内部传统待读后校准,provisional_region,T2 早期现代文学 · 文艺复兴、宗教改革与印刷公共领域,区域扩展阅读,T2 早期现代文学,R4 欧洲文学,M1 早期现代思想与美学,G3 小说,QT8 英雄、边疆与法外者文化传统 | QT8.4 欧洲剑客
严厉的月亮.md,R5,△,北美文学综合—具体内部传统待读后校准,provisional_region,T5 二战后多极文学 · 战后反文化、族裔文学与媒介繁荣,区域扩展阅读,T5 二战后多极文学,R5 北美文学,M5 战后与当代美学范式,G3 小说,QT2 科幻
严密监视的列车.md,R4,△,欧洲文学综合—具体内部传统待读后校准,provisional_region,T5 二战后多极文学 · 战后重建、记忆政治与后现代转型,区域扩展阅读,T5 二战后多极文学,R4 欧洲文学,M5 战后与当代美学范式,G3 小说,QH6 战争、暴力与创伤
丧钟为谁而鸣.md,R5,△,北美文学综合—具体内部传统待读后校准,provisional_region,T4 全球现代主义时代 · 现代主义、哈莱姆复兴与类型扩张,区域扩展阅读,T4 全球现代主义时代,R5 北美文学,M3 现代主义与先锋派,G3 小说,QH6 战争、暴力与创伤
个人的体验.md,R2,△,东亚文学综合—具体内部传统待读后校准,provisional_region,T5 二战后多极文学 · 战争革命、国家文学与社会重构,区域扩展阅读,T5 二战后多极文学,R2 东亚文学,M5 战后与当代美学范式,G3 小说,QH6 战争、暴力与创伤
中国神话传说.md,R2,△,东亚文学综合—具体内部传统待读后校准,provisional_region,T5 二战后多极文学 · 战争革命、国家文学与社会重构,源头与经典奠基,T5 二战后多极文学,R2 东亚文学,M5 战后与当代美学范式,G3 小说,QT9 神话、传说与民间叙事
中国神话史.md,R2,△,东亚文学综合—具体内部传统待读后校准,provisional_region,T6 当代全球文学 · 都市经验、媒介转型与跨国传播,源头与经典奠基,T6 当代全球文学,R2 东亚文学,M5 战后与当代美学范式,G3 小说,QT9 神话、传说与民间叙事
中性.md,R5,△,北美文学综合—具体内部传统待读后校准,provisional_region,T6 当代全球文学 · 多元身份、数字媒介与全球传播,区域扩展阅读,T6 当代全球文学,R5 北美文学,M5 战后与当代美学范式,G3 小说,QH2.3 家庭与家族
中转站.md,R5,△,北美文学综合—具体内部传统待读后校准,provisional_region,T5 二战后多极文学 · 战后反文化、族裔文学与媒介繁荣,区域扩展阅读,T5 二战后多极文学,R5 北美文学,M5 战后与当代美学范式,G3 小说,QT2 科幻
丰乳肥臀.md,R2,△,东亚文学综合—具体内部传统待读后校准,provisional_region,T6 当代全球文学 · 都市经验、媒介转型与跨国传播,区域扩展阅读,T6 当代全球文学,R2 东亚文学,M5 战后与当代美学范式,G3 小说,QH2.3 家庭与家族
丰饶之海.md,R2,△,东亚文学综合—具体内部传统待读后校准,provisional_region,T5 二战后多极文学 · 战争革命、国家文学与社会重构,区域扩展阅读,T5 二战后多极文学,R2 东亚文学,M5 战后与当代美学范式,G3 小说,QT8 英雄、边疆与法外者文化传统 | QT8.3 日本武士与剑豪
临界·爵迹.md,R2,△,东亚文学综合—具体内部传统待读后校准,provisional_region,T6 当代全球文学 · 都市经验、媒介转型与跨国传播,文类形成与区域典范,T6 当代全球文学,R2 东亚文学,M5 战后与当代美学范式,G3 小说,QT3 奇幻 | QH2.1 爱情与欲望
丹尼尔·德隆达.md,R4,△,欧洲文学综合—具体内部传统待读后校准,provisional_region,T3 19世纪现代文学体系 · 浪漫主义、现实主义与民族文学体系,区域扩展阅读,T3 19世纪现代文学体系,R4 欧洲文学,M2 19世纪文学思潮,G3 小说,QH2.3 家庭与家族
为了赖子.md,R2,△,东亚文学综合—具体内部传统待读后校准,provisional_region,T6 当代全球文学 · 都市经验、媒介转型与跨国传播,区域扩展阅读,T6 当代全球文学,R2 东亚文学,M5 战后与当代美学范式,G3 小说,QT1 推理与犯罪叙事
为兰卡斯击鼓.md,R6,△,拉丁美洲与加勒比综合—具体内部传统待读后校准,provisional_region,T6 当代全球文学 · 后独裁记忆、迁徙与跨国文学重组,区域扩展阅读,T6 当代全球文学,R6 拉丁美洲与加勒比,M5 战后与当代美学范式,G3 小说,QH5 权力、制度与秩序
为奴隶的母亲.md,R2,△,东亚文学综合—具体内部传统待读后校准,provisional_region,T4 全球现代主义时代 · 殖民现代性、新文学与形式实验,区域扩展阅读,T4 全球现代主义时代,R2 东亚文学,M4 集体文学运动与文化政治,G3 小说,QH3 身份、身体与归属 | QH4 社会、阶级与劳动
为母之道.md,R7,△,非洲文学综合—具体内部传统待读后校准,provisional_region,T5 二战后多极文学 · 独立、去殖民化与国家文学建构,区域扩展阅读,T5 二战后多极文学,R7 非洲文学,M5 战后与当代美学范式,G3 小说,QH5 权力、制度与秩序
主角.md,R2,△,东亚文学综合—具体内部传统待读后校准,provisional_region,T6 当代全球文学 · 都市经验、媒介转型与跨国传播,区域扩展阅读,T6 当代全球文学,R2 东亚文学,M5 战后与当代美学范式,G3 小说,QH6 战争、暴力与创伤
丽姬娅.md,R5,△,北美文学综合—具体内部传统待读后校准,provisional_region,T3 19世纪现代文学体系 · 国家文学、奴隶制回应与大众出版,区域扩展阅读,T3 19世纪现代文学体系,R5 北美文学,M2 19世纪文学思潮,G3 小说,QT4 恐怖与哥特
义经记.md,R2,△,朝鲜半岛文学传统,author_model,T6 当代全球文学 · 都市经验、媒介转型与跨国传播,区域扩展阅读,T6 当代全球文学,R2 东亚文学,M5 战后与当代美学范式,G3 小说,QT8 英雄、边疆与法外者文化传统 | QT8.3 日本武士与剑豪
乌哲鲁诗选.md,R9,★,澳大利亚原住民—托雷斯海峡文学传统,existing,T6 当代全球文学 · 生态危机、移民社会与跨太平洋传播,文类形成与区域典范,T6 当代全球文学,R9 大洋洲与太平洋,M5 战后与当代美学范式,G1 诗歌,QH5 权力、制度与秩序
乌多尔弗的秘密.md,R4,△,欧洲文学综合—具体内部传统待读后校准,provisional_region,T2 早期现代文学 · 文艺复兴、宗教改革与印刷公共领域,区域扩展阅读,T2 早期现代文学,R4 欧洲文学,M1 早期现代思想与美学,G3 小说,QT4 恐怖与哥特
乌姆拉奥·贾恩·阿达.md,R3,△,南亚文学综合—具体内部传统待读后校准,provisional_region,T4 全球现代主义时代 · 反殖民、现代主义与多语文学革新,区域扩展阅读,T4 全球现代主义时代,R3 南亚文学,M3 现代主义与先锋派,G3 小说,QH5 权力、制度与秩序
乌尔哀歌.md,R1,◆,两河文学传统,existing,T0 文学源头与古代文学 · 古代文字、史诗与经典传统形成,传统转型与区域扩展,T0 文学源头与古代文学,R1 西亚—地中海古老传统,,G3 小说,QH8 信仰、伦理与超越
乌托邦.md,R4,△,欧洲文学综合—具体内部传统待读后校准,provisional_region,T2 早期现代文学 · 文艺复兴、宗教改革与印刷公共领域,区域扩展阅读,T2 早期现代文学,R4 欧洲文学,M1 早期现代思想与美学,G3 小说,QT2 科幻 | QT6 乌托邦、反乌托邦与社会想象
乌有乡消息.md,R4,△,欧洲文学综合—具体内部传统待读后校准,provisional_region,T4 全球现代主义时代 · 战争危机、现代主义与先锋实验,区域扩展阅读,T4 全球现代主义时代,R4 欧洲文学,M2 19世纪文学思潮,G3 小说,QT2 科幻 | QT6 乌托邦、反乌托邦与社会想象
乌腾迪·瓦·坦布卡.md,R7,★,东非—斯瓦希里文学传统,existing,T6 当代全球文学 · 后殖民批判、城市经验与全球离散,核心经典与传统确立,T6 当代全球文学,R7 非洲文学,M5 战后与当代美学范式,G3 小说,QH5 权力、制度与秩序
乌贼骨.md,R4,△,欧洲文学综合—具体内部传统待读后校准,provisional_region,T4 全球现代主义时代 · 战争危机、现代主义与先锋实验,区域扩展阅读,T4 全球现代主义时代,R4 欧洲文学,M3.1 现代主义 / Modernism,G3 小说,QH1 自我、存在与生命
乐观者的女儿.md,R5,△,北美文学综合—具体内部传统待读后校准,provisional_region,T5 二战后多极文学 · 战后反文化、族裔文学与媒介繁荣,区域扩展阅读,T5 二战后多极文学,R5 北美文学,M5 战后与当代美学范式,G3 小说,QH6 战争、暴力与创伤
乔瓦尼的房间.md,R5,△,非裔美国文学传统,author_model,T5 二战后多极文学 · 战后反文化、族裔文学与媒介繁荣,区域扩展阅读,T5 二战后多极文学,R5 北美文学,M5 战后与当代美学范式 | M5.2 权力、身份与世界批评,G3 小说,QH2.1 爱情与欲望
乔纳森·斯特兰奇与诺雷尔先生.md,R4,△,欧洲文学综合—具体内部传统待读后校准,provisional_region,T6 当代全球文学 · 欧洲一体化、迁徙经验与当代重组,文类形成与区域典范,T6 当代全球文学,R4 欧洲文学,M5 战后与当代美学范式,G3 小说,QT3 奇幻
九三年.md,R4,△,欧洲文学综合—具体内部传统待读后校准,provisional_region,T3 19世纪现代文学体系 · 浪漫主义、现实主义与民族文学体系,区域扩展阅读,T3 19世纪现代文学体系,R4 欧洲文学,M2 19世纪文学思潮 | M2 19世纪文学思潮 / 浪漫主义,G3 小说,QT7 历史叙事
九云梦.md,R2,△,东亚文学综合—具体内部传统待读后校准,provisional_region,T2 早期现代文学 · 印刷扩展、通俗文类与文人传统成熟,区域扩展阅读,T2 早期现代文学,R2 东亚文学,M1 早期现代思想与美学,G3 小说,QH5 权力、制度与秩序
九命幻术师.md,R4,△,欧洲文学综合—具体内部传统待读后校准,provisional_region,T6 当代全球文学 · 欧洲一体化、迁徙经验与当代重组,源头与经典奠基,T6 当代全球文学,R4 欧洲文学,M5 战后与当代美学范式,G3 小说,QT3 奇幻
九尾怪猫.md,R5,△,北美文学综合—具体内部传统待读后校准,provisional_region,T5 二战后多极文学 · 战后反文化、族裔文学与媒介繁荣,区域扩展阅读,T5 二战后多极文学,R5 北美文学,M3 现代主义与先锋派,G3 小说,QT1 推理与犯罪叙事
九州·缥缈录.md,R2,△,东亚文学综合—具体内部传统待读后校准,provisional_region,T6 当代全球文学 · 都市经验、媒介转型与跨国传播,区域扩展阅读,T6 当代全球文学,R2 东亚文学,M5 战后与当代美学范式,G3 小说,QT3 奇幻
九曲丧钟.md,R4,△,欧洲文学综合—具体内部传统待读后校准,provisional_region,T4 全球现代主义时代 · 战争危机、现代主义与先锋实验,区域扩展阅读,T4 全球现代主义时代,R4 欧洲文学,M3 现代主义与先锋派,G3 小说,QT1 推理与犯罪叙事
九狐霸图.md,R5,△,北美文学综合—具体内部传统待读后校准,provisional_region,T6 当代全球文学 · 多元身份、数字媒介与全球传播,区域扩展阅读,T6 当代全球文学,R5 北美文学,M5 战后与当代美学范式,G3 小说,QT2 科幻
乞丐.md,R4,△,欧洲文学综合—具体内部传统待读后校准,provisional_region,T4 全球现代主义时代 · 战争危机、现代主义与先锋实验,区域扩展阅读,T4 全球现代主义时代,R4 欧洲文学,M3.2 先锋派,G2 戏剧,QH8 信仰、伦理与超越
乡村教师.md,R8,◆,泰国文学传统,existing,T5 二战后多极文学 · 独立战争、国家建构与政治创伤,传统转型与区域扩展,T5 二战后多极文学,R8 东南亚文学,M5 战后与当代美学范式,G3 小说,QH4 社会、阶级与劳动
书剑恩仇录.md,R2,△,东亚文学综合—具体内部传统待读后校准,provisional_region,T5 二战后多极文学 · 战争革命、国家文学与社会重构,区域扩展阅读,T5 二战后多极文学,R2 东亚文学,M5 战后与当代美学范式,G3 小说,QT8 英雄、边疆与法外者文化传统 | QT8.1 武侠
乾隆皇帝.md,R2,△,东亚文学综合—具体内部传统待读后校准,provisional_region,T6 当代全球文学 · 都市经验、媒介转型与跨国传播,区域扩展阅读,T6 当代全球文学,R2 东亚文学,M5 战后与当代美学范式,G3 小说,QT7 历史叙事
了不起的盖茨比.md,R5,★,十九世纪—现代美国文学传统,existing,T4 全球现代主义时代 · 现代主义、哈莱姆复兴与类型扩张,核心经典与传统确立,T4 全球现代主义时代,R5 北美文学,M3.1 现代主义 / Modernism,G3 小说,QH2.1 爱情与欲望 | QH4 社会、阶级与劳动
事先准备.md,R4,△,欧洲文学综合—具体内部传统待读后校准,provisional_region,T4 全球现代主义时代 · 战争危机、现代主义与先锋实验,区域扩展阅读,T4 全球现代主义时代,R4 欧洲文学,M3 现代主义与先锋派,G3 小说,QT1 推理与犯罪叙事
事实文学.md,R4,△,欧洲文学综合—具体内部传统待读后校准,provisional_region,T4 全球现代主义时代 · 战争危机、现代主义与先锋实验,区域扩展阅读,T4 全球现代主义时代,R4 欧洲文学,M3.2 先锋派,G6 纪实与文学非虚构,QH1 自我、存在与生命
二十年后.md,R4,△,欧洲文学综合—具体内部传统待读后校准,provisional_region,T3 19世纪现代文学体系 · 浪漫主义、现实主义与民族文学体系,区域扩展阅读,T3 19世纪现代文学体系,R4 欧洲文学,M2 19世纪文学思潮,G3 小说,QT7 历史叙事 | QT8 英雄、边疆与法外者文化传统 | QT8.2 欧洲骑士 | QT8.4 欧洲剑客 | QT8.8 海盗
二十首在电车上读的诗.md,R6,△,拉丁美洲与加勒比综合—具体内部传统待读后校准,provisional_region,T4 全球现代主义时代 · Modernismo、先锋派与本土现代性,区域扩展阅读,T4 全球现代主义时代,R6 拉丁美洲与加勒比,M3.2 先锋派,G1 诗歌,QH1 自我、存在与生命
二十首情诗和一支绝望的歌.md,R6,△,拉丁美洲与加勒比综合—具体内部传统待读后校准,provisional_region,T6 当代全球文学 · 后独裁记忆、迁徙与跨国文学重组,区域扩展阅读,T6 当代全球文学,R6 拉丁美洲与加勒比,M5 战后与当代美学范式,G3 小说,QH5 权力、制度与秩序
二十首情诗和一首绝望的歌.md,R6,★,南锥体—拉普拉塔文学传统,existing,T6 当代全球文学 · 后独裁记忆、迁徙与跨国文学重组,文类形成与区域典范,T6 当代全球文学,R6 拉丁美洲与加勒比,M5 战后与当代美学范式,G1 诗歌,QH5 权力、制度与秩序
二手时间.md,R4,△,欧洲文学综合—具体内部传统待读后校准,provisional_region,T6 当代全球文学 · 欧洲一体化、迁徙经验与当代重组,区域扩展阅读,T6 当代全球文学,R4 欧洲文学,M5 战后与当代美学范式,G6 纪实与文学非虚构,QH5 权力、制度与秩序 | QH7 历史、记忆与时间
二月.md,R2,△,东亚文学综合—具体内部传统待读后校准,provisional_region,T4 全球现代主义时代 · 殖民现代性、新文学与形式实验,区域扩展阅读,T4 全球现代主义时代,R2 东亚文学,M4 集体文学运动与文化政治,G3 小说,QH2.1 爱情与欲望 | QH4 社会、阶级与劳动
二钱铜币.md,R2,△,东亚文学综合—具体内部传统待读后校准,provisional_region,T4 全球现代主义时代 · 殖民现代性、新文学与形式实验,区域扩展阅读,T4 全球现代主义时代,R2 东亚文学,M3 现代主义与先锋派,G3 小说,QT1 推理与犯罪叙事
云使.md,R3,◆,梵语—吠陀与古典文学传统,existing,T0 文学源头与古代文学 · 吠陀、史诗与古典语言传统奠基,传统转型与区域扩展,T0 文学源头与古代文学,R3 南亚文学,,G1 诗歌,QH8 信仰、伦理与超越
云图.md,R4,△,欧洲文学综合—具体内部传统待读后校准,provisional_region,T6 当代全球文学 · 欧洲一体化、迁徙经验与当代重组,文类形成与区域典范,T6 当代全球文学,R4 欧洲文学,M5 战后与当代美学范式,G3 小说,QT2 科幻
云海玉弓缘.md,R2,△,东亚文学综合—具体内部传统待读后校准,provisional_region,T5 二战后多极文学 · 战争革命、国家文学与社会重构,区域扩展阅读,T5 二战后多极文学,R2 东亚文学,M5 战后与当代美学范式,G3 小说,QT8 英雄、边疆与法外者文化传统 | QT8.1 武侠
云街.md,R9,◆,澳大利亚殖民—国家文学传统,existing,T6 当代全球文学 · 生态危机、移民社会与跨太平洋传播,殖民回应与民族文学建构,T6 当代全球文学,R9 大洋洲与太平洋,M5 战后与当代美学范式,G3 小说,QH3 身份、身体与归属
云雀之歌.md,R5,△,北美文学综合—具体内部传统待读后校准,provisional_region,T4 全球现代主义时代 · 现代主义、哈莱姆复兴与类型扩张,区域扩展阅读,T4 全球现代主义时代,R5 北美文学,M3 现代主义与先锋派,G3 小说,QT8 英雄、边疆与法外者文化传统 | QT8.5 西部
云雀（科斯托拉尼）.md,R4,◆,中欧文学传统,existing,T6 当代全球文学 · 欧洲一体化、迁徙经验与当代重组,文类形成与区域典范,T6 当代全球文学,R4 欧洲文学,M5 战后与当代美学范式,G3 小说,QH5 权力、制度与秩序
五个十二月.md,R5,△,北美文学综合—具体内部传统待读后校准,provisional_region,T6 当代全球文学 · 多元身份、数字媒介与全球传播,区域扩展阅读,T6 当代全球文学,R5 北美文学,M5 战后与当代美学范式,G3 小说,QH3 身份、身体与归属
五个孩子和沙精.md,R4,△,欧洲文学综合—具体内部传统待读后校准,provisional_region,T4 全球现代主义时代 · 战争危机、现代主义与先锋实验,区域扩展阅读,T4 全球现代主义时代,R4 欧洲文学,M3 现代主义与先锋派,G3 小说,QT3 奇幻
五卷书.md,R3,◆,梵语—吠陀与古典文学传统,existing,T6 当代全球文学 · 全球南亚、英语写作与地方传统重组,传统转型与区域扩展,T6 当代全球文学,R3 南亚文学,M5 战后与当代美学范式,G3 小说,QH5 权力、制度与秩序
五只小猪.md,R4,△,欧洲文学综合—具体内部传统待读后校准,provisional_region,T4 全球现代主义时代 · 战争危机、现代主义与先锋实验,区域扩展阅读,T4 全球现代主义时代,R4 欧洲文学,M3 现代主义与先锋派,G3 小说,QT1 推理与犯罪叙事
五号屠场.md,R5,△,北美文学综合—具体内部传统待读后校准,provisional_region,T5 二战后多极文学 · 战后反文化、族裔文学与媒介繁荣,区域扩展阅读,T5 二战后多极文学,R5 北美文学,M5 战后与当代美学范式,G3 小说,QT2 科幻 | QH6 战争、暴力与创伤 | QH7 历史、记忆与时间
五轮书.md,R2,△,东亚文学综合—具体内部传统待读后校准,provisional_region,T6 当代全球文学 · 都市经验、媒介转型与跨国传播,区域扩展阅读,T6 当代全球文学,R2 东亚文学,M5 战后与当代美学范式,G3 小说,QT8 英雄、边疆与法外者文化传统 | QT8.3 日本武士与剑豪
亚当，你到过哪里？.md,R4,△,欧洲文学综合—具体内部传统待读后校准,provisional_region,T5 二战后多极文学 · 战后重建、记忆政治与后现代转型,区域扩展阅读,T5 二战后多极文学,R4 欧洲文学,M5 战后与当代美学范式,G3 小说,QH6 战争、暴力与创伤
亚瑟·戈登·皮姆历险记.md,R5,△,北美文学综合—具体内部传统待读后校准,provisional_region,T3 19世纪现代文学体系 · 国家文学、奴隶制回应与大众出版,区域扩展阅读,T3 19世纪现代文学体系,R5 北美文学,M2 19世纪文学思潮,G3 小说,QT5 冒险与探索叙事
亚瑟王之死.md,R4,△,欧洲文学综合—具体内部传统待读后校准,provisional_region,T6 当代全球文学 · 欧洲一体化、迁徙经验与当代重组,区域扩展阅读,T6 当代全球文学,R4 欧洲文学,M5 战后与当代美学范式,G3 小说,QT3 奇幻 | QT7 历史叙事 | QT9 神话、传说与民间叙事 | QT8 英雄、边疆与法外者文化传统 | QT8.2 欧洲骑士
亚瓦尔节.md,R6,△,拉丁美洲与加勒比综合—具体内部传统待读后校准,provisional_region,T6 当代全球文学 · 后独裁记忆、迁徙与跨国文学重组,区域扩展阅读,T6 当代全球文学,R6 拉丁美洲与加勒比,M5 战后与当代美学范式,G3 小说,QH5 权力、制度与秩序
交流的器皿.md,R4,△,欧洲文学综合—具体内部传统待读后校准,provisional_region,T4 全球现代主义时代 · 战争危机、现代主义与先锋实验,区域扩展阅读,T4 全球现代主义时代,R4 欧洲文学,M3.2 先锋派,G4 散文与随笔,QH1 自我、存在与生命
亲缘.md,R5,△,北美文学综合—具体内部传统待读后校准,provisional_region,T5 二战后多极文学 · 战后反文化、族裔文学与媒介繁荣,区域扩展阅读,T5 二战后多极文学,R5 北美文学,M5 战后与当代美学范式,G3 小说,QT2 科幻 | QH2.3 家庭与家族 | QT7 历史叙事
人世间.md,R2,△,东亚文学综合—具体内部传统待读后校准,provisional_region,T6 当代全球文学 · 都市经验、媒介转型与跨国传播,区域扩展阅读,T6 当代全球文学,R2 东亚文学,M5 战后与当代美学范式,G3 小说,QH6 战争、暴力与创伤
人世间（普拉姆迪亚）.md,R8,★,印尼—爪哇与群岛文学传统,existing,T6 当代全球文学 · 城市化、跨语写作与东南亚离散,殖民回应与民族文学建构,T6 当代全球文学,R8 东南亚文学,M5 战后与当代美学范式,G3 小说,QH3 身份、身体与归属
人加.md,R5,△,北美文学综合—具体内部传统待读后校准,provisional_region,T5 二战后多极文学 · 战后反文化、族裔文学与媒介繁荣,区域扩展阅读,T5 二战后多极文学,R5 北美文学,M5 战后与当代美学范式,G3 小说,QH6 战争、暴力与创伤
人口1280.md,R5,△,北美文学综合—具体内部传统待读后校准,provisional_region,T5 二战后多极文学 · 战后反文化、族裔文学与媒介繁荣,区域扩展阅读,T5 二战后多极文学,R5 北美文学,M5 战后与当代美学范式,G3 小说,QT1 推理与犯罪叙事
人子.md,R6,△,拉丁美洲与加勒比综合—具体内部传统待读后校准,provisional_region,T5 二战后多极文学 · 革命经验、文学爆炸与独裁回应,区域扩展阅读,T5 二战后多极文学,R6 拉丁美洲与加勒比,M5 战后与当代美学范式,G3 小说,QH5 权力、制度与秩序
人工呼吸.md,R6,△,拉丁美洲与加勒比综合—具体内部传统待读后校准,provisional_region,T6 当代全球文学 · 后独裁记忆、迁徙与跨国文学重组,区域扩展阅读,T6 当代全球文学,R6 拉丁美洲与加勒比,M5 战后与当代美学范式,G3 小说,QH5 权力、制度与秩序
人性的证明.md,R2,△,东亚文学综合—具体内部传统待读后校准,provisional_region,T5 二战后多极文学 · 战争革命、国家文学与社会重构,区域扩展阅读,T5 二战后多极文学,R2 东亚文学,M5 战后与当代美学范式,G3 小说,QT1 推理与犯罪叙事
人格转移杀人.md,R2,△,东亚文学综合—具体内部传统待读后校准,provisional_region,T6 当代全球文学 · 都市经验、媒介转型与跨国传播,区域扩展阅读,T6 当代全球文学,R2 东亚文学,M5 战后与当代美学范式,G3 小说,QT1 推理与犯罪叙事
人民公仆.md,R7,△,西非英语文学传统,author_model,T5 二战后多极文学 · 独立、去殖民化与国家文学建构,区域扩展阅读,T5 二战后多极文学,R7 非洲文学,M5 战后与当代美学范式 | M4 集体文学运动与文化政治,G3 小说,QH6 战争、暴力与创伤
人民的玫瑰.md,R6,△,拉丁美洲与加勒比综合—具体内部传统待读后校准,provisional_region,T6 当代全球文学 · 后独裁记忆、迁徙与跨国文学重组,区域扩展阅读,T6 当代全球文学,R6 拉丁美洲与加勒比,M5 战后与当代美学范式,G3 小说,QH5 权力、制度与秩序
人民的部长.md,R7,◆,东非—斯瓦希里文学传统,existing,T6 当代全球文学 · 后殖民批判、城市经验与全球离散,文类形成与区域典范,T6 当代全球文学,R7 非洲文学,M5 战后与当代美学范式,G3 小说,QH5 权力、制度与秩序
人物志.md,R4,△,欧洲文学综合—具体内部传统待读后校准,provisional_region,T2 早期现代文学 · 文艺复兴、宗教改革与印刷公共领域,区域扩展阅读,T2 早期现代文学,R4 欧洲文学,M1 早期现代思想与美学,G3 小说,QH4 社会、阶级与劳动
人猿泰山.md,R5,△,北美文学综合—具体内部传统待读后校准,provisional_region,T4 全球现代主义时代 · 现代主义、哈莱姆复兴与类型扩张,区域扩展阅读,T4 全球现代主义时代,R5 北美文学,M3 现代主义与先锋派,G3 小说,QT5 冒险与探索叙事
人生如梦.md,R4,◆,伊比利亚文学传统,existing,T2 早期现代文学 · 文艺复兴、宗教改革与印刷公共领域,文类形成与区域典范,T2 早期现代文学,R4 欧洲文学,M1 早期现代思想与美学,G2 戏剧,QH1 自我、存在与生命
人生戏剧.md,R8,◆,泰国文学传统,existing,T4 全球现代主义时代 · 民族主义、现代主义与反殖民写作,文类形成与区域典范,T4 全球现代主义时代,R8 东南亚文学,M3 现代主义与先锋派,G2 戏剧,QH5 权力、制度与秩序
人生拼图版.md,R4,△,欧洲文学综合—具体内部传统待读后校准,provisional_region,T5 二战后多极文学 · 战后重建、记忆政治与后现代转型,区域扩展阅读,T5 二战后多极文学,R4 欧洲文学,M5 战后与当代美学范式 | M5.1 战后思想与美学范式,G3 小说,QH6 战争、暴力与创伤
人生海海.md,R2,△,东亚文学综合—具体内部传统待读后校准,provisional_region,T6 当代全球文学 · 都市经验、媒介转型与跨国传播,区域扩展阅读,T6 当代全球文学,R2 东亚文学,M5 战后与当代美学范式,G3 小说,QH2.3 家庭与家族 | QH2.5 童年与成长 | QH7 历史、记忆与时间
人的境况.md,R4,△,欧洲文学综合—具体内部传统待读后校准,provisional_region,T5 二战后多极文学 · 战后重建、记忆政治与后现代转型,区域扩展阅读,T5 二战后多极文学,R4 欧洲文学,M5.1 战后思想与美学范式,G3 小说,QH7 历史、记忆与时间 | QH1 自我、存在与生命
人类之子.md,R4,△,欧洲文学综合—具体内部传统待读后校准,provisional_region,T6 当代全球文学 · 欧洲一体化、迁徙经验与当代重组,区域扩展阅读,T6 当代全球文学,R4 欧洲文学,M5 战后与当代美学范式,G3 小说,QT6 乌托邦、反乌托邦与社会想象
人类材料.md,R6,△,拉丁美洲与加勒比综合—具体内部传统待读后校准,provisional_region,T6 当代全球文学 · 后独裁记忆、迁徙与跨国文学重组,区域扩展阅读,T6 当代全球文学,R6 拉丁美洲与加勒比,M5 战后与当代美学范式,G3 小说,QH5 权力、制度与秩序
人类的群星闪耀时.md,R4,△,欧洲文学综合—具体内部传统待读后校准,provisional_region,T4 全球现代主义时代 · 战争危机、现代主义与先锋实验,区域扩展阅读,T4 全球现代主义时代,R4 欧洲文学,M3 现代主义与先锋派,G6 纪实与文学非虚构,QH5 权力、制度与秩序 | QH7 历史、记忆与时间
人类的诗.md,R6,△,安第斯文学传统,author_model,T6 当代全球文学 · 后独裁记忆、迁徙与跨国文学重组,区域扩展阅读,T6 当代全球文学,R6 拉丁美洲与加勒比,M5 战后与当代美学范式,G3 小说,QH5 权力、制度与秩序
人类的黄昏.md,R4,△,欧洲文学综合—具体内部传统待读后校准,provisional_region,T4 全球现代主义时代 · 战争危机、现代主义与先锋实验,区域扩展阅读,T4 全球现代主义时代,R4 欧洲文学,M3.2 先锋派,G1 诗歌,QH6 战争、暴力与创伤
人都是要死的.md,R4,△,欧洲文学综合—具体内部传统待读后校准,provisional_region,T5 二战后多极文学 · 战后重建、记忆政治与后现代转型,区域扩展阅读,T5 二战后多极文学,R4 欧洲文学,M5.1 战后思想与美学范式,G3 小说,QH7 历史、记忆与时间 | QH1 自我、存在与生命
人间失格.md,R2,△,东亚文学综合—具体内部传统待读后校准,provisional_region,T5 二战后多极文学 · 战争革命、国家文学与社会重构,区域扩展阅读,T5 二战后多极文学,R2 东亚文学,M5 战后与当代美学范式,G3 小说,QH2.5 童年与成长
人间椅子.md,R2,△,东亚文学综合—具体内部传统待读后校准,provisional_region,T4 全球现代主义时代 · 殖民现代性、新文学与形式实验,区域扩展阅读,T4 全球现代主义时代,R2 东亚文学,M3 现代主义与先锋派,G3 小说,QT4 恐怖与哥特
人间王国.md,R6,△,拉丁美洲与加勒比综合—具体内部传统待读后校准,provisional_region,T5 二战后多极文学 · 革命经验、文学爆炸与独裁回应,区域扩展阅读,T5 二战后多极文学,R6 拉丁美洲与加勒比,M5 战后与当代美学范式 | M5.1 战后思想与美学范式,G3 小说,QT7 历史叙事
人间豹.md,R2,△,东亚文学综合—具体内部传统待读后校准,provisional_region,T4 全球现代主义时代 · 殖民现代性、新文学与形式实验,区域扩展阅读,T4 全球现代主义时代,R2 东亚文学,M3 现代主义与先锋派,G3 小说,QT4 恐怖与哥特
人面桃花.md,R2,△,东亚文学综合—具体内部传统待读后校准,provisional_region,T6 当代全球文学 · 都市经验、媒介转型与跨国传播,区域扩展阅读,T6 当代全球文学,R2 东亚文学,M5 战后与当代美学范式,G3 小说,QT7 历史叙事
人鼠之间.md,R5,△,十九世纪—现代美国文学传统,author_model,T4 全球现代主义时代 · 现代主义、哈莱姆复兴与类型扩张,区域扩展阅读,T4 全球现代主义时代,R5 北美文学,M2 19世纪文学思潮,G3 小说,QH1 自我、存在与生命 | QH2.5 童年与成长 | QH4 社会、阶级与劳动
什么是什么.md,R10,◆,流亡—难民—无国籍文学传统,existing,T6 当代全球文学 · 全球迁徙、数字传播与跨语文学网络,离散迁徙与跨区域连接,T6 当代全球文学,R10 跨区域文学传统,M5 战后与当代美学范式,G3 小说,QH3 身份、身体与归属
仁慈之人.md,R4,△,欧洲文学综合—具体内部传统待读后校准,provisional_region,T6 当代全球文学 · 欧洲一体化、迁徙经验与当代重组,区域扩展阅读,T6 当代全球文学,R4 欧洲文学,M5 战后与当代美学范式,G3 小说,QT1 推理与犯罪叙事
今天也没变成玩偶呢.md,R2,△,东亚文学综合—具体内部传统待读后校准,provisional_region,T6 当代全球文学 · 都市经验、媒介转型与跨国传播,文类形成与区域典范,T6 当代全球文学,R2 东亚文学,M5 战后与当代美学范式,G3 小说,QT3 奇幻 | QH2.1 爱情与欲望
今昔物语集.md,R2,△,朝鲜半岛文学传统,author_model,T1 中古多中心文学世界 · 宗教传播、宫廷文化与区域交流,区域扩展阅读,T1 中古多中心文学世界,R2 东亚文学,,G3 小说,QT9 神话、传说与民间叙事
从地球到月球.md,R4,△,欧洲文学综合—具体内部传统待读后校准,provisional_region,T3 19世纪现代文学体系 · 浪漫主义、现实主义与民族文学体系,区域扩展阅读,T3 19世纪现代文学体系,R4 欧洲文学,M2 19世纪文学思潮,G3 小说,QT2 科幻 | QT5 冒险与探索叙事
从早晨到午夜.md,R4,△,欧洲文学综合—具体内部传统待读后校准,provisional_region,T4 全球现代主义时代 · 战争危机、现代主义与先锋实验,区域扩展阅读,T4 全球现代主义时代,R4 欧洲文学,M3.2 先锋派,G2 戏剧,QH1 自我、存在与生命
从莫斯科到佩图什基.md,R4,△,欧洲文学综合—具体内部传统待读后校准,provisional_region,T5 二战后多极文学 · 战后重建、记忆政治与后现代转型,区域扩展阅读,T5 二战后多极文学,R4 欧洲文学,M5 战后与当代美学范式,G3 小说,QH6 战争、暴力与创伤
他人的脸.md,R2,△,东亚文学综合—具体内部传统待读后校准,provisional_region,T5 二战后多极文学 · 战争革命、国家文学与社会重构,区域扩展阅读,T5 二战后多极文学,R2 东亚文学,M5 战后与当代美学范式,G3 小说,QH6 战争、暴力与创伤
他人的血.md,R4,△,欧洲文学综合—具体内部传统待读后校准,provisional_region,T5 二战后多极文学 · 战后重建、记忆政治与后现代转型,区域扩展阅读,T5 二战后多极文学,R4 欧洲文学,M5.1 战后思想与美学范式,G3 小说,QH1 自我、存在与生命
他们宁可正确.md,R5,△,北美文学综合—具体内部传统待读后校准,provisional_region,T5 二战后多极文学 · 战后反文化、族裔文学与媒介繁荣,区域扩展阅读,T5 二战后多极文学,R5 北美文学,M5 战后与当代美学范式,G3 小说,QH6 战争、暴力与创伤
他们眼望上苍.md,R5,★,非裔美国文学传统,existing,T4 全球现代主义时代 · 现代主义、哈莱姆复兴与类型扩张,翻译与跨传统连接,T4 全球现代主义时代,R10.2 非洲离散文学 | R5 北美文学,M3.1 现代主义 / Modernism | M4 集体文学运动与文化政治,G3 小说,QH5 权力、制度与秩序
他们眼望上苍.md,R10,◆,非洲离散文学传统,existing,T4 全球现代主义时代 · 流亡、现代主义与国际文学网络,离散迁徙与跨区域连接,T4 全球现代主义时代,R10.2 非洲离散文学 | R5 北美文学,M3.1 现代主义 / Modernism | M4 集体文学运动与文化政治,G3 小说,QH5 权力、制度与秩序
他的家庭.md,R5,△,北美文学综合—具体内部传统待读后校准,provisional_region,T4 全球现代主义时代 · 现代主义、哈莱姆复兴与类型扩张,区域扩展阅读,T4 全球现代主义时代,R5 北美文学,M3 现代主义与先锋派,G3 小说,QH1 自我、存在与生命
仙后.md,R4,△,欧洲文学综合—具体内部传统待读后校准,provisional_region,T2 早期现代文学 · 文艺复兴、宗教改革与印刷公共领域,区域扩展阅读,T2 早期现代文学,R4 欧洲文学,M1 早期现代思想与美学,G3 小说,QH5 权力、制度与秩序
以诺一书.md,R1,△,希伯来—犹太文学传统,existing,T0 文学源头与古代文学 · 古代文字、史诗与经典传统形成,区域扩展阅读,T0 文学源头与古代文学,R1 西亚—地中海古老传统,,G3 小说,QT9 神话、传说与民间叙事
仪仗队.md,R5,△,北美文学综合—具体内部传统待读后校准,provisional_region,T5 二战后多极文学 · 战后反文化、族裔文学与媒介繁荣,区域扩展阅读,T5 二战后多极文学,R5 北美文学,M5 战后与当代美学范式,G3 小说,QH6 战争、暴力与创伤
仲夏夜之梦.md,R4,△,欧洲文学综合—具体内部传统待读后校准,provisional_region,T2 早期现代文学 · 文艺复兴、宗教改革与印刷公共领域,区域扩展阅读,T2 早期现代文学,R4 欧洲文学,M1 早期现代思想与美学,G3 小说,QH2.1 爱情与欲望
仿生人会梦见电子羊吗？.md,R5,△,北美文学综合—具体内部传统待读后校准,provisional_region,T5 二战后多极文学 · 战后反文化、族裔文学与媒介繁荣,区域扩展阅读,T5 二战后多极文学,R5 北美文学,M5 战后与当代美学范式,G3 小说,QT2 科幻 | QT6 乌托邦、反乌托邦与社会想象
伊万.md,R4,△,中世纪拉丁基督教与俗语奠基传统,author_model,T1 中古多中心文学世界 · 基督教、宫廷与俗语文学形成,区域扩展阅读,T1 中古多中心文学世界,R4 欧洲文学,,G3 小说,QT9 神话、传说与民间叙事
伊万·杰尼索维奇的一天.md,R4,◆,俄罗斯文学传统,existing,T6 当代全球文学 · 欧洲一体化、迁徙经验与当代重组,传统转型与区域扩展,T6 当代全球文学,R4 欧洲文学,M5 战后与当代美学范式,G3 小说,QH5 权力、制度与秩序
伊克巴尔诗选.md,R3,◆,波斯语—Hindavi—乌尔都文学传统,existing,T6 当代全球文学 · 全球南亚、英语写作与地方传统重组,传统转型与区域扩展,T6 当代全球文学,R3 南亚文学,M5 战后与当代美学范式,G1 诗歌,QH5 权力、制度与秩序
伊凡·伊里奇之死.md,R4,△,俄罗斯文学传统,author_model,T3 19世纪现代文学体系 · 浪漫主义、现实主义与民族文学体系,区域扩展阅读,T3 19世纪现代文学体系,R4 欧洲文学,M2 19世纪文学思潮,G3 小说,QH4 社会、阶级与劳动
伊凡·杰尼索维奇的一天.md,R4,△,欧洲文学综合—具体内部传统待读后校准,provisional_region,T5 二战后多极文学 · 战后重建、记忆政治与后现代转型,区域扩展阅读,T5 二战后多极文学,R4 欧洲文学,M5 战后与当代美学范式,G3 小说,QH6 战争、暴力与创伤
伊利亚特.md,R1,△,古希腊文学传统,existing,T0 文学源头与古代文学 · 古代文字、史诗与经典传统形成,文类形成与区域典范,T0 文学源头与古代文学,R1 西亚—地中海古老传统,,G3 小说,QT3 奇幻 | QT7 历史叙事 | QT9 神话、传说与民间叙事 | QH6 战争、暴力与创伤
伊南娜下降冥界.md,R1,△,两河文学传统,existing,T0 文学源头与古代文学 · 古代文字、史诗与经典传统形成,区域扩展阅读,T0 文学源头与古代文学,R1 西亚—地中海古老传统,,G3 小说,QT9 神话、传说与民间叙事
伊南娜与杜穆兹.md,R1,△,两河文学传统,existing,T0 文学源头与古代文学 · 古代文字、史诗与经典传统形成,区域扩展阅读,T0 文学源头与古代文学,R1 西亚—地中海古老传统,,G3 小说,QT9 神话、传说与民间叙事
伊戈尔远征记.md,R4,◆,俄罗斯文学传统,existing,T0 文学源头与古代文学 · 希腊罗马古典传统奠基,源头与经典奠基,T0 文学源头与古代文学,R4 欧洲文学,,G3 小说,QH6 战争、暴力与创伤
伊拉塞玛.md,R6,△,拉丁美洲与加勒比综合—具体内部传统待读后校准,provisional_region,T6 当代全球文学 · 后独裁记忆、迁徙与跨国文学重组,区域扩展阅读,T6 当代全球文学,R6 拉丁美洲与加勒比,M5 战后与当代美学范式,G3 小说,QH5 权力、制度与秩序
伊拉塞马.md,R6,◆,巴西葡语文学传统,existing,T6 当代全球文学 · 后独裁记忆、迁徙与跨国文学重组,殖民回应与民族文学建构,T6 当代全球文学,R6 拉丁美洲与加勒比,M5 战后与当代美学范式,G3 小说,QH5 权力、制度与秩序
伊斯梅利略.md,R6,△,拉丁美洲与加勒比综合—具体内部传统待读后校准,provisional_region,T3 19世纪现代文学体系 · 独立建国、浪漫主义与国家文学,区域扩展阅读,T3 19世纪现代文学体系,R6 拉丁美洲与加勒比,M2 19世纪文学思潮 / 拉美 Modernismo | M2 19世纪文学思潮,G3 小说,QH4 社会、阶级与劳动
伊本·白图泰游记.md,R1,△,阿拉伯文学传统,existing,T1 中古多中心文学世界 · 宗教经典、帝国网络与翻译传承,区域扩展阅读,T1 中古多中心文学世界,R1 西亚—地中海古老传统,,G4 散文与随笔 | G6 纪实与文学非虚构,QT14 旅行与游记
伊甸之东.md,R5,△,十九世纪—现代美国文学传统,author_model,T5 二战后多极文学 · 战后反文化、族裔文学与媒介繁荣,区域扩展阅读,T5 二战后多极文学,R5 北美文学,M3 现代主义与先锋派,G3 小说,QH2.3 家庭与家族
伊豆的舞女.md,R2,△,东亚文学综合—具体内部传统待读后校准,provisional_region,T4 全球现代主义时代 · 殖民现代性、新文学与形式实验,区域扩展阅读,T4 全球现代主义时代,R2 东亚文学,M3 现代主义与先锋派,G3 小说,QH2.1 爱情与欲望
休·赛尔温·毛伯利.md,R5,△,北美文学综合—具体内部传统待读后校准,provisional_region,T4 全球现代主义时代 · 现代主义、哈莱姆复兴与类型扩张,区域扩展阅读,T4 全球现代主义时代,R5 北美文学,M3.1 现代主义 / Modernism,G1 诗歌,QH1 自我、存在与生命
休战.md,R4,△,意大利文学传统,author_model,T5 二战后多极文学 · 战后重建、记忆政治与后现代转型,区域扩展阅读,T5 二战后多极文学,R4 欧洲文学,M5 战后与当代美学范式,G3 小说,QH6 战争、暴力与创伤
众王荣耀.md,R5,△,北美文学综合—具体内部传统待读后校准,provisional_region,T6 当代全球文学 · 多元身份、数字媒介与全球传播,区域扩展阅读,T6 当代全球文学,R5 北美文学,M5 战后与当代美学范式,G3 小说,QT9 神话、传说与民间叙事
伙计.md,R5,△,北美文学综合—具体内部传统待读后校准,provisional_region,T5 二战后多极文学 · 战后反文化、族裔文学与媒介繁荣,区域扩展阅读,T5 二战后多极文学,R5 北美文学,M5 战后与当代美学范式,G3 小说,QH6 战争、暴力与创伤
会饮篇.md,R1,△,古希腊文学传统,existing,T0 文学源头与古代文学 · 古代文字、史诗与经典传统形成,区域扩展阅读,T0 文学源头与古代文学,R1 西亚—地中海古老传统,,G3 小说,QH2.1 爱情与欲望
传奇与拿铁.md,R5,△,北美文学综合—具体内部传统待读后校准,provisional_region,T6 当代全球文学 · 多元身份、数字媒介与全球传播,区域扩展阅读,T6 当代全球文学,R5 北美文学,M5 战后与当代美学范式,G3 小说,QT3 奇幻
传奇漫录.md,R8,◆,越南汉喃—国语文学传统,existing,T6 当代全球文学 · 城市化、跨语写作与东南亚离散,传统转型与区域扩展,T6 当代全球文学,R8 东南亚文学,M5 战后与当代美学范式,G3 小说,QH5 权力、制度与秩序
传说（尼玛·尤希吉）.md,R1,◆,波斯—伊朗文学传统,existing,T4 全球现代主义时代 · 帝国危机、现代主义与语言革新,文类形成与区域典范,T4 全球现代主义时代,R1 西亚—地中海古老传统,M3 现代主义与先锋派,G3 小说,QH1 自我、存在与生命
伤痕.md,R4,△,欧洲文学综合—具体内部传统待读后校准,provisional_region,T6 当代全球文学 · 欧洲一体化、迁徙经验与当代重组,文类形成与区域典范,T6 当代全球文学,R4 欧洲文学,M5 战后与当代美学范式,G3 小说,QT3 奇幻
伪君子.md,R4,★,法语文学传统,existing,T2 早期现代文学 · 文艺复兴、宗教改革与印刷公共领域,核心经典与传统确立,T2 早期现代文学,R4 欧洲文学,M1 早期现代思想与美学,G2 戏剧,QH5 权力、制度与秩序
伪币制造者.md,R4,△,欧洲文学综合—具体内部传统待读后校准,provisional_region,T4 全球现代主义时代 · 战争危机、现代主义与先锋实验,区域扩展阅读,T4 全球现代主义时代,R4 欧洲文学,M3.1 现代主义 / Modernism,G3 小说,QH1 自我、存在与生命
伪装.md,R5,△,北美文学综合—具体内部传统待读后校准,provisional_region,T6 当代全球文学 · 多元身份、数字媒介与全球传播,区域扩展阅读,T6 当代全球文学,R5 北美文学,M5 战后与当代美学范式,G3 小说,QH3 身份、身体与归属
伯格的女儿.md,R7,★,南部非洲文学传统,existing,T6 当代全球文学 · 后殖民批判、城市经验与全球离散,核心经典与传统确立,T6 当代全球文学,R7 非洲文学,M5 战后与当代美学范式,G3 小说,QH3 身份、身体与归属 | QH4 社会、阶级与劳动
但以理书.md,R1,△,希伯来—犹太文学传统,existing,T0 文学源头与古代文学 · 古代文字、史诗与经典传统形成,区域扩展阅读,T0 文学源头与古代文学,R1 西亚—地中海古老传统,,G3 小说,QT9 神话、传说与民间叙事
低地.md,R10,◆,南亚离散文学传统,existing,T6 当代全球文学 · 全球迁徙、数字传播与跨语文学网络,离散迁徙与跨区域连接,T6 当代全球文学,R10 跨区域文学传统,M5 战后与当代美学范式,G3 小说,QH2.3 家庭与家族
体育馆之谜.md,R2,△,东亚文学综合—具体内部传统待读后校准,provisional_region,T6 当代全球文学 · 都市经验、媒介转型与跨国传播,区域扩展阅读,T6 当代全球文学,R2 东亚文学,M5 战后与当代美学范式,G3 小说,QT1 推理与犯罪叙事
何以笙箫默.md,R2,△,东亚文学综合—具体内部传统待读后校准,provisional_region,T6 当代全球文学 · 都市经验、媒介转型与跨国传播,区域扩展阅读,T6 当代全球文学,R2 东亚文学,M5 战后与当代美学范式,G3 小说,QH2.1 爱情与欲望
何塞·马蒂诗选.md,R6,◆,西语加勒比文学传统,existing,T6 当代全球文学 · 后独裁记忆、迁徙与跨国文学重组,殖民回应与民族文学建构,T6 当代全球文学,R6 拉丁美洲与加勒比,M5 战后与当代美学范式,G1 诗歌,QH5 权力、制度与秩序
佛罗伦萨手抄本.md,R6,△,拉丁美洲与加勒比综合—具体内部传统待读后校准,provisional_region,T6 当代全球文学 · 后独裁记忆、迁徙与跨国文学重组,区域扩展阅读,T6 当代全球文学,R6 拉丁美洲与加勒比,M5 战后与当代美学范式,G3 小说,QT9 神话、传说与民间叙事
你一生的故事.md,R5,△,北美文学综合—具体内部传统待读后校准,provisional_region,T6 当代全球文学 · 多元身份、数字媒介与全球传播,文类形成与区域典范,T6 当代全球文学,R5 北美文学,M5 战后与当代美学范式,G3 小说,QT2 科幻
你在高原.md,R2,△,东亚文学综合—具体内部传统待读后校准,provisional_region,T6 当代全球文学 · 都市经验、媒介转型与跨国传播,区域扩展阅读,T6 当代全球文学,R2 东亚文学,M5 战后与当代美学范式,G3 小说,QH6 战争、暴力与创伤
你往何处去.md,R4,◆,中欧文学传统,existing,T4 全球现代主义时代 · 战争危机、现代主义与先锋实验,文类形成与区域典范,T4 全球现代主义时代,R4 欧洲文学,M2 19世纪文学思潮,G3 小说,QT7 历史叙事
佩伽纳诸神.md,R4,△,欧洲文学综合—具体内部传统待读后校准,provisional_region,T4 全球现代主义时代 · 战争危机、现代主义与先锋实验,文类形成与区域典范,T4 全球现代主义时代,R4 欧洲文学,M3 现代主义与先锋派,G3 小说,QT3 奇幻
佩利亚斯与梅丽桑德.md,R4,△,欧洲文学综合—具体内部传统待读后校准,provisional_region,T3 19世纪现代文学体系 · 浪漫主义、现实主义与民族文学体系,区域扩展阅读,T3 19世纪现代文学体系,R4 欧洲文学,M2 19世纪文学思潮 / 象征主义 | M2 19世纪文学思潮,G3 小说,QH4 社会、阶级与劳动
佩尔西瓦尔.md,R4,△,中世纪拉丁基督教与俗语奠基传统,author_model,T1 中古多中心文学世界 · 基督教、宫廷与俗语文学形成,区域扩展阅读,T1 中古多中心文学世界,R4 欧洲文学,,G3 小说,QT9 神话、传说与民间叙事
佩德罗·巴拉莫.md,R6,★,墨西哥—中美洲文学传统,existing,T5 二战后多极文学 · 革命经验、文学爆炸与独裁回应,核心经典与传统确立,T5 二战后多极文学,R6 拉丁美洲与加勒比,M5 战后与当代美学范式 | M5.1 战后思想与美学范式,G3 小说,QH2.3 家庭与家族 | QH7 历史、记忆与时间
使命.md,R4,△,伊比利亚文学传统,author_model,T4 全球现代主义时代 · 战争危机、现代主义与先锋实验,区域扩展阅读,T4 全球现代主义时代,R4 欧洲文学,M3.1 现代主义 / Modernism,G1 诗歌,QH1 自我、存在与生命
使女的故事.md,R5,★,英语加拿大文学传统,existing,T6 当代全球文学 · 多元身份、数字媒介与全球传播,源头与经典奠基,T6 当代全球文学,R5 北美文学,M4 政治、民族与文化运动 | M5 战后与当代美学范式 | M5.2 权力、身份与世界批评,G3 小说,QT2 科幻 | QT6 乌托邦、反乌托邦与社会想象 | QH3.1 性别与身体 | QH5 权力、制度与秩序
侠客行.md,R2,△,东亚文学综合—具体内部传统待读后校准,provisional_region,T5 二战后多极文学 · 战争革命、国家文学与社会重构,区域扩展阅读,T5 二战后多极文学,R2 东亚文学,M5 战后与当代美学范式,G3 小说,QT8 英雄、边疆与法外者文化传统 | QT8.1 武侠
俄狄浦斯王.md,R1,△,古希腊文学传统,existing,T0 文学源头与古代文学 · 古代文字、史诗与经典传统形成,区域扩展阅读,T0 文学源头与古代文学,R1 西亚—地中海古老传统,,G3 小说,QT9 神话、传说与民间叙事
俄瑞斯忒亚.md,R4,△,欧洲文学综合—具体内部传统待读后校准,provisional_region,T0 文学源头与古代文学 · 希腊罗马古典传统奠基,区域扩展阅读,T0 文学源头与古代文学,R4 欧洲文学,,G2 戏剧,QH8 信仰、伦理与超越
俗世奇人.md,R2,△,东亚文学综合—具体内部传统待读后校准,provisional_region,T6 当代全球文学 · 都市经验、媒介转型与跨国传播,区域扩展阅读,T6 当代全球文学,R2 东亚文学,M5 战后与当代美学范式,G3 小说,QH4 社会、阶级与劳动
俗世的吟唱.md,R6,△,拉丁美洲与加勒比综合—具体内部传统待读后校准,provisional_region,T6 当代全球文学 · 后独裁记忆、迁徙与跨国文学重组,区域扩展阅读,T6 当代全球文学,R6 拉丁美洲与加勒比,M5 战后与当代美学范式,G3 小说,QH5 权力、制度与秩序
俗丽之夜.md,R4,△,欧洲文学综合—具体内部传统待读后校准,provisional_region,T4 全球现代主义时代 · 战争危机、现代主义与先锋实验,区域扩展阅读,T4 全球现代主义时代,R4 欧洲文学,M3 现代主义与先锋派,G3 小说,QT1 推理与犯罪叙事
俘虏记.md,R2,△,东亚文学综合—具体内部传统待读后校准,provisional_region,T5 二战后多极文学 · 战争革命、国家文学与社会重构,区域扩展阅读,T5 二战后多极文学,R2 东亚文学,M5 战后与当代美学范式,G3 小说,QH6 战争、暴力与创伤
保元物语.md,R2,△,朝鲜半岛文学传统,author_model,T6 当代全球文学 · 都市经验、媒介转型与跨国传播,区域扩展阅读,T6 当代全球文学,R2 东亚文学,M5 战后与当代美学范式,G3 小说,QT7 历史叙事 | QT8 英雄、边疆与法外者文化传统 | QT8.3 日本武士与剑豪
保尔和维吉妮.md,R4,△,欧洲文学综合—具体内部传统待读后校准,provisional_region,T2 早期现代文学 · 文艺复兴、宗教改革与印刷公共领域,区域扩展阅读,T2 早期现代文学,R4 欧洲文学,M1 早期现代思想与美学,G3 小说,QH3 身份、身体与归属 | QH8 信仰、伦理与超越
保罗·策兰诗选.md,R4,△,欧洲文学综合—具体内部传统待读后校准,provisional_region,T5 二战后多极文学 · 战后重建、记忆政治与后现代转型,区域扩展阅读,T5 二战后多极文学,R4 欧洲文学,M5 战后与当代美学范式,G1 诗歌,QH6 战争、暴力与创伤
信号员.md,R4,△,英国—爱尔兰文学传统,author_model,T3 19世纪现代文学体系 · 浪漫主义、现实主义与民族文学体系,区域扩展阅读,T3 19世纪现代文学体系,R4 欧洲文学,M2 19世纪文学思潮,G3 小说,QT4 恐怖与哥特
修桶人.md,R5,△,北美文学综合—具体内部传统待读后校准,provisional_region,T5 二战后多极文学 · 战后反文化、族裔文学与媒介繁荣,区域扩展阅读,T5 二战后多极文学,R5 北美文学,M5 战后与当代美学范式,G3 小说,QH6 战争、暴力与创伤
倒着的世界.md,R4,△,欧洲文学综合—具体内部传统待读后校准,provisional_region,T4 全球现代主义时代 · 战争危机、现代主义与先锋实验,区域扩展阅读,T4 全球现代主义时代,R4 欧洲文学,M3.2 先锋派,G3 小说,QH1 自我、存在与生命
倚天屠龙记.md,R2,△,东亚文学综合—具体内部传统待读后校准,provisional_region,T5 二战后多极文学 · 战争革命、国家文学与社会重构,区域扩展阅读,T5 二战后多极文学,R2 东亚文学,M5 战后与当代美学范式,G3 小说,QT8 英雄、边疆与法外者文化传统 | QT8.1 武侠
倾城之恋.md,R2,△,东亚文学综合—具体内部传统待读后校准,provisional_region,T4 全球现代主义时代 · 殖民现代性、新文学与形式实验,区域扩展阅读,T4 全球现代主义时代,R2 东亚文学,M3.1 现代主义 / Modernism,G3 小说,QH2.1 爱情与欲望
假名手本忠臣藏.md,R2,△,东亚文学综合—具体内部传统待读后校准,provisional_region,T6 当代全球文学 · 都市经验、媒介转型与跨国传播,区域扩展阅读,T6 当代全球文学,R2 东亚文学,M5 战后与当代美学范式,G3 小说,QT8 英雄、边疆与法外者文化传统 | QT8.3 日本武士与剑豪
假面的告白.md,R2,△,东亚文学综合—具体内部传统待读后校准,provisional_region,T5 二战后多极文学 · 战争革命、国家文学与社会重构,区域扩展阅读,T5 二战后多极文学,R2 东亚文学,M5 战后与当代美学范式,G3 小说,QH2.5 童年与成长
偌大.md,R5,△,北美文学综合—具体内部传统待读后校准,provisional_region,T4 全球现代主义时代 · 现代主义、哈莱姆复兴与类型扩张,区域扩展阅读,T4 全球现代主义时代,R5 北美文学,M3 现代主义与先锋派,G3 小说,QH1 自我、存在与生命
偷拳.md,R2,△,东亚文学综合—具体内部传统待读后校准,provisional_region,T6 当代全球文学 · 都市经验、媒介转型与跨国传播,区域扩展阅读,T6 当代全球文学,R2 东亚文学,M5 战后与当代美学范式,G3 小说,QT8 英雄、边疆与法外者文化传统 | QT8.1 武侠
傅科摆.md,R4,△,欧洲文学综合—具体内部传统待读后校准,provisional_region,T5 二战后多极文学 · 战后重建、记忆政治与后现代转型,区域扩展阅读,T5 二战后多极文学,R4 欧洲文学,M5.1 战后思想与美学范式,G3 小说,QH1 自我、存在与生命
傲慢与偏见.md,R4,★,英国—爱尔兰文学传统,existing,T3 19世纪现代文学体系 · 浪漫主义、现实主义与民族文学体系,文类形成与区域典范,T3 19世纪现代文学体系,R4 欧洲文学,M2 19世纪文学思潮,G3 小说,QH2.1 爱情与欲望 | QH2.3 家庭与家族 | QH4 社会、阶级与劳动
傻子出国记.md,R5,△,十九世纪—现代美国文学传统,author_model,T3 19世纪现代文学体系 · 国家文学、奴隶制回应与大众出版,区域扩展阅读,T3 19世纪现代文学体系,R5 北美文学,M2 19世纪文学思潮,G6 纪实与文学非虚构,QT14 旅行与游记
像少年啦飞驰.md,R2,△,东亚文学综合—具体内部传统待读后校准,provisional_region,T6 当代全球文学 · 都市经验、媒介转型与跨国传播,区域扩展阅读,T6 当代全球文学,R2 东亚文学,M5 战后与当代美学范式,G3 小说,QH2.3 家庭与家族 | QH2.5 童年与成长
儒林外史.md,R2,△,东亚文学综合—具体内部传统待读后校准,provisional_region,T2 早期现代文学 · 印刷扩展、通俗文类与文人传统成熟,区域扩展阅读,T2 早期现代文学,R2 东亚文学,M1 早期现代思想与美学,G3 小说,QH5 权力、制度与秩序
儿女英雄传.md,R2,△,东亚文学综合—具体内部传统待读后校准,provisional_region,T6 当代全球文学 · 都市经验、媒介转型与跨国传播,区域扩展阅读,T6 当代全球文学,R2 东亚文学,M5 战后与当代美学范式,G3 小说,QT8 英雄、边疆与法外者文化传统 | QT8.1 武侠
儿子.md,R4,△,欧洲文学综合—具体内部传统待读后校准,provisional_region,T4 全球现代主义时代 · 战争危机、现代主义与先锋实验,区域扩展阅读,T4 全球现代主义时代,R4 欧洲文学,M3.2 先锋派,G2 戏剧,QH1 自我、存在与生命
儿子与情人.md,R4,△,欧洲文学综合—具体内部传统待读后校准,provisional_region,T4 全球现代主义时代 · 战争危机、现代主义与先锋实验,区域扩展阅读,T4 全球现代主义时代,R4 欧洲文学,M3.1 现代主义 / Modernism,G3 小说,QH2.5 童年与成长
儿子们.md,R5,△,北美文学综合—具体内部传统待读后校准,provisional_region,T4 全球现代主义时代 · 现代主义、哈莱姆复兴与类型扩张,区域扩展阅读,T4 全球现代主义时代,R5 北美文学,M3 现代主义与先锋派,G3 小说,QH2.3 家庭与家族
儿子的大玩偶.md,R2,△,东亚文学综合—具体内部传统待读后校准,provisional_region,T5 二战后多极文学 · 战争革命、国家文学与社会重构,区域扩展阅读,T5 二战后多极文学,R2 东亚文学,M5 战后与当代美学范式,G3 小说,QH6 战争、暴力与创伤
元年春之祭.md,R2,△,东亚文学综合—具体内部传统待读后校准,provisional_region,T6 当代全球文学 · 都市经验、媒介转型与跨国传播,区域扩展阅读,T6 当代全球文学,R2 东亚文学,M5 战后与当代美学范式,G3 小说,QT1 推理与犯罪叙事
元素周期表.md,R4,△,意大利文学传统,author_model,T5 二战后多极文学 · 战后重建、记忆政治与后现代转型,区域扩展阅读,T5 二战后多极文学,R4 欧洲文学,M5 战后与当代美学范式,G5 生命书写 | G6 纪实与文学非虚构,QH6 战争、暴力与创伤 | QH7 历史、记忆与时间
兄弟.md,R2,△,东亚文学综合—具体内部传统待读后校准,provisional_region,T6 当代全球文学 · 都市经验、媒介转型与跨国传播,区域扩展阅读,T6 当代全球文学,R2 东亚文学,M5 战后与当代美学范式,G3 小说,QH2.3 家庭与家族 | QH4 社会、阶级与劳动 | QH7 历史、记忆与时间
先人祭.md,R4,△,中欧文学传统,author_model,T3 19世纪现代文学体系 · 浪漫主义、现实主义与民族文学体系,区域扩展阅读,T3 19世纪现代文学体系,R4 欧洲文学,M4 集体文学运动与文化政治,G3 小说,QH7 历史、记忆与时间
先知.md,R5,△,北美文学综合—具体内部传统待读后校准,provisional_region,T4 全球现代主义时代 · 现代主义、哈莱姆复兴与类型扩张,区域扩展阅读,T4 全球现代主义时代,R5 北美文学,M3 现代主义与先锋派,G4 散文与随笔,QH1 自我、存在与生命
先知之歌.md,R4,△,欧洲文学综合—具体内部传统待读后校准,provisional_region,T6 当代全球文学 · 欧洲一体化、迁徙经验与当代重组,区域扩展阅读,T6 当代全球文学,R4 欧洲文学,M5 战后与当代美学范式,G3 小说,QH3 身份、身体与归属
光明王.md,R5,△,北美文学综合—具体内部传统待读后校准,provisional_region,T5 二战后多极文学 · 战后反文化、族裔文学与媒介繁荣,区域扩展阅读,T5 二战后多极文学,R5 北美文学,M5 战后与当代美学范式,G3 小说,QT2 科幻
克拉丽莎.md,R4,△,欧洲文学综合—具体内部传统待读后校准,provisional_region,T2 早期现代文学 · 文艺复兴、宗教改革与印刷公共领域,区域扩展阅读,T2 早期现代文学,R4 欧洲文学,M1 早期现代思想与美学,G3 小说,QH2.1 爱情与欲望
克拉拉与太阳.md,R4,△,欧洲文学综合—具体内部传统待读后校准,provisional_region,T6 当代全球文学 · 欧洲一体化、迁徙经验与当代重组,文类形成与区域典范,T6 当代全球文学,R4 欧洲文学,M5 战后与当代美学范式,G3 小说,QT2 科幻
克拉普的最后一盘磁带.md,R4,△,欧洲文学综合—具体内部传统待读后校准,provisional_region,T5 二战后多极文学 · 战后重建、记忆政治与后现代转型,区域扩展阅读,T5 二战后多极文学,R4 欧洲文学,M5.1 战后思想与美学范式,G3 小说,QH7 历史、记忆与时间 | QH1 自我、存在与生命
克苏鲁的呼唤.md,R5,△,北美文学综合—具体内部传统待读后校准,provisional_region,T4 全球现代主义时代 · 现代主义、哈莱姆复兴与类型扩张,区域扩展阅读,T4 全球现代主义时代,R5 北美文学,M3 现代主义与先锋派,G3 小说,QT4 恐怖与哥特
克莱芙王妃.md,R4,△,欧洲文学综合—具体内部传统待读后校准,provisional_region,T2 早期现代文学 · 文艺复兴、宗教改革与印刷公共领域,区域扩展阅读,T2 早期现代文学,R4 欧洲文学,M1 早期现代思想与美学,G3 小说,QH2.5 童年与成长 | QT7 历史叙事
克里希纳普尔围城.md,R4,△,欧洲文学综合—具体内部传统待读后校准,provisional_region,T5 二战后多极文学 · 战后重建、记忆政治与后现代转型,区域扩展阅读,T5 二战后多极文学,R4 欧洲文学,M5 战后与当代美学范式,G3 小说,QH6 战争、暴力与创伤
克里斯丁·拉夫朗斯达特.md,R4,△,欧洲文学综合—具体内部传统待读后校准,provisional_region,T4 全球现代主义时代 · 战争危机、现代主义与先锋实验,区域扩展阅读,T4 全球现代主义时代,R4 欧洲文学,M3 现代主义与先锋派,G3 小说,QH1 自我、存在与生命
克里斯汀.md,R5,△,北美文学综合—具体内部传统待读后校准,provisional_region,T6 当代全球文学 · 多元身份、数字媒介与全球传播,区域扩展阅读,T6 当代全球文学,R5 北美文学,M5 战后与当代美学范式,G3 小说,QT4 恐怖与哥特
克里斯汀·拉夫兰斯女.md,R4,△,欧洲文学综合—具体内部传统待读后校准,provisional_region,T4 全球现代主义时代 · 战争危机、现代主义与先锋实验,区域扩展阅读,T4 全球现代主义时代,R4 欧洲文学,M3 现代主义与先锋派,G3 小说,QT7 历史叙事
兔子富了.md,R5,△,北美文学综合—具体内部传统待读后校准,provisional_region,T6 当代全球文学 · 多元身份、数字媒介与全球传播,区域扩展阅读,T6 当代全球文学,R5 北美文学,M5 战后与当代美学范式,G3 小说,QH3 身份、身体与归属
兔子歇了.md,R5,△,北美文学综合—具体内部传统待读后校准,provisional_region,T6 当代全球文学 · 多元身份、数字媒介与全球传播,区域扩展阅读,T6 当代全球文学,R5 北美文学,M5 战后与当代美学范式,G3 小说,QH3 身份、身体与归属
兔子证明栅栏.md,R9,★,澳大利亚原住民—托雷斯海峡文学传统,existing,T6 当代全球文学 · 生态危机、移民社会与跨太平洋传播,语言、书写与媒介转型,T6 当代全球文学,R9 大洋洲与太平洋,M5 战后与当代美学范式,G3 小说,QH5 权力、制度与秩序
全系统红.md,R5,△,北美文学综合—具体内部传统待读后校准,provisional_region,T6 当代全球文学 · 多元身份、数字媒介与全球传播,区域扩展阅读,T6 当代全球文学,R5 北美文学,M5 战后与当代美学范式,G3 小说,QT2 科幻
全部成为F.md,R2,△,东亚文学综合—具体内部传统待读后校准,provisional_region,T6 当代全球文学 · 都市经验、媒介转型与跨国传播,区域扩展阅读,T6 当代全球文学,R2 东亚文学,M5 战后与当代美学范式,G3 小说,QT1 推理与犯罪叙事
全面混乱.md,R2,△,东亚文学综合—具体内部传统待读后校准,provisional_region,T6 当代全球文学 · 都市经验、媒介转型与跨国传播,区域扩展阅读,T6 当代全球文学,R2 东亚文学,M5 战后与当代美学范式,G3 小说,QT1 推理与犯罪叙事
八墓村.md,R2,△,东亚文学综合—具体内部传统待读后校准,provisional_region,T5 二战后多极文学 · 战争革命、国家文学与社会重构,区域扩展阅读,T5 二战后多极文学,R2 东亚文学,M5 战后与当代美学范式,G3 小说,QT1 推理与犯罪叙事
公主与哥布林.md,R4,△,欧洲文学综合—具体内部传统待读后校准,provisional_region,T3 19世纪现代文学体系 · 浪漫主义、现实主义与民族文学体系,区域扩展阅读,T3 19世纪现代文学体系,R4 欧洲文学,M2 19世纪文学思潮,G3 小说,QT3 奇幻
公主新娘.md,R4,△,欧洲文学综合—具体内部传统待读后校准,provisional_region,T6 当代全球文学 · 欧洲一体化、迁徙经验与当代重组,区域扩展阅读,T6 当代全球文学,R4 欧洲文学,M5 战后与当代美学范式,G3 小说,QT8 英雄、边疆与法外者文化传统 | QT8.4 欧洲剑客
公民文斯.md,R5,△,北美文学综合—具体内部传统待读后校准,provisional_region,T6 当代全球文学 · 多元身份、数字媒介与全球传播,区域扩展阅读,T6 当代全球文学,R5 北美文学,M5 战后与当代美学范式,G3 小说,QH3 身份、身体与归属
公羊的节日.md,R6,△,安第斯文学传统,author_model,T6 当代全球文学 · 后独裁记忆、迁徙与跨国文学重组,区域扩展阅读,T6 当代全球文学,R6 拉丁美洲与加勒比,M5 战后与当代美学范式,G3 小说,QT7 历史叙事
六个寻找作者的剧中人.md,R4,◆,意大利文学传统,existing,T4 全球现代主义时代 · 战争危机、现代主义与先锋实验,文类形成与区域典范,T4 全球现代主义时代,R4 欧洲文学,M3.1 现代主义 / Modernism,G2 戏剧,QH1 自我、存在与生命
兰克玛之剑.md,R5,△,北美文学综合—具体内部传统待读后校准,provisional_region,T5 二战后多极文学 · 战后反文化、族裔文学与媒介繁荣,文类形成与区域典范,T5 二战后多极文学,R5 北美文学,M5 战后与当代美学范式,G3 小说,QT3 奇幻
兰斯洛特.md,R4,△,中世纪拉丁基督教与俗语奠基传统,author_model,T1 中古多中心文学世界 · 基督教、宫廷与俗语文学形成,区域扩展阅读,T1 中古多中心文学世界,R4 欧洲文学,,G3 小说,QT9 神话、传说与民间叙事
兰斯洛特：大车骑士.md,R4,△,中世纪拉丁基督教与俗语奠基传统,author_model,T1 中古多中心文学世界 · 基督教、宫廷与俗语文学形成,区域扩展阅读,T1 中古多中心文学世界,R4 欧洲文学,,G3 小说,QH2.1 爱情与欲望
关于女儿.md,R2,△,东亚文学综合—具体内部传统待读后校准,provisional_region,T6 当代全球文学 · 都市经验、媒介转型与跨国传播,区域扩展阅读,T6 当代全球文学,R2 东亚文学,M5 战后与当代美学范式,G3 小说,QH2.3 家庭与家族 | QH3.1 性别与身体
关于这个.md,R4,△,欧洲文学综合—具体内部传统待读后校准,provisional_region,T4 全球现代主义时代 · 战争危机、现代主义与先锋实验,区域扩展阅读,T4 全球现代主义时代,R4 欧洲文学,M3.2 先锋派,G3 小说,QH1 自我、存在与生命
关原.md,R2,△,东亚文学综合—具体内部传统待读后校准,provisional_region,T5 二战后多极文学 · 战争革命、国家文学与社会重构,区域扩展阅读,T5 二战后多极文学,R2 东亚文学,M5 战后与当代美学范式,G3 小说,QT8 英雄、边疆与法外者文化传统 | QT8.3 日本武士与剑豪
关系书.md,R6,△,拉丁美洲与加勒比综合—具体内部传统待读后校准,provisional_region,T6 当代全球文学 · 后独裁记忆、迁徙与跨国文学重组,区域扩展阅读,T6 当代全球文学,R6 拉丁美洲与加勒比,M5 战后与当代美学范式,G3 小说,QH5 权力、制度与秩序
兵法家传书.md,R2,△,东亚文学综合—具体内部传统待读后校准,provisional_region,T6 当代全球文学 · 都市经验、媒介转型与跨国传播,区域扩展阅读,T6 当代全球文学,R2 东亚文学,M5 战后与当代美学范式,G3 小说,QT8 英雄、边疆与法外者文化传统 | QT8.3 日本武士与剑豪
其主之声.md,R4,△,欧洲文学综合—具体内部传统待读后校准,provisional_region,T5 二战后多极文学 · 战后重建、记忆政治与后现代转型,区域扩展阅读,T5 二战后多极文学,R4 欧洲文学,M5 战后与当代美学范式,G3 小说,QT2 科幻
典仪.md,R5,△,北美原住民文学传统,author_model,T5 二战后多极文学 · 战后反文化、族裔文学与媒介繁荣,区域扩展阅读,T5 二战后多极文学,R5 北美文学,M5.2 权力、身份与世界批评,G3 小说,QH3 身份、身体与归属
内在脚手架.md,R6,△,拉丁美洲与加勒比综合—具体内部传统待读后校准,provisional_region,T4 全球现代主义时代 · Modernismo、先锋派与本土现代性,区域扩展阅读,T4 全球现代主义时代,R6 拉丁美洲与加勒比,M3.2 先锋派,G3 小说,QH1 自我、存在与生命
内塔尼亚胡一家.md,R5,△,北美文学综合—具体内部传统待读后校准,provisional_region,T6 当代全球文学 · 多元身份、数字媒介与全球传播,区域扩展阅读,T6 当代全球文学,R5 北美文学,M5 战后与当代美学范式,G3 小说,QH3 身份、身体与归属
内景唐人街.md,R5,◆,亚裔美国文学传统,existing,T6 当代全球文学 · 多元身份、数字媒介与全球传播,文类形成与区域典范,T6 当代全球文学,R5 北美文学,M5 战后与当代美学范式,G3 小说,QH5 权力、制度与秩序
内贾玛.md,R7,★,马格里布—北非多语文学传统,existing,T6 当代全球文学 · 后殖民批判、城市经验与全球离散,殖民回应与民族文学建构,T6 当代全球文学,R7 非洲文学,M5 战后与当代美学范式,G3 小说,QH3 身份、身体与归属
再见，冥王星.md,R2,△,东亚文学综合—具体内部传统待读后校准,provisional_region,T6 当代全球文学 · 都市经验、媒介转型与跨国传播,区域扩展阅读,T6 当代全球文学,R2 东亚文学,M5 战后与当代美学范式,G3 小说,QH2.1 爱情与欲望 | QH2.3 家庭与家族 | QH2.5 童年与成长
再见，吾爱.md,R5,△,北美文学综合—具体内部传统待读后校准,provisional_region,T4 全球现代主义时代 · 现代主义、哈莱姆复兴与类型扩张,区域扩展阅读,T4 全球现代主义时代,R5 北美文学,M3 现代主义与先锋派,G3 小说,QT1 推理与犯罪叙事
再见，哥伦布.md,R5,△,北美文学综合—具体内部传统待读后校准,provisional_region,T5 二战后多极文学 · 战后反文化、族裔文学与媒介繁荣,区域扩展阅读,T5 二战后多极文学,R5 北美文学,M5 战后与当代美学范式,G3 小说,QH6 战争、暴力与创伤
写在身体上.md,R4,△,欧洲文学综合—具体内部传统待读后校准,provisional_region,T6 当代全球文学 · 欧洲一体化、迁徙经验与当代重组,区域扩展阅读,T6 当代全球文学,R4 欧洲文学,M5 战后与当代美学范式,G3 小说,QH2.1 爱情与欲望
军队.md,R6,△,拉丁美洲与加勒比综合—具体内部传统待读后校准,provisional_region,T6 当代全球文学 · 后独裁记忆、迁徙与跨国文学重组,区域扩展阅读,T6 当代全球文学,R6 拉丁美洲与加勒比,M5 战后与当代美学范式,G3 小说,QH5 权力、制度与秩序
冬天里的春天.md,R2,△,东亚文学综合—具体内部传统待读后校准,provisional_region,T6 当代全球文学 · 都市经验、媒介转型与跨国传播,区域扩展阅读,T6 当代全球文学,R2 东亚文学,M5 战后与当代美学范式,G3 小说,QH6 战争、暴力与创伤
冬王.md,R4,△,欧洲文学综合—具体内部传统待读后校准,provisional_region,T6 当代全球文学 · 欧洲一体化、迁徙经验与当代重组,文类形成与区域典范,T6 当代全球文学,R4 欧洲文学,M5 战后与当代美学范式,G3 小说,QT3 奇幻
冰是睡着的水.md,R2,△,东亚文学综合—具体内部传统待读后校准,provisional_region,T6 当代全球文学 · 都市经验、媒介转型与跨国传播,区域扩展阅读,T6 当代全球文学,R2 东亚文学,M5 战后与当代美学范式,G3 小说,QH6 战争、暴力与创伤
冰菓.md,R2,△,东亚文学综合—具体内部传统待读后校准,provisional_region,T6 当代全球文学 · 都市经验、媒介转型与跨国传播,区域扩展阅读,T6 当代全球文学,R2 东亚文学,M5 战后与当代美学范式,G3 小说,QT1 推理与犯罪叙事
冰雨的风暴.md,R5,△,北美文学综合—具体内部传统待读后校准,provisional_region,T6 当代全球文学 · 多元身份、数字媒介与全球传播,源头与经典奠基,T6 当代全球文学,R5 北美文学,M5 战后与当代美学范式,G3 小说,QT3 奇幻
冰雪女王.md,R4,△,北欧文学传统,author_model,T3 19世纪现代文学体系 · 浪漫主义、现实主义与民族文学体系,区域扩展阅读,T3 19世纪现代文学体系,R4 欧洲文学,M2 19世纪文学思潮,G3 小说,QT3 奇幻
冲击波骑士.md,R4,△,欧洲文学综合—具体内部传统待读后校准,provisional_region,T5 二战后多极文学 · 战后重建、记忆政治与后现代转型,区域扩展阅读,T5 二战后多极文学,R4 欧洲文学,M5 战后与当代美学范式,G3 小说,QT6 乌托邦、反乌托邦与社会想象
决战前后.md,R2,△,东亚文学综合—具体内部传统待读后校准,provisional_region,T6 当代全球文学 · 都市经验、媒介转型与跨国传播,区域扩展阅读,T6 当代全球文学,R2 东亚文学,M5 战后与当代美学范式,G3 小说,QT8 英雄、边疆与法外者文化传统 | QT8.1 武侠
冷山.md,R2,△,东亚文学综合—具体内部传统待读后校准,provisional_region,T6 当代全球文学 · 都市经验、媒介转型与跨国传播,区域扩展阅读,T6 当代全球文学,R2 东亚文学,M5 战后与当代美学范式,G3 小说,QT7 历史叙事
冷肉.md,R3,△,波斯语—Hindavi—乌尔都文学传统,author_model,T5 二战后多极文学 · 独立分治、国家文学与离散书写,区域扩展阅读,T5 二战后多极文学,R3 南亚文学,M5 战后与当代美学范式,G3 小说,QH6 战争、暴力与创伤
凉生我们可不可以不忧伤.md,R2,△,东亚文学综合—具体内部传统待读后校准,provisional_region,T6 当代全球文学 · 都市经验、媒介转型与跨国传播,区域扩展阅读,T6 当代全球文学,R2 东亚文学,M5 战后与当代美学范式,G3 小说,QH2.1 爱情与欲望 | QH2.3 家庭与家族 | QH2.5 童年与成长
凡人修仙传.md,R2,△,东亚文学综合—具体内部传统待读后校准,provisional_region,T6 当代全球文学 · 都市经验、媒介转型与跨国传播,区域扩展阅读,T6 当代全球文学,R2 东亚文学,M5 战后与当代美学范式,G3 小说,QT3 奇幻 | QT8 英雄、边疆与法外者文化传统 | QT8.1 武侠
凤凰剑.md,R5,△,北美文学综合—具体内部传统待读后校准,provisional_region,T4 全球现代主义时代 · 现代主义、哈莱姆复兴与类型扩张,文类形成与区域典范,T4 全球现代主义时代,R5 北美文学,M3 现代主义与先锋派,G3 小说,QT3 奇幻
凯恩舰哗变.md,R5,△,北美文学综合—具体内部传统待读后校准,provisional_region,T5 二战后多极文学 · 战后反文化、族裔文学与媒介繁荣,区域扩展阅读,T5 二战后多极文学,R5 北美文学,M5 战后与当代美学范式,G3 小说,QH6 战争、暴力与创伤
凯瑟琳·安·波特短篇小说集.md,R5,△,北美文学综合—具体内部传统待读后校准,provisional_region,T5 二战后多极文学 · 战后反文化、族裔文学与媒介繁荣,文类形成与区域典范,T5 二战后多极文学,R5 北美文学,M5 战后与当代美学范式,G3 小说,QH6 战争、暴力与创伤
凯雷特史诗.md,R1,△,黎凡特—迦南与乌加里特文学传统,existing,T0 文学源头与古代文学 · 古代文字、史诗与经典传统形成,源头与经典奠基,T0 文学源头与古代文学,R1 西亚—地中海古老传统,,G3 小说,QT9 神话、传说与民间叙事
凶人邸谜案.md,R2,△,东亚文学综合—具体内部传统待读后校准,provisional_region,T6 当代全球文学 · 都市经验、媒介转型与跨国传播,区域扩展阅读,T6 当代全球文学,R2 东亚文学,M5 战后与当代美学范式,G3 小说,QT1 推理与犯罪叙事
出埃及记.md,R1,△,希伯来—犹太文学传统,existing,T0 文学源头与古代文学 · 古代文字、史诗与经典传统形成,区域扩展阅读,T0 文学源头与古代文学,R1 西亚—地中海古老传统,,G3 小说,QT9 神话、传说与民间叙事
出租.md,R4,△,欧洲文学综合—具体内部传统待读后校准,provisional_region,T4 全球现代主义时代 · 战争危机、现代主义与先锋实验,区域扩展阅读,T4 全球现代主义时代,R4 欧洲文学,M3 现代主义与先锋派,G3 小说,QH2.3 家庭与家族
击剑大师.md,R4,△,欧洲文学综合—具体内部传统待读后校准,provisional_region,T6 当代全球文学 · 欧洲一体化、迁徙经验与当代重组,区域扩展阅读,T6 当代全球文学,R4 欧洲文学,M5 战后与当代美学范式,G3 小说,QT8 英雄、边疆与法外者文化传统 | QT8.4 欧洲剑客
刀锋本身.md,R4,△,欧洲文学综合—具体内部传统待读后校准,provisional_region,T6 当代全球文学 · 欧洲一体化、迁徙经验与当代重组,文类形成与区域典范,T6 当代全球文学,R4 欧洲文学,M5 战后与当代美学范式,G3 小说,QT3 奇幻
分家.md,R5,△,北美文学综合—具体内部传统待读后校准,provisional_region,T4 全球现代主义时代 · 现代主义、哈莱姆复兴与类型扩张,区域扩展阅读,T4 全球现代主义时代,R5 北美文学,M3 现代主义与先锋派,G3 小说,QH2.3 家庭与家族
分裂的天空.md,R4,△,欧洲文学综合—具体内部传统待读后校准,provisional_region,T5 二战后多极文学 · 战后重建、记忆政治与后现代转型,区域扩展阅读,T5 二战后多极文学,R4 欧洲文学,M5 战后与当代美学范式,G3 小说,QH6 战争、暴力与创伤
切割石头.md,R7,◆,非洲之角—埃塞俄比亚/厄立特里亚/索马里文学传统,existing,T6 当代全球文学 · 后殖民批判、城市经验与全球离散,离散迁徙与跨区域连接,T6 当代全球文学,R7 非洲文学,M5 战后与当代美学范式,G3 小说,QH3 身份、身体与归属 | QH5 权力、制度与秩序
切尔诺贝利的悲鸣.md,R4,△,欧洲文学综合—具体内部传统待读后校准,provisional_region,T6 当代全球文学 · 欧洲一体化、迁徙经验与当代重组,区域扩展阅读,T6 当代全球文学,R4 欧洲文学,M5 战后与当代美学范式,G6 纪实与文学非虚构,QH6 战争、暴力与创伤 | QH7 历史、记忆与时间
列王的纷争.md,R5,△,北美文学综合—具体内部传统待读后校准,provisional_region,T6 当代全球文学 · 多元身份、数字媒介与全球传播,源头与经典奠基,T6 当代全球文学,R5 北美文学,M5 战后与当代美学范式,G3 小说,QT3 奇幻
列王纪.md,R1,△,波斯—伊朗文学传统,existing,T1 中古多中心文学世界 · 宗教经典、帝国网络与翻译传承,源头与经典奠基,T1 中古多中心文学世界,R1 西亚—地中海古老传统,,G1 诗歌,QT9 神话、传说与民间叙事 | QH6 战争、暴力与创伤
列车正点到达.md,R4,△,欧洲文学综合—具体内部传统待读后校准,provisional_region,T5 二战后多极文学 · 战后重建、记忆政治与后现代转型,区域扩展阅读,T5 二战后多极文学,R4 欧洲文学,M5 战后与当代美学范式,G3 小说,QH6 战争、暴力与创伤
列那狐传奇.md,R4,◆,中世纪拉丁基督教与俗语奠基传统,existing,T6 当代全球文学 · 欧洲一体化、迁徙经验与当代重组,传统转型与区域扩展,T6 当代全球文学,R4 欧洲文学,M5 战后与当代美学范式,G3 小说,QH5 权力、制度与秩序
列那狐威廉版.md,R4,◆,低地国家文学传统,existing,T6 当代全球文学 · 欧洲一体化、迁徙经验与当代重组,源头与经典奠基,T6 当代全球文学,R4 欧洲文学,M5 战后与当代美学范式,G3 小说,QH5 权力、制度与秩序
创世记.md,R1,△,希伯来—犹太文学传统,existing,T0 文学源头与古代文学 · 古代文字、史诗与经典传统形成,区域扩展阅读,T0 文学源头与古代文学,R1 西亚—地中海古老传统,,G3 小说,QH2.3 家庭与家族 | QT9 神话、传说与民间叙事
创业史.md,R2,△,东亚文学综合—具体内部传统待读后校准,provisional_region,T5 二战后多极文学 · 战争革命、国家文学与社会重构,区域扩展阅读,T5 二战后多极文学,R2 东亚文学,M5 战后与当代美学范式,G3 小说,QH6 战争、暴力与创伤
利亚姆盖尔.md,R8,★,柬埔寨—老挝文学传统,existing,T6 当代全球文学 · 城市化、跨语写作与东南亚离散,核心经典与传统确立,T6 当代全球文学,R8 东南亚文学,M5 战后与当代美学范式,G3 小说,QH5 权力、制度与秩序
利器.md,R5,△,北美文学综合—具体内部传统待读后校准,provisional_region,T6 当代全球文学 · 多元身份、数字媒介与全球传播,区域扩展阅读,T6 当代全球文学,R5 北美文学,M5 战后与当代美学范式,G3 小说,QT1 推理与犯罪叙事
利图马在安第斯山.md,R6,◆,安第斯文学传统,existing,T6 当代全球文学 · 后独裁记忆、迁徙与跨国文学重组,传统转型与区域扩展,T6 当代全球文学,R6 拉丁美洲与加勒比,M5 战后与当代美学范式,G3 小说,QH6 战争、暴力与创伤 | QH5 权力、制度与秩序
利维坦觉醒.md,R5,△,北美文学综合—具体内部传统待读后校准,provisional_region,T6 当代全球文学 · 多元身份、数字媒介与全球传播,区域扩展阅读,T6 当代全球文学,R5 北美文学,M5 战后与当代美学范式,G3 小说,QT2 科幻
别名格蕾丝.md,R5,△,英语加拿大文学传统,author_model,T6 当代全球文学 · 多元身份、数字媒介与全球传播,区域扩展阅读,T6 当代全球文学,R5 北美文学,M5 战后与当代美学范式,G3 小说,QT7 历史叙事
别让我走.md,R4,△,欧洲文学综合—具体内部传统待读后校准,provisional_region,T6 当代全球文学 · 欧洲一体化、迁徙经验与当代重组,文类形成与区域典范,T6 当代全球文学,R4 欧洲文学,M5 战后与当代美学范式,G3 小说,QT2 科幻 | QH2.5 童年与成长 | QT6 乌托邦、反乌托邦与社会想象
到灯塔去.md,R4,△,英国—爱尔兰文学传统,author_model,T4 全球现代主义时代 · 战争危机、现代主义与先锋实验,区域扩展阅读,T4 全球现代主义时代,R4 欧洲文学,M3.1 现代主义 / Modernism,G3 小说,QH2.3 家庭与家族 | QH7 历史、记忆与时间
刺客之夜.md,R6,△,拉丁美洲与加勒比综合—具体内部传统待读后校准,provisional_region,T6 当代全球文学 · 后独裁记忆、迁徙与跨国文学重组,区域扩展阅读,T6 当代全球文学,R6 拉丁美洲与加勒比,M5 战后与当代美学范式,G3 小说,QH5 权力、制度与秩序
刺客学徒.md,R5,△,北美文学综合—具体内部传统待读后校准,provisional_region,T6 当代全球文学 · 多元身份、数字媒介与全球传播,源头与经典奠基,T6 当代全球文学,R5 北美文学,M5 战后与当代美学范式,G3 小说,QT3 奇幻
刺青杀人事件.md,R2,△,东亚文学综合—具体内部传统待读后校准,provisional_region,T5 二战后多极文学 · 战争革命、国家文学与社会重构,区域扩展阅读,T5 二战后多极文学,R2 东亚文学,M5 战后与当代美学范式,G3 小说,QT1 推理与犯罪叙事
刽子手之歌.md,R5,△,北美文学综合—具体内部传统待读后校准,provisional_region,T5 二战后多极文学 · 战后反文化、族裔文学与媒介繁荣,区域扩展阅读,T5 二战后多极文学,R5 北美文学,M5 战后与当代美学范式,G3 小说,QH6 战争、暴力与创伤
前赤壁赋.md,R2,△,东亚文学综合—具体内部传统待读后校准,provisional_region,T1 中古多中心文学世界 · 宗教传播、宫廷文化与区域交流,区域扩展阅读,T1 中古多中心文学世界,R2 东亚文学,,G6 纪实与文学非虚构,QT14 旅行与游记
前进，达达.md,R4,△,欧洲文学综合—具体内部传统待读后校准,provisional_region,T4 全球现代主义时代 · 战争危机、现代主义与先锋实验,区域扩展阅读,T4 全球现代主义时代,R4 欧洲文学,M3.2 先锋派,G3 小说,QH5 权力、制度与秩序
剑与恶魔.md,R5,△,北美文学综合—具体内部传统待读后校准,provisional_region,T5 二战后多极文学 · 战后反文化、族裔文学与媒介繁荣,文类形成与区域典范,T5 二战后多极文学,R5 北美文学,M5 战后与当代美学范式,G3 小说,QT3 奇幻
剑客商卖.md,R2,△,东亚文学综合—具体内部传统待读后校准,provisional_region,T5 二战后多极文学 · 战争革命、国家文学与社会重构,区域扩展阅读,T5 二战后多极文学,R2 东亚文学,M5 战后与当代美学范式,G3 小说,QT8 英雄、边疆与法外者文化传统 | QT8.3 日本武士与剑豪
剑气珠光.md,R2,△,东亚文学综合—具体内部传统待读后校准,provisional_region,T4 全球现代主义时代 · 殖民现代性、新文学与形式实验,区域扩展阅读,T4 全球现代主义时代,R2 东亚文学,M3 现代主义与先锋派,G3 小说,QT8 英雄、边疆与法外者文化传统 | QT8.1 武侠
剑海鹰扬.md,R2,△,东亚文学综合—具体内部传统待读后校准,provisional_region,T5 二战后多极文学 · 战争革命、国家文学与社会重构,区域扩展阅读,T5 二战后多极文学,R2 东亚文学,M5 战后与当代美学范式,G3 小说,QT8 英雄、边疆与法外者文化传统 | QT8.1 武侠
剧毒.md,R4,△,欧洲文学综合—具体内部传统待读后校准,provisional_region,T4 全球现代主义时代 · 战争危机、现代主义与先锋实验,区域扩展阅读,T4 全球现代主义时代,R4 欧洲文学,M3 现代主义与先锋派,G3 小说,QT1 推理与犯罪叙事
副本.md,R4,△,欧洲文学综合—具体内部传统待读后校准,provisional_region,T6 当代全球文学 · 欧洲一体化、迁徙经验与当代重组,区域扩展阅读,T6 当代全球文学,R4 欧洲文学,M5 战后与当代美学范式,G3 小说,QT2 科幻 | QT6 乌托邦、反乌托邦与社会想象
力量.md,R5,△,北美文学综合—具体内部传统待读后校准,provisional_region,T6 当代全球文学 · 多元身份、数字媒介与全球传播,区域扩展阅读,T6 当代全球文学,R5 北美文学,M5 战后与当代美学范式,G3 小说,QH3 身份、身体与归属
劝导.md,R4,△,英国—爱尔兰文学传统,author_model,T3 19世纪现代文学体系 · 浪漫主义、现实主义与民族文学体系,区域扩展阅读,T3 19世纪现代文学体系,R4 欧洲文学,M2 19世纪文学思潮,G3 小说,QH2.1 爱情与欲望
功名十字路.md,R2,△,东亚文学综合—具体内部传统待读后校准,provisional_region,T5 二战后多极文学 · 战争革命、国家文学与社会重构,区域扩展阅读,T5 二战后多极文学,R2 东亚文学,M5 战后与当代美学范式,G3 小说,QT8 英雄、边疆与法外者文化传统 | QT8.3 日本武士与剑豪
加利卜诗选.md,R3,★,波斯语—Hindavi—乌尔都文学传统,existing,T6 当代全球文学 · 全球南亚、英语写作与地方传统重组,核心经典与传统确立,T6 当代全球文学,R3 南亚文学,M5 战后与当代美学范式,G1 诗歌,QH5 权力、制度与秩序
加勒比女王.md,R4,△,欧洲文学综合—具体内部传统待读后校准,provisional_region,T4 全球现代主义时代 · 战争危机、现代主义与先锋实验,区域扩展阅读,T4 全球现代主义时代,R4 欧洲文学,M3 现代主义与先锋派,G3 小说,QT8 英雄、边疆与法外者文化传统 | QT8.4 欧洲剑客 | QT8.8 海盗
加尔顿案件.md,R5,△,北美文学综合—具体内部传统待读后校准,provisional_region,T5 二战后多极文学 · 战后反文化、族裔文学与媒介繁荣,区域扩展阅读,T5 二战后多极文学,R5 北美文学,M5 战后与当代美学范式,G3 小说,QT1 推理与犯罪叙事
加布里埃拉.md,R6,△,拉丁美洲与加勒比综合—具体内部传统待读后校准,provisional_region,T5 二战后多极文学 · 革命经验、文学爆炸与独裁回应,区域扩展阅读,T5 二战后多极文学,R6 拉丁美洲与加勒比,M5 战后与当代美学范式,G3 小说,QH5 权力、制度与秩序
加莱市民.md,R4,△,欧洲文学综合—具体内部传统待读后校准,provisional_region,T4 全球现代主义时代 · 战争危机、现代主义与先锋实验,区域扩展阅读,T4 全球现代主义时代,R4 欧洲文学,M3.2 先锋派,G2 戏剧,QH8 信仰、伦理与超越
加速.md,R4,△,欧洲文学综合—具体内部传统待读后校准,provisional_region,T6 当代全球文学 · 欧洲一体化、迁徙经验与当代重组,区域扩展阅读,T6 当代全球文学,R4 欧洲文学,M5 战后与当代美学范式,G3 小说,QT2 科幻
动物农场.md,R4,△,欧洲文学综合—具体内部传统待读后校准,provisional_region,T5 二战后多极文学 · 战后重建、记忆政治与后现代转型,文类形成与区域典范,T5 二战后多极文学,R4 欧洲文学,M4 政治、民族与文化运动,G3 小说,QT2 科幻 | QT6 乌托邦、反乌托邦与社会想象 | QH5 权力、制度与秩序
动物园故事.md,R4,△,欧洲文学综合—具体内部传统待读后校准,provisional_region,T5 二战后多极文学 · 战后重建、记忆政治与后现代转型,区域扩展阅读,T5 二战后多极文学,R4 欧洲文学,M5.1 战后思想与美学范式,G3 小说,QH1 自我、存在与生命
动物寓言集 ／ Bestiario.md,R6,△,拉丁美洲与加勒比综合—具体内部传统待读后校准,provisional_region,T6 当代全球文学 · 后独裁记忆、迁徙与跨国文学重组,区域扩展阅读,T6 当代全球文学,R6 拉丁美洲与加勒比,M5 战后与当代美学范式,G3 小说,QH5 权力、制度与秩序
劳儿之劫.md,R4,△,欧洲文学综合—具体内部传统待读后校准,provisional_region,T5 二战后多极文学 · 战后重建、记忆政治与后现代转型,区域扩展阅读,T5 二战后多极文学,R4 欧洲文学,M5 战后与当代美学范式,G3 小说,QH6 战争、暴力与创伤
勒内.md,R4,△,欧洲文学综合—具体内部传统待读后校准,provisional_region,T3 19世纪现代文学体系 · 浪漫主义、现实主义与民族文学体系,区域扩展阅读,T3 19世纪现代文学体系,R4 欧洲文学,M2 19世纪文学思潮 / 浪漫主义 | M2 19世纪文学思潮,G3 小说,QH4 社会、阶级与劳动
包法利夫人.md,R4,★,法语文学传统,existing,T3 19世纪现代文学体系 · 浪漫主义、现实主义与民族文学体系,文类形成与区域典范,T3 19世纪现代文学体系,R4 欧洲文学,M2 19世纪文学思潮 | M2 19世纪文学思潮 / 现实主义,G3 小说,QH2.1 爱情与欲望 | QH4 社会、阶级与劳动
化身博士.md,R4,△,欧洲文学综合—具体内部传统待读后校准,provisional_region,T3 19世纪现代文学体系 · 浪漫主义、现实主义与民族文学体系,区域扩展阅读,T3 19世纪现代文学体系,R4 欧洲文学,M2 19世纪文学思潮,G3 小说,QT4 恐怖与哥特
北上.md,R2,△,东亚文学综合—具体内部传统待读后校准,provisional_region,T6 当代全球文学 · 都市经验、媒介转型与跨国传播,区域扩展阅读,T6 当代全球文学,R2 东亚文学,M5 战后与当代美学范式,G3 小说,QT7 历史叙事
北京折叠.md,R2,△,东亚文学综合—具体内部传统待读后校准,provisional_region,T6 当代全球文学 · 都市经验、媒介转型与跨国传播,区域扩展阅读,T6 当代全球文学,R2 东亚文学,M5 战后与当代美学范式,G3 小说,QT2 科幻 | QT6 乌托邦、反乌托邦与社会想象 | QH4 社会、阶级与劳动
北欧众神.md,R4,△,欧洲文学综合—具体内部传统待读后校准,provisional_region,T6 当代全球文学 · 欧洲一体化、迁徙经验与当代重组,文类形成与区域典范,T6 当代全球文学,R4 欧洲文学,M5 战后与当代美学范式,G3 小说,QT3 奇幻
北迁季节.md,R7,△,非洲文学综合—具体内部传统待读后校准,provisional_region,T5 二战后多极文学 · 独立、去殖民化与国家文学建构,区域扩展阅读,T5 二战后多极文学,R7 非洲文学,M5 战后与当代美学范式,G3 小说,QH6 战争、暴力与创伤
北风的背后.md,R4,△,欧洲文学综合—具体内部传统待读后校准,provisional_region,T3 19世纪现代文学体系 · 浪漫主义、现实主义与民族文学体系,区域扩展阅读,T3 19世纪现代文学体系,R4 欧洲文学,M2 19世纪文学思潮,G3 小说,QT3 奇幻
医者之战.md,R5,△,北美文学综合—具体内部传统待读后校准,provisional_region,T6 当代全球文学 · 多元身份、数字媒介与全球传播,区域扩展阅读,T6 当代全球文学,R5 北美文学,M5 战后与当代美学范式,G3 小说,QH3 身份、身体与归属
医院.md,R2,△,东亚文学综合—具体内部传统待读后校准,provisional_region,T6 当代全球文学 · 都市经验、媒介转型与跨国传播,区域扩展阅读,T6 当代全球文学,R2 东亚文学,M5 战后与当代美学范式,G3 小说,QT2 科幻
十二国记：月之影 影之海.md,R2,△,东亚文学综合—具体内部传统待读后校准,provisional_region,T6 当代全球文学 · 都市经验、媒介转型与跨国传播,区域扩展阅读,T6 当代全球文学,R2 东亚文学,M5 战后与当代美学范式,G3 小说,QT3 奇幻
十二金钱镖.md,R2,△,东亚文学综合—具体内部传统待读后校准,provisional_region,T6 当代全球文学 · 都市经验、媒介转型与跨国传播,区域扩展阅读,T6 当代全球文学,R2 东亚文学,M5 战后与当代美学范式,G3 小说,QT8 英雄、边疆与法外者文化传统 | QT8.1 武侠
十五年.md,R6,△,拉丁美洲与加勒比综合—具体内部传统待读后校准,provisional_region,T6 当代全球文学 · 后独裁记忆、迁徙与跨国文学重组,区域扩展阅读,T6 当代全球文学,R6 拉丁美洲与加勒比,M5 战后与当代美学范式,G3 小说,QH5 权力、制度与秩序
十八岁出门远行.md,R2,△,东亚文学综合—具体内部传统待读后校准,provisional_region,T6 当代全球文学 · 都市经验、媒介转型与跨国传播,区域扩展阅读,T6 当代全球文学,R2 东亚文学,M5 战后与当代美学范式,G3 小说,QH1 自我、存在与生命
十字军骑士.md,R4,△,中欧文学传统,author_model,T3 19世纪现代文学体系 · 浪漫主义、现实主义与民族文学体系,区域扩展阅读,T3 19世纪现代文学体系,R4 欧洲文学,M2 19世纪文学思潮,G3 小说,QT8 英雄、边疆与法外者文化传统 | QT8.4 欧洲剑客
十字架上的魔鬼.md,R7,△,东非—斯瓦希里文学传统,author_model,T6 当代全球文学 · 后殖民批判、城市经验与全球离散,区域扩展阅读,T6 当代全球文学,R7 非洲文学,M5 战后与当代美学范式,G3 小说,QH3 身份、身体与归属
十日谈.md,R4,★,意大利文学传统,existing,T1 中古多中心文学世界 · 基督教、宫廷与俗语文学形成,核心经典与传统确立,T1 中古多中心文学世界,R4 欧洲文学,M1 早期现代思想与美学,G3 小说,QH8 信仰、伦理与超越
十月国度.md,R5,△,北美文学综合—具体内部传统待读后校准,provisional_region,T5 二战后多极文学 · 战后反文化、族裔文学与媒介繁荣,区域扩展阅读,T5 二战后多极文学,R5 北美文学,M5 战后与当代美学范式,G3 小说,QT4 恐怖与哥特
十角馆事件.md,R2,△,东亚文学综合—具体内部传统待读后校准,provisional_region,T6 当代全球文学 · 都市经验、媒介转型与跨国传播,区域扩展阅读,T6 当代全球文学,R2 东亚文学,M5 战后与当代美学范式,G3 小说,QT1 推理与犯罪叙事
千禧年人.md,R4,△,欧洲文学综合—具体内部传统待读后校准,provisional_region,T6 当代全球文学 · 欧洲一体化、迁徙经验与当代重组,区域扩展阅读,T6 当代全球文学,R4 欧洲文学,M5 战后与当代美学范式,G3 小说,QT6 乌托邦、反乌托邦与社会想象
千里江山图.md,R2,△,东亚文学综合—具体内部传统待读后校准,provisional_region,T6 当代全球文学 · 都市经验、媒介转型与跨国传播,区域扩展阅读,T6 当代全球文学,R2 东亚文学,M5 战后与当代美学范式,G3 小说,QH6 战争、暴力与创伤
午夜之子.md,R3,★,南亚英语文学传统,existing,T6 当代全球文学 · 全球南亚、英语写作与地方传统重组,殖民回应与民族文学建构,T6 当代全球文学,R3 南亚文学,M5 战后与当代美学范式 | M5.1 战后思想与美学范式 | M5.2 权力、身份与世界批评,G3 小说,QT3 奇幻 | QH2.5 童年与成长 | QH2.3 家庭与家族 | QT7 历史叙事 | QH7 历史、记忆与时间
午夜凶铃.md,R2,△,东亚文学综合—具体内部传统待读后校准,provisional_region,T6 当代全球文学 · 都市经验、媒介转型与跨国传播,区域扩展阅读,T6 当代全球文学,R2 东亚文学,M5 战后与当代美学范式,G3 小说,QT4 恐怖与哥特
半七捕物帐.md,R2,△,东亚文学综合—具体内部传统待读后校准,provisional_region,T6 当代全球文学 · 都市经验、媒介转型与跨国传播,区域扩展阅读,T6 当代全球文学,R2 东亚文学,M5 战后与当代美学范式,G3 小说,QT8 英雄、边疆与法外者文化传统 | QT8.3 日本武士与剑豪
半生缘.md,R2,△,东亚文学综合—具体内部传统待读后校准,provisional_region,T5 二战后多极文学 · 战争革命、国家文学与社会重构,区域扩展阅读,T5 二战后多极文学,R2 东亚文学,M5 战后与当代美学范式,G3 小说,QH2.1 爱情与欲望
半落.md,R2,△,东亚文学综合—具体内部传统待读后校准,provisional_region,T6 当代全球文学 · 都市经验、媒介转型与跨国传播,区域扩展阅读,T6 当代全球文学,R2 东亚文学,M5 战后与当代美学范式,G3 小说,QT1 推理与犯罪叙事
半轮黄日.md,R7,★,西非英语文学传统,existing,T6 当代全球文学 · 后殖民批判、城市经验与全球离散,殖民回应与民族文学建构,T6 当代全球文学,R7 非洲文学,M5 战后与当代美学范式 | M5.2 权力、身份与世界批评,G3 小说,QH2.3 家庭与家族 | QT7 历史叙事 | QH6 战争、暴力与创伤 | QH7 历史、记忆与时间
华冈青洲之妻.md,R2,△,东亚文学综合—具体内部传统待读后校准,provisional_region,T5 二战后多极文学 · 战争革命、国家文学与社会重构,区域扩展阅读,T5 二战后多极文学,R2 东亚文学,M5 战后与当代美学范式,G3 小说,QH2.3 家庭与家族
华夏集.md,R5,△,北美文学综合—具体内部传统待读后校准,provisional_region,T4 全球现代主义时代 · 现代主义、哈莱姆复兴与类型扩张,区域扩展阅读,T4 全球现代主义时代,R5 北美文学,M3.1 现代主义 / Modernism,G1 诗歌,QH1 自我、存在与生命
华氏451.md,R5,△,北美文学综合—具体内部传统待读后校准,provisional_region,T5 二战后多极文学 · 战后反文化、族裔文学与媒介繁荣,区域扩展阅读,T5 二战后多极文学,R5 北美文学,M5 战后与当代美学范式,G3 小说,QT2 科幻 | QT6 乌托邦、反乌托邦与社会想象
华胥引.md,R2,△,东亚文学综合—具体内部传统待读后校准,provisional_region,T6 当代全球文学 · 都市经验、媒介转型与跨国传播,文类形成与区域典范,T6 当代全球文学,R2 东亚文学,M5 战后与当代美学范式,G3 小说,QT3 奇幻 | QH2.1 爱情与欲望
卖牛奶的台维.md,R4,△,欧洲文学综合—具体内部传统待读后校准,provisional_region,T4 全球现代主义时代 · 战争危机、现代主义与先锋实验,区域扩展阅读,T4 全球现代主义时代,R4 欧洲文学,M3 现代主义与先锋派,G3 小说,QH1 自我、存在与生命
卖牛奶的台维.md,R10,★,犹太离散—意第绪与跨语文学传统,existing,T4 全球现代主义时代 · 流亡、现代主义与国际文学网络,离散迁徙与跨区域连接,T4 全球现代主义时代,R4 欧洲文学,M3 现代主义与先锋派,G3 小说,QH1 自我、存在与生命
卖过去的人.md,R7,◆,葡语非洲文学传统,existing,T6 当代全球文学 · 后殖民批判、城市经验与全球离散,传统转型与区域扩展,T6 当代全球文学,R7 非洲文学,M5 战后与当代美学范式,G3 小说,QH7 历史、记忆与时间
南国山河.md,R8,◆,越南汉喃—国语文学传统,existing,T6 当代全球文学 · 城市化、跨语写作与东南亚离散,殖民回应与民族文学建构,T6 当代全球文学,R8 东南亚文学,M5 战后与当代美学范式,G3 小说,QH5 权力、制度与秩序
南太平洋故事.md,R5,△,北美文学综合—具体内部传统待读后校准,provisional_region,T5 二战后多极文学 · 战后反文化、族裔文学与媒介繁荣,区域扩展阅读,T5 二战后多极文学,R5 北美文学,M5 战后与当代美学范式,G3 小说,QH6 战争、暴力与创伤
南总里见八犬传.md,R2,△,东亚文学综合—具体内部传统待读后校准,provisional_region,T6 当代全球文学 · 都市经验、媒介转型与跨国传播,区域扩展阅读,T6 当代全球文学,R2 东亚文学,M5 战后与当代美学范式,G3 小说,QT8 英雄、边疆与法外者文化传统 | QT8.3 日本武士与剑豪
南方.md,R6,△,南锥体—拉普拉塔文学传统,author_model,T5 二战后多极文学 · 革命经验、文学爆炸与独裁回应,区域扩展阅读,T5 二战后多极文学,R6 拉丁美洲与加勒比,M3 现代主义与先锋派,G3 小说,QT8 英雄、边疆与法外者文化传统 | QT8.6 Gaucho | QT8.7 侠盗
南方与北方.md,R4,△,欧洲文学综合—具体内部传统待读后校准,provisional_region,T3 19世纪现代文学体系 · 浪漫主义、现实主义与民族文学体系,区域扩展阅读,T3 19世纪现代文学体系,R4 欧洲文学,M2 19世纪文学思潮,G3 小说,QH2.1 爱情与欲望
博尔哈·达科斯塔诗选.md,R8,★,东帝汶—小巽他文学传统,existing,T6 当代全球文学 · 城市化、跨语写作与东南亚离散,殖民回应与民族文学建构,T6 当代全球文学,R8 东南亚文学,M5 战后与当代美学范式,G1 诗歌,QH3 身份、身体与归属
占星术杀人魔法.md,R2,△,东亚文学综合—具体内部传统待读后校准,provisional_region,T6 当代全球文学 · 都市经验、媒介转型与跨国传播,区域扩展阅读,T6 当代全球文学,R2 东亚文学,M5 战后与当代美学范式,G3 小说,QT1 推理与犯罪叙事
占有.md,R4,△,欧洲文学综合—具体内部传统待读后校准,provisional_region,T6 当代全球文学 · 欧洲一体化、迁徙经验与当代重组,区域扩展阅读,T6 当代全球文学,R4 欧洲文学,M5 战后与当代美学范式,G3 小说,QT7 历史叙事
卡卡温罗摩衍那.md,R3,△,梵语—吠陀与古典文学传统,author_model,T1 中古多中心文学世界 · 宗教、宫廷与多语文学网络扩展,翻译与跨传统连接,T1 中古多中心文学世界,R3 南亚文学 | R8 东南亚文学,,G3 小说,QT9 神话、传说与民间叙事
卡卡温罗摩衍那.md,R8,△,马来—Jawi文学传统,author_model,T1 中古多中心文学世界 · 印度化、伊斯兰化与区域海洋网络,翻译与跨传统连接,T1 中古多中心文学世界,R3 南亚文学 | R8 东南亚文学,,G3 小说,QT9 神话、传说与民间叙事
卡尔帕经.md,R3,◆,巴利—普拉克里特与佛教耆那文学传统,existing,T6 当代全球文学 · 全球南亚、英语写作与地方传统重组,源头与经典奠基,T6 当代全球文学,R3 南亚文学,M5 战后与当代美学范式,G3 小说,QH5 权力、制度与秩序
卡彭塔利亚湾.md,R9,★,澳大利亚原住民—托雷斯海峡文学传统,existing,T5 二战后多极文学 · 去殖民化、原住民复兴与太平洋意识,文类形成与区域典范,T5 二战后多极文学,R9 大洋洲与太平洋,M5.2 权力、身份与世界批评,G3 小说,QH3 身份、身体与归属
卡拉瓦内.md,R4,△,欧洲文学综合—具体内部传统待读后校准,provisional_region,T4 全球现代主义时代 · 战争危机、现代主义与先锋实验,区域扩展阅读,T4 全球现代主义时代,R4 欧洲文学,M3.2 先锋派,G1 诗歌,QH1 自我、存在与生命
卡拉贾奥兰诗歌.md,R1,△,土耳其—奥斯曼文学传统,existing,T2 早期现代文学 · 手稿—印刷转换与多语传统延续,文类形成与区域典范,T2 早期现代文学,R1 西亚—地中海古老传统,M1 早期现代思想与美学,G1 诗歌,QH5 权力、制度与秩序
卡拉马佐夫兄弟.md,R4,△,俄罗斯文学传统,author_model,T3 19世纪现代文学体系 · 浪漫主义、现实主义与民族文学体系,区域扩展阅读,T3 19世纪现代文学体系,R4 欧洲文学,M2 19世纪文学思潮 | M2 19世纪文学思潮 / 现实主义,G3 小说,QH4 社会、阶级与劳动
卡比尔诗选.md,R3,★,北印度俗语—Bhakti与印地文学传统,existing,T6 当代全球文学 · 全球南亚、英语写作与地方传统重组,文类形成与区域典范,T6 当代全球文学,R3 南亚文学,M5 战后与当代美学范式,G1 诗歌,QH5 权力、制度与秩序
卡特里奥娜.md,R4,△,欧洲文学综合—具体内部传统待读后校准,provisional_region,T4 全球现代主义时代 · 战争危机、现代主义与先锋实验,区域扩展阅读,T4 全球现代主义时代,R4 欧洲文学,M2 19世纪文学思潮,G3 小说,QT5 冒险与探索叙事 | QT8 英雄、边疆与法外者文化传统 | QT8.4 欧洲剑客
卡瓦利与克雷的神奇冒险.md,R5,◆,犹太裔美国文学传统,existing,T6 当代全球文学 · 多元身份、数字媒介与全球传播,传统转型与区域扩展,T6 当代全球文学,R5 北美文学,M5 战后与当代美学范式,G3 小说,QH3 身份、身体与归属
卡瓦菲诗选.md,R4,★,现代希腊文学传统,existing,T6 当代全球文学 · 欧洲一体化、迁徙经验与当代重组,文类形成与区域典范,T6 当代全球文学,R4 欧洲文学,M5 战后与当代美学范式,G1 诗歌,QH5 权力、制度与秩序
卡皮斯特拉诺的诅咒.md,R4,△,欧洲文学综合—具体内部传统待读后校准,provisional_region,T4 全球现代主义时代 · 战争危机、现代主义与先锋实验,区域扩展阅读,T4 全球现代主义时代,R4 欧洲文学,M3 现代主义与先锋派,G3 小说,QT8 英雄、边疆与法外者文化传统 | QT8.4 欧洲剑客 | QT8.2 欧洲骑士
卡穆拉斯卡.md,R5,◆,法语加拿大—魁北克文学传统,existing,T6 当代全球文学 · 多元身份、数字媒介与全球传播,文类形成与区域典范,T6 当代全球文学,R5 北美文学,M5 战后与当代美学范式,G3 小说,QH7 历史、记忆与时间 | QH3 身份、身体与归属
卡米拉.md,R4,△,欧洲文学综合—具体内部传统待读后校准,provisional_region,T3 19世纪现代文学体系 · 浪漫主义、现实主义与民族文学体系,区域扩展阅读,T3 19世纪现代文学体系,R4 欧洲文学,M2 19世纪文学思潮,G3 小说,QT4 恐怖与哥特
卡罗琳娜·玛丽亚·德·热苏斯日记.md,R6,★,Afro-Latin—Afro-Caribbean文学传统,existing,T6 当代全球文学 · 后独裁记忆、迁徙与跨国文学重组,核心经典与传统确立,T6 当代全球文学,R6 拉丁美洲与加勒比,M5 战后与当代美学范式,G5 生命书写,QH3 身份、身体与归属
卡迪什.md,R5,△,北美文学综合—具体内部传统待读后校准,provisional_region,T5 二战后多极文学 · 战后反文化、族裔文学与媒介繁荣,区域扩展阅读,T5 二战后多极文学,R5 北美文学,M4 集体文学运动与文化政治,G1 诗歌,QH6 战争、暴力与创伤 | QH2.3 家庭与家族
卡里来和笛木乃.md,R1,△,阿拉伯文学传统,existing,T1 中古多中心文学世界 · 宗教经典、帝国网络与翻译传承,区域扩展阅读,T1 中古多中心文学世界,R1 西亚—地中海古老传统,,G4 散文与随笔,QT9 神话、传说与民间叙事
卡门.md,R4,△,欧洲文学综合—具体内部传统待读后校准,provisional_region,T3 19世纪现代文学体系 · 浪漫主义、现实主义与民族文学体系,区域扩展阅读,T3 19世纪现代文学体系,R4 欧洲文学,M2 19世纪文学思潮,G3 小说,QT8 英雄、边疆与法外者文化传统 | QT8.7 侠盗
卡马亚尼.md,R3,◆,北印度俗语—Bhakti与印地文学传统,existing,T4 全球现代主义时代 · 反殖民、现代主义与多语文学革新,文类形成与区域典范,T4 全球现代主义时代,R3 南亚文学,M3 现代主义与先锋派,G3 小说,QH1 自我、存在与生命
卢安达的真正生活.md,R7,★,葡语非洲文学传统,existing,T6 当代全球文学 · 后殖民批判、城市经验与全球离散,殖民回应与民族文学建构,T6 当代全球文学,R7 非洲文学,M5 战后与当代美学范式,G3 小说,QH3 身份、身体与归属
卢济塔尼亚人之歌.md,R4,★,伊比利亚文学传统,existing,T2 早期现代文学 · 文艺复兴、宗教改革与印刷公共领域,殖民回应与民族文学建构,T2 早期现代文学,R4 欧洲文学,M1 早期现代思想与美学,G1 诗歌,QH8 信仰、伦理与超越
卧虎藏龙.md,R2,△,东亚文学综合—具体内部传统待读后校准,provisional_region,T6 当代全球文学 · 都市经验、媒介转型与跨国传播,区域扩展阅读,T6 当代全球文学,R2 东亚文学,M5 战后与当代美学范式,G3 小说,QT8 英雄、边疆与法外者文化传统 | QT8.1 武侠
卫兵！卫兵！.md,R4,△,欧洲文学综合—具体内部传统待读后校准,provisional_region,T6 当代全球文学 · 欧洲一体化、迁徙经验与当代重组,文类形成与区域典范,T6 当代全球文学,R4 欧洲文学,M5 战后与当代美学范式,G3 小说,QT3 奇幻
印卡王室述评.md,R6,★,殖民编年史—巴洛克与克里奥尔文学传统,existing,T2 早期现代文学 · 殖民编年、巴洛克与混合文化形成,殖民回应与民族文学建构,T2 早期现代文学,R6 拉丁美洲与加勒比,M1 早期现代思想与美学,G6 纪实与文学非虚构,QH5 权力、制度与秩序
印度之行.md,R4,△,欧洲文学综合—具体内部传统待读后校准,provisional_region,T4 全球现代主义时代 · 战争危机、现代主义与先锋实验,区域扩展阅读,T4 全球现代主义时代,R4 欧洲文学,M3.1 现代主义 / Modernism | M4 集体文学运动与文化政治 | M5.2 权力、身份与世界批评,G3 小说,QH1 自我、存在与生命
印斯茅斯的阴霾.md,R5,△,北美文学综合—具体内部传统待读后校准,provisional_region,T4 全球现代主义时代 · 现代主义、哈莱姆复兴与类型扩张,区域扩展阅读,T4 全球现代主义时代,R5 北美文学,M3 现代主义与先锋派,G3 小说,QT4 恐怖与哥特
危险关系.md,R4,△,欧洲文学综合—具体内部传统待读后校准,provisional_region,T2 早期现代文学 · 文艺复兴、宗教改革与印刷公共领域,区域扩展阅读,T2 早期现代文学,R4 欧洲文学,M1 早期现代思想与美学,G3 小说,QH2.1 爱情与欲望
危险幻象.md,R5,△,北美文学综合—具体内部传统待读后校准,provisional_region,T5 二战后多极文学 · 战后反文化、族裔文学与媒介繁荣,区域扩展阅读,T5 二战后多极文学,R5 北美文学,M5 战后与当代美学范式,G3 小说,QT2 科幻
厄舍府的倒塌.md,R5,△,北美文学综合—具体内部传统待读后校准,provisional_region,T3 19世纪现代文学体系 · 国家文学、奴隶制回应与大众出版,区域扩展阅读,T3 19世纪现代文学体系,R5 北美文学,M2 19世纪文学思潮,G3 小说,QT4 恐怖与哥特
历史.md,R4,△,欧洲文学综合—具体内部传统待读后校准,provisional_region,T0 文学源头与古代文学 · 希腊罗马古典传统奠基,区域扩展阅读,T0 文学源头与古代文学,R4 欧洲文学,M5 战后与当代美学范式,G3 小说,QH6 战争、暴力与创伤 | QT14 旅行与游记
历史的天空.md,R2,△,东亚文学综合—具体内部传统待读后校准,provisional_region,T6 当代全球文学 · 都市经验、媒介转型与跨国传播,区域扩展阅读,T6 当代全球文学,R2 东亚文学,M5 战后与当代美学范式,G3 小说,QH6 战争、暴力与创伤
历史（希罗多德）.md,R1,◆,古希腊文学传统,existing,T0 文学源头与古代文学 · 古代文字、史诗与经典传统形成,语言、书写与媒介转型,T0 文学源头与古代文学,R1 西亚—地中海古老传统,,G3 小说,QH8 信仰、伦理与超越
历史（莫兰特）.md,R4,△,欧洲文学综合—具体内部传统待读后校准,provisional_region,T5 二战后多极文学 · 战后重建、记忆政治与后现代转型,区域扩展阅读,T5 二战后多极文学,R4 欧洲文学,M5 战后与当代美学范式,G3 小说,QH6 战争、暴力与创伤
厌世者.md,R4,△,法语文学传统,author_model,T2 早期现代文学 · 文艺复兴、宗教改革与印刷公共领域,区域扩展阅读,T2 早期现代文学,R4 欧洲文学,M1 早期现代思想与美学,G2 戏剧,QH8 信仰、伦理与超越
厌恶.md,R6,△,拉丁美洲与加勒比综合—具体内部传统待读后校准,provisional_region,T6 当代全球文学 · 后独裁记忆、迁徙与跨国文学重组,区域扩展阅读,T6 当代全球文学,R6 拉丁美洲与加勒比,M5 战后与当代美学范式,G3 小说,QH5 权力、制度与秩序
原始人.md,R5,△,北美文学综合—具体内部传统待读后校准,provisional_region,T6 当代全球文学 · 多元身份、数字媒介与全球传播,区域扩展阅读,T6 当代全球文学,R5 北美文学,M5 战后与当代美学范式,G3 小说,QH3 身份、身体与归属
原野奇侠.md,R5,△,北美文学综合—具体内部传统待读后校准,provisional_region,T6 当代全球文学 · 多元身份、数字媒介与全球传播,区域扩展阅读,T6 当代全球文学,R5 北美文学,M5 战后与当代美学范式,G3 小说,QT8 英雄、边疆与法外者文化传统 | QT8.5 西部
厨房.md,R2,△,东亚文学综合—具体内部传统待读后校准,provisional_region,T6 当代全球文学 · 都市经验、媒介转型与跨国传播,区域扩展阅读,T6 当代全球文学,R2 东亚文学,M5 战后与当代美学范式,G3 小说,QH2.1 爱情与欲望
去你四散的身躯.md,R5,△,北美文学综合—具体内部传统待读后校准,provisional_region,T5 二战后多极文学 · 战后反文化、族裔文学与媒介繁荣,区域扩展阅读,T5 二战后多极文学,R5 北美文学,M5 战后与当代美学范式,G3 小说,QH6 战争、暴力与创伤
去卡拉的使命.md,R7,△,非洲文学综合—具体内部传统待读后校准,provisional_region,T5 二战后多极文学 · 独立、去殖民化与国家文学建构,区域扩展阅读,T5 二战后多极文学,R7 非洲文学,M5 战后与当代美学范式,G3 小说,QH6 战争、暴力与创伤
去吧，摩西.md,R5,△,十九世纪—现代美国文学传统,author_model,T4 全球现代主义时代 · 现代主义、哈莱姆复兴与类型扩张,区域扩展阅读,T4 全球现代主义时代,R5 北美文学,M3 现代主义与先锋派,G3 小说,QH2.3 家庭与家族
去斯万家那边.md,R4,△,法语文学传统,author_model,T4 全球现代主义时代 · 战争危机、现代主义与先锋实验,区域扩展阅读,T4 全球现代主义时代,R4 欧洲文学,M3.1 现代主义 / Modernism,G3 小说,QH7 历史、记忆与时间
去殖民化心灵.md,R7,△,东非—斯瓦希里文学传统,author_model,T5 二战后多极文学 · 独立、去殖民化与国家文学建构,殖民回应与民族文学建构,T5 二战后多极文学,R7 非洲文学,M5.2 权力、身份与世界批评,G3 小说,QH3 身份、身体与归属 | QH5 权力、制度与秩序
双城记.md,R4,△,英国—爱尔兰文学传统,author_model,T3 19世纪现代文学体系 · 浪漫主义、现实主义与民族文学体系,区域扩展阅读,T3 19世纪现代文学体系,R4 欧洲文学,M2 19世纪文学思潮,G3 小说,QT7 历史叙事 | QH5 权力、制度与秩序 | QH6 战争、暴力与创伤
双头恶魔.md,R2,△,东亚文学综合—具体内部传统待读后校准,provisional_region,T6 当代全球文学 · 都市经验、媒介转型与跨国传播,区域扩展阅读,T6 当代全球文学,R2 东亚文学,M5 战后与当代美学范式,G3 小说,QT1 推理与犯罪叙事
双星.md,R5,△,北美文学综合—具体内部传统待读后校准,provisional_region,T5 二战后多极文学 · 战后反文化、族裔文学与媒介繁荣,区域扩展阅读,T5 二战后多极文学,R5 北美文学,M5 战后与当代美学范式,G3 小说,QT2 科幻
双重赔偿.md,R5,△,北美文学综合—具体内部传统待读后校准,provisional_region,T4 全球现代主义时代 · 现代主义、哈莱姆复兴与类型扩张,区域扩展阅读,T4 全球现代主义时代,R5 北美文学,M3 现代主义与先锋派,G3 小说,QT1 推理与犯罪叙事
反击.md,R5,△,北美文学综合—具体内部传统待读后校准,provisional_region,T4 全球现代主义时代 · 现代主义、哈莱姆复兴与类型扩张,区域扩展阅读,T4 全球现代主义时代,R5 北美文学,M3.2 先锋派,G1 诗歌,QH1 自我、存在与生命
反叛者.md,R3,◆,孟加拉与东部语言文学传统,existing,T4 全球现代主义时代 · 反殖民、现代主义与多语文学革新,语言、书写与媒介转型,T4 全球现代主义时代,R3 南亚文学,M3 现代主义与先锋派,G3 小说,QH1 自我、存在与生命
发光体.md,R9,◆,英语新西兰文学传统,existing,T6 当代全球文学 · 生态危机、移民社会与跨太平洋传播,文类形成与区域典范,T6 当代全球文学,R9 大洋洲与太平洋,M5 战后与当代美学范式,G3 小说,QH3 身份、身体与归属
发条女孩.md,R5,△,北美文学综合—具体内部传统待读后校准,provisional_region,T6 当代全球文学 · 多元身份、数字媒介与全球传播,文类形成与区域典范,T6 当代全球文学,R5 北美文学,M5 战后与当代美学范式,G3 小说,QT2 科幻 | QT6 乌托邦、反乌托邦与社会想象
变.md,R4,△,欧洲文学综合—具体内部传统待读后校准,provisional_region,T5 二战后多极文学 · 战后重建、记忆政治与后现代转型,区域扩展阅读,T5 二战后多极文学,R4 欧洲文学,M5 战后与当代美学范式 | M5.1 战后思想与美学范式,G3 小说,QH6 战争、暴力与创伤
变形记.md,R1,△,罗马与拉丁文学传统,existing,T0 文学源头与古代文学 · 古代文字、史诗与经典传统形成,区域扩展阅读,T0 文学源头与古代文学,R1 西亚—地中海古老传统,,G1 诗歌,QT9 神话、传说与民间叙事
变形记（卡夫卡）.md,R4,★,德语文学传统,existing,T4 全球现代主义时代 · 战争危机、现代主义与先锋实验,核心经典与传统确立,T4 全球现代主义时代,R4 欧洲文学,M3.1 现代主义 / Modernism,G3 小说,QH1 自我、存在与生命
变革时代.md,R5,△,北美文学综合—具体内部传统待读后校准,provisional_region,T5 二战后多极文学 · 战后反文化、族裔文学与媒介繁荣,区域扩展阅读,T5 二战后多极文学,R5 北美文学,M5 战后与当代美学范式,G3 小说,QH6 战争、暴力与创伤
古事记.md,R2,◆,日本文学传统,existing,T6 当代全球文学 · 都市经验、媒介转型与跨国传播,源头与经典奠基,T6 当代全球文学,R2 东亚文学,M5 战后与当代美学范式,G3 小说,QT9 神话、传说与民间叙事
古今和歌集.md,R2,△,东亚文学综合—具体内部传统待读后校准,provisional_region,T1 中古多中心文学世界 · 宗教传播、宫廷文化与区域交流,区域扩展阅读,T1 中古多中心文学世界,R2 东亚文学,,G1 诗歌,QH8 信仰、伦理与超越
古兰经.md,R1,★,阿拉伯文学传统,existing,T1 中古多中心文学世界 · 宗教经典、帝国网络与翻译传承,语言、书写与媒介转型,T1 中古多中心文学世界,R1 西亚—地中海古老传统,,G3 小说,QH8 信仰、伦理与超越
古典爱情.md,R2,△,东亚文学综合—具体内部传统待读后校准,provisional_region,T6 当代全球文学 · 都市经验、媒介转型与跨国传播,区域扩展阅读,T6 当代全球文学,R2 东亚文学,M5 战后与当代美学范式,G3 小说,QH2.1 爱情与欲望 | QH6 战争、暴力与创伤
古拉格群岛.md,R4,△,欧洲文学综合—具体内部传统待读后校准,provisional_region,T5 二战后多极文学 · 战后重建、记忆政治与后现代转型,区域扩展阅读,T5 二战后多极文学,R4 欧洲文学,M5 战后与当代美学范式,G6 纪实与文学非虚构,QH6 战争、暴力与创伤
古文物专家的鬼故事.md,R4,△,欧洲文学综合—具体内部传统待读后校准,provisional_region,T4 全球现代主义时代 · 战争危机、现代主义与先锋实验,区域扩展阅读,T4 全球现代主义时代,R4 欧洲文学,M3 现代主义与先锋派,G3 小说,QT4 恐怖与哥特
古斯特少尉.md,R4,△,欧洲文学综合—具体内部传统待读后校准,provisional_region,T4 全球现代主义时代 · 战争危机、现代主义与先锋实验,区域扩展阅读,T4 全球现代主义时代,R4 欧洲文学,M3.1 现代主义 / Modernism,G3 小说,QH1 自我、存在与生命
古舟子咏.md,R4,△,欧洲文学综合—具体内部传统待读后校准,provisional_region,T3 19世纪现代文学体系 · 浪漫主义、现实主义与民族文学体系,区域扩展阅读,T3 19世纪现代文学体系,R4 欧洲文学,M2 19世纪文学思潮 / 浪漫主义 | M2 19世纪文学思潮,G3 小说,QH4 社会、阶级与劳动
古鲁·格兰特·萨希卜.md,R3,★,旁遮普—信德与西北文学传统,existing,T2 早期现代文学 · 波斯语—地方语互动与早期印刷转型,源头与经典奠基,T2 早期现代文学,R3 南亚文学,M1 早期现代思想与美学,G3 小说,QH5 权力、制度与秩序
古鲁恩托盖.md,R3,★,泰米尔与南印度文学传统,existing,T6 当代全球文学 · 全球南亚、英语写作与地方传统重组,核心经典与传统确立,T6 当代全球文学,R3 南亚文学,M5 战后与当代美学范式,G3 小说,QH2.1 爱情与欲望
叫它睡眠.md,R5,★,犹太裔美国文学传统,existing,T6 当代全球文学 · 多元身份、数字媒介与全球传播,文类形成与区域典范,T6 当代全球文学,R5 北美文学,M5 战后与当代美学范式,G3 小说,QH5 权力、制度与秩序
可以吃的女人.md,R5,△,英语加拿大文学传统,author_model,T5 二战后多极文学 · 战后反文化、族裔文学与媒介繁荣,区域扩展阅读,T5 二战后多极文学,R5 北美文学,M5 战后与当代美学范式,G3 小说,QH6 战争、暴力与创伤
可以筑巢的人.md,R5,△,北美文学综合—具体内部传统待读后校准,provisional_region,T6 当代全球文学 · 多元身份、数字媒介与全球传播,区域扩展阅读,T6 当代全球文学,R5 北美文学,M5 战后与当代美学范式,G3 小说,QH3 身份、身体与归属
可怜的丽莎.md,R4,△,欧洲文学综合—具体内部传统待读后校准,provisional_region,T2 早期现代文学 · 文艺复兴、宗教改革与印刷公共领域,区域扩展阅读,T2 早期现代文学,R4 欧洲文学,M1 早期现代思想与美学,G2 戏剧,QH3 身份、身体与归属 | QH4 社会、阶级与劳动
可溶的鱼.md,R4,△,欧洲文学综合—具体内部传统待读后校准,provisional_region,T4 全球现代主义时代 · 战争危机、现代主义与先锋实验,区域扩展阅读,T4 全球现代主义时代,R4 欧洲文学,M3.2 先锋派,G3 小说,QH1 自我、存在与生命
台北人.md,R2,△,东亚文学综合—具体内部传统待读后校准,provisional_region,T5 二战后多极文学 · 战争革命、国家文学与社会重构,区域扩展阅读,T5 二战后多极文学,R2 东亚文学,M3.1 现代主义 / Modernism,G3 小说,QH3.5 迁徙与流亡 | QH7 历史、记忆与时间
史记.md,R2,△,东亚文学综合—具体内部传统待读后校准,provisional_region,T0 文学源头与古代文学 · 古代经典、史传与诗歌传统奠基,区域扩展阅读,T0 文学源头与古代文学,R2 东亚文学,,G3 小说,QT7 历史叙事 | QT8 英雄、边疆与法外者文化传统 | QT8.1 武侠 | QT8.7 侠盗
史记·刺客列传.md,R2,△,东亚文学综合—具体内部传统待读后校准,provisional_region,T0 文学源头与古代文学 · 古代经典、史传与诗歌传统奠基,区域扩展阅读,T0 文学源头与古代文学,R2 东亚文学,,G3 小说,QT8 英雄、边疆与法外者文化传统 | QT8.1 武侠 | QT8.7 侠盗
史记·游侠列传.md,R2,△,东亚文学综合—具体内部传统待读后校准,provisional_region,T0 文学源头与古代文学 · 古代经典、史传与诗歌传统奠基,区域扩展阅读,T0 文学源头与古代文学,R2 东亚文学,,G3 小说,QT8 英雄、边疆与法外者文化传统 | QT8.1 武侠 | QT8.7 侠盗
叶之屋.md,R4,△,欧洲文学综合—具体内部传统待读后校准,provisional_region,T5 二战后多极文学 · 战后重建、记忆政治与后现代转型,区域扩展阅读,T5 二战后多极文学,R4 欧洲文学,M5.1 战后思想与美学范式,G3 小说,QT4 恐怖与哥特
叶甫盖尼·奥涅金.md,R4,△,欧洲文学综合—具体内部传统待读后校准,provisional_region,T3 19世纪现代文学体系 · 浪漫主义、现实主义与民族文学体系,区域扩展阅读,T3 19世纪现代文学体系,R4 欧洲文学,M2 19世纪文学思潮 / 浪漫主义 | M2 19世纪文学思潮,G3 小说,QH4 社会、阶级与劳动
叶隐.md,R2,△,东亚文学综合—具体内部传统待读后校准,provisional_region,T6 当代全球文学 · 都市经验、媒介转型与跨国传播,区域扩展阅读,T6 当代全球文学,R2 东亚文学,M5 战后与当代美学范式,G3 小说,QT8 英雄、边疆与法外者文化传统 | QT8.3 日本武士与剑豪
叶隐入门.md,R2,△,东亚文学综合—具体内部传统待读后校准,provisional_region,T5 二战后多极文学 · 战争革命、国家文学与社会重构,区域扩展阅读,T5 二战后多极文学,R2 东亚文学,M5 战后与当代美学范式,G3 小说,QT8 英雄、边疆与法外者文化传统 | QT8.3 日本武士与剑豪
合成人.md,R5,△,北美文学综合—具体内部传统待读后校准,provisional_region,T6 当代全球文学 · 多元身份、数字媒介与全球传播,区域扩展阅读,T6 当代全球文学,R5 北美文学,M5 战后与当代美学范式,G3 小说,QT2 科幻
吉尔伽美什史诗.md,R1,△,两河文学传统,existing,T0 文学源头与古代文学 · 古代文字、史诗与经典传统形成,源头与经典奠基,T0 文学源头与古代文学,R1 西亚—地中海古老传统,,G3 小说,QT9 神话、传说与民间叙事
吉普赛谣曲.md,R4,△,欧洲文学综合—具体内部传统待读后校准,provisional_region,T4 全球现代主义时代 · 战争危机、现代主义与先锋实验,区域扩展阅读,T4 全球现代主义时代,R4 欧洲文学,M3 现代主义与先锋派,G1 诗歌,QH1 自我、存在与生命
吉檀迦利.md,R3,★,孟加拉与东部语言文学传统,existing,T4 全球现代主义时代 · 反殖民、现代主义与多语文学革新,语言、书写与媒介转型,T4 全球现代主义时代,R3 南亚文学,M3 现代主义与先锋派,G1 诗歌,QH5 权力、制度与秩序
吉迪恩之火.md,R4,△,欧洲文学综合—具体内部传统待读后校准,provisional_region,T5 二战后多极文学 · 战后重建、记忆政治与后现代转型,区域扩展阅读,T5 二战后多极文学,R4 欧洲文学,M5 战后与当代美学范式,G3 小说,QH6 战争、暴力与创伤
同名人.md,R10,★,南亚离散文学传统,existing,T6 当代全球文学 · 全球迁徙、数字传播与跨语文学网络,离散迁徙与跨区域连接,T6 当代全球文学,R10 跨区域文学传统,M5 战后与当代美学范式,G3 小说,QH2.5 童年与成长 | QH2.3 家庭与家族
同情者.md,R5,★,亚裔美国文学传统,existing,T6 当代全球文学 · 多元身份、数字媒介与全球传播,翻译与跨传统连接,T6 当代全球文学,R5 北美文学 | R8 东南亚文学,M5 战后与当代美学范式,G3 小说,QH6 战争、暴力与创伤
同情者.md,R8,△,东南亚文学综合—具体内部传统待读后校准,provisional_region,T6 当代全球文学 · 城市化、跨语写作与东南亚离散,翻译与跨传统连接,T6 当代全球文学,R5 北美文学 | R8 东南亚文学,M5 战后与当代美学范式,G3 小说,QH6 战争、暴力与创伤
名为和平的荒芜.md,R5,△,北美文学综合—具体内部传统待读后校准,provisional_region,T6 当代全球文学 · 多元身份、数字媒介与全球传播,区域扩展阅读,T6 当代全球文学,R5 北美文学,M5 战后与当代美学范式,G3 小说,QH3 身份、身体与归属
名为帝国的记忆.md,R5,△,北美文学综合—具体内部传统待读后校准,provisional_region,T6 当代全球文学 · 多元身份、数字媒介与全球传播,区域扩展阅读,T6 当代全球文学,R5 北美文学,M5 战后与当代美学范式,G3 小说,QT2 科幻
名利场.md,R4,△,欧洲文学综合—具体内部传统待读后校准,provisional_region,T3 19世纪现代文学体系 · 浪漫主义、现实主义与民族文学体系,区域扩展阅读,T3 19世纪现代文学体系,R4 欧洲文学,M2 19世纪文学思潮 | M2 19世纪文学思潮 / 现实主义,G3 小说,QH6 战争、暴力与创伤
名士风流.md,R4,△,欧洲文学综合—具体内部传统待读后校准,provisional_region,T5 二战后多极文学 · 战后重建、记忆政治与后现代转型,区域扩展阅读,T5 二战后多极文学,R4 欧洲文学,M5.1 战后思想与美学范式,G3 小说,QH5 权力、制度与秩序 | QH1 自我、存在与生命
后水浒传.md,R2,△,东亚文学综合—具体内部传统待读后校准,provisional_region,T2 早期现代文学 · 印刷扩展、通俗文类与文人传统成熟,区域扩展阅读,T2 早期现代文学,R2 东亚文学,M1 早期现代思想与美学,G3 小说,QT8 英雄、边疆与法外者文化传统 | QT8.7 侠盗
后赤壁赋.md,R2,△,东亚文学综合—具体内部传统待读后校准,provisional_region,T1 中古多中心文学世界 · 宗教传播、宫廷文化与区域交流,区域扩展阅读,T1 中古多中心文学世界,R2 东亚文学,,G6 纪实与文学非虚构,QT14 旅行与游记
向加泰罗尼亚致敬.md,R4,△,欧洲文学综合—具体内部传统待读后校准,provisional_region,T4 全球现代主义时代 · 战争危机、现代主义与先锋实验,区域扩展阅读,T4 全球现代主义时代,R4 欧洲文学,M5 战后与当代美学范式,G3 小说,QH6 战争、暴力与创伤
向导.md,R3,△,南亚文学综合—具体内部传统待读后校准,provisional_region,T5 二战后多极文学 · 独立分治、国家文学与离散书写,区域扩展阅读,T5 二战后多极文学,R3 南亚文学,M5 战后与当代美学范式,G3 小说,QH6 战争、暴力与创伤
向性.md,R4,△,欧洲文学综合—具体内部传统待读后校准,provisional_region,T5 二战后多极文学 · 战后重建、记忆政治与后现代转型,区域扩展阅读,T5 二战后多极文学,R4 欧洲文学,M5.1 战后思想与美学范式,G3 小说,QH1 自我、存在与生命
向苍天呼吁.md,R5,◆,非裔美国文学传统,existing,T5 二战后多极文学 · 战后反文化、族裔文学与媒介繁荣,源头与经典奠基,T5 二战后多极文学,R5 北美文学,M5 战后与当代美学范式,G3 小说,QH2.5 童年与成长
吕意·布拉斯.md,R4,△,欧洲文学综合—具体内部传统待读后校准,provisional_region,T3 19世纪现代文学体系 · 浪漫主义、现实主义与民族文学体系,文类形成与区域典范,T3 19世纪现代文学体系,R4 欧洲文学,M2 19世纪文学思潮,G3 小说,QT8 英雄、边疆与法外者文化传统 | QT8.4 欧洲剑客
吕西斯特拉忒.md,R1,◆,古希腊文学传统,existing,T0 文学源头与古代文学 · 古代文字、史诗与经典传统形成,传统转型与区域扩展,T0 文学源头与古代文学,R1 西亚—地中海古老传统,,G3 小说,QH8 信仰、伦理与超越
君主论.md,R4,△,欧洲文学综合—具体内部传统待读后校准,provisional_region,T2 早期现代文学 · 文艺复兴、宗教改革与印刷公共领域,区域扩展阅读,T2 早期现代文学,R4 欧洲文学,M1 早期现代思想与美学,G3 小说,QH5 权力、制度与秩序
吞噬者.md,R5,◆,法语加拿大—魁北克文学传统,existing,T6 当代全球文学 · 多元身份、数字媒介与全球传播,文类形成与区域典范,T6 当代全球文学,R5 北美文学,M5 战后与当代美学范式,G3 小说,QH5 权力、制度与秩序
启示空间.md,R4,△,欧洲文学综合—具体内部传统待读后校准,provisional_region,T6 当代全球文学 · 欧洲一体化、迁徙经验与当代重组,区域扩展阅读,T6 当代全球文学,R4 欧洲文学,M5 战后与当代美学范式,G3 小说,QT2 科幻
吸血鬼莱斯特.md,R5,△,北美文学综合—具体内部传统待读后校准,provisional_region,T6 当代全球文学 · 多元身份、数字媒介与全球传播,区域扩展阅读,T6 当代全球文学,R5 北美文学,M5 战后与当代美学范式,G3 小说,QT4 恐怖与哥特
吹哨吧，我就来.md,R4,△,欧洲文学综合—具体内部传统待读后校准,provisional_region,T4 全球现代主义时代 · 战争危机、现代主义与先锋实验,区域扩展阅读,T4 全球现代主义时代,R4 欧洲文学,M3 现代主义与先锋派,G3 小说,QT4 恐怖与哥特
吹过荒野的风.md,R6,△,拉丁美洲与加勒比综合—具体内部传统待读后校准,provisional_region,T6 当代全球文学 · 后独裁记忆、迁徙与跨国文学重组,区域扩展阅读,T6 当代全球文学,R6 拉丁美洲与加勒比,M5 战后与当代美学范式,G3 小说,QH5 权力、制度与秩序
告别马焦拉.md,R4,△,欧洲文学综合—具体内部传统待读后校准,provisional_region,T5 二战后多极文学 · 战后重建、记忆政治与后现代转型,区域扩展阅读,T5 二战后多极文学,R4 欧洲文学,M5 战后与当代美学范式,G3 小说,QH6 战争、暴力与创伤
呐喊.md,R2,△,东亚文学综合—具体内部传统待读后校准,provisional_region,T4 全球现代主义时代 · 殖民现代性、新文学与形式实验,区域扩展阅读,T4 全球现代主义时代,R2 东亚文学,M3.1 现代主义 / Modernism,G3 小说,QH4 社会、阶级与劳动 | QH5 权力、制度与秩序
呼吸.md,R5,△,北美文学综合—具体内部传统待读后校准,provisional_region,T6 当代全球文学 · 多元身份、数字媒介与全球传播,文类形成与区域典范,T6 当代全球文学,R5 北美文学,M5 战后与当代美学范式,G3 小说,QT2 科幻
呼吸课.md,R5,△,北美文学综合—具体内部传统待读后校准,provisional_region,T6 当代全球文学 · 多元身份、数字媒介与全球传播,区域扩展阅读,T6 当代全球文学,R5 北美文学,M5 战后与当代美学范式,G3 小说,QH3 身份、身体与归属
呼吸，眼睛，记忆.md,R6,◆,海地—法语与克里奥尔加勒比传统,existing,T6 当代全球文学 · 后独裁记忆、迁徙与跨国文学重组,传统转型与区域扩展,T6 当代全球文学,R6 拉丁美洲与加勒比,M5 战后与当代美学范式,G3 小说,QH7 历史、记忆与时间 | QH3 身份、身体与归属
呼啸山庄.md,R4,△,欧洲文学综合—具体内部传统待读后校准,provisional_region,T3 19世纪现代文学体系 · 浪漫主义、现实主义与民族文学体系,区域扩展阅读,T3 19世纪现代文学体系,R4 欧洲文学,M2 19世纪文学思潮,G3 小说,QH2.1 爱情与欲望 | QH2.3 家庭与家族
咆哮营的幸运儿.md,R5,△,北美文学综合—具体内部传统待读后校准,provisional_region,T6 当代全球文学 · 多元身份、数字媒介与全球传播,区域扩展阅读,T6 当代全球文学,R5 北美文学,M5 战后与当代美学范式,G3 小说,QT8 英雄、边疆与法外者文化传统 | QT8.5 西部
和泉式部日记.md,R2,△,东亚文学综合—具体内部传统待读后校准,provisional_region,T1 中古多中心文学世界 · 宗教传播、宫廷文化与区域交流,区域扩展阅读,T1 中古多中心文学世界,R2 东亚文学,,G3 小说,QH2.1 爱情与欲望
和解者之爪.md,R5,△,北美文学综合—具体内部传统待读后校准,provisional_region,T6 当代全球文学 · 多元身份、数字媒介与全球传播,区域扩展阅读,T6 当代全球文学,R5 北美文学,M5 战后与当代美学范式,G3 小说,QH3 身份、身体与归属
和谐.md,R2,△,东亚文学综合—具体内部传统待读后校准,provisional_region,T6 当代全球文学 · 都市经验、媒介转型与跨国传播,区域扩展阅读,T6 当代全球文学,R2 东亚文学,M5 战后与当代美学范式,G3 小说,QT2 科幻 | QT6 乌托邦、反乌托邦与社会想象
哀痛的战争.md,R8,★,越南汉喃—国语文学传统,existing,T6 当代全球文学 · 城市化、跨语写作与东南亚离散,核心经典与传统确立,T6 当代全球文学,R8 东南亚文学,M5 战后与当代美学范式,G3 小说,QH6 战争、暴力与创伤
哈克贝利·费恩历险记.md,R5,★,十九世纪—现代美国文学传统,existing,T3 19世纪现代文学体系 · 国家文学、奴隶制回应与大众出版,语言、书写与媒介转型,T3 19世纪现代文学体系,R5 北美文学,M2 19世纪文学思潮 | M2 19世纪文学思潮 / 现实主义,G3 小说,QT5 冒险与探索叙事 | QH2.5 童年与成长
哈利·波特与凤凰社.md,R4,△,欧洲文学综合—具体内部传统待读后校准,provisional_region,T6 当代全球文学 · 欧洲一体化、迁徙经验与当代重组,源头与经典奠基,T6 当代全球文学,R4 欧洲文学,M5 战后与当代美学范式,G3 小说,QT3 奇幻 | QH2.3 家庭与家族 | QH5 权力、制度与秩序
哈利·波特与密室.md,R4,△,欧洲文学综合—具体内部传统待读后校准,provisional_region,T6 当代全球文学 · 欧洲一体化、迁徙经验与当代重组,源头与经典奠基,T6 当代全球文学,R4 欧洲文学,M5 战后与当代美学范式,G3 小说,QT3 奇幻 | QH2.3 家庭与家族 | QH5 权力、制度与秩序
哈利·波特与死亡圣器.md,R4,△,欧洲文学综合—具体内部传统待读后校准,provisional_region,T6 当代全球文学 · 欧洲一体化、迁徙经验与当代重组,源头与经典奠基,T6 当代全球文学,R4 欧洲文学,M5 战后与当代美学范式,G3 小说,QT3 奇幻 | QH2.3 家庭与家族 | QH5 权力、制度与秩序
哈利·波特与混血王子.md,R4,△,欧洲文学综合—具体内部传统待读后校准,provisional_region,T6 当代全球文学 · 欧洲一体化、迁徙经验与当代重组,源头与经典奠基,T6 当代全球文学,R4 欧洲文学,M5 战后与当代美学范式,G3 小说,QT3 奇幻 | QH2.3 家庭与家族 | QH5 权力、制度与秩序
哈利·波特与火焰杯.md,R4,△,欧洲文学综合—具体内部传统待读后校准,provisional_region,T6 当代全球文学 · 欧洲一体化、迁徙经验与当代重组,源头与经典奠基,T6 当代全球文学,R4 欧洲文学,M5 战后与当代美学范式,G3 小说,QT3 奇幻 | QH2.3 家庭与家族 | QH5 权力、制度与秩序
哈利·波特与阿兹卡班的囚徒.md,R4,△,欧洲文学综合—具体内部传统待读后校准,provisional_region,T6 当代全球文学 · 欧洲一体化、迁徙经验与当代重组,源头与经典奠基,T6 当代全球文学,R4 欧洲文学,M5 战后与当代美学范式,G3 小说,QT3 奇幻 | QH2.3 家庭与家族 | QH5 权力、制度与秩序
哈利·波特与魔法石.md,R4,△,欧洲文学综合—具体内部传统待读后校准,provisional_region,T6 当代全球文学 · 欧洲一体化、迁徙经验与当代重组,源头与经典奠基,T6 当代全球文学,R4 欧洲文学,M5 战后与当代美学范式,G3 小说,QT3 奇幻 | QH2.3 家庭与家族 | QH5 权力、制度与秩序
哈卡瓦蒂.md,R10,◆,阿拉伯—中东离散文学传统,existing,T6 当代全球文学 · 全球迁徙、数字传播与跨语文学网络,离散迁徙与跨区域连接,T6 当代全球文学,R10 跨区域文学传统,M5 战后与当代美学范式,G3 小说,QH3 身份、身体与归属
哈吉·穆拉特.md,R4,△,俄罗斯文学传统,author_model,T3 19世纪现代文学体系 · 浪漫主义、现实主义与民族文学体系,区域扩展阅读,T3 19世纪现代文学体系,R4 欧洲文学,M2 19世纪文学思潮,G3 小说,QH6 战争、暴力与创伤
哈姆扎·凡苏里诗选.md,R8,◆,马来—Jawi文学传统,existing,T6 当代全球文学 · 城市化、跨语写作与东南亚离散,文类形成与区域典范,T6 当代全球文学,R8 东南亚文学,M5 战后与当代美学范式,G1 诗歌,QH5 权力、制度与秩序
哈姆雷特.md,R4,★,英国—爱尔兰文学传统,existing,T2 早期现代文学 · 文艺复兴、宗教改革与印刷公共领域,文类形成与区域典范,T2 早期现代文学,R4 欧洲文学,M1 早期现代思想与美学,G2 戏剧,QH5 权力、制度与秩序
哈尔的移动城堡.md,R4,△,欧洲文学综合—具体内部传统待读后校准,provisional_region,T6 当代全球文学 · 欧洲一体化、迁徙经验与当代重组,源头与经典奠基,T6 当代全球文学,R4 欧洲文学,M5 战后与当代美学范式,G3 小说,QT3 奇幻
哈德拉维诗选.md,R7,★,非洲之角—埃塞俄比亚/厄立特里亚/索马里文学传统,existing,T6 当代全球文学 · 后殖民批判、城市经验与全球离散,源头与经典奠基,T6 当代全球文学,R7 非洲文学,M5 战后与当代美学范式,G1 诗歌,QH5 权力、制度与秩序
哈德良回忆录.md,R4,△,欧洲文学综合—具体内部传统待读后校准,provisional_region,T5 二战后多极文学 · 战后重建、记忆政治与后现代转型,区域扩展阅读,T5 二战后多极文学,R4 欧洲文学,M5 战后与当代美学范式,G3 小说,QT7 历史叙事
哈特拉斯船长历险记.md,R4,△,欧洲文学综合—具体内部传统待读后校准,provisional_region,T3 19世纪现代文学体系 · 浪漫主义、现实主义与民族文学体系,区域扩展阅读,T3 19世纪现代文学体系,R4 欧洲文学,M2 19世纪文学思潮,G3 小说,QT5 冒险与探索叙事
哈莱姆之家.md,R5,△,北美文学综合—具体内部传统待读后校准,provisional_region,T4 全球现代主义时代 · 现代主义、哈莱姆复兴与类型扩张,区域扩展阅读,T4 全球现代主义时代,R5 北美文学,M3.1 现代主义 / Modernism | M4 集体文学运动与文化政治,G3 小说,QH3 身份、身体与归属
哈菲兹诗集.md,R1,★,波斯—伊朗文学传统,existing,T1 中古多中心文学世界 · 宗教经典、帝国网络与翻译传承,核心经典与传统确立,T1 中古多中心文学世界,R1 西亚—地中海古老传统,,G1 诗歌,QH8 信仰、伦理与超越
哈里里玛卡梅集.md,R1,△,阿拉伯文学传统,existing,T1 中古多中心文学世界 · 宗教经典、帝国网络与翻译传承,区域扩展阅读,T1 中古多中心文学世界,R1 西亚—地中海古老传统,,G3 小说,QH8 信仰、伦理与超越
哑舍.md,R2,△,东亚文学综合—具体内部传统待读后校准,provisional_region,T6 当代全球文学 · 都市经验、媒介转型与跨国传播,文类形成与区域典范,T6 当代全球文学,R2 东亚文学,M5 战后与当代美学范式,G3 小说,QT3 奇幻 | QH2.1 爱情与欲望 | QH7 历史、记忆与时间
哭泣吧，亲爱的祖国.md,R7,★,南部非洲文学传统,existing,T5 二战后多极文学 · 独立、去殖民化与国家文学建构,文类形成与区域典范,T5 二战后多极文学,R7 非洲文学,M5 战后与当代美学范式,G3 小说,QH5 权力、制度与秩序
哲学通信.md,R4,△,法语文学传统,author_model,T2 早期现代文学 · 文艺复兴、宗教改革与印刷公共领域,区域扩展阅读,T2 早期现代文学,R4 欧洲文学,M1 早期现代思想与美学,G3 小说,QH5 权力、制度与秩序
唐璜.md,R4,△,欧洲文学综合—具体内部传统待读后校准,provisional_region,T3 19世纪现代文学体系 · 浪漫主义、现实主义与民族文学体系,区域扩展阅读,T3 19世纪现代文学体系,R4 欧洲文学,M2 19世纪文学思潮 / 浪漫主义 | M2 19世纪文学思潮,G3 小说,QH4 社会、阶级与劳动
啊，拓荒者！.md,R5,△,北美文学综合—具体内部传统待读后校准,provisional_region,T4 全球现代主义时代 · 现代主义、哈莱姆复兴与类型扩张,区域扩展阅读,T4 全球现代主义时代,R5 北美文学,M3 现代主义与先锋派,G3 小说,QT8 英雄、边疆与法外者文化传统 | QT8.5 西部
喀耳刻.md,R5,△,北美文学综合—具体内部传统待读后校准,provisional_region,T6 当代全球文学 · 多元身份、数字媒介与全球传播,文类形成与区域典范,T6 当代全球文学,R5 北美文学,M5 战后与当代美学范式,G3 小说,QT3 奇幻
喜福会.md,R10,★,华人—华语离散文学传统,existing,T6 当代全球文学 · 全球迁徙、数字传播与跨语文学网络,离散迁徙与跨区域连接,T6 当代全球文学,R10 跨区域文学传统,M5 战后与当代美学范式,G3 小说,QH2.3 家庭与家族
喜鹊谋杀案.md,R4,△,欧洲文学综合—具体内部传统待读后校准,provisional_region,T6 当代全球文学 · 欧洲一体化、迁徙经验与当代重组,区域扩展阅读,T6 当代全球文学,R4 欧洲文学,M5 战后与当代美学范式,G3 小说,QT1 推理与犯罪叙事
喝眼泪的鸟.md,R2,△,东亚文学综合—具体内部传统待读后校准,provisional_region,T6 当代全球文学 · 都市经验、媒介转型与跨国传播,区域扩展阅读,T6 当代全球文学,R2 东亚文学,M5 战后与当代美学范式,G3 小说,QT3 奇幻
喧哗与骚动.md,R5,★,十九世纪—现代美国文学传统,existing,T4 全球现代主义时代 · 现代主义、哈莱姆复兴与类型扩张,核心经典与传统确立,T4 全球现代主义时代,R5 北美文学,M3.1 现代主义 / Modernism,G3 小说,QH2.5 童年与成长 | QH2.3 家庭与家族 | QH7 历史、记忆与时间
喷火器.md,R6,△,拉丁美洲与加勒比综合—具体内部传统待读后校准,provisional_region,T6 当代全球文学 · 后独裁记忆、迁徙与跨国文学重组,区域扩展阅读,T6 当代全球文学,R6 拉丁美洲与加勒比,M5 战后与当代美学范式,G3 小说,QH5 权力、制度与秩序
嘉尔西拉索诗集.md,R4,△,欧洲文学综合—具体内部传统待读后校准,provisional_region,T2 早期现代文学 · 文艺复兴、宗教改革与印刷公共领域,区域扩展阅读,T2 早期现代文学,R4 欧洲文学,M1 早期现代思想与美学,G1 诗歌,QH5 权力、制度与秩序
嘉莉妹妹.md,R5,◆,十九世纪—现代美国文学传统,existing,T3 19世纪现代文学体系 · 国家文学、奴隶制回应与大众出版,传统转型与区域扩展,T3 19世纪现代文学体系,R5 北美文学,M2 19世纪文学思潮 / 自然主义 | M2 19世纪文学思潮,G3 小说,QH8 信仰、伦理与超越 | QH2.1 爱情与欲望
嘲笑鸟.md,R5,△,北美文学综合—具体内部传统待读后校准,provisional_region,T6 当代全球文学 · 多元身份、数字媒介与全球传播,区域扩展阅读,T6 当代全球文学,R5 北美文学,M5 战后与当代美学范式,G3 小说,QT6 乌托邦、反乌托邦与社会想象
嚎叫.md,R5,△,北美文学综合—具体内部传统待读后校准,provisional_region,T5 二战后多极文学 · 战后反文化、族裔文学与媒介繁荣,区域扩展阅读,T5 二战后多极文学,R5 北美文学,M5 战后与当代美学范式 | M4 集体文学运动与文化政治,G1 诗歌,QH6 战争、暴力与创伤
四世同堂.md,R2,△,东亚文学综合—具体内部传统待读后校准,provisional_region,T5 二战后多极文学 · 战争革命、国家文学与社会重构,区域扩展阅读,T5 二战后多极文学,R2 东亚文学,M2 19世纪文学思潮,G3 小说,QH2.3 家庭与家族 | QH6 战争、暴力与创伤 | QH7 历史、记忆与时间
四个四重奏.md,R4,△,欧洲文学综合—具体内部传统待读后校准,provisional_region,T4 全球现代主义时代 · 战争危机、现代主义与先锋实验,区域扩展阅读,T4 全球现代主义时代,R4 欧洲文学,M3.1 现代主义 / Modernism,G1 诗歌,QH1 自我、存在与生命
四十五卫士.md,R4,△,欧洲文学综合—具体内部传统待读后校准,provisional_region,T3 19世纪现代文学体系 · 浪漫主义、现实主义与民族文学体系,区域扩展阅读,T3 19世纪现代文学体系,R4 欧洲文学,M2 19世纪文学思潮,G3 小说,QT8 英雄、边疆与法外者文化传统 | QT8.4 欧洲剑客
四川好人.md,R4,◆,德语文学传统,existing,T6 当代全球文学 · 欧洲一体化、迁徙经验与当代重组,源头与经典奠基,T6 当代全球文学,R4 欧洲文学,M5 战后与当代美学范式,G3 小说,QH5 权力、制度与秩序
四月三日事件.md,R2,△,东亚文学综合—具体内部传统待读后校准,provisional_region,T6 当代全球文学 · 都市经验、媒介转型与跨国传播,区域扩展阅读,T6 当代全球文学,R2 东亚文学,M5 战后与当代美学范式,G3 小说,QH1 自我、存在与生命
四朝代.md,R8,△,东南亚文学综合—具体内部传统待读后校准,provisional_region,T5 二战后多极文学 · 独立战争、国家建构与政治创伤,区域扩展阅读,T5 二战后多极文学,R8 东南亚文学,M5 战后与当代美学范式,G3 小说,QH5 权力、制度与秩序
四签名.md,R4,△,欧洲文学综合—具体内部传统待读后校准,provisional_region,T4 全球现代主义时代 · 战争危机、现代主义与先锋实验,区域扩展阅读,T4 全球现代主义时代,R4 欧洲文学,M2 19世纪文学思潮,G3 小说,QT1 推理与犯罪叙事
回乡笔记.md,R7,★,西非法语文学传统,existing,T6 当代全球文学 · 后殖民批判、城市经验与全球离散,文类形成与区域典范,T6 当代全球文学,R7 非洲文学,M5 战后与当代美学范式,G1 诗歌,QH5 权力、制度与秩序
回响.md,R2,△,东亚文学综合—具体内部传统待读后校准,provisional_region,T6 当代全球文学 · 都市经验、媒介转型与跨国传播,区域扩展阅读,T6 当代全球文学,R2 东亚文学,M5 战后与当代美学范式,G3 小说,QH6 战争、暴力与创伤
回家的方式.md,R6,△,拉丁美洲与加勒比综合—具体内部传统待读后校准,provisional_region,T6 当代全球文学 · 后独裁记忆、迁徙与跨国文学重组,区域扩展阅读,T6 当代全球文学,R6 拉丁美洲与加勒比,M5 战后与当代美学范式,G3 小说,QH5 权力、制度与秩序
回归故里.md,R7,△,非洲文学综合—具体内部传统待读后校准,provisional_region,T5 二战后多极文学 · 独立、去殖民化与国家文学建构,区域扩展阅读,T5 二战后多极文学,R7 非洲文学,M4 集体文学运动与文化政治,G3 小说,QH3 身份、身体与归属
回旋余地.md,R5,△,北美文学综合—具体内部传统待读后校准,provisional_region,T5 二战后多极文学 · 战后反文化、族裔文学与媒介繁荣,区域扩展阅读,T5 二战后多极文学,R5 北美文学,M5 战后与当代美学范式,G3 小说,QH6 战争、暴力与创伤
回顾：2000—1887.md,R5,△,北美文学综合—具体内部传统待读后校准,provisional_region,T3 19世纪现代文学体系 · 国家文学、奴隶制回应与大众出版,区域扩展阅读,T3 19世纪现代文学体系,R5 北美文学,M2 19世纪文学思潮,G3 小说,QT2 科幻 | QT6 乌托邦、反乌托邦与社会想象
园丁之犬.md,R4,△,伊比利亚文学传统,author_model,T2 早期现代文学 · 文艺复兴、宗教改革与印刷公共领域,区域扩展阅读,T2 早期现代文学,R4 欧洲文学,M1 早期现代思想与美学,G3 小说,QT8 英雄、边疆与法外者文化传统 | QT8.4 欧洲剑客
围城.md,R2,△,东亚文学综合—具体内部传统待读后校准,provisional_region,T5 二战后多极文学 · 战争革命、国家文学与社会重构,区域扩展阅读,T5 二战后多极文学,R2 东亚文学,M5 战后与当代美学范式,G3 小说,QH2.1 爱情与欲望 | QH6 战争、暴力与创伤
国家.md,R8,★,菲律宾文学传统,existing,T6 当代全球文学 · 城市化、跨语写作与东南亚离散,文类形成与区域典范,T6 当代全球文学,R8 东南亚文学,M5 战后与当代美学范式,G3 小说,QH5 权力、制度与秩序
国王叙事诗.md,R4,△,欧洲文学综合—具体内部传统待读后校准,provisional_region,T1 中古多中心文学世界 · 基督教、宫廷与俗语文学形成,区域扩展阅读,T1 中古多中心文学世界,R4 欧洲文学,,G3 小说,QT8 英雄、边疆与法外者文化传统 | QT8.2 欧洲骑士
国王的人马.md,R5,△,北美文学综合—具体内部传统待读后校准,provisional_region,T5 二战后多极文学 · 战后反文化、族裔文学与媒介繁荣,区域扩展阅读,T5 二战后多极文学,R5 北美文学,M5 战后与当代美学范式,G3 小说,QH6 战争、暴力与创伤
国王的荣耀.md,R7,★,非洲之角—埃塞俄比亚/厄立特里亚/索马里文学传统,existing,T6 当代全球文学 · 后殖民批判、城市经验与全球离散,核心经典与传统确立,T6 当代全球文学,R7 非洲文学,M5 战后与当代美学范式,G3 小说,QH5 权力、制度与秩序
国王的赎金.md,R5,△,北美文学综合—具体内部传统待读后校准,provisional_region,T5 二战后多极文学 · 战后反文化、族裔文学与媒介繁荣,区域扩展阅读,T5 二战后多极文学,R5 北美文学,M5 战后与当代美学范式,G3 小说,QT1 推理与犯罪叙事
国王的黄金.md,R4,△,欧洲文学综合—具体内部传统待读后校准,provisional_region,T6 当代全球文学 · 欧洲一体化、迁徙经验与当代重组,区域扩展阅读,T6 当代全球文学,R4 欧洲文学,M5 战后与当代美学范式,G3 小说,QT8 英雄、边疆与法外者文化传统 | QT8.4 欧洲剑客
国盗物语.md,R2,△,东亚文学综合—具体内部传统待读后校准,provisional_region,T5 二战后多极文学 · 战争革命、国家文学与社会重构,区域扩展阅读,T5 二战后多极文学,R2 东亚文学,M5 战后与当代美学范式,G3 小说,QT7 历史叙事 | QT8 英雄、边疆与法外者文化传统 | QT8.3 日本武士与剑豪
图像诗.md,R4,△,欧洲文学综合—具体内部传统待读后校准,provisional_region,T4 全球现代主义时代 · 战争危机、现代主义与先锋实验,区域扩展阅读,T4 全球现代主义时代,R4 欧洲文学,M3.1 现代主义 / Modernism,G1 诗歌,QH1 自我、存在与生命
图姆提乌.md,R8,★,柬埔寨—老挝文学传统,existing,T4 全球现代主义时代 · 民族主义、现代主义与反殖民写作,核心经典与传统确立,T4 全球现代主义时代,R8 东南亚文学,M3 现代主义与先锋派,G3 小说,QH2.1 爱情与欲望
土地.md,R2,△,东亚文学综合—具体内部传统待读后校准,provisional_region,T5 二战后多极文学 · 战争革命、国家文学与社会重构,区域扩展阅读,T5 二战后多极文学,R2 东亚文学,M5 战后与当代美学范式,G3 小说,QH2.3 家庭与家族
土星之环.md,R4,△,欧洲文学综合—具体内部传统待读后校准,provisional_region,T6 当代全球文学 · 欧洲一体化、迁徙经验与当代重组,区域扩展阅读,T6 当代全球文学,R4 欧洲文学,M5 战后与当代美学范式,G6 纪实与文学非虚构,QT14 旅行与游记
土生子.md,R5,★,非裔美国文学传统,existing,T4 全球现代主义时代 · 现代主义、哈莱姆复兴与类型扩张,核心经典与传统确立,T4 全球现代主义时代,R5 北美文学,M3.1 现代主义 / Modernism,G3 小说,QH1 自我、存在与生命
圣埃维塔.md,R6,△,拉丁美洲与加勒比综合—具体内部传统待读后校准,provisional_region,T6 当代全球文学 · 后独裁记忆、迁徙与跨国文学重组,区域扩展阅读,T6 当代全球文学,R6 拉丁美洲与加勒比,M5 战后与当代美学范式,G3 小说,QH5 权力、制度与秩序
圣女的救济.md,R2,△,东亚文学综合—具体内部传统待读后校准,provisional_region,T6 当代全球文学 · 都市经验、媒介转型与跨国传播,区域扩展阅读,T6 当代全球文学,R2 东亚文学,M5 战后与当代美学范式,G3 小说,QT1 推理与犯罪叙事
圣彼得节的奇迹.md,R4,△,欧洲文学综合—具体内部传统待读后校准,provisional_region,T5 二战后多极文学 · 战后重建、记忆政治与后现代转型,区域扩展阅读,T5 二战后多极文学,R4 欧洲文学,M5 战后与当代美学范式,G3 小说,QT1 推理与犯罪叙事
圣徒与疯子的城市.md,R5,△,北美文学综合—具体内部传统待读后校准,provisional_region,T6 当代全球文学 · 多元身份、数字媒介与全球传播,文类形成与区域典范,T6 当代全球文学,R5 北美文学,M5 战后与当代美学范式,G3 小说,QT3 奇幻 | QT4 恐怖与哥特
圣殿.md,R4,△,欧洲文学综合—具体内部传统待读后校准,provisional_region,T2 早期现代文学 · 文艺复兴、宗教改革与印刷公共领域,区域扩展阅读,T2 早期现代文学,R4 欧洲文学,M1 早期现代思想与美学,G3 小说,QH8 信仰、伦理与超越
圣殿春秋.md,R4,△,欧洲文学综合—具体内部传统待读后校准,provisional_region,T6 当代全球文学 · 欧洲一体化、迁徙经验与当代重组,区域扩展阅读,T6 当代全球文学,R4 欧洲文学,M5 战后与当代美学范式,G3 小说,QT7 历史叙事
圣诞颂歌.md,R4,△,英国—爱尔兰文学传统,author_model,T3 19世纪现代文学体系 · 浪漫主义、现实主义与民族文学体系,区域扩展阅读,T3 19世纪现代文学体系,R4 欧洲文学,M2 19世纪文学思潮,G3 小说,QT4 恐怖与哥特
圣路易斯雷大桥.md,R5,△,北美文学综合—具体内部传统待读后校准,provisional_region,T4 全球现代主义时代 · 现代主义、哈莱姆复兴与类型扩张,区域扩展阅读,T4 全球现代主义时代,R5 北美文学,M3 现代主义与先锋派,G3 小说,QH1 自我、存在与生命
圣骨疑云.md,R4,△,欧洲文学综合—具体内部传统待读后校准,provisional_region,T5 二战后多极文学 · 战后重建、记忆政治与后现代转型,区域扩展阅读,T5 二战后多极文学,R4 欧洲文学,M5 战后与当代美学范式,G3 小说,QT7 历史叙事
在人间.md,R4,△,欧洲文学综合—具体内部传统待读后校准,provisional_region,T4 全球现代主义时代 · 战争危机、现代主义与先锋实验,区域扩展阅读,T4 全球现代主义时代,R4 欧洲文学,M3 现代主义与先锋派,G3 小说,QH2.5 童年与成长
在他乡.md,R10,◆,跨语言—自译与语言转换文学传统,existing,T6 当代全球文学 · 全球迁徙、数字传播与跨语文学网络,离散迁徙与跨区域连接,T6 当代全球文学,R10 跨区域文学传统,M5 战后与当代美学范式,G3 小说,QH3 身份、身体与归属
在别人中间.md,R5,△,北美文学综合—具体内部传统待读后校准,provisional_region,T6 当代全球文学 · 多元身份、数字媒介与全球传播,区域扩展阅读,T6 当代全球文学,R5 北美文学,M5 战后与当代美学范式,G3 小说,QH3 身份、身体与归属
在地球上我们短暂地绚烂.md,R10,◆,全球移民—后殖民都市文学传统,existing,T6 当代全球文学 · 全球迁徙、数字传播与跨语文学网络,离散迁徙与跨区域连接,T6 当代全球文学,R10 跨区域文学传统,M5 战后与当代美学范式,G3 小说,QH3 身份、身体与归属
在我们的时代里.md,R5,△,北美文学综合—具体内部传统待读后校准,provisional_region,T4 全球现代主义时代 · 现代主义、哈莱姆复兴与类型扩张,区域扩展阅读,T4 全球现代主义时代,R5 北美文学,M3.1 现代主义 / Modernism,G3 小说,QH1 自我、存在与生命
在我们的生命里.md,R5,△,北美文学综合—具体内部传统待读后校准,provisional_region,T4 全球现代主义时代 · 现代主义、哈莱姆复兴与类型扩张,区域扩展阅读,T4 全球现代主义时代,R5 北美文学,M3 现代主义与先锋派,G3 小说,QH1 自我、存在与生命
在我皮肤的城堡里.md,R6,△,拉丁美洲与加勒比综合—具体内部传统待读后校准,provisional_region,T5 二战后多极文学 · 革命经验、文学爆炸与独裁回应,区域扩展阅读,T5 二战后多极文学,R6 拉丁美洲与加勒比,M5 战后与当代美学范式,G3 小说,QH6 战争、暴力与创伤
在细雨中呼喊.md,R2,△,东亚文学综合—具体内部传统待读后校准,provisional_region,T6 当代全球文学 · 都市经验、媒介转型与跨国传播,区域扩展阅读,T6 当代全球文学,R2 东亚文学,M5 战后与当代美学范式,G3 小说,QH2.3 家庭与家族 | QH2.5 童年与成长 | QH7 历史、记忆与时间
在自由的国度.md,R6,△,拉丁美洲与加勒比综合—具体内部传统待读后校准,provisional_region,T5 二战后多极文学 · 革命经验、文学爆炸与独裁回应,区域扩展阅读,T5 二战后多极文学,R6 拉丁美洲与加勒比,M5 战后与当代美学范式,G3 小说,QH5 权力、制度与秩序
在路上.md,R5,△,北美文学综合—具体内部传统待读后校准,provisional_region,T5 二战后多极文学 · 战后反文化、族裔文学与媒介繁荣,区域扩展阅读,T5 二战后多极文学,R5 北美文学,M5 战后与当代美学范式 | M4 集体文学运动与文化政治,G3 小说,QH6 战争、暴力与创伤
在迷宫中.md,R4,△,欧洲文学综合—具体内部传统待读后校准,provisional_region,T5 二战后多极文学 · 战后重建、记忆政治与后现代转型,区域扩展阅读,T5 二战后多极文学,R4 欧洲文学,M5.1 战后思想与美学范式,G3 小说,QH1 自我、存在与生命
在那里那里.md,R5,◆,北美原住民文学传统,existing,T6 当代全球文学 · 多元身份、数字媒介与全球传播,传统转型与区域扩展,T6 当代全球文学,R5 北美文学,M5 战后与当代美学范式,G3 小说,QH5 权力、制度与秩序
地下世界.md,R4,△,欧洲文学综合—具体内部传统待读后校准,provisional_region,T5 二战后多极文学 · 战后重建、记忆政治与后现代转型,区域扩展阅读,T5 二战后多极文学,R4 欧洲文学,M5.1 战后思想与美学范式,G3 小说,QH7 历史、记忆与时间
地下室手记.md,R4,△,俄罗斯文学传统,author_model,T3 19世纪现代文学体系 · 浪漫主义、现实主义与民族文学体系,区域扩展阅读,T3 19世纪现代文学体系,R4 欧洲文学,M3.1 现代主义 / Modernism,G3 小说,QH4 社会、阶级与劳动
地下铁道.md,R5,△,北美文学综合—具体内部传统待读后校准,provisional_region,T6 当代全球文学 · 多元身份、数字媒介与全球传播,区域扩展阅读,T6 当代全球文学,R5 北美文学,M5 战后与当代美学范式,G3 小说,QT7 历史叙事
地图.md,R7,◆,非洲之角—埃塞俄比亚/厄立特里亚/索马里文学传统,existing,T6 当代全球文学 · 后殖民批判、城市经验与全球离散,传统转型与区域扩展,T6 当代全球文学,R7 非洲文学,M5 战后与当代美学范式,G3 小说,QH5 权力、制度与秩序
地心游记.md,R4,△,欧洲文学综合—具体内部传统待读后校准,provisional_region,T3 19世纪现代文学体系 · 浪漫主义、现实主义与民族文学体系,区域扩展阅读,T3 19世纪现代文学体系,R4 欧洲文学,M2 19世纪文学思潮,G3 小说,QT2 科幻 | QT5 冒险与探索叙事
地海古墓.md,R5,△,北美文学综合—具体内部传统待读后校准,provisional_region,T5 二战后多极文学 · 战后反文化、族裔文学与媒介繁荣,区域扩展阅读,T5 二战后多极文学,R5 北美文学,M5 战后与当代美学范式,G3 小说,QT3 奇幻
地海孤雏.md,R5,△,北美文学综合—具体内部传统待读后校准,provisional_region,T6 当代全球文学 · 多元身份、数字媒介与全球传播,区域扩展阅读,T6 当代全球文学,R5 北美文学,M5 战后与当代美学范式,G3 小说,QH3 身份、身体与归属
地海巫师.md,R5,△,北美文学综合—具体内部传统待读后校准,provisional_region,T5 二战后多极文学 · 战后反文化、族裔文学与媒介繁荣,区域扩展阅读,T5 二战后多极文学,R5 北美文学,M5 战后与当代美学范式,G3 小说,QT3 奇幻
地狱之心.md,R4,△,欧洲文学综合—具体内部传统待读后校准,provisional_region,T6 当代全球文学 · 欧洲一体化、迁徙经验与当代重组,区域扩展阅读,T6 当代全球文学,R4 欧洲文学,M5 战后与当代美学范式,G3 小说,QT4 恐怖与哥特
地狱屋.md,R5,△,北美文学综合—具体内部传统待读后校准,provisional_region,T5 二战后多极文学 · 战后反文化、族裔文学与媒介繁荣,区域扩展阅读,T5 二战后多极文学,R5 北美文学,M5 战后与当代美学范式,G3 小说,QT4 恐怖与哥特
地铁.md,R2,△,东亚文学综合—具体内部传统待读后校准,provisional_region,T6 当代全球文学 · 都市经验、媒介转型与跨国传播,区域扩展阅读,T6 当代全球文学,R2 东亚文学,M5 战后与当代美学范式,G3 小说,QT2 科幻
坂上之云.md,R2,△,东亚文学综合—具体内部传统待读后校准,provisional_region,T5 二战后多极文学 · 战争革命、国家文学与社会重构,区域扩展阅读,T5 二战后多极文学,R2 东亚文学,M5 战后与当代美学范式,G3 小说,QT7 历史叙事 | QT8 英雄、边疆与法外者文化传统 | QT8.3 日本武士与剑豪
坎塔普拉.md,R3,△,南亚文学综合—具体内部传统待读后校准,provisional_region,T4 全球现代主义时代 · 反殖民、现代主义与多语文学革新,区域扩展阅读,T4 全球现代主义时代,R3 南亚文学,M3.1 现代主义 / Modernism,G3 小说,QH5 权力、制度与秩序
坎德拉里奥·奥贝索诗选.md,R6,◆,Afro-Latin—Afro-Caribbean文学传统,existing,T6 当代全球文学 · 后独裁记忆、迁徙与跨国文学重组,文类形成与区域典范,T6 当代全球文学,R6 拉丁美洲与加勒比,M5 战后与当代美学范式,G1 诗歌,QH5 权力、制度与秩序
坎特伯雷故事集.md,R4,★,英国—爱尔兰文学传统,existing,T1 中古多中心文学世界 · 基督教、宫廷与俗语文学形成,核心经典与传统确立,T1 中古多中心文学世界,R4 欧洲文学,,G1 诗歌,QH8 信仰、伦理与超越
坎特伯雷故事集·骑士的故事.md,R4,△,欧洲文学综合—具体内部传统待读后校准,provisional_region,T1 中古多中心文学世界 · 基督教、宫廷与俗语文学形成,区域扩展阅读,T1 中古多中心文学世界,R4 欧洲文学,,G3 小说,QT8 英雄、边疆与法外者文化传统 | QT8.2 欧洲骑士
坏小孩.md,R2,△,东亚文学综合—具体内部传统待读后校准,provisional_region,T6 当代全球文学 · 都市经验、媒介转型与跨国传播,区域扩展阅读,T6 当代全球文学,R2 东亚文学,M5 战后与当代美学范式,G3 小说,QT1 推理与犯罪叙事
坟场之书.md,R4,△,欧洲文学综合—具体内部传统待读后校准,provisional_region,T6 当代全球文学 · 欧洲一体化、迁徙经验与当代重组,区域扩展阅读,T6 当代全球文学,R4 欧洲文学,M5 战后与当代美学范式,G3 小说,QH3 身份、身体与归属
坠物之声.md,R6,△,拉丁美洲与加勒比综合—具体内部传统待读后校准,provisional_region,T6 当代全球文学 · 后独裁记忆、迁徙与跨国文学重组,区域扩展阅读,T6 当代全球文学,R6 拉丁美洲与加勒比,M5 战后与当代美学范式,G3 小说,QH5 权力、制度与秩序
坠落的女人.md,R5,△,北美文学综合—具体内部传统待读后校准,provisional_region,T6 当代全球文学 · 多元身份、数字媒介与全球传播,区域扩展阅读,T6 当代全球文学,R5 北美文学,M5 战后与当代美学范式,G3 小说,QH3 身份、身体与归属
坤昌坤平.md,R8,★,泰国文学传统,existing,T6 当代全球文学 · 城市化、跨语写作与东南亚离散,核心经典与传统确立,T6 当代全球文学,R8 东南亚文学,M5 战后与当代美学范式,G3 小说,QH5 权力、制度与秩序
埃努玛·埃利什.md,R1,△,两河文学传统,existing,T0 文学源头与古代文学 · 古代文字、史诗与经典传统形成,区域扩展阅读,T0 文学源头与古代文学,R1 西亚—地中海古老传统,,G3 小说,QT9 神话、传说与民间叙事
埃及亡灵书.md,R1,△,古埃及文学传统,existing,T0 文学源头与古代文学 · 古代文字、史诗与经典传统形成,区域扩展阅读,T0 文学源头与古代文学,R1 西亚—地中海古老传统,,G3 小说,QT9 神话、传说与民间叙事
埃及十字架之谜.md,R5,△,北美文学综合—具体内部传统待读后校准,provisional_region,T4 全球现代主义时代 · 现代主义、哈莱姆复兴与类型扩张,区域扩展阅读,T4 全球现代主义时代,R5 北美文学,M3 现代主义与先锋派,G3 小说,QT1 推理与犯罪叙事
埃库埃-扬巴-奥.md,R6,◆,Afro-Latin—Afro-Caribbean文学传统,existing,T6 当代全球文学 · 后独裁记忆、迁徙与跨国文学重组,文类形成与区域典范,T6 当代全球文学,R6 拉丁美洲与加勒比,M5 战后与当代美学范式,G3 小说,QH5 权力、制度与秩序
埃拉史诗.md,R1,△,两河文学传统,existing,T0 文学源头与古代文学 · 古代文字、史诗与经典传统形成,源头与经典奠基,T0 文学源头与古代文学,R1 西亚—地中海古老传统,,G3 小说,QT9 神话、传说与民间叙事
埃涅阿斯纪.md,R1,△,罗马与拉丁文学传统,existing,T0 文学源头与古代文学 · 古代文字、史诗与经典传统形成,源头与经典奠基,T0 文学源头与古代文学,R1 西亚—地中海古老传统,,G3 小说,QT5 冒险与探索叙事 | QT7 历史叙事 | QT9 神话、传说与民间叙事 | QH6 战争、暴力与创伤 | QT8 英雄、边疆与法外者文化传统 | QT8.8 海盗
埃琳娜知道.md,R6,△,拉丁美洲与加勒比综合—具体内部传统待读后校准,provisional_region,T6 当代全球文学 · 后独裁记忆、迁徙与跨国文学重组,区域扩展阅读,T6 当代全球文学,R6 拉丁美洲与加勒比,M5 战后与当代美学范式,G3 小说,QH5 权力、制度与秩序
埃罗托克里托斯.md,R4,★,现代希腊文学传统,existing,T6 当代全球文学 · 欧洲一体化、迁徙经验与当代重组,核心经典与传统确立,T6 当代全球文学,R4 欧洲文学,M5 战后与当代美学范式,G3 小说,QH5 权力、制度与秩序
城与城.md,R4,△,欧洲文学综合—具体内部传统待读后校准,provisional_region,T6 当代全球文学 · 欧洲一体化、迁徙经验与当代重组,文类形成与区域典范,T6 当代全球文学,R4 欧洲文学,M5 战后与当代美学范式,G3 小说,QT2 科幻
城堡.md,R4,△,欧洲文学综合—具体内部传统待读后校准,provisional_region,T4 全球现代主义时代 · 战争危机、现代主义与先锋实验,区域扩展阅读,T4 全球现代主义时代,R4 欧洲文学,M3.1 现代主义 / Modernism,G3 小说,QH1 自我、存在与生命
城塞.md,R2,△,东亚文学综合—具体内部传统待读后校准,provisional_region,T5 二战后多极文学 · 战争革命、国家文学与社会重构,区域扩展阅读,T5 二战后多极文学,R2 东亚文学,M5 战后与当代美学范式,G3 小说,QT8 英雄、边疆与法外者文化传统 | QT8.3 日本武士与剑豪
城市.md,R5,△,北美文学综合—具体内部传统待读后校准,provisional_region,T5 二战后多极文学 · 战后反文化、族裔文学与媒介繁荣,区域扩展阅读,T5 二战后多极文学,R5 北美文学,M5 战后与当代美学范式,G3 小说,QT2 科幻
城市与狗.md,R6,★,安第斯文学传统,existing,T5 二战后多极文学 · 革命经验、文学爆炸与独裁回应,文类形成与区域典范,T5 二战后多极文学,R6 拉丁美洲与加勒比,M5 战后与当代美学范式 | M4 集体文学运动与文化政治,G3 小说,QH2.5 童年与成长
城市与群星.md,R4,△,欧洲文学综合—具体内部传统待读后校准,provisional_region,T5 二战后多极文学 · 战后重建、记忆政治与后现代转型,区域扩展阅读,T5 二战后多极文学,R4 欧洲文学,M5 战后与当代美学范式,G3 小说,QT2 科幻
城市（马普莱斯·阿尔塞）.md,R6,△,拉丁美洲与加勒比综合—具体内部传统待读后校准,provisional_region,T4 全球现代主义时代 · Modernismo、先锋派与本土现代性,区域扩展阅读,T4 全球现代主义时代,R6 拉丁美洲与加勒比,M3.2 先锋派,G3 小说,QH5 权力、制度与秩序
基列家书.md,R5,△,北美文学综合—具体内部传统待读后校准,provisional_region,T6 当代全球文学 · 多元身份、数字媒介与全球传播,区域扩展阅读,T6 当代全球文学,R5 北美文学,M5 战后与当代美学范式,G3 小说,QH2.3 家庭与家族
基因设计师.md,R2,△,东亚文学综合—具体内部传统待读后校准,provisional_region,T6 当代全球文学 · 都市经验、媒介转型与跨国传播,区域扩展阅读,T6 当代全球文学,R2 东亚文学,M5 战后与当代美学范式,G3 小说,QT2 科幻
基地.md,R5,△,北美文学综合—具体内部传统待读后校准,provisional_region,T5 二战后多极文学 · 战后反文化、族裔文学与媒介繁荣,区域扩展阅读,T5 二战后多极文学,R5 北美文学,M5 战后与当代美学范式,G3 小说,QT2 科幻
基地与帝国.md,R5,△,北美文学综合—具体内部传统待读后校准,provisional_region,T5 二战后多极文学 · 战后反文化、族裔文学与媒介繁荣,区域扩展阅读,T5 二战后多极文学,R5 北美文学,M5 战后与当代美学范式,G3 小说,QT2 科幻
基地边缘.md,R5,△,北美文学综合—具体内部传统待读后校准,provisional_region,T6 当代全球文学 · 多元身份、数字媒介与全球传播,区域扩展阅读,T6 当代全球文学,R5 北美文学,M5 战后与当代美学范式,G3 小说,QH3 身份、身体与归属
基督山伯爵.md,R4,△,欧洲文学综合—具体内部传统待读后校准,provisional_region,T3 19世纪现代文学体系 · 浪漫主义、现实主义与民族文学体系,区域扩展阅读,T3 19世纪现代文学体系,R4 欧洲文学,M2 19世纪文学思潮,G3 小说,QT5 冒险与探索叙事 | QT7 历史叙事 | QT8.4 欧洲剑客 | QT8.7 侠盗 | QT8.8 海盗 | QH5 权力、制度与秩序
堂卡斯穆罗.md,R6,△,巴西葡语文学传统,author_model,T4 全球现代主义时代 · Modernismo、先锋派与本土现代性,区域扩展阅读,T4 全球现代主义时代,R6 拉丁美洲与加勒比,M3 现代主义与先锋派,G3 小说,QH5 权力、制度与秩序
堂吉诃德.md,R4,★,伊比利亚文学传统,existing,T2 早期现代文学 · 文艺复兴、宗教改革与印刷公共领域,文类形成与区域典范,T2 早期现代文学,R4 欧洲文学,M1 早期现代思想与美学,G3 小说,QT8.2 欧洲骑士 | QT8.4 欧洲剑客 | QH1 自我、存在与生命 | QH2.5 童年与成长
堂娜芭芭拉.md,R6,△,拉丁美洲与加勒比综合—具体内部传统待读后校准,provisional_region,T6 当代全球文学 · 后独裁记忆、迁徙与跨国文学重组,区域扩展阅读,T6 当代全球文学,R6 拉丁美洲与加勒比,M5 战后与当代美学范式,G3 小说,QH5 权力、制度与秩序
堕落.md,R4,△,法语文学传统,author_model,T5 二战后多极文学 · 战后重建、记忆政治与后现代转型,区域扩展阅读,T5 二战后多极文学,R4 欧洲文学,M5.1 战后思想与美学范式,G3 小说,QH1 自我、存在与生命
堺事件.md,R2,△,东亚文学综合—具体内部传统待读后校准,provisional_region,T4 全球现代主义时代 · 殖民现代性、新文学与形式实验,区域扩展阅读,T4 全球现代主义时代,R2 东亚文学,M3 现代主义与先锋派,G3 小说,QT8 英雄、边疆与法外者文化传统 | QT8.3 日本武士与剑豪
塔尔.md,R4,△,欧洲文学综合—具体内部传统待读后校准,provisional_region,T4 全球现代主义时代 · 战争危机、现代主义与先锋实验,区域扩展阅读,T4 全球现代主义时代,R4 欧洲文学,M3.2 先锋派,G3 小说,QH1 自我、存在与生命
塔拉.md,R6,△,拉丁美洲与加勒比综合—具体内部传统待读后校准,provisional_region,T6 当代全球文学 · 后独裁记忆、迁徙与跨国文学重组,区域扩展阅读,T6 当代全球文学,R6 拉丁美洲与加勒比,M5 战后与当代美学范式,G3 小说,QH5 权力、制度与秩序
塔拉斯·布尔巴.md,R4,△,欧洲文学综合—具体内部传统待读后校准,provisional_region,T3 19世纪现代文学体系 · 浪漫主义、现实主义与民族文学体系,区域扩展阅读,T3 19世纪现代文学体系,R4 欧洲文学,M2 19世纪文学思潮,G3 小说,QT7 历史叙事
塔杜施先生.md,R4,★,中欧文学传统,existing,T3 19世纪现代文学体系 · 浪漫主义、现实主义与民族文学体系,殖民回应与民族文学建构,T3 19世纪现代文学体系,R4 欧洲文学,M2 19世纪文学思潮 / 浪漫主义 | M2 19世纪文学思潮,G3 小说,QH7 历史、记忆与时间
塔玛斯.md,R3,△,南亚文学综合—具体内部传统待读后校准,provisional_region,T5 二战后多极文学 · 独立分治、国家文学与离散书写,区域扩展阅读,T5 二战后多极文学,R3 南亚文学,M5 战后与当代美学范式,G3 小说,QH6 战争、暴力与创伤
塞伯鲁斯的第五颗头.md,R5,△,北美文学综合—具体内部传统待读后校准,provisional_region,T5 二战后多极文学 · 战后反文化、族裔文学与媒介繁荣,区域扩展阅读,T5 二战后多极文学,R5 北美文学,M5 战后与当代美学范式,G3 小说,QT2 科幻
塞瓦斯托波尔纪事.md,R4,△,俄罗斯文学传统,author_model,T3 19世纪现代文学体系 · 浪漫主义、现实主义与民族文学体系,区域扩展阅读,T3 19世纪现代文学体系,R4 欧洲文学,M2 19世纪文学思潮,G3 小说,QH6 战争、暴力与创伤
塞维利亚理发师.md,R4,△,欧洲文学综合—具体内部传统待读后校准,provisional_region,T2 早期现代文学 · 文艺复兴、宗教改革与印刷公共领域,区域扩展阅读,T2 早期现代文学,R4 欧洲文学,M1 早期现代思想与美学,G2 戏剧,QH4 社会、阶级与劳动
塞莱斯蒂娜.md,R4,△,欧洲文学综合—具体内部传统待读后校准,provisional_region,T2 早期现代文学 · 文艺复兴、宗教改革与印刷公共领域,区域扩展阅读,T2 早期现代文学,R4 欧洲文学,M1 早期现代思想与美学,G3 小说,QH2.1 爱情与欲望
塞西莉亚·巴尔德斯.md,R6,△,拉丁美洲与加勒比综合—具体内部传统待读后校准,provisional_region,T6 当代全球文学 · 后独裁记忆、迁徙与跨国文学重组,区域扩展阅读,T6 当代全球文学,R6 拉丁美洲与加勒比,M5 战后与当代美学范式,G3 小说,QH5 权力、制度与秩序
墓地的沉默.md,R2,△,东亚文学综合—具体内部传统待读后校准,provisional_region,T6 当代全球文学 · 都市经验、媒介转型与跨国传播,区域扩展阅读,T6 当代全球文学,R2 东亚文学,M5 战后与当代美学范式,G3 小说,QT1 推理与犯罪叙事
墙（让-保罗·萨特）.md,R4,△,欧洲文学综合—具体内部传统待读后校准,provisional_region,T5 二战后多极文学 · 战后重建、记忆政治与后现代转型,区域扩展阅读,T5 二战后多极文学,R4 欧洲文学,M5.1 战后思想与美学范式,G3 小说,QH1 自我、存在与生命
士兵归来.md,R4,△,欧洲文学综合—具体内部传统待读后校准,provisional_region,T4 全球现代主义时代 · 战争危机、现代主义与先锋实验,区域扩展阅读,T4 全球现代主义时代,R4 欧洲文学,M3 现代主义与先锋派,G3 小说,QT7 历史叙事
壬生义士传.md,R2,△,东亚文学综合—具体内部传统待读后校准,provisional_region,T6 当代全球文学 · 都市经验、媒介转型与跨国传播,区域扩展阅读,T6 当代全球文学,R2 东亚文学,M5 战后与当代美学范式,G3 小说,QT8 英雄、边疆与法外者文化传统 | QT8.3 日本武士与剑豪
处决笔记.md,R5,△,北美文学综合—具体内部传统待读后校准,provisional_region,T6 当代全球文学 · 多元身份、数字媒介与全球传播,区域扩展阅读,T6 当代全球文学,R5 北美文学,M5 战后与当代美学范式,G3 小说,QH3 身份、身体与归属
处容歌.md,R2,◆,朝鲜半岛文学传统,existing,T6 当代全球文学 · 都市经验、媒介转型与跨国传播,源头与经典奠基,T6 当代全球文学,R2 东亚文学,M5 战后与当代美学范式,G3 小说,QH5 权力、制度与秩序
复仇.md,R2,△,东亚文学综合—具体内部传统待读后校准,provisional_region,T6 当代全球文学 · 都市经验、媒介转型与跨国传播,区域扩展阅读,T6 当代全球文学,R2 东亚文学,M5 战后与当代美学范式,G3 小说,QT4 恐怖与哥特
复活者.md,R4,△,欧洲文学综合—具体内部传统待读后校准,provisional_region,T6 当代全球文学 · 欧洲一体化、迁徙经验与当代重组,区域扩展阅读,T6 当代全球文学,R4 欧洲文学,M5 战后与当代美学范式,G3 小说,QH3 身份、身体与归属
夏之花.md,R2,△,东亚文学综合—具体内部传统待读后校准,provisional_region,T5 二战后多极文学 · 战争革命、国家文学与社会重构,区域扩展阅读,T5 二战后多极文学,R2 东亚文学,M5 战后与当代美学范式,G3 小说,QH6 战争、暴力与创伤
夏日花.md,R2,△,东亚文学综合—具体内部传统待读后校准,provisional_region,T5 二战后多极文学 · 战争革命、国家文学与社会重构,区域扩展阅读,T5 二战后多极文学,R2 东亚文学,M5 战后与当代美学范式,G3 小说,QH6 战争、暴力与创伤
夏有乔木雅望天堂.md,R2,△,东亚文学综合—具体内部传统待读后校准,provisional_region,T6 当代全球文学 · 都市经验、媒介转型与跨国传播,区域扩展阅读,T6 当代全球文学,R2 东亚文学,M5 战后与当代美学范式,G3 小说,QH2.1 爱情与欲望 | QH2.3 家庭与家族
夏至未至.md,R2,△,东亚文学综合—具体内部传统待读后校准,provisional_region,T6 当代全球文学 · 都市经验、媒介转型与跨国传播,区域扩展阅读,T6 当代全球文学,R2 东亚文学,M5 战后与当代美学范式,G3 小说,QH2.1 爱情与欲望 | QH2.3 家庭与家族 | QH2.5 童年与成长
夕雾花园.md,R8,◆,新加坡—海峡多语文学传统,existing,T6 当代全球文学 · 城市化、跨语写作与东南亚离散,传统转型与区域扩展,T6 当代全球文学,R8 东南亚文学,M5 战后与当代美学范式,G3 小说,QH7 历史、记忆与时间
夕雾花园.md,R10,◆,华人—华语离散文学传统,existing,T6 当代全球文学 · 全球迁徙、数字传播与跨语文学网络,离散迁徙与跨区域连接,T6 当代全球文学,R8 东南亚文学,M5 战后与当代美学范式,G3 小说,QH7 历史、记忆与时间
多情剑客无情剑.md,R2,△,东亚文学综合—具体内部传统待读后校准,provisional_region,T5 二战后多极文学 · 战争革命、国家文学与社会重构,区域扩展阅读,T5 二战后多极文学,R2 东亚文学,M5 战后与当代美学范式,G3 小说,QT8 英雄、边疆与法外者文化传统 | QT8.1 武侠
多拉·布吕代.md,R4,△,欧洲文学综合—具体内部传统待读后校准,provisional_region,T6 当代全球文学 · 欧洲一体化、迁徙经验与当代重组,区域扩展阅读,T6 当代全球文学,R4 欧洲文学,M5 战后与当代美学范式,G3 小说,QH7 历史、记忆与时间
多晚了，多晚.md,R4,△,欧洲文学综合—具体内部传统待读后校准,provisional_region,T6 当代全球文学 · 欧洲一体化、迁徙经验与当代重组,区域扩展阅读,T6 当代全球文学,R4 欧洲文学,M5 战后与当代美学范式,G3 小说,QH3 身份、身体与归属
夜之国.md,R4,△,欧洲文学综合—具体内部传统待读后校准,provisional_region,T4 全球现代主义时代 · 战争危机、现代主义与先锋实验,区域扩展阅读,T4 全球现代主义时代,R4 欧洲文学,M3 现代主义与先锋派,G3 小说,QT4 恐怖与哥特
夜之彼端.md,R6,△,拉丁美洲与加勒比综合—具体内部传统待读后校准,provisional_region,T6 当代全球文学 · 后独裁记忆、迁徙与跨国文学重组,区域扩展阅读,T6 当代全球文学,R6 拉丁美洲与加勒比,M5 战后与当代美学范式,G3 小说,QT4 恐怖与哥特
夜幕下的大军.md,R5,△,北美文学综合—具体内部传统待读后校准,provisional_region,T5 二战后多极文学 · 战后反文化、族裔文学与媒介繁荣,区域扩展阅读,T5 二战后多极文学,R5 北美文学,M5 战后与当代美学范式,G6 纪实与文学非虚构,QH6 战争、暴力与创伤
夜幕降临前.md,R6,△,拉丁美洲与加勒比综合—具体内部传统待读后校准,provisional_region,T6 当代全球文学 · 后独裁记忆、迁徙与跨国文学重组,区域扩展阅读,T6 当代全球文学,R6 拉丁美洲与加勒比,M5 战后与当代美学范式,G3 小说,QH5 权力、制度与秩序
夜总会里的五个人.md,R2,△,东亚文学综合—具体内部传统待读后校准,provisional_region,T4 全球现代主义时代 · 殖民现代性、新文学与形式实验,区域扩展阅读,T4 全球现代主义时代,R2 东亚文学,M3.1 现代主义 / Modernism,G3 小说,QH1 自我、存在与生命
夜晚的天空.md,R6,◆,南锥体—拉普拉塔文学传统,existing,T6 当代全球文学 · 后独裁记忆、迁徙与跨国文学重组,传统转型与区域扩展,T6 当代全球文学,R6 拉丁美洲与加勒比,M5 战后与当代美学范式,G3 小说,QH7 历史、记忆与时间
夜晚的潜水艇.md,R2,△,东亚文学综合—具体内部传统待读后校准,provisional_region,T6 当代全球文学 · 都市经验、媒介转型与跨国传播,区域扩展阅读,T6 当代全球文学,R2 东亚文学,M5 战后与当代美学范式,G3 小说,QH1 自我、存在与生命
夜林.md,R5,△,北美文学综合—具体内部传统待读后校准,provisional_region,T4 全球现代主义时代 · 现代主义、哈莱姆复兴与类型扩张,区域扩展阅读,T4 全球现代主义时代,R5 北美文学,M3.1 现代主义 / Modernism,G3 小说,QH3 身份、身体与归属 | QH2.1 爱情与欲望
夜色下的七杀.md,R5,△,北美文学综合—具体内部传统待读后校准,provisional_region,T6 当代全球文学 · 多元身份、数字媒介与全球传播,区域扩展阅读,T6 当代全球文学,R5 北美文学,M5 战后与当代美学范式,G3 小说,QT7 历史叙事
夜莺尸衣.md,R4,△,欧洲文学综合—具体内部传统待读后校准,provisional_region,T5 二战后多极文学 · 战后重建、记忆政治与后现代转型,区域扩展阅读,T5 二战后多极文学,R4 欧洲文学,M5 战后与当代美学范式,G3 小说,QT1 推理与犯罪叙事
夜访吸血鬼.md,R5,△,北美文学综合—具体内部传统待读后校准,provisional_region,T5 二战后多极文学 · 战后反文化、族裔文学与媒介繁荣,区域扩展阅读,T5 二战后多极文学,R5 北美文学,M5 战后与当代美学范式,G3 小说,QT4 恐怖与哥特
夜颂.md,R4,△,欧洲文学综合—具体内部传统待读后校准,provisional_region,T3 19世纪现代文学体系 · 浪漫主义、现实主义与民族文学体系,区域扩展阅读,T3 19世纪现代文学体系,R4 欧洲文学,M2 19世纪文学思潮 / 浪漫主义 | M2 19世纪文学思潮,G3 小说,QH4 社会、阶级与劳动
夜鸟.md,R6,△,拉丁美洲与加勒比综合—具体内部传统待读后校准,provisional_region,T5 二战后多极文学 · 革命经验、文学爆炸与独裁回应,区域扩展阅读,T5 二战后多极文学,R6 拉丁美洲与加勒比,M4 集体文学运动与文化政治,G3 小说,QH5 权力、制度与秩序 | QH2.3 家庭与家族
大使城.md,R4,△,欧洲文学综合—具体内部传统待读后校准,provisional_region,T6 当代全球文学 · 欧洲一体化、迁徙经验与当代重组,文类形成与区域典范,T6 当代全球文学,R4 欧洲文学,M5 战后与当代美学范式,G3 小说,QT2 科幻
大卫·科波菲尔.md,R4,△,英国—爱尔兰文学传统,author_model,T3 19世纪现代文学体系 · 浪漫主义、现实主义与民族文学体系,区域扩展阅读,T3 19世纪现代文学体系,R4 欧洲文学,M2 19世纪文学思潮,G3 小说,QH2.5 童年与成长
大史.md,R3,★,僧伽罗—斯里兰卡文学传统,existing,T6 当代全球文学 · 全球南亚、英语写作与地方传统重组,核心经典与传统确立,T6 当代全球文学,R3 南亚文学,M5 战后与当代美学范式,G3 小说,QH5 权力、制度与秩序
大唐双龙传.md,R2,△,东亚文学综合—具体内部传统待读后校准,provisional_region,T6 当代全球文学 · 都市经验、媒介转型与跨国传播,区域扩展阅读,T6 当代全球文学,R2 东亚文学,M5 战后与当代美学范式,G3 小说,QT8 英雄、边疆与法外者文化传统 | QT8.1 武侠
大唐游侠传.md,R2,△,东亚文学综合—具体内部传统待读后校准,provisional_region,T5 二战后多极文学 · 战争革命、国家文学与社会重构,区域扩展阅读,T5 二战后多极文学,R2 东亚文学,M5 战后与当代美学范式,G3 小说,QT8 英雄、边疆与法外者文化传统 | QT8.1 武侠
大地.md,R5,△,北美文学综合—具体内部传统待读后校准,provisional_region,T4 全球现代主义时代 · 现代主义、哈莱姆复兴与类型扩张,区域扩展阅读,T4 全球现代主义时代,R5 北美文学,M3 现代主义与先锋派,G3 小说,QH2.3 家庭与家族
大地上的居所.md,R6,△,拉丁美洲与加勒比综合—具体内部传统待读后校准,provisional_region,T4 全球现代主义时代 · Modernismo、先锋派与本土现代性,区域扩展阅读,T4 全球现代主义时代,R6 拉丁美洲与加勒比,M3.1 现代主义 / Modernism,G3 小说,QH1 自我、存在与生命
大地之子.md,R8,★,泰国文学传统,existing,T5 二战后多极文学 · 独立战争、国家建构与政治创伤,核心经典与传统确立,T5 二战后多极文学,R8 东南亚文学,M5 战后与当代美学范式,G3 小说,QH5 权力、制度与秩序
大地惊雷.md,R5,△,北美文学综合—具体内部传统待读后校准,provisional_region,T6 当代全球文学 · 多元身份、数字媒介与全球传播,区域扩展阅读,T6 当代全球文学,R5 北美文学,M5 战后与当代美学范式,G3 小说,QT8 英雄、边疆与法外者文化传统 | QT8.5 西部
大地永存.md,R5,△,北美文学综合—具体内部传统待读后校准,provisional_region,T5 二战后多极文学 · 战后反文化、族裔文学与媒介繁荣,区域扩展阅读,T5 二战后多极文学,R5 北美文学,M5 战后与当代美学范式,G3 小说,QT2 科幻 | QT6 乌托邦、反乌托邦与社会想象
大天空.md,R5,△,北美文学综合—具体内部传统待读后校准,provisional_region,T6 当代全球文学 · 多元身份、数字媒介与全球传播,区域扩展阅读,T6 当代全球文学,R5 北美文学,M5 战后与当代美学范式,G3 小说,QT8 英雄、边疆与法外者文化传统 | QT8.5 西部
大师与玛格丽特.md,R6,△,拉丁美洲与加勒比综合—具体内部传统待读后校准,provisional_region,T5 二战后多极文学 · 革命经验、文学爆炸与独裁回应,区域扩展阅读,T5 二战后多极文学,R6 拉丁美洲与加勒比,M5.1 战后思想与美学范式,G3 小说,QH1 自我、存在与生命
大师和玛格丽特.md,R4,★,俄罗斯文学传统,existing,T5 二战后多极文学 · 战后重建、记忆政治与后现代转型,文类形成与区域典范,T5 二战后多极文学,R4 欧洲文学,M3.1 现代主义 / Modernism,G3 小说,QH6 战争、暴力与创伤
大教堂爆炸.md,R6,△,拉丁美洲与加勒比综合—具体内部传统待读后校准,provisional_region,T5 二战后多极文学 · 革命经验、文学爆炸与独裁回应,区域扩展阅读,T5 二战后多极文学,R6 拉丁美洲与加勒比,M4 集体文学运动与文化政治,G3 小说,QH7 历史、记忆与时间 | QH5 权力、制度与秩序
大时代.md,R5,△,北美文学综合—具体内部传统待读后校准,provisional_region,T5 二战后多极文学 · 战后反文化、族裔文学与媒介繁荣,区域扩展阅读,T5 二战后多极文学,R5 北美文学,M5 战后与当代美学范式,G3 小说,QH6 战争、暴力与创伤
大沙漠.md,R2,△,东亚文学综合—具体内部传统待读后校准,provisional_region,T5 二战后多极文学 · 战争革命、国家文学与社会重构,区域扩展阅读,T5 二战后多极文学,R2 东亚文学,M5 战后与当代美学范式,G3 小说,QT8 英雄、边疆与法外者文化传统 | QT8.1 武侠
大海啊，大海.md,R4,△,欧洲文学综合—具体内部传统待读后校准,provisional_region,T5 二战后多极文学 · 战后重建、记忆政治与后现代转型,区域扩展阅读,T5 二战后多极文学,R4 欧洲文学,M5 战后与当代美学范式,G3 小说,QH6 战争、暴力与创伤
大瑟尔.md,R5,△,北美文学综合—具体内部传统待读后校准,provisional_region,T5 二战后多极文学 · 战后反文化、族裔文学与媒介繁荣,区域扩展阅读,T5 二战后多极文学,R5 北美文学,M4 集体文学运动与文化政治,G3 小说,QH4 社会、阶级与劳动
大神潘.md,R5,△,北美文学综合—具体内部传统待读后校准,provisional_region,T4 全球现代主义时代 · 现代主义、哈莱姆复兴与类型扩张,文类形成与区域典范,T4 全球现代主义时代,R5 北美文学,M5 战后与当代美学范式,G3 小说,QT3 奇幻 | QT4 恐怖与哥特
大草原.md,R5,△,北美文学综合—具体内部传统待读后校准,provisional_region,T3 19世纪现代文学体系 · 国家文学、奴隶制回应与大众出版,区域扩展阅读,T3 19世纪现代文学体系,R5 北美文学,M2 19世纪文学思潮,G3 小说,QT5 冒险与探索叙事 | QT8 英雄、边疆与法外者文化传统 | QT8.5 西部
大菩萨岭.md,R2,△,东亚文学综合—具体内部传统待读后校准,provisional_region,T6 当代全球文学 · 都市经验、媒介转型与跨国传播,区域扩展阅读,T6 当代全球文学,R2 东亚文学,M5 战后与当代美学范式,G3 小说,QT8 英雄、边疆与法外者文化传统 | QT8.3 日本武士与剑豪
大鼻子情圣.md,R4,△,欧洲文学综合—具体内部传统待读后校准,provisional_region,T6 当代全球文学 · 欧洲一体化、迁徙经验与当代重组,文类形成与区域典范,T6 当代全球文学,R4 欧洲文学,M5 战后与当代美学范式,G3 小说,QT8 英雄、边疆与法外者文化传统 | QT8.4 欧洲剑客
天上的鸟儿.md,R5,△,北美文学综合—具体内部传统待读后校准,provisional_region,T6 当代全球文学 · 多元身份、数字媒介与全球传播,区域扩展阅读,T6 当代全球文学,R5 北美文学,M5 战后与当代美学范式,G3 小说,QH3 身份、身体与归属
天使在我桌上.md,R9,◆,英语新西兰文学传统,existing,T6 当代全球文学 · 生态危机、移民社会与跨太平洋传播,传统转型与区域扩展,T6 当代全球文学,R9 大洋洲与太平洋,M5 战后与当代美学范式,G3 小说,QH3 身份、身体与归属
天堂.md,R6,△,拉丁美洲与加勒比综合—具体内部传统待读后校准,provisional_region,T5 二战后多极文学 · 革命经验、文学爆炸与独裁回应,翻译与跨传统连接,T5 二战后多极文学,R7 非洲文学 | R6 拉丁美洲与加勒比,M4 集体文学运动与文化政治,G3 小说,QT7 历史叙事
天堂.md,R7,★,东非—斯瓦希里文学传统,existing,T5 二战后多极文学 · 独立、去殖民化与国家文学建构,翻译与跨传统连接,T5 二战后多极文学,R7 非洲文学 | R6 拉丁美洲与加勒比,M4 集体文学运动与文化政治,G3 小说,QT7 历史叙事
天堂的喷泉.md,R4,△,欧洲文学综合—具体内部传统待读后校准,provisional_region,T5 二战后多极文学 · 战后重建、记忆政治与后现代转型,区域扩展阅读,T5 二战后多极文学,R4 欧洲文学,M5 战后与当代美学范式,G3 小说,QT2 科幻
天才寓言.md,R5,△,北美文学综合—具体内部传统待读后校准,provisional_region,T6 当代全球文学 · 多元身份、数字媒介与全球传播,区域扩展阅读,T6 当代全球文学,R5 北美文学,M5 战后与当代美学范式,G3 小说,QT6 乌托邦、反乌托邦与社会想象
天才雷普利.md,R5,△,北美文学综合—具体内部传统待读后校准,provisional_region,T5 二战后多极文学 · 战后反文化、族裔文学与媒介繁荣,区域扩展阅读,T5 二战后多极文学,R5 北美文学,M5 战后与当代美学范式,G3 小说,QT1 推理与犯罪叙事
天渊.md,R5,△,北美文学综合—具体内部传统待读后校准,provisional_region,T6 当代全球文学 · 多元身份、数字媒介与全球传播,区域扩展阅读,T6 当代全球文学,R5 北美文学,M5 战后与当代美学范式,G3 小说,QT2 科幻
天狼星.md,R4,△,欧洲文学综合—具体内部传统待读后校准,provisional_region,T4 全球现代主义时代 · 战争危机、现代主义与先锋实验,文类形成与区域典范,T4 全球现代主义时代,R4 欧洲文学,M3 现代主义与先锋派,G3 小说,QT2 科幻
天真与经验之歌.md,R4,△,欧洲文学综合—具体内部传统待读后校准,provisional_region,T3 19世纪现代文学体系 · 浪漫主义、现实主义与民族文学体系,区域扩展阅读,T3 19世纪现代文学体系,R4 欧洲文学,M2 19世纪文学思潮 / 浪漫主义 | M2 19世纪文学思潮,G3 小说,QH4 社会、阶级与劳动
天空的孤儿.md,R5,△,北美文学综合—具体内部传统待读后校准,provisional_region,T5 二战后多极文学 · 战后反文化、族裔文学与媒介繁荣,区域扩展阅读,T5 二战后多极文学,R5 北美文学,M5 战后与当代美学范式,G3 小说,QT2 科幻
天行者.md,R2,△,东亚文学综合—具体内部传统待读后校准,provisional_region,T6 当代全球文学 · 都市经验、媒介转型与跨国传播,区域扩展阅读,T6 当代全球文学,R2 东亚文学,M5 战后与当代美学范式,G3 小说,QH6 战争、暴力与创伤
天象馆.md,R4,△,欧洲文学综合—具体内部传统待读后校准,provisional_region,T5 二战后多极文学 · 战后重建、记忆政治与后现代转型,区域扩展阅读,T5 二战后多极文学,R4 欧洲文学,M5.1 战后思想与美学范式,G3 小说,QH4 社会、阶级与劳动
天赋寓言.md,R5,△,北美文学综合—具体内部传统待读后校准,provisional_region,T6 当代全球文学 · 多元身份、数字媒介与全球传播,区域扩展阅读,T6 当代全球文学,R5 北美文学,M5.2 权力、身份与世界批评,G3 小说,QH5 权力、制度与秩序 | QH8 信仰、伦理与超越
天钧.md,R5,△,北美文学综合—具体内部传统待读后校准,provisional_region,T5 二战后多极文学 · 战后反文化、族裔文学与媒介繁荣,区域扩展阅读,T5 二战后多极文学,R5 北美文学,M5 战后与当代美学范式,G3 小说,QT2 科幻
天龙八部.md,R2,△,东亚文学综合—具体内部传统待读后校准,provisional_region,T5 二战后多极文学 · 战争革命、国家文学与社会重构,区域扩展阅读,T5 二战后多极文学,R2 东亚文学,M5 战后与当代美学范式,G3 小说,QT8 英雄、边疆与法外者文化传统 | QT8.1 武侠
太平广记.md,R2,△,东亚文学综合—具体内部传统待读后校准,provisional_region,T1 中古多中心文学世界 · 宗教传播、宫廷文化与区域交流,区域扩展阅读,T1 中古多中心文学世界,R2 东亚文学,,G4 散文与随笔,QT9 神话、传说与民间叙事
太平记.md,R2,△,朝鲜半岛文学传统,author_model,T6 当代全球文学 · 都市经验、媒介转型与跨国传播,区域扩展阅读,T6 当代全球文学,R2 东亚文学,M5 战后与当代美学范式,G3 小说,QT7 历史叙事 | QT8 英雄、边疆与法外者文化传统 | QT8.3 日本武士与剑豪
太白金星有点烦.md,R2,△,东亚文学综合—具体内部传统待读后校准,provisional_region,T6 当代全球文学 · 都市经验、媒介转型与跨国传播,区域扩展阅读,T6 当代全球文学,R2 东亚文学,M5 战后与当代美学范式,G3 小说,QT7 历史叙事 | QH5 权力、制度与秩序 | QH8 信仰、伦理与超越
太空商人.md,R5,△,北美文学综合—具体内部传统待读后校准,provisional_region,T5 二战后多极文学 · 战后反文化、族裔文学与媒介繁荣,区域扩展阅读,T5 二战后多极文学,R5 北美文学,M5 战后与当代美学范式,G3 小说,QT2 科幻 | QT6 乌托邦、反乌托邦与社会想象
太阁记.md,R2,△,东亚文学综合—具体内部传统待读后校准,provisional_region,T4 全球现代主义时代 · 殖民现代性、新文学与形式实验,区域扩展阅读,T4 全球现代主义时代,R2 东亚文学,M3 现代主义与先锋派,G3 小说,QT8 英雄、边疆与法外者文化传统 | QT8.3 日本武士与剑豪
太阳下的人们.md,R1,△,阿拉伯文学传统,existing,T5 二战后多极文学 · 战后国家建构、流亡与现代转型,区域扩展阅读,T5 二战后多极文学,R1 西亚—地中海古老传统,M5 战后与当代美学范式,G3 小说,QH6 战争、暴力与创伤
太阳之屋.md,R4,△,欧洲文学综合—具体内部传统待读后校准,provisional_region,T6 当代全球文学 · 欧洲一体化、迁徙经验与当代重组,区域扩展阅读,T6 当代全球文学,R4 欧洲文学,M5 战后与当代美学范式,G3 小说,QT2 科幻
太阳传说.md,R6,△,前哥伦布—原住民文学传统,author_model,T2 早期现代文学 · 殖民编年、巴洛克与混合文化形成,区域扩展阅读,T2 早期现代文学,R6 拉丁美洲与加勒比,M1 早期现代思想与美学,G3 小说,QT9 神话、传说与民间叙事
太阳照常升起.md,R5,△,北美文学综合—具体内部传统待读后校准,provisional_region,T4 全球现代主义时代 · 现代主义、哈莱姆复兴与类型扩张,区域扩展阅读,T4 全球现代主义时代,R5 北美文学,M3.1 现代主义 / Modernism,G3 小说,QH2.1 爱情与欲望
太阳的胜利.md,R4,△,欧洲文学综合—具体内部传统待读后校准,provisional_region,T4 全球现代主义时代 · 战争危机、现代主义与先锋实验,区域扩展阅读,T4 全球现代主义时代,R4 欧洲文学,M3.2 先锋派,G3 小说,QH1 自我、存在与生命
太阳石.md,R6,◆,墨西哥—中美洲文学传统,existing,T6 当代全球文学 · 后独裁记忆、迁徙与跨国文学重组,殖民回应与民族文学建构,T6 当代全球文学,R6 拉丁美洲与加勒比,M5 战后与当代美学范式,G1 诗歌,QH5 权力、制度与秩序
失乐园.md,R2,△,东亚文学综合—具体内部传统待读后校准,provisional_region,T6 当代全球文学 · 都市经验、媒介转型与跨国传播,区域扩展阅读,T6 当代全球文学,R2 东亚文学,M5 战后与当代美学范式,G3 小说,QH2.1 爱情与欲望
失乐园（弥尔顿）.md,R4,★,英国—爱尔兰文学传统,existing,T2 早期现代文学 · 文艺复兴、宗教改革与印刷公共领域,源头与经典奠基,T2 早期现代文学,R4 欧洲文学,M1 早期现代思想与美学,G1 诗歌,QH8 信仰、伦理与超越
失明症漫记.md,R4,◆,伊比利亚文学传统,existing,T6 当代全球文学 · 欧洲一体化、迁徙经验与当代重组,文类形成与区域典范,T6 当代全球文学,R4 欧洲文学,M5 战后与当代美学范式,G3 小说,QH3 身份、身体与归属
失窃的信.md,R5,△,北美文学综合—具体内部传统待读后校准,provisional_region,T3 19世纪现代文学体系 · 国家文学、奴隶制回应与大众出版,区域扩展阅读,T3 19世纪现代文学体系,R5 北美文学,M2 19世纪文学思潮,G3 小说,QT1 推理与犯罪叙事
失落的世界.md,R4,△,欧洲文学综合—具体内部传统待读后校准,provisional_region,T4 全球现代主义时代 · 战争危机、现代主义与先锋实验,区域扩展阅读,T4 全球现代主义时代,R4 欧洲文学,M2 19世纪文学思潮,G3 小说,QT5 冒险与探索叙事
失落的继承.md,R3,△,南亚文学综合—具体内部传统待读后校准,provisional_region,T6 当代全球文学 · 全球南亚、英语写作与地方传统重组,离散迁徙与跨区域连接,T6 当代全球文学,R3 南亚文学,M5 战后与当代美学范式,G3 小说,QH3 身份、身体与归属
失落的继承.md,R10,★,南亚离散文学传统,existing,T6 当代全球文学 · 全球迁徙、数字传播与跨语文学网络,离散迁徙与跨区域连接,T6 当代全球文学,R3 南亚文学,M5 战后与当代美学范式,G3 小说,QH3 身份、身体与归属
失踪的足迹.md,R6,△,拉丁美洲与加勒比综合—具体内部传统待读后校准,provisional_region,T5 二战后多极文学 · 革命经验、文学爆炸与独裁回应,区域扩展阅读,T5 二战后多极文学,R6 拉丁美洲与加勒比,M5 战后与当代美学范式,G3 小说,QT5 冒险与探索叙事
失重的人.md,R6,△,拉丁美洲与加勒比综合—具体内部传统待读后校准,provisional_region,T6 当代全球文学 · 后独裁记忆、迁徙与跨国文学重组,区域扩展阅读,T6 当代全球文学,R6 拉丁美洲与加勒比,M5 战后与当代美学范式,G3 小说,QH5 权力、制度与秩序
夺牛长征记.md,R4,△,伊比利亚文学传统,author_model,T1 中古多中心文学世界 · 基督教、宫廷与俗语文学形成,区域扩展阅读,T1 中古多中心文学世界,R4 欧洲文学,,G3 小说,QT9 神话、传说与民间叙事
奇侠精忠传.md,R2,△,东亚文学综合—具体内部传统待读后校准,provisional_region,T6 当代全球文学 · 都市经验、媒介转型与跨国传播,区域扩展阅读,T6 当代全球文学,R2 东亚文学,M5 战后与当代美学范式,G3 小说,QT8 英雄、边疆与法外者文化传统 | QT8.1 武侠
奇兰·巴兰之书.md,R6,△,前哥伦布—原住民文学传统,author_model,T6 当代全球文学 · 后独裁记忆、迁徙与跨国文学重组,区域扩展阅读,T6 当代全球文学,R6 拉丁美洲与加勒比,M5 战后与当代美学范式,G3 小说,QH5 权力、制度与秩序
奇兰巴兰书.md,R6,△,前哥伦布—原住民文学传统,author_model,T2 早期现代文学 · 殖民编年、巴洛克与混合文化形成,区域扩展阅读,T2 早期现代文学,R6 拉丁美洲与加勒比,M1 早期现代思想与美学,G3 小说,QT9 神话、传说与民间叙事
奇异的力量.md,R6,△,拉丁美洲与加勒比综合—具体内部传统待读后校准,provisional_region,T6 当代全球文学 · 后独裁记忆、迁徙与跨国文学重组,区域扩展阅读,T6 当代全球文学,R6 拉丁美洲与加勒比,M5 战后与当代美学范式,G3 小说,QH5 权力、制度与秩序
奎勒备忘录.md,R4,△,欧洲文学综合—具体内部传统待读后校准,provisional_region,T5 二战后多极文学 · 战后重建、记忆政治与后现代转型,区域扩展阅读,T5 二战后多极文学,R4 欧洲文学,M5 战后与当代美学范式,G3 小说,QH6 战争、暴力与创伤
契诃夫短篇小说选.md,R4,△,欧洲文学综合—具体内部传统待读后校准,provisional_region,T4 全球现代主义时代 · 战争危机、现代主义与先锋实验,文类形成与区域典范,T4 全球现代主义时代,R4 欧洲文学,M2 19世纪文学思潮,G3 小说,QH1 自我、存在与生命 | QH4 社会、阶级与劳动
奔马.md,R2,△,东亚文学综合—具体内部传统待读后校准,provisional_region,T5 二战后多极文学 · 战争革命、国家文学与社会重构,区域扩展阅读,T5 二战后多极文学,R2 东亚文学,M5 战后与当代美学范式,G3 小说,QT8 英雄、边疆与法外者文化传统 | QT8.3 日本武士与剑豪
奥丽芙·基特里奇.md,R5,△,北美文学综合—具体内部传统待读后校准,provisional_region,T6 当代全球文学 · 多元身份、数字媒介与全球传播,区域扩展阅读,T6 当代全球文学,R5 北美文学,M5 战后与当代美学范式,G3 小说,QH3 身份、身体与归属
奥义书.md,R3,◆,梵语—吠陀与古典文学传统,existing,T6 当代全球文学 · 全球南亚、英语写作与地方传统重组,传统转型与区域扩展,T6 当代全球文学,R3 南亚文学,M5 战后与当代美学范式,G3 小说,QH5 权力、制度与秩序
奥之细道.md,R2,△,东亚文学综合—具体内部传统待读后校准,provisional_region,T2 早期现代文学 · 印刷扩展、通俗文类与文人传统成熟,区域扩展阅读,T2 早期现代文学,R2 东亚文学,M1 早期现代思想与美学,G6 纪实与文学非虚构,QT14 旅行与游记
奥兰多.md,R4,△,英国—爱尔兰文学传统,author_model,T6 当代全球文学 · 欧洲一体化、迁徙经验与当代重组,区域扩展阅读,T6 当代全球文学,R4 欧洲文学,M5.2 权力、身份与世界批评,G3 小说,QH7 历史、记忆与时间 | QH3 身份、身体与归属
奥勃洛莫夫.md,R4,△,欧洲文学综合—具体内部传统待读后校准,provisional_region,T3 19世纪现代文学体系 · 浪漫主义、现实主义与民族文学体系,区域扩展阅读,T3 19世纪现代文学体系,R4 欧洲文学,M2 19世纪文学思潮 / 现实主义 | M2 19世纪文学思潮,G3 小说,QH2.5 童年与成长
奥吉·马奇历险记.md,R5,△,北美文学综合—具体内部传统待读后校准,provisional_region,T5 二战后多极文学 · 战后反文化、族裔文学与媒介繁荣,区域扩展阅读,T5 二战后多极文学,R5 北美文学,M5 战后与当代美学范式,G3 小说,QH6 战争、暴力与创伤
奥尔拉.md,R4,△,欧洲文学综合—具体内部传统待读后校准,provisional_region,T3 19世纪现代文学体系 · 浪漫主义、现实主义与民族文学体系,区域扩展阅读,T3 19世纪现代文学体系,R4 欧洲文学,M2 19世纪文学思潮,G3 小说,QT4 恐怖与哥特
奥德赛.md,R1,△,古希腊文学传统,existing,T0 文学源头与古代文学 · 古代文字、史诗与经典传统形成,源头与经典奠基,T0 文学源头与古代文学,R1 西亚—地中海古老传统,,G3 小说,QT3 奇幻 | QT5 冒险与探索叙事 | QT9 神话、传说与民间叙事 | QH6 战争、暴力与创伤 | QT8 英雄、边疆与法外者文化传统 | QT8.8 海盗
奥扬泰.md,R6,◆,前哥伦布—原住民文学传统,existing,T6 当代全球文学 · 后独裁记忆、迁徙与跨国文学重组,文类形成与区域典范,T6 当代全球文学,R6 拉丁美洲与加勒比,M5 战后与当代美学范式,G2 戏剧,QH5 权力、制度与秩序
奥拉.md,R6,△,拉丁美洲与加勒比综合—具体内部传统待读后校准,provisional_region,T5 二战后多极文学 · 革命经验、文学爆炸与独裁回应,区域扩展阅读,T5 二战后多极文学,R6 拉丁美洲与加勒比,M5 战后与当代美学范式,G3 小说,QH5 权力、制度与秩序
奥斯卡·瓦奥短暂而奇妙的一生.md,R5,★,拉美裔—奇卡诺美国文学传统,existing,T6 当代全球文学 · 多元身份、数字媒介与全球传播,离散迁徙与跨区域连接,T6 当代全球文学,R10 跨区域文学传统 | R5 北美文学,M5 战后与当代美学范式,G3 小说,QH2.5 童年与成长 | QH2.3 家庭与家族
奥斯卡·瓦奥短暂而奇妙的一生.md,R10,★,全球移民—后殖民都市文学传统,existing,T6 当代全球文学 · 全球迁徙、数字传播与跨语文学网络,离散迁徙与跨区域连接,T6 当代全球文学,R10 跨区域文学传统 | R5 北美文学,M5 战后与当代美学范式,G3 小说,QH2.5 童年与成长 | QH2.3 家庭与家族
奥斯卡与露辛达.md,R9,△,澳大利亚殖民—国家文学传统,author_model,T6 当代全球文学 · 生态危机、移民社会与跨太平洋传播,殖民回应与民族文学建构,T6 当代全球文学,R9 大洋洲与太平洋,M5 战后与当代美学范式,G3 小说,QH3 身份、身体与归属
奥斯特利茨.md,R4,△,欧洲文学综合—具体内部传统待读后校准,provisional_region,T6 当代全球文学 · 欧洲一体化、迁徙经验与当代重组,区域扩展阅读,T6 当代全球文学,R4 欧洲文学,M5 战后与当代美学范式,G3 小说,QH7 历史、记忆与时间
奥秘匕首.md,R4,△,欧洲文学综合—具体内部传统待读后校准,provisional_region,T6 当代全球文学 · 欧洲一体化、迁徙经验与当代重组,源头与经典奠基,T6 当代全球文学,R4 欧洲文学,M5 战后与当代美学范式,G3 小说,QT3 奇幻
奥米昆莱的女仆.md,R6,△,拉丁美洲与加勒比综合—具体内部传统待读后校准,provisional_region,T6 当代全球文学 · 后独裁记忆、迁徙与跨国文学重组,区域扩展阅读,T6 当代全球文学,R6 拉丁美洲与加勒比,M5 战后与当代美学范式,G3 小说,QH5 权力、制度与秩序
奥贡·阿比比曼.md,R7,◆,口传—史诗与本土语言传统,existing,T6 当代全球文学 · 后殖民批判、城市经验与全球离散,语言、书写与媒介转型,T6 当代全球文学,R7 非洲文学,M5 战后与当代美学范式,G3 小说,QH5 权力、制度与秩序
奥赛罗.md,R4,△,英国—爱尔兰文学传统,author_model,T2 早期现代文学 · 文艺复兴、宗教改革与印刷公共领域,区域扩展阅读,T2 早期现代文学,R4 欧洲文学,M1 早期现代思想与美学,G2 戏剧,QH8 信仰、伦理与超越
奥麦罗斯.md,R6,★,英语加勒比文学传统,existing,T6 当代全球文学 · 后独裁记忆、迁徙与跨国文学重组,殖民回应与民族文学建构,T6 当代全球文学,R6 拉丁美洲与加勒比,M5 战后与当代美学范式,G1 诗歌,QH3 身份、身体与归属
女人的房间.md,R5,△,北美文学综合—具体内部传统待读后校准,provisional_region,T5 二战后多极文学 · 战后反文化、族裔文学与媒介繁荣,区域扩展阅读,T5 二战后多极文学,R5 北美文学,M5 战后与当代美学范式,G3 小说,QH6 战争、暴力与创伤
女仆.md,R4,△,欧洲文学综合—具体内部传统待读后校准,provisional_region,T5 二战后多极文学 · 战后重建、记忆政治与后现代转型,区域扩展阅读,T5 二战后多极文学,R4 欧洲文学,M5 战后与当代美学范式,G2 戏剧,QH6 战争、暴力与创伤
女凶手.md,R4,◆,现代希腊文学传统,existing,T6 当代全球文学 · 欧洲一体化、迁徙经验与当代重组,文类形成与区域典范,T6 当代全球文学,R4 欧洲文学,M5 战后与当代美学范式,G3 小说,QH5 权力、制度与秩序
女勇士.md,R5,★,亚裔美国文学传统,existing,T6 当代全球文学 · 多元身份、数字媒介与全球传播,核心经典与传统确立,T6 当代全球文学,R5 北美文学,M5 战后与当代美学范式,G5 生命书写,QH3 身份、身体与归属
女勇士.md,R10,★,华人—华语离散文学传统,existing,T6 当代全球文学 · 全球迁徙、数字传播与跨语文学网络,离散迁徙与跨区域连接,T6 当代全球文学,R5 北美文学,M5 战后与当代美学范式,G5 生命书写,QH3 身份、身体与归属
女孩们的沉默.md,R4,△,欧洲文学综合—具体内部传统待读后校准,provisional_region,T6 当代全球文学 · 欧洲一体化、迁徙经验与当代重组,文类形成与区域典范,T6 当代全球文学,R4 欧洲文学,M5 战后与当代美学范式,G3 小说,QT3 奇幻 | QT7 历史叙事
女孩，女人，其他.md,R4,△,欧洲文学综合—具体内部传统待读后校准,provisional_region,T6 当代全球文学 · 欧洲一体化、迁徙经验与当代重组,区域扩展阅读,T6 当代全球文学,R4 欧洲文学,M5 战后与当代美学范式,G3 小说,QH3 身份、身体与归属
女宾.md,R4,△,欧洲文学综合—具体内部传统待读后校准,provisional_region,T5 二战后多极文学 · 战后重建、记忆政治与后现代转型,区域扩展阅读,T5 二战后多极文学,R4 欧洲文学,M5.1 战后思想与美学范式,G3 小说,QH3 身份、身体与归属 | QH1 自我、存在与生命
女巫的预言.md,R4,△,伊比利亚文学传统,author_model,T1 中古多中心文学世界 · 基督教、宫廷与俗语文学形成,区域扩展阅读,T1 中古多中心文学世界,R4 欧洲文学,,G3 小说,QT9 神话、传说与民间叙事
女巫角.md,R5,△,北美文学综合—具体内部传统待读后校准,provisional_region,T4 全球现代主义时代 · 现代主义、哈莱姆复兴与类型扩张,区域扩展阅读,T4 全球现代主义时代,R5 北美文学,M3 现代主义与先锋派,G3 小说,QT1 推理与犯罪叙事
女性男人.md,R5,△,北美文学综合—具体内部传统待读后校准,provisional_region,T5 二战后多极文学 · 战后反文化、族裔文学与媒介繁荣,区域扩展阅读,T5 二战后多极文学,R5 北美文学,M5 战后与当代美学范式,G3 小说,QH6 战争、暴力与创伤
女王蜂.md,R2,△,东亚文学综合—具体内部传统待读后校准,provisional_region,T5 二战后多极文学 · 战争革命、国家文学与社会重构,区域扩展阅读,T5 二战后多极文学,R2 东亚文学,M5 战后与当代美学范式,G3 小说,QT1 推理与犯罪叙事
女神颂.md,R3,△,梵语—吠陀与古典文学传统,author_model,T0 文学源头与古代文学 · 吠陀、史诗与古典语言传统奠基,区域扩展阅读,T0 文学源头与古代文学,R3 南亚文学,,G3 小说,QT9 神话、传说与民间叙事
女英雄书简.md,R1,△,罗马与拉丁文学传统,existing,T0 文学源头与古代文学 · 古代文字、史诗与经典传统形成,区域扩展阅读,T0 文学源头与古代文学,R1 西亚—地中海古老传统,,G3 小说,QT9 神话、传说与民间叙事 | QH2.1 爱情与欲望
女雕塑家.md,R4,△,欧洲文学综合—具体内部传统待读后校准,provisional_region,T6 当代全球文学 · 欧洲一体化、迁徙经验与当代重组,区域扩展阅读,T6 当代全球文学,R4 欧洲文学,M5 战后与当代美学范式,G3 小说,QH3 身份、身体与归属
女面.md,R2,△,东亚文学综合—具体内部传统待读后校准,provisional_region,T5 二战后多极文学 · 战争革命、国家文学与社会重构,区域扩展阅读,T5 二战后多极文学,R2 东亚文学,M5 战后与当代美学范式,G3 小说,QH6 战争、暴力与创伤
她.md,R4,△,欧洲文学综合—具体内部传统待读后校准,provisional_region,T3 19世纪现代文学体系 · 浪漫主义、现实主义与民族文学体系,区域扩展阅读,T3 19世纪现代文学体系,R4 欧洲文学,M2 19世纪文学思潮,G3 小说,QT4 恐怖与哥特 | QT5 冒险与探索叙事
她乡.md,R5,△,北美文学综合—具体内部传统待读后校准,provisional_region,T4 全球现代主义时代 · 现代主义、哈莱姆复兴与类型扩张,区域扩展阅读,T4 全球现代主义时代,R5 北美文学,M3 现代主义与先锋派,G3 小说,QT6 乌托邦、反乌托邦与社会想象
她乡——中国女性科幻作品选.md,R2,△,东亚文学综合—具体内部传统待读后校准,provisional_region,T6 当代全球文学 · 都市经验、媒介转型与跨国传播,区域扩展阅读,T6 当代全球文学,R2 东亚文学,M5 战后与当代美学范式,G3 小说,QT2 科幻
她对此感到厌烦.md,R2,△,东亚文学综合—具体内部传统待读后校准,provisional_region,T6 当代全球文学 · 都市经验、媒介转型与跨国传播,文类形成与区域典范,T6 当代全球文学,R2 东亚文学,M5 战后与当代美学范式,G3 小说,QT3 奇幻 | QH2.1 爱情与欲望
她的烟雾永恒升起.md,R5,△,北美文学综合—具体内部传统待读后校准,provisional_region,T5 二战后多极文学 · 战后反文化、族裔文学与媒介繁荣,区域扩展阅读,T5 二战后多极文学,R5 北美文学,M5 战后与当代美学范式,G3 小说,QT2 科幻
好兵.md,R4,△,欧洲文学综合—具体内部传统待读后校准,provisional_region,T4 全球现代主义时代 · 战争危机、现代主义与先锋实验,区域扩展阅读,T4 全球现代主义时代,R4 欧洲文学,M3.1 现代主义 / Modernism,G3 小说,QH1 自我、存在与生命
好兵帅克.md,R4,★,中欧文学传统,existing,T4 全球现代主义时代 · 战争危机、现代主义与先锋实验,文类形成与区域典范,T4 全球现代主义时代,R4 欧洲文学,M3 现代主义与先锋派,G3 小说,QT5 冒险与探索叙事 | QH6 战争、暴力与创伤
好色一代男.md,R2,△,东亚文学综合—具体内部传统待读后校准,provisional_region,T2 早期现代文学 · 印刷扩展、通俗文类与文人传统成熟,区域扩展阅读,T2 早期现代文学,R2 东亚文学,M1 早期现代思想与美学,G3 小说,QH2.1 爱情与欲望
如今在十一月.md,R5,△,北美文学综合—具体内部传统待读后校准,provisional_region,T4 全球现代主义时代 · 现代主义、哈莱姆复兴与类型扩张,区域扩展阅读,T4 全球现代主义时代,R5 北美文学,M3 现代主义与先锋派,G3 小说,QH1 自我、存在与生命
如果在冬夜，一个旅人.md,R4,△,意大利文学传统,author_model,T5 二战后多极文学 · 战后重建、记忆政治与后现代转型,区域扩展阅读,T5 二战后多极文学,R4 欧洲文学,M5 战后与当代美学范式,G3 小说,QH6 战争、暴力与创伤
如果我们无法以光速前行.md,R2,△,东亚文学综合—具体内部传统待读后校准,provisional_region,T6 当代全球文学 · 都市经验、媒介转型与跨国传播,区域扩展阅读,T6 当代全球文学,R2 东亚文学,M5 战后与当代美学范式,G3 小说,QT2 科幻
如果我们梦想太久.md,R8,★,新加坡—海峡多语文学传统,existing,T6 当代全球文学 · 城市化、跨语写作与东南亚离散,文类形成与区域典范,T6 当代全球文学,R8 东南亚文学,M5 战后与当代美学范式,G3 小说,QH1 自我、存在与生命
如果我死在战区.md,R5,△,北美文学综合—具体内部传统待读后校准,provisional_region,T5 二战后多极文学 · 战后反文化、族裔文学与媒介繁荣,区域扩展阅读,T5 二战后多极文学,R5 北美文学,M5 战后与当代美学范式,G5 生命书写,QH6 战争、暴力与创伤
如果这是一个人.md,R4,△,意大利文学传统,author_model,T5 二战后多极文学 · 战后重建、记忆政治与后现代转型,区域扩展阅读,T5 二战后多极文学,R4 欧洲文学,M5 战后与当代美学范式,G3 小说,QH6 战争、暴力与创伤 | QH7 历史、记忆与时间
如此漫长的信.md,R7,★,西非法语文学传统,existing,T5 二战后多极文学 · 独立、去殖民化与国家文学建构,文类形成与区域典范,T5 二战后多极文学,R7 非洲文学,M5 战后与当代美学范式,G3 小说,QH2.1 爱情与欲望
姆温多史诗.md,R7,△,口传—史诗与本土语言传统,author_model,T5 二战后多极文学 · 独立、去殖民化与国家文学建构,语言、书写与媒介转型,T5 二战后多极文学,R7 非洲文学,M5 战后与当代美学范式,G3 小说,QT9 神话、传说与民间叙事
姑获鸟之夏.md,R2,△,东亚文学综合—具体内部传统待读后校准,provisional_region,T6 当代全球文学 · 都市经验、媒介转型与跨国传播,区域扩展阅读,T6 当代全球文学,R2 东亚文学,M5 战后与当代美学范式,G3 小说,QT1 推理与犯罪叙事
威克菲尔德的牧师.md,R4,△,欧洲文学综合—具体内部传统待读后校准,provisional_region,T2 早期现代文学 · 文艺复兴、宗教改革与印刷公共领域,区域扩展阅读,T2 早期现代文学,R4 欧洲文学,M1 早期现代思想与美学,G3 小说,QH8 信仰、伦理与超越 | QH2.3 家庭与家族
威兰.md,R5,◆,殖民地—清教徒与早期共和国文学传统,existing,T6 当代全球文学 · 多元身份、数字媒介与全球传播,殖民回应与民族文学建构,T6 当代全球文学,R5 北美文学,M5 战后与当代美学范式,G3 小说,QH5 权力、制度与秩序
威尼斯之死.md,R4,△,德语文学传统,author_model,T4 全球现代主义时代 · 战争危机、现代主义与先锋实验,区域扩展阅读,T4 全球现代主义时代,R4 欧洲文学,M3.1 现代主义 / Modernism,G3 小说,QH1 自我、存在与生命
威廉·迈斯特的学习时代.md,R4,△,德语文学传统,author_model,T2 早期现代文学 · 文艺复兴、宗教改革与印刷公共领域,区域扩展阅读,T2 早期现代文学,R4 欧洲文学,M2 19世纪文学思潮,G3 小说,QH2.5 童年与成长
威廉·迈斯特的漫游时代.md,R4,△,德语文学传统,author_model,T3 19世纪现代文学体系 · 浪漫主义、现实主义与民族文学体系,区域扩展阅读,T3 19世纪现代文学体系,R4 欧洲文学,M2 19世纪文学思潮,G3 小说,QH2.5 童年与成长
威弗利.md,R4,△,欧洲文学综合—具体内部传统待读后校准,provisional_region,T3 19世纪现代文学体系 · 浪漫主义、现实主义与民族文学体系,区域扩展阅读,T3 19世纪现代文学体系,R4 欧洲文学,M2 19世纪文学思潮,G3 小说,QT5 冒险与探索叙事 | QT7 历史叙事
娜嘉.md,R4,△,欧洲文学综合—具体内部传统待读后校准,provisional_region,T4 全球现代主义时代 · 战争危机、现代主义与先锋实验,区域扩展阅读,T4 全球现代主义时代,R4 欧洲文学,M3.2 先锋派,G3 小说,QH1 自我、存在与生命
娜娜.md,R4,△,欧洲文学综合—具体内部传统待读后校准,provisional_region,T3 19世纪现代文学体系 · 浪漫主义、现实主义与民族文学体系,区域扩展阅读,T3 19世纪现代文学体系,R4 欧洲文学,M2 19世纪文学思潮 | M2 19世纪文学思潮 / 自然主义,G3 小说,QH2.3 家庭与家族
嫂子们.md,R5,★,法语加拿大—魁北克文学传统,existing,T6 当代全球文学 · 多元身份、数字媒介与全球传播,殖民回应与民族文学建构,T6 当代全球文学,R5 北美文学,M5 战后与当代美学范式,G2 戏剧,QH5 权力、制度与秩序
嫉妒.md,R4,△,欧洲文学综合—具体内部传统待读后校准,provisional_region,T5 二战后多极文学 · 战后重建、记忆政治与后现代转型,区域扩展阅读,T5 二战后多极文学,R4 欧洲文学,M5 战后与当代美学范式 | M5.1 战后思想与美学范式,G3 小说,QH6 战争、暴力与创伤
嫌疑人X的献身.md,R2,△,东亚文学综合—具体内部传统待读后校准,provisional_region,T6 当代全球文学 · 都市经验、媒介转型与跨国传播,区域扩展阅读,T6 当代全球文学,R2 东亚文学,M5 战后与当代美学范式,G3 小说,QT1 推理与犯罪叙事
子夜.md,R2,△,东亚文学综合—具体内部传统待读后校准,provisional_region,T4 全球现代主义时代 · 殖民现代性、新文学与形式实验,区域扩展阅读,T4 全球现代主义时代,R2 东亚文学,M3 现代主义与先锋派 | M4 集体文学运动与文化政治,G3 小说,QH5 权力、制度与秩序
孟菲斯之召.md,R5,△,北美文学综合—具体内部传统待读后校准,provisional_region,T6 当代全球文学 · 多元身份、数字媒介与全球传播,区域扩展阅读,T6 当代全球文学,R5 北美文学,M5 战后与当代美学范式,G3 小说,QH3 身份、身体与归属
孤儿大师之子.md,R5,△,北美文学综合—具体内部传统待读后校准,provisional_region,T6 当代全球文学 · 多元身份、数字媒介与全球传播,区域扩展阅读,T6 当代全球文学,R5 北美文学,M5 战后与当代美学范式,G3 小说,QH3 身份、身体与归属
孤岛之谜.md,R2,△,东亚文学综合—具体内部传统待读后校准,provisional_region,T6 当代全球文学 · 都市经验、媒介转型与跨国传播,区域扩展阅读,T6 当代全球文学,R2 东亚文学,M5 战后与当代美学范式,G3 小说,QT1 推理与犯罪叙事
孤岛之鬼.md,R2,△,东亚文学综合—具体内部传统待读后校准,provisional_region,T4 全球现代主义时代 · 殖民现代性、新文学与形式实验,区域扩展阅读,T4 全球现代主义时代,R2 东亚文学,M3 现代主义与先锋派,G3 小说,QT1 推理与犯罪叙事
孤独的伦敦人.md,R6,★,英语加勒比文学传统,existing,T5 二战后多极文学 · 革命经验、文学爆炸与独裁回应,核心经典与传统确立,T5 二战后多极文学,R6 拉丁美洲与加勒比,M5 战后与当代美学范式,G3 小说,QH6 战争、暴力与创伤
孤独的迷宫.md,R6,△,墨西哥—中美洲文学传统,author_model,T6 当代全球文学 · 后独裁记忆、迁徙与跨国文学重组,区域扩展阅读,T6 当代全球文学,R6 拉丁美洲与加勒比,M5 战后与当代美学范式,G3 小说,QH5 权力、制度与秩序
孤独集.md,R4,△,欧洲文学综合—具体内部传统待读后校准,provisional_region,T2 早期现代文学 · 文艺复兴、宗教改革与印刷公共领域,区域扩展阅读,T2 早期现代文学,R4 欧洲文学,M1 早期现代思想与美学,G3 小说,QH1 自我、存在与生命
孤鸽镇.md,R5,△,北美文学综合—具体内部传统待读后校准,provisional_region,T6 当代全球文学 · 多元身份、数字媒介与全球传播,区域扩展阅读,T6 当代全球文学,R5 北美文学,M5 战后与当代美学范式,G3 小说,QT8 英雄、边疆与法外者文化传统 | QT8.5 西部
孩子，你别哭.md,R7,△,东非—斯瓦希里文学传统,author_model,T5 二战后多极文学 · 独立、去殖民化与国家文学建构,殖民回应与民族文学建构,T5 二战后多极文学,R7 非洲文学,M5 战后与当代美学范式 | M4 集体文学运动与文化政治,G3 小说,QH2.5 童年与成长 | QH6 战争、暴力与创伤
孪生兄弟.md,R1,◆,罗马与拉丁文学传统,existing,T0 文学源头与古代文学 · 古代文字、史诗与经典传统形成,传统转型与区域扩展,T0 文学源头与古代文学,R1 西亚—地中海古老传统,,G3 小说,QH8 信仰、伦理与超越
孽子.md,R2,△,东亚文学综合—具体内部传统待读后校准,provisional_region,T6 当代全球文学 · 都市经验、媒介转型与跨国传播,区域扩展阅读,T6 当代全球文学,R2 东亚文学,M3.1 现代主义 / Modernism,G3 小说,QH2.3 家庭与家族 | QH3.1 性别与身体
它.md,R5,△,北美文学综合—具体内部传统待读后校准,provisional_region,T6 当代全球文学 · 多元身份、数字媒介与全球传播,区域扩展阅读,T6 当代全球文学,R5 北美文学,M5 战后与当代美学范式,G3 小说,QT4 恐怖与哥特
宇宙云雀.md,R5,△,北美文学综合—具体内部传统待读后校准,provisional_region,T4 全球现代主义时代 · 现代主义、哈莱姆复兴与类型扩张,文类形成与区域典范,T4 全球现代主义时代,R5 北美文学,M3 现代主义与先锋派,G3 小说,QT2 科幻
宇宙奇趣.md,R4,△,意大利文学传统,author_model,T5 二战后多极文学 · 战后重建、记忆政治与后现代转型,区域扩展阅读,T5 二战后多极文学,R4 欧洲文学,M5.1 战后思想与美学范式,G3 小说,QH1 自我、存在与生命
宇宙奇趣全集.md,R4,△,意大利文学传统,author_model,T5 二战后多极文学 · 战后重建、记忆政治与后现代转型,区域扩展阅读,T5 二战后多极文学,R4 欧洲文学,M5 战后与当代美学范式,G3 小说,QH6 战争、暴力与创伤
守产人.md,R7,△,非洲文学综合—具体内部传统待读后校准,provisional_region,T5 二战后多极文学 · 独立、去殖民化与国家文学建构,区域扩展阅读,T5 二战后多极文学,R7 非洲文学,M5 战后与当代美学范式,G3 小说,QH5 权力、制度与秩序
守夜.md,R4,△,欧洲文学综合—具体内部传统待读后校准,provisional_region,T6 当代全球文学 · 欧洲一体化、迁徙经验与当代重组,区域扩展阅读,T6 当代全球文学,R4 欧洲文学,M5 战后与当代美学范式,G3 小说,QT7 历史叙事
守屋人.md,R5,△,北美文学综合—具体内部传统待读后校准,provisional_region,T5 二战后多极文学 · 战后反文化、族裔文学与媒介繁荣,区域扩展阅读,T5 二战后多极文学,R5 北美文学,M5 战后与当代美学范式,G3 小说,QH6 战争、暴力与创伤
安伯森家族.md,R5,△,北美文学综合—具体内部传统待读后校准,provisional_region,T4 全球现代主义时代 · 现代主义、哈莱姆复兴与类型扩张,区域扩展阅读,T4 全球现代主义时代,R5 北美文学,M3 现代主义与先锋派,G3 小说,QH1 自我、存在与生命
安妮·布拉德斯特里特诗选.md,R5,◆,殖民地—清教徒与早期共和国文学传统,existing,T6 当代全球文学 · 多元身份、数字媒介与全球传播,殖民回应与民族文学建构,T6 当代全球文学,R5 北美文学,M5 战后与当代美学范式,G1 诗歌,QH3 身份、身体与归属
安妮日记.md,R4,★,低地国家文学传统,existing,T5 二战后多极文学 · 战后重建、记忆政治与后现代转型,核心经典与传统确立,T5 二战后多极文学,R4 欧洲文学,M5 战后与当代美学范式,G3 小说,QT7 历史叙事 | QH6 战争、暴力与创伤
安娜·卡列尼娜.md,R4,△,俄罗斯文学传统,author_model,T3 19世纪现代文学体系 · 浪漫主义、现实主义与民族文学体系,区域扩展阅读,T3 19世纪现代文学体系,R4 欧洲文学,M2 19世纪文学思潮 | M2 19世纪文学思潮 / 现实主义,G3 小说,QH2.3 家庭与家族 | QH2.1 爱情与欲望
安尼尔的鬼魂.md,R3,◆,僧伽罗—斯里兰卡文学传统,existing,T6 当代全球文学 · 全球南亚、英语写作与地方传统重组,传统转型与区域扩展,T6 当代全球文学,R3 南亚文学,M5 战后与当代美学范式,G3 小说,QH3 身份、身体与归属
安徒生童话.md,R4,◆,北欧文学传统,existing,T3 19世纪现代文学体系 · 浪漫主义、现实主义与民族文学体系,传统转型与区域扩展,T3 19世纪现代文学体系,R4 欧洲文学,M2 19世纪文学思潮,G3 小说,QT3 奇幻
安德森维尔.md,R5,△,北美文学综合—具体内部传统待读后校准,provisional_region,T5 二战后多极文学 · 战后反文化、族裔文学与媒介繁荣,区域扩展阅读,T5 二战后多极文学,R5 北美文学,M5 战后与当代美学范式,G3 小说,QH6 战争、暴力与创伤
安德洛玛刻.md,R4,△,法语文学传统,author_model,T2 早期现代文学 · 文艺复兴、宗教改革与印刷公共领域,区域扩展阅读,T2 早期现代文学,R4 欧洲文学,M1 早期现代思想与美学,G2 戏剧,QH1 自我、存在与生命
安德的游戏.md,R5,△,北美文学综合—具体内部传统待读后校准,provisional_region,T6 当代全球文学 · 多元身份、数字媒介与全球传播,区域扩展阅读,T6 当代全球文学,R5 北美文学,M5 战后与当代美学范式,G3 小说,QT2 科幻
安息角.md,R5,△,北美文学综合—具体内部传统待读后校准,provisional_region,T5 二战后多极文学 · 战后反文化、族裔文学与媒介繁荣,区域扩展阅读,T5 二战后多极文学,R5 北美文学,M5 战后与当代美学范式,G3 小说,QT8 英雄、边疆与法外者文化传统 | QT8.5 西部
安提戈涅.md,R1,△,古希腊文学传统,existing,T0 文学源头与古代文学 · 古代文字、史诗与经典传统形成,区域扩展阅读,T0 文学源头与古代文学,R1 西亚—地中海古老传统,,G3 小说,QT9 神话、传说与民间叙事
安提皮林先生的第一次天国冒险.md,R4,△,欧洲文学综合—具体内部传统待读后校准,provisional_region,T4 全球现代主义时代 · 战争危机、现代主义与先锋实验,区域扩展阅读,T4 全球现代主义时代,R4 欧洲文学,M3.2 先锋派,G3 小说,QH1 自我、存在与生命
安珀志：安珀九王子.md,R5,△,北美文学综合—具体内部传统待读后校准,provisional_region,T5 二战后多极文学 · 战后反文化、族裔文学与媒介繁荣,区域扩展阅读,T5 二战后多极文学,R5 北美文学,M5 战后与当代美学范式,G3 小说,QT3 奇幻
安达尔诗歌.md,R3,◆,泰米尔与南印度文学传统,existing,T6 当代全球文学 · 全球南亚、英语写作与地方传统重组,文类形成与区域典范,T6 当代全球文学,R3 南亚文学,M5 战后与当代美学范式,G1 诗歌,QH3 身份、身体与归属
安静的场所.md,R2,△,东亚文学综合—具体内部传统待读后校准,provisional_region,T5 二战后多极文学 · 战争革命、国家文学与社会重构,区域扩展阅读,T5 二战后多极文学,R2 东亚文学,M5 战后与当代美学范式,G3 小说,QT1 推理与犯罪叙事
安魂曲.md,R4,△,欧洲文学综合—具体内部传统待读后校准,provisional_region,T4 全球现代主义时代 · 战争危机、现代主义与先锋实验,区域扩展阅读,T4 全球现代主义时代,R4 欧洲文学,M3.1 现代主义 / Modernism,G3 小说,QH1 自我、存在与生命
安魂曲（阿赫玛托娃）.md,R4,◆,俄罗斯文学传统,existing,T6 当代全球文学 · 欧洲一体化、迁徙经验与当代重组,文类形成与区域典范,T6 当代全球文学,R4 欧洲文学,M5 战后与当代美学范式,G1 诗歌,QH5 权力、制度与秩序
宝剑金钗.md,R2,△,东亚文学综合—具体内部传统待读后校准,provisional_region,T4 全球现代主义时代 · 殖民现代性、新文学与形式实验,区域扩展阅读,T4 全球现代主义时代,R2 东亚文学,M3 现代主义与先锋派,G3 小说,QT8 英雄、边疆与法外者文化传统 | QT8.1 武侠
宝水.md,R2,△,东亚文学综合—具体内部传统待读后校准,provisional_region,T6 当代全球文学 · 都市经验、媒介转型与跨国传播,区域扩展阅读,T6 当代全球文学,R2 东亚文学,M5 战后与当代美学范式,G3 小说,QH6 战争、暴力与创伤
宠儿.md,R5,△,北美文学综合—具体内部传统待读后校准,provisional_region,T6 当代全球文学 · 多元身份、数字媒介与全球传播,翻译与跨传统连接,T6 当代全球文学,R10.2 非洲离散文学 | R5 北美文学,M5 战后与当代美学范式 | M5.1 战后思想与美学范式 | M5.2 权力、身份与世界批评,G3 小说,QT4 恐怖与哥特 | QH2.3 家庭与家族 | QT7 历史叙事 | QH7 历史、记忆与时间
宠儿.md,R10,△,跨区域综合—具体传统待读后校准,provisional_region,T6 当代全球文学 · 全球迁徙、数字传播与跨语文学网络,离散迁徙与跨区域连接,T6 当代全球文学,R10.2 非洲离散文学 | R5 北美文学,M5 战后与当代美学范式 | M5.1 战后思想与美学范式 | M5.2 权力、身份与世界批评,G3 小说,QT4 恐怖与哥特 | QH2.3 家庭与家族 | QT7 历史叙事 | QH7 历史、记忆与时间
宠物公墓.md,R5,△,北美文学综合—具体内部传统待读后校准,provisional_region,T6 当代全球文学 · 多元身份、数字媒介与全球传播,区域扩展阅读,T6 当代全球文学,R5 北美文学,M5 战后与当代美学范式,G3 小说,QT4 恐怖与哥特
审判.md,R4,△,欧洲文学综合—具体内部传统待读后校准,provisional_region,T4 全球现代主义时代 · 战争危机、现代主义与先锋实验,区域扩展阅读,T4 全球现代主义时代,R4 欧洲文学,M3.1 现代主义 / Modernism,G3 小说,QH5 权力、制度与秩序
审判.md,R10,◆,犹太离散—意第绪与跨语文学传统,existing,T4 全球现代主义时代 · 流亡、现代主义与国际文学网络,离散迁徙与跨区域连接,T4 全球现代主义时代,R4 欧洲文学,M3.1 现代主义 / Modernism,G3 小说,QH5 权力、制度与秩序
宫本武藏.md,R2,△,东亚文学综合—具体内部传统待读后校准,provisional_region,T4 全球现代主义时代 · 殖民现代性、新文学与形式实验,区域扩展阅读,T4 全球现代主义时代,R2 东亚文学,M3 现代主义与先锋派,G3 小说,QT7 历史叙事 | QT8 英雄、边疆与法外者文化传统 | QT8.3 日本武士与剑豪 | QT8.6 Gaucho
宫殿.md,R4,△,欧洲文学综合—具体内部传统待读后校准,provisional_region,T5 二战后多极文学 · 战后重建、记忆政治与后现代转型,区域扩展阅读,T5 二战后多极文学,R4 欧洲文学,M5.1 战后思想与美学范式,G3 小说,QH7 历史、记忆与时间
宫间街.md,R1,△,阿拉伯文学传统,existing,T5 二战后多极文学 · 战后国家建构、流亡与现代转型,区域扩展阅读,T5 二战后多极文学,R1 西亚—地中海古老传统,M5 战后与当代美学范式,G3 小说,QH2.3 家庭与家族
宰娜卜.md,R1,★,阿拉伯文学传统,existing,T4 全球现代主义时代 · 帝国危机、现代主义与语言革新,文类形成与区域典范,T4 全球现代主义时代,R1 西亚—地中海古老传统,M3 现代主义与先锋派,G3 小说,QH1 自我、存在与生命
家.md,R2,△,东亚文学综合—具体内部传统待读后校准,provisional_region,T4 全球现代主义时代 · 殖民现代性、新文学与形式实验,区域扩展阅读,T4 全球现代主义时代,R2 东亚文学,M3 现代主义与先锋派,G3 小说,QH2.5 童年与成长 | QH2.3 家庭与家族
家园.md,R5,△,北美文学综合—具体内部传统待读后校准,provisional_region,T6 当代全球文学 · 多元身份、数字媒介与全球传播,区域扩展阅读,T6 当代全球文学,R5 北美文学,M5 战后与当代美学范式,G3 小说,QH2.3 家庭与家族
家庭与世界.md,R3,◆,孟加拉与东部语言文学传统,existing,T4 全球现代主义时代 · 反殖民、现代主义与多语文学革新,语言、书写与媒介转型,T4 全球现代主义时代,R3 南亚文学,M3.1 现代主义 / Modernism | M4 集体文学运动与文化政治,G3 小说,QH5 权力、制度与秩序
家庭纽带.md,R6,△,拉丁美洲与加勒比综合—具体内部传统待读后校准,provisional_region,T6 当代全球文学 · 后独裁记忆、迁徙与跨国文学重组,区域扩展阅读,T6 当代全球文学,R6 拉丁美洲与加勒比,M5 战后与当代美学范式,G3 小说,QH2.3 家庭与家族
宽广的萨尔加索海.md,R6,★,英语加勒比文学传统,existing,T6 当代全球文学 · 后独裁记忆、迁徙与跨国文学重组,翻译与跨传统连接,T6 当代全球文学,R10.2 非洲离散文学 | R6 拉丁美洲与加勒比,M5 战后与当代美学范式,G3 小说,QH7 历史、记忆与时间 | QH3 身份、身体与归属
宽广的萨尔加索海.md,R10,◆,非洲离散文学传统,existing,T6 当代全球文学 · 全球迁徙、数字传播与跨语文学网络,离散迁徙与跨区域连接,T6 当代全球文学,R10.2 非洲离散文学 | R6 拉丁美洲与加勒比,M5 战后与当代美学范式,G3 小说,QH7 历史、记忆与时间 | QH3 身份、身体与归属
宾蒂.md,R7,△,非洲文学综合—具体内部传统待读后校准,provisional_region,T6 当代全球文学 · 后殖民批判、城市经验与全球离散,区域扩展阅读,T6 当代全球文学,R7 非洲文学,M5 战后与当代美学范式,G3 小说,QT2 科幻
宿命论者雅克.md,R4,△,欧洲文学综合—具体内部传统待读后校准,provisional_region,T2 早期现代文学 · 文艺复兴、宗教改革与印刷公共领域,区域扩展阅读,T2 早期现代文学,R4 欧洲文学,M1 早期现代思想与美学,G3 小说,QH5 权力、制度与秩序
宿命论者雅克和他的主人.md,R4,△,欧洲文学综合—具体内部传统待读后校准,provisional_region,T2 早期现代文学 · 文艺复兴、宗教改革与印刷公共领域,区域扩展阅读,T2 早期现代文学,R4 欧洲文学,M1 早期现代思想与美学,G3 小说,QH8 信仰、伦理与超越
寂寞芳心小姐.md,R5,△,北美文学综合—具体内部传统待读后校准,provisional_region,T4 全球现代主义时代 · 现代主义、哈莱姆复兴与类型扩张,区域扩展阅读,T4 全球现代主义时代,R5 北美文学,M3.1 现代主义 / Modernism,G3 小说,QH3 身份、身体与归属
密使.md,R2,△,东亚文学综合—具体内部传统待读后校准,provisional_region,T6 当代全球文学 · 都市经验、媒介转型与跨国传播,区域扩展阅读,T6 当代全球文学,R2 东亚文学,M5 战后与当代美学范式,G3 小说,QH7 历史、记忆与时间
密室里的记忆.md,R2,△,东亚文学综合—具体内部传统待读后校准,provisional_region,T6 当代全球文学 · 都市经验、媒介转型与跨国传播,区域扩展阅读,T6 当代全球文学,R2 东亚文学,M5 战后与当代美学范式,G3 小说,QT6 乌托邦、反乌托邦与社会想象
密西西比河上的生活.md,R5,△,十九世纪—现代美国文学传统,author_model,T3 19世纪现代文学体系 · 国家文学、奴隶制回应与大众出版,区域扩展阅读,T3 19世纪现代文学体系,R5 北美文学,M2 19世纪文学思潮,G6 纪实与文学非虚构,QT14 旅行与游记
富兰克林自传.md,R5,★,殖民地—清教徒与早期共和国文学传统,existing,T6 当代全球文学 · 多元身份、数字媒介与全球传播,殖民回应与民族文学建构,T6 当代全球文学,R5 北美文学,M5 战后与当代美学范式,G5 生命书写,QH5 权力、制度与秩序
富足的生命.md,R7,◆,中非—大湖区文学传统,existing,T6 当代全球文学 · 后殖民批判、城市经验与全球离散,殖民回应与民族文学建构,T6 当代全球文学,R7 非洲文学,M5 战后与当代美学范式,G3 小说,QH3 身份、身体与归属
寒冬夜行人.md,R4,△,意大利文学传统,author_model,T5 二战后多极文学 · 战后重建、记忆政治与后现代转型,区域扩展阅读,T5 二战后多极文学,R4 欧洲文学,M5.1 战后思想与美学范式,G3 小说,QH1 自我、存在与生命
寒冷的红日出.md,R5,△,北美文学综合—具体内部传统待读后校准,provisional_region,T6 当代全球文学 · 多元身份、数字媒介与全球传播,区域扩展阅读,T6 当代全球文学,R5 北美文学,M5 战后与当代美学范式,G3 小说,QH3 身份、身体与归属
寒颤.md,R5,△,北美文学综合—具体内部传统待读后校准,provisional_region,T5 二战后多极文学 · 战后反文化、族裔文学与媒介繁荣,区域扩展阅读,T5 二战后多极文学,R5 北美文学,M5 战后与当代美学范式,G3 小说,QT1 推理与犯罪叙事
寓言诗.md,R4,△,欧洲文学综合—具体内部传统待读后校准,provisional_region,T2 早期现代文学 · 文艺复兴、宗教改革与印刷公共领域,区域扩展阅读,T2 早期现代文学,R4 欧洲文学,M1 早期现代思想与美学,G3 小说,QH4 社会、阶级与劳动
寓言集.md,R6,△,拉丁美洲与加勒比综合—具体内部传统待读后校准,provisional_region,T6 当代全球文学 · 后独裁记忆、迁徙与跨国文学重组,区域扩展阅读,T6 当代全球文学,R6 拉丁美洲与加勒比,M5 战后与当代美学范式,G3 小说,QH5 权力、制度与秩序
寓言（福克纳）.md,R5,△,北美文学综合—具体内部传统待读后校准,provisional_region,T5 二战后多极文学 · 战后反文化、族裔文学与媒介繁荣,区域扩展阅读,T5 二战后多极文学,R5 北美文学,M5 战后与当代美学范式,G3 小说,QH6 战争、暴力与创伤
寻秦记.md,R2,△,东亚文学综合—具体内部传统待读后校准,provisional_region,T6 当代全球文学 · 都市经验、媒介转型与跨国传播,区域扩展阅读,T6 当代全球文学,R2 东亚文学,M5 战后与当代美学范式,G3 小说,QT8 英雄、边疆与法外者文化传统 | QT8.1 武侠
射雕英雄传.md,R2,△,东亚文学综合—具体内部传统待读后校准,provisional_region,T5 二战后多极文学 · 战争革命、国家文学与社会重构,区域扩展阅读,T5 二战后多极文学,R2 东亚文学,M5 战后与当代美学范式,G3 小说,QT8.1 武侠 | QT8.3 日本武士与剑豪 | QT8.6 Gaucho | QH5 权力、制度与秩序
将军吟.md,R2,△,东亚文学综合—具体内部传统待读后校准,provisional_region,T6 当代全球文学 · 都市经验、媒介转型与跨国传播,区域扩展阅读,T6 当代全球文学,R2 东亚文学,M5 战后与当代美学范式,G3 小说,QH6 战争、暴力与创伤
将军底头.md,R2,△,东亚文学综合—具体内部传统待读后校准,provisional_region,T4 全球现代主义时代 · 殖民现代性、新文学与形式实验,区域扩展阅读,T4 全球现代主义时代,R2 东亚文学,M3.1 现代主义 / Modernism,G3 小说,QH5 权力、制度与秩序
将军族.md,R2,△,东亚文学综合—具体内部传统待读后校准,provisional_region,T5 二战后多极文学 · 战争革命、国家文学与社会重构,区域扩展阅读,T5 二战后多极文学,R2 东亚文学,M5 战后与当代美学范式,G3 小说,QH6 战争、暴力与创伤
小五义.md,R2,△,东亚文学综合—具体内部传统待读后校准,provisional_region,T3 19世纪现代文学体系 · 晚期传统、翻译输入与现代转折,区域扩展阅读,T3 19世纪现代文学体系,R2 东亚文学,M2 19世纪文学思潮,G3 小说,QT8 英雄、边疆与法外者文化传统 | QT8.1 武侠
小国.md,R7,◆,中非—大湖区文学传统,existing,T6 当代全球文学 · 后殖民批判、城市经验与全球离散,传统转型与区域扩展,T6 当代全球文学,R7 非洲文学,M5 战后与当代美学范式,G3 小说,QH6 战争、暴力与创伤
小妇人.md,R5,△,北美文学综合—具体内部传统待读后校准,provisional_region,T3 19世纪现代文学体系 · 国家文学、奴隶制回应与大众出版,区域扩展阅读,T3 19世纪现代文学体系,R5 北美文学,M2 19世纪文学思潮,G3 小说,QH2.5 童年与成长 | QH2.3 家庭与家族
小时代.md,R2,△,东亚文学综合—具体内部传统待读后校准,provisional_region,T6 当代全球文学 · 都市经验、媒介转型与跨国传播,区域扩展阅读,T6 当代全球文学,R2 东亚文学,M5 战后与当代美学范式,G3 小说,QH2.1 爱情与欲望 | QH4 社会、阶级与劳动
小王子.md,R4,△,欧洲文学综合—具体内部传统待读后校准,provisional_region,T4 全球现代主义时代 · 战争危机、现代主义与先锋实验,区域扩展阅读,T4 全球现代主义时代,R4 欧洲文学,M3 现代主义与先锋派,G3 小说,QH1 自我、存在与生命 | QH2.3 家庭与家族 | QH2.5 童年与成长
小癞子.md,R4,★,伊比利亚文学传统,existing,T2 早期现代文学 · 文艺复兴、宗教改革与印刷公共领域,文类形成与区域典范,T2 早期现代文学,R4 欧洲文学,M1 早期现代思想与美学,G3 小说,QH4 社会、阶级与劳动
小眼睛.md,R6,△,拉丁美洲与加勒比综合—具体内部传统待读后校准,provisional_region,T6 当代全球文学 · 后独裁记忆、迁徙与跨国文学重组,区域扩展阅读,T6 当代全球文学,R6 拉丁美洲与加勒比,M5 战后与当代美学范式,G3 小说,QT6 乌托邦、反乌托邦与社会想象
小神们.md,R4,△,欧洲文学综合—具体内部传统待读后校准,provisional_region,T6 当代全球文学 · 欧洲一体化、迁徙经验与当代重组,文类形成与区域典范,T6 当代全球文学,R4 欧洲文学,M5 战后与当代美学范式,G3 小说,QT3 奇幻
小酒店.md,R4,△,欧洲文学综合—具体内部传统待读后校准,provisional_region,T3 19世纪现代文学体系 · 浪漫主义、现实主义与民族文学体系,区域扩展阅读,T3 19世纪现代文学体系,R4 欧洲文学,M2 19世纪文学思潮 | M2 19世纪文学思潮 / 自然主义,G3 小说,QH2.3 家庭与家族
小镇艳阳录.md,R5,◆,英语加拿大文学传统,existing,T6 当代全球文学 · 多元身份、数字媒介与全球传播,传统转型与区域扩展,T6 当代全球文学,R5 北美文学,M5 战后与当代美学范式,G3 小说,QH5 权力、制度与秩序
小陌生人.md,R4,△,欧洲文学综合—具体内部传统待读后校准,provisional_region,T6 当代全球文学 · 欧洲一体化、迁徙经验与当代重组,区域扩展阅读,T6 当代全球文学,R4 欧洲文学,M5 战后与当代美学范式,G3 小说,QT4 恐怖与哥特
少年.md,R4,△,俄罗斯文学传统,author_model,T3 19世纪现代文学体系 · 浪漫主义、现实主义与民族文学体系,区域扩展阅读,T3 19世纪现代文学体系,R4 欧洲文学,M2 19世纪文学思潮,G3 小说,QH2.5 童年与成长
少年Pi的奇幻漂流.md,R5,△,北美文学综合—具体内部传统待读后校准,provisional_region,T6 当代全球文学 · 多元身份、数字媒介与全球传播,区域扩展阅读,T6 当代全球文学,R5 北美文学,M5 战后与当代美学范式,G3 小说,QH1 自我、存在与生命 | QH8 信仰、伦理与超越
少年天子.md,R2,△,东亚文学综合—具体内部传统待读后校准,provisional_region,T6 当代全球文学 · 都市经验、媒介转型与跨国传播,区域扩展阅读,T6 当代全球文学,R2 东亚文学,M5 战后与当代美学范式,G3 小说,QT7 历史叙事
少年特尔勒斯的困惑.md,R4,△,欧洲文学综合—具体内部传统待读后校准,provisional_region,T4 全球现代主义时代 · 战争危机、现代主义与先锋实验,区域扩展阅读,T4 全球现代主义时代,R4 欧洲文学,M3 现代主义与先锋派,G3 小说,QH2.5 童年与成长
少年维特的烦恼.md,R4,△,德语文学传统,author_model,T2 早期现代文学 · 文艺复兴、宗教改革与印刷公共领域,区域扩展阅读,T2 早期现代文学,R4 欧洲文学,M1 早期现代思想与美学,G3 小说,QH2.1 爱情与欲望
少年艺术家的画像.md,R4,△,英国—爱尔兰文学传统,author_model,T4 全球现代主义时代 · 战争危机、现代主义与先锋实验,区域扩展阅读,T4 全球现代主义时代,R4 欧洲文学,M3 现代主义与先锋派,G3 小说,QH2.5 童年与成长
少雨之地.md,R5,△,北美文学综合—具体内部传统待读后校准,provisional_region,T6 当代全球文学 · 多元身份、数字媒介与全球传播,区域扩展阅读,T6 当代全球文学,R5 北美文学,M5 战后与当代美学范式,G3 小说,QT8 英雄、边疆与法外者文化传统 | QT8.5 西部
尘埃落定.md,R2,△,东亚文学综合—具体内部传统待读后校准,provisional_region,T6 当代全球文学 · 都市经验、媒介转型与跨国传播,区域扩展阅读,T6 当代全球文学,R2 东亚文学,M5 战后与当代美学范式,G3 小说,QT7 历史叙事
尤今小说选.md,R8,◆,新加坡—海峡多语文学传统,existing,T6 当代全球文学 · 城市化、跨语写作与东南亚离散,文类形成与区域典范,T6 当代全球文学,R8 东南亚文学,M5 战后与当代美学范式,G3 小说,QH5 权力、制度与秩序
尤利西斯.md,R4,★,英国—爱尔兰文学传统,existing,T4 全球现代主义时代 · 战争危机、现代主义与先锋实验,核心经典与传统确立,T4 全球现代主义时代,R4 欧洲文学,M3.1 现代主义 / Modernism,G3 小说,QH1 自我、存在与生命
尤努斯·埃姆雷诗集.md,R1,★,土耳其—奥斯曼文学传统,existing,T1 中古多中心文学世界 · 宗教经典、帝国网络与翻译传承,核心经典与传统确立,T1 中古多中心文学世界,R1 西亚—地中海古老传统,,G1 诗歌,QH8 信仰、伦理与超越
尤比克.md,R5,△,北美文学综合—具体内部传统待读后校准,provisional_region,T5 二战后多极文学 · 战后反文化、族裔文学与媒介繁荣,区域扩展阅读,T5 二战后多极文学,R5 北美文学,M5 战后与当代美学范式,G3 小说,QT2 科幻
尸人庄谜案.md,R2,△,东亚文学综合—具体内部传统待读后校准,provisional_region,T6 当代全球文学 · 都市经验、媒介转型与跨国传播,区域扩展阅读,T6 当代全球文学,R2 东亚文学,M5 战后与当代美学范式,G3 小说,QT1 推理与犯罪叙事
尸体之城.md,R2,△,东亚文学综合—具体内部传统待读后校准,provisional_region,T5 二战后多极文学 · 战争革命、国家文学与社会重构,区域扩展阅读,T5 二战后多极文学,R2 东亚文学,M5 战后与当代美学范式,G3 小说,QH6 战争、暴力与创伤
尸体之街.md,R2,△,东亚文学综合—具体内部传统待读后校准,provisional_region,T5 二战后多极文学 · 战争革命、国家文学与社会重构,区域扩展阅读,T5 二战后多极文学,R2 东亚文学,M5 战后与当代美学范式,G3 小说,QH6 战争、暴力与创伤
尸者的帝国.md,R2,△,东亚文学综合—具体内部传统待读后校准,provisional_region,T6 当代全球文学 · 都市经验、媒介转型与跨国传播,区域扩展阅读,T6 当代全球文学,R2 东亚文学,M5 战后与当代美学范式,G3 小说,QT2 科幻
尸鬼.md,R2,△,东亚文学综合—具体内部传统待读后校准,provisional_region,T6 当代全球文学 · 都市经验、媒介转型与跨国传播,区域扩展阅读,T6 当代全球文学,R2 东亚文学,M5 战后与当代美学范式,G3 小说,QT4 恐怖与哥特
尼亚尔萨迦.md,R4,★,北欧文学传统,existing,T6 当代全球文学 · 欧洲一体化、迁徙经验与当代重组,核心经典与传统确立,T6 当代全球文学,R4 欧洲文学,M5 战后与当代美学范式,G3 小说,QH2.3 家庭与家族
尼伯龙根之歌.md,R4,★,德语文学传统,existing,T1 中古多中心文学世界 · 基督教、宫廷与俗语文学形成,源头与经典奠基,T1 中古多中心文学世界,R4 欧洲文学,,G3 小说,QT3 奇幻 | QH2.3 家庭与家族 | QT7 历史叙事 | QT9 神话、传说与民间叙事 | QH6 战争、暴力与创伤 | QT8 英雄、边疆与法外者文化传统 | QT8.2 欧洲骑士
尼凯切.md,R7,◆,葡语非洲文学传统,existing,T6 当代全球文学 · 后殖民批判、城市经验与全球离散,传统转型与区域扩展,T6 当代全球文学,R7 非洲文学,M5 战后与当代美学范式,G3 小说,QH3 身份、身体与归属
尼罗河上的惨案.md,R4,△,欧洲文学综合—具体内部传统待读后校准,provisional_region,T4 全球现代主义时代 · 战争危机、现代主义与先锋实验,区域扩展阅读,T4 全球现代主义时代,R4 欧洲文学,M3 现代主义与先锋派,G3 小说,QT1 推理与犯罪叙事
尼雅尔萨迦.md,R4,△,伊比利亚文学传统,author_model,T1 中古多中心文学世界 · 基督教、宫廷与俗语文学形成,区域扩展阅读,T1 中古多中心文学世界,R4 欧洲文学,,G3 小说,QH2.3 家庭与家族
局外人.md,R4,◆,法语文学传统,existing,T4 全球现代主义时代 · 战争危机、现代主义与先锋实验,文类形成与区域典范,T4 全球现代主义时代,R4 欧洲文学,M3.1 现代主义 / Modernism | M5.1 战后思想与美学范式,G3 小说,QH1 自我、存在与生命
屠场.md,R6,◆,南锥体—拉普拉塔文学传统,existing,T6 当代全球文学 · 后独裁记忆、迁徙与跨国文学重组,传统转型与区域扩展,T6 当代全球文学,R6 拉丁美洲与加勒比,M5 战后与当代美学范式,G3 小说,QH5 权力、制度与秩序
屠场（厄普顿·辛克莱）.md,R5,△,北美文学综合—具体内部传统待读后校准,provisional_region,T4 全球现代主义时代 · 现代主义、哈莱姆复兴与类型扩张,区域扩展阅读,T4 全球现代主义时代,R5 北美文学,M4 集体文学运动与文化政治,G3 小说,QH4 社会、阶级与劳动
屠宰场之舞.md,R5,△,北美文学综合—具体内部传统待读后校准,provisional_region,T6 当代全球文学 · 多元身份、数字媒介与全球传播,区域扩展阅读,T6 当代全球文学,R5 北美文学,M5 战后与当代美学范式,G3 小说,QH3 身份、身体与归属
山地花环.md,R4,◆,巴尔干与东南欧文学传统,existing,T6 当代全球文学 · 欧洲一体化、迁徙经验与当代重组,殖民回应与民族文学建构,T6 当代全球文学,R4 欧洲文学,M5 战后与当代美学范式,G3 小说,QH5 权力、制度与秩序
山海经.md,R2,△,朝鲜半岛文学传统,author_model,T0 文学源头与古代文学 · 古代经典、史传与诗歌传统奠基,区域扩展阅读,T0 文学源头与古代文学,R2 东亚文学,,G3 小说,QT9 神话、传说与民间叙事
山羊的节日.md,R6,★,西语加勒比文学传统,existing,T6 当代全球文学 · 后独裁记忆、迁徙与跨国文学重组,核心经典与传统确立,T6 当代全球文学,R6 拉丁美洲与加勒比,M5 战后与当代美学范式,G3 小说,QH7 历史、记忆与时间
山音.md,R2,△,东亚文学综合—具体内部传统待读后校准,provisional_region,T5 二战后多极文学 · 战争革命、国家文学与社会重构,区域扩展阅读,T5 二战后多极文学,R2 东亚文学,M5 战后与当代美学范式,G3 小说,QH5 权力、制度与秩序
岁时记.md,R1,△,罗马与拉丁文学传统,existing,T0 文学源头与古代文学 · 古代文字、史诗与经典传统形成,区域扩展阅读,T0 文学源头与古代文学,R1 西亚—地中海古老传统,,G3 小说,QT9 神话、传说与民间叙事
岛上书店.md,R5,△,北美文学综合—具体内部传统待读后校准,provisional_region,T6 当代全球文学 · 多元身份、数字媒介与全球传播,区域扩展阅读,T6 当代全球文学,R5 北美文学,M5 战后与当代美学范式,G3 小说,QH1 自我、存在与生命 | QH2.5 童年与成长
岭南摭怪.md,R2,△,朝鲜半岛文学传统,author_model,T1 中古多中心文学世界 · 宗教传播、宫廷文化与区域交流,区域扩展阅读,T1 中古多中心文学世界,R2 东亚文学,,G3 小说,QT9 神话、传说与民间叙事
崩溃.md,R4,△,欧洲文学综合—具体内部传统待读后校准,provisional_region,T4 全球现代主义时代 · 战争危机、现代主义与先锋实验,区域扩展阅读,T4 全球现代主义时代,R4 欧洲文学,M2 19世纪文学思潮,G3 小说,QH6 战争、暴力与创伤
工作与时日.md,R1,△,古希腊文学传统,existing,T0 文学源头与古代文学 · 古代文字、史诗与经典传统形成,区域扩展阅读,T0 文学源头与古代文学,R1 西亚—地中海古老传统,,G1 诗歌,QT9 神话、传说与民间叙事
左传.md,R2,◆,中国文学传统,existing,T6 当代全球文学 · 都市经验、媒介转型与跨国传播,传统转型与区域扩展,T6 当代全球文学,R2 东亚文学,M5 战后与当代美学范式,G3 小说,QT7 历史叙事
巧克力情人.md,R6,◆,墨西哥—中美洲文学传统,existing,T6 当代全球文学 · 后独裁记忆、迁徙与跨国文学重组,文类形成与区域典范,T6 当代全球文学,R6 拉丁美洲与加勒比,M5 战后与当代美学范式,G3 小说,QH3 身份、身体与归属
巨人传.md,R4,△,欧洲文学综合—具体内部传统待读后校准,provisional_region,T2 早期现代文学 · 文艺复兴、宗教改革与印刷公共领域,区域扩展阅读,T2 早期现代文学,R4 欧洲文学,M1 早期现代思想与美学,G3 小说,QH8 信仰、伦理与超越
巨石苍穹.md,R5,△,北美文学综合—具体内部传统待读后校准,provisional_region,T6 当代全球文学 · 多元身份、数字媒介与全球传播,源头与经典奠基,T6 当代全球文学,R5 北美文学,M5 战后与当代美学范式,G3 小说,QT3 奇幻
差分机.md,R5,△,北美文学综合—具体内部传统待读后校准,provisional_region,T6 当代全球文学 · 多元身份、数字媒介与全球传播,文类形成与区域典范,T6 当代全球文学,R5 北美文学,M5 战后与当代美学范式,G3 小说,QT2 科幻
已故的乔治·阿普利.md,R5,△,北美文学综合—具体内部传统待读后校准,provisional_region,T4 全球现代主义时代 · 现代主义、哈莱姆复兴与类型扩张,区域扩展阅读,T4 全球现代主义时代,R5 北美文学,M3 现代主义与先锋派,G3 小说,QH1 自我、存在与生命
已故的帕斯卡尔.md,R4,△,意大利文学传统,author_model,T4 全球现代主义时代 · 战争危机、现代主义与先锋实验,区域扩展阅读,T4 全球现代主义时代,R4 欧洲文学,M3.1 现代主义 / Modernism,G3 小说,QH1 自我、存在与生命
已知的世界.md,R5,△,北美文学综合—具体内部传统待读后校准,provisional_region,T6 当代全球文学 · 多元身份、数字媒介与全球传播,区域扩展阅读,T6 当代全球文学,R5 北美文学,M5 战后与当代美学范式,G3 小说,QH3 身份、身体与归属
巴伊·甘纽.md,R4,◆,巴尔干与东南欧文学传统,existing,T6 当代全球文学 · 欧洲一体化、迁徙经验与当代重组,传统转型与区域扩展,T6 当代全球文学,R4 欧洲文学,M5 战后与当代美学范式,G3 小说,QH5 权力、制度与秩序
巴伦·卡南.md,R6,△,拉丁美洲与加勒比综合—具体内部传统待读后校准,provisional_region,T6 当代全球文学 · 后独裁记忆、迁徙与跨国文学重组,区域扩展阅读,T6 当代全球文学,R6 拉丁美洲与加勒比,M5 战后与当代美学范式,G3 小说,QH5 权力、制度与秩序
巴兰特雷少爷.md,R4,△,欧洲文学综合—具体内部传统待读后校准,provisional_region,T3 19世纪现代文学体系 · 浪漫主义、现实主义与民族文学体系,区域扩展阅读,T3 19世纪现代文学体系,R4 欧洲文学,M2 19世纪文学思潮,G3 小说,QT8 英雄、边疆与法外者文化传统 | QT8.4 欧洲剑客
巴别-17.md,R5,△,北美文学综合—具体内部传统待读后校准,provisional_region,T5 二战后多极文学 · 战后反文化、族裔文学与媒介繁荣,区域扩展阅读,T5 二战后多极文学,R5 北美文学,M5 战后与当代美学范式,G3 小说,QT2 科幻
巴别塔.md,R5,△,北美文学综合—具体内部传统待读后校准,provisional_region,T6 当代全球文学 · 多元身份、数字媒介与全球传播,区域扩展阅读,T6 当代全球文学,R5 北美文学,M5 战后与当代美学范式,G3 小说,QT3 奇幻
巴力神话组诗.md,R1,△,黎凡特—迦南与乌加里特文学传统,existing,T0 文学源头与古代文学 · 古代文字、史诗与经典传统形成,源头与经典奠基,T0 文学源头与古代文学,R1 西亚—地中海古老传统,,G3 小说,QT9 神话、传说与民间叙事
巴努巴克塔罗摩衍那.md,R3,★,尼泊尔—喜马拉雅文学传统,existing,T6 当代全球文学 · 全球南亚、英语写作与地方传统重组,核心经典与传统确立,T6 当代全球文学,R3 南亚文学,M5 战后与当代美学范式,G3 小说,QH5 权力、制度与秩序
巴基斯坦列车.md,R3,△,南亚文学综合—具体内部传统待读后校准,provisional_region,T5 二战后多极文学 · 独立分治、国家文学与离散书写,区域扩展阅读,T5 二战后多极文学,R3 南亚文学,M5 战后与当代美学范式,G3 小说,QH6 战争、暴力与创伤
巴基诗集.md,R1,★,土耳其—奥斯曼文学传统,existing,T2 早期现代文学 · 手稿—印刷转换与多语传统延续,核心经典与传统确立,T2 早期现代文学,R1 西亚—地中海古老传统,M1 早期现代思想与美学,G1 诗歌,QH5 权力、制度与秩序
巴布尔回忆录.md,R3,△,南亚文学综合—具体内部传统待读后校准,provisional_region,T2 早期现代文学 · 波斯语—地方语互动与早期印刷转型,区域扩展阅读,T2 早期现代文学,R3 南亚文学,M1 早期现代思想与美学,G6 纪实与文学非虚构,QH5 权力、制度与秩序
巴拉耶.md,R5,△,北美文学综合—具体内部传统待读后校准,provisional_region,T6 当代全球文学 · 多元身份、数字媒介与全球传播,区域扩展阅读,T6 当代全球文学,R5 北美文学,M5 战后与当代美学范式,G3 小说,QH3 身份、身体与归属
巴斯克维尔的猎犬.md,R4,△,欧洲文学综合—具体内部传统待读后校准,provisional_region,T4 全球现代主义时代 · 战争危机、现代主义与先锋实验,区域扩展阅读,T4 全球现代主义时代,R4 欧洲文学,M2 19世纪文学思潮,G3 小说,QT1 推理与犯罪叙事
巴斯蒂.md,R3,△,南亚文学综合—具体内部传统待读后校准,provisional_region,T5 二战后多极文学 · 独立分治、国家文学与离散书写,区域扩展阅读,T5 二战后多极文学,R3 南亚文学,M5 战后与当代美学范式,G3 小说,QH6 战争、暴力与创伤
巴比伦神义论.md,R1,◆,两河文学传统,existing,T0 文学源头与古代文学 · 古代文字、史诗与经典传统形成,传统转型与区域扩展,T0 文学源头与古代文学,R1 西亚—地中海古老传统,,G3 小说,QH8 信仰、伦理与超越
巴登海姆1939.md,R10,◆,犹太离散—意第绪与跨语文学传统,existing,T6 当代全球文学 · 全球迁徙、数字传播与跨语文学网络,离散迁徙与跨区域连接,T6 当代全球文学,R10 跨区域文学传统,M5 战后与当代美学范式,G3 小说,QH7 历史、记忆与时间 | QH3 身份、身体与归属
巴西万岁.md,R6,△,拉丁美洲与加勒比综合—具体内部传统待读后校准,provisional_region,T6 当代全球文学 · 后独裁记忆、迁徙与跨国文学重组,区域扩展阅读,T6 当代全球文学,R6 拉丁美洲与加勒比,M5 战后与当代美学范式,G3 小说,QH5 权力、制度与秩序
巴西木诗集.md,R6,△,巴西葡语文学传统,author_model,T4 全球现代主义时代 · Modernismo、先锋派与本土现代性,区域扩展阅读,T4 全球现代主义时代,R6 拉丁美洲与加勒比,M3.2 先锋派,G1 诗歌,QH3 身份、身体与归属 | QH1 自我、存在与生命
巴里公主.md,R2,△,朝鲜半岛文学传统,author_model,T4 全球现代主义时代 · 殖民现代性、新文学与形式实验,区域扩展阅读,T4 全球现代主义时代,R2 东亚文学,M3 现代主义与先锋派,G3 小说,QT9 神话、传说与民间叙事
巴黎圣母院.md,R4,△,欧洲文学综合—具体内部传统待读后校准,provisional_region,T3 19世纪现代文学体系 · 浪漫主义、现实主义与民族文学体系,区域扩展阅读,T3 19世纪现代文学体系,R4 欧洲文学,M2 19世纪文学思潮 | M2 19世纪文学思潮 / 浪漫主义,G3 小说,QT7 历史叙事
巴黎的农民.md,R4,△,欧洲文学综合—具体内部传统待读后校准,provisional_region,T4 全球现代主义时代 · 战争危机、现代主义与先锋实验,区域扩展阅读,T4 全球现代主义时代,R4 欧洲文学,M3.2 先锋派,G3 小说,QH1 自我、存在与生命
布兰航海记.md,R4,△,伊比利亚文学传统,author_model,T1 中古多中心文学世界 · 基督教、宫廷与俗语文学形成,区域扩展阅读,T1 中古多中心文学世界,R4 欧洲文学,,G3 小说,QT9 神话、传说与民间叙事
布兰诗歌.md,R4,◆,中世纪拉丁基督教与俗语奠基传统,existing,T6 当代全球文学 · 欧洲一体化、迁徙经验与当代重组,文类形成与区域典范,T6 当代全球文学,R4 欧洲文学,M5 战后与当代美学范式,G1 诗歌,QH5 权力、制度与秩序
布拉斯·库巴斯死后的回忆.md,R6,★,巴西葡语文学传统,existing,T3 19世纪现代文学体系 · 独立建国、浪漫主义与国家文学,核心经典与传统确立,T3 19世纪现代文学体系,R6 拉丁美洲与加勒比,M2 19世纪文学思潮,G3 小说,QH5 权力、制度与秩序
布拉热洛纳子爵.md,R4,△,欧洲文学综合—具体内部传统待读后校准,provisional_region,T3 19世纪现代文学体系 · 浪漫主义、现实主义与民族文学体系,区域扩展阅读,T3 19世纪现代文学体系,R4 欧洲文学,M2 19世纪文学思潮,G3 小说,QT7 历史叙事 | QT8 英雄、边疆与法外者文化传统 | QT8.2 欧洲骑士 | QT8.4 欧洲剑客 | QT8.8 海盗
布登勃洛克一家.md,R4,★,德语文学传统,existing,T4 全球现代主义时代 · 战争危机、现代主义与先锋实验,文类形成与区域典范,T4 全球现代主义时代,R4 欧洲文学,M3 现代主义与先锋派,G3 小说,QH2.5 童年与成长 | QH2.3 家庭与家族
布莱·沙阿诗选.md,R3,◆,旁遮普—信德与西北文学传统,existing,T6 当代全球文学 · 全球南亚、英语写作与地方传统重组,传统转型与区域扩展,T6 当代全球文学,R3 南亚文学,M5 战后与当代美学范式,G1 诗歌,QH5 权力、制度与秩序
布衣神相.md,R2,△,东亚文学综合—具体内部传统待读后校准,provisional_region,T6 当代全球文学 · 都市经验、媒介转型与跨国传播,区域扩展阅读,T6 当代全球文学,R2 东亚文学,M5 战后与当代美学范式,G3 小说,QT8 英雄、边疆与法外者文化传统 | QT8.1 武侠
布雷达的太阳.md,R4,△,欧洲文学综合—具体内部传统待读后校准,provisional_region,T6 当代全球文学 · 欧洲一体化、迁徙经验与当代重组,区域扩展阅读,T6 当代全球文学,R4 欧洲文学,M5 战后与当代美学范式,G3 小说,QT8 英雄、边疆与法外者文化传统 | QT8.4 欧洲剑客
师父.md,R2,△,东亚文学综合—具体内部传统待读后校准,provisional_region,T6 当代全球文学 · 都市经验、媒介转型与跨国传播,区域扩展阅读,T6 当代全球文学,R2 东亚文学,M5 战后与当代美学范式,G3 小说,QT8 英雄、边疆与法外者文化传统 | QT8.1 武侠
希尔·兰贾.md,R3,★,旁遮普—信德与西北文学传统,existing,T2 早期现代文学 · 波斯语—地方语互动与早期印刷转型,核心经典与传统确立,T2 早期现代文学,R3 南亚文学,M1 早期现代思想与美学,G3 小说,QH5 权力、制度与秩序
希尔德布兰特之歌.md,R4,△,伊比利亚文学传统,author_model,T1 中古多中心文学世界 · 基督教、宫廷与俗语文学形成,区域扩展阅读,T1 中古多中心文学世界,R4 欧洲文学,,G3 小说,QT8 英雄、边疆与法外者文化传统 | QT8.2 欧洲骑士
希尔德的梯子.md,R9,△,大洋洲与太平洋综合—具体内部传统待读后校准,provisional_region,T6 当代全球文学 · 生态危机、移民社会与跨太平洋传播,区域扩展阅读,T6 当代全球文学,R9 大洋洲与太平洋,M5 战后与当代美学范式,G3 小说,QT2 科幻
希波吕托斯.md,R1,△,古希腊文学传统,existing,T0 文学源头与古代文学 · 古代文字、史诗与经典传统形成,区域扩展阅读,T0 文学源头与古代文学,R1 西亚—地中海古老传统,,G3 小说,QT9 神话、传说与民间叙事
希腊人佐巴.md,R4,★,现代希腊文学传统,existing,T5 二战后多极文学 · 战后重建、记忆政治与后现代转型,文类形成与区域典范,T5 二战后多极文学,R4 欧洲文学,M3 现代主义与先锋派,G3 小说,QH6 战争、暴力与创伤
希腊棺材之谜.md,R5,△,北美文学综合—具体内部传统待读后校准,provisional_region,T4 全球现代主义时代 · 现代主义、哈莱姆复兴与类型扩张,区域扩展阅读,T4 全球现代主义时代,R5 北美文学,M3 现代主义与先锋派,G3 小说,QT1 推理与犯罪叙事
帕尔马修道院.md,R4,△,欧洲文学综合—具体内部传统待读后校准,provisional_region,T3 19世纪现代文学体系 · 浪漫主义、现实主义与民族文学体系,区域扩展阅读,T3 19世纪现代文学体系,R4 欧洲文学,M2 19世纪文学思潮,G3 小说,QH6 战争、暴力与创伤
帕梅拉.md,R4,△,欧洲文学综合—具体内部传统待读后校准,provisional_region,T2 早期现代文学 · 文艺复兴、宗教改革与印刷公共领域,区域扩展阅读,T2 早期现代文学,R4 欧洲文学,M1 早期现代思想与美学,G3 小说,QH2.1 爱情与欲望
帕西翁.md,R8,◆,菲律宾文学传统,existing,T2 早期现代文学 · 宫廷文学、殖民接触与印刷起步,殖民回应与民族文学建构,T2 早期现代文学,R8 东南亚文学,M1 早期现代思想与美学,G1 诗歌,QH3 身份、身体与归属 | QH8 信仰、伦理与超越
帕迪·克拉克哈哈哈.md,R4,△,欧洲文学综合—具体内部传统待读后校准,provisional_region,T6 当代全球文学 · 欧洲一体化、迁徙经验与当代重组,区域扩展阅读,T6 当代全球文学,R4 欧洲文学,M5 战后与当代美学范式,G3 小说,QH3 身份、身体与归属
帝国瀑布.md,R5,△,北美文学综合—具体内部传统待读后校准,provisional_region,T6 当代全球文学 · 多元身份、数字媒介与全球传播,区域扩展阅读,T6 当代全球文学,R5 北美文学,M5 战后与当代美学范式,G3 小说,QH3 身份、身体与归属
席斯矩阵.md,R5,△,北美文学综合—具体内部传统待读后校准,provisional_region,T6 当代全球文学 · 多元身份、数字媒介与全球传播,区域扩展阅读,T6 当代全球文学,R5 北美文学,M5 战后与当代美学范式,G3 小说,QT2 科幻 | QT6 乌托邦、反乌托邦与社会想象
帷幕.md,R4,△,欧洲文学综合—具体内部传统待读后校准,provisional_region,T5 二战后多极文学 · 战后重建、记忆政治与后现代转型,区域扩展阅读,T5 二战后多极文学,R4 欧洲文学,M3 现代主义与先锋派,G3 小说,QT1 推理与犯罪叙事
常识.md,R5,★,殖民地—清教徒与早期共和国文学传统,existing,T6 当代全球文学 · 多元身份、数字媒介与全球传播,殖民回应与民族文学建构,T6 当代全球文学,R5 北美文学,M5 战后与当代美学范式,G3 小说,QH5 权力、制度与秩序
干旱的生活.md,R6,△,拉丁美洲与加勒比综合—具体内部传统待读后校准,provisional_region,T6 当代全球文学 · 后独裁记忆、迁徙与跨国文学重组,区域扩展阅读,T6 当代全球文学,R6 拉丁美洲与加勒比,M5 战后与当代美学范式,G3 小说,QH5 权力、制度与秩序
平凡的世界.md,R2,△,东亚文学综合—具体内部传统待读后校准,provisional_region,T6 当代全球文学 · 都市经验、媒介转型与跨国传播,区域扩展阅读,T6 当代全球文学,R2 东亚文学,M2 19世纪文学思潮,G3 小说,QH2.3 家庭与家族 | QH2.5 童年与成长 | QH4 社会、阶级与劳动
平凡的恩典.md,R5,△,北美文学综合—具体内部传统待读后校准,provisional_region,T6 当代全球文学 · 多元身份、数字媒介与全球传播,区域扩展阅读,T6 当代全球文学,R5 北美文学,M5 战后与当代美学范式,G3 小说,QH3 身份、身体与归属
平原上的城市.md,R5,△,十九世纪—现代美国文学传统,author_model,T6 当代全球文学 · 多元身份、数字媒介与全球传播,区域扩展阅读,T6 当代全球文学,R5 北美文学,M5 战后与当代美学范式,G3 小说,QT8 英雄、边疆与法外者文化传统 | QT8.5 西部
平家物语.md,R2,△,朝鲜半岛文学传统,author_model,T1 中古多中心文学世界 · 宗教传播、宫廷文化与区域交流,源头与经典奠基,T1 中古多中心文学世界,R2 东亚文学,,G3 小说,QT7 历史叙事 | QH6 战争、暴力与创伤 | QT8 英雄、边疆与法外者文化传统 | QT8.3 日本武士与剑豪 | QT8.4 欧洲剑客
平治物语.md,R2,△,朝鲜半岛文学传统,author_model,T6 当代全球文学 · 都市经验、媒介转型与跨国传播,区域扩展阅读,T6 当代全球文学,R2 东亚文学,M5 战后与当代美学范式,G3 小说,QT7 历史叙事 | QT8 英雄、边疆与法外者文化传统 | QT8.3 日本武士与剑豪
平面国.md,R4,△,欧洲文学综合—具体内部传统待读后校准,provisional_region,T3 19世纪现代文学体系 · 浪漫主义、现实主义与民族文学体系,区域扩展阅读,T3 19世纪现代文学体系,R4 欧洲文学,M2 19世纪文学思潮,G3 小说,QT2 科幻 | QH5 权力、制度与秩序
年轻的古德曼·布朗.md,R5,△,十九世纪—现代美国文学传统,author_model,T3 19世纪现代文学体系 · 国家文学、奴隶制回应与大众出版,区域扩展阅读,T3 19世纪现代文学体系,R5 北美文学,M2 19世纪文学思潮,G3 小说,QT4 恐怖与哥特
年轻的命运女神.md,R4,△,欧洲文学综合—具体内部传统待读后校准,provisional_region,T4 全球现代主义时代 · 战争危机、现代主义与先锋实验,区域扩展阅读,T4 全球现代主义时代,R4 欧洲文学,M3.1 现代主义 / Modernism,G3 小说,QH1 自我、存在与生命
并非出于仇恨.md,R8,△,东南亚文学综合—具体内部传统待读后校准,provisional_region,T5 二战后多极文学 · 独立战争、国家建构与政治创伤,区域扩展阅读,T5 二战后多极文学,R8 东南亚文学,M5 战后与当代美学范式,G3 小说,QH5 权力、制度与秩序
并非没有笑声.md,R5,△,北美文学综合—具体内部传统待读后校准,provisional_region,T4 全球现代主义时代 · 现代主义、哈莱姆复兴与类型扩张,区域扩展阅读,T4 全球现代主义时代,R5 北美文学,M4 集体文学运动与文化政治,G3 小说,QH4 社会、阶级与劳动 | QH2.3 家庭与家族
幻城.md,R2,△,东亚文学综合—具体内部传统待读后校准,provisional_region,T6 当代全球文学 · 都市经验、媒介转型与跨国传播,文类形成与区域典范,T6 当代全球文学,R2 东亚文学,M5 战后与当代美学范式,G3 小说,QT3 奇幻 | QH2.1 爱情与欲望
幻影女郎.md,R5,△,北美文学综合—具体内部传统待读后校准,provisional_region,T4 全球现代主义时代 · 现代主义、哈莱姆复兴与类型扩张,区域扩展阅读,T4 全球现代主义时代,R5 北美文学,M3 现代主义与先锋派,G3 小说,QT1 推理与犯罪叙事
幻想世界旅游者指南.md,R4,△,欧洲文学综合—具体内部传统待读后校准,provisional_region,T6 当代全球文学 · 欧洲一体化、迁徙经验与当代重组,文类形成与区域典范,T6 当代全球文学,R4 欧洲文学,M5 战后与当代美学范式,G3 小说,QT3 奇幻
幻想曲.md,R4,△,欧洲文学综合—具体内部传统待读后校准,provisional_region,T3 19世纪现代文学体系 · 浪漫主义、现实主义与民族文学体系,区域扩展阅读,T3 19世纪现代文学体系,R4 欧洲文学,M2 19世纪文学思潮,G3 小说,QT3 奇幻
幻梦之海.md,R4,△,欧洲文学综合—具体内部传统待读后校准,provisional_region,T6 当代全球文学 · 欧洲一体化、迁徙经验与当代重组,文类形成与区域典范,T6 当代全球文学,R4 欧洲文学,M5 战后与当代美学范式,G3 小说,QT3 奇幻
幻灭.md,R4,△,法语文学传统,author_model,T3 19世纪现代文学体系 · 浪漫主义、现实主义与民族文学体系,区域扩展阅读,T3 19世纪现代文学体系,R4 欧洲文学,M2 19世纪文学思潮 | M2 19世纪文学思潮 / 现实主义,G3 小说,QH2.5 童年与成长
幽灵之家.md,R6,◆,南锥体—拉普拉塔文学传统,existing,T5 二战后多极文学 · 革命经验、文学爆炸与独裁回应,传统转型与区域扩展,T5 二战后多极文学,R6 拉丁美洲与加勒比,M5.1 战后思想与美学范式,G3 小说,QT7 历史叙事 | QH7 历史、记忆与时间
幽灵小姐.md,R4,△,欧洲文学综合—具体内部传统待读后校准,provisional_region,T2 早期现代文学 · 文艺复兴、宗教改革与印刷公共领域,区域扩展阅读,T2 早期现代文学,R4 欧洲文学,M1 早期现代思想与美学,G3 小说,QT8 英雄、边疆与法外者文化传统 | QT8.4 欧洲剑客
幽灵海盗.md,R4,△,欧洲文学综合—具体内部传统待读后校准,provisional_region,T4 全球现代主义时代 · 战争危机、现代主义与先锋实验,区域扩展阅读,T4 全球现代主义时代,R4 欧洲文学,M3 现代主义与先锋派,G3 小说,QT4 恐怖与哥特
幽灵路.md,R4,△,欧洲文学综合—具体内部传统待读后校准,provisional_region,T6 当代全球文学 · 欧洲一体化、迁徙经验与当代重组,区域扩展阅读,T6 当代全球文学,R4 欧洲文学,M5 战后与当代美学范式,G3 小说,QT7 历史叙事
幽灵鸟.md,R9,◆,澳大利亚原住民—托雷斯海峡文学传统,existing,T6 当代全球文学 · 生态危机、移民社会与跨太平洋传播,文类形成与区域典范,T6 当代全球文学,R9 大洋洲与太平洋,M5 战后与当代美学范式,G3 小说,QH3 身份、身体与归属
广告杀人事件.md,R4,△,欧洲文学综合—具体内部传统待读后校准,provisional_region,T4 全球现代主义时代 · 战争危机、现代主义与先锋实验,区域扩展阅读,T4 全球现代主义时代,R4 欧洲文学,M3 现代主义与先锋派,G3 小说,QT1 推理与犯罪叙事
广场.md,R2,△,东亚文学综合—具体内部传统待读后校准,provisional_region,T5 二战后多极文学 · 战争革命、国家文学与社会重构,殖民回应与民族文学建构,T5 二战后多极文学,R2 东亚文学,M5 战后与当代美学范式,G3 小说,QH6 战争、暴力与创伤
广岛.md,R5,△,北美文学综合—具体内部传统待读后校准,provisional_region,T5 二战后多极文学 · 战后反文化、族裔文学与媒介繁荣,区域扩展阅读,T5 二战后多极文学,R5 北美文学,M3 现代主义与先锋派,G3 小说,QH6 战争、暴力与创伤
广岛札记.md,R2,△,东亚文学综合—具体内部传统待读后校准,provisional_region,T5 二战后多极文学 · 战争革命、国家文学与社会重构,区域扩展阅读,T5 二战后多极文学,R2 东亚文学,M5 战后与当代美学范式,G3 小说,QH6 战争、暴力与创伤
广漠的世界.md,R6,△,拉丁美洲与加勒比综合—具体内部传统待读后校准,provisional_region,T6 当代全球文学 · 后独裁记忆、迁徙与跨国文学重组,区域扩展阅读,T6 当代全球文学,R6 拉丁美洲与加勒比,M5 战后与当代美学范式,G3 小说,QH5 权力、制度与秩序
广阔腹地：条条小径.md,R6,△,巴西葡语文学传统,author_model,T5 二战后多极文学 · 革命经验、文学爆炸与独裁回应,区域扩展阅读,T5 二战后多极文学,R6 拉丁美洲与加勒比,M5 战后与当代美学范式,G3 小说,QH5 权力、制度与秩序
庄子.md,R2,△,东亚文学综合—具体内部传统待读后校准,provisional_region,T0 文学源头与古代文学 · 古代经典、史传与诗歌传统奠基,区域扩展阅读,T0 文学源头与古代文学,R2 东亚文学,,G4 散文与随笔,QH8 信仰、伦理与超越
床上抽烟有危险.md,R6,△,拉丁美洲与加勒比综合—具体内部传统待读后校准,provisional_region,T6 当代全球文学 · 后独裁记忆、迁徙与跨国文学重组,区域扩展阅读,T6 当代全球文学,R6 拉丁美洲与加勒比,M5 战后与当代美学范式,G3 小说,QT4 恐怖与哥特
序曲.md,R4,△,欧洲文学综合—具体内部传统待读后校准,provisional_region,T3 19世纪现代文学体系 · 浪漫主义、现实主义与民族文学体系,区域扩展阅读,T3 19世纪现代文学体系,R4 欧洲文学,M2 19世纪文学思潮 / 浪漫主义 | M2 19世纪文学思潮,G3 小说,QH4 社会、阶级与劳动
序曲中的死亡.md,R9,△,大洋洲与太平洋综合—具体内部传统待读后校准,provisional_region,T4 全球现代主义时代 · 战争经验、现代主义与区域认同,区域扩展阅读,T4 全球现代主义时代,R9 大洋洲与太平洋,M3 现代主义与先锋派,G3 小说,QT1 推理与犯罪叙事
库萨里.md,R1,△,希伯来—犹太文学传统,existing,T1 中古多中心文学世界 · 宗教经典、帝国网络与翻译传承,区域扩展阅读,T1 中古多中心文学世界,R1 西亚—地中海古老传统,,G4 散文与随笔,QH8 信仰、伦理与超越
应物兄.md,R2,△,东亚文学综合—具体内部传统待读后校准,provisional_region,T6 当代全球文学 · 都市经验、媒介转型与跨国传播,区域扩展阅读,T6 当代全球文学,R2 东亚文学,M5 战后与当代美学范式,G3 小说,QH6 战争、暴力与创伤
店员.md,R5,◆,犹太裔美国文学传统,existing,T6 当代全球文学 · 多元身份、数字媒介与全球传播,传统转型与区域扩展,T6 当代全球文学,R5 北美文学,M5 战后与当代美学范式,G3 小说,QH4 社会、阶级与劳动 | QH8 信仰、伦理与超越
庞贝.md,R4,△,欧洲文学综合—具体内部传统待读后校准,provisional_region,T6 当代全球文学 · 欧洲一体化、迁徙经验与当代重组,区域扩展阅读,T6 当代全球文学,R4 欧洲文学,M5 战后与当代美学范式,G3 小说,QT7 历史叙事
座头市物语.md,R2,△,东亚文学综合—具体内部传统待读后校准,provisional_region,T6 当代全球文学 · 都市经验、媒介转型与跨国传播,区域扩展阅读,T6 当代全球文学,R2 东亚文学,M5 战后与当代美学范式,G3 小说,QT8 英雄、边疆与法外者文化传统 | QT8.3 日本武士与剑豪 | QT8.7 侠盗
庭院深深.md,R2,△,东亚文学综合—具体内部传统待读后校准,provisional_region,T5 二战后多极文学 · 战争革命、国家文学与社会重构,区域扩展阅读,T5 二战后多极文学,R2 东亚文学,M5 战后与当代美学范式,G3 小说,QH2.1 爱情与欲望
康尼岛的心灵.md,R5,△,北美文学综合—具体内部传统待读后校准,provisional_region,T5 二战后多极文学 · 战后反文化、族裔文学与媒介繁荣,区域扩展阅读,T5 二战后多极文学,R5 北美文学,M4 集体文学运动与文化政治,G1 诗歌,QH4 社会、阶级与劳动
康涅狄格美国佬在亚瑟王朝.md,R4,△,欧洲文学综合—具体内部传统待读后校准,provisional_region,T3 19世纪现代文学体系 · 浪漫主义、现实主义与民族文学体系,区域扩展阅读,T3 19世纪现代文学体系,R4 欧洲文学,M2 19世纪文学思潮,G3 小说,QT8 英雄、边疆与法外者文化传统 | QT8.2 欧洲骑士
康熙大帝.md,R2,△,东亚文学综合—具体内部传统待读后校准,provisional_region,T6 当代全球文学 · 都市经验、媒介转型与跨国传播,区域扩展阅读,T6 当代全球文学,R2 东亚文学,M5 战后与当代美学范式,G3 小说,QT7 历史叙事
廷臣论.md,R4,△,欧洲文学综合—具体内部传统待读后校准,provisional_region,T2 早期现代文学 · 文艺复兴、宗教改革与印刷公共领域,区域扩展阅读,T2 早期现代文学,R4 欧洲文学,M1 早期现代思想与美学,G3 小说,QH5 权力、制度与秩序
开往伍德斯托克的末班车.md,R4,△,欧洲文学综合—具体内部传统待读后校准,provisional_region,T5 二战后多极文学 · 战后重建、记忆政治与后现代转型,区域扩展阅读,T5 二战后多极文学,R4 欧洲文学,M5 战后与当代美学范式,G3 小说,QT1 推理与犯罪叙事
开往巴基斯坦的列车.md,R3,△,南亚文学综合—具体内部传统待读后校准,provisional_region,T5 二战后多极文学 · 独立分治、国家文学与离散书写,区域扩展阅读,T5 二战后多极文学,R3 南亚文学,M5 战后与当代美学范式,G3 小说,QH6 战争、暴力与创伤 | QH7 历史、记忆与时间 | QT7 历史叙事
开往巴基斯坦的列车.md,R10,★,流亡—难民—无国籍文学传统,existing,T5 二战后多极文学 · 去殖民化、离散共同体与世界文学重组,离散迁徙与跨区域连接,T5 二战后多极文学,R3 南亚文学,M5 战后与当代美学范式,G3 小说,QH6 战争、暴力与创伤 | QH7 历史、记忆与时间 | QT7 历史叙事
开放的城市.md,R10,★,全球移民—后殖民都市文学传统,existing,T6 当代全球文学 · 全球迁徙、数字传播与跨语文学网络,离散迁徙与跨区域连接,T6 当代全球文学,R10 跨区域文学传统,M5 战后与当代美学范式,G3 小说,QH3 身份、身体与归属
开罗三部曲.md,R1,△,阿拉伯文学传统,existing,T5 二战后多极文学 · 战后国家建构、流亡与现代转型,区域扩展阅读,T5 二战后多极文学,R1 西亚—地中海古老传统,M3 现代主义与先锋派,G3 小说,QH2.3 家庭与家族
异乡异客.md,R5,△,北美文学综合—具体内部传统待读后校准,provisional_region,T5 二战后多极文学 · 战后反文化、族裔文学与媒介繁荣,区域扩展阅读,T5 二战后多极文学,R5 北美文学,M5 战后与当代美学范式,G3 小说,QT2 科幻
异山馨香.md,R5,△,北美文学综合—具体内部传统待读后校准,provisional_region,T6 当代全球文学 · 多元身份、数字媒介与全球传播,区域扩展阅读,T6 当代全球文学,R5 北美文学,M5 战后与当代美学范式,G3 小说,QH3 身份、身体与归属
异常.md,R2,△,东亚文学综合—具体内部传统待读后校准,provisional_region,T6 当代全球文学 · 都市经验、媒介转型与跨国传播,区域扩展阅读,T6 当代全球文学,R2 东亚文学,M5 战后与当代美学范式,G3 小说,QT1 推理与犯罪叙事
异邦骑士.md,R2,△,东亚文学综合—具体内部传统待读后校准,provisional_region,T6 当代全球文学 · 都市经验、媒介转型与跨国传播,区域扩展阅读,T6 当代全球文学,R2 东亚文学,M5 战后与当代美学范式,G3 小说,QT1 推理与犯罪叙事
弗兰德公路.md,R4,△,欧洲文学综合—具体内部传统待读后校准,provisional_region,T5 二战后多极文学 · 战后重建、记忆政治与后现代转型,区域扩展阅读,T5 二战后多极文学,R4 欧洲文学,M5 战后与当代美学范式 | M5.1 战后思想与美学范式,G3 小说,QH6 战争、暴力与创伤
弗兰肯斯坦.md,R4,△,欧洲文学综合—具体内部传统待读后校准,provisional_region,T3 19世纪现代文学体系 · 浪漫主义、现实主义与民族文学体系,区域扩展阅读,T3 19世纪现代文学体系,R4 欧洲文学,M2 19世纪文学思潮 | M2 19世纪文学思潮 / 浪漫主义,G3 小说,QT2 科幻 | QT4 恐怖与哥特
弗农·小神.md,R9,△,大洋洲与太平洋综合—具体内部传统待读后校准,provisional_region,T6 当代全球文学 · 生态危机、移民社会与跨太平洋传播,区域扩展阅读,T6 当代全球文学,R9 大洋洲与太平洋,M5 战后与当代美学范式,G3 小说,QH3 身份、身体与归属
弗吉尼亚人.md,R5,△,北美文学综合—具体内部传统待读后校准,provisional_region,T6 当代全球文学 · 多元身份、数字媒介与全球传播,区域扩展阅读,T6 当代全球文学,R5 北美文学,M5 战后与当代美学范式,G3 小说,QT8 英雄、边疆与法外者文化传统 | QT8.5 西部
弗拉卡斯上尉.md,R4,△,欧洲文学综合—具体内部传统待读后校准,provisional_region,T3 19世纪现代文学体系 · 浪漫主义、现实主义与民族文学体系,文类形成与区域典范,T3 19世纪现代文学体系,R4 欧洲文学,M2 19世纪文学思潮,G3 小说,QT8 英雄、边疆与法外者文化传统 | QT8.4 欧洲剑客
弗洛斯河上的磨坊.md,R4,△,欧洲文学综合—具体内部传统待读后校准,provisional_region,T3 19世纪现代文学体系 · 浪漫主义、现实主义与民族文学体系,区域扩展阅读,T3 19世纪现代文学体系,R4 欧洲文学,M2 19世纪文学思潮,G3 小说,QH2.5 童年与成长 | QH2.3 家庭与家族
弗莱德丽卡.md,R4,△,欧洲文学综合—具体内部传统待读后校准,provisional_region,T5 二战后多极文学 · 战后重建、记忆政治与后现代转型,区域扩展阅读,T5 二战后多极文学,R4 欧洲文学,M3 现代主义与先锋派,G3 小说,QH2.1 爱情与欲望
弗雷德里克·道格拉斯自传.md,R5,★,非裔美国文学传统,existing,T6 当代全球文学 · 多元身份、数字媒介与全球传播,源头与经典奠基,T6 当代全球文学,R5 北美文学,M5 战后与当代美学范式,G5 生命书写,QH5 权力、制度与秩序
张居正.md,R2,△,东亚文学综合—具体内部传统待读后校准,provisional_region,T6 当代全球文学 · 都市经验、媒介转型与跨国传播,区域扩展阅读,T6 当代全球文学,R2 东亚文学,M5 战后与当代美学范式,G3 小说,QH6 战争、暴力与创伤
弹药筒.md,R6,△,拉丁美洲与加勒比综合—具体内部传统待读后校准,provisional_region,T6 当代全球文学 · 后独裁记忆、迁徙与跨国文学重组,区域扩展阅读,T6 当代全球文学,R6 拉丁美洲与加勒比,M5 战后与当代美学范式,G3 小说,QH5 权力、制度与秩序
强盗.md,R4,◆,德语文学传统,existing,T6 当代全球文学 · 欧洲一体化、迁徙经验与当代重组,传统转型与区域扩展,T6 当代全球文学,R4 欧洲文学,M5 战后与当代美学范式,G3 小说,QT8 英雄、边疆与法外者文化传统 | QT8.7 侠盗
归乡.md,R5,△,北美文学综合—具体内部传统待读后校准,provisional_region,T6 当代全球文学 · 多元身份、数字媒介与全球传播,翻译与跨传统连接,T6 当代全球文学,R10.2 非洲离散文学 | R5 北美文学 | R7 非洲文学,M5 战后与当代美学范式,G3 小说,QH2.3 家庭与家族 | QT7 历史叙事 | QH7 历史、记忆与时间
归乡.md,R7,△,非洲文学综合—具体内部传统待读后校准,provisional_region,T6 当代全球文学 · 后殖民批判、城市经验与全球离散,翻译与跨传统连接,T6 当代全球文学,R10.2 非洲离散文学 | R5 北美文学 | R7 非洲文学,M5 战后与当代美学范式,G3 小说,QH2.3 家庭与家族 | QT7 历史叙事 | QH7 历史、记忆与时间
归乡.md,R10,★,非洲离散文学传统,existing,T6 当代全球文学 · 全球迁徙、数字传播与跨语文学网络,离散迁徙与跨区域连接,T6 当代全球文学,R10.2 非洲离散文学 | R5 北美文学 | R7 非洲文学,M5 战后与当代美学范式,G3 小说,QH2.3 家庭与家族 | QT7 历史叙事 | QH7 历史、记忆与时间
归来.md,R4,△,欧洲文学综合—具体内部传统待读后校准,provisional_region,T4 全球现代主义时代 · 战争危机、现代主义与先锋实验,区域扩展阅读,T4 全球现代主义时代,R4 欧洲文学,M3 现代主义与先锋派,G3 小说,QH6 战争、暴力与创伤
当且仅当雪是白的.md,R2,△,东亚文学综合—具体内部传统待读后校准,provisional_region,T6 当代全球文学 · 都市经验、媒介转型与跨国传播,区域扩展阅读,T6 当代全球文学,R2 东亚文学,M5 战后与当代美学范式,G3 小说,QT1 推理与犯罪叙事
当代英雄.md,R4,◆,俄罗斯文学传统,existing,T3 19世纪现代文学体系 · 浪漫主义、现实主义与民族文学体系,文类形成与区域典范,T3 19世纪现代文学体系,R4 欧洲文学,M2 19世纪文学思潮 / 浪漫主义 | M2 19世纪文学思潮,G3 小说,QH4 社会、阶级与劳动
当睡者醒来时.md,R4,△,欧洲文学综合—具体内部传统待读后校准,provisional_region,T4 全球现代主义时代 · 战争危机、现代主义与先锋实验,区域扩展阅读,T4 全球现代主义时代,R4 欧洲文学,M2 19世纪文学思潮,G3 小说,QT2 科幻 | QT6 乌托邦、反乌托邦与社会想象
当选者.md,R4,△,欧洲文学综合—具体内部传统待读后校准,provisional_region,T5 二战后多极文学 · 战后重建、记忆政治与后现代转型,区域扩展阅读,T5 二战后多极文学,R4 欧洲文学,M5 战后与当代美学范式,G3 小说,QH6 战争、暴力与创伤
彩画集.md,R4,△,欧洲文学综合—具体内部传统待读后校准,provisional_region,T3 19世纪现代文学体系 · 浪漫主义、现实主义与民族文学体系,区域扩展阅读,T3 19世纪现代文学体系,R4 欧洲文学,M3.1 现代主义 / Modernism | M2 19世纪文学思潮 / 象征主义 | M2 19世纪文学思潮,G1 诗歌,QH4 社会、阶级与劳动
彩虹尽头.md,R5,△,北美文学综合—具体内部传统待读后校准,provisional_region,T6 当代全球文学 · 多元身份、数字媒介与全球传播,区域扩展阅读,T6 当代全球文学,R5 北美文学,M5 战后与当代美学范式,G3 小说,QH3 身份、身体与归属
彩虹战士.md,R8,◆,印尼—爪哇与群岛文学传统,existing,T6 当代全球文学 · 城市化、跨语写作与东南亚离散,源头与经典奠基,T6 当代全球文学,R8 东南亚文学,M5 战后与当代美学范式,G3 小说,QH4 社会、阶级与劳动 | QH8 信仰、伦理与超越
彭公案.md,R2,△,东亚文学综合—具体内部传统待读后校准,provisional_region,T6 当代全球文学 · 都市经验、媒介转型与跨国传播,区域扩展阅读,T6 当代全球文学,R2 东亚文学,M5 战后与当代美学范式,G3 小说,QT8 英雄、边疆与法外者文化传统 | QT8.1 武侠
影子.md,R4,△,北欧文学传统,author_model,T3 19世纪现代文学体系 · 浪漫主义、现实主义与民族文学体系,区域扩展阅读,T3 19世纪现代文学体系,R4 欧洲文学,M2 19世纪文学思潮,G3 小说,QT3 奇幻
彷徨.md,R2,△,东亚文学综合—具体内部传统待读后校准,provisional_region,T4 全球现代主义时代 · 殖民现代性、新文学与形式实验,区域扩展阅读,T4 全球现代主义时代,R2 东亚文学,M3.1 现代主义 / Modernism,G3 小说,QH1 自我、存在与生命 | QH4 社会、阶级与劳动
彼得·潘.md,R4,△,欧洲文学综合—具体内部传统待读后校准,provisional_region,T4 全球现代主义时代 · 战争危机、现代主义与先锋实验,区域扩展阅读,T4 全球现代主义时代,R4 欧洲文学,M3 现代主义与先锋派,G3 小说,QT3 奇幻 | QT8 英雄、边疆与法外者文化传统 | QT8.8 海盗
彼得便士.md,R9,△,大洋洲与太平洋综合—具体内部传统待读后校准,provisional_region,T5 二战后多极文学 · 去殖民化、原住民复兴与太平洋意识,区域扩展阅读,T5 二战后多极文学,R9 大洋洲与太平洋,M5 战后与当代美学范式,G3 小说,QH5 权力、制度与秩序
彼得堡.md,R4,△,欧洲文学综合—具体内部传统待读后校准,provisional_region,T4 全球现代主义时代 · 战争危机、现代主义与先锋实验,区域扩展阅读,T4 全球现代主义时代,R4 欧洲文学,M3.1 现代主义 / Modernism,G3 小说,QH1 自我、存在与生命
往事.md,R1,△,希伯来—犹太文学传统,existing,T5 二战后多极文学 · 战后国家建构、流亡与现代转型,区域扩展阅读,T5 二战后多极文学,R1 西亚—地中海古老传统,M3 现代主义与先锋派,G3 小说,QH5 权力、制度与秩序
往事与刑罚.md,R2,△,东亚文学综合—具体内部传统待读后校准,provisional_region,T6 当代全球文学 · 都市经验、媒介转型与跨国传播,区域扩展阅读,T6 当代全球文学,R2 东亚文学,M5 战后与当代美学范式,G3 小说,QH5 权力、制度与秩序 | QH6 战争、暴力与创伤
征服新西班牙信史.md,R6,★,殖民编年史—巴洛克与克里奥尔文学传统,existing,T2 早期现代文学 · 殖民编年、巴洛克与混合文化形成,语言、书写与媒介转型,T2 早期现代文学,R6 拉丁美洲与加勒比,M1 早期现代思想与美学,G6 纪实与文学非虚构,QH5 权力、制度与秩序
征服者罗比尔.md,R4,△,欧洲文学综合—具体内部传统待读后校准,provisional_region,T3 19世纪现代文学体系 · 浪漫主义、现实主义与民族文学体系,区域扩展阅读,T3 19世纪现代文学体系,R4 欧洲文学,M2 19世纪文学思潮,G3 小说,QT2 科幻
律师事务所.md,R5,△,北美文学综合—具体内部传统待读后校准,provisional_region,T6 当代全球文学 · 多元身份、数字媒介与全球传播,区域扩展阅读,T6 当代全球文学,R5 北美文学,M5 战后与当代美学范式,G3 小说,QT1 推理与犯罪叙事
徒然草.md,R2,△,东亚文学综合—具体内部传统待读后校准,provisional_region,T1 中古多中心文学世界 · 宗教传播、宫廷文化与区域交流,区域扩展阅读,T1 中古多中心文学世界,R2 东亚文学,,G4 散文与随笔,QH8 信仰、伦理与超越
微型巨人.md,R4,△,法语文学传统,author_model,T2 早期现代文学 · 文艺复兴、宗教改革与印刷公共领域,区域扩展阅读,T2 早期现代文学,R4 欧洲文学,M1 早期现代思想与美学,G3 小说,QT2 科幻
微微一笑很倾城.md,R2,△,东亚文学综合—具体内部传统待读后校准,provisional_region,T6 当代全球文学 · 都市经验、媒介转型与跨国传播,区域扩展阅读,T6 当代全球文学,R2 东亚文学,M5 战后与当代美学范式,G3 小说,QH2.1 爱情与欲望
微暗的火.md,R5,△,北美文学综合—具体内部传统待读后校准,provisional_region,T5 二战后多极文学 · 战后反文化、族裔文学与媒介繁荣,区域扩展阅读,T5 二战后多极文学,R5 北美文学,M5 战后与当代美学范式 | M5.1 战后思想与美学范式,G3 小说,QH6 战争、暴力与创伤
微物之神.md,R3,★,南亚英语文学传统,existing,T6 当代全球文学 · 全球南亚、英语写作与地方传统重组,文类形成与区域典范,T6 当代全球文学,R3 南亚文学,M5 战后与当代美学范式 | M5.2 权力、身份与世界批评,G3 小说,QH2.3 家庭与家族
微笑的警察.md,R4,△,欧洲文学综合—具体内部传统待读后校准,provisional_region,T5 二战后多极文学 · 战后重建、记忆政治与后现代转型,区域扩展阅读,T5 二战后多极文学,R4 欧洲文学,M5 战后与当代美学范式,G3 小说,QH6 战争、暴力与创伤
德伯家的苔丝.md,R4,△,欧洲文学综合—具体内部传统待读后校准,provisional_region,T4 全球现代主义时代 · 战争危机、现代主义与先锋实验,区域扩展阅读,T4 全球现代主义时代,R4 欧洲文学,M3 现代主义与先锋派,G3 小说,QH2.1 爱情与欲望
德古拉.md,R4,△,欧洲文学综合—具体内部传统待读后校准,provisional_region,T4 全球现代主义时代 · 战争危机、现代主义与先锋实验,区域扩展阅读,T4 全球现代主义时代,R4 欧洲文学,M3 现代主义与先锋派,G3 小说,QT4 恐怖与哥特
德德·科尔库特之书.md,R1,★,土耳其—奥斯曼文学传统,existing,T1 中古多中心文学世界 · 宗教经典、帝国网络与翻译传承,源头与经典奠基,T1 中古多中心文学世界,R1 西亚—地中海古老传统,,G1 诗歌,QH6 战争、暴力与创伤
德米安.md,R4,△,欧洲文学综合—具体内部传统待读后校准,provisional_region,T4 全球现代主义时代 · 战争危机、现代主义与先锋实验,区域扩展阅读,T4 全球现代主义时代,R4 欧洲文学,M3 现代主义与先锋派,G3 小说,QH2.5 童年与成长
德里纳河上的桥.md,R4,★,巴尔干与东南欧文学传统,existing,T5 二战后多极文学 · 战后重建、记忆政治与后现代转型,文类形成与区域典范,T5 二战后多极文学,R4 欧洲文学,M3 现代主义与先锋派,G3 小说,QH5 权力、制度与秩序
德里黄昏.md,R3,△,南亚文学综合—具体内部传统待读后校准,provisional_region,T4 全球现代主义时代 · 反殖民、现代主义与多语文学革新,区域扩展阅读,T4 全球现代主义时代,R3 南亚文学,M3.1 现代主义 / Modernism,G3 小说,QH5 权力、制度与秩序
心.md,R2,△,东亚文学综合—具体内部传统待读后校准,provisional_region,T4 全球现代主义时代 · 殖民现代性、新文学与形式实验,区域扩展阅读,T4 全球现代主义时代,R2 东亚文学,M3 现代主义与先锋派,G3 小说,QH2.5 童年与成长
心理测验.md,R2,△,东亚文学综合—具体内部传统待读后校准,provisional_region,T4 全球现代主义时代 · 殖民现代性、新文学与形式实验,区域扩展阅读,T4 全球现代主义时代,R2 东亚文学,M3 现代主义与先锋派,G3 小说,QT1 推理与犯罪叙事
心理罪：教化场.md,R2,△,东亚文学综合—具体内部传统待读后校准,provisional_region,T6 当代全球文学 · 都市经验、媒介转型与跨国传播,区域扩展阅读,T6 当代全球文学,R2 东亚文学,M5 战后与当代美学范式,G3 小说,QT1 推理与犯罪叙事
心理罪：画像.md,R2,△,东亚文学综合—具体内部传统待读后校准,provisional_region,T6 当代全球文学 · 都市经验、媒介转型与跨国传播,区域扩展阅读,T6 当代全球文学,R2 东亚文学,M5 战后与当代美学范式,G3 小说,QT1 推理与犯罪叙事
忏悔录.md,R4,△,欧洲文学综合—具体内部传统待读后校准,provisional_region,T2 早期现代文学 · 文艺复兴、宗教改革与印刷公共领域,区域扩展阅读,T2 早期现代文学,R4 欧洲文学,M1 早期现代思想与美学,G3 小说,QH1 自我、存在与生命
志飘.md,R8,★,越南汉喃—国语文学传统,existing,T4 全球现代主义时代 · 民族主义、现代主义与反殖民写作,核心经典与传统确立,T4 全球现代主义时代,R8 东南亚文学,M3 现代主义与先锋派,G3 小说,QH5 权力、制度与秩序
忠告与同意.md,R5,△,北美文学综合—具体内部传统待读后校准,provisional_region,T5 二战后多极文学 · 战后反文化、族裔文学与媒介繁荣,区域扩展阅读,T5 二战后多极文学,R5 北美文学,M5 战后与当代美学范式,G3 小说,QH6 战争、暴力与创伤
忠臣藏.md,R2,△,东亚文学综合—具体内部传统待读后校准,provisional_region,T6 当代全球文学 · 都市经验、媒介转型与跨国传播,区域扩展阅读,T6 当代全球文学,R2 东亚文学,M5 战后与当代美学范式,G3 小说,QT8 英雄、边疆与法外者文化传统 | QT8.3 日本武士与剑豪
忧国.md,R2,△,东亚文学综合—具体内部传统待读后校准,provisional_region,T5 二战后多极文学 · 战争革命、国家文学与社会重构,区域扩展阅读,T5 二战后多极文学,R2 东亚文学,M5 战后与当代美学范式,G3 小说,QT8 英雄、边疆与法外者文化传统 | QT8.3 日本武士与剑豪
快乐时光.md,R4,△,欧洲文学综合—具体内部传统待读后校准,provisional_region,T5 二战后多极文学 · 战后重建、记忆政治与后现代转型,区域扩展阅读,T5 二战后多极文学,R4 欧洲文学,M5.1 战后思想与美学范式,G3 小说,QH3 身份、身体与归属 | QH1 自我、存在与生命
怀中羔羊.md,R5,△,北美文学综合—具体内部传统待读后校准,provisional_region,T4 全球现代主义时代 · 现代主义、哈莱姆复兴与类型扩张,区域扩展阅读,T4 全球现代主义时代,R5 北美文学,M3 现代主义与先锋派,G3 小说,QH1 自我、存在与生命
怀特先生的忏悔.md,R5,△,北美文学综合—具体内部传统待读后校准,provisional_region,T6 当代全球文学 · 多元身份、数字媒介与全球传播,区域扩展阅读,T6 当代全球文学,R5 北美文学,M5 战后与当代美学范式,G3 小说,QH3 身份、身体与归属
怎样做诗.md,R4,△,欧洲文学综合—具体内部传统待读后校准,provisional_region,T4 全球现代主义时代 · 战争危机、现代主义与先锋实验,区域扩展阅读,T4 全球现代主义时代,R4 欧洲文学,M3.2 先锋派,G3 小说,QH1 自我、存在与生命
思宫街.md,R1,△,阿拉伯文学传统,existing,T5 二战后多极文学 · 战后国家建构、流亡与现代转型,区域扩展阅读,T5 二战后多极文学,R1 西亚—地中海古老传统,M5 战后与当代美学范式,G3 小说,QH2.3 家庭与家族
急需病例.md,R5,△,北美文学综合—具体内部传统待读后校准,provisional_region,T5 二战后多极文学 · 战后反文化、族裔文学与媒介繁荣,区域扩展阅读,T5 二战后多极文学,R5 北美文学,M5 战后与当代美学范式,G3 小说,QH6 战争、暴力与创伤
怪屋.md,R4,△,欧洲文学综合—具体内部传统待读后校准,provisional_region,T5 二战后多极文学 · 战后重建、记忆政治与后现代转型,区域扩展阅读,T5 二战后多极文学,R4 欧洲文学,M3 现代主义与先锋派,G3 小说,QT1 推理与犯罪叙事
总统先生.md,R6,★,墨西哥—中美洲文学传统,existing,T5 二战后多极文学 · 革命经验、文学爆炸与独裁回应,核心经典与传统确立,T5 二战后多极文学,R6 拉丁美洲与加勒比,M5 战后与当代美学范式,G3 小说,QH5 权力、制度与秩序
恋情的终结.md,R4,△,欧洲文学综合—具体内部传统待读后校准,provisional_region,T5 二战后多极文学 · 战后重建、记忆政治与后现代转型,区域扩展阅读,T5 二战后多极文学,R4 欧洲文学,M5 战后与当代美学范式,G3 小说,QH2.1 爱情与欲望
恋爱中的奥兰多.md,R4,△,欧洲文学综合—具体内部传统待读后校准,provisional_region,T0 文学源头与古代文学 · 希腊罗马古典传统奠基,源头与经典奠基,T0 文学源头与古代文学,R4 欧洲文学,,G3 小说,QT8 英雄、边疆与法外者文化传统 | QT8.2 欧洲骑士
恋爱中的女人.md,R4,△,欧洲文学综合—具体内部传统待读后校准,provisional_region,T4 全球现代主义时代 · 战争危机、现代主义与先锋实验,区域扩展阅读,T4 全球现代主义时代,R4 欧洲文学,M3.1 现代主义 / Modernism,G3 小说,QH2.3 家庭与家族
恐怖谷.md,R4,△,欧洲文学综合—具体内部传统待读后校准,provisional_region,T3 19世纪现代文学体系 · 浪漫主义、现实主义与民族文学体系,区域扩展阅读,T3 19世纪现代文学体系,R4 欧洲文学,M2 19世纪文学思潮,G3 小说,QT1 推理与犯罪叙事
恐惧拉斯维加斯.md,R5,△,北美文学综合—具体内部传统待读后校准,provisional_region,T5 二战后多极文学 · 战后反文化、族裔文学与媒介繁荣,区域扩展阅读,T5 二战后多极文学,R5 北美文学,M5 战后与当代美学范式,G6 纪实与文学非虚构,QH6 战争、暴力与创伤
恨世者.md,R4,△,法语文学传统,author_model,T2 早期现代文学 · 文艺复兴、宗教改革与印刷公共领域,区域扩展阅读,T2 早期现代文学,R4 欧洲文学,M1 早期现代思想与美学,G2 戏剧,QH4 社会、阶级与劳动
恩典岁月.md,R5,△,北美文学综合—具体内部传统待读后校准,provisional_region,T4 全球现代主义时代 · 现代主义、哈莱姆复兴与类型扩张,区域扩展阅读,T4 全球现代主义时代,R5 北美文学,M3 现代主义与先锋派,G3 小说,QH1 自我、存在与生命
恩基与宁玛赫.md,R1,△,两河文学传统,existing,T0 文学源头与古代文学 · 古代文字、史诗与经典传统形成,区域扩展阅读,T0 文学源头与古代文学,R1 西亚—地中海古老传统,,G3 小说,QT9 神话、传说与民间叙事
恩基与宁胡尔萨格.md,R1,△,两河文学传统,existing,T0 文学源头与古代文学 · 古代文字、史诗与经典传统形成,区域扩展阅读,T0 文学源头与古代文学,R1 西亚—地中海古老传统,,G3 小说,QT9 神话、传说与民间叙事
恰似水之于巧克力.md,R6,△,拉丁美洲与加勒比综合—具体内部传统待读后校准,provisional_region,T5 二战后多极文学 · 革命经验、文学爆炸与独裁回应,区域扩展阅读,T5 二战后多极文学,R6 拉丁美洲与加勒比,M5.1 战后思想与美学范式,G3 小说,QH2.3 家庭与家族 | QT7 历史叙事 | QH2.1 爱情与欲望
恰卡.md,R7,△,非洲文学综合—具体内部传统待读后校准,provisional_region,T4 全球现代主义时代 · 反殖民意识、现代主义与民族表达,区域扩展阅读,T4 全球现代主义时代,R7 非洲文学,M3 现代主义与先锋派,G3 小说,QH5 权力、制度与秩序
恰卡赞歌.md,R7,◆,口传—史诗与本土语言传统,existing,T6 当代全球文学 · 后殖民批判、城市经验与全球离散,语言、书写与媒介转型,T6 当代全球文学,R7 非洲文学,M5 战后与当代美学范式,G3 小说,QH5 权力、制度与秩序
恰尔德·哈洛尔德游记.md,R4,△,欧洲文学综合—具体内部传统待读后校准,provisional_region,T3 19世纪现代文学体系 · 浪漫主义、现实主义与民族文学体系,区域扩展阅读,T3 19世纪现代文学体系,R4 欧洲文学,M2 19世纪文学思潮 / 浪漫主义 | M2 19世纪文学思潮,G6 纪实与文学非虚构,QH4 社会、阶级与劳动
恶之花.md,R4,★,法语文学传统,existing,T3 19世纪现代文学体系 · 浪漫主义、现实主义与民族文学体系,文类形成与区域典范,T3 19世纪现代文学体系,R4 欧洲文学,M3.1 现代主义 / Modernism | M2 19世纪文学思潮 / 象征主义 | M2 19世纪文学思潮,G1 诗歌,QH4 社会、阶级与劳动
恶心.md,R4,△,欧洲文学综合—具体内部传统待读后校准,provisional_region,T4 全球现代主义时代 · 战争危机、现代主义与先锋实验,区域扩展阅读,T4 全球现代主义时代,R4 欧洲文学,M3 现代主义与先锋派 | M5.1 战后思想与美学范式,G3 小说,QH6 战争、暴力与创伤
恶意.md,R2,△,东亚文学综合—具体内部传统待读后校准,provisional_region,T6 当代全球文学 · 都市经验、媒介转型与跨国传播,区域扩展阅读,T6 当代全球文学,R2 东亚文学,M5 战后与当代美学范式,G3 小说,QT1 推理与犯罪叙事
恶意预谋.md,R4,△,欧洲文学综合—具体内部传统待读后校准,provisional_region,T4 全球现代主义时代 · 战争危机、现代主义与先锋实验,区域扩展阅读,T4 全球现代主义时代,R4 欧洲文学,M3 现代主义与先锋派,G3 小说,QT1 推理与犯罪叙事
恶时辰.md,R6,△,拉丁美洲与加勒比综合—具体内部传统待读后校准,provisional_region,T5 二战后多极文学 · 革命经验、文学爆炸与独裁回应,区域扩展阅读,T5 二战后多极文学,R6 拉丁美洲与加勒比,M5 战后与当代美学范式,G3 小说,QH5 权力、制度与秩序 | QH6 战争、暴力与创伤
恶棍来访.md,R5,△,北美文学综合—具体内部传统待读后校准,provisional_region,T6 当代全球文学 · 多元身份、数字媒介与全球传播,区域扩展阅读,T6 当代全球文学,R5 北美文学,M5 战后与当代美学范式,G3 小说,QH3 身份、身体与归属
恶灵附身.md,R4,△,欧洲文学综合—具体内部传统待读后校准,provisional_region,T4 全球现代主义时代 · 战争危机、现代主义与先锋实验,区域扩展阅读,T4 全球现代主义时代,R4 欧洲文学,M3 现代主义与先锋派,G2 戏剧,QH1 自我、存在与生命
恶魔之手.md,R8,◆,菲律宾文学传统,existing,T5 二战后多极文学 · 独立战争、国家建构与政治创伤,文类形成与区域典范,T5 二战后多极文学,R8 东南亚文学,M5 战后与当代美学范式,G3 小说,QH4 社会、阶级与劳动
恶魔们.md,R4,△,欧洲文学综合—具体内部传统待读后校准,provisional_region,T3 19世纪现代文学体系 · 浪漫主义、现实主义与民族文学体系,区域扩展阅读,T3 19世纪现代文学体系,R4 欧洲文学,M2 19世纪文学思潮 / 颓废主义 | M2 19世纪文学思潮,G3 小说,QH4 社会、阶级与劳动
恶魔吹着笛子来.md,R2,△,东亚文学综合—具体内部传统待读后校准,provisional_region,T5 二战后多极文学 · 战争革命、国家文学与社会重构,区域扩展阅读,T5 二战后多极文学,R2 东亚文学,M5 战后与当代美学范式,G3 小说,QT1 推理与犯罪叙事
恶魔铜头.md,R5,△,北美文学综合—具体内部传统待读后校准,provisional_region,T6 当代全球文学 · 多元身份、数字媒介与全球传播,区域扩展阅读,T6 当代全球文学,R5 北美文学,M5 战后与当代美学范式,G3 小说,QH3 身份、身体与归属
悉达多.md,R4,△,欧洲文学综合—具体内部传统待读后校准,provisional_region,T4 全球现代主义时代 · 战争危机、现代主义与先锋实验,区域扩展阅读,T4 全球现代主义时代,R4 欧洲文学,M3 现代主义与先锋派,G3 小说,QH1 自我、存在与生命 | QH2.5 童年与成长 | QH8 信仰、伦理与超越
悠悠岁月.md,R4,△,欧洲文学综合—具体内部传统待读后校准,provisional_region,T6 当代全球文学 · 欧洲一体化、迁徙经验与当代重组,区域扩展阅读,T6 当代全球文学,R4 欧洲文学,M5 战后与当代美学范式,G3 小说,QH7 历史、记忆与时间
悬诗.md,R1,△,阿拉伯文学传统,existing,T1 中古多中心文学世界 · 宗教经典、帝国网络与翻译传承,区域扩展阅读,T1 中古多中心文学世界,R1 西亚—地中海古老传统,,G1 诗歌,QH8 信仰、伦理与超越
悲伤的边缘.md,R5,△,北美文学综合—具体内部传统待读后校准,provisional_region,T5 二战后多极文学 · 战后反文化、族裔文学与媒介繁荣,区域扩展阅读,T5 二战后多极文学,R5 北美文学,M5 战后与当代美学范式,G3 小说,QH6 战争、暴力与创伤
悲伤逆流成河.md,R2,△,东亚文学综合—具体内部传统待读后校准,provisional_region,T6 当代全球文学 · 都市经验、媒介转型与跨国传播,区域扩展阅读,T6 当代全球文学,R2 东亚文学,M5 战后与当代美学范式,G3 小说,QH2.1 爱情与欲望 | QH2.3 家庭与家族 | QH2.5 童年与成长
悲惨世界.md,R4,△,欧洲文学综合—具体内部传统待读后校准,provisional_region,T3 19世纪现代文学体系 · 浪漫主义、现实主义与民族文学体系,区域扩展阅读,T3 19世纪现代文学体系,R4 欧洲文学,M2 19世纪文学思潮,G3 小说,QT8 英雄、边疆与法外者文化传统 | QT8.7 侠盗
悲观主义者塞义德的奇异事件.md,R1,△,阿拉伯文学传统,existing,T5 二战后多极文学 · 战后国家建构、流亡与现代转型,区域扩展阅读,T5 二战后多极文学,R1 西亚—地中海古老传统,M5 战后与当代美学范式,G3 小说,QH6 战争、暴力与创伤
情书.md,R2,△,东亚文学综合—具体内部传统待读后校准,provisional_region,T6 当代全球文学 · 都市经验、媒介转型与跨国传播,区域扩展阅读,T6 当代全球文学,R2 东亚文学,M5 战后与当代美学范式,G3 小说,QH2.1 爱情与欲望 | QH7 历史、记忆与时间
情感教育.md,R4,△,法语文学传统,author_model,T3 19世纪现代文学体系 · 浪漫主义、现实主义与民族文学体系,区域扩展阅读,T3 19世纪现代文学体系,R4 欧洲文学,M2 19世纪文学思潮 | M2 19世纪文学思潮 / 现实主义,G3 小说,QH2.5 童年与成长
想象力无线电与自由词语.md,R4,△,欧洲文学综合—具体内部传统待读后校准,provisional_region,T4 全球现代主义时代 · 战争危机、现代主义与先锋实验,区域扩展阅读,T4 全球现代主义时代,R4 欧洲文学,M3.2 先锋派,G3 小说,QH1 自我、存在与生命
惶然录.md,R4,★,伊比利亚文学传统,existing,T6 当代全球文学 · 欧洲一体化、迁徙经验与当代重组,核心经典与传统确立,T6 当代全球文学,R4 欧洲文学,M3.1 现代主义 / Modernism,G5 生命书写,QH3 身份、身体与归属
意图集.md,R4,△,欧洲文学综合—具体内部传统待读后校准,provisional_region,T3 19世纪现代文学体系 · 浪漫主义、现实主义与民族文学体系,区域扩展阅读,T3 19世纪现代文学体系,R4 欧洲文学,M2 19世纪文学思潮 / 唯美主义 | M2 19世纪文学思潮,G3 小说,QH4 社会、阶级与劳动
意大利人.md,R4,△,欧洲文学综合—具体内部传统待读后校准,provisional_region,T2 早期现代文学 · 文艺复兴、宗教改革与印刷公共领域,翻译与跨传统连接,T2 早期现代文学,R7 非洲文学 | R4 欧洲文学,M1 早期现代思想与美学,G3 小说,QT4 恐怖与哥特
意大利人.md,R7,◆,马格里布—北非多语文学传统,existing,T2 早期现代文学 · 海洋交流、殖民接触与文字转译,翻译与跨传统连接,T2 早期现代文学,R7 非洲文学 | R4 欧洲文学,M1 早期现代思想与美学,G3 小说,QT4 恐怖与哥特
意大利游记.md,R4,△,德语文学传统,author_model,T3 19世纪现代文学体系 · 浪漫主义、现实主义与民族文学体系,区域扩展阅读,T3 19世纪现代文学体系,R4 欧洲文学,M2 19世纪文学思潮,G6 纪实与文学非虚构,QT14 旅行与游记
意象派诗人集 1915.md,R4,△,欧洲文学综合—具体内部传统待读后校准,provisional_region,T4 全球现代主义时代 · 战争危机、现代主义与先锋实验,区域扩展阅读,T4 全球现代主义时代,R4 欧洲文学,M3.2 先锋派,G3 小说,QH1 自我、存在与生命
意象派诗人集 1916.md,R4,△,欧洲文学综合—具体内部传统待读后校准,provisional_region,T4 全球现代主义时代 · 战争危机、现代主义与先锋实验,区域扩展阅读,T4 全球现代主义时代,R4 欧洲文学,M3.2 先锋派,G3 小说,QH1 自我、存在与生命
意象派诗选.md,R4,△,欧洲文学综合—具体内部传统待读后校准,provisional_region,T4 全球现代主义时代 · 战争危机、现代主义与先锋实验,区域扩展阅读,T4 全球现代主义时代,R4 欧洲文学,M3.2 先锋派,G1 诗歌,QH1 自我、存在与生命
愚人颂.md,R4,△,欧洲文学综合—具体内部传统待读后校准,provisional_region,T2 早期现代文学 · 文艺复兴、宗教改革与印刷公共领域,区域扩展阅读,T2 早期现代文学,R4 欧洲文学,M1 早期现代思想与美学,G3 小说,QH5 权力、制度与秩序
愚者的片尾.md,R2,△,东亚文学综合—具体内部传统待读后校准,provisional_region,T6 当代全球文学 · 都市经验、媒介转型与跨国传播,区域扩展阅读,T6 当代全球文学,R2 东亚文学,M5 战后与当代美学范式,G3 小说,QT1 推理与犯罪叙事
感伤旅行.md,R4,△,欧洲文学综合—具体内部传统待读后校准,provisional_region,T2 早期现代文学 · 文艺复兴、宗教改革与印刷公共领域,区域扩展阅读,T2 早期现代文学,R4 欧洲文学,M1 早期现代思想与美学,G6 纪实与文学非虚构,QT14 旅行与游记
愤怒的回顾.md,R4,△,欧洲文学综合—具体内部传统待读后校准,provisional_region,T5 二战后多极文学 · 战后重建、记忆政治与后现代转型,区域扩展阅读,T5 二战后多极文学,R4 欧洲文学,M5 战后与当代美学范式,G2 戏剧,QH6 战争、暴力与创伤
愤怒的葡萄.md,R5,★,十九世纪—现代美国文学传统,existing,T4 全球现代主义时代 · 现代主义、哈莱姆复兴与类型扩张,离散迁徙与跨区域连接,T4 全球现代主义时代,R5 北美文学,M3 现代主义与先锋派,G3 小说,QH1 自我、存在与生命
戈丹.md,R3,★,北印度俗语—Bhakti与印地文学传统,existing,T4 全球现代主义时代 · 反殖民、现代主义与多语文学革新,文类形成与区域典范,T4 全球现代主义时代,R3 南亚文学,M3 现代主义与先锋派,G3 小说,QH5 权力、制度与秩序
我不可能只是仰望着你.md,R5,△,北美文学综合—具体内部传统待读后校准,provisional_region,T6 当代全球文学 · 多元身份、数字媒介与全球传播,区域扩展阅读,T6 当代全球文学,R5 北美文学,M5 战后与当代美学范式,G3 小说,QH2.1 爱情与欲望 | QH6 战争、暴力与创伤
我与地坛.md,R2,△,东亚文学综合—具体内部传统待读后校准,provisional_region,T6 当代全球文学 · 都市经验、媒介转型与跨国传播,区域扩展阅读,T6 当代全球文学,R2 东亚文学,M5 战后与当代美学范式,G4 散文与随笔 | G5 生命书写,QH1 自我、存在与生命 | QH7 历史、记忆与时间
我们.md,R4,△,欧洲文学综合—具体内部传统待读后校准,provisional_region,T4 全球现代主义时代 · 战争危机、现代主义与先锋实验,文类形成与区域典范,T4 全球现代主义时代,R4 欧洲文学,M3.1 现代主义 / Modernism | M4 政治、民族与文化运动,G3 小说,QT2 科幻 | QT6 乌托邦、反乌托邦与社会想象 | QH5 权力、制度与秩序
我们一直住在城堡里.md,R5,△,北美文学综合—具体内部传统待读后校准,provisional_region,T5 二战后多极文学 · 战后反文化、族裔文学与媒介繁荣,区域扩展阅读,T5 二战后多极文学,R5 北美文学,M5 战后与当代美学范式,G3 小说,QT4 恐怖与哥特
我们中的一个.md,R5,△,北美文学综合—具体内部传统待读后校准,provisional_region,T4 全球现代主义时代 · 现代主义、哈莱姆复兴与类型扩张,区域扩展阅读,T4 全球现代主义时代,R5 北美文学,M3 现代主义与先锋派,G3 小说,QH1 自我、存在与生命
我们仨.md,R2,△,东亚文学综合—具体内部传统待读后校准,provisional_region,T6 当代全球文学 · 都市经验、媒介转型与跨国传播,区域扩展阅读,T6 当代全球文学,R2 东亚文学,M5 战后与当代美学范式,G5 生命书写,QH2.3 家庭与家族 | QH7 历史、记忆与时间
我们在奥斯维辛.md,R4,△,欧洲文学综合—具体内部传统待读后校准,provisional_region,T5 二战后多极文学 · 战后重建、记忆政治与后现代转型,区域扩展阅读,T5 二战后多极文学,R4 欧洲文学,M5 战后与当代美学范式,G5 生命书写,QH6 战争、暴力与创伤
我们在火中失去的东西.md,R6,△,拉丁美洲与加勒比综合—具体内部传统待读后校准,provisional_region,T6 当代全球文学 · 后独裁记忆、迁徙与跨国文学重组,区域扩展阅读,T6 当代全球文学,R6 拉丁美洲与加勒比,M5 战后与当代美学范式,G3 小说,QT4 恐怖与哥特
我们失去的光.md,R6,△,拉丁美洲与加勒比综合—具体内部传统待读后校准,provisional_region,T6 当代全球文学 · 后独裁记忆、迁徙与跨国文学重组,区域扩展阅读,T6 当代全球文学,R6 拉丁美洲与加勒比,M5 战后与当代美学范式,G3 小说,QH5 权力、制度与秩序
我们曾经是海洋.md,R9,◆,波利尼西亚文学传统,existing,T6 当代全球文学 · 生态危机、移民社会与跨太平洋传播,传统转型与区域扩展,T6 当代全球文学,R9 大洋洲与太平洋,M5 战后与当代美学范式,G3 小说,QH5 权力、制度与秩序
我们的美洲.md,R6,△,拉丁美洲与加勒比综合—具体内部传统待读后校准,provisional_region,T6 当代全球文学 · 后独裁记忆、迁徙与跨国文学重组,区域扩展阅读,T6 当代全球文学,R6 拉丁美洲与加勒比,M5 战后与当代美学范式,G3 小说,QH5 权力、制度与秩序
我们街区的孩子们.md,R1,△,阿拉伯文学传统,existing,T5 二战后多极文学 · 战后国家建构、流亡与现代转型,区域扩展阅读,T5 二战后多极文学,R1 西亚—地中海古老传统,M5 战后与当代美学范式,G3 小说,QH6 战争、暴力与创伤
我内心的恶魔.md,R5,△,北美文学综合—具体内部传统待读后校准,provisional_region,T5 二战后多极文学 · 战后反文化、族裔文学与媒介繁荣,区域扩展阅读,T5 二战后多极文学,R5 北美文学,M5 战后与当代美学范式,G3 小说,QT1 推理与犯罪叙事
我弥留之际.md,R5,△,十九世纪—现代美国文学传统,author_model,T4 全球现代主义时代 · 现代主义、哈莱姆复兴与类型扩张,区域扩展阅读,T4 全球现代主义时代,R5 北美文学,M3.1 现代主义 / Modernism,G3 小说,QH1 自我、存在与生命
我是传奇.md,R5,△,北美文学综合—具体内部传统待读后校准,provisional_region,T5 二战后多极文学 · 战后反文化、族裔文学与媒介繁荣,区域扩展阅读,T5 二战后多极文学,R5 北美文学,M5 战后与当代美学范式,G3 小说,QT2 科幻 | QT4 恐怖与哥特
我是猫.md,R2,△,东亚文学综合—具体内部传统待读后校准,provisional_region,T4 全球现代主义时代 · 殖民现代性、新文学与形式实验,区域扩展阅读,T4 全球现代主义时代,R2 东亚文学,M3 现代主义与先锋派,G3 小说,QH5 权力、制度与秩序
我曾是波多黎各人.md,R5,◆,拉美裔—奇卡诺美国文学传统,existing,T6 当代全球文学 · 多元身份、数字媒介与全球传播,传统转型与区域扩展,T6 当代全球文学,R5 北美文学,M5 战后与当代美学范式,G3 小说,QH5 权力、制度与秩序
我没有自己的名字.md,R2,△,东亚文学综合—具体内部传统待读后校准,provisional_region,T6 当代全球文学 · 都市经验、媒介转型与跨国传播,区域扩展阅读,T6 当代全球文学,R2 东亚文学,M5 战后与当代美学范式,G3 小说,QH1 自我、存在与生命 | QH4 社会、阶级与劳动
我的创伤.md,R7,◆,南部非洲文学传统,existing,T6 当代全球文学 · 后殖民批判、城市经验与全球离散,传统转型与区域扩展,T6 当代全球文学,R7 非洲文学,M5 战后与当代美学范式,G3 小说,QH6 战争、暴力与创伤 | QH1 自我、存在与生命
我的名字叫红.md,R1,△,土耳其—奥斯曼文学传统,existing,T6 当代全球文学 · 当代冲突、迁徙与全球传播,区域扩展阅读,T6 当代全球文学,R1 西亚—地中海古老传统,M5 战后与当代美学范式,G3 小说,QH3 身份、身体与归属
我的地方.md,R9,★,澳大利亚原住民—托雷斯海峡文学传统,existing,T6 当代全球文学 · 生态危机、移民社会与跨太平洋传播,核心经典与传统确立,T6 当代全球文学,R9 大洋洲与太平洋,M5 战后与当代美学范式,G3 小说,QH7 历史、记忆与时间 | QH3 身份、身体与归属
我的大学.md,R4,△,欧洲文学综合—具体内部传统待读后校准,provisional_region,T4 全球现代主义时代 · 战争危机、现代主义与先锋实验,区域扩展阅读,T4 全球现代主义时代,R4 欧洲文学,M3 现代主义与先锋派,G3 小说,QH2.5 童年与成长
我的安东妮亚.md,R5,△,北美文学综合—具体内部传统待读后校准,provisional_region,T4 全球现代主义时代 · 现代主义、哈莱姆复兴与类型扩张,区域扩展阅读,T4 全球现代主义时代,R5 北美文学,M3 现代主义与先锋派,G3 小说,QT8 英雄、边疆与法外者文化传统 | QT8.5 西部
我的帝王生涯.md,R2,△,东亚文学综合—具体内部传统待读后校准,provisional_region,T6 当代全球文学 · 都市经验、媒介转型与跨国传播,区域扩展阅读,T6 当代全球文学,R2 东亚文学,M5 战后与当代美学范式,G3 小说,QT7 历史叙事
我眼中的恶魔.md,R4,△,欧洲文学综合—具体内部传统待读后校准,provisional_region,T5 二战后多极文学 · 战后重建、记忆政治与后现代转型,区域扩展阅读,T5 二战后多极文学,R4 欧洲文学,M5 战后与当代美学范式,G3 小说,QT1 推理与犯罪叙事
我胆小如鼠.md,R2,△,东亚文学综合—具体内部传统待读后校准,provisional_region,T6 当代全球文学 · 都市经验、媒介转型与跨国传播,区域扩展阅读,T6 当代全球文学,R2 东亚文学,M5 战后与当代美学范式,G3 小说,QH1 自我、存在与生命 | QH2.3 家庭与家族 | QH2.5 童年与成长
我，克劳狄乌斯.md,R4,△,欧洲文学综合—具体内部传统待读后校准,provisional_region,T4 全球现代主义时代 · 战争危机、现代主义与先锋实验,区域扩展阅读,T4 全球现代主义时代,R4 欧洲文学,M3 现代主义与先锋派,G3 小说,QT7 历史叙事
我，机器人.md,R5,△,北美文学综合—具体内部传统待读后校准,provisional_region,T5 二战后多极文学 · 战后反文化、族裔文学与媒介繁荣,区域扩展阅读,T5 二战后多极文学,R5 北美文学,M5 战后与当代美学范式,G3 小说,QT2 科幻
我，至高无上者.md,R6,△,拉丁美洲与加勒比综合—具体内部传统待读后校准,provisional_region,T5 二战后多极文学 · 革命经验、文学爆炸与独裁回应,区域扩展阅读,T5 二战后多极文学,R6 拉丁美洲与加勒比,M5 战后与当代美学范式,G3 小说,QH6 战争、暴力与创伤
我，里戈韦塔·门楚.md,R6,◆,墨西哥—中美洲文学传统,existing,T6 当代全球文学 · 后独裁记忆、迁徙与跨国文学重组,传统转型与区域扩展,T6 当代全球文学,R6 拉丁美洲与加勒比,M5 战后与当代美学范式,G3 小说,QH5 权力、制度与秩序
战争.md,R2,△,东亚文学综合—具体内部传统待读后校准,provisional_region,T4 全球现代主义时代 · 殖民现代性、新文学与形式实验,区域扩展阅读,T4 全球现代主义时代,R2 东亚文学,M3.1 现代主义 / Modernism,G3 小说,QH6 战争、暴力与创伤
战争与和平.md,R4,★,俄罗斯文学传统,existing,T3 19世纪现代文学体系 · 浪漫主义、现实主义与民族文学体系,源头与经典奠基,T3 19世纪现代文学体系,R4 欧洲文学,M2 19世纪文学思潮 | M2 19世纪文学思潮 / 现实主义,G3 小说,QH2.3 家庭与家族 | QT7 历史叙事 | QH6 战争、暴力与创伤
战争中没有女性.md,R4,△,欧洲文学综合—具体内部传统待读后校准,provisional_region,T6 当代全球文学 · 欧洲一体化、迁徙经验与当代重组,区域扩展阅读,T6 当代全球文学,R4 欧洲文学,M5 战后与当代美学范式,G3 小说,QH6 战争、暴力与创伤
战争和人.md,R2,△,东亚文学综合—具体内部传统待读后校准,provisional_region,T6 当代全球文学 · 都市经验、媒介转型与跨国传播,区域扩展阅读,T6 当代全球文学,R2 东亚文学,M5 战后与当代美学范式,G3 小说,QH6 战争、暴力与创伤
战国无赖.md,R2,△,东亚文学综合—具体内部传统待读后校准,provisional_region,T6 当代全球文学 · 都市经验、媒介转型与跨国传播,区域扩展阅读,T6 当代全球文学,R2 东亚文学,M5 战后与当代美学范式,G3 小说,QT8 英雄、边疆与法外者文化传统 | QT8.3 日本武士与剑豪
战斗妖精雪风.md,R2,△,东亚文学综合—具体内部传统待读后校准,provisional_region,T6 当代全球文学 · 都市经验、媒介转型与跨国传播,区域扩展阅读,T6 当代全球文学,R2 东亚文学,M5 战后与当代美学范式,G3 小说,QT2 科幻
战舰武藏.md,R2,△,东亚文学综合—具体内部传统待读后校准,provisional_region,T5 二战后多极文学 · 战争革命、国家文学与社会重构,区域扩展阅读,T5 二战后多极文学,R2 东亚文学,M5 战后与当代美学范式,G3 小说,QT7 历史叙事
房思琪的初恋乐园.md,R2,△,东亚文学综合—具体内部传统待读后校准,provisional_region,T6 当代全球文学 · 都市经验、媒介转型与跨国传播,区域扩展阅读,T6 当代全球文学,R2 东亚文学,M5 战后与当代美学范式,G3 小说,QH2.5 童年与成长 | QH3.1 性别与身体 | QH6 战争、暴力与创伤
所有我们看不见的光.md,R5,△,北美文学综合—具体内部传统待读后校准,provisional_region,T6 当代全球文学 · 多元身份、数字媒介与全球传播,区域扩展阅读,T6 当代全球文学,R5 北美文学,M5 战后与当代美学范式,G3 小说,QT7 历史叙事
所罗门之歌.md,R5,△,北美文学综合—具体内部传统待读后校准,provisional_region,T5 二战后多极文学 · 战后反文化、族裔文学与媒介繁荣,区域扩展阅读,T5 二战后多极文学,R5 北美文学,M5 战后与当代美学范式 | M5.1 战后思想与美学范式,G3 小说,QH2.5 童年与成长 | QH2.3 家庭与家族
所罗门王的宝藏.md,R4,△,欧洲文学综合—具体内部传统待读后校准,provisional_region,T3 19世纪现代文学体系 · 浪漫主义、现实主义与民族文学体系,区域扩展阅读,T3 19世纪现代文学体系,R4 欧洲文学,M2 19世纪文学思潮,G3 小说,QT5 冒险与探索叙事
所罗门的伪证.md,R2,△,东亚文学综合—具体内部传统待读后校准,provisional_region,T6 当代全球文学 · 都市经验、媒介转型与跨国传播,区域扩展阅读,T6 当代全球文学,R2 东亚文学,M5 战后与当代美学范式,G3 小说,QT1 推理与犯罪叙事
手机.md,R2,△,东亚文学综合—具体内部传统待读后校准,provisional_region,T6 当代全球文学 · 都市经验、媒介转型与跨国传播,区域扩展阅读,T6 当代全球文学,R2 东亚文学,M5 战后与当代美学范式,G3 小说,QH2.3 家庭与家族 | QH4 社会、阶级与劳动
扎哈克.md,R1,△,波斯—伊朗文学传统,existing,T1 中古多中心文学世界 · 宗教经典、帝国网络与翻译传承,区域扩展阅读,T1 中古多中心文学世界,R1 西亚—地中海古老传统,,G3 小说,QT9 神话、传说与民间叙事
打开.md,R3,△,波斯语—Hindavi—乌尔都文学传统,author_model,T5 二战后多极文学 · 独立分治、国家文学与离散书写,区域扩展阅读,T5 二战后多极文学,R3 南亚文学,M5 战后与当代美学范式,G3 小说,QH6 战争、暴力与创伤
托巴·泰克·辛.md,R3,△,波斯语—Hindavi—乌尔都文学传统,author_model,T5 二战后多极文学 · 独立分治、国家文学与离散书写,区域扩展阅读,T5 二战后多极文学,R3 南亚文学,M5 战后与当代美学范式,G3 小说,QH6 战争、暴力与创伤
托巴·泰克·辛格.md,R3,★,波斯语—Hindavi—乌尔都文学传统,existing,T5 二战后多极文学 · 独立分治、国家文学与离散书写,核心经典与传统确立,T5 二战后多极文学,R3 南亚文学,M5 战后与当代美学范式,G3 小说,QH6 战争、暴力与创伤
扶桑.md,R2,△,东亚文学综合—具体内部传统待读后校准,provisional_region,T6 当代全球文学 · 都市经验、媒介转型与跨国传播,区域扩展阅读,T6 当代全球文学,R2 东亚文学,M5 战后与当代美学范式,G3 小说,QT7 历史叙事 | QH2.3 家庭与家族 | QH3.1 性别与身体 | QH3.5 迁徙与流亡
批评家.md,R4,△,欧洲文学综合—具体内部传统待读后校准,provisional_region,T2 早期现代文学 · 文艺复兴、宗教改革与印刷公共领域,区域扩展阅读,T2 早期现代文学,R4 欧洲文学,M1 早期现代思想与美学,G2 戏剧,QH5 权力、制度与秩序
抉择.md,R2,△,东亚文学综合—具体内部传统待读后校准,provisional_region,T6 当代全球文学 · 都市经验、媒介转型与跨国传播,区域扩展阅读,T6 当代全球文学,R2 东亚文学,M5 战后与当代美学范式,G3 小说,QH6 战争、暴力与创伤
抒情歌谣集.md,R4,△,欧洲文学综合—具体内部传统待读后校准,provisional_region,T3 19世纪现代文学体系 · 浪漫主义、现实主义与民族文学体系,区域扩展阅读,T3 19世纪现代文学体系,R4 欧洲文学,M2 19世纪文学思潮 / 浪漫主义 | M2 19世纪文学思潮,G3 小说,QH4 社会、阶级与劳动
抓住我：杀了我.md,R5,△,北美文学综合—具体内部传统待读后校准,provisional_region,T5 二战后多极文学 · 战后反文化、族裔文学与媒介繁荣,区域扩展阅读,T5 二战后多极文学,R5 北美文学,M5 战后与当代美学范式,G3 小说,QH6 战争、暴力与创伤
抛售.md,R5,△,北美文学综合—具体内部传统待读后校准,provisional_region,T6 当代全球文学 · 多元身份、数字媒介与全球传播,区域扩展阅读,T6 当代全球文学,R5 北美文学,M5 战后与当代美学范式,G3 小说,QH3 身份、身体与归属
护身符的故事.md,R4,△,欧洲文学综合—具体内部传统待读后校准,provisional_region,T4 全球现代主义时代 · 战争危机、现代主义与先锋实验,区域扩展阅读,T4 全球现代主义时代,R4 欧洲文学,M3 现代主义与先锋派,G3 小说,QT3 奇幻
押沙龙，押沙龙！.md,R5,△,十九世纪—现代美国文学传统,author_model,T4 全球现代主义时代 · 现代主义、哈莱姆复兴与类型扩张,区域扩展阅读,T4 全球现代主义时代,R5 北美文学,M3.1 现代主义 / Modernism,G3 小说,QH2.3 家庭与家族
抽签.md,R5,△,北美文学综合—具体内部传统待读后校准,provisional_region,T5 二战后多极文学 · 战后反文化、族裔文学与媒介繁荣,区域扩展阅读,T5 二战后多极文学,R5 北美文学,M5 战后与当代美学范式,G3 小说,QT4 恐怖与哥特
拉合尔茶馆的陌生人.md,R10,★,南亚离散文学传统,existing,T6 当代全球文学 · 全球迁徙、数字传播与跨语文学网络,离散迁徙与跨区域连接,T6 当代全球文学,R10 跨区域文学传统,M5 战后与当代美学范式,G3 小说,QH3 身份、身体与归属
拉布拉瓦.md,R5,△,北美文学综合—具体内部传统待读后校准,provisional_region,T6 当代全球文学 · 多元身份、数字媒介与全球传播,区域扩展阅读,T6 当代全球文学,R5 北美文学,M5 战后与当代美学范式,G3 小说,QH3 身份、身体与归属
拉德茨基进行曲.md,R4,△,欧洲文学综合—具体内部传统待读后校准,provisional_region,T4 全球现代主义时代 · 战争危机、现代主义与先锋实验,区域扩展阅读,T4 全球现代主义时代,R4 欧洲文学,M3 现代主义与先锋派,G3 小说,QH1 自我、存在与生命
拉摩的侄儿.md,R4,△,欧洲文学综合—具体内部传统待读后校准,provisional_region,T2 早期现代文学 · 文艺复兴、宗教改革与印刷公共领域,区域扩展阅读,T2 早期现代文学,R4 欧洲文学,M1 早期现代思想与美学,G3 小说,QH1 自我、存在与生命
拉格泰姆时代.md,R5,△,北美文学综合—具体内部传统待读后校准,provisional_region,T5 二战后多极文学 · 战后反文化、族裔文学与媒介繁荣,区域扩展阅读,T5 二战后多极文学,R5 北美文学,M5 战后与当代美学范式,G3 小说,QT7 历史叙事
拉比纳尔·阿奇.md,R6,◆,前哥伦布—原住民文学传统,existing,T6 当代全球文学 · 后独裁记忆、迁徙与跨国文学重组,文类形成与区域典范,T6 当代全球文学,R6 拉丁美洲与加勒比,M5 战后与当代美学范式,G2 戏剧,QH5 权力、制度与秩序
拉比纳尔武士.md,R6,△,前哥伦布—原住民文学传统,author_model,T6 当代全球文学 · 后独裁记忆、迁徙与跨国文学重组,区域扩展阅读,T6 当代全球文学,R6 拉丁美洲与加勒比,M5 战后与当代美学范式,G3 小说,QH5 权力、制度与秩序
拉玛坚.md,R8,★,泰国文学传统,existing,T2 早期现代文学 · 宫廷文学、殖民接触与印刷起步,核心经典与传统确立,T2 早期现代文学,R8 东南亚文学,M1 早期现代思想与美学,G3 小说,QT9 神话、传说与民间叙事
拉玛衍那卡卡温.md,R8,★,印尼—爪哇与群岛文学传统,existing,T6 当代全球文学 · 城市化、跨语写作与东南亚离散,源头与经典奠基,T6 当代全球文学,R8 东南亚文学,M5 战后与当代美学范式,G3 小说,QH5 权力、制度与秩序
拉维诺之歌.md,R7,★,东非—斯瓦希里文学传统,existing,T6 当代全球文学 · 后殖民批判、城市经验与全球离散,核心经典与传统确立,T6 当代全球文学,R7 非洲文学,M5 战后与当代美学范式,G3 小说,QH5 权力、制度与秩序
拉脱维亚人彼得.md,R4,△,欧洲文学综合—具体内部传统待读后校准,provisional_region,T5 二战后多极文学 · 战后重建、记忆政治与后现代转型,区域扩展阅读,T5 二战后多极文学,R4 欧洲文学,M5 战后与当代美学范式,G3 小说,QT1 推理与犯罪叙事
拉莫娜.md,R5,△,北美文学综合—具体内部传统待读后校准,provisional_region,T3 19世纪现代文学体系 · 国家文学、奴隶制回应与大众出版,区域扩展阅读,T3 19世纪现代文学体系,R5 北美文学,M2 19世纪文学思潮,G3 小说,QT8 英雄、边疆与法外者文化传统 | QT8.5 西部
拍卖第四十九批.md,R5,△,北美文学综合—具体内部传统待读后校准,provisional_region,T5 二战后多极文学 · 战后反文化、族裔文学与媒介繁荣,区域扩展阅读,T5 二战后多极文学,R5 北美文学,M5 战后与当代美学范式 | M5.1 战后思想与美学范式,G3 小说,QH6 战争、暴力与创伤
拓荒者.md,R5,△,北美文学综合—具体内部传统待读后校准,provisional_region,T3 19世纪现代文学体系 · 国家文学、奴隶制回应与大众出版,区域扩展阅读,T3 19世纪现代文学体系,R5 北美文学,M2 19世纪文学思潮,G3 小说,QT8 英雄、边疆与法外者文化传统 | QT8.5 西部
拥抱之书.md,R6,△,拉丁美洲与加勒比综合—具体内部传统待读后校准,provisional_region,T6 当代全球文学 · 后独裁记忆、迁徙与跨国文学重组,区域扩展阅读,T6 当代全球文学,R6 拉丁美洲与加勒比,M5 战后与当代美学范式,G3 小说,QH5 权力、制度与秩序
拷刑者之影.md,R5,△,北美文学综合—具体内部传统待读后校准,provisional_region,T6 当代全球文学 · 多元身份、数字媒介与全球传播,区域扩展阅读,T6 当代全球文学,R5 北美文学,M5 战后与当代美学范式,G3 小说,QT2 科幻
挪威的森林.md,R2,△,东亚文学综合—具体内部传统待读后校准,provisional_region,T6 当代全球文学 · 都市经验、媒介转型与跨国传播,区域扩展阅读,T6 当代全球文学,R2 东亚文学,M5 战后与当代美学范式,G3 小说,QH2.1 爱情与欲望 | QH2.3 家庭与家族 | QH2.5 童年与成长
排列城市.md,R9,△,大洋洲与太平洋综合—具体内部传统待读后校准,provisional_region,T6 当代全球文学 · 生态危机、移民社会与跨太平洋传播,区域扩展阅读,T6 当代全球文学,R9 大洋洲与太平洋,M5 战后与当代美学范式,G3 小说,QT2 科幻
掠夺者.md,R5,△,北美文学综合—具体内部传统待读后校准,provisional_region,T5 二战后多极文学 · 战后反文化、族裔文学与媒介繁荣,区域扩展阅读,T5 二战后多极文学,R5 北美文学,M5 战后与当代美学范式,G3 小说,QH6 战争、暴力与创伤
探索者.md,R5,△,北美文学综合—具体内部传统待读后校准,provisional_region,T6 当代全球文学 · 多元身份、数字媒介与全球传播,区域扩展阅读,T6 当代全球文学,R5 北美文学,M5 战后与当代美学范式,G3 小说,QH3 身份、身体与归属
探路者.md,R5,△,北美文学综合—具体内部传统待读后校准,provisional_region,T3 19世纪现代文学体系 · 国家文学、奴隶制回应与大众出版,区域扩展阅读,T3 19世纪现代文学体系,R5 北美文学,M2 19世纪文学思潮,G3 小说,QT8 英雄、边疆与法外者文化传统 | QT8.5 西部
接触.md,R5,△,北美文学综合—具体内部传统待读后校准,provisional_region,T6 当代全球文学 · 多元身份、数字媒介与全球传播,文类形成与区域典范,T6 当代全球文学,R5 北美文学,M5 战后与当代美学范式,G3 小说,QT2 科幻
推冰.md,R4,△,欧洲文学综合—具体内部传统待读后校准,provisional_region,T6 当代全球文学 · 欧洲一体化、迁徙经验与当代重组,区域扩展阅读,T6 当代全球文学,R4 欧洲文学,M5 战后与当代美学范式,G3 小说,QT2 科幻
推拿.md,R2,△,东亚文学综合—具体内部传统待读后校准,provisional_region,T6 当代全球文学 · 都市经验、媒介转型与跨国传播,区域扩展阅读,T6 当代全球文学,R2 东亚文学,M5 战后与当代美学范式,G3 小说,QH6 战争、暴力与创伤
提升之战.md,R5,△,北美文学综合—具体内部传统待读后校准,provisional_region,T6 当代全球文学 · 多元身份、数字媒介与全球传播,区域扩展阅读,T6 当代全球文学,R5 北美文学,M5 战后与当代美学范式,G3 小说,QH3 身份、身体与归属
提嘉娜.md,R5,△,北美文学综合—具体内部传统待读后校准,provisional_region,T6 当代全球文学 · 多元身份、数字媒介与全球传播,文类形成与区域典范,T6 当代全球文学,R5 北美文学,M5 战后与当代美学范式,G3 小说,QT3 奇幻
提审亡魂.md,R4,△,欧洲文学综合—具体内部传统待读后校准,provisional_region,T6 当代全球文学 · 欧洲一体化、迁徙经验与当代重组,区域扩展阅读,T6 当代全球文学,R4 欧洲文学,M5 战后与当代美学范式,G3 小说,QH3 身份、身体与归属
摆渡人.md,R4,△,欧洲文学综合—具体内部传统待读后校准,provisional_region,T6 当代全球文学 · 欧洲一体化、迁徙经验与当代重组,区域扩展阅读,T6 当代全球文学,R4 欧洲文学,M5 战后与当代美学范式,G3 小说,QH1 自我、存在与生命 | QH2.1 爱情与欲望 | QH2.5 童年与成长
摩天楼.md,R4,△,欧洲文学综合—具体内部传统待读后校准,provisional_region,T5 二战后多极文学 · 战后重建、记忆政治与后现代转型,区域扩展阅读,T5 二战后多极文学,R4 欧洲文学,M5 战后与当代美学范式,G3 小说,QT2 科幻 | QT6 乌托邦、反乌托邦与社会想象
摩尔人的叙事.md,R7,◆,马格里布—北非多语文学传统,existing,T6 当代全球文学 · 后殖民批判、城市经验与全球离散,传统转型与区域扩展,T6 当代全球文学,R7 非洲文学,M5 战后与当代美学范式,G3 小说,QH3 身份、身体与归属
摩诃婆罗多.md,R3,★,梵语—吠陀与古典文学传统,existing,T0 文学源头与古代文学 · 吠陀、史诗与古典语言传统奠基,源头与经典奠基,T0 文学源头与古代文学,R3 南亚文学,,G3 小说,QH2.3 家庭与家族 | QT9 神话、传说与民间叙事 | QH6 战争、暴力与创伤
摩诃婆罗多（泰卢固）.md,R3,◆,泰米尔与南印度文学传统,existing,T6 当代全球文学 · 全球南亚、英语写作与地方传统重组,传统转型与区域扩展,T6 当代全球文学,R3 南亚文学,M5 战后与当代美学范式,G3 小说,QH5 权力、制度与秩序
撒冷镇.md,R5,△,北美文学综合—具体内部传统待读后校准,provisional_region,T5 二战后多极文学 · 战后反文化、族裔文学与媒介繁荣,区域扩展阅读,T5 二战后多极文学,R5 北美文学,M5 战后与当代美学范式,G3 小说,QT4 恐怖与哥特
撒旦诗篇.md,R10,★,全球移民—后殖民都市文学传统,existing,T6 当代全球文学 · 全球迁徙、数字传播与跨语文学网络,离散迁徙与跨区域连接,T6 当代全球文学,R10 跨区域文学传统,M5 战后与当代美学范式,G1 诗歌,QH3 身份、身体与归属 | QH5 权力、制度与秩序
撕裂我的生命.md,R6,△,拉丁美洲与加勒比综合—具体内部传统待读后校准,provisional_region,T6 当代全球文学 · 后独裁记忆、迁徙与跨国文学重组,区域扩展阅读,T6 当代全球文学,R6 拉丁美洲与加勒比,M5 战后与当代美学范式,G3 小说,QH5 权力、制度与秩序
撞车.md,R4,△,欧洲文学综合—具体内部传统待读后校准,provisional_region,T5 二战后多极文学 · 战后重建、记忆政治与后现代转型,区域扩展阅读,T5 二战后多极文学,R4 欧洲文学,M5 战后与当代美学范式,G3 小说,QT2 科幻
播种者寓言.md,R5,△,北美文学综合—具体内部传统待读后校准,provisional_region,T6 当代全球文学 · 多元身份、数字媒介与全球传播,区域扩展阅读,T6 当代全球文学,R5 北美文学,M5 战后与当代美学范式 | M5.2 权力、身份与世界批评,G3 小说,QT2 科幻 | QT6 乌托邦、反乌托邦与社会想象
改变.md,R7,◆,西非英语文学传统,existing,T6 当代全球文学 · 后殖民批判、城市经验与全球离散,传统转型与区域扩展,T6 当代全球文学,R7 非洲文学,M5 战后与当代美学范式,G3 小说,QH3 身份、身体与归属 | QH5 权力、制度与秩序
故事新编·铸剑.md,R2,△,东亚文学综合—具体内部传统待读后校准,provisional_region,T4 全球现代主义时代 · 殖民现代性、新文学与形式实验,区域扩展阅读,T4 全球现代主义时代,R2 东亚文学,M3 现代主义与先锋派,G3 小说,QT8 英雄、边疆与法外者文化传统 | QT8.1 武侠
故事海.md,R3,◆,梵语—吠陀与古典文学传统,existing,T6 当代全球文学 · 全球南亚、英语写作与地方传统重组,传统转型与区域扩展,T6 当代全球文学,R3 南亚文学,M5 战后与当代美学范式,G3 小说,QH5 权力、制度与秩序
救命之距.md,R6,△,拉丁美洲与加勒比综合—具体内部传统待读后校准,provisional_region,T6 当代全球文学 · 后独裁记忆、迁徙与跨国文学重组,区域扩展阅读,T6 当代全球文学,R6 拉丁美洲与加勒比,M5 战后与当代美学范式,G3 小说,QT4 恐怖与哥特
散宜生.md,R9,△,大洋洲与太平洋综合—具体内部传统待读后校准,provisional_region,T6 当代全球文学 · 生态危机、移民社会与跨太平洋传播,区域扩展阅读,T6 当代全球文学,R9 大洋洲与太平洋,M5 战后与当代美学范式,G3 小说,QT2 科幻
散文埃达.md,R4,△,欧洲文学综合—具体内部传统待读后校准,provisional_region,T1 中古多中心文学世界 · 基督教、宫廷与俗语文学形成,区域扩展阅读,T1 中古多中心文学世界,R4 欧洲文学,,G3 小说,QT9 神话、传说与民间叙事
敦威治恐怖事件.md,R5,△,北美文学综合—具体内部传统待读后校准,provisional_region,T4 全球现代主义时代 · 现代主义、哈莱姆复兴与类型扩张,区域扩展阅读,T4 全球现代主义时代,R5 北美文学,M3 现代主义与先锋派,G3 小说,QT4 恐怖与哥特
敦煌.md,R2,△,东亚文学综合—具体内部传统待读后校准,provisional_region,T5 二战后多极文学 · 战争革命、国家文学与社会重构,区域扩展阅读,T5 二战后多极文学,R2 东亚文学,M5 战后与当代美学范式,G3 小说,QT7 历史叙事 | QT8 英雄、边疆与法外者文化传统 | QT8.3 日本武士与剑豪
文城.md,R2,△,东亚文学综合—具体内部传统待读后校准,provisional_region,T6 当代全球文学 · 都市经验、媒介转型与跨国传播,区域扩展阅读,T6 当代全球文学,R2 东亚文学,M5 战后与当代美学范式,G3 小说,QT7 历史叙事 | QH2.3 家庭与家族 | QH7 历史、记忆与时间
文艺复兴史研究.md,R4,△,欧洲文学综合—具体内部传统待读后校准,provisional_region,T3 19世纪现代文学体系 · 浪漫主义、现实主义与民族文学体系,区域扩展阅读,T3 19世纪现代文学体系,R4 欧洲文学,M2 19世纪文学思潮 / 唯美主义 | M2 19世纪文学思潮,G3 小说,QH4 社会、阶级与劳动
斗罗大陆.md,R2,△,东亚文学综合—具体内部传统待读后校准,provisional_region,T6 当代全球文学 · 都市经验、媒介转型与跨国传播,文类形成与区域典范,T6 当代全球文学,R2 东亚文学,M5 战后与当代美学范式,G3 小说,QT3 奇幻 | QT8 英雄、边疆与法外者文化传统
斜屋犯罪.md,R2,△,东亚文学综合—具体内部传统待读后校准,provisional_region,T6 当代全球文学 · 都市经验、媒介转型与跨国传播,区域扩展阅读,T6 当代全球文学,R2 东亚文学,M5 战后与当代美学范式,G3 小说,QT1 推理与犯罪叙事
斜阳.md,R2,△,东亚文学综合—具体内部传统待读后校准,provisional_region,T5 二战后多极文学 · 战争革命、国家文学与社会重构,区域扩展阅读,T5 二战后多极文学,R2 东亚文学,M5 战后与当代美学范式,G3 小说,QH6 战争、暴力与创伤
断剑.md,R5,△,北美文学综合—具体内部传统待读后校准,provisional_region,T5 二战后多极文学 · 战后反文化、族裔文学与媒介繁荣,区域扩展阅读,T5 二战后多极文学,R5 北美文学,M5 战后与当代美学范式,G3 小说,QT3 奇幻
断背山.md,R5,△,北美文学综合—具体内部传统待读后校准,provisional_region,T6 当代全球文学 · 多元身份、数字媒介与全球传播,区域扩展阅读,T6 当代全球文学,R5 北美文学,M5 战后与当代美学范式,G3 小说,QT8 英雄、边疆与法外者文化传统 | QT8.5 西部
斯兰.md,R5,△,北美文学综合—具体内部传统待读后校准,provisional_region,T4 全球现代主义时代 · 现代主义、哈莱姆复兴与类型扩张,区域扩展阅读,T4 全球现代主义时代,R5 北美文学,M5 战后与当代美学范式,G3 小说,QT2 科幻
斯卡拉穆什.md,R4,△,欧洲文学综合—具体内部传统待读后校准,provisional_region,T4 全球现代主义时代 · 战争危机、现代主义与先锋实验,区域扩展阅读,T4 全球现代主义时代,R4 欧洲文学,M3 现代主义与先锋派,G3 小说,QT8 英雄、边疆与法外者文化传统 | QT8.2 欧洲骑士 | QT8.4 欧洲剑客
斯大林格勒.md,R4,△,欧洲文学综合—具体内部传统待读后校准,provisional_region,T5 二战后多极文学 · 战后重建、记忆政治与后现代转型,区域扩展阅读,T5 二战后多极文学,R4 欧洲文学,M5 战后与当代美学范式,G3 小说,QH6 战争、暴力与创伤
斯居戴里小姐.md,R4,△,德语文学传统,author_model,T3 19世纪现代文学体系 · 浪漫主义、现实主义与民族文学体系,区域扩展阅读,T3 19世纪现代文学体系,R4 欧洲文学,M2 19世纪文学思潮,G3 小说,QT1 推理与犯罪叙事
斯泰尔斯庄园奇案.md,R4,△,欧洲文学综合—具体内部传统待读后校准,provisional_region,T4 全球现代主义时代 · 战争危机、现代主义与先锋实验,区域扩展阅读,T4 全球现代主义时代,R4 欧洲文学,M3 现代主义与先锋派,G3 小说,QT1 推理与犯罪叙事
斯瓦米和朋友.md,R3,◆,南亚英语文学传统,existing,T4 全球现代主义时代 · 反殖民、现代主义与多语文学革新,文类形成与区域典范,T4 全球现代主义时代,R3 南亚文学,M3 现代主义与先锋派,G3 小说,QH1 自我、存在与生命
斯里拉玛传.md,R3,△,梵语—吠陀与古典文学传统,author_model,T1 中古多中心文学世界 · 宗教、宫廷与多语文学网络扩展,区域扩展阅读,T1 中古多中心文学世界,R3 南亚文学,,G3 小说,QT9 神话、传说与民间叙事
新·平家物语.md,R2,△,东亚文学综合—具体内部传统待读后校准,provisional_region,T5 二战后多极文学 · 战争革命、国家文学与社会重构,区域扩展阅读,T5 二战后多极文学,R2 东亚文学,M3 现代主义与先锋派,G3 小说,QT8 英雄、边疆与法外者文化传统 | QT8.3 日本武士与剑豪
新一天之歌.md,R5,△,北美文学综合—具体内部传统待读后校准,provisional_region,T6 当代全球文学 · 多元身份、数字媒介与全球传播,区域扩展阅读,T6 当代全球文学,R5 北美文学,M5 战后与当代美学范式,G3 小说,QH3 身份、身体与归属
新书太阁记.md,R2,△,东亚文学综合—具体内部传统待读后校准,provisional_region,T4 全球现代主义时代 · 殖民现代性、新文学与形式实验,区域扩展阅读,T4 全球现代主义时代,R2 东亚文学,M3 现代主义与先锋派,G3 小说,QT7 历史叙事 | QT8 英雄、边疆与法外者文化传统 | QT8.3 日本武士与剑豪
新参者.md,R2,△,东亚文学综合—具体内部传统待读后校准,provisional_region,T6 当代全球文学 · 都市经验、媒介转型与跨国传播,区域扩展阅读,T6 当代全球文学,R2 东亚文学,M5 战后与当代美学范式,G3 小说,QT1 推理与犯罪叙事
新大西岛.md,R4,△,欧洲文学综合—具体内部传统待读后校准,provisional_region,T2 早期现代文学 · 文艺复兴、宗教改革与印刷公共领域,区域扩展阅读,T2 早期现代文学,R4 欧洲文学,M2 19世纪文学思潮,G3 小说,QT2 科幻 | QT6 乌托邦、反乌托邦与社会想象
新奥尔良哀歌.md,R5,△,北美文学综合—具体内部传统待读后校准,provisional_region,T6 当代全球文学 · 多元身份、数字媒介与全球传播,区域扩展阅读,T6 当代全球文学,R5 北美文学,M5 战后与当代美学范式,G3 小说,QH3 身份、身体与归属
新星.md,R5,△,北美文学综合—具体内部传统待读后校准,provisional_region,T5 二战后多极文学 · 战后反文化、族裔文学与媒介繁荣,区域扩展阅读,T5 二战后多极文学,R5 北美文学,M5 战后与当代美学范式,G3 小说,QT2 科幻
新爱洛伊丝.md,R4,△,欧洲文学综合—具体内部传统待读后校准,provisional_region,T2 早期现代文学 · 文艺复兴、宗教改革与印刷公共领域,区域扩展阅读,T2 早期现代文学,R4 欧洲文学,M1 早期现代思想与美学,G3 小说,QH2.1 爱情与欲望
新爱洛绮丝.md,R4,△,欧洲文学综合—具体内部传统待读后校准,provisional_region,T2 早期现代文学 · 文艺复兴、宗教改革与印刷公共领域,区域扩展阅读,T2 早期现代文学,R4 欧洲文学,M1 早期现代思想与美学,G5 生命书写,QH4 社会、阶级与劳动 | QH8 信仰、伦理与超越
新编五代史平话.md,R2,△,朝鲜半岛文学传统,author_model,T1 中古多中心文学世界 · 宗教传播、宫廷文化与区域交流,区域扩展阅读,T1 中古多中心文学世界,R2 东亚文学,,G4 散文与随笔,QT7 历史叙事
新编年史与良好政府.md,R6,◆,前哥伦布—原住民文学传统,existing,T6 当代全球文学 · 后独裁记忆、迁徙与跨国文学重组,传统转型与区域扩展,T6 当代全球文学,R6 拉丁美洲与加勒比,M5 战后与当代美学范式,G3 小说,QH7 历史、记忆与时间
新编年史与良政.md,R6,△,拉丁美洲与加勒比综合—具体内部传统待读后校准,provisional_region,T6 当代全球文学 · 后独裁记忆、迁徙与跨国文学重组,区域扩展阅读,T6 当代全球文学,R6 拉丁美洲与加勒比,M5 战后与当代美学范式,G3 小说,QH5 权力、制度与秩序
新选组血风录.md,R2,△,东亚文学综合—具体内部传统待读后校准,provisional_region,T5 二战后多极文学 · 战争革命、国家文学与社会重构,区域扩展阅读,T5 二战后多极文学,R2 东亚文学,M5 战后与当代美学范式,G3 小说,QT8 英雄、边疆与法外者文化传统 | QT8.3 日本武士与剑豪
方尖碑之门.md,R5,△,北美文学综合—具体内部传统待读后校准,provisional_region,T6 当代全球文学 · 多元身份、数字媒介与全球传播,源头与经典奠基,T6 当代全球文学,R5 北美文学,M5 战后与当代美学范式,G3 小说,QT3 奇幻
方法论.md,R6,△,拉丁美洲与加勒比综合—具体内部传统待读后校准,provisional_region,T5 二战后多极文学 · 革命经验、文学爆炸与独裁回应,区域扩展阅读,T5 二战后多极文学,R6 拉丁美洲与加勒比,M5 战后与当代美学范式,G3 小说,QH5 权力、制度与秩序
施公案.md,R2,△,朝鲜半岛文学传统,author_model,T6 当代全球文学 · 都市经验、媒介转型与跨国传播,区域扩展阅读,T6 当代全球文学,R2 东亚文学,M5 战后与当代美学范式,G3 小说,QT8 英雄、边疆与法外者文化传统 | QT8.1 武侠
施疗室里.md,R2,△,东亚文学综合—具体内部传统待读后校准,provisional_region,T4 全球现代主义时代 · 殖民现代性、新文学与形式实验,区域扩展阅读,T4 全球现代主义时代,R2 东亚文学,M3.1 现代主义 / Modernism,G3 小说,QH5 权力、制度与秩序
旅行书（埃夫利亚·切莱比）.md,R1,△,土耳其—奥斯曼文学传统,existing,T2 早期现代文学 · 手稿—印刷转换与多语传统延续,区域扩展阅读,T2 早期现代文学,R1 西亚—地中海古老传统,M1 早期现代思想与美学,G6 纪实与文学非虚构,QT14 旅行与游记
族长的秋天.md,R6,△,拉丁美洲与加勒比综合—具体内部传统待读后校准,provisional_region,T5 二战后多极文学 · 革命经验、文学爆炸与独裁回应,区域扩展阅读,T5 二战后多极文学,R6 拉丁美洲与加勒比,M5 战后与当代美学范式 | M5.1 战后思想与美学范式,G3 小说,QH6 战争、暴力与创伤
无人点灯.md,R6,△,拉丁美洲与加勒比综合—具体内部传统待读后校准,provisional_region,T6 当代全球文学 · 后独裁记忆、迁徙与跨国文学重组,区域扩展阅读,T6 当代全球文学,R6 拉丁美洲与加勒比,M5 战后与当代美学范式,G3 小说,QH5 权力、制度与秩序
无人生还.md,R4,△,欧洲文学综合—具体内部传统待读后校准,provisional_region,T4 全球现代主义时代 · 战争危机、现代主义与先锋实验,区域扩展阅读,T4 全球现代主义时代,R4 欧洲文学,M3 现代主义与先锋派,G3 小说,QT1 推理与犯罪叙事 | QH1 自我、存在与生命
无名的裘德.md,R4,△,欧洲文学综合—具体内部传统待读后校准,provisional_region,T4 全球现代主义时代 · 战争危机、现代主义与先锋实验,区域扩展阅读,T4 全球现代主义时代,R4 欧洲文学,M3 现代主义与先锋派 | M2 19世纪文学思潮 / 自然主义 | M2 19世纪文学思潮,G3 小说,QH2.5 童年与成长 | QH2.1 爱情与欲望
无命运的人生.md,R4,★,中欧文学传统,existing,T5 二战后多极文学 · 战后重建、记忆政治与后现代转型,核心经典与传统确立,T5 二战后多极文学,R4 欧洲文学,M5 战后与当代美学范式,G3 小说,QH6 战争、暴力与创伤
无境之兽.md,R2,△,东亚文学综合—具体内部传统待读后校准,provisional_region,T5 二战后多极文学 · 战争革命、国家文学与社会重构,殖民回应与民族文学建构,T5 二战后多极文学,R2 东亚文学,M5 战后与当代美学范式,G3 小说,QH6 战争、暴力与创伤
无声告白.md,R5,△,北美文学综合—具体内部传统待读后校准,provisional_region,T6 当代全球文学 · 多元身份、数字媒介与全球传播,区域扩展阅读,T6 当代全球文学,R5 北美文学,M5 战后与当代美学范式,G3 小说,QH2.3 家庭与家族 | QH3.3 种族与族群
无字.md,R2,△,东亚文学综合—具体内部传统待读后校准,provisional_region,T6 当代全球文学 · 都市经验、媒介转型与跨国传播,区域扩展阅读,T6 当代全球文学,R2 东亚文学,M5 战后与当代美学范式,G3 小说,QH6 战争、暴力与创伤
无尽世界.md,R4,△,欧洲文学综合—具体内部传统待读后校准,provisional_region,T6 当代全球文学 · 欧洲一体化、迁徙经验与当代重组,区域扩展阅读,T6 当代全球文学,R4 欧洲文学,M5 战后与当代美学范式,G3 小说,QT7 历史叙事
无尽的玩笑.md,R4,△,欧洲文学综合—具体内部传统待读后校准,provisional_region,T5 二战后多极文学 · 战后重建、记忆政治与后现代转型,区域扩展阅读,T5 二战后多极文学,R4 欧洲文学,M5.1 战后思想与美学范式,G3 小说,QH1 自我、存在与生命
无尽的田野.md,R8,◆,越南汉喃—国语文学传统,existing,T6 当代全球文学 · 城市化、跨语写作与东南亚离散,文类形成与区域典范,T6 当代全球文学,R8 东南亚文学,M5 战后与当代美学范式,G3 小说,QH5 权力、制度与秩序
无巢鸟.md,R6,△,拉丁美洲与加勒比综合—具体内部传统待读后校准,provisional_region,T6 当代全球文学 · 后独裁记忆、迁徙与跨国文学重组,区域扩展阅读,T6 当代全球文学,R6 拉丁美洲与加勒比,M5 战后与当代美学范式,G3 小说,QH5 权力、制度与秩序
无情.md,R2,★,朝鲜半岛文学传统,existing,T6 当代全球文学 · 都市经验、媒介转型与跨国传播,文类形成与区域典范,T6 当代全球文学,R2 东亚文学,M5 战后与当代美学范式,G3 小说,QH5 权力、制度与秩序
无敌号.md,R4,△,欧洲文学综合—具体内部传统待读后校准,provisional_region,T5 二战后多极文学 · 战后重建、记忆政治与后现代转型,区域扩展阅读,T5 二战后多极文学,R4 欧洲文学,M5 战后与当代美学范式,G3 小说,QT2 科幻
无有乡.md,R4,△,欧洲文学综合—具体内部传统待读后校准,provisional_region,T6 当代全球文学 · 欧洲一体化、迁徙经验与当代重组,文类形成与区域典范,T6 当代全球文学,R4 欧洲文学,M5 战后与当代美学范式,G3 小说,QT3 奇幻
无条件投降博物馆.md,R4,◆,巴尔干与东南欧文学传统,existing,T6 当代全球文学 · 欧洲一体化、迁徙经验与当代重组,传统转型与区域扩展,T6 当代全球文学,R4 欧洲文学,M5 战后与当代美学范式,G3 小说,QH7 历史、记忆与时间
无根之木.md,R5,△,北美文学综合—具体内部传统待读后校准,provisional_region,T6 当代全球文学 · 多元身份、数字媒介与全球传播,文类形成与区域典范,T6 当代全球文学,R5 北美文学,M5 战后与当代美学范式,G3 小说,QT3 奇幻
无玷的受孕.md,R4,△,欧洲文学综合—具体内部传统待读后校准,provisional_region,T4 全球现代主义时代 · 战争危机、现代主义与先锋实验,区域扩展阅读,T4 全球现代主义时代,R4 欧洲文学,M3.2 先锋派,G3 小说,QH1 自我、存在与生命
无糖.md,R9,★,澳大利亚原住民—托雷斯海峡文学传统,existing,T6 当代全球文学 · 生态危机、移民社会与跨太平洋传播,文类形成与区域典范,T6 当代全球文学,R9 大洋洲与太平洋,M5 战后与当代美学范式,G2 戏剧,QH5 权力、制度与秩序
无言浪漫曲.md,R4,△,欧洲文学综合—具体内部传统待读后校准,provisional_region,T3 19世纪现代文学体系 · 浪漫主义、现实主义与民族文学体系,区域扩展阅读,T3 19世纪现代文学体系,R4 欧洲文学,M2 19世纪文学思潮 / 象征主义 | M2 19世纪文学思潮,G3 小说,QH4 社会、阶级与劳动
无言者的话.md,R6,△,拉丁美洲与加勒比综合—具体内部传统待读后校准,provisional_region,T6 当代全球文学 · 后独裁记忆、迁徙与跨国文学重组,区域扩展阅读,T6 当代全球文学,R6 拉丁美洲与加勒比,M5 战后与当代美学范式,G3 小说,QH5 权力、制度与秩序
无证之罪.md,R2,△,东亚文学综合—具体内部传统待读后校准,provisional_region,T6 当代全球文学 · 都市经验、媒介转型与跨国传播,区域扩展阅读,T6 当代全球文学,R2 东亚文学,M5 战后与当代美学范式,G3 小说,QT1 推理与犯罪叙事
无面杀手.md,R4,△,欧洲文学综合—具体内部传统待读后校准,provisional_region,T6 当代全球文学 · 欧洲一体化、迁徙经验与当代重组,区域扩展阅读,T6 当代全球文学,R4 欧洲文学,M5 战后与当代美学范式,G3 小说,QT1 推理与犯罪叙事
日子.md,R3,△,南亚文学综合—具体内部传统待读后校准,provisional_region,T4 全球现代主义时代 · 反殖民、现代主义与多语文学革新,区域扩展阅读,T4 全球现代主义时代,R3 南亚文学,M3.1 现代主义 / Modernism,G3 小说,QH3 身份、身体与归属 | QH1 自我、存在与生命
日本沉没.md,R2,△,东亚文学综合—具体内部传统待读后校准,provisional_region,T6 当代全球文学 · 都市经验、媒介转型与跨国传播,区域扩展阅读,T6 当代全球文学,R2 东亚文学,M5 战后与当代美学范式,G3 小说,QT2 科幻
日瓦戈医生.md,R4,△,欧洲文学综合—具体内部传统待读后校准,provisional_region,T5 二战后多极文学 · 战后重建、记忆政治与后现代转型,区域扩展阅读,T5 二战后多极文学,R4 欧洲文学,M5 战后与当代美学范式,G3 小说,QH2.1 爱情与欲望
早安，午夜.md,R6,△,拉丁美洲与加勒比综合—具体内部传统待读后校准,provisional_region,T4 全球现代主义时代 · Modernismo、先锋派与本土现代性,区域扩展阅读,T4 全球现代主义时代,R6 拉丁美洲与加勒比,M3.1 现代主义 / Modernism,G3 小说,QH5 权力、制度与秩序
早秋.md,R5,△,北美文学综合—具体内部传统待读后校准,provisional_region,T4 全球现代主义时代 · 现代主义、哈莱姆复兴与类型扩张,区域扩展阅读,T4 全球现代主义时代,R5 北美文学,M3 现代主义与先锋派,G3 小说,QH1 自我、存在与生命
时代景观.md,R5,△,北美文学综合—具体内部传统待读后校准,provisional_region,T6 当代全球文学 · 多元身份、数字媒介与全球传播,区域扩展阅读,T6 当代全球文学,R5 北美文学,M5 战后与当代美学范式,G3 小说,QT2 科幻
时时刻刻.md,R5,△,北美文学综合—具体内部传统待读后校准,provisional_region,T6 当代全球文学 · 多元身份、数字媒介与全球传播,区域扩展阅读,T6 当代全球文学,R5 北美文学,M5 战后与当代美学范式,G3 小说,QH3 身份、身体与归属
时间.md,R2,△,东亚文学综合—具体内部传统待读后校准,provisional_region,T5 二战后多极文学 · 战争革命、国家文学与社会重构,区域扩展阅读,T5 二战后多极文学,R2 东亚文学,M5 战后与当代美学范式,G3 小说,QH6 战争、暴力与创伤 | QH7 历史、记忆与时间
时间之子.md,R4,△,欧洲文学综合—具体内部传统待读后校准,provisional_region,T6 当代全球文学 · 欧洲一体化、迁徙经验与当代重组,区域扩展阅读,T6 当代全球文学,R4 欧洲文学,M5 战后与当代美学范式,G3 小说,QT2 科幻
时间回旋.md,R5,△,北美文学综合—具体内部传统待读后校准,provisional_region,T6 当代全球文学 · 多元身份、数字媒介与全球传播,区域扩展阅读,T6 当代全球文学,R5 北美文学,M5 战后与当代美学范式,G3 小说,QT2 科幻
时间机器.md,R4,△,欧洲文学综合—具体内部传统待读后校准,provisional_region,T4 全球现代主义时代 · 战争危机、现代主义与先锋实验,区域扩展阅读,T4 全球现代主义时代,R4 欧洲文学,M2 19世纪文学思潮,G3 小说,QT2 科幻 | QT6 乌托邦、反乌托邦与社会想象
时间的女儿.md,R4,△,欧洲文学综合—具体内部传统待读后校准,provisional_region,T5 二战后多极文学 · 战后重建、记忆政治与后现代转型,区域扩展阅读,T5 二战后多极文学,R4 欧洲文学,M5 战后与当代美学范式,G3 小说,QT1 推理与犯罪叙事
时间调校研究所.md,R1,△,土耳其—奥斯曼文学传统,existing,T5 二战后多极文学 · 战后国家建构、流亡与现代转型,区域扩展阅读,T5 二战后多极文学,R1 西亚—地中海古老传统,M5 战后与当代美学范式,G3 小说,QH5 权力、制度与秩序
时间边缘的女人.md,R5,△,北美文学综合—具体内部传统待读后校准,provisional_region,T5 二战后多极文学 · 战后反文化、族裔文学与媒介繁荣,区域扩展阅读,T5 二战后多极文学,R5 北美文学,M5 战后与当代美学范式,G3 小说,QT2 科幻 | QT6 乌托邦、反乌托邦与社会想象
昆丁·达沃德.md,R4,△,欧洲文学综合—具体内部传统待读后校准,provisional_region,T3 19世纪现代文学体系 · 浪漫主义、现实主义与民族文学体系,区域扩展阅读,T3 19世纪现代文学体系,R4 欧洲文学,M2 19世纪文学思潮,G3 小说,QT5 冒险与探索叙事
昆仑.md,R2,△,东亚文学综合—具体内部传统待读后校准,provisional_region,T6 当代全球文学 · 都市经验、媒介转型与跨国传播,区域扩展阅读,T6 当代全球文学,R2 东亚文学,M5 战后与当代美学范式,G3 小说,QT8 英雄、边疆与法外者文化传统 | QT8.1 武侠
昆仑奴.md,R2,△,东亚文学综合—具体内部传统待读后校准,provisional_region,T6 当代全球文学 · 都市经验、媒介转型与跨国传播,区域扩展阅读,T6 当代全球文学,R2 东亚文学,M5 战后与当代美学范式,G3 小说,QT8 英雄、边疆与法外者文化传统 | QT8.1 武侠
昆廷·达沃德.md,R4,△,欧洲文学综合—具体内部传统待读后校准,provisional_region,T3 19世纪现代文学体系 · 浪漫主义、现实主义与民族文学体系,文类形成与区域典范,T3 19世纪现代文学体系,R4 欧洲文学,M2 19世纪文学思潮,G3 小说,QT8 英雄、边疆与法外者文化传统 | QT8.4 欧洲剑客
明亮之门的圣人.md,R3,△,南亚文学综合—具体内部传统待读后校准,provisional_region,T6 当代全球文学 · 全球南亚、英语写作与地方传统重组,区域扩展阅读,T6 当代全球文学,R3 南亚文学,M5 战后与当代美学范式,G3 小说,QH3 身份、身体与归属
明亮的夜晚.md,R2,△,东亚文学综合—具体内部传统待读后校准,provisional_region,T6 当代全球文学 · 都市经验、媒介转型与跨国传播,区域扩展阅读,T6 当代全球文学,R2 东亚文学,M5 战后与当代美学范式,G3 小说,QH2.3 家庭与家族 | QH2.5 童年与成长 | QH3.1 性别与身体
昔日甜鸟歌唱处.md,R5,△,北美文学综合—具体内部传统待读后校准,provisional_region,T5 二战后多极文学 · 战后反文化、族裔文学与媒介繁荣,区域扩展阅读,T5 二战后多极文学,R5 北美文学,M5 战后与当代美学范式,G3 小说,QH6 战争、暴力与创伤
星之彩.md,R5,△,北美文学综合—具体内部传统待读后校准,provisional_region,T4 全球现代主义时代 · 现代主义、哈莱姆复兴与类型扩张,区域扩展阅读,T4 全球现代主义时代,R5 北美文学,M3 现代主义与先锋派,G3 小说,QT4 恐怖与哥特
星期一开始于星期六.md,R4,△,欧洲文学综合—具体内部传统待读后校准,provisional_region,T5 二战后多极文学 · 战后重建、记忆政治与后现代转型,区域扩展阅读,T5 二战后多极文学,R4 欧洲文学,M5 战后与当代美学范式,G3 小说,QT2 科幻
星潮汹涌.md,R5,△,北美文学综合—具体内部传统待读后校准,provisional_region,T6 当代全球文学 · 多元身份、数字媒介与全球传播,区域扩展阅读,T6 当代全球文学,R5 北美文学,M5 战后与当代美学范式,G3 小说,QH3 身份、身体与归属
星船伞兵.md,R5,△,北美文学综合—具体内部传统待读后校准,provisional_region,T5 二战后多极文学 · 战后反文化、族裔文学与媒介繁荣,区域扩展阅读,T5 二战后多极文学,R5 北美文学,M5 战后与当代美学范式,G3 小说,QT2 科幻
星辰时刻.md,R6,★,巴西葡语文学传统,existing,T5 二战后多极文学 · 革命经验、文学爆炸与独裁回应,核心经典与传统确立,T5 二战后多极文学,R6 拉丁美洲与加勒比,M5 战后与当代美学范式,G3 小说,QH6 战争、暴力与创伤
春.md,R2,△,东亚文学综合—具体内部传统待读后校准,provisional_region,T4 全球现代主义时代 · 殖民现代性、新文学与形式实验,区域扩展阅读,T4 全球现代主义时代,R2 东亚文学,M3 现代主义与先锋派,G3 小说,QH2.3 家庭与家族
春桃.md,R2,△,东亚文学综合—具体内部传统待读后校准,provisional_region,T4 全球现代主义时代 · 殖民现代性、新文学与形式实验,区域扩展阅读,T4 全球现代主义时代,R2 东亚文学,M3 现代主义与先锋派,G3 小说,QH2.1 爱情与欲望 | QH4 社会、阶级与劳动
春蚕.md,R2,△,东亚文学综合—具体内部传统待读后校准,provisional_region,T4 全球现代主义时代 · 殖民现代性、新文学与形式实验,区域扩展阅读,T4 全球现代主义时代,R2 东亚文学,M4 集体文学运动与文化政治,G3 小说,QH4 社会、阶级与劳动 | QH5 权力、制度与秩序
春雪.md,R2,△,东亚文学综合—具体内部传统待读后校准,provisional_region,T5 二战后多极文学 · 战争革命、国家文学与社会重构,区域扩展阅读,T5 二战后多极文学,R2 东亚文学,M5 战后与当代美学范式,G3 小说,QH6 战争、暴力与创伤
春香传.md,R2,△,朝鲜半岛文学传统,author_model,T2 早期现代文学 · 印刷扩展、通俗文类与文人传统成熟,区域扩展阅读,T2 早期现代文学,R2 东亚文学,M1 早期现代思想与美学,G3 小说,QH2.1 爱情与欲望
普利茅斯种植园史.md,R5,◆,殖民地—清教徒与早期共和国文学传统,existing,T6 当代全球文学 · 多元身份、数字媒介与全球传播,殖民回应与民族文学建构,T6 当代全球文学,R5 北美文学,M5 战后与当代美学范式,G3 小说,QH3 身份、身体与归属
普塔霍特普教谕.md,R1,◆,古埃及文学传统,existing,T0 文学源头与古代文学 · 古代文字、史诗与经典传统形成,传统转型与区域扩展,T0 文学源头与古代文学,R1 西亚—地中海古老传统,,G3 小说,QH8 信仰、伦理与超越
普拉南努鲁.md,R3,★,泰米尔与南印度文学传统,existing,T6 当代全球文学 · 全球南亚、英语写作与地方传统重组,核心经典与传统确立,T6 当代全球文学,R3 南亚文学,M5 战后与当代美学范式,G3 小说,QH5 权力、制度与秩序
普纳穆，普纳穆.md,R9,★,毛利文学传统,existing,T6 当代全球文学 · 生态危机、移民社会与跨太平洋传播,语言、书写与媒介转型,T6 当代全球文学,R9 大洋洲与太平洋,M5 战后与当代美学范式,G3 小说,QH5 权力、制度与秩序
智利之夜.md,R6,△,拉丁美洲与加勒比综合—具体内部传统待读后校准,provisional_region,T6 当代全球文学 · 后独裁记忆、迁徙与跨国文学重组,区域扩展阅读,T6 当代全球文学,R6 拉丁美洲与加勒比,M5 战后与当代美学范式,G3 小说,QH7 历史、记忆与时间
智者纳坦.md,R4,△,欧洲文学综合—具体内部传统待读后校准,provisional_region,T2 早期现代文学 · 文艺复兴、宗教改革与印刷公共领域,区域扩展阅读,T2 早期现代文学,R4 欧洲文学,M1 早期现代思想与美学,G2 戏剧,QH8 信仰、伦理与超越
暗夜呢喃.md,R5,△,北美文学综合—具体内部传统待读后校准,provisional_region,T4 全球现代主义时代 · 现代主义、哈莱姆复兴与类型扩张,区域扩展阅读,T4 全球现代主义时代,R5 北美文学,M3 现代主义与先锋派,G3 小说,QT4 恐怖与哥特
暗算.md,R2,△,东亚文学综合—具体内部传统待读后校准,provisional_region,T6 当代全球文学 · 都市经验、媒介转型与跨国传播,区域扩展阅读,T6 当代全球文学,R2 东亚文学,M5 战后与当代美学范式,G3 小说,QT1 推理与犯罪叙事 | QH5 权力、制度与秩序
暗适应的眼睛.md,R4,△,欧洲文学综合—具体内部传统待读后校准,provisional_region,T6 当代全球文学 · 欧洲一体化、迁徙经验与当代重组,区域扩展阅读,T6 当代全球文学,R4 欧洲文学,M5 战后与当代美学范式,G3 小说,QH3 身份、身体与归属
暗黑扫描仪.md,R5,△,北美文学综合—具体内部传统待读后校准,provisional_region,T5 二战后多极文学 · 战后反文化、族裔文学与媒介繁荣,区域扩展阅读,T5 二战后多极文学,R5 北美文学,M5 战后与当代美学范式,G3 小说,QT2 科幻
暧昧的冒险.md,R7,△,非洲文学综合—具体内部传统待读后校准,provisional_region,T5 二战后多极文学 · 独立、去殖民化与国家文学建构,区域扩展阅读,T5 二战后多极文学,R7 非洲文学,M5 战后与当代美学范式,G3 小说,QH6 战争、暴力与创伤
暮鼓晨钟——少年康熙.md,R2,△,东亚文学综合—具体内部传统待读后校准,provisional_region,T6 当代全球文学 · 都市经验、媒介转型与跨国传播,区域扩展阅读,T6 当代全球文学,R2 东亚文学,M5 战后与当代美学范式,G3 小说,QT7 历史叙事
暴风上尉.md,R4,△,欧洲文学综合—具体内部传统待读后校准,provisional_region,T4 全球现代主义时代 · 战争危机、现代主义与先锋实验,区域扩展阅读,T4 全球现代主义时代,R4 欧洲文学,M3 现代主义与先锋派,G3 小说,QT8 英雄、边疆与法外者文化传统 | QT8.4 欧洲剑客
暴风雨.md,R4,△,英国—爱尔兰文学传统,author_model,T2 早期现代文学 · 文艺复兴、宗教改革与印刷公共领域,区域扩展阅读,T2 早期现代文学,R4 欧洲文学,M1 早期现代思想与美学,G2 戏剧,QH8 信仰、伦理与超越
更不必说那条狗.md,R5,△,北美文学综合—具体内部传统待读后校准,provisional_region,T6 当代全球文学 · 多元身份、数字媒介与全球传播,区域扩展阅读,T6 当代全球文学,R5 北美文学,M5 战后与当代美学范式,G3 小说,QH3 身份、身体与归属
曼哈顿中转站.md,R5,△,北美文学综合—具体内部传统待读后校准,provisional_region,T4 全球现代主义时代 · 现代主义、哈莱姆复兴与类型扩张,区域扩展阅读,T4 全球现代主义时代,R5 北美文学,M3.1 现代主义 / Modernism,G3 小说,QH1 自我、存在与生命
曼斯菲尔德庄园.md,R4,△,英国—爱尔兰文学传统,author_model,T3 19世纪现代文学体系 · 浪漫主义、现实主义与民族文学体系,区域扩展阅读,T3 19世纪现代文学体系,R4 欧洲文学,M2 19世纪文学思潮,G3 小说,QH2.3 家庭与家族 | QH2.1 爱情与欲望
曼波王演奏情歌.md,R5,△,北美文学综合—具体内部传统待读后校准,provisional_region,T6 当代全球文学 · 多元身份、数字媒介与全球传播,区域扩展阅读,T6 当代全球文学,R5 北美文学,M5 战后与当代美学范式,G3 小说,QH3 身份、身体与归属
曼谷苏醒.md,R8,◆,泰国文学传统,existing,T6 当代全球文学 · 城市化、跨语写作与东南亚离散,文类形成与区域典范,T6 当代全球文学,R8 东南亚文学,M5 战后与当代美学范式,G3 小说,QH5 权力、制度与秩序
曾我物语.md,R2,△,东亚文学综合—具体内部传统待读后校准,provisional_region,T6 当代全球文学 · 都市经验、媒介转型与跨国传播,区域扩展阅读,T6 当代全球文学,R2 东亚文学,M5 战后与当代美学范式,G3 小说,QT8 英雄、边疆与法外者文化传统 | QT8.3 日本武士与剑豪 | QT8.7 侠盗
曾根崎心中.md,R2,△,东亚文学综合—具体内部传统待读后校准,provisional_region,T2 早期现代文学 · 印刷扩展、通俗文类与文人传统成熟,区域扩展阅读,T2 早期现代文学,R2 东亚文学,M1 早期现代思想与美学,G2 戏剧,QH2.1 爱情与欲望
曾经是勇士.md,R9,★,毛利文学传统,existing,T6 当代全球文学 · 生态危机、移民社会与跨太平洋传播,核心经典与传统确立,T6 当代全球文学,R9 大洋洲与太平洋,M5 战后与当代美学范式,G3 小说,QH5 权力、制度与秩序
曾达的囚徒.md,R4,△,欧洲文学综合—具体内部传统待读后校准,provisional_region,T6 当代全球文学 · 欧洲一体化、迁徙经验与当代重组,区域扩展阅读,T6 当代全球文学,R4 欧洲文学,M5 战后与当代美学范式,G3 小说,QT8 英雄、边疆与法外者文化传统 | QT8.4 欧洲剑客
最初登上月球的人.md,R4,△,欧洲文学综合—具体内部传统待读后校准,provisional_region,T4 全球现代主义时代 · 战争危机、现代主义与先锋实验,区域扩展阅读,T4 全球现代主义时代,R4 欧洲文学,M2 19世纪文学思潮,G3 小说,QT2 科幻
最后一个人.md,R4,△,欧洲文学综合—具体内部传统待读后校准,provisional_region,T3 19世纪现代文学体系 · 浪漫主义、现实主义与民族文学体系,区域扩展阅读,T3 19世纪现代文学体系,R4 欧洲文学,M2 19世纪文学思潮,G3 小说,QT2 科幻 | QT4 恐怖与哥特
最后一个莫希干人.md,R5,△,北美文学综合—具体内部传统待读后校准,provisional_region,T3 19世纪现代文学体系 · 国家文学、奴隶制回应与大众出版,区域扩展阅读,T3 19世纪现代文学体系,R5 北美文学,M2 19世纪文学思潮,G3 小说,QT5 冒险与探索叙事 | QT7 历史叙事 | QT8 英雄、边疆与法外者文化传统 | QT8.5 西部
最后一战.md,R4,△,欧洲文学综合—具体内部传统待读后校准,provisional_region,T5 二战后多极文学 · 战后重建、记忆政治与后现代转型,区域扩展阅读,T5 二战后多极文学,R4 欧洲文学,M5 战后与当代美学范式,G3 小说,QT3 奇幻
最后一颗子弹留给我.md,R2,△,东亚文学综合—具体内部传统待读后校准,provisional_region,T6 当代全球文学 · 都市经验、媒介转型与跨国传播,区域扩展阅读,T6 当代全球文学,R2 东亚文学,M5 战后与当代美学范式,G3 小说,QH6 战争、暴力与创伤
最后和最初的人.md,R4,△,欧洲文学综合—具体内部传统待读后校准,provisional_region,T4 全球现代主义时代 · 战争危机、现代主义与先锋实验,文类形成与区域典范,T4 全球现代主义时代,R4 欧洲文学,M3 现代主义与先锋派,G3 小说,QT2 科幻
最后的吩咐.md,R4,△,欧洲文学综合—具体内部传统待读后校准,provisional_region,T6 当代全球文学 · 欧洲一体化、迁徙经验与当代重组,区域扩展阅读,T6 当代全球文学,R4 欧洲文学,M5 战后与当代美学范式,G3 小说,QH3 身份、身体与归属
最后的松弛.md,R4,△,欧洲文学综合—具体内部传统待读后校准,provisional_region,T4 全球现代主义时代 · 战争危机、现代主义与先锋实验,区域扩展阅读,T4 全球现代主义时代,R4 欧洲文学,M3.2 先锋派,G3 小说,QH1 自我、存在与生命
最后的见证者.md,R4,△,欧洲文学综合—具体内部传统待读后校准,provisional_region,T6 当代全球文学 · 欧洲一体化、迁徙经验与当代重组,区域扩展阅读,T6 当代全球文学,R4 欧洲文学,M5 战后与当代美学范式,G3 小说,QH6 战争、暴力与创伤
最后的酒.md,R4,△,欧洲文学综合—具体内部传统待读后校准,provisional_region,T5 二战后多极文学 · 战后重建、记忆政治与后现代转型,区域扩展阅读,T5 二战后多极文学,R4 欧洲文学,M5 战后与当代美学范式,G3 小说,QT7 历史叙事
最后的雾.md,R6,△,拉丁美洲与加勒比综合—具体内部传统待读后校准,provisional_region,T6 当代全球文学 · 后独裁记忆、迁徙与跨国文学重组,区域扩展阅读,T6 当代全球文学,R6 拉丁美洲与加勒比,M5 战后与当代美学范式,G3 小说,QH5 权力、制度与秩序
最明净的地区.md,R6,△,拉丁美洲与加勒比综合—具体内部传统待读后校准,provisional_region,T5 二战后多极文学 · 革命经验、文学爆炸与独裁回应,区域扩展阅读,T5 二战后多极文学,R6 拉丁美洲与加勒比,M5 战后与当代美学范式,G3 小说,QH5 权力、制度与秩序
最蓝的眼睛.md,R5,△,北美文学综合—具体内部传统待读后校准,provisional_region,T5 二战后多极文学 · 战后反文化、族裔文学与媒介繁荣,区域扩展阅读,T5 二战后多极文学,R5 北美文学,M5 战后与当代美学范式,G3 小说,QH2.5 童年与成长
最遥远的海岸.md,R5,△,北美文学综合—具体内部传统待读后校准,provisional_region,T5 二战后多极文学 · 战后反文化、族裔文学与媒介繁荣,区域扩展阅读,T5 二战后多极文学,R5 北美文学,M5 战后与当代美学范式,G3 小说,QT3 奇幻
月亮与太阳.md,R5,△,北美文学综合—具体内部传统待读后校准,provisional_region,T6 当代全球文学 · 多元身份、数字媒介与全球传播,区域扩展阅读,T6 当代全球文学,R5 北美文学,M5 战后与当代美学范式,G3 小说,QH3 身份、身体与归属
月亮与篝火.md,R2,△,东亚文学综合—具体内部传统待读后校准,provisional_region,T5 二战后多极文学 · 战争革命、国家文学与社会重构,区域扩展阅读,T5 二战后多极文学,R2 东亚文学,M5 战后与当代美学范式,G3 小说,QH6 战争、暴力与创伤
月亮宝石.md,R4,△,欧洲文学综合—具体内部传统待读后校准,provisional_region,T3 19世纪现代文学体系 · 浪漫主义、现实主义与民族文学体系,区域扩展阅读,T3 19世纪现代文学体系,R4 欧洲文学,M2 19世纪文学思潮,G3 小说,QT1 推理与犯罪叙事
月亮是个严厉的主人.md,R5,△,北美文学综合—具体内部传统待读后校准,provisional_region,T5 二战后多极文学 · 战后反文化、族裔文学与媒介繁荣,区域扩展阅读,T5 二战后多极文学,R5 北美文学,M5 战后与当代美学范式,G3 小说,QH6 战争、暴力与创伤
月亮虎.md,R4,△,欧洲文学综合—具体内部传统待读后校准,provisional_region,T6 当代全球文学 · 欧洲一体化、迁徙经验与当代重组,区域扩展阅读,T6 当代全球文学,R4 欧洲文学,M5 战后与当代美学范式,G3 小说,QH3 身份、身体与归属
月光游戏.md,R2,△,东亚文学综合—具体内部传统待读后校准,provisional_region,T6 当代全球文学 · 都市经验、媒介转型与跨国传播,区域扩展阅读,T6 当代全球文学,R2 东亚文学,M5 战后与当代美学范式,G3 小说,QT1 推理与犯罪叙事
月心.md,R5,△,北美文学综合—具体内部传统待读后校准,provisional_region,T6 当代全球文学 · 多元身份、数字媒介与全球传播,文类形成与区域典范,T6 当代全球文学,R5 北美文学,M5 战后与当代美学范式,G3 小说,QT3 奇幻
有事要交代.md,R4,△,欧洲文学综合—具体内部传统待读后校准,provisional_region,T5 二战后多极文学 · 战后重建、记忆政治与后现代转型,区域扩展阅读,T5 二战后多极文学,R4 欧洲文学,M5 战后与当代美学范式,G3 小说,QH6 战争、暴力与创伤
有产业的人.md,R4,△,欧洲文学综合—具体内部传统待读后校准,provisional_region,T4 全球现代主义时代 · 战争危机、现代主义与先锋实验,区域扩展阅读,T4 全球现代主义时代,R4 欧洲文学,M3 现代主义与先锋派,G3 小说,QH2.3 家庭与家族
有人居住的星球.md,R4,△,欧洲文学综合—具体内部传统待读后校准,provisional_region,T5 二战后多极文学 · 战后重建、记忆政治与后现代转型,区域扩展阅读,T5 二战后多极文学,R4 欧洲文学,M5 战后与当代美学范式,G3 小说,QT6 乌托邦、反乌托邦与社会想象
有匪.md,R2,△,东亚文学综合—具体内部传统待读后校准,provisional_region,T6 当代全球文学 · 都市经验、媒介转型与跨国传播,区域扩展阅读,T6 当代全球文学,R2 东亚文学,M5 战后与当代美学范式,G3 小说,QT8 英雄、边疆与法外者文化传统 | QT8.1 武侠
有感情的人.md,R4,△,欧洲文学综合—具体内部传统待读后校准,provisional_region,T2 早期现代文学 · 文艺复兴、宗教改革与印刷公共领域,区域扩展阅读,T2 早期现代文学,R4 欧洲文学,M1 早期现代思想与美学,G3 小说,QH5 权力、制度与秩序
有翼之暗.md,R2,△,东亚文学综合—具体内部传统待读后校准,provisional_region,T6 当代全球文学 · 都市经验、媒介转型与跨国传播,区域扩展阅读,T6 当代全球文学,R2 东亚文学,M5 战后与当代美学范式,G3 小说,QT1 推理与犯罪叙事
朝圣.md,R4,△,欧洲文学综合—具体内部传统待读后校准,provisional_region,T4 全球现代主义时代 · 战争危机、现代主义与先锋实验,区域扩展阅读,T4 全球现代主义时代,R4 欧洲文学,M3.1 现代主义 / Modernism,G3 小说,QH3 身份、身体与归属 | QH1 自我、存在与生命
朝花夕拾.md,R2,△,东亚文学综合—具体内部传统待读后校准,provisional_region,T4 全球现代主义时代 · 殖民现代性、新文学与形式实验,区域扩展阅读,T4 全球现代主义时代,R2 东亚文学,M3 现代主义与先锋派,G5 生命书写,QH2.3 家庭与家族 | QH7 历史、记忆与时间
未央歌.md,R2,△,东亚文学综合—具体内部传统待读后校准,provisional_region,T6 当代全球文学 · 都市经验、媒介转型与跨国传播,区域扩展阅读,T6 当代全球文学,R2 东亚文学,M5 战后与当代美学范式,G3 小说,QH2.5 童年与成长
未完的传说.md,R4,△,欧洲文学综合—具体内部传统待读后校准,provisional_region,T6 当代全球文学 · 欧洲一体化、迁徙经验与当代重组,区域扩展阅读,T6 当代全球文学,R4 欧洲文学,M5 战后与当代美学范式,G3 小说,QT3 奇幻
未来世界.md,R4,△,欧洲文学综合—具体内部传统待读后校准,provisional_region,T4 全球现代主义时代 · 战争危机、现代主义与先锋实验,文类形成与区域典范,T4 全球现代主义时代,R4 欧洲文学,M2 19世纪文学思潮,G3 小说,QT2 科幻
未来主义宣言.md,R4,△,欧洲文学综合—具体内部传统待读后校准,provisional_region,T4 全球现代主义时代 · 战争危机、现代主义与先锋实验,区域扩展阅读,T4 全球现代主义时代,R4 欧洲文学,M3.2 先锋派,G4 散文与随笔,QH5 权力、制度与秩序
未来主义戏剧综合.md,R4,△,欧洲文学综合—具体内部传统待读后校准,provisional_region,T4 全球现代主义时代 · 战争危机、现代主义与先锋实验,文类形成与区域典范,T4 全球现代主义时代,R4 欧洲文学,M3.2 先锋派,G2 戏剧,QH5 权力、制度与秩序
未来主义文学技术宣言.md,R4,△,欧洲文学综合—具体内部传统待读后校准,provisional_region,T4 全球现代主义时代 · 战争危机、现代主义与先锋实验,区域扩展阅读,T4 全球现代主义时代,R4 欧洲文学,M3.2 先锋派,G4 散文与随笔,QH1 自我、存在与生命
未来主义者马法尔卡.md,R4,△,欧洲文学综合—具体内部传统待读后校准,provisional_region,T4 全球现代主义时代 · 战争危机、现代主义与先锋实验,区域扩展阅读,T4 全球现代主义时代,R4 欧洲文学,M3.2 先锋派,G3 小说,QH1 自我、存在与生命
未来事务部.md,R5,△,北美文学综合—具体内部传统待读后校准,provisional_region,T6 当代全球文学 · 多元身份、数字媒介与全球传播,文类形成与区域典范,T6 当代全球文学,R5 北美文学,M5 战后与当代美学范式,G3 小说,QT2 科幻
未来故乡的活神.md,R5,△,北美原住民文学传统,author_model,T6 当代全球文学 · 多元身份、数字媒介与全球传播,区域扩展阅读,T6 当代全球文学,R5 北美文学,M5 战后与当代美学范式,G3 小说,QT6 乌托邦、反乌托邦与社会想象
未来的回忆.md,R6,△,拉丁美洲与加勒比综合—具体内部传统待读后校准,provisional_region,T6 当代全球文学 · 后独裁记忆、迁徙与跨国文学重组,区域扩展阅读,T6 当代全球文学,R6 拉丁美洲与加勒比,M5 战后与当代美学范式,G3 小说,QH5 权力、制度与秩序
末日之书.md,R5,△,北美文学综合—具体内部传统待读后校准,provisional_region,T6 当代全球文学 · 多元身份、数字媒介与全球传播,文类形成与区域典范,T6 当代全球文学,R5 北美文学,M5 战后与当代美学范式,G3 小说,QT2 科幻
本巴.md,R2,△,东亚文学综合—具体内部传统待读后校准,provisional_region,T6 当代全球文学 · 都市经验、媒介转型与跨国传播,区域扩展阅读,T6 当代全球文学,R2 东亚文学,M5 战后与当代美学范式,G3 小说,QH6 战争、暴力与创伤
本生经.md,R3,★,巴利—普拉克里特与佛教耆那文学传统,existing,T0 文学源头与古代文学 · 吠陀、史诗与古典语言传统奠基,核心经典与传统确立,T0 文学源头与古代文学,R3 南亚文学,,G3 小说,QT9 神话、传说与民间叙事
本达希申.md,R1,△,波斯—伊朗文学传统,existing,T1 中古多中心文学世界 · 宗教经典、帝国网络与翻译传承,区域扩展阅读,T1 中古多中心文学世界,R1 西亚—地中海古老传统,,G3 小说,QT9 神话、传说与民间叙事
本阵杀人事件.md,R2,△,东亚文学综合—具体内部传统待读后校准,provisional_region,T5 二战后多极文学 · 战争革命、国家文学与社会重构,区域扩展阅读,T5 二战后多极文学,R2 东亚文学,M5 战后与当代美学范式,G3 小说,QT1 推理与犯罪叙事
朱莉小姐.md,R4,◆,北欧文学传统,existing,T3 19世纪现代文学体系 · 浪漫主义、现实主义与民族文学体系,传统转型与区域扩展,T3 19世纪现代文学体系,R4 欧洲文学,M3.1 现代主义 / Modernism | M2 19世纪文学思潮 / 自然主义 | M2 19世纪文学思潮,G2 戏剧,QH4 社会、阶级与劳动
朴素的诗.md,R6,△,拉丁美洲与加勒比综合—具体内部传统待读后校准,provisional_region,T3 19世纪现代文学体系 · 独立建国、浪漫主义与国家文学,区域扩展阅读,T3 19世纪现代文学体系,R6 拉丁美洲与加勒比,M2 19世纪文学思潮 / 拉美 Modernismo | M2 19世纪文学思潮,G3 小说,QH4 社会、阶级与劳动
机器人大师.md,R4,△,欧洲文学综合—具体内部传统待读后校准,provisional_region,T5 二战后多极文学 · 战后重建、记忆政治与后现代转型,区域扩展阅读,T5 二战后多极文学,R4 欧洲文学,M5 战后与当代美学范式,G3 小说,QT2 科幻
机器人短篇全集.md,R5,△,北美文学综合—具体内部传统待读后校准,provisional_region,T5 二战后多极文学 · 战后反文化、族裔文学与媒介繁荣,区域扩展阅读,T5 二战后多极文学,R5 北美文学,M5 战后与当代美学范式,G3 小说,QT2 科幻 | QH1 自我、存在与生命
机器停止运转.md,R4,△,欧洲文学综合—具体内部传统待读后校准,provisional_region,T4 全球现代主义时代 · 战争危机、现代主义与先锋实验,文类形成与区域典范,T4 全球现代主义时代,R4 欧洲文学,M3 现代主义与先锋派,G3 小说,QT2 科幻 | QT6 乌托邦、反乌托邦与社会想象
机器岛.md,R4,△,欧洲文学综合—具体内部传统待读后校准,provisional_region,T4 全球现代主义时代 · 战争危机、现代主义与先锋实验,区域扩展阅读,T4 全球现代主义时代,R4 欧洲文学,M2 19世纪文学思潮,G3 小说,QT2 科幻
机械.md,R2,△,东亚文学综合—具体内部传统待读后校准,provisional_region,T4 全球现代主义时代 · 殖民现代性、新文学与形式实验,区域扩展阅读,T4 全球现代主义时代,R2 东亚文学,M3.1 现代主义 / Modernism,G3 小说,QH5 权力、制度与秩序
杀人者，女人们的希望.md,R4,△,欧洲文学综合—具体内部传统待读后校准,provisional_region,T4 全球现代主义时代 · 战争危机、现代主义与先锋实验,区域扩展阅读,T4 全球现代主义时代,R4 欧洲文学,M3.2 先锋派,G2 戏剧,QH6 战争、暴力与创伤 | QH3 身份、身体与归属
杀戮场的女儿.md,R8,★,柬埔寨—老挝文学传统,existing,T6 当代全球文学 · 城市化、跨语写作与东南亚离散,核心经典与传统确立,T6 当代全球文学,R8 东南亚文学,M5 战后与当代美学范式,G3 小说,QH5 权力、制度与秩序
杀戮天使.md,R5,△,北美文学综合—具体内部传统待读后校准,provisional_region,T5 二战后多极文学 · 战后反文化、族裔文学与媒介繁荣,区域扩展阅读,T5 二战后多极文学,R5 北美文学,M5 战后与当代美学范式,G3 小说,QT7 历史叙事
杀戮时刻.md,R5,△,北美文学综合—具体内部传统待读后校准,provisional_region,T6 当代全球文学 · 多元身份、数字媒介与全球传播,区域扩展阅读,T6 当代全球文学,R5 北美文学,M5 战后与当代美学范式,G3 小说,QT1 推理与犯罪叙事
杀死一只知更鸟.md,R5,△,北美文学综合—具体内部传统待读后校准,provisional_region,T5 二战后多极文学 · 战后反文化、族裔文学与媒介繁荣,区域扩展阅读,T5 二战后多极文学,R5 北美文学,M5 战后与当代美学范式,G3 小说,QH2.3 家庭与家族 | QH2.5 童年与成长 | QH3.3 种族与族群
杀鹿人.md,R5,△,北美文学综合—具体内部传统待读后校准,provisional_region,T3 19世纪现代文学体系 · 国家文学、奴隶制回应与大众出版,区域扩展阅读,T3 19世纪现代文学体系,R5 北美文学,M2 19世纪文学思潮,G3 小说,QT5 冒险与探索叙事 | QT8 英雄、边疆与法外者文化传统 | QT8.5 西部
权力的游戏.md,R5,△,北美文学综合—具体内部传统待读后校准,provisional_region,T6 当代全球文学 · 多元身份、数字媒介与全球传播,源头与经典奠基,T6 当代全球文学,R5 北美文学,M5 战后与当代美学范式,G3 小说,QT3 奇幻
权力问题.md,R7,△,非洲文学综合—具体内部传统待读后校准,provisional_region,T5 二战后多极文学 · 独立、去殖民化与国家文学建构,区域扩展阅读,T5 二战后多极文学,R7 非洲文学,M5 战后与当代美学范式,G3 小说,QH5 权力、制度与秩序
李尔王.md,R4,△,英国—爱尔兰文学传统,author_model,T2 早期现代文学 · 文艺复兴、宗教改革与印刷公共领域,区域扩展阅读,T2 早期现代文学,R4 欧洲文学,M1 早期现代思想与美学,G2 戏剧,QH8 信仰、伦理与超越
李白诗选.md,R2,△,东亚文学综合—具体内部传统待读后校准,provisional_region,T1 中古多中心文学世界 · 宗教传播、宫廷文化与区域交流,区域扩展阅读,T1 中古多中心文学世界,R2 东亚文学,,G1 诗歌,QH8 信仰、伦理与超越
李自成.md,R2,△,东亚文学综合—具体内部传统待读后校准,provisional_region,T6 当代全球文学 · 都市经验、媒介转型与跨国传播,区域扩展阅读,T6 当代全球文学,R2 东亚文学,M5 战后与当代美学范式,G3 小说,QT7 历史叙事
杜伊诺哀歌.md,R4,◆,德语文学传统,existing,T4 全球现代主义时代 · 战争危机、现代主义与先锋实验,文类形成与区域典范,T4 全球现代主义时代,R4 欧洲文学,M3.1 现代主义 / Modernism,G1 诗歌,QH1 自我、存在与生命
杜甫诗选.md,R2,△,东亚文学综合—具体内部传统待读后校准,provisional_region,T1 中古多中心文学世界 · 宗教传播、宫廷文化与区域交流,区域扩展阅读,T1 中古多中心文学世界,R2 东亚文学,,G1 诗歌,QH8 信仰、伦理与超越
杜鹃花.md,R2,◆,朝鲜半岛文学传统,existing,T6 当代全球文学 · 都市经验、媒介转型与跨国传播,殖民回应与民族文学建构,T6 当代全球文学,R2 东亚文学,M5 战后与当代美学范式,G1 诗歌,QH3 身份、身体与归属
来不及说我爱你.md,R2,△,东亚文学综合—具体内部传统待读后校准,provisional_region,T6 当代全球文学 · 都市经验、媒介转型与跨国传播,区域扩展阅读,T6 当代全球文学,R2 东亚文学,M5 战后与当代美学范式,G3 小说,QH2.1 爱情与欲望
来世.md,R5,△,北美文学综合—具体内部传统待读后校准,provisional_region,T6 当代全球文学 · 多元身份、数字媒介与全球传播,区域扩展阅读,T6 当代全球文学,R5 北美文学,M5 战后与当代美学范式,G3 小说,QT7 历史叙事
杨家将.md,R2,△,东亚文学综合—具体内部传统待读后校准,provisional_region,T2 早期现代文学 · 印刷扩展、通俗文类与文人传统成熟,区域扩展阅读,T2 早期现代文学,R2 东亚文学,M1 早期现代思想与美学,G3 小说,QT7 历史叙事 | QT8 英雄、边疆与法外者文化传统 | QH5 权力、制度与秩序
杭图亚传.md,R8,★,马来—Jawi文学传统,existing,T6 当代全球文学 · 城市化、跨语写作与东南亚离散,核心经典与传统确立,T6 当代全球文学,R8 东南亚文学,M5 战后与当代美学范式,G3 小说,QH5 权力、制度与秩序
杯雪.md,R2,△,东亚文学综合—具体内部传统待读后校准,provisional_region,T6 当代全球文学 · 都市经验、媒介转型与跨国传播,区域扩展阅读,T6 当代全球文学,R2 东亚文学,M5 战后与当代美学范式,G3 小说,QT8 英雄、边疆与法外者文化传统 | QT8.1 武侠
杰克.md,R5,△,北美文学综合—具体内部传统待读后校准,provisional_region,T6 当代全球文学 · 多元身份、数字媒介与全球传播,区域扩展阅读,T6 当代全球文学,R5 北美文学,M5 战后与当代美学范式,G3 小说,QH2.3 家庭与家族
杰夫代特先生和他的儿子们.md,R1,△,土耳其—奥斯曼文学传统,existing,T6 当代全球文学 · 当代冲突、迁徙与全球传播,区域扩展阅读,T6 当代全球文学,R1 西亚—地中海古老传统,M5 战后与当代美学范式,G3 小说,QH2.3 家庭与家族
杰拉德准将历险记.md,R4,△,欧洲文学综合—具体内部传统待读后校准,provisional_region,T4 全球现代主义时代 · 战争危机、现代主义与先锋实验,区域扩展阅读,T4 全球现代主义时代,R4 欧洲文学,M2 19世纪文学思潮,G3 小说,QT8 英雄、边疆与法外者文化传统 | QT8.4 欧洲剑客
杰米·麦克菲特斯的旅行.md,R5,△,北美文学综合—具体内部传统待读后校准,provisional_region,T5 二战后多极文学 · 战后反文化、族裔文学与媒介繁荣,区域扩展阅读,T5 二战后多极文学,R5 北美文学,M5 战后与当代美学范式,G3 小说,QH6 战争、暴力与创伤
杰米妮·拉瑟都.md,R4,△,欧洲文学综合—具体内部传统待读后校准,provisional_region,T3 19世纪现代文学体系 · 浪漫主义、现实主义与民族文学体系,区域扩展阅读,T3 19世纪现代文学体系,R4 欧洲文学,M2 19世纪文学思潮 / 自然主义 | M2 19世纪文学思潮,G3 小说,QH4 社会、阶级与劳动
杰里科之死.md,R4,△,欧洲文学综合—具体内部传统待读后校准,provisional_region,T6 当代全球文学 · 欧洲一体化、迁徙经验与当代重组,区域扩展阅读,T6 当代全球文学,R4 欧洲文学,M5 战后与当代美学范式,G3 小说,QT1 推理与犯罪叙事
松歌.md,R6,△,Afro-Latin—Afro-Caribbean文学传统,author_model,T6 当代全球文学 · 后独裁记忆、迁徙与跨国文学重组,区域扩展阅读,T6 当代全球文学,R6 拉丁美洲与加勒比,M5 战后与当代美学范式,G3 小说,QH5 权力、制度与秩序
松迪亚塔史诗.md,R7,★,口传—史诗与本土语言传统,existing,T1 中古多中心文学世界 · 口传延续、宗教传播与跨撒哈拉网络,语言、书写与媒介转型,T1 中古多中心文学世界,R7 非洲文学,,G3 小说,QT9 神话、传说与民间叙事
极光.md,R5,△,北美文学综合—具体内部传统待读后校准,provisional_region,T6 当代全球文学 · 多元身份、数字媒介与全球传播,区域扩展阅读,T6 当代全球文学,R5 北美文学,M5 战后与当代美学范式,G3 小说,QT2 科幻
枕草子.md,R2,△,东亚文学综合—具体内部传统待读后校准,provisional_region,T1 中古多中心文学世界 · 宗教传播、宫廷文化与区域交流,区域扩展阅读,T1 中古多中心文学世界,R2 东亚文学,,G4 散文与随笔,QH8 信仰、伦理与超越
林加拉密码.md,R5,△,北美文学综合—具体内部传统待读后校准,provisional_region,T5 二战后多极文学 · 战后反文化、族裔文学与媒介繁荣,区域扩展阅读,T5 二战后多极文学,R5 北美文学,M5 战后与当代美学范式,G3 小说,QH6 战争、暴力与创伤
林孔内特与科尔塔迪略.md,R4,△,伊比利亚文学传统,author_model,T2 早期现代文学 · 文艺复兴、宗教改革与印刷公共领域,区域扩展阅读,T2 早期现代文学,R4 欧洲文学,M1 早期现代思想与美学,G3 小说,QT8 英雄、边疆与法外者文化传统 | QT8.7 侠盗
林家铺子.md,R2,△,东亚文学综合—具体内部传统待读后校准,provisional_region,T4 全球现代主义时代 · 殖民现代性、新文学与形式实验,区域扩展阅读,T4 全球现代主义时代,R2 东亚文学,M2 19世纪文学思潮,G3 小说,QH4 社会、阶级与劳动 | QH5 权力、制度与秩序
林海雪原.md,R2,△,东亚文学综合—具体内部传统待读后校准,provisional_region,T5 二战后多极文学 · 战争革命、国家文学与社会重构,区域扩展阅读,T5 二战后多极文学,R2 东亚文学,M5 战后与当代美学范式 | M4 集体文学运动与文化政治,G3 小说,QH6 战争、暴力与创伤
林肯在中阴.md,R5,△,北美文学综合—具体内部传统待读后校准,provisional_region,T6 当代全球文学 · 多元身份、数字媒介与全球传播,区域扩展阅读,T6 当代全球文学,R5 北美文学,M5 战后与当代美学范式,G3 小说,QH3 身份、身体与归属
果园.md,R1,△,波斯—伊朗文学传统,existing,T1 中古多中心文学世界 · 宗教经典、帝国网络与翻译传承,区域扩展阅读,T1 中古多中心文学世界,R1 西亚—地中海古老传统,,G1 诗歌,QH8 信仰、伦理与超越
枭之城.md,R2,△,东亚文学综合—具体内部传统待读后校准,provisional_region,T5 二战后多极文学 · 战争革命、国家文学与社会重构,区域扩展阅读,T5 二战后多极文学,R2 东亚文学,M5 战后与当代美学范式,G3 小说,QT8 英雄、边疆与法外者文化传统 | QT8.3 日本武士与剑豪
枯竭的生活.md,R6,◆,巴西葡语文学传统,existing,T6 当代全球文学 · 后独裁记忆、迁徙与跨国文学重组,传统转型与区域扩展,T6 当代全球文学,R6 拉丁美洲与加勒比,M5 战后与当代美学范式,G3 小说,QH5 权力、制度与秩序
枯萎的花.md,R8,◆,柬埔寨—老挝文学传统,existing,T5 二战后多极文学 · 独立战争、国家建构与政治创伤,文类形成与区域典范,T5 二战后多极文学,R8 东南亚文学,M5 战后与当代美学范式,G3 小说,QH5 权力、制度与秩序
柏林亚历山大广场.md,R4,△,欧洲文学综合—具体内部传统待读后校准,provisional_region,T4 全球现代主义时代 · 战争危机、现代主义与先锋实验,区域扩展阅读,T4 全球现代主义时代,R4 欧洲文学,M3.1 现代主义 / Modernism,G3 小说,QH1 自我、存在与生命
柏林谍影.md,R4,△,欧洲文学综合—具体内部传统待读后校准,provisional_region,T5 二战后多极文学 · 战后重建、记忆政治与后现代转型,区域扩展阅读,T5 二战后多极文学,R4 欧洲文学,M5 战后与当代美学范式,G3 小说,QT1 推理与犯罪叙事
柏青哥.md,R5,△,北美文学综合—具体内部传统待读后校准,provisional_region,T6 当代全球文学 · 多元身份、数字媒介与全球传播,区域扩展阅读,T6 当代全球文学,R5 北美文学,M5 战后与当代美学范式,G3 小说,QH2.3 家庭与家族 | QH7 历史、记忆与时间
某种绝望的荣耀.md,R4,△,欧洲文学综合—具体内部传统待读后校准,provisional_region,T6 当代全球文学 · 欧洲一体化、迁徙经验与当代重组,区域扩展阅读,T6 当代全球文学,R4 欧洲文学,M5 战后与当代美学范式,G3 小说,QH3 身份、身体与归属
染血之室.md,R4,△,欧洲文学综合—具体内部传统待读后校准,provisional_region,T5 二战后多极文学 · 战后重建、记忆政治与后现代转型,文类形成与区域典范,T5 二战后多极文学,R4 欧洲文学,M5 战后与当代美学范式,G3 小说,QT3 奇幻
查塔姆学校事件.md,R5,△,北美文学综合—具体内部传统待读后校准,provisional_region,T6 当代全球文学 · 多元身份、数字媒介与全球传播,区域扩展阅读,T6 当代全球文学,R5 北美文学,M5 战后与当代美学范式,G3 小说,QH3 身份、身体与归属
查尔亚歌.md,R3,◆,孟加拉与东部语言文学传统,existing,T6 当代全球文学 · 全球南亚、英语写作与地方传统重组,语言、书写与媒介转型,T6 当代全球文学,R3 南亚文学,M5 战后与当代美学范式,G3 小说,QH5 权力、制度与秩序
查尔斯·迪克斯特·瓦德事件.md,R5,△,北美文学综合—具体内部传统待读后校准,provisional_region,T4 全球现代主义时代 · 现代主义、哈莱姆复兴与类型扩张,区域扩展阅读,T4 全球现代主义时代,R5 北美文学,M3 现代主义与先锋派,G3 小说,QT4 恐怖与哥特
查泰莱夫人的情人.md,R4,△,欧洲文学综合—具体内部传统待读后校准,provisional_region,T4 全球现代主义时代 · 战争危机、现代主义与先锋实验,区域扩展阅读,T4 全球现代主义时代,R4 欧洲文学,M3 现代主义与先锋派,G3 小说,QH2.1 爱情与欲望
查理九世时代轶事.md,R4,△,欧洲文学综合—具体内部传统待读后校准,provisional_region,T3 19世纪现代文学体系 · 浪漫主义、现实主义与民族文学体系,文类形成与区域典范,T3 19世纪现代文学体系,R4 欧洲文学,M2 19世纪文学思潮,G3 小说,QT7 历史叙事 | QT8 英雄、边疆与法外者文化传统 | QT8.4 欧洲剑客
柳树.md,R4,△,欧洲文学综合—具体内部传统待读后校准,provisional_region,T4 全球现代主义时代 · 战争危机、现代主义与先锋实验,文类形成与区域典范,T4 全球现代主义时代,R4 欧洲文学,M3 现代主义与先锋派,G3 小说,QT3 奇幻 | QT4 恐怖与哥特
柳生忍法帖.md,R2,△,东亚文学综合—具体内部传统待读后校准,provisional_region,T5 二战后多极文学 · 战争革命、国家文学与社会重构,区域扩展阅读,T5 二战后多极文学,R2 东亚文学,M5 战后与当代美学范式,G3 小说,QT8 英雄、边疆与法外者文化传统 | QT8.3 日本武士与剑豪
柳生武艺帐.md,R2,△,东亚文学综合—具体内部传统待读后校准,provisional_region,T5 二战后多极文学 · 战争革命、国家文学与社会重构,区域扩展阅读,T5 二战后多极文学,R2 东亚文学,M5 战后与当代美学范式,G3 小说,QT8 英雄、边疆与法外者文化传统 | QT8.3 日本武士与剑豪
树语.md,R5,△,北美文学综合—具体内部传统待读后校准,provisional_region,T6 当代全球文学 · 多元身份、数字媒介与全球传播,区域扩展阅读,T6 当代全球文学,R5 北美文学,M5 战后与当代美学范式,G3 小说,QH3 身份、身体与归属
格兰奇·科普兰的第三次生命.md,R5,△,北美文学综合—具体内部传统待读后校准,provisional_region,T5 二战后多极文学 · 战后反文化、族裔文学与媒介繁荣,区域扩展阅读,T5 二战后多极文学,R5 北美文学,M5 战后与当代美学范式,G3 小说,QH6 战争、暴力与创伤
格兰特船长的儿女.md,R4,△,欧洲文学综合—具体内部传统待读后校准,provisional_region,T3 19世纪现代文学体系 · 浪漫主义、现实主义与民族文学体系,区域扩展阅读,T3 19世纪现代文学体系,R4 欧洲文学,M2 19世纪文学思潮,G3 小说,QT5 冒险与探索叙事
格列佛游记.md,R4,◆,英国—爱尔兰文学传统,existing,T2 早期现代文学 · 文艺复兴、宗教改革与印刷公共领域,文类形成与区域典范,T2 早期现代文学,R4 欧洲文学,M1 早期现代思想与美学,G3 小说,QT2 科幻 | QT5 冒险与探索叙事 | QT6 乌托邦、反乌托邦与社会想象 | QH5 权力、制度与秩序
格林家杀人事件.md,R5,△,北美文学综合—具体内部传统待读后校准,provisional_region,T4 全球现代主义时代 · 现代主义、哈莱姆复兴与类型扩张,区域扩展阅读,T4 全球现代主义时代,R5 北美文学,M3 现代主义与先锋派,G3 小说,QT1 推理与犯罪叙事
格萨尔王传.md,R2,△,朝鲜半岛文学传统,author_model,T1 中古多中心文学世界 · 宗教传播、宫廷文化与区域交流,翻译与跨传统连接,T1 中古多中心文学世界,R2 东亚文学 | R3 南亚文学,,G3 小说,QT9 神话、传说与民间叙事
格萨尔王传.md,R3,△,梵语—吠陀与古典文学传统,author_model,T1 中古多中心文学世界 · 宗教、宫廷与多语文学网络扩展,翻译与跨传统连接,T1 中古多中心文学世界,R2 东亚文学 | R3 南亚文学,,G3 小说,QT9 神话、传说与民间叙事
格里姆斯克里布.md,R4,△,欧洲文学综合—具体内部传统待读后校准,provisional_region,T5 二战后多极文学 · 战后重建、记忆政治与后现代转型,区域扩展阅读,T5 二战后多极文学,R4 欧洲文学,M5 战后与当代美学范式,G3 小说,QT4 恐怖与哥特
格雷戈里奥·德·马托斯诗选.md,R6,◆,巴西葡语文学传统,existing,T6 当代全球文学 · 后独裁记忆、迁徙与跨国文学重组,殖民回应与民族文学建构,T6 当代全球文学,R6 拉丁美洲与加勒比,M5 战后与当代美学范式,G1 诗歌,QH3 身份、身体与归属
桃花扇.md,R2,△,东亚文学综合—具体内部传统待读后校准,provisional_region,T2 早期现代文学 · 印刷扩展、通俗文类与文人传统成熟,区域扩展阅读,T2 早期现代文学,R2 东亚文学,M1 早期现代思想与美学,G2 戏剧,QH2.1 爱情与欲望
桤木心.md,R4,△,欧洲文学综合—具体内部传统待读后校准,provisional_region,T4 全球现代主义时代 · 战争危机、现代主义与先锋实验,区域扩展阅读,T4 全球现代主义时代,R4 欧洲文学,M3 现代主义与先锋派,G3 小说,QT4 恐怖与哥特
桥.md,R5,△,北美文学综合—具体内部传统待读后校准,provisional_region,T4 全球现代主义时代 · 现代主义、哈莱姆复兴与类型扩张,区域扩展阅读,T4 全球现代主义时代,R5 北美文学,M3.1 现代主义 / Modernism,G3 小说,QH3 身份、身体与归属
梅子包.md,R5,△,北美文学综合—具体内部传统待读后校准,provisional_region,T4 全球现代主义时代 · 现代主义、哈莱姆复兴与类型扩张,区域扩展阅读,T4 全球现代主义时代,R5 北美文学,M4 集体文学运动与文化政治,G3 小说,QH3 身份、身体与归属
梅尔尼波内的艾尔利克.md,R4,△,欧洲文学综合—具体内部传统待读后校准,provisional_region,T5 二战后多极文学 · 战后重建、记忆政治与后现代转型,区域扩展阅读,T5 二战后多极文学,R4 欧洲文学,M5 战后与当代美学范式,G3 小说,QT3 奇幻
梅森和迪克逊.md,R5,△,北美文学综合—具体内部传统待读后校准,provisional_region,T6 当代全球文学 · 多元身份、数字媒介与全球传播,区域扩展阅读,T6 当代全球文学,R5 北美文学,M5 战后与当代美学范式,G3 小说,QT7 历史叙事
梅赛德斯先生.md,R5,△,北美文学综合—具体内部传统待读后校准,provisional_region,T6 当代全球文学 · 多元身份、数字媒介与全球传播,区域扩展阅读,T6 当代全球文学,R5 北美文学,M5 战后与当代美学范式,G3 小说,QH3 身份、身体与归属
梅雨之夕.md,R2,△,东亚文学综合—具体内部传统待读后校准,provisional_region,T4 全球现代主义时代 · 殖民现代性、新文学与形式实验,区域扩展阅读,T4 全球现代主义时代,R2 东亚文学,M3.1 现代主义 / Modernism,G3 小说,QH5 权力、制度与秩序
梦与现实.md,R6,△,拉丁美洲与加勒比综合—具体内部传统待读后校准,provisional_region,T6 当代全球文学 · 后独裁记忆、迁徙与跨国文学重组,区域扩展阅读,T6 当代全球文学,R6 拉丁美洲与加勒比,M5 战后与当代美学范式,G3 小说,QH1 自我、存在与生命
梦之共和国.md,R6,△,拉丁美洲与加勒比综合—具体内部传统待读后校准,provisional_region,T6 当代全球文学 · 后独裁记忆、迁徙与跨国文学重组,区域扩展阅读,T6 当代全球文学,R6 拉丁美洲与加勒比,M5 战后与当代美学范式,G3 小说,QH1 自我、存在与生命
梦寻秘境卡达斯.md,R5,△,北美文学综合—具体内部传统待读后校准,provisional_region,T4 全球现代主义时代 · 现代主义、哈莱姆复兴与类型扩张,文类形成与区域典范,T4 全球现代主义时代,R5 北美文学,M3 现代主义与先锋派,G3 小说,QT3 奇幻 | QT4 恐怖与哥特
梦游之地.md,R7,△,非洲文学综合—具体内部传统待读后校准,provisional_region,T6 当代全球文学 · 后殖民批判、城市经验与全球离散,区域扩展阅读,T6 当代全球文学,R7 非洲文学,M5 战后与当代美学范式 | M5.1 战后思想与美学范式,G3 小说,QH6 战争、暴力与创伤
梦游大地.md,R7,★,葡语非洲文学传统,existing,T6 当代全球文学 · 后殖民批判、城市经验与全球离散,核心经典与传统确立,T6 当代全球文学,R7 非洲文学,M5 战后与当代美学范式,G3 小说,QH1 自我、存在与生命
梦游者.md,R4,△,欧洲文学综合—具体内部传统待读后校准,provisional_region,T4 全球现代主义时代 · 战争危机、现代主义与先锋实验,区域扩展阅读,T4 全球现代主义时代,R4 欧洲文学,M3.1 现代主义 / Modernism,G3 小说,QH1 自我、存在与生命
梦的故事.md,R4,△,欧洲文学综合—具体内部传统待读后校准,provisional_region,T4 全球现代主义时代 · 战争危机、现代主义与先锋实验,区域扩展阅读,T4 全球现代主义时代,R4 欧洲文学,M3.1 现代主义 / Modernism,G3 小说,QH1 自我、存在与生命
梦蛇.md,R5,△,北美文学综合—具体内部传统待读后校准,provisional_region,T5 二战后多极文学 · 战后反文化、族裔文学与媒介繁荣,区域扩展阅读,T5 二战后多极文学,R5 北美文学,M5 战后与当代美学范式,G3 小说,QH6 战争、暴力与创伤
梦里花落知多少.md,R2,△,东亚文学综合—具体内部传统待读后校准,provisional_region,T6 当代全球文学 · 都市经验、媒介转型与跨国传播,区域扩展阅读,T6 当代全球文学,R2 东亚文学,M5 战后与当代美学范式,G3 小说,QH2.1 爱情与欲望 | QH2.3 家庭与家族 | QH2.5 童年与成长
梦集.md,R4,△,欧洲文学综合—具体内部传统待读后校准,provisional_region,T2 早期现代文学 · 文艺复兴、宗教改革与印刷公共领域,区域扩展阅读,T2 早期现代文学,R4 欧洲文学,M1 早期现代思想与美学,G3 小说,QH4 社会、阶级与劳动 | QH1 自我、存在与生命
梨俱吠陀.md,R3,★,梵语—吠陀与古典文学传统,existing,T0 文学源头与古代文学 · 吠陀、史诗与古典语言传统奠基,核心经典与传统确立,T0 文学源头与古代文学,R3 南亚文学,,G3 小说,QT9 神话、传说与民间叙事
棋手.md,R3,◆,北印度俗语—Bhakti与印地文学传统,existing,T4 全球现代主义时代 · 反殖民、现代主义与多语文学革新,传统转型与区域扩展,T4 全球现代主义时代,R3 南亚文学,M3 现代主义与先锋派,G3 小说,QH1 自我、存在与生命
棕榈酒鬼.md,R7,◆,西非英语文学传统,existing,T5 二战后多极文学 · 独立、去殖民化与国家文学建构,文类形成与区域典范,T5 二战后多极文学,R7 非洲文学,M5 战后与当代美学范式,G3 小说,QH6 战争、暴力与创伤
森林深处.md,R4,△,欧洲文学综合—具体内部传统待读后校准,provisional_region,T6 当代全球文学 · 欧洲一体化、迁徙经验与当代重组,区域扩展阅读,T6 当代全球文学,R4 欧洲文学,M5 战后与当代美学范式,G3 小说,QT1 推理与犯罪叙事
棺椁铭文.md,R1,△,古埃及文学传统,existing,T0 文学源头与古代文学 · 古代文字、史诗与经典传统形成,区域扩展阅读,T0 文学源头与古代文学,R1 西亚—地中海古老传统,,G3 小说,QT9 神话、传说与民间叙事
椅子.md,R4,△,欧洲文学综合—具体内部传统待读后校准,provisional_region,T5 二战后多极文学 · 战后重建、记忆政治与后现代转型,区域扩展阅读,T5 二战后多极文学,R4 欧洲文学,M5.1 战后思想与美学范式,G3 小说,QH1 自我、存在与生命
楚留香：血海飘香.md,R2,△,东亚文学综合—具体内部传统待读后校准,provisional_region,T5 二战后多极文学 · 战争革命、国家文学与社会重构,区域扩展阅读,T5 二战后多极文学,R2 东亚文学,M5 战后与当代美学范式,G3 小说,QT8 英雄、边疆与法外者文化传统 | QT8.1 武侠
楚辞.md,R2,△,东亚文学综合—具体内部传统待读后校准,provisional_region,T0 文学源头与古代文学 · 古代经典、史传与诗歌传统奠基,区域扩展阅读,T0 文学源头与古代文学,R2 东亚文学,,G1 诗歌,QT9 神话、传说与民间叙事
楚辞·九歌.md,R2,△,东亚文学综合—具体内部传统待读后校准,provisional_region,T0 文学源头与古代文学 · 古代经典、史传与诗歌传统奠基,区域扩展阅读,T0 文学源头与古代文学,R2 东亚文学,,G3 小说,QT9 神话、传说与民间叙事 | QH2.1 爱情与欲望
楚辞·天问.md,R2,△,东亚文学综合—具体内部传统待读后校准,provisional_region,T0 文学源头与古代文学 · 古代经典、史传与诗歌传统奠基,区域扩展阅读,T0 文学源头与古代文学,R2 东亚文学,,G3 小说,QT9 神话、传说与民间叙事
楼兰.md,R2,△,东亚文学综合—具体内部传统待读后校准,provisional_region,T5 二战后多极文学 · 战争革命、国家文学与社会重构,区域扩展阅读,T5 二战后多极文学,R2 东亚文学,M5 战后与当代美学范式,G3 小说,QT7 历史叙事
榕树叶.md,R9,★,波利尼西亚文学传统,existing,T5 二战后多极文学 · 去殖民化、原住民复兴与太平洋意识,文类形成与区域典范,T5 二战后多极文学,R9 大洋洲与太平洋,M5 战后与当代美学范式,G3 小说,QH5 权力、制度与秩序
樅ノ木は残った.md,R2,△,东亚文学综合—具体内部传统待读后校准,provisional_region,T5 二战后多极文学 · 战争革命、国家文学与社会重构,区域扩展阅读,T5 二战后多极文学,R2 东亚文学,M5 战后与当代美学范式,G3 小说,QT8 英雄、边疆与法外者文化传统 | QT8.3 日本武士与剑豪
模仿犯.md,R2,△,东亚文学综合—具体内部传统待读后校准,provisional_region,T6 当代全球文学 · 都市经验、媒介转型与跨国传播,区域扩展阅读,T6 当代全球文学,R2 东亚文学,M5 战后与当代美学范式,G3 小说,QT1 推理与犯罪叙事
模仿者.md,R6,△,拉丁美洲与加勒比综合—具体内部传统待读后校准,provisional_region,T5 二战后多极文学 · 革命经验、文学爆炸与独裁回应,区域扩展阅读,T5 二战后多极文学,R6 拉丁美洲与加勒比,M5 战后与当代美学范式,G3 小说,QH6 战争、暴力与创伤
模糊的冒险.md,R7,★,西非法语文学传统,existing,T6 当代全球文学 · 后殖民批判、城市经验与全球离散,殖民回应与民族文学建构,T6 当代全球文学,R7 非洲文学,M5 战后与当代美学范式,G3 小说,QH3 身份、身体与归属
樱桃园.md,R4,◆,俄罗斯文学传统,existing,T6 当代全球文学 · 欧洲一体化、迁徙经验与当代重组,文类形成与区域典范,T6 当代全球文学,R4 欧洲文学,M5 战后与当代美学范式,G2 戏剧,QH5 权力、制度与秩序
橘子不是唯一的水果.md,R4,△,欧洲文学综合—具体内部传统待读后校准,provisional_region,T6 当代全球文学 · 欧洲一体化、迁徙经验与当代重组,区域扩展阅读,T6 当代全球文学,R4 欧洲文学,M5 战后与当代美学范式,G3 小说,QH2.5 童年与成长 | QH2.1 爱情与欲望
橡树之战.md,R5,△,北美文学综合—具体内部传统待读后校准,provisional_region,T6 当代全球文学 · 多元身份、数字媒介与全球传播,文类形成与区域典范,T6 当代全球文学,R5 北美文学,M5 战后与当代美学范式,G3 小说,QT3 奇幻
橡皮.md,R4,△,欧洲文学综合—具体内部传统待读后校准,provisional_region,T5 二战后多极文学 · 战后重建、记忆政治与后现代转型,区域扩展阅读,T5 二战后多极文学,R4 欧洲文学,M5.1 战后思想与美学范式,G3 小说,QH1 自我、存在与生命
檀香刑.md,R2,△,东亚文学综合—具体内部传统待读后校准,provisional_region,T6 当代全球文学 · 都市经验、媒介转型与跨国传播,区域扩展阅读,T6 当代全球文学,R2 东亚文学,M5 战后与当代美学范式,G3 小说,QT7 历史叙事
欢乐英雄.md,R2,△,东亚文学综合—具体内部传统待读后校准,provisional_region,T5 二战后多极文学 · 战争革命、国家文学与社会重构,区域扩展阅读,T5 二战后多极文学,R2 东亚文学,M5 战后与当代美学范式,G3 小说,QT8 英雄、边疆与法外者文化传统 | QT8.1 武侠
欧·亨利短篇小说选.md,R5,△,北美文学综合—具体内部传统待读后校准,provisional_region,T4 全球现代主义时代 · 现代主义、哈莱姆复兴与类型扩张,文类形成与区域典范,T4 全球现代主义时代,R5 北美文学,M3 现代主义与先锋派,G3 小说,QH2.1 爱情与欲望 | QH4 社会、阶级与劳动
欧仁·奥涅金.md,R4,★,俄罗斯文学传统,existing,T3 19世纪现代文学体系 · 浪漫主义、现实主义与民族文学体系,核心经典与传统确立,T3 19世纪现代文学体系,R4 欧洲文学,M2 19世纪文学思潮,G1 诗歌,QH2.1 爱情与欲望
欧那尼.md,R4,△,欧洲文学综合—具体内部传统待读后校准,provisional_region,T3 19世纪现代文学体系 · 浪漫主义、现实主义与民族文学体系,文类形成与区域典范,T3 19世纪现代文学体系,R4 欧洲文学,M2 19世纪文学思潮 | M2 19世纪文学思潮 / 浪漫主义,G3 小说,QT8 英雄、边疆与法外者文化传统 | QT8.4 欧洲剑客
歌与十四行诗.md,R4,△,欧洲文学综合—具体内部传统待读后校准,provisional_region,T2 早期现代文学 · 文艺复兴、宗教改革与印刷公共领域,区域扩展阅读,T2 早期现代文学,R4 欧洲文学,M1 早期现代思想与美学,G1 诗歌,QH3 身份、身体与归属 | QH2.1 爱情与欲望
歌门鬼城.md,R4,△,欧洲文学综合—具体内部传统待读后校准,provisional_region,T5 二战后多极文学 · 战后重建、记忆政治与后现代转型,区域扩展阅读,T5 二战后多极文学,R4 欧洲文学,M5 战后与当代美学范式,G3 小说,QT3 奇幻
歌集.md,R4,△,欧洲文学综合—具体内部传统待读后校准,provisional_region,T2 早期现代文学 · 文艺复兴、宗教改革与印刷公共领域,区域扩展阅读,T2 早期现代文学,R4 欧洲文学,M1 早期现代思想与美学,G3 小说,QH2.1 爱情与欲望
歌集（彼特拉克）.md,R4,★,意大利文学传统,existing,T6 当代全球文学 · 欧洲一体化、迁徙经验与当代重组,核心经典与传统确立,T6 当代全球文学,R4 欧洲文学,M5 战后与当代美学范式,G3 小说,QH5 权力、制度与秩序
歌集（海涅）.md,R4,◆,德语文学传统,existing,T6 当代全球文学 · 欧洲一体化、迁徙经验与当代重组,传统转型与区域扩展,T6 当代全球文学,R4 欧洲文学,M5 战后与当代美学范式,G3 小说,QH5 权力、制度与秩序
武器浮生录.md,R4,△,欧洲文学综合—具体内部传统待读后校准,provisional_region,T6 当代全球文学 · 欧洲一体化、迁徙经验与当代重组,区域扩展阅读,T6 当代全球文学,R4 欧洲文学,M5 战后与当代美学范式,G3 小说,QT2 科幻
武士.md,R2,△,东亚文学综合—具体内部传统待读后校准,provisional_region,T6 当代全球文学 · 都市经验、媒介转型与跨国传播,区域扩展阅读,T6 当代全球文学,R2 东亚文学,M5 战后与当代美学范式,G3 小说,QT7 历史叙事 | QT8 英雄、边疆与法外者文化传统 | QT8.3 日本武士与剑豪
武士的一分.md,R2,△,东亚文学综合—具体内部传统待读后校准,provisional_region,T5 二战后多极文学 · 战争革命、国家文学与社会重构,区域扩展阅读,T5 二战后多极文学,R2 东亚文学,M5 战后与当代美学范式,G3 小说,QT8 英雄、边疆与法外者文化传统 | QT8.3 日本武士与剑豪
武士道：日本的灵魂.md,R2,△,东亚文学综合—具体内部传统待读后校准,provisional_region,T6 当代全球文学 · 都市经验、媒介转型与跨国传播,区域扩展阅读,T6 当代全球文学,R2 东亚文学,M5 战后与当代美学范式,G3 小说,QT8 英雄、边疆与法外者文化传统 | QT8.3 日本武士与剑豪
武家义理物语.md,R2,△,东亚文学综合—具体内部传统待读后校准,provisional_region,T6 当代全球文学 · 都市经验、媒介转型与跨国传播,区域扩展阅读,T6 当代全球文学,R2 东亚文学,M5 战后与当代美学范式,G3 小说,QT8 英雄、边疆与法外者文化传统 | QT8.3 日本武士与剑豪
武州公秘话.md,R2,△,东亚文学综合—具体内部传统待读后校准,provisional_region,T4 全球现代主义时代 · 殖民现代性、新文学与形式实验,区域扩展阅读,T4 全球现代主义时代,R2 东亚文学,M3 现代主义与先锋派,G3 小说,QT8 英雄、边疆与法外者文化传统 | QT8.3 日本武士与剑豪
武田信玄.md,R2,△,东亚文学综合—具体内部传统待读后校准,provisional_region,T6 当代全球文学 · 都市经验、媒介转型与跨国传播,区域扩展阅读,T6 当代全球文学,R2 东亚文学,M5 战后与当代美学范式,G3 小说,QT8 英雄、边疆与法外者文化传统 | QT8.3 日本武士与剑豪
武道传来记.md,R2,△,东亚文学综合—具体内部传统待读后校准,provisional_region,T6 当代全球文学 · 都市经验、媒介转型与跨国传播,区域扩展阅读,T6 当代全球文学,R2 东亚文学,M5 战后与当代美学范式,G3 小说,QT8 英雄、边疆与法外者文化传统 | QT8.3 日本武士与剑豪
武道初心集.md,R2,△,东亚文学综合—具体内部传统待读后校准,provisional_region,T6 当代全球文学 · 都市经验、媒介转型与跨国传播,区域扩展阅读,T6 当代全球文学,R2 东亚文学,M5 战后与当代美学范式,G3 小说,QT8 英雄、边疆与法外者文化传统 | QT8.3 日本武士与剑豪
歪曲的枢纽.md,R5,△,北美文学综合—具体内部传统待读后校准,provisional_region,T4 全球现代主义时代 · 现代主义、哈莱姆复兴与类型扩张,区域扩展阅读,T4 全球现代主义时代,R5 北美文学,M3 现代主义与先锋派,G3 小说,QT1 推理与犯罪叙事
死亡与国王的侍从.md,R7,★,西非英语文学传统,existing,T5 二战后多极文学 · 独立、去殖民化与国家文学建构,文类形成与区域典范,T5 二战后多极文学,R7 非洲文学,M5 战后与当代美学范式,G2 戏剧,QH6 战争、暴力与创伤
死亡与快乐女人.md,R4,△,欧洲文学综合—具体内部传统待读后校准,provisional_region,T5 二战后多极文学 · 战后重建、记忆政治与后现代转型,区域扩展阅读,T5 二战后多极文学,R4 欧洲文学,M5 战后与当代美学范式,G3 小说,QH6 战争、暴力与创伤
死亡与生命，塞韦里诺.md,R6,△,拉丁美洲与加勒比综合—具体内部传统待读后校准,provisional_region,T6 当代全球文学 · 后独裁记忆、迁徙与跨国文学重组,区域扩展阅读,T6 当代全球文学,R6 拉丁美洲与加勒比,M5 战后与当代美学范式,G3 小说,QH5 权力、制度与秩序
死亡叙述.md,R2,△,东亚文学综合—具体内部传统待读后校准,provisional_region,T6 当代全球文学 · 都市经验、媒介转型与跨国传播,区域扩展阅读,T6 当代全球文学,R2 东亚文学,M5 战后与当代美学范式,G3 小说,QH1 自我、存在与生命 | QH6 战争、暴力与创伤
死亡地带.md,R5,△,北美文学综合—具体内部传统待读后校准,provisional_region,T5 二战后多极文学 · 战后反文化、族裔文学与媒介繁荣,区域扩展阅读,T5 二战后多极文学,R5 北美文学,M5 战后与当代美学范式,G3 小说,QT4 恐怖与哥特
死人躺下.md,R9,△,大洋洲与太平洋综合—具体内部传统待读后校准,provisional_region,T4 全球现代主义时代 · 战争经验、现代主义与区域认同,区域扩展阅读,T4 全球现代主义时代,R9 大洋洲与太平洋,M3 现代主义与先锋派,G3 小说,QT1 推理与犯罪叙事
死神学徒.md,R4,△,欧洲文学综合—具体内部传统待读后校准,provisional_region,T6 当代全球文学 · 欧洲一体化、迁徙经验与当代重组,文类形成与区域典范,T6 当代全球文学,R4 欧洲文学,M5 战后与当代美学范式,G3 小说,QT3 奇幻
死神永生.md,R2,△,东亚文学综合—具体内部传统待读后校准,provisional_region,T6 当代全球文学 · 都市经验、媒介转型与跨国传播,区域扩展阅读,T6 当代全球文学,R2 东亚文学,M5 战后与当代美学范式,G3 小说,QT2 科幻
死者代言人.md,R5,△,北美文学综合—具体内部传统待读后校准,provisional_region,T6 当代全球文学 · 多元身份、数字媒介与全球传播,区域扩展阅读,T6 当代全球文学,R5 北美文学,M5 战后与当代美学范式,G3 小说,QT2 科幻
死魂灵.md,R4,★,俄罗斯文学传统,existing,T3 19世纪现代文学体系 · 浪漫主义、现实主义与民族文学体系,文类形成与区域典范,T3 19世纪现代文学体系,R4 欧洲文学,M2 19世纪文学思潮 | M2 19世纪文学思潮 / 现实主义,G3 小说,QH4 社会、阶级与劳动
毁灭.md,R2,△,东亚文学综合—具体内部传统待读后校准,provisional_region,T4 全球现代主义时代 · 殖民现代性、新文学与形式实验,区域扩展阅读,T4 全球现代主义时代,R2 东亚文学,M4 集体文学运动与文化政治,G3 小说,QH5 权力、制度与秩序
母亲的快乐.md,R7,△,非洲文学综合—具体内部传统待读后校准,provisional_region,T5 二战后多极文学 · 独立、去殖民化与国家文学建构,区域扩展阅读,T5 二战后多极文学,R7 非洲文学,M5 战后与当代美学范式,G3 小说,QH2.3 家庭与家族
母狗.md,R6,△,拉丁美洲与加勒比综合—具体内部传统待读后校准,provisional_region,T6 当代全球文学 · 后独裁记忆、迁徙与跨国文学重组,区域扩展阅读,T6 当代全球文学,R6 拉丁美洲与加勒比,M5 战后与当代美学范式,G3 小说,QH5 权力、制度与秩序
母语者.md,R5,◆,亚裔美国文学传统,existing,T6 当代全球文学 · 多元身份、数字媒介与全球传播,传统转型与区域扩展,T6 当代全球文学,R5 北美文学,M5 战后与当代美学范式,G3 小说,QH3 身份、身体与归属
毒巧克力命案.md,R4,△,欧洲文学综合—具体内部传统待读后校准,provisional_region,T4 全球现代主义时代 · 战争危机、现代主义与先锋实验,区域扩展阅读,T4 全球现代主义时代,R4 欧洲文学,M3 现代主义与先锋派,G3 小说,QT1 推理与犯罪叙事
毒木圣经.md,R5,△,北美文学综合—具体内部传统待读后校准,provisional_region,T6 当代全球文学 · 多元身份、数字媒介与全球传播,区域扩展阅读,T6 当代全球文学,R5 北美文学,M5 战后与当代美学范式 | M5.2 权力、身份与世界批评,G3 小说,QT5 冒险与探索叙事 | QH2.3 家庭与家族
比利时的悲哀.md,R4,◆,低地国家文学传统,existing,T6 当代全球文学 · 欧洲一体化、迁徙经验与当代重组,文类形成与区域典范,T6 当代全球文学,R4 欧洲文学,M5 战后与当代美学范式,G3 小说,QH5 权力、制度与秩序
比林斯盖浅滩.md,R5,△,北美文学综合—具体内部传统待读后校准,provisional_region,T6 当代全球文学 · 多元身份、数字媒介与全球传播,区域扩展阅读,T6 当代全球文学,R5 北美文学,M5 战后与当代美学范式,G3 小说,QH3 身份、身体与归属
毕司沃斯先生的房子.md,R6,△,拉丁美洲与加勒比综合—具体内部传统待读后校准,provisional_region,T5 二战后多极文学 · 革命经验、文学爆炸与独裁回应,区域扩展阅读,T5 二战后多极文学,R6 拉丁美洲与加勒比,M5 战后与当代美学范式,G3 小说,QH6 战争、暴力与创伤
毗湿奴往世书.md,R3,△,梵语—吠陀与古典文学传统,author_model,T0 文学源头与古代文学 · 吠陀、史诗与古典语言传统奠基,区域扩展阅读,T0 文学源头与古代文学,R3 南亚文学,,G3 小说,QT9 神话、传说与民间叙事
毛猿.md,R5,△,北美文学综合—具体内部传统待读后校准,provisional_region,T4 全球现代主义时代 · 现代主义、哈莱姆复兴与类型扩张,区域扩展阅读,T4 全球现代主义时代,R5 北美文学,M3.1 现代主义 / Modernism,G2 戏剧,QH1 自我、存在与生命
水之乡.md,R4,△,欧洲文学综合—具体内部传统待读后校准,provisional_region,T6 当代全球文学 · 欧洲一体化、迁徙经验与当代重组,区域扩展阅读,T6 当代全球文学,R4 欧洲文学,M5 战后与当代美学范式,G3 小说,QT7 历史叙事
水刀子.md,R5,△,北美文学综合—具体内部传统待读后校准,provisional_region,T6 当代全球文学 · 多元身份、数字媒介与全球传播,区域扩展阅读,T6 当代全球文学,R5 北美文学,M5 战后与当代美学范式,G3 小说,QT6 乌托邦、反乌托邦与社会想象
水族馆之谜.md,R2,△,东亚文学综合—具体内部传统待读后校准,provisional_region,T6 当代全球文学 · 都市经验、媒介转型与跨国传播,区域扩展阅读,T6 当代全球文学,R2 东亚文学,M5 战后与当代美学范式,G3 小说,QT1 推理与犯罪叙事
水晶洞.md,R4,△,欧洲文学综合—具体内部传统待读后校准,provisional_region,T5 二战后多极文学 · 战后重建、记忆政治与后现代转型,文类形成与区域典范,T5 二战后多极文学,R4 欧洲文学,M5 战后与当代美学范式,G3 小说,QT3 奇幻
水泥金发女郎.md,R5,△,北美文学综合—具体内部传统待读后校准,provisional_region,T6 当代全球文学 · 多元身份、数字媒介与全球传播,区域扩展阅读,T6 当代全球文学,R5 北美文学,M5 战后与当代美学范式,G3 小说,QT1 推理与犯罪叙事
水浒传.md,R2,△,东亚文学综合—具体内部传统待读后校准,provisional_region,T2 早期现代文学 · 印刷扩展、通俗文类与文人传统成熟,区域扩展阅读,T2 早期现代文学,R2 东亚文学,M1 早期现代思想与美学,G3 小说,QT7 历史叙事 | QT8.1 武侠 | QT8.7 侠盗 | QH5 权力、制度与秩序
水浒后传.md,R2,△,东亚文学综合—具体内部传统待读后校准,provisional_region,T2 早期现代文学 · 印刷扩展、通俗文类与文人传统成熟,区域扩展阅读,T2 早期现代文学,R2 东亚文学,M1 早期现代思想与美学,G3 小说,QT8 英雄、边疆与法外者文化传统 | QT8.7 侠盗
水车馆事件.md,R2,△,东亚文学综合—具体内部传统待读后校准,provisional_region,T6 当代全球文学 · 都市经验、媒介转型与跨国传播,区域扩展阅读,T6 当代全球文学,R2 东亚文学,M5 战后与当代美学范式,G3 小说,QT1 推理与犯罪叙事
水镜.md,R6,△,拉丁美洲与加勒比综合—具体内部传统待读后校准,provisional_region,T4 全球现代主义时代 · Modernismo、先锋派与本土现代性,区域扩展阅读,T4 全球现代主义时代,R6 拉丁美洲与加勒比,M3.2 先锋派,G3 小说,QH1 自我、存在与生命
永世.md,R5,△,北美文学综合—具体内部传统待读后校准,provisional_region,T6 当代全球文学 · 多元身份、数字媒介与全球传播,区域扩展阅读,T6 当代全球文学,R5 北美文学,M5 战后与当代美学范式,G3 小说,QT2 科幻
永久和平.md,R5,△,北美文学综合—具体内部传统待读后校准,provisional_region,T6 当代全球文学 · 多元身份、数字媒介与全球传播,区域扩展阅读,T6 当代全球文学,R5 北美文学,M5 战后与当代美学范式,G3 小说,QH3 身份、身体与归属
永别了，武器.md,R5,△,北美文学综合—具体内部传统待读后校准,provisional_region,T4 全球现代主义时代 · 现代主义、哈莱姆复兴与类型扩张,区域扩展阅读,T4 全球现代主义时代,R5 北美文学,M3 现代主义与先锋派,G3 小说,QT7 历史叙事 | QH2.1 爱情与欲望 | QH6 战争、暴力与创伤
永恒之王.md,R4,△,欧洲文学综合—具体内部传统待读后校准,provisional_region,T6 当代全球文学 · 欧洲一体化、迁徙经验与当代重组,区域扩展阅读,T6 当代全球文学,R4 欧洲文学,M5 战后与当代美学范式,G3 小说,QT3 奇幻 | QT8 英雄、边疆与法外者文化传统 | QT8.2 欧洲骑士
永恒的终结.md,R5,△,北美文学综合—具体内部传统待读后校准,provisional_region,T5 二战后多极文学 · 战后反文化、族裔文学与媒介繁荣,区域扩展阅读,T5 二战后多极文学,R5 北美文学,M5 战后与当代美学范式,G3 小说,QT2 科幻
永恒者.md,R6,△,拉丁美洲与加勒比综合—具体内部传统待读后校准,provisional_region,T6 当代全球文学 · 后独裁记忆、迁徙与跨国文学重组,区域扩展阅读,T6 当代全球文学,R6 拉丁美洲与加勒比,M5 战后与当代美学范式,G3 小说,QT2 科幻
永远的战争.md,R5,△,北美文学综合—具体内部传统待读后校准,provisional_region,T5 二战后多极文学 · 战后反文化、族裔文学与媒介繁荣,区域扩展阅读,T5 二战后多极文学,R5 北美文学,M5 战后与当代美学范式,G3 小说,QT2 科幻
汉堡剧评.md,R4,△,欧洲文学综合—具体内部传统待读后校准,provisional_region,T2 早期现代文学 · 文艺复兴、宗教改革与印刷公共领域,区域扩展阅读,T2 早期现代文学,R4 欧洲文学,M1 早期现代思想与美学,G2 戏剧,QH5 权力、制度与秩序
江南三部曲.md,R2,△,东亚文学综合—具体内部传统待读后校准,provisional_region,T6 当代全球文学 · 都市经验、媒介转型与跨国传播,区域扩展阅读,T6 当代全球文学,R2 东亚文学,M5 战后与当代美学范式,G3 小说,QH6 战争、暴力与创伤
江湖夜雨十年灯.md,R2,△,东亚文学综合—具体内部传统待读后校准,provisional_region,T5 二战后多极文学 · 战争革命、国家文学与社会重构,区域扩展阅读,T5 二战后多极文学,R2 东亚文学,M5 战后与当代美学范式,G3 小说,QT8 英雄、边疆与法外者文化传统 | QT8.1 武侠
江湖奇侠传.md,R2,△,东亚文学综合—具体内部传统待读后校准,provisional_region,T6 当代全球文学 · 都市经验、媒介转型与跨国传播,区域扩展阅读,T6 当代全球文学,R2 东亚文学,M5 战后与当代美学范式,G3 小说,QT8 英雄、边疆与法外者文化传统 | QT8.1 武侠
汤姆·琼斯.md,R4,△,欧洲文学综合—具体内部传统待读后校准,provisional_region,T2 早期现代文学 · 文艺复兴、宗教改革与印刷公共领域,区域扩展阅读,T2 早期现代文学,R4 欧洲文学,M1 早期现代思想与美学,G3 小说,QH2.5 童年与成长
汤姆·索亚历险记.md,R5,△,十九世纪—现代美国文学传统,author_model,T3 19世纪现代文学体系 · 国家文学、奴隶制回应与大众出版,区域扩展阅读,T3 19世纪现代文学体系,R5 北美文学,M2 19世纪文学思潮,G3 小说,QT5 冒险与探索叙事
汤姆ás·里维拉作品集.md,R5,◆,拉美裔—奇卡诺美国文学传统,existing,T6 当代全球文学 · 多元身份、数字媒介与全球传播,传统转型与区域扩展,T6 当代全球文学,R5 北美文学,M5 战后与当代美学范式,G3 小说,QH3 身份、身体与归属
汤姆叔叔的小屋.md,R5,△,北美文学综合—具体内部传统待读后校准,provisional_region,T3 19世纪现代文学体系 · 国家文学、奴隶制回应与大众出版,区域扩展阅读,T3 19世纪现代文学体系,R5 北美文学,M2 19世纪文学思潮,G3 小说,QH4 社会、阶级与劳动 | QH5 权力、制度与秩序
汽油.md,R5,△,北美文学综合—具体内部传统待读后校准,provisional_region,T5 二战后多极文学 · 战后反文化、族裔文学与媒介繁荣,区域扩展阅读,T5 二战后多极文学,R5 北美文学,M4 集体文学运动与文化政治,G1 诗歌,QH4 社会、阶级与劳动
沃尔松格萨迦.md,R4,△,伊比利亚文学传统,author_model,T1 中古多中心文学世界 · 基督教、宫廷与俗语文学形成,区域扩展阅读,T1 中古多中心文学世界,R4 欧洲文学,,G3 小说,QT3 奇幻 | QT9 神话、传说与民间叙事
沃尔游戏.md,R5,△,北美文学综合—具体内部传统待读后校准,provisional_region,T6 当代全球文学 · 多元身份、数字媒介与全球传播,区域扩展阅读,T6 当代全球文学,R5 北美文学,M5 战后与当代美学范式,G3 小说,QH3 身份、身体与归属
沃斯.md,R9,★,澳大利亚殖民—国家文学传统,existing,T5 二战后多极文学 · 去殖民化、原住民复兴与太平洋意识,殖民回应与民族文学建构,T5 二战后多极文学,R9 大洋洲与太平洋,M5 战后与当代美学范式,G3 小说,QH5 权力、制度与秩序
沉睡谷传奇.md,R5,△,北美文学综合—具体内部传统待读后校准,provisional_region,T3 19世纪现代文学体系 · 国家文学、奴隶制回应与大众出版,区域扩展阅读,T3 19世纪现代文学体系,R5 北美文学,M2 19世纪文学思潮,G3 小说,QT4 恐怖与哥特
沉重的翅膀.md,R2,△,东亚文学综合—具体内部传统待读后校准,provisional_region,T6 当代全球文学 · 都市经验、媒介转型与跨国传播,区域扩展阅读,T6 当代全球文学,R2 东亚文学,M5 战后与当代美学范式,G3 小说,QH6 战争、暴力与创伤
沉静的美国人.md,R4,△,欧洲文学综合—具体内部传统待读后校准,provisional_region,T5 二战后多极文学 · 战后重建、记忆政治与后现代转型,殖民回应与民族文学建构,T5 二战后多极文学,R4 欧洲文学,M5 战后与当代美学范式,G3 小说,QH6 战争、暴力与创伤
沉默.md,R2,△,东亚文学综合—具体内部传统待读后校准,provisional_region,T5 二战后多极文学 · 战争革命、国家文学与社会重构,区域扩展阅读,T5 二战后多极文学,R2 东亚文学,M5 战后与当代美学范式,G3 小说,QT7 历史叙事 | QT8 英雄、边疆与法外者文化传统 | QT8.3 日本武士与剑豪
沉默的羔羊.md,R5,△,北美文学综合—具体内部传统待读后校准,provisional_region,T6 当代全球文学 · 多元身份、数字媒介与全球传播,区域扩展阅读,T6 当代全球文学,R5 北美文学,M5 战后与当代美学范式,G3 小说,QT1 推理与犯罪叙事
沙丘.md,R5,△,北美文学综合—具体内部传统待读后校准,provisional_region,T5 二战后多极文学 · 战后反文化、族裔文学与媒介繁荣,区域扩展阅读,T5 二战后多极文学,R5 北美文学,M5 战后与当代美学范式,G3 小说,QT2 科幻
沙丽娜.md,R8,★,马来—Jawi文学传统,existing,T6 当代全球文学 · 城市化、跨语写作与东南亚离散,文类形成与区域典范,T6 当代全球文学,R8 东南亚文学,M5 战后与当代美学范式,G3 小说,QH5 权力、制度与秩序
沙人.md,R4,◆,德语文学传统,existing,T3 19世纪现代文学体系 · 浪漫主义、现实主义与民族文学体系,传统转型与区域扩展,T3 19世纪现代文学体系,R4 欧洲文学,M2 19世纪文学思潮 | M2 19世纪文学思潮 / 浪漫主义,G3 小说,QT4 恐怖与哥特
沙恭达罗.md,R3,★,梵语—吠陀与古典文学传统,existing,T0 文学源头与古代文学 · 吠陀、史诗与古典语言传统奠基,文类形成与区域典范,T0 文学源头与古代文学,R3 南亚文学,,G2 戏剧,QH2.1 爱情与欲望
沙滩船长.md,R6,△,拉丁美洲与加勒比综合—具体内部传统待读后校准,provisional_region,T4 全球现代主义时代 · Modernismo、先锋派与本土现代性,区域扩展阅读,T4 全球现代主义时代,R6 拉丁美洲与加勒比,M5 战后与当代美学范式,G3 小说,QH2.5 童年与成长
沙阿·阿卜杜勒·拉蒂夫诗选.md,R3,◆,旁遮普—信德与西北文学传统,existing,T6 当代全球文学 · 全球南亚、英语写作与地方传统重组,传统转型与区域扩展,T6 当代全球文学,R3 南亚文学,M5 战后与当代美学范式,G1 诗歌,QH5 权力、制度与秩序
没有个性的人.md,R4,△,欧洲文学综合—具体内部传统待读后校准,provisional_region,T4 全球现代主义时代 · 战争危机、现代主义与先锋实验,区域扩展阅读,T4 全球现代主义时代,R4 欧洲文学,M3.1 现代主义 / Modernism,G3 小说,QH1 自我、存在与生命
没有人会看见我哭泣.md,R6,△,拉丁美洲与加勒比综合—具体内部传统待读后校准,provisional_region,T6 当代全球文学 · 后独裁记忆、迁徙与跨国文学重组,区域扩展阅读,T6 当代全球文学,R6 拉丁美洲与加勒比,M5 战后与当代美学范式,G3 小说,QH5 权力、制度与秩序
没有人给他写信的上校.md,R6,△,拉丁美洲与加勒比综合—具体内部传统待读后校准,provisional_region,T5 二战后多极文学 · 革命经验、文学爆炸与独裁回应,区域扩展阅读,T5 二战后多极文学,R6 拉丁美洲与加勒比,M5 战后与当代美学范式,G3 小说,QH1 自我、存在与生命 | QH5 权力、制度与秩序
没有墓碑的亡者.md,R6,◆,海地—法语与克里奥尔加勒比传统,existing,T6 当代全球文学 · 后独裁记忆、迁徙与跨国文学重组,离散迁徙与跨区域连接,T6 当代全球文学,R6 拉丁美洲与加勒比,M5 战后与当代美学范式,G3 小说,QH3 身份、身体与归属
没有巢的鸟.md,R6,◆,安第斯文学传统,existing,T6 当代全球文学 · 后独裁记忆、迁徙与跨国文学重组,传统转型与区域扩展,T6 当代全球文学,R6 拉丁美洲与加勒比,M5 战后与当代美学范式,G3 小说,QH5 权力、制度与秩序
没有界限的地方.md,R6,△,拉丁美洲与加勒比综合—具体内部传统待读后校准,provisional_region,T5 二战后多极文学 · 革命经验、文学爆炸与独裁回应,区域扩展阅读,T5 二战后多极文学,R6 拉丁美洲与加勒比,M5 战后与当代美学范式,G3 小说,QH5 权力、制度与秩序
沧浪之水.md,R2,△,东亚文学综合—具体内部传统待读后校准,provisional_region,T6 当代全球文学 · 都市经验、媒介转型与跨国传播,区域扩展阅读,T6 当代全球文学,R2 东亚文学,M5 战后与当代美学范式,G3 小说,QH2.5 童年与成长 | QH4 社会、阶级与劳动 | QH5 权力、制度与秩序
沧海.md,R2,△,东亚文学综合—具体内部传统待读后校准,provisional_region,T6 当代全球文学 · 都市经验、媒介转型与跨国传播,区域扩展阅读,T6 当代全球文学,R2 东亚文学,M5 战后与当代美学范式,G3 小说,QT8 英雄、边疆与法外者文化传统 | QT8.1 武侠
河湾.md,R6,△,拉丁美洲与加勒比综合—具体内部传统待读后校准,provisional_region,T5 二战后多极文学 · 革命经验、文学爆炸与独裁回应,区域扩展阅读,T5 二战后多极文学,R6 拉丁美洲与加勒比,M4 集体文学运动与文化政治 | M5.2 权力、身份与世界批评,G6 纪实与文学非虚构,QH7 历史、记忆与时间 | QH3 身份、身体与归属
河边的错误.md,R2,△,东亚文学综合—具体内部传统待读后校准,provisional_region,T6 当代全球文学 · 都市经验、媒介转型与跨国传播,区域扩展阅读,T6 当代全球文学,R2 东亚文学,M5 战后与当代美学范式,G3 小说,QT1 推理与犯罪叙事 | QH1 自我、存在与生命 | QH5 权力、制度与秩序
泄密的心.md,R5,△,北美文学综合—具体内部传统待读后校准,provisional_region,T3 19世纪现代文学体系 · 国家文学、奴隶制回应与大众出版,区域扩展阅读,T3 19世纪现代文学体系,R5 北美文学,M2 19世纪文学思潮,G3 小说,QT4 恐怖与哥特
法兰柴思事件.md,R4,△,欧洲文学综合—具体内部传统待读后校准,provisional_region,T5 二战后多极文学 · 战后重建、记忆政治与后现代转型,区域扩展阅读,T5 二战后多极文学,R4 欧洲文学,M5 战后与当代美学范式,G3 小说,QT1 推理与犯罪叙事
法句经.md,R3,★,巴利—普拉克里特与佛教耆那文学传统,existing,T6 当代全球文学 · 全球南亚、英语写作与地方传统重组,核心经典与传统确立,T6 当代全球文学,R3 南亚文学,M5 战后与当代美学范式,G3 小说,QH5 权力、制度与秩序
法国中尉的女人.md,R4,△,欧洲文学综合—具体内部传统待读后校准,provisional_region,T5 二战后多极文学 · 战后重建、记忆政治与后现代转型,区域扩展阅读,T5 二战后多极文学,R4 欧洲文学,M5 战后与当代美学范式 | M5.1 战后思想与美学范式,G3 小说,QT7 历史叙事
法官和他的刽子手.md,R4,△,欧洲文学综合—具体内部传统待读后校准,provisional_region,T5 二战后多极文学 · 战后重建、记忆政治与后现代转型,区域扩展阅读,T5 二战后多极文学,R4 欧洲文学,M5 战后与当代美学范式,G3 小说,QT1 推理与犯罪叙事
法昆多.md,R6,★,南锥体—拉普拉塔文学传统,existing,T3 19世纪现代文学体系 · 独立建国、浪漫主义与国家文学,核心经典与传统确立,T3 19世纪现代文学体系,R6 拉丁美洲与加勒比,M2 19世纪文学思潮,G6 纪实与文学非虚构 | G3 小说,QH5 权力、制度与秩序 | QT8 英雄、边疆与法外者文化传统 | QT8.6 Gaucho
波希米亚之光.md,R4,△,欧洲文学综合—具体内部传统待读后校准,provisional_region,T4 全球现代主义时代 · 战争危机、现代主义与先锋实验,区域扩展阅读,T4 全球现代主义时代,R4 欧洲文学,M3.1 现代主义 / Modernism,G2 戏剧,QH1 自我、存在与生命
波斯人信札.md,R4,△,欧洲文学综合—具体内部传统待读后校准,provisional_region,T2 早期现代文学 · 文艺复兴、宗教改革与印刷公共领域,区域扩展阅读,T2 早期现代文学,R4 欧洲文学,M1 早期现代思想与美学,G5 生命书写,QH5 权力、制度与秩序
波斯少年.md,R4,△,欧洲文学综合—具体内部传统待读后校准,provisional_region,T5 二战后多极文学 · 战后重建、记忆政治与后现代转型,区域扩展阅读,T5 二战后多极文学,R4 欧洲文学,M5 战后与当代美学范式,G3 小说,QT7 历史叙事
波波尔·乌.md,R6,★,前哥伦布—原住民文学传统,existing,T2 早期现代文学 · 殖民编年、巴洛克与混合文化形成,核心经典与传统确立,T2 早期现代文学,R6 拉丁美洲与加勒比,M1 早期现代思想与美学,G4 散文与随笔,QT9 神话、传说与民间叙事
波特诺伊的怨诉.md,R5,◆,犹太裔美国文学传统,existing,T6 当代全球文学 · 多元身份、数字媒介与全球传播,传统转型与区域扩展,T6 当代全球文学,R5 北美文学,M5 战后与当代美学范式,G3 小说,QH5 权力、制度与秩序
波特诺伊的怨诉.md,R10,★,犹太离散—意第绪与跨语文学传统,existing,T6 当代全球文学 · 全球迁徙、数字传播与跨语文学网络,离散迁徙与跨区域连接,T6 当代全球文学,R5 北美文学,M5 战后与当代美学范式,G3 小说,QH5 权力、制度与秩序
波蒂基.md,R9,★,毛利文学传统,existing,T6 当代全球文学 · 生态危机、移民社会与跨太平洋传播,核心经典与传统确立,T6 当代全球文学,R9 大洋洲与太平洋,M5 战后与当代美学范式,G3 小说,QH3 身份、身体与归属
泰特斯·格罗恩.md,R4,△,欧洲文学综合—具体内部传统待读后校准,provisional_region,T5 二战后多极文学 · 战后重建、记忆政治与后现代转型,区域扩展阅读,T5 二战后多极文学,R4 欧洲文学,M5 战后与当代美学范式,G3 小说,QT3 奇幻
泰蕾丝·拉甘.md,R4,△,欧洲文学综合—具体内部传统待读后校准,provisional_region,T3 19世纪现代文学体系 · 浪漫主义、现实主义与民族文学体系,区域扩展阅读,T3 19世纪现代文学体系,R4 欧洲文学,M2 19世纪文学思潮 / 自然主义 | M2 19世纪文学思潮,G3 小说,QH4 社会、阶级与劳动
泽诺的意识.md,R4,△,欧洲文学综合—具体内部传统待读后校准,provisional_region,T4 全球现代主义时代 · 战争危机、现代主义与先锋实验,区域扩展阅读,T4 全球现代主义时代,R4 欧洲文学,M3.1 现代主义 / Modernism,G3 小说,QH1 自我、存在与生命
洛丽塔.md,R5,△,北美文学综合—具体内部传统待读后校准,provisional_region,T5 二战后多极文学 · 战后反文化、族裔文学与媒介繁荣,文类形成与区域典范,T5 二战后多极文学,R5 北美文学,M5 战后与当代美学范式,G3 小说,QH6 战争、暴力与创伤
洛丽塔.md,R10,★,跨语言—自译与语言转换文学传统,existing,T5 二战后多极文学 · 去殖民化、离散共同体与世界文学重组,离散迁徙与跨区域连接,T5 二战后多极文学,R5 北美文学,M5 战后与当代美学范式,G3 小说,QH6 战争、暴力与创伤
洛城机密.md,R5,△,北美文学综合—具体内部传统待读后校准,provisional_region,T6 当代全球文学 · 多元身份、数字媒介与全球传播,区域扩展阅读,T6 当代全球文学,R5 北美文学,M5 战后与当代美学范式,G3 小说,QT1 推理与犯罪叙事
洛基斯.md,R4,△,欧洲文学综合—具体内部传统待读后校准,provisional_region,T3 19世纪现代文学体系 · 浪漫主义、现实主义与民族文学体系,区域扩展阅读,T3 19世纪现代文学体系,R4 欧洲文学,M2 19世纪文学思潮,G3 小说,QT4 恐怖与哥特
洛基的争吵.md,R4,△,伊比利亚文学传统,author_model,T1 中古多中心文学世界 · 基督教、宫廷与俗语文学形成,区域扩展阅读,T1 中古多中心文学世界,R4 欧洲文学,,G3 小说,QT9 神话、传说与民间叙事
洛斯奇尔的提琴.md,R4,△,欧洲文学综合—具体内部传统待读后校准,provisional_region,T3 19世纪现代文学体系 · 浪漫主义、现实主义与民族文学体系,区域扩展阅读,T3 19世纪现代文学体系,R4 欧洲文学,M2 19世纪文学思潮,G3 小说,QH4 社会、阶级与劳动
洛阳女儿行.md,R2,△,东亚文学综合—具体内部传统待读后校准,provisional_region,T6 当代全球文学 · 都市经验、媒介转型与跨国传播,区域扩展阅读,T6 当代全球文学,R2 东亚文学,M5 战后与当代美学范式,G3 小说,QT8 英雄、边疆与法外者文化传统 | QT8.1 武侠
洞中人.md,R3,△,南亚文学综合—具体内部传统待读后校准,provisional_region,T4 全球现代主义时代 · 反殖民、现代主义与多语文学革新,区域扩展阅读,T4 全球现代主义时代,R3 南亚文学,M3.1 现代主义 / Modernism,G3 小说,QH3 身份、身体与归属 | QH1 自我、存在与生命
洪吉童传.md,R2,★,朝鲜半岛文学传统,existing,T6 当代全球文学 · 都市经验、媒介转型与跨国传播,文类形成与区域典范,T6 当代全球文学,R2 东亚文学,M5 战后与当代美学范式,G3 小说,QH4 社会、阶级与劳动
洪堡的礼物.md,R5,△,北美文学综合—具体内部传统待读后校准,provisional_region,T5 二战后多极文学 · 战后反文化、族裔文学与媒介繁荣,区域扩展阅读,T5 二战后多极文学,R5 北美文学,M5 战后与当代美学范式,G3 小说,QH6 战争、暴力与创伤
洪水之年.md,R5,△,英语加拿大文学传统,author_model,T6 当代全球文学 · 多元身份、数字媒介与全球传播,区域扩展阅读,T6 当代全球文学,R5 北美文学,M5 战后与当代美学范式 | M5.2 权力、身份与世界批评,G3 小说,QT6 乌托邦、反乌托邦与社会想象
洪流.md,R4,△,中欧文学传统,author_model,T3 19世纪现代文学体系 · 浪漫主义、现实主义与民族文学体系,源头与经典奠基,T3 19世纪现代文学体系,R4 欧洲文学,M2 19世纪文学思潮,G3 小说,QT7 历史叙事 | QT8 英雄、边疆与法外者文化传统 | QT8.4 欧洲剑客
活着.md,R2,△,东亚文学综合—具体内部传统待读后校准,provisional_region,T6 当代全球文学 · 都市经验、媒介转型与跨国传播,区域扩展阅读,T6 当代全球文学,R2 东亚文学,M5 战后与当代美学范式,G3 小说,QH2.3 家庭与家族 | QH7 历史、记忆与时间
流沙.md,R5,△,北美文学综合—具体内部传统待读后校准,provisional_region,T4 全球现代主义时代 · 现代主义、哈莱姆复兴与类型扩张,区域扩展阅读,T4 全球现代主义时代,R5 北美文学,M4 集体文学运动与文化政治,G3 小说,QH3 身份、身体与归属 | QH1 自我、存在与生命
流浪地球.md,R2,△,东亚文学综合—具体内部传统待读后校准,provisional_region,T6 当代全球文学 · 都市经验、媒介转型与跨国传播,区域扩展阅读,T6 当代全球文学,R2 东亚文学,M5 战后与当代美学范式,G3 小说,QT2 科幻
流浪者.md,R5,△,北美文学综合—具体内部传统待读后校准,provisional_region,T5 二战后多极文学 · 战后反文化、族裔文学与媒介繁荣,区域扩展阅读,T5 二战后多极文学,R5 北美文学,M5 战后与当代美学范式,G3 小说,QH6 战争、暴力与创伤
流浪苍穹.md,R2,△,东亚文学综合—具体内部传统待读后校准,provisional_region,T6 当代全球文学 · 都市经验、媒介转型与跨国传播,区域扩展阅读,T6 当代全球文学,R2 东亚文学,M5 战后与当代美学范式,G3 小说,QT2 科幻
浅草红团.md,R2,△,东亚文学综合—具体内部传统待读后校准,provisional_region,T4 全球现代主义时代 · 殖民现代性、新文学与形式实验,区域扩展阅读,T4 全球现代主义时代,R2 东亚文学,M3.1 现代主义 / Modernism,G3 小说,QH5 权力、制度与秩序
浮云.md,R2,△,东亚文学综合—具体内部传统待读后校准,provisional_region,T3 19世纪现代文学体系 · 晚期传统、翻译输入与现代转折,区域扩展阅读,T3 19世纪现代文学体系,R2 东亚文学,M2 19世纪文学思潮 | M2 19世纪文学思潮 / 现实主义,G3 小说,QH1 自我、存在与生命 | QH4 社会、阶级与劳动
浮士德.md,R4,★,德语文学传统,existing,T3 19世纪现代文学体系 · 浪漫主义、现实主义与民族文学体系,核心经典与传统确立,T3 19世纪现代文学体系,R4 欧洲文学,M1 早期现代思想与美学 | M2 19世纪文学思潮 / 浪漫主义 | M2 19世纪文学思潮,G1 诗歌,QH4 社会、阶级与劳动
浮士德博士.md,R4,△,欧洲文学综合—具体内部传统待读后校准,provisional_region,T2 早期现代文学 · 文艺复兴、宗教改革与印刷公共领域,区域扩展阅读,T2 早期现代文学,R4 欧洲文学,M1 早期现代思想与美学,G2 戏剧,QH5 权力、制度与秩序 | QH2.1 爱情与欲望
浮现.md,R5,◆,英语加拿大文学传统,existing,T5 二战后多极文学 · 战后反文化、族裔文学与媒介繁荣,传统转型与区域扩展,T5 二战后多极文学,R5 北美文学,M5 战后与当代美学范式,G3 小说,QH6 战争、暴力与创伤
浮生六记.md,R2,△,东亚文学综合—具体内部传统待读后校准,provisional_region,T2 早期现代文学 · 印刷扩展、通俗文类与文人传统成熟,区域扩展阅读,T2 早期现代文学,R2 东亚文学,M1 早期现代思想与美学,G5 生命书写,QH2.1 爱情与欲望 | QH7 历史、记忆与时间
海与毒药.md,R2,△,东亚文学综合—具体内部传统待读后校准,provisional_region,T5 二战后多极文学 · 战争革命、国家文学与社会重构,区域扩展阅读,T5 二战后多极文学,R2 东亚文学,M5 战后与当代美学范式,G3 小说,QT7 历史叙事
海伯利安.md,R5,△,北美文学综合—具体内部传统待读后校准,provisional_region,T6 当代全球文学 · 多元身份、数字媒介与全球传播,区域扩展阅读,T6 当代全球文学,R5 北美文学,M5 战后与当代美学范式,G3 小说,QT2 科幻
海伯利安的陨落.md,R5,△,北美文学综合—具体内部传统待读后校准,provisional_region,T6 当代全球文学 · 多元身份、数字媒介与全球传播,区域扩展阅读,T6 当代全球文学,R5 北美文学,M5 战后与当代美学范式,G3 小说,QT2 科幻
海园.md,R4,△,欧洲文学综合—具体内部传统待读后校准,provisional_region,T4 全球现代主义时代 · 战争危机、现代主义与先锋实验,区域扩展阅读,T4 全球现代主义时代,R4 欧洲文学,M3.1 现代主义 / Modernism | M3.2 先锋派,G3 小说,QH3 身份、身体与归属 | QH1 自我、存在与生命
海底两万里.md,R4,△,欧洲文学综合—具体内部传统待读后校准,provisional_region,T3 19世纪现代文学体系 · 浪漫主义、现实主义与民族文学体系,区域扩展阅读,T3 19世纪现代文学体系,R4 欧洲文学,M2 19世纪文学思潮,G3 小说,QT2 科幻 | QT5 冒险与探索叙事
海法归来.md,R1,△,阿拉伯文学传统,existing,T5 二战后多极文学 · 战后国家建构、流亡与现代转型,区域扩展阅读,T5 二战后多极文学,R1 西亚—地中海古老传统,M5 战后与当代美学范式,G3 小说,QH6 战争、暴力与创伤
海浪.md,R4,△,英国—爱尔兰文学传统,author_model,T4 全球现代主义时代 · 战争危机、现代主义与先锋实验,区域扩展阅读,T4 全球现代主义时代,R4 欧洲文学,M3.1 现代主义 / Modernism,G3 小说,QH1 自我、存在与生命
海滩上.md,R9,△,大洋洲与太平洋综合—具体内部传统待读后校准,provisional_region,T5 二战后多极文学 · 去殖民化、原住民复兴与太平洋意识,区域扩展阅读,T5 二战后多极文学,R9 大洋洲与太平洋,M5 战后与当代美学范式,G3 小说,QT2 科幻 | QT6 乌托邦、反乌托邦与社会想象
海狼.md,R5,△,北美文学综合—具体内部传统待读后校准,provisional_region,T4 全球现代主义时代 · 现代主义、哈莱姆复兴与类型扩张,区域扩展阅读,T4 全球现代主义时代,R5 北美文学,M3 现代主义与先锋派,G3 小说,QT5 冒险与探索叙事 | QT8 英雄、边疆与法外者文化传统 | QT8.8 海盗
海的女儿.md,R4,△,北欧文学传统,author_model,T3 19世纪现代文学体系 · 浪漫主义、现实主义与民族文学体系,区域扩展阅读,T3 19世纪现代文学体系,R4 欧洲文学,M2 19世纪文学思潮,G3 小说,QT3 奇幻
海边的卡夫卡.md,R2,△,东亚文学综合—具体内部传统待读后校准,provisional_region,T6 当代全球文学 · 都市经验、媒介转型与跨国传播,区域扩展阅读,T6 当代全球文学,R2 东亚文学,M5 战后与当代美学范式,G3 小说,QH1 自我、存在与生命 | QH2.3 家庭与家族 | QH2.5 童年与成长
海鸥.md,R4,△,欧洲文学综合—具体内部传统待读后校准,provisional_region,T4 全球现代主义时代 · 战争危机、现代主义与先锋实验,区域扩展阅读,T4 全球现代主义时代,R4 欧洲文学,M3.1 现代主义 / Modernism,G2 戏剧,QH1 自我、存在与生命
海鹰.md,R4,△,欧洲文学综合—具体内部传统待读后校准,provisional_region,T4 全球现代主义时代 · 战争危机、现代主义与先锋实验,区域扩展阅读,T4 全球现代主义时代,R4 欧洲文学,M3 现代主义与先锋派,G3 小说,QT8 英雄、边疆与法外者文化传统 | QT8.4 欧洲剑客 | QT8.8 海盗
涂脂抹粉的小嘴.md,R6,△,拉丁美洲与加勒比综合—具体内部传统待读后校准,provisional_region,T5 二战后多极文学 · 革命经验、文学爆炸与独裁回应,区域扩展阅读,T5 二战后多极文学,R6 拉丁美洲与加勒比,M5 战后与当代美学范式,G3 小说,QH5 权力、制度与秩序
消失的爱人.md,R5,△,北美文学综合—具体内部传统待读后校准,provisional_region,T6 当代全球文学 · 多元身份、数字媒介与全球传播,区域扩展阅读,T6 当代全球文学,R5 北美文学,M5 战后与当代美学范式,G3 小说,QT1 推理与犯罪叙事
消逝的足迹.md,R6,△,拉丁美洲与加勒比综合—具体内部传统待读后校准,provisional_region,T5 二战后多极文学 · 革命经验、文学爆炸与独裁回应,区域扩展阅读,T5 二战后多极文学,R6 拉丁美洲与加勒比,M5 战后与当代美学范式 | M5.1 战后思想与美学范式,G3 小说,QH6 战争、暴力与创伤
涉外事务.md,R5,△,北美文学综合—具体内部传统待读后校准,provisional_region,T6 当代全球文学 · 多元身份、数字媒介与全球传播,区域扩展阅读,T6 当代全球文学,R5 北美文学,M5 战后与当代美学范式,G3 小说,QH3 身份、身体与归属
淫秽的夜鸟.md,R6,△,拉丁美洲与加勒比综合—具体内部传统待读后校准,provisional_region,T5 二战后多极文学 · 革命经验、文学爆炸与独裁回应,区域扩展阅读,T5 二战后多极文学,R6 拉丁美洲与加勒比,M5 战后与当代美学范式,G3 小说,QH6 战争、暴力与创伤
深沉的河流.md,R6,△,拉丁美洲与加勒比综合—具体内部传统待读后校准,provisional_region,T6 当代全球文学 · 后独裁记忆、迁徙与跨国文学重组,区域扩展阅读,T6 当代全球文学,R6 拉丁美洲与加勒比,M5 战后与当代美学范式,G3 小说,QH2.5 童年与成长
深河.md,R6,★,安第斯文学传统,existing,T6 当代全球文学 · 后独裁记忆、迁徙与跨国文学重组,文类形成与区域典范,T6 当代全球文学,R6 拉丁美洲与加勒比,M5 战后与当代美学范式,G3 小说,QH5 权力、制度与秩序
深渊上的火.md,R5,△,北美文学综合—具体内部传统待读后校准,provisional_region,T6 当代全球文学 · 多元身份、数字媒介与全球传播,区域扩展阅读,T6 当代全球文学,R5 北美文学,M5 战后与当代美学范式,G3 小说,QT2 科幻
混乱的仪式.md,R6,△,拉丁美洲与加勒比综合—具体内部传统待读后校准,provisional_region,T6 当代全球文学 · 后独裁记忆、迁徙与跨国文学重组,源头与经典奠基,T6 当代全球文学,R6 拉丁美洲与加勒比,M5 战后与当代美学范式,G3 小说,QH5 权力、制度与秩序
混凝土岛.md,R4,△,欧洲文学综合—具体内部传统待读后校准,provisional_region,T5 二战后多极文学 · 战后重建、记忆政治与后现代转型,区域扩展阅读,T5 二战后多极文学,R4 欧洲文学,M5 战后与当代美学范式,G3 小说,QT6 乌托邦、反乌托邦与社会想象
淹没的世界.md,R4,△,欧洲文学综合—具体内部传统待读后校准,provisional_region,T5 二战后多极文学 · 战后重建、记忆政治与后现代转型,区域扩展阅读,T5 二战后多极文学,R4 欧洲文学,M5 战后与当代美学范式 | M5.2 权力、身份与世界批评,G3 小说,QT2 科幻 | QT6 乌托邦、反乌托邦与社会想象
清教徒.md,R4,△,欧洲文学综合—具体内部传统待读后校准,provisional_region,T3 19世纪现代文学体系 · 浪漫主义、现实主义与民族文学体系,区域扩展阅读,T3 19世纪现代文学体系,R4 欧洲文学,M2 19世纪文学思潮,G3 小说,QT7 历史叙事
温室.md,R4,△,欧洲文学综合—具体内部传统待读后校准,provisional_region,T5 二战后多极文学 · 战后重建、记忆政治与后现代转型,区域扩展阅读,T5 二战后多极文学,R4 欧洲文学,M5 战后与当代美学范式,G3 小说,QT2 科幻
温柔的纽扣.md,R5,△,北美文学综合—具体内部传统待读后校准,provisional_region,T4 全球现代主义时代 · 现代主义、哈莱姆复兴与类型扩张,区域扩展阅读,T4 全球现代主义时代,R5 北美文学,M3.1 现代主义 / Modernism,G1 诗歌,QH1 自我、存在与生命
温迪戈.md,R4,△,欧洲文学综合—具体内部传统待读后校准,provisional_region,T4 全球现代主义时代 · 战争危机、现代主义与先锋实验,区域扩展阅读,T4 全球现代主义时代,R4 欧洲文学,M3 现代主义与先锋派,G3 小说,QT4 恐怖与哥特
游戏玩家.md,R4,△,欧洲文学综合—具体内部传统待读后校准,provisional_region,T6 当代全球文学 · 欧洲一体化、迁徙经验与当代重组,区域扩展阅读,T6 当代全球文学,R4 欧洲文学,M5 战后与当代美学范式,G3 小说,QT2 科幻
湖中女士.md,R5,△,北美文学综合—具体内部传统待读后校准,provisional_region,T4 全球现代主义时代 · 现代主义、哈莱姆复兴与类型扩张,区域扩展阅读,T4 全球现代主义时代,R5 北美文学,M3 现代主义与先锋派,G3 小说,QT1 推理与犯罪叙事
湖光山色.md,R2,△,东亚文学综合—具体内部传统待读后校准,provisional_region,T6 当代全球文学 · 都市经验、媒介转型与跨国传播,区域扩展阅读,T6 当代全球文学,R2 东亚文学,M5 战后与当代美学范式,G3 小说,QH6 战争、暴力与创伤
湖滨旅馆.md,R4,△,欧洲文学综合—具体内部传统待读后校准,provisional_region,T6 当代全球文学 · 欧洲一体化、迁徙经验与当代重组,区域扩展阅读,T6 当代全球文学,R4 欧洲文学,M5 战后与当代美学范式,G3 小说,QH3 身份、身体与归属
湮灭.md,R5,△,北美文学综合—具体内部传统待读后校准,provisional_region,T6 当代全球文学 · 多元身份、数字媒介与全球传播,文类形成与区域典范,T6 当代全球文学,R5 北美文学,M5 战后与当代美学范式,G3 小说,QT2 科幻 | QT4 恐怖与哥特
湿婆往世书.md,R3,△,梵语—吠陀与古典文学传统,author_model,T1 中古多中心文学世界 · 宗教、宫廷与多语文学网络扩展,区域扩展阅读,T1 中古多中心文学世界,R3 南亚文学,,G3 小说,QT9 神话、传说与民间叙事
源氏物语.md,R2,△,东亚文学综合—具体内部传统待读后校准,provisional_region,T1 中古多中心文学世界 · 宗教传播、宫廷文化与区域交流,区域扩展阅读,T1 中古多中心文学世界,R2 东亚文学,,G3 小说,QH2.3 家庭与家族 | QH2.1 爱情与欲望
满愿.md,R2,△,东亚文学综合—具体内部传统待读后校准,provisional_region,T6 当代全球文学 · 都市经验、媒介转型与跨国传播,区域扩展阅读,T6 当代全球文学,R2 东亚文学,M5 战后与当代美学范式,G3 小说,QT1 推理与犯罪叙事
漂亮朋友.md,R4,△,欧洲文学综合—具体内部传统待读后校准,provisional_region,T3 19世纪现代文学体系 · 浪漫主义、现实主义与民族文学体系,区域扩展阅读,T3 19世纪现代文学体系,R4 欧洲文学,M2 19世纪文学思潮,G3 小说,QH4 社会、阶级与劳动
漩涡.md,R6,△,拉丁美洲与加勒比综合—具体内部传统待读后校准,provisional_region,T6 当代全球文学 · 后独裁记忆、迁徙与跨国文学重组,区域扩展阅读,T6 当代全球文学,R6 拉丁美洲与加勒比,M5 战后与当代美学范式,G3 小说,QT5 冒险与探索叙事
漫歌.md,R6,△,拉丁美洲与加勒比综合—具体内部传统待读后校准,provisional_region,T6 当代全球文学 · 后独裁记忆、迁徙与跨国文学重组,区域扩展阅读,T6 当代全球文学,R6 拉丁美洲与加勒比,M5 战后与当代美学范式,G3 小说,QH5 权力、制度与秩序
漫长的告别.md,R5,△,北美文学综合—具体内部传统待读后校准,provisional_region,T5 二战后多极文学 · 战后反文化、族裔文学与媒介繁荣,区域扩展阅读,T5 二战后多极文学,R5 北美文学,M3 现代主义与先锋派,G3 小说,QT1 推理与犯罪叙事
漱玉词.md,R2,★,中国文学传统,existing,T6 当代全球文学 · 都市经验、媒介转型与跨国传播,核心经典与传统确立,T6 当代全球文学,R2 东亚文学,M5 战后与当代美学范式,G3 小说,QH3 身份、身体与归属
潘塔德乌什.md,R4,△,中欧文学传统,author_model,T3 19世纪现代文学体系 · 浪漫主义、现实主义与民族文学体系,区域扩展阅读,T3 19世纪现代文学体系,R4 欧洲文学,M4 集体文学运动与文化政治,G3 小说,QH4 社会、阶级与劳动
潘多拉之星.md,R4,△,欧洲文学综合—具体内部传统待读后校准,provisional_region,T6 当代全球文学 · 欧洲一体化、迁徙经验与当代重组,区域扩展阅读,T6 当代全球文学,R4 欧洲文学,M5 战后与当代美学范式,G3 小说,QT2 科幻
潜入沉船.md,R5,△,北美文学综合—具体内部传统待读后校准,provisional_region,T5 二战后多极文学 · 战后反文化、族裔文学与媒介繁荣,区域扩展阅读,T5 二战后多极文学,R5 北美文学,M5 战后与当代美学范式,G1 诗歌,QH6 战争、暴力与创伤
潮汐站.md,R5,△,北美文学综合—具体内部传统待读后校准,provisional_region,T6 当代全球文学 · 多元身份、数字媒介与全球传播,区域扩展阅读,T6 当代全球文学,R5 北美文学,M5 战后与当代美学范式,G3 小说,QH3 身份、身体与归属
澡堂.md,R4,△,欧洲文学综合—具体内部传统待读后校准,provisional_region,T4 全球现代主义时代 · 战争危机、现代主义与先锋实验,区域扩展阅读,T4 全球现代主义时代,R4 欧洲文学,M3.2 先锋派,G2 戏剧,QH1 自我、存在与生命
濒临狂野的心.md,R6,△,巴西葡语文学传统,author_model,T4 全球现代主义时代 · Modernismo、先锋派与本土现代性,区域扩展阅读,T4 全球现代主义时代,R6 拉丁美洲与加勒比,M5 战后与当代美学范式,G3 小说,QH2.5 童年与成长
火与剑.md,R4,△,中欧文学传统,author_model,T3 19世纪现代文学体系 · 浪漫主义、现实主义与民族文学体系,源头与经典奠基,T3 19世纪现代文学体系,R4 欧洲文学,M2 19世纪文学思潮,G3 小说,QT7 历史叙事 | QT8 英雄、边疆与法外者文化传统 | QT8.4 欧洲剑客
火之河.md,R3,△,南亚文学综合—具体内部传统待读后校准,provisional_region,T5 二战后多极文学 · 独立分治、国家文学与离散书写,区域扩展阅读,T5 二战后多极文学,R3 南亚文学,M5 战后与当代美学范式,G3 小说,QH6 战争、暴力与创伤
火星公主.md,R5,△,北美文学综合—具体内部传统待读后校准,provisional_region,T4 全球现代主义时代 · 现代主义、哈莱姆复兴与类型扩张,文类形成与区域典范,T4 全球现代主义时代,R5 北美文学,M3 现代主义与先锋派,G3 小说,QT2 科幻 | QT5 冒险与探索叙事
火星奥德赛.md,R5,△,北美文学综合—具体内部传统待读后校准,provisional_region,T4 全球现代主义时代 · 现代主义、哈莱姆复兴与类型扩张,文类形成与区域典范,T4 全球现代主义时代,R5 北美文学,M3 现代主义与先锋派,G3 小说,QT2 科幻
火星编年史.md,R5,△,北美文学综合—具体内部传统待读后校准,provisional_region,T5 二战后多极文学 · 战后反文化、族裔文学与媒介繁荣,区域扩展阅读,T5 二战后多极文学,R5 北美文学,M5 战后与当代美学范式,G3 小说,QT2 科幻
火河.md,R3,★,波斯语—Hindavi—乌尔都文学传统,existing,T5 二战后多极文学 · 独立分治、国家文学与离散书写,核心经典与传统确立,T5 二战后多极文学,R3 南亚文学,M5 战后与当代美学范式,G3 小说,QH5 权力、制度与秩序
火潮.md,R3,△,南亚文学综合—具体内部传统待读后校准,provisional_region,T6 当代全球文学 · 全球南亚、英语写作与地方传统重组,区域扩展阅读,T6 当代全球文学,R3 南亚文学,M5 战后与当代美学范式,G3 小说,QT7 历史叙事
火车.md,R2,△,东亚文学综合—具体内部传统待读后校准,provisional_region,T6 当代全球文学 · 都市经验、媒介转型与跨国传播,区域扩展阅读,T6 当代全球文学,R2 东亚文学,M5 战后与当代美学范式,G3 小说,QT1 推理与犯罪叙事
火车怪客.md,R5,△,北美文学综合—具体内部传统待读后校准,provisional_region,T5 二战后多极文学 · 战后反文化、族裔文学与媒介繁荣,区域扩展阅读,T5 二战后多极文学,R5 北美文学,M5 战后与当代美学范式,G3 小说,QT1 推理与犯罪叙事
火车正点.md,R4,△,欧洲文学综合—具体内部传统待读后校准,provisional_region,T5 二战后多极文学 · 战后重建、记忆政治与后现代转型,区域扩展阅读,T5 二战后多极文学,R4 欧洲文学,M5 战后与当代美学范式,G3 小说,QH6 战争、暴力与创伤
灯火管制／一切安全.md,R5,△,北美文学综合—具体内部传统待读后校准,provisional_region,T6 当代全球文学 · 多元身份、数字媒介与全球传播,区域扩展阅读,T6 当代全球文学,R5 北美文学,M5 战后与当代美学范式,G3 小说,QH3 身份、身体与归属
灵魂圣骑士.md,R5,△,北美文学综合—具体内部传统待读后校准,provisional_region,T6 当代全球文学 · 多元身份、数字媒介与全球传播,区域扩展阅读,T6 当代全球文学,R5 北美文学,M5 战后与当代美学范式,G3 小说,QH3 身份、身体与归属
灾难之城.md,R5,△,北美文学综合—具体内部传统待读后校准,provisional_region,T4 全球现代主义时代 · 现代主义、哈莱姆复兴与类型扩张,区域扩展阅读,T4 全球现代主义时代,R5 北美文学,M3 现代主义与先锋派,G3 小说,QT1 推理与犯罪叙事
灿烂千阳.md,R5,△,北美文学综合—具体内部传统待读后校准,provisional_region,T6 当代全球文学 · 多元身份、数字媒介与全球传播,区域扩展阅读,T6 当代全球文学,R5 北美文学,M5 战后与当代美学范式,G3 小说,QH3.1 性别与身体 | QH6 战争、暴力与创伤
点与线.md,R2,△,东亚文学综合—具体内部传统待读后校准,provisional_region,T5 二战后多极文学 · 战争革命、国家文学与社会重构,区域扩展阅读,T5 二战后多极文学,R2 东亚文学,M5 战后与当代美学范式,G3 小说,QT1 推理与犯罪叙事
炽焰世界.md,R4,△,欧洲文学综合—具体内部传统待读后校准,provisional_region,T2 早期现代文学 · 文艺复兴、宗教改革与印刷公共领域,区域扩展阅读,T2 早期现代文学,R4 欧洲文学,M2 19世纪文学思潮,G3 小说,QT2 科幻
烈日下的人们.md,R1,△,阿拉伯文学传统,existing,T5 二战后多极文学 · 战后国家建构、流亡与现代转型,区域扩展阅读,T5 二战后多极文学,R1 西亚—地中海古老传统,M5 战后与当代美学范式,G3 小说,QH6 战争、暴力与创伤
烟中之虎.md,R4,△,欧洲文学综合—具体内部传统待读后校准,provisional_region,T5 二战后多极文学 · 战后重建、记忆政治与后现代转型,区域扩展阅读,T5 二战后多极文学,R4 欧洲文学,M3 现代主义与先锋派,G3 小说,QT1 推理与犯罪叙事
烟河.md,R3,△,南亚文学综合—具体内部传统待读后校准,provisional_region,T6 当代全球文学 · 全球南亚、英语写作与地方传统重组,区域扩展阅读,T6 当代全球文学,R3 南亚文学,M5 战后与当代美学范式,G3 小说,QT7 历史叙事
烟草经纪人.md,R4,△,欧洲文学综合—具体内部传统待读后校准,provisional_region,T5 二战后多极文学 · 战后重建、记忆政治与后现代转型,区域扩展阅读,T5 二战后多极文学,R4 欧洲文学,M5.1 战后思想与美学范式,G3 小说,QH7 历史、记忆与时间
热与尘.md,R3,△,南亚文学综合—具体内部传统待读后校准,provisional_region,T5 二战后多极文学 · 独立分治、国家文学与离散书写,区域扩展阅读,T5 二战后多极文学,R3 南亚文学,M5 战后与当代美学范式,G3 小说,QH5 权力、制度与秩序
热夜之梦.md,R5,△,北美文学综合—具体内部传统待读后校准,provisional_region,T6 当代全球文学 · 多元身份、数字媒介与全球传播,区域扩展阅读,T6 当代全球文学,R5 北美文学,M5 战后与当代美学范式,G3 小说,QT4 恐怖与哥特
煤气.md,R4,△,欧洲文学综合—具体内部传统待读后校准,provisional_region,T4 全球现代主义时代 · 战争危机、现代主义与先锋实验,区域扩展阅读,T4 全球现代主义时代,R4 欧洲文学,M3.2 先锋派,G3 小说,QH4 社会、阶级与劳动
熙德.md,R4,△,欧洲文学综合—具体内部传统待读后校准,provisional_region,T2 早期现代文学 · 文艺复兴、宗教改革与印刷公共领域,区域扩展阅读,T2 早期现代文学,R4 欧洲文学,M1 早期现代思想与美学,G2 戏剧,QH5 权力、制度与秩序
熙德之歌.md,R4,★,伊比利亚文学传统,existing,T1 中古多中心文学世界 · 基督教、宫廷与俗语文学形成,源头与经典奠基,T1 中古多中心文学世界,R4 欧洲文学,,G3 小说,QT7 历史叙事 | QT8 英雄、边疆与法外者文化传统 | QT8.2 欧洲骑士
燃烧吧剑.md,R2,△,东亚文学综合—具体内部传统待读后校准,provisional_region,T5 二战后多极文学 · 战争革命、国家文学与社会重构,区域扩展阅读,T5 二战后多极文学,R2 东亚文学,M5 战后与当代美学范式,G3 小说,QT7 历史叙事 | QT8 英雄、边疆与法外者文化传统 | QT8.3 日本武士与剑豪
燃烧的原野.md,R6,△,墨西哥—中美洲文学传统,author_model,T5 二战后多极文学 · 革命经验、文学爆炸与独裁回应,区域扩展阅读,T5 二战后多极文学,R6 拉丁美洲与加勒比,M5 战后与当代美学范式,G3 小说,QH4 社会、阶级与劳动 | QH7 历史、记忆与时间
燃烧的女孩.md,R5,△,北美文学综合—具体内部传统待读后校准,provisional_region,T6 当代全球文学 · 多元身份、数字媒介与全球传播,区域扩展阅读,T6 当代全球文学,R5 北美文学,M5 战后与当代美学范式,G3 小说,QT6 乌托邦、反乌托邦与社会想象
燃烧的银.md,R6,△,拉丁美洲与加勒比综合—具体内部传统待读后校准,provisional_region,T6 当代全球文学 · 后独裁记忆、迁徙与跨国文学重组,区域扩展阅读,T6 当代全球文学,R6 拉丁美洲与加勒比,M5 战后与当代美学范式,G3 小说,QH5 权力、制度与秩序
爱与痛的边缘.md,R2,△,东亚文学综合—具体内部传统待读后校准,provisional_region,T6 当代全球文学 · 都市经验、媒介转型与跨国传播,区域扩展阅读,T6 当代全球文学,R2 东亚文学,M5 战后与当代美学范式,G3 小说,QH2.1 爱情与欲望 | QH2.3 家庭与家族 | QH2.5 童年与成长
爱丽丝·亚当斯.md,R5,△,北美文学综合—具体内部传统待读后校准,provisional_region,T4 全球现代主义时代 · 现代主义、哈莱姆复兴与类型扩张,区域扩展阅读,T4 全球现代主义时代,R5 北美文学,M3 现代主义与先锋派,G3 小说,QH1 自我、存在与生命
爱丽丝梦游仙境.md,R4,△,欧洲文学综合—具体内部传统待读后校准,provisional_region,T3 19世纪现代文学体系 · 浪漫主义、现实主义与民族文学体系,区域扩展阅读,T3 19世纪现代文学体系,R4 欧洲文学,M2 19世纪文学思潮,G3 小说,QT3 奇幻
爱丽丝镜中奇遇.md,R4,△,欧洲文学综合—具体内部传统待读后校准,provisional_region,T3 19世纪现代文学体系 · 浪漫主义、现实主义与民族文学体系,区域扩展阅读,T3 19世纪现代文学体系,R4 欧洲文学,M2 19世纪文学思潮,G3 小说,QT3 奇幻
爱伦·坡短篇小说全集.md,R5,△,北美文学综合—具体内部传统待读后校准,provisional_region,T3 19世纪现代文学体系 · 国家文学、奴隶制回应与大众出版,文类形成与区域典范,T3 19世纪现代文学体系,R5 北美文学,M2 19世纪文学思潮,G3 小说,QH5 权力、制度与秩序
爱到坟墓.md,R7,★,非洲之角—埃塞俄比亚/厄立特里亚/索马里文学传统,existing,T6 当代全球文学 · 后殖民批判、城市经验与全球离散,文类形成与区域典范,T6 当代全球文学,R7 非洲文学,M5 战后与当代美学范式,G3 小说,QH5 权力、制度与秩序
爱因斯坦交叉.md,R5,△,北美文学综合—具体内部传统待读后校准,provisional_region,T5 二战后多极文学 · 战后反文化、族裔文学与媒介繁荣,区域扩展阅读,T5 二战后多极文学,R5 北美文学,M5 战后与当代美学范式,G3 小说,QH6 战争、暴力与创伤
爱尔兰诸族入侵记.md,R4,△,伊比利亚文学传统,author_model,T1 中古多中心文学世界 · 基督教、宫廷与俗语文学形成,区域扩展阅读,T1 中古多中心文学世界,R4 欧洲文学,,G3 小说,QT9 神话、传说与民间叙事
爱弥儿.md,R4,△,欧洲文学综合—具体内部传统待读后校准,provisional_region,T2 早期现代文学 · 文艺复兴、宗教改革与印刷公共领域,区域扩展阅读,T2 早期现代文学,R4 欧洲文学,M1 早期现代思想与美学,G3 小说,QH2.5 童年与成长
爱情、疯狂与死亡的故事.md,R6,◆,南锥体—拉普拉塔文学传统,existing,T6 当代全球文学 · 后独裁记忆、迁徙与跨国文学重组,传统转型与区域扩展,T6 当代全球文学,R6 拉丁美洲与加勒比,M5 战后与当代美学范式,G3 小说,QH2.1 爱情与欲望
爱情诗.md,R6,△,拉丁美洲与加勒比综合—具体内部传统待读后校准,provisional_region,T6 当代全球文学 · 后独裁记忆、迁徙与跨国文学重组,区域扩展阅读,T6 当代全球文学,R6 拉丁美洲与加勒比,M5 战后与当代美学范式,G3 小说,QH2.1 爱情与欲望
爱狗男人.md,R6,△,拉丁美洲与加勒比综合—具体内部传统待读后校准,provisional_region,T6 当代全球文学 · 后独裁记忆、迁徙与跨国文学重组,区域扩展阅读,T6 当代全球文学,R6 拉丁美洲与加勒比,M5 战后与当代美学范式,G3 小说,QH5 权力、制度与秩序
爱玛.md,R4,△,英国—爱尔兰文学传统,author_model,T3 19世纪现代文学体系 · 浪漫主义、现实主义与民族文学体系,区域扩展阅读,T3 19世纪现代文学体系,R4 欧洲文学,M2 19世纪文学思潮,G3 小说,QH2.1 爱情与欲望
爱的教育.md,R4,△,欧洲文学综合—具体内部传统待读后校准,provisional_region,T3 19世纪现代文学体系 · 浪漫主义、现实主义与民族文学体系,区域扩展阅读,T3 19世纪现代文学体系,R4 欧洲文学,M2 19世纪文学思潮,G3 小说,QH2.3 家庭与家族 | QH2.5 童年与成长
爱的艺术.md,R1,△,罗马与拉丁文学传统,existing,T0 文学源头与古代文学 · 古代文字、史诗与经典传统形成,区域扩展阅读,T0 文学源头与古代文学,R1 西亚—地中海古老传统,,G3 小说,QH2.1 爱情与欲望
爱米丽雅·迦洛蒂.md,R4,△,欧洲文学综合—具体内部传统待读后校准,provisional_region,T2 早期现代文学 · 文艺复兴、宗教改革与印刷公共领域,区域扩展阅读,T2 早期现代文学,R4 欧洲文学,M1 早期现代思想与美学,G2 戏剧,QH5 权力、制度与秩序 | QH8 信仰、伦理与超越
爱经.md,R1,△,罗马与拉丁文学传统,existing,T0 文学源头与古代文学 · 古代文字、史诗与经典传统形成,区域扩展阅读,T0 文学源头与古代文学,R1 西亚—地中海古老传统,,G3 小说,QH2.1 爱情与欲望
爱药.md,R5,◆,北美原住民文学传统,existing,T6 当代全球文学 · 多元身份、数字媒介与全球传播,传统转型与区域扩展,T6 当代全球文学,R5 北美文学,M5 战后与当代美学范式,G3 小说,QH2.3 家庭与家族
父与子.md,R4,◆,俄罗斯文学传统,existing,T3 19世纪现代文学体系 · 浪漫主义、现实主义与民族文学体系,文类形成与区域典范,T3 19世纪现代文学体系,R4 欧洲文学,M2 19世纪文学思潮 | M2 19世纪文学思潮 / 现实主义,G3 小说,QH2.3 家庭与家族
牛棚杂忆.md,R2,△,东亚文学综合—具体内部传统待读后校准,provisional_region,T6 当代全球文学 · 都市经验、媒介转型与跨国传播,区域扩展阅读,T6 当代全球文学,R2 东亚文学,M5 战后与当代美学范式,G5 生命书写 | G6 纪实与文学非虚构,QH5 权力、制度与秩序 | QH7 历史、记忆与时间
牛虻.md,R4,△,欧洲文学综合—具体内部传统待读后校准,provisional_region,T3 19世纪现代文学体系 · 浪漫主义、现实主义与民族文学体系,区域扩展阅读,T3 19世纪现代文学体系,R4 欧洲文学,M2 19世纪文学思潮,G3 小说,QH2.1 爱情与欲望 | QH2.5 童年与成长 | QH5 权力、制度与秩序
牛轭事件.md,R5,△,北美文学综合—具体内部传统待读后校准,provisional_region,T6 当代全球文学 · 多元身份、数字媒介与全球传播,区域扩展阅读,T6 当代全球文学,R5 北美文学,M5 战后与当代美学范式,G3 小说,QT8 英雄、边疆与法外者文化传统 | QT8.5 西部
牟那·马丹.md,R3,★,尼泊尔—喜马拉雅文学传统,existing,T4 全球现代主义时代 · 反殖民、现代主义与多语文学革新,核心经典与传统确立,T4 全球现代主义时代,R3 南亚文学,M3 现代主义与先锋派,G3 小说,QH1 自我、存在与生命
牡丹亭.md,R2,△,东亚文学综合—具体内部传统待读后校准,provisional_region,T2 早期现代文学 · 印刷扩展、通俗文类与文人传统成熟,区域扩展阅读,T2 早期现代文学,R2 东亚文学,M1 早期现代思想与美学,G2 戏剧,QH2.1 爱情与欲望
牧师的黑面纱.md,R5,△,十九世纪—现代美国文学传统,author_model,T3 19世纪现代文学体系 · 国家文学、奴隶制回应与大众出版,区域扩展阅读,T3 19世纪现代文学体系,R5 北美文学,M2 19世纪文学思潮,G3 小说,QT4 恐怖与哥特
牧童歌.md,R3,△,南亚文学综合—具体内部传统待读后校准,provisional_region,T1 中古多中心文学世界 · 宗教、宫廷与多语文学网络扩展,区域扩展阅读,T1 中古多中心文学世界,R3 南亚文学,,G1 诗歌,QH2.1 爱情与欲望
物.md,R4,△,欧洲文学综合—具体内部传统待读后校准,provisional_region,T5 二战后多极文学 · 战后重建、记忆政治与后现代转型,区域扩展阅读,T5 二战后多极文学,R4 欧洲文学,M5 战后与当代美学范式,G3 小说,QH6 战争、暴力与创伤
牵风记.md,R2,△,东亚文学综合—具体内部传统待读后校准,provisional_region,T6 当代全球文学 · 都市经验、媒介转型与跨国传播,区域扩展阅读,T6 当代全球文学,R2 东亚文学,M5 战后与当代美学范式,G3 小说,QH6 战争、暴力与创伤
特哈努.md,R5,△,北美文学综合—具体内部传统待读后校准,provisional_region,T6 当代全球文学 · 多元身份、数字媒介与全球传播,区域扩展阅读,T6 当代全球文学,R5 北美文学,M5 战后与当代美学范式,G3 小说,QT3 奇幻
特拉特洛尔科之夜.md,R6,△,拉丁美洲与加勒比综合—具体内部传统待读后校准,provisional_region,T5 二战后多极文学 · 革命经验、文学爆炸与独裁回应,区域扩展阅读,T5 二战后多极文学,R6 拉丁美洲与加勒比,M5 战后与当代美学范式,G6 纪实与文学非虚构,QH6 战争、暴力与创伤
特里尔塞.md,R6,◆,安第斯文学传统,existing,T4 全球现代主义时代 · Modernismo、先锋派与本土现代性,传统转型与区域扩展,T4 全球现代主义时代,R6 拉丁美洲与加勒比,M3.1 现代主义 / Modernism | M3.2 先锋派,G3 小说,QH1 自我、存在与生命
犀牛.md,R4,△,欧洲文学综合—具体内部传统待读后校准,provisional_region,T5 二战后多极文学 · 战后重建、记忆政治与后现代转型,区域扩展阅读,T5 二战后多极文学,R4 欧洲文学,M5.1 战后思想与美学范式,G3 小说,QH5 权力、制度与秩序 | QH1 自我、存在与生命
犬之力.md,R5,△,北美文学综合—具体内部传统待读后校准,provisional_region,T6 当代全球文学 · 多元身份、数字媒介与全球传播,区域扩展阅读,T6 当代全球文学,R5 北美文学,M5 战后与当代美学范式,G3 小说,QT8 英雄、边疆与法外者文化传统 | QT8.5 西部
犬神家族.md,R2,△,东亚文学综合—具体内部传统待读后校准,provisional_region,T5 二战后多极文学 · 战争革命、国家文学与社会重构,区域扩展阅读,T5 二战后多极文学,R2 东亚文学,M5 战后与当代美学范式,G3 小说,QT1 推理与犯罪叙事
犹大·哈列维诗歌.md,R1,△,希伯来—犹太文学传统,existing,T1 中古多中心文学世界 · 宗教经典、帝国网络与翻译传承,文类形成与区域典范,T1 中古多中心文学世界,R1 西亚—地中海古老传统,,G1 诗歌,QH8 信仰、伦理与超越
犹大之窗.md,R5,△,北美文学综合—具体内部传统待读后校准,provisional_region,T4 全球现代主义时代 · 现代主义、哈莱姆复兴与类型扩张,区域扩展阅读,T4 全球现代主义时代,R5 北美文学,M3 现代主义与先锋派,G3 小说,QT1 推理与犯罪叙事
犹太警察工会.md,R5,△,犹太裔美国文学传统,author_model,T6 当代全球文学 · 多元身份、数字媒介与全球传播,文类形成与区域典范,T6 当代全球文学,R5 北美文学,M5 战后与当代美学范式,G3 小说,QT2 科幻
狄吉尼斯·阿克里塔斯.md,R4,△,欧洲文学综合—具体内部传统待读后校准,provisional_region,T1 中古多中心文学世界 · 基督教、宫廷与俗语文学形成,区域扩展阅读,T1 中古多中心文学世界,R4 欧洲文学,,G1 诗歌,QH6 战争、暴力与创伤
狄安娜之树.md,R6,△,拉丁美洲与加勒比综合—具体内部传统待读后校准,provisional_region,T6 当代全球文学 · 后独裁记忆、迁徙与跨国文学重组,区域扩展阅读,T6 当代全球文学,R6 拉丁美洲与加勒比,M5 战后与当代美学范式,G3 小说,QH5 权力、制度与秩序
狄金森诗选.md,R5,◆,十九世纪—现代美国文学传统,existing,T6 当代全球文学 · 多元身份、数字媒介与全球传播,传统转型与区域扩展,T6 当代全球文学,R5 北美文学,M5 战后与当代美学范式,G1 诗歌,QH5 权力、制度与秩序
狗食.md,R8,★,菲律宾文学传统,existing,T6 当代全球文学 · 城市化、跨语写作与东南亚离散,离散迁徙与跨区域连接,T6 当代全球文学,R8 东南亚文学,M5 战后与当代美学范式,G3 小说,QH3 身份、身体与归属
独眼少女.md,R2,△,东亚文学综合—具体内部传统待读后校准,provisional_region,T6 当代全球文学 · 都市经验、媒介转型与跨国传播,区域扩展阅读,T6 当代全球文学,R2 东亚文学,M5 战后与当代美学范式,G3 小说,QT1 推理与犯罪叙事
独立之阳.md,R7,△,非洲文学综合—具体内部传统待读后校准,provisional_region,T5 二战后多极文学 · 独立、去殖民化与国家文学建构,殖民回应与民族文学建构,T5 二战后多极文学,R7 非洲文学,M5 战后与当代美学范式,G3 小说,QH5 权力、制度与秩序
独立日.md,R5,△,北美文学综合—具体内部传统待读后校准,provisional_region,T6 当代全球文学 · 多元身份、数字媒介与全球传播,殖民回应与民族文学建构,T6 当代全球文学,R5 北美文学,M5 战后与当代美学范式,G3 小说,QH3 身份、身体与归属
独立的人们.md,R4,◆,北欧文学传统,existing,T4 全球现代主义时代 · 战争危机、现代主义与先锋实验,殖民回应与民族文学建构,T4 全球现代主义时代,R4 欧洲文学,M3 现代主义与先锋派,G3 小说,QH1 自我、存在与生命
独立的太阳.md,R7,★,西非法语文学传统,existing,T5 二战后多极文学 · 独立、去殖民化与国家文学建构,殖民回应与民族文学建构,T5 二战后多极文学,R7 非洲文学,M5 战后与当代美学范式,G3 小说,QH6 战争、暴力与创伤
独行道.md,R2,△,东亚文学综合—具体内部传统待读后校准,provisional_region,T6 当代全球文学 · 都市经验、媒介转型与跨国传播,区域扩展阅读,T6 当代全球文学,R2 东亚文学,M5 战后与当代美学范式,G3 小说,QT8 英雄、边疆与法外者文化传统 | QT8.3 日本武士与剑豪
狮子、女巫和魔衣橱.md,R4,△,欧洲文学综合—具体内部传统待读后校准,provisional_region,T5 二战后多极文学 · 战后重建、记忆政治与后现代转型,区域扩展阅读,T5 二战后多极文学,R4 欧洲文学,M5 战后与当代美学范式,G3 小说,QT3 奇幻
狮皮之下.md,R5,◆,英语加拿大文学传统,existing,T6 当代全球文学 · 多元身份、数字媒介与全球传播,传统转型与区域扩展,T6 当代全球文学,R5 北美文学,M5 战后与当代美学范式,G3 小说,QH7 历史、记忆与时间
狮皮之下.md,R10,◆,全球移民—后殖民都市文学传统,existing,T6 当代全球文学 · 全球迁徙、数字传播与跨语文学网络,离散迁徙与跨区域连接,T6 当代全球文学,R5 北美文学,M5 战后与当代美学范式,G3 小说,QH7 历史、记忆与时间
狱门岛.md,R2,△,东亚文学综合—具体内部传统待读后校准,provisional_region,T5 二战后多极文学 · 战争革命、国家文学与社会重构,区域扩展阅读,T5 二战后多极文学,R2 东亚文学,M5 战后与当代美学范式,G3 小说,QT1 推理与犯罪叙事
狼厅.md,R4,△,欧洲文学综合—具体内部传统待读后校准,provisional_region,T6 当代全球文学 · 欧洲一体化、迁徙经验与当代重组,区域扩展阅读,T6 当代全球文学,R4 欧洲文学,M5 战后与当代美学范式,G3 小说,QT7 历史叙事
狼牙.md,R2,△,东亚文学综合—具体内部传统待读后校准,provisional_region,T6 当代全球文学 · 都市经验、媒介转型与跨国传播,区域扩展阅读,T6 当代全球文学,R2 东亚文学,M5 战后与当代美学范式,G3 小说,QH6 战争、暴力与创伤
猎水牛的猎人.md,R5,△,北美文学综合—具体内部传统待读后校准,provisional_region,T6 当代全球文学 · 多元身份、数字媒介与全球传播,区域扩展阅读,T6 当代全球文学,R5 北美文学,M5 战后与当代美学范式,G3 小说,QH3 身份、身体与归属
猫城记.md,R2,△,东亚文学综合—具体内部传统待读后校准,provisional_region,T4 全球现代主义时代 · 殖民现代性、新文学与形式实验,区域扩展阅读,T4 全球现代主义时代,R2 东亚文学,M3 现代主义与先锋派,G3 小说,QT2 科幻 | QT6 乌托邦、反乌托邦与社会想象
猫头鹰在哭泣.md,R9,★,英语新西兰文学传统,existing,T5 二战后多极文学 · 去殖民化、原住民复兴与太平洋意识,文类形成与区域典范,T5 二战后多极文学,R9 大洋洲与太平洋,M5 战后与当代美学范式,G3 小说,QH5 权力、制度与秩序
猫头鹰谋杀案.md,R4,△,欧洲文学综合—具体内部传统待读后校准,provisional_region,T6 当代全球文学 · 欧洲一体化、迁徙经验与当代重组,区域扩展阅读,T6 当代全球文学,R4 欧洲文学,M5 战后与当代美学范式,G3 小说,QT1 推理与犯罪叙事
猫的摇篮.md,R5,△,北美文学综合—具体内部传统待读后校准,provisional_region,T5 二战后多极文学 · 战后反文化、族裔文学与媒介繁荣,区域扩展阅读,T5 二战后多极文学,R5 北美文学,M5 战后与当代美学范式,G3 小说,QT2 科幻
献给艾米丽的一朵玫瑰.md,R5,△,十九世纪—现代美国文学传统,author_model,T4 全球现代主义时代 · 现代主义、哈莱姆复兴与类型扩张,区域扩展阅读,T4 全球现代主义时代,R5 北美文学,M3 现代主义与先锋派,G3 小说,QT4 恐怖与哥特
献给荒野机器人的赞美诗.md,R5,△,北美文学综合—具体内部传统待读后校准,provisional_region,T6 当代全球文学 · 多元身份、数字媒介与全球传播,文类形成与区域典范,T6 当代全球文学,R5 北美文学,M5 战后与当代美学范式,G3 小说,QT2 科幻
献给阿尔吉侬的花束.md,R5,△,北美文学综合—具体内部传统待读后校准,provisional_region,T5 二战后多极文学 · 战后反文化、族裔文学与媒介繁荣,区域扩展阅读,T5 二战后多极文学,R5 北美文学,M5 战后与当代美学范式,G3 小说,QT2 科幻 | QH1 自我、存在与生命
猴山之梦.md,R6,△,英语加勒比文学传统,author_model,T5 二战后多极文学 · 革命经验、文学爆炸与独裁回应,区域扩展阅读,T5 二战后多极文学,R6 拉丁美洲与加勒比,M5 战后与当代美学范式,G2 戏剧,QH6 战争、暴力与创伤
猴滩.md,R5,◆,北美原住民文学传统,existing,T6 当代全球文学 · 多元身份、数字媒介与全球传播,传统转型与区域扩展,T6 当代全球文学,R5 北美文学,M5 战后与当代美学范式,G3 小说,QH3 身份、身体与归属
玉米人.md,R6,△,墨西哥—中美洲文学传统,author_model,T5 二战后多极文学 · 革命经验、文学爆炸与独裁回应,区域扩展阅读,T5 二战后多极文学,R6 拉丁美洲与加勒比,M5 战后与当代美学范式 | M5.1 战后思想与美学范式,G3 小说,QH6 战争、暴力与创伤
玉钗盟.md,R2,△,东亚文学综合—具体内部传统待读后校准,provisional_region,T5 二战后多极文学 · 战争革命、国家文学与社会重构,区域扩展阅读,T5 二战后多极文学,R2 东亚文学,M5 战后与当代美学范式,G3 小说,QT8 英雄、边疆与法外者文化传统 | QT8.1 武侠
王国的此世.md,R6,★,海地—法语与克里奥尔加勒比传统,existing,T6 当代全球文学 · 后独裁记忆、迁徙与跨国文学重组,殖民回应与民族文学建构,T6 当代全球文学,R6 拉丁美洲与加勒比,M5 战后与当代美学范式,G3 小说,QH7 历史、记忆与时间 | QH5 权力、制度与秩序
王润华诗选.md,R8,★,新加坡—海峡多语文学传统,existing,T6 当代全球文学 · 城市化、跨语写作与东南亚离散,文类形成与区域典范,T6 当代全球文学,R8 东南亚文学,M5 战后与当代美学范式,G1 诗歌,QH5 权力、制度与秩序
王者之路.md,R5,△,北美文学综合—具体内部传统待读后校准,provisional_region,T6 当代全球文学 · 多元身份、数字媒介与全球传播,源头与经典奠基,T6 当代全球文学,R5 北美文学,M5 战后与当代美学范式,G3 小说,QT3 奇幻
玛丽·罗兰森被俘记.md,R5,◆,殖民地—清教徒与早期共和国文学传统,existing,T6 当代全球文学 · 多元身份、数字媒介与全球传播,殖民回应与民族文学建构,T6 当代全球文学,R5 北美文学,M5 战后与当代美学范式,G3 小说,QH5 权力、制度与秩序
玛丽·罗热疑案.md,R5,△,北美文学综合—具体内部传统待读后校准,provisional_region,T3 19世纪现代文学体系 · 国家文学、奴隶制回应与大众出版,区域扩展阅读,T3 19世纪现代文学体系,R5 北美文学,M2 19世纪文学思潮,G3 小说,QT1 推理与犯罪叙事
玛丽亚.md,R6,△,拉丁美洲与加勒比综合—具体内部传统待读后校准,provisional_region,T6 当代全球文学 · 后独裁记忆、迁徙与跨国文学重组,区域扩展阅读,T6 当代全球文学,R6 拉丁美洲与加勒比,M5 战后与当代美学范式,G3 小说,QH5 权力、制度与秩序
玛丽亚·夏普德兰.md,R5,★,法语加拿大—魁北克文学传统,existing,T6 当代全球文学 · 多元身份、数字媒介与全球传播,文类形成与区域典范,T6 当代全球文学,R5 北美文学,M5 战后与当代美学范式,G3 小说,QH5 权力、制度与秩序
玛戈王后.md,R4,△,欧洲文学综合—具体内部传统待读后校准,provisional_region,T3 19世纪现代文学体系 · 浪漫主义、现实主义与民族文学体系,区域扩展阅读,T3 19世纪现代文学体系,R4 欧洲文学,M2 19世纪文学思潮,G3 小说,QT7 历史叙事 | QT8 英雄、边疆与法外者文化传统 | QT8.4 欧洲剑客
玛斯纳维.md,R1,△,波斯—伊朗文学传统,existing,T1 中古多中心文学世界 · 宗教经典、帝国网络与翻译传承,区域扩展阅读,T1 中古多中心文学世界,R1 西亚—地中海古老传统,,G1 诗歌,QH8 信仰、伦理与超越
玩偶.md,R4,△,欧洲文学综合—具体内部传统待读后校准,provisional_region,T3 19世纪现代文学体系 · 浪漫主义、现实主义与民族文学体系,区域扩展阅读,T3 19世纪现代文学体系,R4 欧洲文学,M2 19世纪文学思潮,G3 小说,QH4 社会、阶级与劳动
玩偶之家.md,R4,★,北欧文学传统,existing,T3 19世纪现代文学体系 · 浪漫主义、现实主义与民族文学体系,文类形成与区域典范,T3 19世纪现代文学体系,R4 欧洲文学,M2 19世纪文学思潮,G2 戏剧,QH2.1 爱情与欲望 | QH2.3 家庭与家族 | QH3.1 性别与身体
玩笑.md,R4,△,中欧文学传统,author_model,T5 二战后多极文学 · 战后重建、记忆政治与后现代转型,区域扩展阅读,T5 二战后多极文学,R4 欧洲文学,M5 战后与当代美学范式,G3 小说,QH6 战争、暴力与创伤
玫瑰传奇.md,R4,◆,中世纪拉丁基督教与俗语奠基传统,existing,T6 当代全球文学 · 欧洲一体化、迁徙经验与当代重组,传统转型与区域扩展,T6 当代全球文学,R4 欧洲文学,M5 战后与当代美学范式,G1 诗歌,QH5 权力、制度与秩序
玫瑰水.md,R7,△,非洲文学综合—具体内部传统待读后校准,provisional_region,T6 当代全球文学 · 后殖民批判、城市经验与全球离散,区域扩展阅读,T6 当代全球文学,R7 非洲文学,M5 战后与当代美学范式,G3 小说,QT2 科幻 | QT6 乌托邦、反乌托邦与社会想象
玫瑰的名字.md,R4,△,欧洲文学综合—具体内部传统待读后校准,provisional_region,T5 二战后多极文学 · 战后重建、记忆政治与后现代转型,区域扩展阅读,T5 二战后多极文学,R4 欧洲文学,M5.1 战后思想与美学范式,G3 小说,QT1 推理与犯罪叙事 | QT7 历史叙事
环形世界.md,R5,△,北美文学综合—具体内部传统待读后校准,provisional_region,T5 二战后多极文学 · 战后反文化、族裔文学与媒介繁荣,区域扩展阅读,T5 二战后多极文学,R5 北美文学,M5 战后与当代美学范式,G3 小说,QT2 科幻
环游地球八十天.md,R4,△,欧洲文学综合—具体内部传统待读后校准,provisional_region,T3 19世纪现代文学体系 · 浪漫主义、现实主义与民族文学体系,区域扩展阅读,T3 19世纪现代文学体系,R4 欧洲文学,M2 19世纪文学思潮,G3 小说,QT5 冒险与探索叙事 | QT14 旅行与游记
现实一种.md,R2,△,东亚文学综合—具体内部传统待读后校准,provisional_region,T6 当代全球文学 · 都市经验、媒介转型与跨国传播,区域扩展阅读,T6 当代全球文学,R2 东亚文学,M5 战后与当代美学范式,G3 小说,QH2.3 家庭与家族 | QH6 战争、暴力与创伤
玻璃宫.md,R3,◆,南亚英语文学传统,existing,T6 当代全球文学 · 全球南亚、英语写作与地方传统重组,离散迁徙与跨区域连接,T6 当代全球文学,R3 南亚文学,M5 战后与当代美学范式,G3 小说,QH3 身份、身体与归属
玻璃杯中的黑暗.md,R4,△,欧洲文学综合—具体内部传统待读后校准,provisional_region,T3 19世纪现代文学体系 · 浪漫主义、现实主义与民族文学体系,区域扩展阅读,T3 19世纪现代文学体系,R4 欧洲文学,M2 19世纪文学思潮,G3 小说,QT4 恐怖与哥特
玻璃钥匙.md,R5,△,北美文学综合—具体内部传统待读后校准,provisional_region,T4 全球现代主义时代 · 现代主义、哈莱姆复兴与类型扩张,区域扩展阅读,T4 全球现代主义时代,R5 北美文学,M3 现代主义与先锋派,G3 小说,QT1 推理与犯罪叙事
珀涅罗珀记.md,R5,△,英语加拿大文学传统,author_model,T6 当代全球文学 · 多元身份、数字媒介与全球传播,文类形成与区域典范,T6 当代全球文学,R5 北美文学,M5 战后与当代美学范式,G3 小说,QT3 奇幻
珀迪多街车站.md,R4,△,欧洲文学综合—具体内部传统待读后校准,provisional_region,T6 当代全球文学 · 欧洲一体化、迁徙经验与当代重组,文类形成与区域典范,T6 当代全球文学,R4 欧洲文学,M5 战后与当代美学范式,G3 小说,QT2 科幻 | QT3 奇幻 | QT4 恐怖与哥特
珊瑚岛上的死光.md,R2,△,东亚文学综合—具体内部传统待读后校准,provisional_region,T6 当代全球文学 · 都市经验、媒介转型与跨国传播,区域扩展阅读,T6 当代全球文学,R2 东亚文学,M5 战后与当代美学范式,G3 小说,QT2 科幻
班森杀人事件.md,R5,△,北美文学综合—具体内部传统待读后校准,provisional_region,T4 全球现代主义时代 · 现代主义、哈莱姆复兴与类型扩张,区域扩展阅读,T4 全球现代主义时代,R5 北美文学,M3 现代主义与先锋派,G3 小说,QT1 推理与犯罪叙事
球状闪电.md,R2,△,东亚文学综合—具体内部传统待读后校准,provisional_region,T6 当代全球文学 · 都市经验、媒介转型与跨国传播,区域扩展阅读,T6 当代全球文学,R2 东亚文学,M5 战后与当代美学范式,G3 小说,QT2 科幻
理想国.md,R1,△,古希腊文学传统,existing,T0 文学源头与古代文学 · 古代文字、史诗与经典传统形成,区域扩展阅读,T0 文学源头与古代文学,R1 西亚—地中海古老传统,,G3 小说,QT6 乌托邦、反乌托邦与社会想象
理智与情感.md,R4,△,英国—爱尔兰文学传统,author_model,T3 19世纪现代文学体系 · 浪漫主义、现实主义与民族文学体系,区域扩展阅读,T3 19世纪现代文学体系,R4 欧洲文学,M2 19世纪文学思潮,G3 小说,QH2.3 家庭与家族 | QH2.1 爱情与欲望
理由.md,R2,△,东亚文学综合—具体内部传统待读后校准,provisional_region,T6 当代全球文学 · 都市经验、媒介转型与跨国传播,区域扩展阅读,T6 当代全球文学,R2 东亚文学,M5 战后与当代美学范式,G3 小说,QT1 推理与犯罪叙事
琉璃宫史.md,R8,★,缅甸文学传统,existing,T6 当代全球文学 · 城市化、跨语写作与东南亚离散,核心经典与传统确立,T6 当代全球文学,R8 东南亚文学,M5 战后与当代美学范式,G3 小说,QH5 权力、制度与秩序
琥珀望远镜.md,R4,△,欧洲文学综合—具体内部传统待读后校准,provisional_region,T6 当代全球文学 · 欧洲一体化、迁徙经验与当代重组,源头与经典奠基,T6 当代全球文学,R4 欧洲文学,M5 战后与当代美学范式,G3 小说,QT3 奇幻
琴声如诉.md,R4,△,欧洲文学综合—具体内部传统待读后校准,provisional_region,T5 二战后多极文学 · 战后重建、记忆政治与后现代转型,区域扩展阅读,T5 二战后多极文学,R4 欧洲文学,M5 战后与当代美学范式,G3 小说,QH6 战争、暴力与创伤
琼·斯塔福德短篇小说集.md,R5,△,北美文学综合—具体内部传统待读后校准,provisional_region,T5 二战后多极文学 · 战后反文化、族裔文学与媒介繁荣,文类形成与区域典范,T5 二战后多极文学,R5 北美文学,M5 战后与当代美学范式,G3 小说,QH6 战争、暴力与创伤
瓜拉尼人.md,R6,△,拉丁美洲与加勒比综合—具体内部传统待读后校准,provisional_region,T6 当代全球文学 · 后独裁记忆、迁徙与跨国文学重组,区域扩展阅读,T6 当代全球文学,R6 拉丁美洲与加勒比,M5 战后与当代美学范式,G3 小说,QH5 权力、制度与秩序
瓦夫苏鲁特尼尔之歌.md,R4,△,伊比利亚文学传统,author_model,T1 中古多中心文学世界 · 基督教、宫廷与俗语文学形成,区域扩展阅读,T1 中古多中心文学世界,R4 欧洲文学,,G3 小说,QT9 神话、传说与民间叙事
瓦尔塔里之歌.md,R4,△,伊比利亚文学传统,author_model,T1 中古多中心文学世界 · 基督教、宫廷与俗语文学形成,区域扩展阅读,T1 中古多中心文学世界,R4 欧洲文学,,G3 小说,QT8 英雄、边疆与法外者文化传统 | QT8.2 欧洲骑士
瓦尔登湖.md,R5,★,十九世纪—现代美国文学传统,existing,T3 19世纪现代文学体系 · 国家文学、奴隶制回应与大众出版,核心经典与传统确立,T3 19世纪现代文学体系,R5 北美文学,M2 19世纪文学思潮 / 超验主义 | M2 19世纪文学思潮 | M5.2 权力、身份与世界批评,G3 小说,QH4 社会、阶级与劳动 | QH8 信仰、伦理与超越
瓦罗奇里手稿.md,R6,△,前哥伦布—原住民文学传统,author_model,T6 当代全球文学 · 后独裁记忆、迁徙与跨国文学重组,区域扩展阅读,T6 当代全球文学,R6 拉丁美洲与加勒比,M5 战后与当代美学范式,G3 小说,QT9 神话、传说与民间叙事
瓦西蓬戈.md,R6,△,拉丁美洲与加勒比综合—具体内部传统待读后校准,provisional_region,T6 当代全球文学 · 后独裁记忆、迁徙与跨国文学重组,区域扩展阅读,T6 当代全球文学,R6 拉丁美洲与加勒比,M5 战后与当代美学范式,G3 小说,QH5 权力、制度与秩序
瓦解.md,R7,★,西非英语文学传统,existing,T5 二战后多极文学 · 独立、去殖民化与国家文学建构,殖民回应与民族文学建构,T5 二战后多极文学,R7 非洲文学,M5 战后与当代美学范式 | M4 集体文学运动与文化政治 | M5.2 权力、身份与世界批评,G3 小说,QT7 历史叙事
甘十九妹.md,R2,△,东亚文学综合—具体内部传统待读后校准,provisional_region,T5 二战后多极文学 · 战争革命、国家文学与社会重构,区域扩展阅读,T5 二战后多极文学,R2 东亚文学,M5 战后与当代美学范式,G3 小说,QT8 英雄、边疆与法外者文化传统 | QT8.1 武侠
甘蔗.md,R5,◆,非裔美国文学传统,existing,T4 全球现代主义时代 · 现代主义、哈莱姆复兴与类型扩张,文类形成与区域典范,T4 全球现代主义时代,R5 北美文学,M3.1 现代主义 / Modernism | M4 集体文学运动与文化政治,G3 小说,QH3 身份、身体与归属
甘露街.md,R1,△,阿拉伯文学传统,existing,T5 二战后多极文学 · 战后国家建构、流亡与现代转型,区域扩展阅读,T5 二战后多极文学,R1 西亚—地中海古老传统,M5 战后与当代美学范式,G3 小说,QH2.3 家庭与家族
生命与希望之歌.md,R6,△,拉丁美洲与加勒比综合—具体内部传统待读后校准,provisional_region,T3 19世纪现代文学体系 · 独立建国、浪漫主义与国家文学,区域扩展阅读,T3 19世纪现代文学体系,R6 拉丁美洲与加勒比,M2 19世纪文学思潮 / 拉美 Modernismo | M2 19世纪文学思潮,G3 小说,QH3 身份、身体与归属
生命中不能承受之轻.md,R4,★,中欧文学传统,existing,T6 当代全球文学 · 欧洲一体化、迁徙经验与当代重组,离散迁徙与跨区域连接,T6 当代全球文学,R4 欧洲文学,M5 战后与当代美学范式,G3 小说,QH3 身份、身体与归属
生命中不能承受之轻.md,R10,★,跨语言—自译与语言转换文学传统,existing,T6 当代全球文学 · 全球迁徙、数字传播与跨语文学网络,离散迁徙与跨区域连接,T6 当代全球文学,R4 欧洲文学,M5 战后与当代美学范式,G3 小说,QH3 身份、身体与归属
生命之歌.md,R2,△,东亚文学综合—具体内部传统待读后校准,provisional_region,T6 当代全球文学 · 都市经验、媒介转型与跨国传播,区域扩展阅读,T6 当代全球文学,R2 东亚文学,M5 战后与当代美学范式,G3 小说,QT2 科幻
生命册.md,R2,△,东亚文学综合—具体内部传统待读后校准,provisional_region,T6 当代全球文学 · 都市经验、媒介转型与跨国传播,区域扩展阅读,T6 当代全球文学,R2 东亚文学,M5 战后与当代美学范式,G3 小说,QH6 战争、暴力与创伤
生态乌托邦.md,R5,△,北美文学综合—具体内部传统待读后校准,provisional_region,T5 二战后多极文学 · 战后反文化、族裔文学与媒介繁荣,文类形成与区域典范,T5 二战后多极文学,R5 北美文学,M5 战后与当代美学范式,G3 小说,QT2 科幻
生日晚会.md,R4,△,欧洲文学综合—具体内部传统待读后校准,provisional_region,T5 二战后多极文学 · 战后重建、记忆政治与后现代转型,区域扩展阅读,T5 二战后多极文学,R4 欧洲文学,M5.1 战后思想与美学范式,G3 小说,QH3 身份、身体与归属 | QH1 自我、存在与生命
生死疲劳.md,R2,△,东亚文学综合—具体内部传统待读后校准,provisional_region,T6 当代全球文学 · 都市经验、媒介转型与跨国传播,区域扩展阅读,T6 当代全球文学,R2 东亚文学,M5 战后与当代美学范式,G3 小说,QH2.3 家庭与家族 | QH7 历史、记忆与时间
生活与命运.md,R4,△,欧洲文学综合—具体内部传统待读后校准,provisional_region,T6 当代全球文学 · 欧洲一体化、迁徙经验与当代重组,区域扩展阅读,T6 当代全球文学,R4 欧洲文学,M5 战后与当代美学范式,G3 小说,QT7 历史叙事 | QH6 战争、暴力与创伤
生活在别处.md,R4,△,中欧文学传统,author_model,T5 二战后多极文学 · 战后重建、记忆政治与后现代转型,区域扩展阅读,T5 二战后多极文学,R4 欧洲文学,M5 战后与当代美学范式,G3 小说,QH6 战争、暴力与创伤
生活是我的姐妹.md,R4,△,欧洲文学综合—具体内部传统待读后校准,provisional_region,T4 全球现代主义时代 · 战争危机、现代主义与先锋实验,区域扩展阅读,T4 全球现代主义时代,R4 欧洲文学,M3.1 现代主义 / Modernism,G1 诗歌,QH1 自我、存在与生命
田纳西的伙伴.md,R5,△,北美文学综合—具体内部传统待读后校准,provisional_region,T6 当代全球文学 · 多元身份、数字媒介与全球传播,区域扩展阅读,T6 当代全球文学,R5 北美文学,M5 战后与当代美学范式,G3 小说,QT8 英雄、边疆与法外者文化传统 | QT8.5 西部
甲贺忍法帖.md,R2,△,东亚文学综合—具体内部传统待读后校准,provisional_region,T5 二战后多极文学 · 战争革命、国家文学与社会重构,区域扩展阅读,T5 二战后多极文学,R2 东亚文学,M5 战后与当代美学范式,G3 小说,QT8 英雄、边疆与法外者文化传统 | QT8.3 日本武士与剑豪
申诉.md,R4,△,欧洲文学综合—具体内部传统待读后校准,provisional_region,T6 当代全球文学 · 欧洲一体化、迁徙经验与当代重组,区域扩展阅读,T6 当代全球文学,R4 欧洲文学,M5 战后与当代美学范式,G3 小说,QT1 推理与犯罪叙事
电车83.md,R7,★,中非—大湖区文学传统,existing,T6 当代全球文学 · 后殖民批判、城市经验与全球离散,核心经典与传统确立,T6 当代全球文学,R7 非洲文学,M5 战后与当代美学范式,G3 小说,QH5 权力、制度与秩序
画眉鸟.md,R2,△,东亚文学综合—具体内部传统待读后校准,provisional_region,T5 二战后多极文学 · 战争革命、国家文学与社会重构,区域扩展阅读,T5 二战后多极文学,R2 东亚文学,M5 战后与当代美学范式,G3 小说,QT8 英雄、边疆与法外者文化传统 | QT8.1 武侠
留下.md,R4,△,欧洲文学综合—具体内部传统待读后校准,provisional_region,T5 二战后多极文学 · 战后重建、记忆政治与后现代转型,区域扩展阅读,T5 二战后多极文学,R4 欧洲文学,M5 战后与当代美学范式,G3 小说,QH6 战争、暴力与创伤
疯爱.md,R4,△,欧洲文学综合—具体内部传统待读后校准,provisional_region,T4 全球现代主义时代 · 战争危机、现代主义与先锋实验,区域扩展阅读,T4 全球现代主义时代,R4 欧洲文学,M3.2 先锋派,G3 小说,QH5 权力、制度与秩序 | QH2.1 爱情与欲望
疯狂山脉.md,R5,△,北美文学综合—具体内部传统待读后校准,provisional_region,T4 全球现代主义时代 · 现代主义、哈莱姆复兴与类型扩张,文类形成与区域典范,T4 全球现代主义时代,R5 北美文学,M3 现代主义与先锋派,G3 小说,QT2 科幻 | QT4 恐怖与哥特 | QT5 冒险与探索叙事
疯狂欲望.md,R6,△,拉丁美洲与加勒比综合—具体内部传统待读后校准,provisional_region,T6 当代全球文学 · 后独裁记忆、迁徙与跨国文学重组,区域扩展阅读,T6 当代全球文学,R6 拉丁美洲与加勒比,M5 战后与当代美学范式,G3 小说,QH2.1 爱情与欲望
疯狂的奥兰多.md,R4,◆,意大利文学传统,existing,T2 早期现代文学 · 文艺复兴、宗教改革与印刷公共领域,源头与经典奠基,T2 早期现代文学,R4 欧洲文学,M1 早期现代思想与美学,G3 小说,QT8 英雄、边疆与法外者文化传统 | QT8.2 欧洲骑士
疯癫亚当.md,R5,△,英语加拿大文学传统,author_model,T6 当代全球文学 · 多元身份、数字媒介与全球传播,区域扩展阅读,T6 当代全球文学,R5 北美文学,M5 战后与当代美学范式 | M5.2 权力、身份与世界批评,G3 小说,QT6 乌托邦、反乌托邦与社会想象
疲倦的布鲁斯.md,R5,△,北美文学综合—具体内部传统待读后校准,provisional_region,T4 全球现代主义时代 · 现代主义、哈莱姆复兴与类型扩张,区域扩展阅读,T4 全球现代主义时代,R5 北美文学,M3.1 现代主义 / Modernism,G3 小说,QH3 身份、身体与归属
疲惫的布鲁斯.md,R5,△,北美文学综合—具体内部传统待读后校准,provisional_region,T4 全球现代主义时代 · 现代主义、哈莱姆复兴与类型扩张,区域扩展阅读,T4 全球现代主义时代,R5 北美文学,M4 集体文学运动与文化政治,G1 诗歌,QH4 社会、阶级与劳动
疾病解读人.md,R5,★,亚裔美国文学传统,existing,T6 当代全球文学 · 多元身份、数字媒介与全球传播,核心经典与传统确立,T6 当代全球文学,R5 北美文学,M5 战后与当代美学范式,G3 小说,QH3 身份、身体与归属
病隙碎笔.md,R2,△,东亚文学综合—具体内部传统待读后校准,provisional_region,T6 当代全球文学 · 都市经验、媒介转型与跨国传播,区域扩展阅读,T6 当代全球文学,R2 东亚文学,M5 战后与当代美学范式,G4 散文与随笔 | G5 生命书写,QH1 自我、存在与生命 | QH7 历史、记忆与时间 | QH8 信仰、伦理与超越
痛苦.md,R4,△,欧洲文学综合—具体内部传统待读后校准,provisional_region,T6 当代全球文学 · 欧洲一体化、迁徙经验与当代重组,区域扩展阅读,T6 当代全球文学,R4 欧洲文学,M5 战后与当代美学范式,G3 小说,QH6 战争、暴力与创伤
痛苦之都.md,R4,△,欧洲文学综合—具体内部传统待读后校准,provisional_region,T4 全球现代主义时代 · 战争危机、现代主义与先锋实验,区域扩展阅读,T4 全球现代主义时代,R4 欧洲文学,M3.2 先锋派,G1 诗歌,QH2.1 爱情与欲望 | QH1 自我、存在与生命
痴人之爱.md,R2,△,东亚文学综合—具体内部传统待读后校准,provisional_region,T4 全球现代主义时代 · 殖民现代性、新文学与形式实验,区域扩展阅读,T4 全球现代主义时代,R2 东亚文学,M3.1 现代主义 / Modernism,G3 小说,QH5 权力、制度与秩序
痴儿西木传.md,R4,△,欧洲文学综合—具体内部传统待读后校准,provisional_region,T2 早期现代文学 · 文艺复兴、宗教改革与印刷公共领域,区域扩展阅读,T2 早期现代文学,R4 欧洲文学,M1 早期现代思想与美学,G3 小说,QH6 战争、暴力与创伤
瘦子.md,R5,△,北美文学综合—具体内部传统待读后校准,provisional_region,T4 全球现代主义时代 · 现代主义、哈莱姆复兴与类型扩张,区域扩展阅读,T4 全球现代主义时代,R5 北美文学,M3 现代主义与先锋派,G3 小说,QT1 推理与犯罪叙事
瘦子麦麦德.md,R1,△,土耳其—奥斯曼文学传统,existing,T5 二战后多极文学 · 战后国家建构、流亡与现代转型,区域扩展阅读,T5 二战后多极文学,R1 西亚—地中海古老传统,M5 战后与当代美学范式,G3 小说,QH5 权力、制度与秩序
瘾君子.md,R5,△,北美文学综合—具体内部传统待读后校准,provisional_region,T5 二战后多极文学 · 战后反文化、族裔文学与媒介繁荣,区域扩展阅读,T5 二战后多极文学,R5 北美文学,M4 集体文学运动与文化政治,G3 小说,QH4 社会、阶级与劳动
癌症楼.md,R4,△,欧洲文学综合—具体内部传统待读后校准,provisional_region,T5 二战后多极文学 · 战后重建、记忆政治与后现代转型,区域扩展阅读,T5 二战后多极文学,R4 欧洲文学,M5 战后与当代美学范式,G3 小说,QH6 战争、暴力与创伤
癞皮鹦鹉.md,R6,◆,墨西哥—中美洲文学传统,existing,T6 当代全球文学 · 后独裁记忆、迁徙与跨国文学重组,殖民回应与民族文学建构,T6 当代全球文学,R6 拉丁美洲与加勒比,M5 战后与当代美学范式,G3 小说,QH5 权力、制度与秩序
白卫军.md,R4,△,俄罗斯文学传统,author_model,T4 全球现代主义时代 · 战争危机、现代主义与先锋实验,区域扩展阅读,T4 全球现代主义时代,R4 欧洲文学,M5 战后与当代美学范式,G3 小说,QH2.3 家庭与家族
白发魔女传.md,R2,△,东亚文学综合—具体内部传统待读后校准,provisional_region,T5 二战后多极文学 · 战争革命、国家文学与社会重构,区域扩展阅读,T5 二战后多极文学,R2 东亚文学,M5 战后与当代美学范式,G3 小说,QT8 英雄、边疆与法外者文化传统 | QT8.1 武侠
白噪音.md,R4,△,欧洲文学综合—具体内部传统待读后校准,provisional_region,T5 二战后多极文学 · 战后重建、记忆政治与后现代转型,区域扩展阅读,T5 二战后多极文学,R4 欧洲文学,M5.1 战后思想与美学范式,G3 小说,QH4 社会、阶级与劳动
白夜行.md,R2,△,东亚文学综合—具体内部传统待读后校准,provisional_region,T6 当代全球文学 · 都市经验、媒介转型与跨国传播,区域扩展阅读,T6 当代全球文学,R2 东亚文学,M5 战后与当代美学范式,G3 小说,QT1 推理与犯罪叙事 | QH1 自我、存在与生命 | QH4 社会、阶级与劳动
白昼之光.md,R4,△,欧洲文学综合—具体内部传统待读后校准,provisional_region,T5 二战后多极文学 · 战后重建、记忆政治与后现代转型,区域扩展阅读,T5 二战后多极文学,R4 欧洲文学,M5 战后与当代美学范式,G3 小说,QH6 战争、暴力与创伤
白牙.md,R5,△,北美文学综合—具体内部传统待读后校准,provisional_region,T4 全球现代主义时代 · 现代主义、哈莱姆复兴与类型扩张,翻译与跨传统连接,T4 全球现代主义时代,R9 大洋洲与太平洋 | R5 北美文学,M3 现代主义与先锋派,G3 小说,QT5 冒险与探索叙事
白牙.md,R9,◆,澳大利亚殖民—国家文学传统,existing,T4 全球现代主义时代 · 战争经验、现代主义与区域认同,翻译与跨传统连接,T4 全球现代主义时代,R9 大洋洲与太平洋 | R5 北美文学,M3 现代主义与先锋派,G3 小说,QT5 冒险与探索叙事
白牙.md,R10,★,全球移民—后殖民都市文学传统,existing,T4 全球现代主义时代 · 流亡、现代主义与国际文学网络,离散迁徙与跨区域连接,T4 全球现代主义时代,R9 大洋洲与太平洋 | R5 北美文学,M3 现代主义与先锋派,G3 小说,QT5 冒险与探索叙事
白狼.md,R4,△,欧洲文学综合—具体内部传统待读后校准,provisional_region,T3 19世纪现代文学体系 · 浪漫主义、现实主义与民族文学体系,文类形成与区域典范,T3 19世纪现代文学体系,R4 欧洲文学,M2 19世纪文学思潮,G3 小说,QT8 英雄、边疆与法外者文化传统 | QT8.4 欧洲剑客
白痴.md,R4,△,俄罗斯文学传统,author_model,T3 19世纪现代文学体系 · 浪漫主义、现实主义与民族文学体系,区域扩展阅读,T3 19世纪现代文学体系,R4 欧洲文学,M2 19世纪文学思潮,G3 小说,QH4 社会、阶级与劳动
白色人.md,R5,△,北美文学综合—具体内部传统待读后校准,provisional_region,T4 全球现代主义时代 · 现代主义、哈莱姆复兴与类型扩张,区域扩展阅读,T4 全球现代主义时代,R5 北美文学,M5 战后与当代美学范式,G3 小说,QT4 恐怖与哥特
白虎.md,R3,△,南亚文学综合—具体内部传统待读后校准,provisional_region,T6 当代全球文学 · 全球南亚、英语写作与地方传统重组,区域扩展阅读,T6 当代全球文学,R3 南亚文学,M5 战后与当代美学范式,G3 小说,QH3 身份、身体与归属
白衣女人.md,R4,△,欧洲文学综合—具体内部传统待读后校准,provisional_region,T3 19世纪现代文学体系 · 浪漫主义、现实主义与民族文学体系,区域扩展阅读,T3 19世纪现代文学体系,R4 欧洲文学,M2 19世纪文学思潮,G3 小说,QT1 推理与犯罪叙事
白门柳.md,R2,△,东亚文学综合—具体内部传统待读后校准,provisional_region,T6 当代全球文学 · 都市经验、媒介转型与跨国传播,区域扩展阅读,T6 当代全球文学,R2 东亚文学,M5 战后与当代美学范式,G3 小说,QT7 历史叙事
白雪公主.md,R4,△,欧洲文学综合—具体内部传统待读后校准,provisional_region,T5 二战后多极文学 · 战后重建、记忆政治与后现代转型,区域扩展阅读,T5 二战后多极文学,R4 欧洲文学,M5.1 战后思想与美学范式,G3 小说,QH1 自我、存在与生命
白马啸西风.md,R2,△,东亚文学综合—具体内部传统待读后校准,provisional_region,T5 二战后多极文学 · 战争革命、国家文学与社会重构,区域扩展阅读,T5 二战后多极文学,R2 东亚文学,M5 战后与当代美学范式,G3 小说,QT8 英雄、边疆与法外者文化传统 | QT8.1 武侠
白鲸.md,R5,★,十九世纪—现代美国文学传统,existing,T3 19世纪现代文学体系 · 国家文学、奴隶制回应与大众出版,源头与经典奠基,T3 19世纪现代文学体系,R5 北美文学,M2 19世纪文学思潮 | M2 19世纪文学思潮 / 超验主义 | M5.2 权力、身份与世界批评,G3 小说,QT5 冒险与探索叙事 | QH1 自我、存在与生命 | QH7 自然、环境与地方
白鹿原.md,R2,△,东亚文学综合—具体内部传统待读后校准,provisional_region,T6 当代全球文学 · 都市经验、媒介转型与跨国传播,区域扩展阅读,T6 当代全球文学,R2 东亚文学,M5 战后与当代美学范式,G3 小说,QH2.3 家庭与家族 | QH7 历史、记忆与时间
百亿昼与千亿夜.md,R2,△,东亚文学综合—具体内部传统待读后校准,provisional_region,T6 当代全球文学 · 都市经验、媒介转型与跨国传播,区域扩展阅读,T6 当代全球文学,R2 东亚文学,M5 战后与当代美学范式,G3 小说,QT2 科幻
百头女.md,R4,△,欧洲文学综合—具体内部传统待读后校准,provisional_region,T4 全球现代主义时代 · 战争危机、现代主义与先锋实验,区域扩展阅读,T4 全球现代主义时代,R4 欧洲文学,M3.2 先锋派,G3 小说,QH1 自我、存在与生命
百年孤独.md,R6,△,拉丁美洲与加勒比综合—具体内部传统待读后校准,provisional_region,T5 二战后多极文学 · 革命经验、文学爆炸与独裁回应,区域扩展阅读,T5 二战后多极文学,R6 拉丁美洲与加勒比,M5 战后与当代美学范式 | M5.1 战后思想与美学范式 | M4 集体文学运动与文化政治,G3 小说,QH2.3 家庭与家族 | QH2.5 童年与成长 | QH7 历史、记忆与时间
百科全书.md,R4,△,欧洲文学综合—具体内部传统待读后校准,provisional_region,T2 早期现代文学 · 文艺复兴、宗教改革与印刷公共领域,区域扩展阅读,T2 早期现代文学,R4 欧洲文学,M1 早期现代思想与美学,G3 小说,QH5 权力、制度与秩序
皇家刺客.md,R5,△,北美文学综合—具体内部传统待读后校准,provisional_region,T6 当代全球文学 · 多元身份、数字媒介与全球传播,源头与经典奠基,T6 当代全球文学,R5 北美文学,M5 战后与当代美学范式,G3 小说,QT3 奇幻
皮囊.md,R2,△,东亚文学综合—具体内部传统待读后校准,provisional_region,T6 当代全球文学 · 都市经验、媒介转型与跨国传播,区域扩展阅读,T6 当代全球文学,R2 东亚文学,M5 战后与当代美学范式,G5 生命书写,QH2.3 家庭与家族 | QH7 历史、记忆与时间
盆栽.md,R6,△,拉丁美洲与加勒比综合—具体内部传统待读后校准,provisional_region,T6 当代全球文学 · 后独裁记忆、迁徙与跨国文学重组,区域扩展阅读,T6 当代全球文学,R6 拉丁美洲与加勒比,M5 战后与当代美学范式,G3 小说,QH5 权力、制度与秩序
盐城.md,R1,△,阿拉伯文学传统,existing,T6 当代全球文学 · 当代冲突、迁徙与全球传播,区域扩展阅读,T6 当代全球文学,R1 西亚—地中海古老传统,M5 战后与当代美学范式,G3 小说,QH3 身份、身体与归属
盐屋.md,R10,★,阿拉伯—中东离散文学传统,existing,T6 当代全球文学 · 全球迁徙、数字传播与跨语文学网络,离散迁徙与跨区域连接,T6 当代全球文学,R10 跨区域文学传统,M5 战后与当代美学范式,G3 小说,QH5 权力、制度与秩序 | QH2.3 家庭与家族
盐的代价.md,R5,△,北美文学综合—具体内部传统待读后校准,provisional_region,T5 二战后多极文学 · 战后反文化、族裔文学与媒介繁荣,区域扩展阅读,T5 二战后多极文学,R5 北美文学,M5 战后与当代美学范式 | M5.2 权力、身份与世界批评,G3 小说,QH2.1 爱情与欲望
盗墓笔记.md,R2,△,东亚文学综合—具体内部传统待读后校准,provisional_region,T6 当代全球文学 · 都市经验、媒介转型与跨国传播,文类形成与区域典范,T6 当代全球文学,R2 东亚文学,M5 战后与当代美学范式,G3 小说,QT3 奇幻 | QT5 冒险与探索叙事 | QT8 英雄、边疆与法外者文化传统
盘龙.md,R2,△,东亚文学综合—具体内部传统待读后校准,provisional_region,T6 当代全球文学 · 都市经验、媒介转型与跨国传播,区域扩展阅读,T6 当代全球文学,R2 东亚文学,M5 战后与当代美学范式,G3 小说,QT3 奇幻
盛世.md,R2,△,东亚文学综合—具体内部传统待读后校准,provisional_region,T6 当代全球文学 · 都市经验、媒介转型与跨国传播,区域扩展阅读,T6 当代全球文学,R2 东亚文学,M5 战后与当代美学范式,G3 小说,QT6 乌托邦、反乌托邦与社会想象
盛世：中国2013年.md,R2,△,东亚文学综合—具体内部传统待读后校准,provisional_region,T6 当代全球文学 · 都市经验、媒介转型与跨国传播,区域扩展阅读,T6 当代全球文学,R2 东亚文学,M5 战后与当代美学范式,G3 小说,QT6 乌托邦、反乌托邦与社会想象
目送.md,R2,△,东亚文学综合—具体内部传统待读后校准,provisional_region,T6 当代全球文学 · 都市经验、媒介转型与跨国传播,区域扩展阅读,T6 当代全球文学,R2 东亚文学,M5 战后与当代美学范式,G4 散文与随笔,QH2.3 家庭与家族 | QH7 历史、记忆与时间
盲人行路指南.md,R6,△,拉丁美洲与加勒比综合—具体内部传统待读后校准,provisional_region,T6 当代全球文学 · 后独裁记忆、迁徙与跨国文学重组,区域扩展阅读,T6 当代全球文学,R6 拉丁美洲与加勒比,M5 战后与当代美学范式,G3 小说,QH5 权力、制度与秩序
盲刺客.md,R5,△,英语加拿大文学传统,author_model,T6 当代全球文学 · 多元身份、数字媒介与全球传播,区域扩展阅读,T6 当代全球文学,R5 北美文学,M5 战后与当代美学范式,G3 小说,QH3 身份、身体与归属
盲剑.md,R2,△,东亚文学综合—具体内部传统待读后校准,provisional_region,T5 二战后多极文学 · 战争革命、国家文学与社会重构,区域扩展阅读,T5 二战后多极文学,R2 东亚文学,M5 战后与当代美学范式,G3 小说,QT8 英雄、边疆与法外者文化传统 | QT8.3 日本武士与剑豪
盲枭.md,R1,△,波斯—伊朗文学传统,existing,T4 全球现代主义时代 · 帝国危机、现代主义与语言革新,区域扩展阅读,T4 全球现代主义时代,R1 西亚—地中海古老传统,M3.1 现代主义 / Modernism,G3 小说,QH1 自我、存在与生命
盲视.md,R5,△,北美文学综合—具体内部传统待读后校准,provisional_region,T6 当代全球文学 · 多元身份、数字媒介与全球传播,区域扩展阅读,T6 当代全球文学,R5 北美文学,M5 战后与当代美学范式,G3 小说,QT2 科幻
直到死亡将我们分开.md,R5,△,北美文学综合—具体内部传统待读后校准,provisional_region,T4 全球现代主义时代 · 现代主义、哈莱姆复兴与类型扩张,区域扩展阅读,T4 全球现代主义时代,R5 北美文学,M3 现代主义与先锋派,G3 小说,QT1 推理与犯罪叙事
相似者.md,R4,△,欧洲文学综合—具体内部传统待读后校准,provisional_region,T6 当代全球文学 · 欧洲一体化、迁徙经验与当代重组,区域扩展阅读,T6 当代全球文学,R4 欧洲文学,M5 战后与当代美学范式,G3 小说,QT1 推理与犯罪叙事
看不见的人.md,R5,★,非裔美国文学传统,existing,T5 二战后多极文学 · 战后反文化、族裔文学与媒介繁荣,翻译与跨传统连接,T5 二战后多极文学,R10.2 非洲离散文学 | R5 北美文学,M5 战后与当代美学范式,G3 小说,QH2.5 童年与成长 | QH4 社会、阶级与劳动
看不见的人.md,R10,★,非洲离散文学传统,existing,T5 二战后多极文学 · 去殖民化、离散共同体与世界文学重组,离散迁徙与跨区域连接,T5 二战后多极文学,R10.2 非洲离散文学 | R5 北美文学,M5 战后与当代美学范式,G3 小说,QH2.5 童年与成长 | QH4 社会、阶级与劳动
看不见的城市.md,R4,◆,意大利文学传统,existing,T5 二战后多极文学 · 战后重建、记忆政治与后现代转型,文类形成与区域典范,T5 二战后多极文学,R4 欧洲文学,M5 战后与当代美学范式,G3 小说,QH6 战争、暴力与创伤
真主并非必须.md,R7,△,西非法语文学传统,author_model,T6 当代全球文学 · 后殖民批判、城市经验与全球离散,殖民回应与民族文学建构,T6 当代全球文学,R7 非洲文学,M5 战后与当代美学范式,G3 小说,QH2.5 童年与成长 | QH6 战争、暴力与创伤
真名实姓.md,R5,△,北美文学综合—具体内部传统待读后校准,provisional_region,T6 当代全球文学 · 多元身份、数字媒介与全球传播,区域扩展阅读,T6 当代全球文学,R5 北美文学,M5 战后与当代美学范式,G3 小说,QT2 科幻
真田太平记.md,R2,△,东亚文学综合—具体内部传统待读后校准,provisional_region,T6 当代全球文学 · 都市经验、媒介转型与跨国传播,区域扩展阅读,T6 当代全球文学,R2 东亚文学,M5 战后与当代美学范式,G3 小说,QT8 英雄、边疆与法外者文化传统 | QT8.3 日本武士与剑豪
真空地带.md,R2,△,东亚文学综合—具体内部传统待读后校准,provisional_region,T5 二战后多极文学 · 战争革命、国家文学与社会重构,区域扩展阅读,T5 二战后多极文学,R2 东亚文学,M5 战后与当代美学范式,G3 小说,QH6 战争、暴力与创伤
眼前的野兽.md,R5,△,北美文学综合—具体内部传统待读后校准,provisional_region,T5 二战后多极文学 · 战后反文化、族裔文学与媒介繁荣,区域扩展阅读,T5 二战后多极文学,R5 北美文学,M5 战后与当代美学范式,G3 小说,QH6 战争、暴力与创伤
短暂的一生.md,R6,△,拉丁美洲与加勒比综合—具体内部传统待读后校准,provisional_region,T6 当代全球文学 · 后独裁记忆、迁徙与跨国文学重组,区域扩展阅读,T6 当代全球文学,R6 拉丁美洲与加勒比,M5 战后与当代美学范式,G3 小说,QH5 权力、制度与秩序
矮子射上来的小球.md,R2,◆,朝鲜半岛文学传统,existing,T6 当代全球文学 · 都市经验、媒介转型与跨国传播,传统转型与区域扩展,T6 当代全球文学,R2 东亚文学,M5 战后与当代美学范式,G3 小说,QH4 社会、阶级与劳动
石天使.md,R5,★,英语加拿大文学传统,existing,T6 当代全球文学 · 多元身份、数字媒介与全球传播,核心经典与传统确立,T6 当代全球文学,R5 北美文学,M5 战后与当代美学范式,G3 小说,QH3 身份、身体与归属
石天空.md,R5,△,北美文学综合—具体内部传统待读后校准,provisional_region,T6 当代全球文学 · 多元身份、数字媒介与全球传播,区域扩展阅读,T6 当代全球文学,R5 北美文学,M5 战后与当代美学范式,G3 小说,QH3 身份、身体与归属
石头日记.md,R5,△,北美文学综合—具体内部传统待读后校准,provisional_region,T6 当代全球文学 · 多元身份、数字媒介与全球传播,区域扩展阅读,T6 当代全球文学,R5 北美文学,M5 战后与当代美学范式,G3 小说,QH3 身份、身体与归属
石头的审判.md,R4,△,欧洲文学综合—具体内部传统待读后校准,provisional_region,T5 二战后多极文学 · 战后重建、记忆政治与后现代转型,区域扩展阅读,T5 二战后多极文学,R4 欧洲文学,M5 战后与当代美学范式,G3 小说,QT1 推理与犯罪叙事
石油！.md,R5,△,北美文学综合—具体内部传统待读后校准,provisional_region,T4 全球现代主义时代 · 现代主义、哈莱姆复兴与类型扩张,区域扩展阅读,T4 全球现代主义时代,R5 北美文学,M4 集体文学运动与文化政治,G3 小说,QH4 社会、阶级与劳动 | QH5 权力、制度与秩序
石钟山记.md,R2,△,东亚文学综合—具体内部传统待读后校准,provisional_region,T1 中古多中心文学世界 · 宗教传播、宫廷文化与区域交流,区域扩展阅读,T1 中古多中心文学世界,R2 东亚文学,,G6 纪实与文学非虚构,QT14 旅行与游记
矿井.md,R2,△,东亚文学综合—具体内部传统待读后校准,provisional_region,T4 全球现代主义时代 · 殖民现代性、新文学与形式实验,区域扩展阅读,T4 全球现代主义时代,R2 东亚文学,M4 集体文学运动与文化政治,G3 小说,QH4 社会、阶级与劳动
砂器.md,R2,△,东亚文学综合—具体内部传统待读后校准,provisional_region,T5 二战后多极文学 · 战争革命、国家文学与社会重构,区域扩展阅读,T5 二战后多极文学,R2 东亚文学,M5 战后与当代美学范式,G3 小说,QT1 推理与犯罪叙事
砂女.md,R2,△,东亚文学综合—具体内部传统待读后校准,provisional_region,T5 二战后多极文学 · 战争革命、国家文学与社会重构,区域扩展阅读,T5 二战后多极文学,R2 东亚文学,M5 战后与当代美学范式,G3 小说,QH1 自我、存在与生命
砖巷.md,R10,★,南亚离散文学传统,existing,T6 当代全球文学 · 全球迁徙、数字传播与跨语文学网络,离散迁徙与跨区域连接,T6 当代全球文学,R10 跨区域文学传统,M5 战后与当代美学范式,G3 小说,QH3 身份、身体与归属
破狱.md,R2,△,东亚文学综合—具体内部传统待读后校准,provisional_region,T6 当代全球文学 · 都市经验、媒介转型与跨国传播,区域扩展阅读,T6 当代全球文学,R2 东亚文学,M5 战后与当代美学范式,G3 小说,QT7 历史叙事
破碎的四月.md,R4,★,巴尔干与东南欧文学传统,existing,T6 当代全球文学 · 欧洲一体化、迁徙经验与当代重组,文类形成与区域典范,T6 当代全球文学,R4 欧洲文学,M5 战后与当代美学范式,G3 小说,QH5 权力、制度与秩序
碧血剑.md,R2,△,东亚文学综合—具体内部传统待读后校准,provisional_region,T5 二战后多极文学 · 战争革命、国家文学与社会重构,区域扩展阅读,T5 二战后多极文学,R2 东亚文学,M5 战后与当代美学范式,G3 小说,QT8 英雄、边疆与法外者文化传统 | QT8.1 武侠
磁场.md,R4,△,欧洲文学综合—具体内部传统待读后校准,provisional_region,T4 全球现代主义时代 · 战争危机、现代主义与先锋实验,区域扩展阅读,T4 全球现代主义时代,R4 欧洲文学,M3.2 先锋派,G3 小说,QH1 自我、存在与生命
社会契约论.md,R4,△,欧洲文学综合—具体内部传统待读后校准,provisional_region,T2 早期现代文学 · 文艺复兴、宗教改革与印刷公共领域,区域扩展阅读,T2 早期现代文学,R4 欧洲文学,M1 早期现代思想与美学,G3 小说,QH4 社会、阶级与劳动 | QH5 权力、制度与秩序
社会毒瘤.md,R8,★,菲律宾文学传统,existing,T3 19世纪现代文学体系 · 殖民公共领域与民族语言文学形成,殖民回应与民族文学建构,T3 19世纪现代文学体系,R8 东南亚文学,M2 19世纪文学思潮,G3 小说,QH5 权力、制度与秩序 | QH3 身份、身体与归属
祖国.md,R4,△,欧洲文学综合—具体内部传统待读后校准,provisional_region,T6 当代全球文学 · 欧洲一体化、迁徙经验与当代重组,文类形成与区域典范,T6 当代全球文学,R4 欧洲文学,M5 战后与当代美学范式,G3 小说,QT2 科幻 | QT7 历史叙事
神人克劳狄乌斯.md,R4,△,欧洲文学综合—具体内部传统待读后校准,provisional_region,T4 全球现代主义时代 · 战争危机、现代主义与先锋实验,区域扩展阅读,T4 全球现代主义时代,R4 欧洲文学,M3 现代主义与先锋派,G3 小说,QT7 历史叙事
神们自己.md,R5,△,北美文学综合—具体内部传统待读后校准,provisional_region,T5 二战后多极文学 · 战后反文化、族裔文学与媒介繁荣,区域扩展阅读,T5 二战后多极文学,R5 北美文学,M5 战后与当代美学范式,G3 小说,QT2 科幻
神圣十四行诗.md,R4,△,欧洲文学综合—具体内部传统待读后校准,provisional_region,T2 早期现代文学 · 文艺复兴、宗教改革与印刷公共领域,区域扩展阅读,T2 早期现代文学,R4 欧洲文学,M1 早期现代思想与美学,G1 诗歌,QH3 身份、身体与归属 | QH8 信仰、伦理与超越
神圣的饥饿.md,R4,△,欧洲文学综合—具体内部传统待读后校准,provisional_region,T6 当代全球文学 · 欧洲一体化、迁徙经验与当代重组,区域扩展阅读,T6 当代全球文学,R4 欧洲文学,M5 战后与当代美学范式,G3 小说,QH3 身份、身体与归属
神曲.md,R4,★,意大利文学传统,existing,T1 中古多中心文学世界 · 基督教、宫廷与俗语文学形成,源头与经典奠基,T1 中古多中心文学世界,R4 欧洲文学,,G1 诗歌,QH8 信仰、伦理与超越
神的木片.md,R7,△,非洲文学综合—具体内部传统待读后校准,provisional_region,T5 二战后多极文学 · 独立、去殖民化与国家文学建构,区域扩展阅读,T5 二战后多极文学,R7 非洲文学,M5 战后与当代美学范式 | M4 集体文学运动与文化政治,G3 小说,QH6 战争、暴力与创伤
神秘岛.md,R4,△,欧洲文学综合—具体内部传统待读后校准,provisional_region,T3 19世纪现代文学体系 · 浪漫主义、现实主义与民族文学体系,区域扩展阅读,T3 19世纪现代文学体系,R4 欧洲文学,M2 19世纪文学思潮,G3 小说,QT2 科幻 | QT5 冒险与探索叙事
神秘河.md,R5,△,北美文学综合—具体内部传统待读后校准,provisional_region,T6 当代全球文学 · 多元身份、数字媒介与全球传播,区域扩展阅读,T6 当代全球文学,R5 北美文学,M5 战后与当代美学范式,G3 小说,QT1 推理与犯罪叙事
神箭.md,R7,◆,西非英语文学传统,existing,T5 二战后多极文学 · 独立、去殖民化与国家文学建构,殖民回应与民族文学建构,T5 二战后多极文学,R7 非洲文学,M5 战后与当代美学范式 | M4 集体文学运动与文化政治 | M5.2 权力、身份与世界批评,G3 小说,QH6 战争、暴力与创伤
神经漫游者.md,R5,△,北美文学综合—具体内部传统待读后校准,provisional_region,T6 当代全球文学 · 多元身份、数字媒介与全球传播,区域扩展阅读,T6 当代全球文学,R5 北美文学,M5 战后与当代美学范式,G3 小说,QT2 科幻 | QT6 乌托邦、反乌托邦与社会想象
神话史.md,R4,◆,现代希腊文学传统,existing,T6 当代全球文学 · 欧洲一体化、迁徙经验与当代重组,源头与经典奠基,T6 当代全球文学,R4 欧洲文学,M5 战后与当代美学范式,G1 诗歌,QH5 权力、制度与秩序
神谱.md,R1,△,古希腊文学传统,existing,T0 文学源头与古代文学 · 古代文字、史诗与经典传统形成,区域扩展阅读,T0 文学源头与古代文学,R1 西亚—地中海古老传统,,G1 诗歌,QT9 神话、传说与民间叙事
神雕侠侣.md,R2,△,东亚文学综合—具体内部传统待读后校准,provisional_region,T5 二战后多极文学 · 战争革命、国家文学与社会重构,区域扩展阅读,T5 二战后多极文学,R2 东亚文学,M5 战后与当代美学范式,G3 小说,QT8 英雄、边疆与法外者文化传统 | QT8.1 武侠
禁卫军之树.md,R4,△,欧洲文学综合—具体内部传统待读后校准,provisional_region,T6 当代全球文学 · 欧洲一体化、迁徙经验与当代重组,区域扩展阅读,T6 当代全球文学,R4 欧洲文学,M5 战后与当代美学范式,G3 小说,QH3 身份、身体与归属
禁忌之恋.md,R1,★,土耳其—奥斯曼文学传统,existing,T4 全球现代主义时代 · 帝国危机、现代主义与语言革新,文类形成与区域典范,T4 全球现代主义时代,R1 西亚—地中海古老传统,M3 现代主义与先锋派,G3 小说,QH1 自我、存在与生命
禁闭.md,R4,△,欧洲文学综合—具体内部传统待读后校准,provisional_region,T4 全球现代主义时代 · 战争危机、现代主义与先锋实验,区域扩展阅读,T4 全球现代主义时代,R4 欧洲文学,M5 战后与当代美学范式 | M5.1 战后思想与美学范式,G2 戏剧,QH6 战争、暴力与创伤
禁闭岛.md,R5,△,北美文学综合—具体内部传统待读后校准,provisional_region,T6 当代全球文学 · 多元身份、数字媒介与全球传播,区域扩展阅读,T6 当代全球文学,R5 北美文学,M5 战后与当代美学范式,G3 小说,QT1 推理与犯罪叙事
福.md,R7,△,南部非洲文学传统,author_model,T6 当代全球文学 · 后殖民批判、城市经验与全球离散,区域扩展阅读,T6 当代全球文学,R7 非洲文学,M5 战后与当代美学范式,G3 小说,QT5 冒险与探索叙事
福尔图娜塔和哈辛塔.md,R4,△,欧洲文学综合—具体内部传统待读后校准,provisional_region,T3 19世纪现代文学体系 · 浪漫主义、现实主义与民族文学体系,区域扩展阅读,T3 19世纪现代文学体系,R4 欧洲文学,M2 19世纪文学思潮 / 现实主义 | M2 19世纪文学思潮,G3 小说,QH4 社会、阶级与劳动
福尔摩斯探案集.md,R4,△,欧洲文学综合—具体内部传统待读后校准,provisional_region,T4 全球现代主义时代 · 战争危机、现代主义与先锋实验,区域扩展阅读,T4 全球现代主义时代,R4 欧洲文学,M2 19世纪文学思潮,G3 小说,QT1 推理与犯罪叙事 | QH1 自我、存在与生命
福尔摩斯探案集·冒险史.md,R4,△,欧洲文学综合—具体内部传统待读后校准,provisional_region,T4 全球现代主义时代 · 战争危机、现代主义与先锋实验,区域扩展阅读,T4 全球现代主义时代,R4 欧洲文学,M2 19世纪文学思潮,G3 小说,QT1 推理与犯罪叙事
福尔摩斯探案集·回忆录.md,R4,△,欧洲文学综合—具体内部传统待读后校准,provisional_region,T4 全球现代主义时代 · 战争危机、现代主义与先锋实验,区域扩展阅读,T4 全球现代主义时代,R4 欧洲文学,M2 19世纪文学思潮,G3 小说,QT1 推理与犯罪叙事
离婚.md,R2,△,东亚文学综合—具体内部传统待读后校准,provisional_region,T4 全球现代主义时代 · 殖民现代性、新文学与形式实验,区域扩展阅读,T4 全球现代主义时代,R2 东亚文学,M2 19世纪文学思潮,G3 小说,QH2.1 爱情与欲望 | QH2.3 家庭与家族 | QH4 社会、阶级与劳动
离开者.md,R10,◆,华人—华语离散文学传统,existing,T6 当代全球文学 · 全球迁徙、数字传播与跨语文学网络,离散迁徙与跨区域连接,T6 当代全球文学,R10 跨区域文学传统,M5 战后与当代美学范式,G3 小说,QH3 身份、身体与归属 | QH5 权力、制度与秩序
秀拉.md,R5,△,北美文学综合—具体内部传统待读后校准,provisional_region,T5 二战后多极文学 · 战后反文化、族裔文学与媒介繁荣,区域扩展阅读,T5 二战后多极文学,R5 北美文学,M5 战后与当代美学范式,G3 小说,QH6 战争、暴力与创伤
私酒贩的女儿.md,R5,△,北美文学综合—具体内部传统待读后校准,provisional_region,T6 当代全球文学 · 多元身份、数字媒介与全球传播,区域扩展阅读,T6 当代全球文学,R5 北美文学,M5 战后与当代美学范式,G3 小说,QH3 身份、身体与归属
秃头歌女.md,R4,△,欧洲文学综合—具体内部传统待读后校准,provisional_region,T5 二战后多极文学 · 战后重建、记忆政治与后现代转型,区域扩展阅读,T5 二战后多极文学,R4 欧洲文学,M5 战后与当代美学范式 | M5.1 战后思想与美学范式,G2 戏剧,QH6 战争、暴力与创伤
秋.md,R2,△,东亚文学综合—具体内部传统待读后校准,provisional_region,T4 全球现代主义时代 · 殖民现代性、新文学与形式实验,区域扩展阅读,T4 全球现代主义时代,R2 东亚文学,M3 现代主义与先锋派,G3 小说,QH2.3 家庭与家族
科西嘉兄弟.md,R4,△,欧洲文学综合—具体内部传统待读后校准,provisional_region,T3 19世纪现代文学体系 · 浪漫主义、现实主义与民族文学体系,区域扩展阅读,T3 19世纪现代文学体系,R4 欧洲文学,M2 19世纪文学思潮,G3 小说,QT8 英雄、边疆与法外者文化传统 | QT8.4 欧洲剑客
科雷马故事.md,R4,△,欧洲文学综合—具体内部传统待读后校准,provisional_region,T5 二战后多极文学 · 战后重建、记忆政治与后现代转型,区域扩展阅读,T5 二战后多极文学,R4 欧洲文学,M5 战后与当代美学范式,G3 小说,QH6 战争、暴力与创伤
秘鲁传说.md,R6,△,拉丁美洲与加勒比综合—具体内部传统待读后校准,provisional_region,T6 当代全球文学 · 后独裁记忆、迁徙与跨国文学重组,区域扩展阅读,T6 当代全球文学,R6 拉丁美洲与加勒比,M5 战后与当代美学范式,G3 小说,QH5 权力、制度与秩序
秦腔.md,R2,△,东亚文学综合—具体内部传统待读后校准,provisional_region,T6 当代全球文学 · 都市经验、媒介转型与跨国传播,区域扩展阅读,T6 当代全球文学,R2 东亚文学,M5 战后与当代美学范式,G3 小说,QH6 战争、暴力与创伤
移动火星.md,R5,△,北美文学综合—具体内部传统待读后校准,provisional_region,T6 当代全球文学 · 多元身份、数字媒介与全球传播,区域扩展阅读,T6 当代全球文学,R5 北美文学,M5 战后与当代美学范式,G3 小说,QH3 身份、身体与归属
移动靶.md,R5,△,北美文学综合—具体内部传统待读后校准,provisional_region,T5 二战后多极文学 · 战后反文化、族裔文学与媒介繁荣,区域扩展阅读,T5 二战后多极文学,R5 北美文学,M5 战后与当代美学范式,G3 小说,QT1 推理与犯罪叙事
移居北方的时节.md,R1,△,西亚—地中海综合—具体内部传统待读后校准,provisional_region,T5 二战后多极文学 · 战后国家建构、流亡与现代转型,殖民回应与民族文学建构,T5 二战后多极文学,R1 西亚—地中海古老传统,M5 战后与当代美学范式,G3 小说,QH5 权力、制度与秩序
移居北方的时节.md,R10,★,阿拉伯—中东离散文学传统,existing,T5 二战后多极文学 · 去殖民化、离散共同体与世界文学重组,离散迁徙与跨区域连接,T5 二战后多极文学,R1 西亚—地中海古老传统,M5 战后与当代美学范式,G3 小说,QH5 权力、制度与秩序
移民.md,R10,★,流亡—难民—无国籍文学传统,existing,T6 当代全球文学 · 全球迁徙、数字传播与跨语文学网络,离散迁徙与跨区域连接,T6 当代全球文学,R10 跨区域文学传统,M5 战后与当代美学范式,G3 小说,QH7 历史、记忆与时间 | QH3 身份、身体与归属
穆斯林的葬礼.md,R2,△,东亚文学综合—具体内部传统待读后校准,provisional_region,T6 当代全球文学 · 都市经验、媒介转型与跨国传播,区域扩展阅读,T6 当代全球文学,R2 东亚文学,M5 战后与当代美学范式,G3 小说,QH2.3 家庭与家族 | QH3.3 种族与族群
穆迪.md,R7,★,南部非洲文学传统,existing,T6 当代全球文学 · 后殖民批判、城市经验与全球离散,文类形成与区域典范,T6 当代全球文学,R7 非洲文学,M5 战后与当代美学范式,G3 小说,QH5 权力、制度与秩序
穷人的基督.md,R7,△,非洲文学综合—具体内部传统待读后校准,provisional_region,T5 二战后多极文学 · 独立、去殖民化与国家文学建构,区域扩展阅读,T5 二战后多极文学,R7 非洲文学,M4 集体文学运动与文化政治,G3 小说,QH3 身份、身体与归属
空杯.md,R6,△,拉丁美洲与加勒比综合—具体内部传统待读后校准,provisional_region,T6 当代全球文学 · 后独裁记忆、迁徙与跨国文学重组,区域扩展阅读,T6 当代全球文学,R6 拉丁美洲与加勒比,M5 战后与当代美学范式,G3 小说,QH5 权力、制度与秩序
穿绿裤子的唐·希尔.md,R4,△,欧洲文学综合—具体内部传统待读后校准,provisional_region,T2 早期现代文学 · 文艺复兴、宗教改革与印刷公共领域,区域扩展阅读,T2 早期现代文学,R4 欧洲文学,M1 早期现代思想与美学,G3 小说,QT8 英雄、边疆与法外者文化传统 | QT8.4 欧洲剑客
穿越.md,R5,△,十九世纪—现代美国文学传统,author_model,T6 当代全球文学 · 多元身份、数字媒介与全球传播,翻译与跨传统连接,T6 当代全球文学,R8 东南亚文学 | R5 北美文学,M5 战后与当代美学范式,G3 小说,QT8 英雄、边疆与法外者文化传统 | QT8.5 西部
穿越.md,R8,★,东帝汶—小巽他文学传统,existing,T6 当代全球文学 · 城市化、跨语写作与东南亚离散,翻译与跨传统连接,T6 当代全球文学,R8 东南亚文学 | R5 北美文学,M5 战后与当代美学范式,G3 小说,QT8 英雄、边疆与法外者文化传统 | QT8.5 西部
穿越时空的少女.md,R2,△,东亚文学综合—具体内部传统待读后校准,provisional_region,T6 当代全球文学 · 都市经验、媒介转型与跨国传播,区域扩展阅读,T6 当代全球文学,R2 东亚文学,M5 战后与当代美学范式,G3 小说,QT2 科幻
窗外.md,R2,△,东亚文学综合—具体内部传统待读后校准,provisional_region,T5 二战后多极文学 · 战争革命、国家文学与社会重构,区域扩展阅读,T5 二战后多极文学,R2 东亚文学,M5 战后与当代美学范式,G3 小说,QH2.1 爱情与欲望
窗边的小豆豆.md,R2,△,东亚文学综合—具体内部传统待读后校准,provisional_region,T6 当代全球文学 · 都市经验、媒介转型与跨国传播,区域扩展阅读,T6 当代全球文学,R2 东亚文学,M5 战后与当代美学范式,G3 小说 | G5 生命书写,QH2.3 家庭与家族 | QH2.5 童年与成长
窥视者.md,R4,△,欧洲文学综合—具体内部传统待读后校准,provisional_region,T5 二战后多极文学 · 战后重建、记忆政治与后现代转型,区域扩展阅读,T5 二战后多极文学,R4 欧洲文学,M5.1 战后思想与美学范式,G3 小说,QH1 自我、存在与生命
站在桑给巴尔.md,R4,△,欧洲文学综合—具体内部传统待读后校准,provisional_region,T5 二战后多极文学 · 战后重建、记忆政治与后现代转型,区域扩展阅读,T5 二战后多极文学,R4 欧洲文学,M5 战后与当代美学范式,G3 小说,QT6 乌托邦、反乌托邦与社会想象
章鱼.md,R4,△,欧洲文学综合—具体内部传统待读后校准,provisional_region,T3 19世纪现代文学体系 · 浪漫主义、现实主义与民族文学体系,区域扩展阅读,T3 19世纪现代文学体系,R4 欧洲文学,M2 19世纪文学思潮 / 自然主义 | M2 19世纪文学思潮,G3 小说,QH4 社会、阶级与劳动
童年.md,R4,△,欧洲文学综合—具体内部传统待读后校准,provisional_region,T4 全球现代主义时代 · 战争危机、现代主义与先锋实验,区域扩展阅读,T4 全球现代主义时代,R4 欧洲文学,M3 现代主义与先锋派,G3 小说,QH2.5 童年与成长
童年·少年·青年.md,R4,△,俄罗斯文学传统,author_model,T3 19世纪现代文学体系 · 浪漫主义、现实主义与民族文学体系,区域扩展阅读,T3 19世纪现代文学体系,R4 欧洲文学,M2 19世纪文学思潮,G3 小说,QH2.5 童年与成长
童年的终结.md,R4,△,欧洲文学综合—具体内部传统待读后校准,provisional_region,T5 二战后多极文学 · 战后重建、记忆政治与后现代转型,区域扩展阅读,T5 二战后多极文学,R4 欧洲文学,M5 战后与当代美学范式,G3 小说,QT2 科幻
竹林中.md,R2,△,东亚文学综合—具体内部传统待读后校准,provisional_region,T4 全球现代主义时代 · 殖民现代性、新文学与形式实验,区域扩展阅读,T4 全球现代主义时代,R2 东亚文学,M3 现代主义与先锋派,G3 小说,QH5 权力、制度与秩序
笑傲江湖.md,R2,△,东亚文学综合—具体内部传统待读后校准,provisional_region,T5 二战后多极文学 · 战争革命、国家文学与社会重构,区域扩展阅读,T5 二战后多极文学,R2 东亚文学,M5 战后与当代美学范式,G3 小说,QT8 英雄、边疆与法外者文化传统 | QT8.1 武侠 | QT8.7 侠盗
笑孩.md,R5,△,北美文学综合—具体内部传统待读后校准,provisional_region,T4 全球现代主义时代 · 现代主义、哈莱姆复兴与类型扩张,区域扩展阅读,T4 全球现代主义时代,R5 北美文学,M3 现代主义与先锋派,G3 小说,QH1 自我、存在与生命
笑忘录.md,R4,△,中欧文学传统,author_model,T5 二战后多极文学 · 战后重建、记忆政治与后现代转型,区域扩展阅读,T5 二战后多极文学,R4 欧洲文学,M5 战后与当代美学范式,G3 小说,QH7 历史、记忆与时间
笑的咒语.md,R4,△,欧洲文学综合—具体内部传统待读后校准,provisional_region,T4 全球现代主义时代 · 战争危机、现代主义与先锋实验,区域扩展阅读,T4 全球现代主义时代,R4 欧洲文学,M3.2 先锋派,G1 诗歌,QH1 自我、存在与生命
笨伯联盟.md,R5,△,北美文学综合—具体内部传统待读后校准,provisional_region,T6 当代全球文学 · 多元身份、数字媒介与全球传播,区域扩展阅读,T6 当代全球文学,R5 北美文学,M5 战后与当代美学范式,G3 小说,QH3 身份、身体与归属
第一圈.md,R4,△,欧洲文学综合—具体内部传统待读后校准,provisional_region,T5 二战后多极文学 · 战后重建、记忆政治与后现代转型,区域扩展阅读,T5 二战后多极文学,R4 欧洲文学,M5 战后与当代美学范式,G3 小说,QH6 战争、暴力与创伤
第一梦（索尔·胡安娜）.md,R6,△,拉丁美洲与加勒比综合—具体内部传统待读后校准,provisional_region,T2 早期现代文学 · 殖民编年、巴洛克与混合文化形成,区域扩展阅读,T2 早期现代文学,R6 拉丁美洲与加勒比,M1 早期现代思想与美学,G1 诗歌,QH1 自我、存在与生命 | QH8 信仰、伦理与超越
第一炉香.md,R2,△,东亚文学综合—具体内部传统待读后校准,provisional_region,T4 全球现代主义时代 · 殖民现代性、新文学与形式实验,区域扩展阅读,T4 全球现代主义时代,R2 东亚文学,M5 战后与当代美学范式,G3 小说,QH2.1 爱情与欲望
第七天.md,R2,△,东亚文学综合—具体内部传统待读后校准,provisional_region,T6 当代全球文学 · 都市经验、媒介转型与跨国传播,区域扩展阅读,T6 当代全球文学,R2 东亚文学,M5 战后与当代美学范式,G3 小说,QH1 自我、存在与生命 | QH2.3 家庭与家族 | QH7 历史、记忆与时间
第二个太阳.md,R2,△,东亚文学综合—具体内部传统待读后校准,provisional_region,T6 当代全球文学 · 都市经验、媒介转型与跨国传播,区域扩展阅读,T6 当代全球文学,R2 东亚文学,M5 战后与当代美学范式,G3 小说,QH6 战争、暴力与创伤
第二十二条军规.md,R5,◆,十九世纪—现代美国文学传统,existing,T5 二战后多极文学 · 战后反文化、族裔文学与媒介繁荣,文类形成与区域典范,T5 二战后多极文学,R5 北美文学,M5 战后与当代美学范式,G3 小说,QT5 冒险与探索叙事 | QT7 历史叙事 | QH6 战争、暴力与创伤
第二基地.md,R5,△,北美文学综合—具体内部传统待读后校准,provisional_region,T5 二战后多极文学 · 战后反文化、族裔文学与媒介繁荣,区域扩展阅读,T5 二战后多极文学,R5 北美文学,M5 战后与当代美学范式,G3 小说,QT2 科幻
第五件事.md,R5,◆,英语加拿大文学传统,existing,T6 当代全球文学 · 多元身份、数字媒介与全球传播,传统转型与区域扩展,T6 当代全球文学,R5 北美文学,M5 战后与当代美学范式,G3 小说,QH7 历史、记忆与时间 | QH3 身份、身体与归属
第五号屠宰场.md,R5,△,北美文学综合—具体内部传统待读后校准,provisional_region,T5 二战后多极文学 · 战后反文化、族裔文学与媒介繁荣,区域扩展阅读,T5 二战后多极文学,R5 北美文学,M5.1 战后思想与美学范式,G3 小说,QH6 战争、暴力与创伤 | QH7 历史、记忆与时间
第五季.md,R5,△,北美文学综合—具体内部传统待读后校准,provisional_region,T6 当代全球文学 · 多元身份、数字媒介与全球传播,源头与经典奠基,T6 当代全球文学,R5 北美文学,M5 战后与当代美学范式 | M5.2 权力、身份与世界批评,G3 小说,QT2 科幻 | QT3 奇幻
第十一站.md,R5,△,北美文学综合—具体内部传统待读后校准,provisional_region,T6 当代全球文学 · 多元身份、数字媒介与全球传播,文类形成与区域典范,T6 当代全球文学,R5 北美文学,M5 战后与当代美学范式,G3 小说,QT2 科幻 | QT6 乌托邦、反乌托邦与社会想象
第十二夜.md,R4,△,欧洲文学综合—具体内部传统待读后校准,provisional_region,T2 早期现代文学 · 文艺复兴、宗教改革与印刷公共领域,区域扩展阅读,T2 早期现代文学,R4 欧洲文学,M1 早期现代思想与美学,G3 小说,QH2.1 爱情与欲望
第四间冰期.md,R2,△,东亚文学综合—具体内部传统待读后校准,provisional_region,T5 二战后多极文学 · 战争革命、国家文学与社会重构,区域扩展阅读,T5 二战后多极文学,R2 东亚文学,M5 战后与当代美学范式,G3 小说,QT2 科幻 | QT6 乌托邦、反乌托邦与社会想象
等待.md,R10,◆,跨语言—自译与语言转换文学传统,existing,T6 当代全球文学 · 全球迁徙、数字传播与跨语文学网络,离散迁徙与跨区域连接,T6 当代全球文学,R10 跨区域文学传统,M5 战后与当代美学范式,G3 小说,QH3 身份、身体与归属
等待戈多.md,R4,△,欧洲文学综合—具体内部传统待读后校准,provisional_region,T5 二战后多极文学 · 战后重建、记忆政治与后现代转型,区域扩展阅读,T5 二战后多极文学,R4 欧洲文学,M5 战后与当代美学范式 | M5.1 战后思想与美学范式,G2 戏剧,QH6 战争、暴力与创伤
等待的岁月.md,R2,△,东亚文学综合—具体内部传统待读后校准,provisional_region,T2 早期现代文学 · 印刷扩展、通俗文类与文人传统成熟,区域扩展阅读,T2 早期现代文学,R2 东亚文学,M1 早期现代思想与美学,G3 小说,QH2.3 家庭与家族
等待野兽投票.md,R7,◆,西非法语文学传统,existing,T6 当代全球文学 · 后殖民批判、城市经验与全球离散,传统转型与区域扩展,T6 当代全球文学,R7 非洲文学,M5 战后与当代美学范式,G3 小说,QH6 战争、暴力与创伤
等待野蛮人.md,R7,△,南部非洲文学传统,author_model,T6 当代全球文学 · 后殖民批判、城市经验与全球离散,区域扩展阅读,T6 当代全球文学,R7 非洲文学,M5 战后与当代美学范式,G3 小说,QH3 身份、身体与归属
答索尔·菲洛泰亚.md,R6,△,拉丁美洲与加勒比综合—具体内部传统待读后校准,provisional_region,T6 当代全球文学 · 后独裁记忆、迁徙与跨国文学重组,区域扩展阅读,T6 当代全球文学,R6 拉丁美洲与加勒比,M5 战后与当代美学范式,G3 小说,QH5 权力、制度与秩序
答索尔·菲洛泰亚修女.md,R4,△,欧洲文学综合—具体内部传统待读后校准,provisional_region,T2 早期现代文学 · 文艺复兴、宗教改革与印刷公共领域,区域扩展阅读,T2 早期现代文学,R4 欧洲文学,M1 早期现代思想与美学,G3 小说,QH3 身份、身体与归属
简·布罗迪小姐的青春.md,R4,△,欧洲文学综合—具体内部传统待读后校准,provisional_region,T5 二战后多极文学 · 战后重建、记忆政治与后现代转型,区域扩展阅读,T5 二战后多极文学,R4 欧洲文学,M5 战后与当代美学范式,G3 小说,QH6 战争、暴力与创伤
简·爱.md,R4,△,欧洲文学综合—具体内部传统待读后校准,provisional_region,T3 19世纪现代文学体系 · 浪漫主义、现实主义与民族文学体系,区域扩展阅读,T3 19世纪现代文学体系,R4 欧洲文学,M2 19世纪文学思潮,G3 小说,QH2.1 爱情与欲望 | QH2.3 家庭与家族 | QH2.5 童年与成长
米丽亚玛.md,R7,◆,西非法语文学传统,existing,T6 当代全球文学 · 后殖民批判、城市经验与全球离散,传统转型与区域扩展,T6 当代全球文学,R7 非洲文学,M5 战后与当代美学范式,G3 小说,QH3 身份、身体与归属
米尔诗选.md,R3,★,波斯语—Hindavi—乌尔都文学传统,existing,T6 当代全球文学 · 全球南亚、英语写作与地方传统重组,核心经典与传统确立,T6 当代全球文学,R3 南亚文学,M5 战后与当代美学范式,G1 诗歌,QH5 权力、制度与秩序
米德尔马契.md,R4,△,欧洲文学综合—具体内部传统待读后校准,provisional_region,T3 19世纪现代文学体系 · 浪漫主义、现实主义与民族文学体系,区域扩展阅读,T3 19世纪现代文学体系,R4 欧洲文学,M2 19世纪文学思潮 | M2 19世纪文学思潮 / 现实主义,G3 小说,QH2.3 家庭与家族 | QH2.1 爱情与欲望
米德洛锡安的心.md,R4,△,欧洲文学综合—具体内部传统待读后校准,provisional_region,T3 19世纪现代文学体系 · 浪漫主义、现实主义与民族文学体系,区域扩展阅读,T3 19世纪现代文学体系,R4 欧洲文学,M2 19世纪文学思潮,G3 小说,QT7 历史叙事
米拉拜诗选.md,R3,◆,北印度俗语—Bhakti与印地文学传统,existing,T6 当代全球文学 · 全球南亚、英语写作与地方传统重组,传统转型与区域扩展,T6 当代全球文学,R3 南亚文学,M5 战后与当代美学范式,G1 诗歌,QH3 身份、身体与归属
米格尔街.md,R6,◆,英语加勒比文学传统,existing,T6 当代全球文学 · 后独裁记忆、迁徙与跨国文学重组,殖民回应与民族文学建构,T6 当代全球文学,R6 拉丁美洲与加勒比,M5 战后与当代美学范式,G3 小说,QH3 身份、身体与归属
米泽丽.md,R5,△,北美文学综合—具体内部传统待读后校准,provisional_region,T6 当代全球文学 · 多元身份、数字媒介与全球传播,区域扩展阅读,T6 当代全球文学,R5 北美文学,M5 战后与当代美学范式,G3 小说,QT4 恐怖与哥特
米示拿.md,R1,◆,希伯来—犹太文学传统,existing,T0 文学源头与古代文学 · 古代文字、史诗与经典传统形成,传统转型与区域扩展,T0 文学源头与古代文学,R1 西亚—地中海古老传统,,G3 小说,QH8 信仰、伦理与超越
精灵之屋.md,R6,△,南锥体—拉普拉塔文学传统,author_model,T6 当代全球文学 · 后独裁记忆、迁徙与跨国文学重组,区域扩展阅读,T6 当代全球文学,R6 拉丁美洲与加勒比,M5 战后与当代美学范式,G3 小说,QH2.3 家庭与家族
精灵守护者.md,R2,△,东亚文学综合—具体内部传统待读后校准,provisional_region,T6 当代全球文学 · 都市经验、媒介转型与跨国传播,区域扩展阅读,T6 当代全球文学,R2 东亚文学,M5 战后与当代美学范式,G3 小说,QT3 奇幻
精灵宝钻.md,R4,△,欧洲文学综合—具体内部传统待读后校准,provisional_region,T5 二战后多极文学 · 战后重建、记忆政治与后现代转型,区域扩展阅读,T5 二战后多极文学,R4 欧洲文学,M5 战后与当代美学范式,G3 小说,QT3 奇幻
精灵王之女.md,R4,△,欧洲文学综合—具体内部传统待读后校准,provisional_region,T4 全球现代主义时代 · 战争危机、现代主义与先锋实验,文类形成与区域典范,T4 全球现代主义时代,R4 欧洲文学,M3 现代主义与先锋派,G3 小说,QT3 奇幻
素心.md,R8,◆,越南汉喃—国语文学传统,existing,T4 全球现代主义时代 · 民族主义、现代主义与反殖民写作,殖民回应与民族文学建构,T4 全球现代主义时代,R8 东南亚文学,M3 现代主义与先锋派,G3 小说,QH3 身份、身体与归属
素食者.md,R2,△,东亚文学综合—具体内部传统待读后校准,provisional_region,T6 当代全球文学 · 都市经验、媒介转型与跨国传播,区域扩展阅读,T6 当代全球文学,R2 东亚文学,M5 战后与当代美学范式,G3 小说,QH1 自我、存在与生命 | QH3.1 性别与身体
索列姆之歌.md,R4,△,伊比利亚文学传统,author_model,T1 中古多中心文学世界 · 基督教、宫廷与俗语文学形成,区域扩展阅读,T1 中古多中心文学世界,R4 欧洲文学,,G3 小说,QT9 神话、传说与民间叙事
索宁克史诗.md,R7,◆,口传—史诗与本土语言传统,existing,T6 当代全球文学 · 后殖民批判、城市经验与全球离散,语言、书写与媒介转型,T6 当代全球文学,R7 非洲文学,M5 战后与当代美学范式,G3 小说,QH5 权力、制度与秩序
索尔·胡安娜诗选.md,R6,★,殖民编年史—巴洛克与克里奥尔文学传统,existing,T6 当代全球文学 · 后独裁记忆、迁徙与跨国文学重组,殖民回应与民族文学建构,T6 当代全球文学,R6 拉丁美洲与加勒比,M5 战后与当代美学范式,G1 诗歌,QH3 身份、身体与归属
索拉里斯星.md,R4,△,欧洲文学综合—具体内部传统待读后校准,provisional_region,T5 二战后多极文学 · 战后重建、记忆政治与后现代转型,区域扩展阅读,T5 二战后多极文学,R4 欧洲文学,M5 战后与当代美学范式,G3 小说,QT2 科幻
紫丁香庄事件.md,R2,△,东亚文学综合—具体内部传统待读后校准,provisional_region,T5 二战后多极文学 · 战争革命、国家文学与社会重构,区域扩展阅读,T5 二战后多极文学,R2 东亚文学,M5 战后与当代美学范式,G3 小说,QT1 推理与犯罪叙事
紫电青霜.md,R2,△,东亚文学综合—具体内部传统待读后校准,provisional_region,T5 二战后多极文学 · 战争革命、国家文学与社会重构,区域扩展阅读,T5 二战后多极文学,R2 东亚文学,M5 战后与当代美学范式,G3 小说,QT8 英雄、边疆与法外者文化传统 | QT8.1 武侠
紫线镇尼巡逻队.md,R3,△,南亚文学综合—具体内部传统待读后校准,provisional_region,T6 当代全球文学 · 全球南亚、英语写作与地方传统重组,区域扩展阅读,T6 当代全球文学,R3 南亚文学,M5 战后与当代美学范式,G3 小说,QH3 身份、身体与归属
紫色.md,R5,◆,非裔美国文学传统,existing,T5 二战后多极文学 · 战后反文化、族裔文学与媒介繁荣,传统转型与区域扩展,T5 二战后多极文学,R5 北美文学,M5.2 权力、身份与世界批评,G5 生命书写,QH3 身份、身体与归属 | QH1 自我、存在与生命
紫色姐妹花.md,R5,△,北美文学综合—具体内部传统待读后校准,provisional_region,T6 当代全球文学 · 多元身份、数字媒介与全球传播,区域扩展阅读,T6 当代全球文学,R5 北美文学,M5 战后与当代美学范式,G3 小说,QH2.5 童年与成长
紫色木槿.md,R7,△,西非英语文学传统,author_model,T6 当代全球文学 · 后殖民批判、城市经验与全球离散,区域扩展阅读,T6 当代全球文学,R7 非洲文学,M5 战后与当代美学范式,G3 小说,QH2.5 童年与成长
紫艾草骑士.md,R5,△,北美文学综合—具体内部传统待读后校准,provisional_region,T4 全球现代主义时代 · 现代主义、哈莱姆复兴与类型扩张,区域扩展阅读,T4 全球现代主义时代,R5 北美文学,M3 现代主义与先锋派,G3 小说,QT8 英雄、边疆与法外者文化传统 | QT8.5 西部
繁花.md,R2,△,东亚文学综合—具体内部传统待读后校准,provisional_region,T6 当代全球文学 · 都市经验、媒介转型与跨国传播,区域扩展阅读,T6 当代全球文学,R2 东亚文学,M5 战后与当代美学范式,G3 小说,QH6 战争、暴力与创伤
红与黑.md,R4,△,欧洲文学综合—具体内部传统待读后校准,provisional_region,T3 19世纪现代文学体系 · 浪漫主义、现实主义与民族文学体系,区域扩展阅读,T3 19世纪现代文学体系,R4 欧洲文学,M2 19世纪文学思潮 | M2 19世纪文学思潮 / 现实主义,G3 小说,QH2.5 童年与成长
红姐妹玛丽.md,R5,△,北美文学综合—具体内部传统待读后校准,provisional_region,T4 全球现代主义时代 · 现代主义、哈莱姆复兴与类型扩张,区域扩展阅读,T4 全球现代主义时代,R5 北美文学,M3 现代主义与先锋派,G3 小说,QH1 自我、存在与生命
红字.md,R5,★,十九世纪—现代美国文学传统,existing,T3 19世纪现代文学体系 · 国家文学、奴隶制回应与大众出版,核心经典与传统确立,T3 19世纪现代文学体系,R5 北美文学,M2 19世纪文学思潮 | M2 19世纪文学思潮 / 超验主义,G3 小说,QT7 历史叙事
红屋骑士.md,R4,△,欧洲文学综合—具体内部传统待读后校准,provisional_region,T3 19世纪现代文学体系 · 浪漫主义、现实主义与民族文学体系,区域扩展阅读,T3 19世纪现代文学体系,R4 欧洲文学,M2 19世纪文学思潮,G3 小说,QT8 英雄、边疆与法外者文化传统 | QT8.4 欧洲剑客
红拂夜奔.md,R2,△,东亚文学综合—具体内部传统待读后校准,provisional_region,T6 当代全球文学 · 都市经验、媒介转型与跨国传播,区域扩展阅读,T6 当代全球文学,R2 东亚文学,M5 战后与当代美学范式,G3 小说,QH5 权力、制度与秩序
红楼梦.md,R2,△,东亚文学综合—具体内部传统待读后校准,provisional_region,T2 早期现代文学 · 印刷扩展、通俗文类与文人传统成熟,区域扩展阅读,T2 早期现代文学,R2 东亚文学,M1 早期现代思想与美学,G3 小说,QH2.1 爱情与欲望 | QH2.3 家庭与家族 | QH2.5 童年与成长
红死病的假面.md,R5,△,北美文学综合—具体内部传统待读后校准,provisional_region,T3 19世纪现代文学体系 · 国家文学、奴隶制回应与大众出版,区域扩展阅读,T3 19世纪现代文学体系,R5 北美文学,M2 19世纪文学思潮,G3 小说,QT4 恐怖与哥特
红火星.md,R5,△,北美文学综合—具体内部传统待读后校准,provisional_region,T6 当代全球文学 · 多元身份、数字媒介与全球传播,区域扩展阅读,T6 当代全球文学,R5 北美文学,M5 战后与当代美学范式,G3 小说,QT2 科幻
红玫瑰与白玫瑰.md,R2,△,东亚文学综合—具体内部传统待读后校准,provisional_region,T4 全球现代主义时代 · 殖民现代性、新文学与形式实验,区域扩展阅读,T4 全球现代主义时代,R2 东亚文学,M5 战后与当代美学范式,G3 小说,QH2.1 爱情与欲望
红线传.md,R2,△,东亚文学综合—具体内部传统待读后校准,provisional_region,T6 当代全球文学 · 都市经验、媒介转型与跨国传播,区域扩展阅读,T6 当代全球文学,R2 东亚文学,M5 战后与当代美学范式,G3 小说,QT8 英雄、边疆与法外者文化传统 | QT8.1 武侠
红色尖叫.md,R5,△,北美文学综合—具体内部传统待读后校准,provisional_region,T6 当代全球文学 · 多元身份、数字媒介与全球传播,区域扩展阅读,T6 当代全球文学,R5 北美文学,M5 战后与当代美学范式,G3 小说,QH3 身份、身体与归属
红色收获.md,R5,△,北美文学综合—具体内部传统待读后校准,provisional_region,T4 全球现代主义时代 · 现代主义、哈莱姆复兴与类型扩张,区域扩展阅读,T4 全球现代主义时代,R5 北美文学,M3 现代主义与先锋派,G3 小说,QT1 推理与犯罪叙事
红色海洋.md,R2,△,东亚文学综合—具体内部传统待读后校准,provisional_region,T6 当代全球文学 · 都市经验、媒介转型与跨国传播,区域扩展阅读,T6 当代全球文学,R2 东亚文学,M5 战后与当代美学范式,G3 小说,QT2 科幻
红花侠.md,R4,△,欧洲文学综合—具体内部传统待读后校准,provisional_region,T6 当代全球文学 · 欧洲一体化、迁徙经验与当代重组,区域扩展阅读,T6 当代全球文学,R4 欧洲文学,M5 战后与当代美学范式,G3 小说,QT7 历史叙事 | QT8 英雄、边疆与法外者文化传统 | QT8.2 欧洲骑士 | QT8.4 欧洲剑客
红衫.md,R5,△,北美文学综合—具体内部传统待读后校准,provisional_region,T6 当代全球文学 · 多元身份、数字媒介与全球传播,文类形成与区域典范,T6 当代全球文学,R5 北美文学,M5 战后与当代美学范式,G3 小说,QT2 科幻
红辣椒.md,R2,△,东亚文学综合—具体内部传统待读后校准,provisional_region,T6 当代全球文学 · 都市经验、媒介转型与跨国传播,区域扩展阅读,T6 当代全球文学,R2 东亚文学,M5 战后与当代美学范式,G3 小说,QT2 科幻
红钉.md,R5,△,北美文学综合—具体内部传统待读后校准,provisional_region,T4 全球现代主义时代 · 现代主义、哈莱姆复兴与类型扩张,文类形成与区域典范,T4 全球现代主义时代,R5 北美文学,M3 现代主义与先锋派,G3 小说,QT3 奇幻
红高粱家族.md,R2,△,东亚文学综合—具体内部传统待读后校准,provisional_region,T6 当代全球文学 · 都市经验、媒介转型与跨国传播,区域扩展阅读,T6 当代全球文学,R2 东亚文学,M5 战后与当代美学范式 | M5.1 战后思想与美学范式,G3 小说,QT7 历史叙事 | QH6 战争、暴力与创伤
红龙.md,R5,△,北美文学综合—具体内部传统待读后校准,provisional_region,T6 当代全球文学 · 多元身份、数字媒介与全球传播,区域扩展阅读,T6 当代全球文学,R5 北美文学,M5 战后与当代美学范式,G3 小说,QT1 推理与犯罪叙事
约伯记.md,R1,△,希伯来—犹太文学传统,existing,T0 文学源头与古代文学 · 古代文字、史诗与经典传统形成,区域扩展阅读,T0 文学源头与古代文学,R1 西亚—地中海古老传统,,G3 小说,QT9 神话、传说与民间叙事
约婚夫妇.md,R4,★,意大利文学传统,existing,T3 19世纪现代文学体系 · 浪漫主义、现实主义与民族文学体系,殖民回应与民族文学建构,T3 19世纪现代文学体系,R4 欧洲文学,M2 19世纪文学思潮,G3 小说,QT7 历史叙事
约翰·契弗短篇小说集.md,R5,△,北美文学综合—具体内部传统待读后校准,provisional_region,T5 二战后多极文学 · 战后反文化、族裔文学与媒介繁荣,文类形成与区域典范,T5 二战后多极文学,R5 北美文学,M5 战后与当代美学范式,G3 小说,QH6 战争、暴力与创伤
纪之川.md,R2,△,东亚文学综合—具体内部传统待读后校准,provisional_region,T5 二战后多极文学 · 战争革命、国家文学与社会重构,区域扩展阅读,T5 二战后多极文学,R2 东亚文学,M5 战后与当代美学范式,G3 小说,QH2.3 家庭与家族
纪尧姆之歌.md,R4,△,伊比利亚文学传统,author_model,T6 当代全球文学 · 欧洲一体化、迁徙经验与当代重组,区域扩展阅读,T6 当代全球文学,R4 欧洲文学,M5 战后与当代美学范式,G3 小说,QT8 英雄、边疆与法外者文化传统 | QT8.2 欧洲骑士
纯朴的诗.md,R6,△,拉丁美洲与加勒比综合—具体内部传统待读后校准,provisional_region,T6 当代全球文学 · 后独裁记忆、迁徙与跨国文学重组,区域扩展阅读,T6 当代全球文学,R6 拉丁美洲与加勒比,M5 战后与当代美学范式,G3 小说,QH5 权力、制度与秩序
纯洁的血.md,R4,△,欧洲文学综合—具体内部传统待读后校准,provisional_region,T6 当代全球文学 · 欧洲一体化、迁徙经验与当代重组,区域扩展阅读,T6 当代全球文学,R4 欧洲文学,M5 战后与当代美学范式,G3 小说,QT8 英雄、边疆与法外者文化传统 | QT8.4 欧洲剑客
纯真年代.md,R5,△,北美文学综合—具体内部传统待读后校准,provisional_region,T4 全球现代主义时代 · 现代主义、哈莱姆复兴与类型扩张,区域扩展阅读,T4 全球现代主义时代,R5 北美文学,M3 现代主义与先锋派,G3 小说,QH2.1 爱情与欲望
纳特·特纳的自白.md,R5,△,北美文学综合—具体内部传统待读后校准,provisional_region,T5 二战后多极文学 · 战后反文化、族裔文学与媒介繁荣,区域扩展阅读,T5 二战后多极文学,R5 北美文学,M5 战后与当代美学范式,G3 小说,QH6 战争、暴力与创伤
纺银.md,R5,△,北美文学综合—具体内部传统待读后校准,provisional_region,T6 当代全球文学 · 多元身份、数字媒介与全球传播,文类形成与区域典范,T6 当代全球文学,R5 北美文学,M5 战后与当代美学范式,G3 小说,QT3 奇幻
纽约2140.md,R5,△,北美文学综合—具体内部传统待读后校准,provisional_region,T6 当代全球文学 · 多元身份、数字媒介与全球传播,文类形成与区域典范,T6 当代全球文学,R5 北美文学,M5 战后与当代美学范式 | M5.2 权力、身份与世界批评,G3 小说,QT2 科幻
纽约三部曲.md,R4,△,欧洲文学综合—具体内部传统待读后校准,provisional_region,T5 二战后多极文学 · 战后重建、记忆政治与后现代转型,区域扩展阅读,T5 二战后多极文学,R4 欧洲文学,M5.1 战后思想与美学范式,G3 小说,QH3 身份、身体与归属
纽约诗人.md,R4,△,伊比利亚文学传统,author_model,T4 全球现代主义时代 · 战争危机、现代主义与先锋实验,区域扩展阅读,T4 全球现代主义时代,R4 欧洲文学,M3.1 现代主义 / Modernism,G1 诗歌,QH1 自我、存在与生命
组织部来了个年轻人.md,R2,△,东亚文学综合—具体内部传统待读后校准,provisional_region,T5 二战后多极文学 · 战争革命、国家文学与社会重构,区域扩展阅读,T5 二战后多极文学,R2 东亚文学,M5 战后与当代美学范式,G3 小说,QH6 战争、暴力与创伤
细雪.md,R2,△,东亚文学综合—具体内部传统待读后校准,provisional_region,T5 二战后多极文学 · 战争革命、国家文学与社会重构,区域扩展阅读,T5 二战后多极文学,R2 东亚文学,M3 现代主义与先锋派,G3 小说,QH2.3 家庭与家族
织工.md,R4,△,欧洲文学综合—具体内部传统待读后校准,provisional_region,T6 当代全球文学 · 欧洲一体化、迁徙经验与当代重组,文类形成与区域典范,T6 当代全球文学,R4 欧洲文学,M5 战后与当代美学范式 | M2 19世纪文学思潮 / 自然主义 | M2 19世纪文学思潮,G3 小说,QT3 奇幻
终局.md,R4,△,欧洲文学综合—具体内部传统待读后校准,provisional_region,T5 二战后多极文学 · 战后重建、记忆政治与后现代转型,区域扩展阅读,T5 二战后多极文学,R4 欧洲文学,M5.1 战后思想与美学范式,G3 小说,QH1 自我、存在与生命
终极实验.md,R5,△,北美文学综合—具体内部传统待读后校准,provisional_region,T6 当代全球文学 · 多元身份、数字媒介与全球传播,区域扩展阅读,T6 当代全球文学,R5 北美文学,M5 战后与当代美学范式,G3 小说,QH3 身份、身体与归属
终结的感觉.md,R4,△,欧洲文学综合—具体内部传统待读后校准,provisional_region,T6 当代全球文学 · 欧洲一体化、迁徙经验与当代重组,区域扩展阅读,T6 当代全球文学,R4 欧洲文学,M5 战后与当代美学范式,G3 小说,QH7 历史、记忆与时间
绑架.md,R4,△,欧洲文学综合—具体内部传统待读后校准,provisional_region,T3 19世纪现代文学体系 · 浪漫主义、现实主义与民族文学体系,区域扩展阅读,T3 19世纪现代文学体系,R4 欧洲文学,M2 19世纪文学思潮,G3 小说,QT5 冒险与探索叙事 | QT8 英雄、边疆与法外者文化传统 | QT8.4 欧洲剑客
结局.md,R6,△,南锥体—拉普拉塔文学传统,author_model,T5 二战后多极文学 · 革命经验、文学爆炸与独裁回应,区域扩展阅读,T5 二战后多极文学,R6 拉丁美洲与加勒比,M3 现代主义与先锋派,G3 小说,QT8 英雄、边疆与法外者文化传统 | QT8.6 Gaucho | QT8.7 侠盗
给公众趣味一记耳光.md,R4,△,欧洲文学综合—具体内部传统待读后校准,provisional_region,T4 全球现代主义时代 · 战争危机、现代主义与先锋实验,区域扩展阅读,T4 全球现代主义时代,R4 欧洲文学,M3.2 先锋派,G4 散文与随笔,QH5 权力、制度与秩序
给樱桃以性别.md,R4,△,欧洲文学综合—具体内部传统待读后校准,provisional_region,T6 当代全球文学 · 欧洲一体化、迁徙经验与当代重组,区域扩展阅读,T6 当代全球文学,R4 欧洲文学,M5 战后与当代美学范式,G3 小说,QH2.1 爱情与欲望 | QH3.1 性别与身体
绝代双骄.md,R2,△,东亚文学综合—具体内部传统待读后校准,provisional_region,T5 二战后多极文学 · 战争革命、国家文学与社会重构,区域扩展阅读,T5 二战后多极文学,R2 东亚文学,M5 战后与当代美学范式,G3 小说,QT8 英雄、边疆与法外者文化传统 | QT8.1 武侠
绝望.md,R6,△,拉丁美洲与加勒比综合—具体内部传统待读后校准,provisional_region,T6 当代全球文学 · 后独裁记忆、迁徙与跨国文学重组,区域扩展阅读,T6 当代全球文学,R6 拉丁美洲与加勒比,M5 战后与当代美学范式,G3 小说,QH5 权力、制度与秩序
绞刑者之林.md,R4,◆,巴尔干与东南欧文学传统,existing,T6 当代全球文学 · 欧洲一体化、迁徙经验与当代重组,文类形成与区域典范,T6 当代全球文学,R4 欧洲文学,M5 战后与当代美学范式,G3 小说,QH6 战争、暴力与创伤
绣花大盗.md,R2,△,东亚文学综合—具体内部传统待读后校准,provisional_region,T6 当代全球文学 · 都市经验、媒介转型与跨国传播,区域扩展阅读,T6 当代全球文学,R2 东亚文学,M5 战后与当代美学范式,G3 小说,QT8 英雄、边疆与法外者文化传统 | QT8.1 武侠
续小五义.md,R2,△,东亚文学综合—具体内部传统待读后校准,provisional_region,T3 19世纪现代文学体系 · 晚期传统、翻译输入与现代转折,区域扩展阅读,T3 19世纪现代文学体系,R2 东亚文学,M2 19世纪文学思潮,G3 小说,QT8 英雄、边疆与法外者文化传统 | QT8.1 武侠
绳结与十字架.md,R4,△,欧洲文学综合—具体内部传统待读后校准,provisional_region,T6 当代全球文学 · 欧洲一体化、迁徙经验与当代重组,区域扩展阅读,T6 当代全球文学,R4 欧洲文学,M5 战后与当代美学范式,G3 小说,QT1 推理与犯罪叙事
维克拉玛尔朱那胜利记.md,R3,◆,泰米尔与南印度文学传统,existing,T6 当代全球文学 · 全球南亚、英语写作与地方传统重组,传统转型与区域扩展,T6 当代全球文学,R3 南亚文学,M5 战后与当代美学范式,G3 小说,QH5 权力、制度与秩序
维吉尔之死.md,R4,△,欧洲文学综合—具体内部传统待读后校准,provisional_region,T5 二战后多极文学 · 战后重建、记忆政治与后现代转型,区域扩展阅读,T5 二战后多极文学,R4 欧洲文学,M3.1 现代主义 / Modernism,G3 小说,QH6 战争、暴力与创伤
维纳斯先生.md,R4,△,欧洲文学综合—具体内部传统待读后校准,provisional_region,T3 19世纪现代文学体系 · 浪漫主义、现实主义与民族文学体系,区域扩展阅读,T3 19世纪现代文学体系,R4 欧洲文学,M2 19世纪文学思潮 / 颓废主义 | M2 19世纪文学思潮,G3 小说,QH4 社会、阶级与劳动
绿山墙的安妮.md,R5,★,英语加拿大文学传统,existing,T4 全球现代主义时代 · 现代主义、哈莱姆复兴与类型扩张,核心经典与传统确立,T4 全球现代主义时代,R5 北美文学,M3 现代主义与先锋派,G3 小说,QH2.5 童年与成长
绿房子.md,R6,△,安第斯文学传统,author_model,T5 二战后多极文学 · 革命经验、文学爆炸与独裁回应,区域扩展阅读,T5 二战后多极文学,R6 拉丁美洲与加勒比,M5 战后与当代美学范式 | M4 集体文学运动与文化政治,G3 小说,QH5 权力、制度与秩序
绿火星.md,R5,△,北美文学综合—具体内部传统待读后校准,provisional_region,T6 当代全球文学 · 多元身份、数字媒介与全球传播,区域扩展阅读,T6 当代全球文学,R5 北美文学,M5 战后与当代美学范式,G3 小说,QT2 科幻
绿茶.md,R4,△,欧洲文学综合—具体内部传统待读后校准,provisional_region,T3 19世纪现代文学体系 · 浪漫主义、现实主义与民族文学体系,区域扩展阅读,T3 19世纪现代文学体系,R4 欧洲文学,M2 19世纪文学思潮,G3 小说,QT4 恐怖与哥特
绿草，流水.md,R5,◆,北美原住民文学传统,existing,T6 当代全球文学 · 多元身份、数字媒介与全球传播,文类形成与区域典范,T6 当代全球文学,R5 北美文学,M5 战后与当代美学范式,G3 小说,QH5 权力、制度与秩序
缓流.md,R4,△,欧洲文学综合—具体内部传统待读后校准,provisional_region,T6 当代全球文学 · 欧洲一体化、迁徙经验与当代重组,区域扩展阅读,T6 当代全球文学,R4 欧洲文学,M5 战后与当代美学范式,G3 小说,QH3 身份、身体与归属
编年史（塔西佗）.md,R1,◆,罗马与拉丁文学传统,existing,T0 文学源头与古代文学 · 古代文字、史诗与经典传统形成,语言、书写与媒介转型,T0 文学源头与古代文学,R1 西亚—地中海古老传统,,G3 小说,QH8 信仰、伦理与超越
编织甜草.md,R5,◆,北美原住民文学传统,existing,T6 当代全球文学 · 多元身份、数字媒介与全球传播,传统转型与区域扩展,T6 当代全球文学,R5 北美文学,M5 战后与当代美学范式,G3 小说,QH5 权力、制度与秩序
缩小的人.md,R5,△,北美文学综合—具体内部传统待读后校准,provisional_region,T5 二战后多极文学 · 战后反文化、族裔文学与媒介繁荣,区域扩展阅读,T5 二战后多极文学,R5 北美文学,M5 战后与当代美学范式,G3 小说,QT4 恐怖与哥特
网络效应.md,R5,△,北美文学综合—具体内部传统待读后校准,provisional_region,T6 当代全球文学 · 多元身份、数字媒介与全球传播,区域扩展阅读,T6 当代全球文学,R5 北美文学,M5 战后与当代美学范式,G3 小说,QH3 身份、身体与归属
罗兰之歌.md,R4,★,中世纪拉丁基督教与俗语奠基传统,existing,T1 中古多中心文学世界 · 基督教、宫廷与俗语文学形成,源头与经典奠基,T1 中古多中心文学世界,R4 欧洲文学,,G3 小说,QT7 历史叙事 | QH6 战争、暴力与创伤 | QT8 英雄、边疆与法外者文化传统 | QT8.2 欧洲骑士 | QT8.4 欧洲剑客
罗密欧与朱丽叶.md,R4,△,欧洲文学综合—具体内部传统待读后校准,provisional_region,T2 早期现代文学 · 文艺复兴、宗教改革与印刷公共领域,区域扩展阅读,T2 早期现代文学,R4 欧洲文学,M1 早期现代思想与美学,G3 小说,QH2.1 爱情与欲望
罗布·罗伊.md,R4,△,欧洲文学综合—具体内部传统待读后校准,provisional_region,T3 19世纪现代文学体系 · 浪漫主义、现实主义与民族文学体系,区域扩展阅读,T3 19世纪现代文学体系,R4 欧洲文学,M2 19世纪文学思潮,G3 小说,QT7 历史叙事 | QT8 英雄、边疆与法外者文化传统 | QT8.7 侠盗
罗摩功行录.md,R3,★,北印度俗语—Bhakti与印地文学传统,existing,T2 早期现代文学 · 波斯语—地方语互动与早期印刷转型,源头与经典奠基,T2 早期现代文学,R3 南亚文学,M1 早期现代思想与美学,G1 诗歌,QH8 信仰、伦理与超越
罗摩衍那.md,R3,★,梵语—吠陀与古典文学传统,existing,T0 文学源头与古代文学 · 吠陀、史诗与古典语言传统奠基,源头与经典奠基,T0 文学源头与古代文学,R3 南亚文学,,G3 小说,QT9 神话、传说与民间叙事
罗斯玛丽的婴儿.md,R5,△,北美文学综合—具体内部传统待读后校准,provisional_region,T5 二战后多极文学 · 战后反文化、族裔文学与媒介繁荣,区域扩展阅读,T5 二战后多极文学,R5 北美文学,M5 战后与当代美学范式,G3 小说,QT4 恐怖与哥特
罗杰疑案.md,R4,△,欧洲文学综合—具体内部传统待读后校准,provisional_region,T4 全球现代主义时代 · 战争危机、现代主义与先锋实验,区域扩展阅读,T4 全球现代主义时代,R4 欧洲文学,M3 现代主义与先锋派,G3 小说,QT1 推理与犯罪叙事
罗森格兰兹与吉尔登斯吞死了.md,R4,△,欧洲文学综合—具体内部传统待读后校准,provisional_region,T5 二战后多极文学 · 战后重建、记忆政治与后现代转型,区域扩展阅读,T5 二战后多极文学,R4 欧洲文学,M5.1 战后思想与美学范式,G2 戏剧,QH1 自我、存在与生命
罗生门·鼻.md,R2,△,东亚文学综合—具体内部传统待读后校准,provisional_region,T4 全球现代主义时代 · 殖民现代性、新文学与形式实验,区域扩展阅读,T4 全球现代主义时代,R2 东亚文学,M3 现代主义与先锋派,G3 小说,QH5 权力、制度与秩序
罗马帽子之谜.md,R5,△,北美文学综合—具体内部传统待读后校准,provisional_region,T4 全球现代主义时代 · 现代主义、哈莱姆复兴与类型扩张,区域扩展阅读,T4 全球现代主义时代,R5 北美文学,M3 现代主义与先锋派,G3 小说,QT1 推理与犯罪叙事
罪与罚.md,R4,★,俄罗斯文学传统,existing,T3 19世纪现代文学体系 · 浪漫主义、现实主义与民族文学体系,文类形成与区域典范,T3 19世纪现代文学体系,R4 欧洲文学,M2 19世纪文学思潮 | M2 19世纪文学思潮 / 现实主义,G3 小说,QH4 社会、阶级与劳动
罪恶之谋.md,R4,△,欧洲文学综合—具体内部传统待读后校准,provisional_region,T5 二战后多极文学 · 战后重建、记忆政治与后现代转型,区域扩展阅读,T5 二战后多极文学,R4 欧洲文学,M5 战后与当代美学范式,G3 小说,QT1 推理与犯罪叙事
羊泉村.md,R4,◆,伊比利亚文学传统,existing,T2 早期现代文学 · 文艺复兴、宗教改革与印刷公共领域,文类形成与区域典范,T2 早期现代文学,R4 欧洲文学,M1 早期现代思想与美学,G2 戏剧,QH4 社会、阶级与劳动 | QH5 权力、制度与秩序
羊群抬头.md,R4,△,欧洲文学综合—具体内部传统待读后校准,provisional_region,T5 二战后多极文学 · 战后重建、记忆政治与后现代转型,区域扩展阅读,T5 二战后多极文学,R4 欧洲文学,M5 战后与当代美学范式,G3 小说,QT6 乌托邦、反乌托邦与社会想象
羊脂球.md,R4,△,欧洲文学综合—具体内部传统待读后校准,provisional_region,T3 19世纪现代文学体系 · 浪漫主义、现实主义与民族文学体系,区域扩展阅读,T3 19世纪现代文学体系,R4 欧洲文学,M2 19世纪文学思潮,G3 小说,QH6 战争、暴力与创伤
美丽新世界.md,R4,△,欧洲文学综合—具体内部传统待读后校准,provisional_region,T4 全球现代主义时代 · 战争危机、现代主义与先锋实验,文类形成与区域典范,T4 全球现代主义时代,R4 欧洲文学,M4 政治、民族与文化运动,G3 小说,QT2 科幻 | QT6 乌托邦、反乌托邦与社会想象 | QH5 权力、制度与秩序
美丽是一种伤.md,R8,★,印尼—爪哇与群岛文学传统,existing,T6 当代全球文学 · 城市化、跨语写作与东南亚离散,文类形成与区域典范,T6 当代全球文学,R8 东南亚文学,M5 战后与当代美学范式,G3 小说,QH5 权力、制度与秩序
美丽线.md,R4,△,欧洲文学综合—具体内部传统待读后校准,provisional_region,T6 当代全球文学 · 欧洲一体化、迁徙经验与当代重组,区域扩展阅读,T6 当代全球文学,R4 欧洲文学,M5 战后与当代美学范式,G3 小说,QH3 身份、身体与归属
美丽者尚未诞生.md,R7,★,西非英语文学传统,existing,T5 二战后多极文学 · 独立、去殖民化与国家文学建构,殖民回应与民族文学建构,T5 二战后多极文学,R7 非洲文学,M5 战后与当代美学范式,G3 小说,QH6 战争、暴力与创伤
美国众神.md,R4,△,欧洲文学综合—具体内部传统待读后校准,provisional_region,T6 当代全球文学 · 欧洲一体化、迁徙经验与当代重组,文类形成与区域典范,T6 当代全球文学,R4 欧洲文学,M5 战后与当代美学范式,G3 小说,QT3 奇幻
美国佬.md,R7,◆,西非英语文学传统,existing,T6 当代全球文学 · 后殖民批判、城市经验与全球离散,翻译与跨传统连接,T6 当代全球文学,R10.2 非洲离散文学 | R7 非洲文学,M5 战后与当代美学范式,G3 小说,QH2.5 童年与成长
美国佬.md,R10,★,非洲离散文学传统,existing,T6 当代全球文学 · 全球迁徙、数字传播与跨语文学网络,离散迁徙与跨区域连接,T6 当代全球文学,R10.2 非洲离散文学 | R7 非洲文学,M5 战后与当代美学范式,G3 小说,QH2.5 童年与成长
美国牧歌.md,R5,△,北美文学综合—具体内部传统待读后校准,provisional_region,T6 当代全球文学 · 多元身份、数字媒介与全球传播,区域扩展阅读,T6 当代全球文学,R5 北美文学,M5 战后与当代美学范式,G3 小说,QH3 身份、身体与归属
美国纪行.md,R4,△,英国—爱尔兰文学传统,author_model,T3 19世纪现代文学体系 · 浪漫主义、现实主义与民族文学体系,区域扩展阅读,T3 19世纪现代文学体系,R4 欧洲文学,M2 19世纪文学思潮,G6 纪实与文学非虚构,QT14 旅行与游记
美国通用棒球协会.md,R4,△,欧洲文学综合—具体内部传统待读后校准,provisional_region,T5 二战后多极文学 · 战后重建、记忆政治与后现代转型,区域扩展阅读,T5 二战后多极文学,R4 欧洲文学,M5.1 战后思想与美学范式,G3 小说,QH1 自我、存在与生命
美狄亚.md,R1,△,古希腊文学传统,existing,T0 文学源头与古代文学 · 古代文字、史诗与经典传统形成,区域扩展阅读,T0 文学源头与古代文学,R1 西亚—地中海古老传统,,G3 小说,QT9 神话、传说与民间叙事
羚羊与秧鸡.md,R5,△,英语加拿大文学传统,author_model,T6 当代全球文学 · 多元身份、数字媒介与全球传播,区域扩展阅读,T6 当代全球文学,R5 北美文学,M5 战后与当代美学范式 | M5.2 权力、身份与世界批评,G3 小说,QT2 科幻 | QT6 乌托邦、反乌托邦与社会想象
羞耻.md,R6,△,拉丁美洲与加勒比综合—具体内部传统待读后校准,provisional_region,T5 二战后多极文学 · 革命经验、文学爆炸与独裁回应,区域扩展阅读,T5 二战后多极文学,R6 拉丁美洲与加勒比,M5.1 战后思想与美学范式,G3 小说,QH5 权力、制度与秩序
群众与人.md,R4,△,欧洲文学综合—具体内部传统待读后校准,provisional_region,T4 全球现代主义时代 · 战争危机、现代主义与先锋实验,区域扩展阅读,T4 全球现代主义时代,R4 欧洲文学,M3.2 先锋派,G3 小说,QH4 社会、阶级与劳动 | QH5 权力、制度与秩序
群山回唱.md,R5,△,北美文学综合—具体内部传统待读后校准,provisional_region,T6 当代全球文学 · 多元身份、数字媒介与全球传播,区域扩展阅读,T6 当代全球文学,R5 北美文学,M5 战后与当代美学范式,G3 小说,QH2.3 家庭与家族 | QH6 战争、暴力与创伤
群星，我的归宿.md,R5,△,北美文学综合—具体内部传统待读后校准,provisional_region,T5 二战后多极文学 · 战后反文化、族裔文学与媒介繁荣,区域扩展阅读,T5 二战后多极文学,R5 北美文学,M5 战后与当代美学范式,G3 小说,QT2 科幻
群魔.md,R4,△,俄罗斯文学传统,author_model,T3 19世纪现代文学体系 · 浪漫主义、现实主义与民族文学体系,区域扩展阅读,T3 19世纪现代文学体系,R4 欧洲文学,M2 19世纪文学思潮,G3 小说,QH4 社会、阶级与劳动
羽化.md,R5,△,北美文学综合—具体内部传统待读后校准,provisional_region,T6 当代全球文学 · 多元身份、数字媒介与全球传播,区域扩展阅读,T6 当代全球文学,R5 北美文学,M5 战后与当代美学范式,G3 小说,QT4 恐怖与哥特
翅膀.md,R2,◆,朝鲜半岛文学传统,existing,T6 当代全球文学 · 都市经验、媒介转型与跨国传播,殖民回应与民族文学建构,T6 当代全球文学,R2 东亚文学,M5 战后与当代美学范式,G3 小说,QH3 身份、身体与归属
老人与古人的谈话.md,R4,△,伊比利亚文学传统,author_model,T0 文学源头与古代文学 · 希腊罗马古典传统奠基,区域扩展阅读,T0 文学源头与古代文学,R4 欧洲文学,,G3 小说,QT9 神话、传说与民间叙事
老人与海.md,R5,△,北美文学综合—具体内部传统待读后校准,provisional_region,T5 二战后多极文学 · 战后反文化、族裔文学与媒介繁荣,区域扩展阅读,T5 二战后多极文学,R5 北美文学,M3.1 现代主义 / Modernism,G3 小说,QT5 冒险与探索叙事 | QH1 自我、存在与生命
老人的战争.md,R5,△,北美文学综合—具体内部传统待读后校准,provisional_region,T6 当代全球文学 · 多元身份、数字媒介与全球传播,区域扩展阅读,T6 当代全球文学,R5 北美文学,M5 战后与当代美学范式,G3 小说,QT2 科幻
老保姆的故事.md,R4,△,欧洲文学综合—具体内部传统待读后校准,provisional_region,T3 19世纪现代文学体系 · 浪漫主义、现实主义与民族文学体系,区域扩展阅读,T3 19世纪现代文学体系,R4 欧洲文学,M2 19世纪文学思潮,G3 小说,QT4 恐怖与哥特
老实人.md,R4,★,法语文学传统,existing,T2 早期现代文学 · 文艺复兴、宗教改革与印刷公共领域,文类形成与区域典范,T2 早期现代文学,R4 欧洲文学,M1 早期现代思想与美学,G3 小说,QH6 战争、暴力与创伤 | QH5 权力、制度与秩序
老师好美.md,R2,△,东亚文学综合—具体内部传统待读后校准,provisional_region,T6 当代全球文学 · 都市经验、媒介转型与跨国传播,区域扩展阅读,T6 当代全球文学,R2 东亚文学,M5 战后与当代美学范式,G2 戏剧,QH2.3 家庭与家族 | QH2.5 童年与成长 | QH3.1 性别与身体
老无所依.md,R5,△,十九世纪—现代美国文学传统,author_model,T6 当代全球文学 · 多元身份、数字媒介与全球传播,区域扩展阅读,T6 当代全球文学,R5 北美文学,M5 战后与当代美学范式,G3 小说,QT8 英雄、边疆与法外者文化传统 | QT8.5 西部
老魔鬼.md,R4,△,欧洲文学综合—具体内部传统待读后校准,provisional_region,T6 当代全球文学 · 欧洲一体化、迁徙经验与当代重组,区域扩展阅读,T6 当代全球文学,R4 欧洲文学,M5 战后与当代美学范式,G3 小说,QH3 身份、身体与归属
耳语之人.md,R5,△,北美文学综合—具体内部传统待读后校准,provisional_region,T5 二战后多极文学 · 战后反文化、族裔文学与媒介繁荣,区域扩展阅读,T5 二战后多极文学,R5 北美文学,M3 现代主义与先锋派,G3 小说,QT1 推理与犯罪叙事
耶户伙伴.md,R4,△,欧洲文学综合—具体内部传统待读后校准,provisional_region,T3 19世纪现代文学体系 · 浪漫主义、现实主义与民族文学体系,区域扩展阅读,T3 19世纪现代文学体系,R4 欧洲文学,M2 19世纪文学思潮,G3 小说,QT8 英雄、边疆与法外者文化传统 | QT8.4 欧洲剑客
耻.md,R7,★,南部非洲文学传统,existing,T6 当代全球文学 · 后殖民批判、城市经验与全球离散,核心经典与传统确立,T6 当代全球文学,R7 非洲文学,M5 战后与当代美学范式,G3 小说,QH3 身份、身体与归属
聂隐娘.md,R2,△,东亚文学综合—具体内部传统待读后校准,provisional_region,T6 当代全球文学 · 都市经验、媒介转型与跨国传播,区域扩展阅读,T6 当代全球文学,R2 东亚文学,M5 战后与当代美学范式,G3 小说,QT8 英雄、边疆与法外者文化传统 | QT8.1 武侠 | QT8.7 侠盗
聊斋志异.md,R2,△,东亚文学综合—具体内部传统待读后校准,provisional_region,T2 早期现代文学 · 印刷扩展、通俗文类与文人传统成熟,区域扩展阅读,T2 早期现代文学,R2 东亚文学,M1 早期现代思想与美学,G3 小说,QT4 恐怖与哥特
聪明的恋人.md,R4,△,伊比利亚文学传统,author_model,T2 早期现代文学 · 文艺复兴、宗教改革与印刷公共领域,区域扩展阅读,T2 早期现代文学,R4 欧洲文学,M1 早期现代思想与美学,G3 小说,QT8 英雄、边疆与法外者文化传统 | QT8.4 欧洲剑客
肉桂色铺子.md,R4,◆,中欧文学传统,existing,T6 当代全球文学 · 欧洲一体化、迁徙经验与当代重组,传统转型与区域扩展,T6 当代全球文学,R4 欧洲文学,M5 战后与当代美学范式,G4 散文与随笔,QH5 权力、制度与秩序
肮脏的手.md,R4,△,欧洲文学综合—具体内部传统待读后校准,provisional_region,T5 二战后多极文学 · 战后重建、记忆政治与后现代转型,区域扩展阅读,T5 二战后多极文学,R4 欧洲文学,M5.1 战后思想与美学范式,G3 小说,QH5 权力、制度与秩序 | QH1 自我、存在与生命
肯尼尔沃思堡.md,R4,△,欧洲文学综合—具体内部传统待读后校准,provisional_region,T3 19世纪现代文学体系 · 浪漫主义、现实主义与民族文学体系,区域扩展阅读,T3 19世纪现代文学体系,R4 欧洲文学,M2 19世纪文学思潮,G3 小说,QT7 历史叙事
胡春香诗选.md,R8,◆,越南汉喃—国语文学传统,existing,T6 当代全球文学 · 城市化、跨语写作与东南亚离散,传统转型与区域扩展,T6 当代全球文学,R8 东南亚文学,M5 战后与当代美学范式,G1 诗歌,QH3 身份、身体与归属
能干的麦克劳林一家.md,R5,△,北美文学综合—具体内部传统待读后校准,provisional_region,T4 全球现代主义时代 · 现代主义、哈莱姆复兴与类型扩张,区域扩展阅读,T4 全球现代主义时代,R5 北美文学,M3 现代主义与先锋派,G3 小说,QH1 自我、存在与生命
能言善辩的农夫.md,R1,◆,古埃及文学传统,existing,T0 文学源头与古代文学 · 古代文字、史诗与经典传统形成,传统转型与区域扩展,T0 文学源头与古代文学,R1 西亚—地中海古老传统,,G3 小说,QH8 信仰、伦理与超越
能面杀人事件.md,R2,△,东亚文学综合—具体内部传统待读后校准,provisional_region,T5 二战后多极文学 · 战争革命、国家文学与社会重构,区域扩展阅读,T5 二战后多极文学,R2 东亚文学,M5 战后与当代美学范式,G3 小说,QT1 推理与犯罪叙事
脆弱的故事.md,R6,△,拉丁美洲与加勒比综合—具体内部传统待读后校准,provisional_region,T6 当代全球文学 · 后独裁记忆、迁徙与跨国文学重组,区域扩展阅读,T6 当代全球文学,R6 拉丁美洲与加勒比,M5 战后与当代美学范式,G3 小说,QH5 权力、制度与秩序
脊椎笛.md,R4,△,欧洲文学综合—具体内部传统待读后校准,provisional_region,T4 全球现代主义时代 · 战争危机、现代主义与先锋实验,区域扩展阅读,T4 全球现代主义时代,R4 欧洲文学,M3.2 先锋派,G3 小说,QH1 自我、存在与生命
脚镯记.md,R3,★,泰米尔与南印度文学传统,existing,T1 中古多中心文学世界 · 宗教、宫廷与多语文学网络扩展,源头与经典奠基,T1 中古多中心文学世界,R3 南亚文学,,G1 诗歌,QH8 信仰、伦理与超越
腹地.md,R6,△,拉丁美洲与加勒比综合—具体内部传统待读后校准,provisional_region,T6 当代全球文学 · 后独裁记忆、迁徙与跨国文学重组,区域扩展阅读,T6 当代全球文学,R6 拉丁美洲与加勒比,M5 战后与当代美学范式,G3 小说,QH5 权力、制度与秩序
自动钢琴.md,R5,△,北美文学综合—具体内部传统待读后校准,provisional_region,T5 二战后多极文学 · 战后反文化、族裔文学与媒介繁荣,区域扩展阅读,T5 二战后多极文学,R5 北美文学,M5 战后与当代美学范式,G3 小说,QT6 乌托邦、反乌托邦与社会想象
自然.md,R4,△,欧洲文学综合—具体内部传统待读后校准,provisional_region,T3 19世纪现代文学体系 · 浪漫主义、现实主义与民族文学体系,区域扩展阅读,T3 19世纪现代文学体系,R4 欧洲文学,M2 19世纪文学思潮 / 超验主义 | M2 19世纪文学思潮,G3 小说,QH4 社会、阶级与劳动
自然史.md,R6,△,墨西哥—中美洲文学传统,author_model,T6 当代全球文学 · 后独裁记忆、迁徙与跨国文学重组,区域扩展阅读,T6 当代全球文学,R6 拉丁美洲与加勒比,M5 战后与当代美学范式,G3 小说,QH8 信仰、伦理与超越
自由之路.md,R4,△,欧洲文学综合—具体内部传统待读后校准,provisional_region,T5 二战后多极文学 · 战后重建、记忆政治与后现代转型,区域扩展阅读,T5 二战后多极文学,R4 欧洲文学,M5.1 战后思想与美学范式,G3 小说,QH7 历史、记忆与时间 | QH1 自我、存在与生命
自由坠落.md,R5,△,北美文学综合—具体内部传统待读后校准,provisional_region,T6 当代全球文学 · 多元身份、数字媒介与全球传播,区域扩展阅读,T6 当代全球文学,R5 北美文学,M5 战后与当代美学范式,G3 小说,QH3 身份、身体与归属
自由或爱情.md,R4,△,欧洲文学综合—具体内部传统待读后校准,provisional_region,T4 全球现代主义时代 · 战争危机、现代主义与先锋实验,区域扩展阅读,T4 全球现代主义时代,R4 欧洲文学,M3.2 先锋派,G3 小说,QH2.1 爱情与欲望 | QH1 自我、存在与生命
自由生活.md,R10,◆,华人—华语离散文学传统,existing,T6 当代全球文学 · 全球迁徙、数字传播与跨语文学网络,离散迁徙与跨区域连接,T6 当代全球文学,R10 跨区域文学传统,M5 战后与当代美学范式,G3 小说,QH1 自我、存在与生命
自由颂.md,R4,◆,现代希腊文学传统,existing,T6 当代全球文学 · 欧洲一体化、迁徙经验与当代重组,殖民回应与民族文学建构,T6 当代全球文学,R4 欧洲文学,M5 战后与当代美学范式,G3 小说,QH1 自我、存在与生命
臭虫.md,R4,△,欧洲文学综合—具体内部传统待读后校准,provisional_region,T4 全球现代主义时代 · 战争危机、现代主义与先锋实验,区域扩展阅读,T4 全球现代主义时代,R4 欧洲文学,M3.2 先锋派,G2 戏剧,QH5 权力、制度与秩序
致命教育.md,R5,△,北美文学综合—具体内部传统待读后校准,provisional_region,T6 当代全球文学 · 多元身份、数字媒介与全球传播,区域扩展阅读,T6 当代全球文学,R5 北美文学,M5 战后与当代美学范式,G3 小说,QT3 奇幻
致安娜·布鲁姆.md,R4,△,欧洲文学综合—具体内部传统待读后校准,provisional_region,T4 全球现代主义时代 · 战争危机、现代主义与先锋实验,区域扩展阅读,T4 全球现代主义时代,R4 欧洲文学,M3.2 先锋派,G3 小说,QH1 自我、存在与生命
致我们终将逝去的青春.md,R2,△,东亚文学综合—具体内部传统待读后校准,provisional_region,T6 当代全球文学 · 都市经验、媒介转型与跨国传播,区域扩展阅读,T6 当代全球文学,R2 东亚文学,M5 战后与当代美学范式,G3 小说,QH2.1 爱情与欲望
致曼努埃尔一世书.md,R6,△,拉丁美洲与加勒比综合—具体内部传统待读后校准,provisional_region,T6 当代全球文学 · 后独裁记忆、迁徙与跨国文学重组,区域扩展阅读,T6 当代全球文学,R6 拉丁美洲与加勒比,M5 战后与当代美学范式,G3 小说,QH5 权力、制度与秩序
致青春.md,R2,△,东亚文学综合—具体内部传统待读后校准,provisional_region,T6 当代全球文学 · 都市经验、媒介转型与跨国传播,区域扩展阅读,T6 当代全球文学,R2 东亚文学,M5 战后与当代美学范式,G3 小说,QH2.1 爱情与欲望 | QH2.3 家庭与家族 | QH2.5 童年与成长
舒吉·贝恩.md,R4,△,欧洲文学综合—具体内部传统待读后校准,provisional_region,T6 当代全球文学 · 欧洲一体化、迁徙经验与当代重组,区域扩展阅读,T6 当代全球文学,R4 欧洲文学,M5 战后与当代美学范式,G3 小说,QH3 身份、身体与归属
舞论.md,R3,◆,梵语—吠陀与古典文学传统,existing,T6 当代全球文学 · 全球南亚、英语写作与地方传统重组,文类形成与区域典范,T6 当代全球文学,R3 南亚文学,M5 战后与当代美学范式,G2 戏剧,QH5 权力、制度与秩序
航海日记.md,R6,△,拉丁美洲与加勒比综合—具体内部传统待读后校准,provisional_region,T6 当代全球文学 · 后独裁记忆、迁徙与跨国文学重组,区域扩展阅读,T6 当代全球文学,R6 拉丁美洲与加勒比,M5 战后与当代美学范式,G6 纪实与文学非虚构,QT14 旅行与游记
航运新闻.md,R5,△,北美文学综合—具体内部传统待读后校准,provisional_region,T6 当代全球文学 · 多元身份、数字媒介与全球传播,区域扩展阅读,T6 当代全球文学,R5 北美文学,M5 战后与当代美学范式,G3 小说,QH3 身份、身体与归属
船长血.md,R4,△,欧洲文学综合—具体内部传统待读后校准,provisional_region,T4 全球现代主义时代 · 战争危机、现代主义与先锋实验,区域扩展阅读,T4 全球现代主义时代,R4 欧洲文学,M3 现代主义与先锋派,G3 小说,QT8 英雄、边疆与法外者文化传统 | QT8.2 欧洲骑士 | QT8.4 欧洲剑客 | QT8.8 海盗
船难水手的故事.md,R1,△,古埃及文学传统,existing,T0 文学源头与古代文学 · 古代文字、史诗与经典传统形成,区域扩展阅读,T0 文学源头与古代文学,R1 西亚—地中海古老传统,,G3 小说,QT9 神话、传说与民间叙事
良心个案.md,R5,△,北美文学综合—具体内部传统待读后校准,provisional_region,T5 二战后多极文学 · 战后反文化、族裔文学与媒介繁荣,区域扩展阅读,T5 二战后多极文学,R5 北美文学,M5 战后与当代美学范式,G3 小说,QH6 战争、暴力与创伤
艳阳天.md,R2,△,东亚文学综合—具体内部传统待读后校准,provisional_region,T5 二战后多极文学 · 战争革命、国家文学与社会重构,区域扩展阅读,T5 二战后多极文学,R2 东亚文学,M5 战后与当代美学范式,G3 小说,QH6 战争、暴力与创伤
艺术的非人化.md,R4,△,欧洲文学综合—具体内部传统待读后校准,provisional_region,T4 全球现代主义时代 · 战争危机、现代主义与先锋实验,区域扩展阅读,T4 全球现代主义时代,R4 欧洲文学,M3.1 现代主义 / Modernism,G3 小说,QH1 自我、存在与生命
艾凡赫.md,R4,△,欧洲文学综合—具体内部传统待读后校准,provisional_region,T3 19世纪现代文学体系 · 浪漫主义、现实主义与民族文学体系,区域扩展阅读,T3 19世纪现代文学体系,R4 欧洲文学,M2 19世纪文学思潮 | M2 19世纪文学思潮 / 浪漫主义,G3 小说,QT5 冒险与探索叙事 | QT7 历史叙事 | QT8 英雄、边疆与法外者文化传统 | QT8.2 欧洲骑士 | QT8.7 侠盗
艾琳·费尔.md,R4,◆,低地国家文学传统,existing,T6 当代全球文学 · 欧洲一体化、迁徙经验与当代重组,文类形成与区域典范,T6 当代全球文学,R4 欧洲文学,M5 战后与当代美学范式,G3 小说,QH8 信仰、伦理与超越
芋虫.md,R2,△,东亚文学综合—具体内部传统待读后校准,provisional_region,T4 全球现代主义时代 · 殖民现代性、新文学与形式实验,区域扩展阅读,T4 全球现代主义时代,R2 东亚文学,M3 现代主义与先锋派,G3 小说,QT4 恐怖与哥特
芒博琼博.md,R4,△,欧洲文学综合—具体内部传统待读后校准,provisional_region,T5 二战后多极文学 · 战后重建、记忆政治与后现代转型,区域扩展阅读,T5 二战后多极文学,R4 欧洲文学,M5.1 战后思想与美学范式,G3 小说,QH1 自我、存在与生命
芙蓉镇.md,R2,△,东亚文学综合—具体内部传统待读后校准,provisional_region,T6 当代全球文学 · 都市经验、媒介转型与跨国传播,区域扩展阅读,T6 当代全球文学,R2 东亚文学,M5 战后与当代美学范式,G3 小说,QH6 战争、暴力与创伤
芬克勒问题.md,R4,△,欧洲文学综合—具体内部传统待读后校准,provisional_region,T6 当代全球文学 · 欧洲一体化、迁徙经验与当代重组,区域扩展阅读,T6 当代全球文学,R4 欧洲文学,M5 战后与当代美学范式,G3 小说,QH3 身份、身体与归属
芬尼根的守灵夜.md,R4,△,英国—爱尔兰文学传统,author_model,T4 全球现代主义时代 · 战争危机、现代主义与先锋实验,区域扩展阅读,T4 全球现代主义时代,R4 欧洲文学,M3.1 现代主义 / Modernism,G3 小说,QH1 自我、存在与生命
花与歌.md,R6,◆,前哥伦布—原住民文学传统,existing,T6 当代全球文学 · 后独裁记忆、迁徙与跨国文学重组,文类形成与区域典范,T6 当代全球文学,R6 拉丁美洲与加勒比,M5 战后与当代美学范式,G1 诗歌,QH5 权力、制度与秩序
花千骨.md,R2,△,东亚文学综合—具体内部传统待读后校准,provisional_region,T6 当代全球文学 · 都市经验、媒介转型与跨国传播,文类形成与区域典范,T6 当代全球文学,R2 东亚文学,M5 战后与当代美学范式,G3 小说,QT3 奇幻 | QH2.1 爱情与欲望
花园聚会.md,R9,★,英语新西兰文学传统,existing,T6 当代全球文学 · 生态危机、移民社会与跨太平洋传播,核心经典与传统确立,T6 当代全球文学,R9 大洋洲与太平洋,M5 战后与当代美学范式,G3 小说,QH5 权力、制度与秩序
花园茶会.md,R4,△,欧洲文学综合—具体内部传统待读后校准,provisional_region,T4 全球现代主义时代 · 战争危机、现代主义与先锋实验,区域扩展阅读,T4 全球现代主义时代,R4 欧洲文学,M3.1 现代主义 / Modernism,G3 小说,QH3 身份、身体与归属
芳华.md,R2,△,东亚文学综合—具体内部传统待读后校准,provisional_region,T6 当代全球文学 · 都市经验、媒介转型与跨国传播,区域扩展阅读,T6 当代全球文学,R2 东亚文学,M5 战后与当代美学范式,G3 小说,QH2.1 爱情与欲望 | QH7 历史、记忆与时间
芽むしり仔撃ち ／ 摘芽弃子.md,R2,△,东亚文学综合—具体内部传统待读后校准,provisional_region,T5 二战后多极文学 · 战争革命、国家文学与社会重构,区域扩展阅读,T5 二战后多极文学,R2 东亚文学,M5 战后与当代美学范式,G3 小说,QH2.5 童年与成长
苏丹娜的梦.md,R3,△,南亚文学综合—具体内部传统待读后校准,provisional_region,T6 当代全球文学 · 全球南亚、英语写作与地方传统重组,区域扩展阅读,T6 当代全球文学,R3 南亚文学,M5 战后与当代美学范式,G3 小说,QT2 科幻
苏乌尚.md,R1,△,波斯—伊朗文学传统,existing,T5 二战后多极文学 · 战后国家建构、流亡与现代转型,文类形成与区域典范,T5 二战后多极文学,R1 西亚—地中海古老传统,M5 战后与当代美学范式,G3 小说,QH6 战争、暴力与创伤
苏尔达斯诗选.md,R3,◆,北印度俗语—Bhakti与印地文学传统,existing,T6 当代全球文学 · 全球南亚、英语写作与地方传统重组,传统转型与区域扩展,T6 当代全球文学,R3 南亚文学,M5 战后与当代美学范式,G1 诗歌,QH5 权力、制度与秩序
苔丝.md,R4,△,欧洲文学综合—具体内部传统待读后校准,provisional_region,T3 19世纪现代文学体系 · 浪漫主义、现实主义与民族文学体系,区域扩展阅读,T3 19世纪现代文学体系,R4 欧洲文学,M2 19世纪文学思潮 / 自然主义 | M2 19世纪文学思潮,G3 小说,QH4 社会、阶级与劳动
苦力.md,R3,△,南亚英语文学传统,author_model,T4 全球现代主义时代 · 反殖民、现代主义与多语文学革新,区域扩展阅读,T4 全球现代主义时代,R3 南亚文学,M3.1 现代主义 / Modernism,G3 小说,QH5 权力、制度与秩序
苦行记.md,R5,△,十九世纪—现代美国文学传统,author_model,T3 19世纪现代文学体系 · 国家文学、奴隶制回应与大众出版,区域扩展阅读,T3 19世纪现代文学体系,R5 北美文学,M2 19世纪文学思潮,G3 小说,QT8 英雄、边疆与法外者文化传统 | QT8.5 西部 | QT14 旅行与游记
英国病人.md,R5,△,北美文学综合—具体内部传统待读后校准,provisional_region,T6 当代全球文学 · 多元身份、数字媒介与全球传播,区域扩展阅读,T6 当代全球文学,R5 北美文学,M5 战后与当代美学范式,G3 小说,QT7 历史叙事 | QH2.1 爱情与欲望
英格林萨迦.md,R4,△,欧洲文学综合—具体内部传统待读后校准,provisional_region,T1 中古多中心文学世界 · 基督教、宫廷与俗语文学形成,区域扩展阅读,T1 中古多中心文学世界,R4 欧洲文学,,G3 小说,QT9 神话、传说与民间叙事
英雄们.md,R4,△,欧洲文学综合—具体内部传统待读后校准,provisional_region,T6 当代全球文学 · 欧洲一体化、迁徙经验与当代重组,文类形成与区域典范,T6 当代全球文学,R4 欧洲文学,M5 战后与当代美学范式,G3 小说,QT3 奇幻
英雄志.md,R2,△,东亚文学综合—具体内部传统待读后校准,provisional_region,T6 当代全球文学 · 都市经验、媒介转型与跨国传播,区域扩展阅读,T6 当代全球文学,R2 东亚文学,M5 战后与当代美学范式,G3 小说,QT8 英雄、边疆与法外者文化传统 | QT8.1 武侠
英雄无泪.md,R2,△,东亚文学综合—具体内部传统待读后校准,provisional_region,T5 二战后多极文学 · 战争革命、国家文学与社会重构,区域扩展阅读,T5 二战后多极文学,R2 东亚文学,M5 战后与当代美学范式,G3 小说,QT8 英雄、边疆与法外者文化传统 | QT8.1 武侠
英雄时代.md,R2,△,东亚文学综合—具体内部传统待读后校准,provisional_region,T6 当代全球文学 · 都市经验、媒介转型与跨国传播,区域扩展阅读,T6 当代全球文学,R2 东亚文学,M5 战后与当代美学范式,G3 小说,QH6 战争、暴力与创伤
苹果车.md,R4,△,欧洲文学综合—具体内部传统待读后校准,provisional_region,T4 全球现代主义时代 · 战争危机、现代主义与先锋实验,区域扩展阅读,T4 全球现代主义时代,R4 欧洲文学,M3 现代主义与先锋派,G2 戏剧,QH1 自我、存在与生命
茫茫黑夜漫游.md,R4,△,欧洲文学综合—具体内部传统待读后校准,provisional_region,T4 全球现代主义时代 · 战争危机、现代主义与先锋实验,区域扩展阅读,T4 全球现代主义时代,R4 欧洲文学,M3.1 现代主义 / Modernism,G3 小说,QH1 自我、存在与生命
茶人三部曲.md,R2,△,东亚文学综合—具体内部传统待读后校准,provisional_region,T6 当代全球文学 · 都市经验、媒介转型与跨国传播,区域扩展阅读,T6 当代全球文学,R2 东亚文学,M5 战后与当代美学范式,G3 小说,QH6 战争、暴力与创伤
茶馆.md,R2,△,东亚文学综合—具体内部传统待读后校准,provisional_region,T5 二战后多极文学 · 战争革命、国家文学与社会重构,区域扩展阅读,T5 二战后多极文学,R2 东亚文学,M2 19世纪文学思潮,G2 戏剧,QH2.3 家庭与家族 | QH4 社会、阶级与劳动 | QH7 历史、记忆与时间
荆棘与玫瑰之庭.md,R5,△,北美文学综合—具体内部传统待读后校准,provisional_region,T6 当代全球文学 · 多元身份、数字媒介与全球传播,区域扩展阅读,T6 当代全球文学,R5 北美文学,M5 战后与当代美学范式,G3 小说,QT3 奇幻
荆棘丛.md,R5,△,北美文学综合—具体内部传统待读后校准,provisional_region,T6 当代全球文学 · 多元身份、数字媒介与全球传播,区域扩展阅读,T6 当代全球文学,R5 北美文学,M5 战后与当代美学范式,G3 小说,QH3 身份、身体与归属
荆棘之城.md,R4,△,欧洲文学综合—具体内部传统待读后校准,provisional_region,T6 当代全球文学 · 欧洲一体化、迁徙经验与当代重组,区域扩展阅读,T6 当代全球文学,R4 欧洲文学,M5 战后与当代美学范式,G3 小说,QT7 历史叙事
荆棘鸟.md,R9,◆,澳大利亚殖民—国家文学传统,existing,T6 当代全球文学 · 生态危机、移民社会与跨太平洋传播,殖民回应与民族文学建构,T6 当代全球文学,R9 大洋洲与太平洋,M5 战后与当代美学范式,G3 小说,QH3 身份、身体与归属
草.md,R2,△,东亚文学综合—具体内部传统待读后校准,provisional_region,T6 当代全球文学 · 都市经验、媒介转型与跨国传播,区域扩展阅读,T6 当代全球文学,R2 东亚文学,M5 战后与当代美学范式,G3 小说,QH2.3 家庭与家族 | QH2.5 童年与成长
草原上的火焰.md,R4,△,中欧文学传统,author_model,T3 19世纪现代文学体系 · 浪漫主义、现实主义与民族文学体系,源头与经典奠基,T3 19世纪现代文学体系,R4 欧洲文学,M2 19世纪文学思潮,G3 小说,QT7 历史叙事 | QT8 英雄、边疆与法外者文化传统 | QT8.4 欧洲剑客
草叶集.md,R5,★,十九世纪—现代美国文学传统,existing,T3 19世纪现代文学体系 · 国家文学、奴隶制回应与大众出版,核心经典与传统确立,T3 19世纪现代文学体系,R5 北美文学,M2 19世纪文学思潮 | M2 19世纪文学思潮 / 超验主义,G1 诗歌,QH1 自我、存在与生命 | QH7 自然、环境与地方
荒凉山庄.md,R4,△,英国—爱尔兰文学传统,author_model,T3 19世纪现代文学体系 · 浪漫主义、现实主义与民族文学体系,区域扩展阅读,T3 19世纪现代文学体系,R4 欧洲文学,M2 19世纪文学思潮 | M2 19世纪文学思潮 / 现实主义,G3 小说,QH4 社会、阶级与劳动
荒原.md,R4,△,欧洲文学综合—具体内部传统待读后校准,provisional_region,T4 全球现代主义时代 · 战争危机、现代主义与先锋实验,区域扩展阅读,T4 全球现代主义时代,R4 欧洲文学,M3.1 现代主义 / Modernism,G1 诗歌,QH1 自我、存在与生命
荒原狼.md,R4,△,欧洲文学综合—具体内部传统待读后校准,provisional_region,T4 全球现代主义时代 · 战争危机、现代主义与先锋实验,区域扩展阅读,T4 全球现代主义时代,R4 欧洲文学,M3 现代主义与先锋派,G3 小说,QH2.5 童年与成长
荒潮.md,R2,△,东亚文学综合—具体内部传统待读后校准,provisional_region,T6 当代全球文学 · 都市经验、媒介转型与跨国传播,区域扩展阅读,T6 当代全球文学,R2 东亚文学,M5 战后与当代美学范式,G3 小说,QT2 科幻 | QT6 乌托邦、反乌托邦与社会想象
荒野侦探.md,R6,△,拉丁美洲与加勒比综合—具体内部传统待读后校准,provisional_region,T6 当代全球文学 · 后独裁记忆、迁徙与跨国文学重组,区域扩展阅读,T6 当代全球文学,R6 拉丁美洲与加勒比,M5 战后与当代美学范式,G3 小说,QH3 身份、身体与归属
荨麻与骨头.md,R5,△,北美文学综合—具体内部传统待读后校准,provisional_region,T6 当代全球文学 · 多元身份、数字媒介与全球传播,区域扩展阅读,T6 当代全球文学,R5 北美文学,M5 战后与当代美学范式,G3 小说,QH3 身份、身体与归属
荷兰人.md,R5,△,北美文学综合—具体内部传统待读后校准,provisional_region,T5 二战后多极文学 · 战后反文化、族裔文学与媒介繁荣,区域扩展阅读,T5 二战后多极文学,R5 北美文学,M5 战后与当代美学范式,G2 戏剧,QH6 战争、暴力与创伤
荷马颂歌.md,R1,△,古希腊文学传统,existing,T0 文学源头与古代文学 · 古代文字、史诗与经典传统形成,区域扩展阅读,T0 文学源头与古代文学,R1 西亚—地中海古老传统,,G3 小说,QT9 神话、传说与民间叙事
荷鲁斯与塞特之争.md,R1,△,古埃及文学传统,existing,T0 文学源头与古代文学 · 古代文字、史诗与经典传统形成,区域扩展阅读,T0 文学源头与古代文学,R1 西亚—地中海古老传统,,G3 小说,QT9 神话、传说与民间叙事
莉莉丝.md,R4,△,欧洲文学综合—具体内部传统待读后校准,provisional_region,T4 全球现代主义时代 · 战争危机、现代主义与先锋实验,区域扩展阅读,T4 全球现代主义时代,R4 欧洲文学,M2 19世纪文学思潮,G3 小说,QT3 奇幻
莉莉安娜不可战胜的夏天.md,R6,△,拉丁美洲与加勒比综合—具体内部传统待读后校准,provisional_region,T6 当代全球文学 · 后独裁记忆、迁徙与跨国文学重组,区域扩展阅读,T6 当代全球文学,R6 拉丁美洲与加勒比,M5 战后与当代美学范式,G3 小说,QH5 权力、制度与秩序
莎乐美.md,R4,△,欧洲文学综合—具体内部传统待读后校准,provisional_region,T3 19世纪现代文学体系 · 浪漫主义、现实主义与民族文学体系,区域扩展阅读,T3 19世纪现代文学体系,R4 欧洲文学,M2 19世纪文学思潮 / 颓废主义 | M2 19世纪文学思潮,G3 小说,QH4 社会、阶级与劳动
莎士比亚十四行诗.md,R4,△,欧洲文学综合—具体内部传统待读后校准,provisional_region,T2 早期现代文学 · 文艺复兴、宗教改革与印刷公共领域,区域扩展阅读,T2 早期现代文学,R4 欧洲文学,M1 早期现代思想与美学,G3 小说,QH2.1 爱情与欲望
莫敲骨头.md,R9,△,大洋洲与太平洋综合—具体内部传统待读后校准,provisional_region,T5 二战后多极文学 · 去殖民化、原住民复兴与太平洋意识,区域扩展阅读,T5 二战后多极文学,R9 大洋洲与太平洋,M5 战后与当代美学范式,G3 小说,QH5 权力、制度与秩序
莫斯卡特一家.md,R10,◆,犹太离散—意第绪与跨语文学传统,existing,T6 当代全球文学 · 全球迁徙、数字传播与跨语文学网络,离散迁徙与跨区域连接,T6 当代全球文学,R10 跨区域文学传统,M5 战后与当代美学范式,G3 小说,QH3 身份、身体与归属
莫格街凶杀案.md,R5,△,北美文学综合—具体内部传统待读后校准,provisional_region,T3 19世纪现代文学体系 · 国家文学、奴隶制回应与大众出版,区域扩展阅读,T3 19世纪现代文学体系,R5 北美文学,M2 19世纪文学思潮,G3 小说,QT1 推理与犯罪叙事
莫泊桑短篇小说精选.md,R4,△,欧洲文学综合—具体内部传统待读后校准,provisional_region,T3 19世纪现代文学体系 · 浪漫主义、现实主义与民族文学体系,文类形成与区域典范,T3 19世纪现代文学体系,R4 欧洲文学,M2 19世纪文学思潮,G3 小说,QH2.1 爱情与欲望 | QH4 社会、阶级与劳动
莫洛伊.md,R10,◆,跨语言—自译与语言转换文学传统,existing,T6 当代全球文学 · 全球迁徙、数字传播与跨语文学网络,离散迁徙与跨区域连接,T6 当代全球文学,R10 跨区域文学传统,M5 战后与当代美学范式,G2 戏剧,QH3 身份、身体与归属
莫洛博士岛.md,R4,△,欧洲文学综合—具体内部传统待读后校准,provisional_region,T4 全球现代主义时代 · 战争危机、现代主义与先锋实验,区域扩展阅读,T4 全球现代主义时代,R4 欧洲文学,M2 19世纪文学思潮,G3 小说,QT2 科幻 | QT4 恐怖与哥特 | QT6 乌托邦、反乌托邦与社会想象
莫雷尔的发明.md,R6,△,拉丁美洲与加勒比综合—具体内部传统待读后校准,provisional_region,T4 全球现代主义时代 · Modernismo、先锋派与本土现代性,区域扩展阅读,T4 全球现代主义时代,R6 拉丁美洲与加勒比,M3 现代主义与先锋派 | M5.1 战后思想与美学范式,G3 小说,QT2 科幻
莫雷拉.md,R5,△,北美文学综合—具体内部传统待读后校准,provisional_region,T3 19世纪现代文学体系 · 国家文学、奴隶制回应与大众出版,区域扩展阅读,T3 19世纪现代文学体系,R5 北美文学,M2 19世纪文学思潮,G3 小说,QT4 恐怖与哥特
莱博维茨的赞歌.md,R5,△,北美文学综合—具体内部传统待读后校准,provisional_region,T5 二战后多极文学 · 战后反文化、族裔文学与媒介繁荣,区域扩展阅读,T5 二战后多极文学,R5 北美文学,M5 战后与当代美学范式,G3 小说,QT2 科幻 | QT6 乌托邦、反乌托邦与社会想象
莱奥帕尔迪诗选.md,R4,△,欧洲文学综合—具体内部传统待读后校准,provisional_region,T3 19世纪现代文学体系 · 浪漫主义、现实主义与民族文学体系,区域扩展阅读,T3 19世纪现代文学体系,R4 欧洲文学,M2 19世纪文学思潮,G1 诗歌,QH4 社会、阶级与劳动
莱拉.md,R5,△,北美文学综合—具体内部传统待读后校准,provisional_region,T6 当代全球文学 · 多元身份、数字媒介与全球传播,区域扩展阅读,T6 当代全球文学,R5 北美文学,M5 战后与当代美学范式,G3 小说,QH2.3 家庭与家族
莱拉与马吉农（福祖里）.md,R1,★,土耳其—奥斯曼文学传统,existing,T2 早期现代文学 · 手稿—印刷转换与多语传统延续,核心经典与传统确立,T2 早期现代文学,R1 西亚—地中海古老传统,M1 早期现代思想与美学,G1 诗歌,QH2.1 爱情与欲望
莱拉和马吉农.md,R1,△,波斯—伊朗文学传统,existing,T1 中古多中心文学世界 · 宗教经典、帝国网络与翻译传承,区域扩展阅读,T1 中古多中心文学世界,R1 西亚—地中海古老传统,,G3 小说,QH2.1 爱情与欲望
莱茵黄金路线.md,R5,△,北美文学综合—具体内部传统待读后校准,provisional_region,T5 二战后多极文学 · 战后反文化、族裔文学与媒介繁荣,区域扩展阅读,T5 二战后多极文学,R5 北美文学,M5 战后与当代美学范式,G3 小说,QH6 战争、暴力与创伤
萌芽.md,R4,△,欧洲文学综合—具体内部传统待读后校准,provisional_region,T3 19世纪现代文学体系 · 浪漫主义、现实主义与民族文学体系,区域扩展阅读,T3 19世纪现代文学体系,R4 欧洲文学,M2 19世纪文学思潮 | M2 19世纪文学思潮 / 自然主义,G3 小说,QH2.3 家庭与家族
萍踪侠影录.md,R2,△,东亚文学综合—具体内部传统待读后校准,provisional_region,T5 二战后多极文学 · 战争革命、国家文学与社会重构,区域扩展阅读,T5 二战后多极文学,R2 东亚文学,M5 战后与当代美学范式,G3 小说,QT8 英雄、边疆与法外者文化传统 | QT8.1 武侠
营地.md,R6,△,拉丁美洲与加勒比综合—具体内部传统待读后校准,provisional_region,T6 当代全球文学 · 后独裁记忆、迁徙与跨国文学重组,区域扩展阅读,T6 当代全球文学,R6 拉丁美洲与加勒比,M5 战后与当代美学范式,G3 小说,QH5 权力、制度与秩序
营救距离.md,R6,△,拉丁美洲与加勒比综合—具体内部传统待读后校准,provisional_region,T6 当代全球文学 · 后独裁记忆、迁徙与跨国文学重组,区域扩展阅读,T6 当代全球文学,R6 拉丁美洲与加勒比,M5 战后与当代美学范式,G3 小说,QH5 权力、制度与秩序
萨兰丁之歌.md,R5,△,北美文学综合—具体内部传统待读后校准,provisional_region,T6 当代全球文学 · 多元身份、数字媒介与全球传播,文类形成与区域典范,T6 当代全球文学,R5 北美文学,M5 战后与当代美学范式,G3 小说,QT3 奇幻
萨加拉纳.md,R6,△,巴西葡语文学传统,author_model,T5 二战后多极文学 · 革命经验、文学爆炸与独裁回应,区域扩展阅读,T5 二战后多极文学,R6 拉丁美洲与加勒比,M5 战后与当代美学范式,G3 小说,QH5 权力、制度与秩序
萨布.md,R6,△,拉丁美洲与加勒比综合—具体内部传统待读后校准,provisional_region,T6 当代全球文学 · 后独裁记忆、迁徙与跨国文学重组,区域扩展阅读,T6 当代全球文学,R6 拉丁美洲与加勒比,M5 战后与当代美学范式,G3 小说,QH5 权力、制度与秩序
萨福诗歌.md,R1,◆,古希腊文学传统,existing,T0 文学源头与古代文学 · 古代文字、史诗与经典传统形成,文类形成与区域典范,T0 文学源头与古代文学,R1 西亚—地中海古老传统,,G1 诗歌,QH8 信仰、伦理与超越
萨维尔.md,R4,△,欧洲文学综合—具体内部传统待读后校准,provisional_region,T5 二战后多极文学 · 战后重建、记忆政治与后现代转型,区域扩展阅读,T5 二战后多极文学,R4 欧洲文学,M5 战后与当代美学范式,G3 小说,QH6 战争、暴力与创伤
萨蒂利孔.md,R4,△,欧洲文学综合—具体内部传统待读后校准,provisional_region,T0 文学源头与古代文学 · 希腊罗马古典传统奠基,区域扩展阅读,T0 文学源头与古代文学,R4 欧洲文学,,G3 小说,QH8 信仰、伦理与超越
萨马.md,R6,△,拉丁美洲与加勒比综合—具体内部传统待读后校准,provisional_region,T6 当代全球文学 · 后独裁记忆、迁徙与跨国文学重组,区域扩展阅读,T6 当代全球文学,R6 拉丁美洲与加勒比,M5 战后与当代美学范式,G3 小说,QH5 权力、制度与秩序
落在愤怒之神手中的罪人.md,R5,◆,殖民地—清教徒与早期共和国文学传统,existing,T6 当代全球文学 · 多元身份、数字媒介与全球传播,殖民回应与民族文学建构,T6 当代全球文学,R5 北美文学,M5 战后与当代美学范式,G3 小说,QH5 权力、制度与秩序
蒙娜丽莎超速档.md,R5,△,北美文学综合—具体内部传统待读后校准,provisional_region,T6 当代全球文学 · 多元身份、数字媒介与全球传播,区域扩展阅读,T6 当代全球文学,R5 北美文学,M5 战后与当代美学范式,G3 小说,QT2 科幻
蒙普拉森之虎.md,R4,△,欧洲文学综合—具体内部传统待读后校准,provisional_region,T4 全球现代主义时代 · 战争危机、现代主义与先锋实验,区域扩展阅读,T4 全球现代主义时代,R4 欧洲文学,M3 现代主义与先锋派,G3 小说,QT8 英雄、边疆与法外者文化传统 | QT8.4 欧洲剑客
蒙梭罗夫人.md,R4,△,欧洲文学综合—具体内部传统待读后校准,provisional_region,T3 19世纪现代文学体系 · 浪漫主义、现实主义与民族文学体系,区域扩展阅读,T3 19世纪现代文学体系,R4 欧洲文学,M2 19世纪文学思潮,G3 小说,QT7 历史叙事 | QT8 英雄、边疆与法外者文化传统 | QT8.4 欧洲剑客
蒙田随笔.md,R4,△,欧洲文学综合—具体内部传统待读后校准,provisional_region,T2 早期现代文学 · 文艺复兴、宗教改革与印刷公共领域,区域扩展阅读,T2 早期现代文学,R4 欧洲文学,M1 早期现代思想与美学,G4 散文与随笔,QH8 信仰、伦理与超越
蓝.md,R6,△,拉丁美洲与加勒比综合—具体内部传统待读后校准,provisional_region,T3 19世纪现代文学体系 · 独立建国、浪漫主义与国家文学,区域扩展阅读,T3 19世纪现代文学体系,R6 拉丁美洲与加勒比,M2 19世纪文学思潮 / 拉美 Modernismo | M2 19世纪文学思潮,G3 小说,QH1 自我、存在与生命
蓝圈人.md,R4,△,欧洲文学综合—具体内部传统待读后校准,provisional_region,T6 当代全球文学 · 欧洲一体化、迁徙经验与当代重组,区域扩展阅读,T6 当代全球文学,R4 欧洲文学,M5 战后与当代美学范式,G3 小说,QT1 推理与犯罪叙事
蓝房间.md,R4,△,欧洲文学综合—具体内部传统待读后校准,provisional_region,T5 二战后多极文学 · 战后重建、记忆政治与后现代转型,区域扩展阅读,T5 二战后多极文学,R4 欧洲文学,M5 战后与当代美学范式,G3 小说,QT1 推理与犯罪叙事
蓝火星.md,R5,△,北美文学综合—具体内部传统待读后校准,provisional_region,T6 当代全球文学 · 多元身份、数字媒介与全球传播,区域扩展阅读,T6 当代全球文学,R5 北美文学,M5 战后与当代美学范式,G3 小说,QT2 科幻
蓝色含羞草.md,R3,◆,尼泊尔—喜马拉雅文学传统,existing,T5 二战后多极文学 · 独立分治、国家文学与离散书写,文类形成与区域典范,T5 二战后多极文学,R3 南亚文学,M5 战后与当代美学范式,G3 小说,QH6 战争、暴力与创伤
蓝衣魔鬼.md,R5,△,北美文学综合—具体内部传统待读后校准,provisional_region,T6 当代全球文学 · 多元身份、数字媒介与全球传播,区域扩展阅读,T6 当代全球文学,R5 北美文学,M5 战后与当代美学范式,G3 小说,QT1 推理与犯罪叙事
蓝鸟，蓝鸟.md,R5,△,北美文学综合—具体内部传统待读后校准,provisional_region,T6 当代全球文学 · 多元身份、数字媒介与全球传播,区域扩展阅读,T6 当代全球文学,R5 北美文学,M5 战后与当代美学范式,G3 小说,QH3 身份、身体与归属
蓼喰虫.md,R2,△,东亚文学综合—具体内部传统待读后校准,provisional_region,T4 全球现代主义时代 · 殖民现代性、新文学与形式实验,区域扩展阅读,T4 全球现代主义时代,R2 东亚文学,M3.1 现代主义 / Modernism,G3 小说,QH5 权力、制度与秩序
蔷薇园.md,R1,△,波斯—伊朗文学传统,existing,T1 中古多中心文学世界 · 宗教经典、帝国网络与翻译传承,区域扩展阅读,T1 中古多中心文学世界,R1 西亚—地中海古老传统,,G4 散文与随笔,QH8 信仰、伦理与超越
薄伽梵往世书.md,R3,△,梵语—吠陀与古典文学传统,author_model,T1 中古多中心文学世界 · 宗教、宫廷与多语文学网络扩展,区域扩展阅读,T1 中古多中心文学世界,R3 南亚文学,,G3 小说,QT9 神话、传说与民间叙事
薄伽梵歌.md,R3,◆,梵语—吠陀与古典文学传统,existing,T0 文学源头与古代文学 · 吠陀、史诗与古典语言传统奠基,源头与经典奠基,T0 文学源头与古代文学,R3 南亚文学,,G3 小说,QT9 神话、传说与民间叙事 | QH6 战争、暴力与创伤
藻海无边.md,R6,△,拉丁美洲与加勒比综合—具体内部传统待读后校准,provisional_region,T5 二战后多极文学 · 革命经验、文学爆炸与独裁回应,区域扩展阅读,T5 二战后多极文学,R6 拉丁美洲与加勒比,M5 战后与当代美学范式,G3 小说,QH2.5 童年与成长
虐杀器官.md,R2,△,东亚文学综合—具体内部传统待读后校准,provisional_region,T6 当代全球文学 · 都市经验、媒介转型与跨国传播,区域扩展阅读,T6 当代全球文学,R2 东亚文学,M5 战后与当代美学范式,G3 小说,QT2 科幻
虚构集.md,R6,★,南锥体—拉普拉塔文学传统,existing,T4 全球现代主义时代 · Modernismo、先锋派与本土现代性,核心经典与传统确立,T4 全球现代主义时代,R6 拉丁美洲与加勒比,M3.1 现代主义 / Modernism | M5.1 战后思想与美学范式,G3 小说,QT2 科幻
虬髯客传.md,R2,△,东亚文学综合—具体内部传统待读后校准,provisional_region,T6 当代全球文学 · 都市经验、媒介转型与跨国传播,区域扩展阅读,T6 当代全球文学,R2 东亚文学,M5 战后与当代美学范式,G3 小说,QT8 英雄、边疆与法外者文化传统 | QT8.1 武侠 | QT8.7 侠盗
虹.md,R4,△,欧洲文学综合—具体内部传统待读后校准,provisional_region,T4 全球现代主义时代 · 战争危机、现代主义与先锋实验,区域扩展阅读,T4 全球现代主义时代,R4 欧洲文学,M3.1 现代主义 / Modernism,G3 小说,QH2.5 童年与成长 | QH2.3 家庭与家族
蚁生.md,R2,△,东亚文学综合—具体内部传统待读后校准,provisional_region,T6 当代全球文学 · 都市经验、媒介转型与跨国传播,区域扩展阅读,T6 当代全球文学,R2 东亚文学,M5 战后与当代美学范式,G3 小说,QT2 科幻
蛇与绳.md,R3,△,南亚文学综合—具体内部传统待读后校准,provisional_region,T5 二战后多极文学 · 独立分治、国家文学与离散书写,区域扩展阅读,T5 二战后多极文学,R3 南亚文学,M5 战后与当代美学范式,G3 小说,QH6 战争、暴力与创伤
蛙.md,R2,△,东亚文学综合—具体内部传统待读后校准,provisional_region,T6 当代全球文学 · 都市经验、媒介转型与跨国传播,区域扩展阅读,T6 当代全球文学,R2 东亚文学,M5 战后与当代美学范式,G3 小说,QH6 战争、暴力与创伤
蛛巢小径.md,R4,△,意大利文学传统,author_model,T5 二战后多极文学 · 战后重建、记忆政治与后现代转型,区域扩展阅读,T5 二战后多极文学,R4 欧洲文学,M5 战后与当代美学范式,G3 小说,QH6 战争、暴力与创伤
蛮王柯南.md,R5,△,北美文学综合—具体内部传统待读后校准,provisional_region,T4 全球现代主义时代 · 现代主义、哈莱姆复兴与类型扩张,文类形成与区域典范,T4 全球现代主义时代,R5 北美文学,M3 现代主义与先锋派,G3 小说,QT3 奇幻
蛹.md,R4,△,欧洲文学综合—具体内部传统待读后校准,provisional_region,T5 二战后多极文学 · 战后重建、记忆政治与后现代转型,区域扩展阅读,T5 二战后多极文学,R4 欧洲文学,M5 战后与当代美学范式,G3 小说,QT2 科幻
蜀山剑侠传.md,R2,△,东亚文学综合—具体内部传统待读后校准,provisional_region,T6 当代全球文学 · 都市经验、媒介转型与跨国传播,区域扩展阅读,T6 当代全球文学,R2 东亚文学,M5 战后与当代美学范式,G3 小说,QT8 英雄、边疆与法外者文化传统 | QT8.1 武侠 | QT8.3 日本武士与剑豪
蜘蛛女之吻.md,R6,△,拉丁美洲与加勒比综合—具体内部传统待读后校准,provisional_region,T5 二战后多极文学 · 革命经验、文学爆炸与独裁回应,区域扩展阅读,T5 二战后多极文学,R6 拉丁美洲与加勒比,M5 战后与当代美学范式,G3 小说,QH2.1 爱情与欲望
蜥蜴尾巴.md,R6,△,拉丁美洲与加勒比综合—具体内部传统待读后校准,provisional_region,T6 当代全球文学 · 后独裁记忆、迁徙与跨国文学重组,区域扩展阅读,T6 当代全球文学,R6 拉丁美洲与加勒比,M5 战后与当代美学范式,G3 小说,QH5 权力、制度与秩序
蝇王.md,R4,△,欧洲文学综合—具体内部传统待读后校准,provisional_region,T5 二战后多极文学 · 战后重建、记忆政治与后现代转型,区域扩展阅读,T5 二战后多极文学,R4 欧洲文学,M5 战后与当代美学范式,G3 小说,QT5 冒险与探索叙事
蝉时雨.md,R2,△,东亚文学综合—具体内部传统待读后校准,provisional_region,T6 当代全球文学 · 都市经验、媒介转型与跨国传播,区域扩展阅读,T6 当代全球文学,R2 东亚文学,M5 战后与当代美学范式,G3 小说,QT8 英雄、边疆与法外者文化传统 | QT8.3 日本武士与剑豪
蝴蝶梦.md,R4,△,欧洲文学综合—具体内部传统待读后校准,provisional_region,T4 全球现代主义时代 · 战争危机、现代主义与先锋实验,区域扩展阅读,T4 全球现代主义时代,R4 欧洲文学,M3 现代主义与先锋派,G3 小说,QH2.1 爱情与欲望
蝾螈战争.md,R4,△,中欧文学传统,author_model,T4 全球现代主义时代 · 战争危机、现代主义与先锋实验,文类形成与区域典范,T4 全球现代主义时代,R4 欧洲文学,M3 现代主义与先锋派,G3 小说,QT2 科幻 | QT6 乌托邦、反乌托邦与社会想象
螺丝在拧紧.md,R5,△,十九世纪—现代美国文学传统,author_model,T4 全球现代主义时代 · 现代主义、哈莱姆复兴与类型扩张,区域扩展阅读,T4 全球现代主义时代,R5 北美文学,M3.1 现代主义 / Modernism,G3 小说,QT4 恐怖与哥特
螺旋.md,R2,△,东亚文学综合—具体内部传统待读后校准,provisional_region,T6 当代全球文学 · 都市经验、媒介转型与跨国传播,区域扩展阅读,T6 当代全球文学,R2 东亚文学,M5 战后与当代美学范式,G3 小说,QT4 恐怖与哥特
螺旋桨.md,R6,△,拉丁美洲与加勒比综合—具体内部传统待读后校准,provisional_region,T4 全球现代主义时代 · Modernismo、先锋派与本土现代性,区域扩展阅读,T4 全球现代主义时代,R6 拉丁美洲与加勒比,M3.2 先锋派,G3 小说,QH1 自我、存在与生命
血书.md,R4,△,欧洲文学综合—具体内部传统待读后校准,provisional_region,T6 当代全球文学 · 欧洲一体化、迁徙经验与当代重组,区域扩展阅读,T6 当代全球文学,R4 欧洲文学,M5 战后与当代美学范式,G3 小说,QT4 恐怖与哥特
血婚.md,R4,◆,伊比利亚文学传统,existing,T4 全球现代主义时代 · 战争危机、现代主义与先锋实验,文类形成与区域典范,T4 全球现代主义时代,R4 欧洲文学,M3.1 现代主义 / Modernism,G2 戏剧,QH1 自我、存在与生命
血字的研究.md,R4,△,欧洲文学综合—具体内部传统待读后校准,provisional_region,T3 19世纪现代文学体系 · 浪漫主义、现实主义与民族文学体系,区域扩展阅读,T3 19世纪现代文学体系,R4 欧洲文学,M2 19世纪文学思潮,G3 小说,QT1 推理与犯罪叙事
血海飘香.md,R2,△,东亚文学综合—具体内部传统待读后校准,provisional_region,T5 二战后多极文学 · 战争革命、国家文学与社会重构,区域扩展阅读,T5 二战后多极文学,R2 东亚文学,M5 战后与当代美学范式,G3 小说,QT8 英雄、边疆与法外者文化传统 | QT8.1 武侠
血的花瓣.md,R7,★,东非—斯瓦希里文学传统,existing,T6 当代全球文学 · 后殖民批判、城市经验与全球离散,殖民回应与民族文学建构,T6 当代全球文学,R7 非洲文学,M5 战后与当代美学范式,G3 小说,QH3 身份、身体与归属 | QH4 社会、阶级与劳动
血色子午线.md,R5,◆,十九世纪—现代美国文学传统,existing,T6 当代全球文学 · 多元身份、数字媒介与全球传播,源头与经典奠基,T6 当代全球文学,R5 北美文学,M5 战后与当代美学范式,G3 小说,QT8 英雄、边疆与法外者文化传统 | QT8.5 西部 | QT8.7 侠盗
血色花瓣.md,R7,△,东非—斯瓦希里文学传统,author_model,T5 二战后多极文学 · 独立、去殖民化与国家文学建构,区域扩展阅读,T5 二战后多极文学,R7 非洲文学,M5 战后与当代美学范式 | M4 集体文学运动与文化政治,G3 小说,QH6 战争、暴力与创伤
血音乐.md,R5,△,北美文学综合—具体内部传统待读后校准,provisional_region,T6 当代全球文学 · 多元身份、数字媒介与全球传播,区域扩展阅读,T6 当代全球文学,R5 北美文学,M5 战后与当代美学范式,G3 小说,QT2 科幻
街角魔族.md,R4,△,欧洲文学综合—具体内部传统待读后校准,provisional_region,T6 当代全球文学 · 欧洲一体化、迁徙经验与当代重组,文类形成与区域典范,T6 当代全球文学,R4 欧洲文学,M5 战后与当代美学范式,G3 小说,QT3 奇幻
补锅匠.md,R5,△,北美文学综合—具体内部传统待读后校准,provisional_region,T6 当代全球文学 · 多元身份、数字媒介与全球传播,区域扩展阅读,T6 当代全球文学,R5 北美文学,M5 战后与当代美学范式,G3 小说,QH3 身份、身体与归属
被嫌弃的松子的一生.md,R2,△,东亚文学综合—具体内部传统待读后校准,provisional_region,T6 当代全球文学 · 都市经验、媒介转型与跨国传播,区域扩展阅读,T6 当代全球文学,R2 东亚文学,M5 战后与当代美学范式,G3 小说,QH1 自我、存在与生命 | QH2.5 童年与成长 | QH3.1 性别与身体
被子.md,R3,◆,波斯语—Hindavi—乌尔都文学传统,existing,T4 全球现代主义时代 · 反殖民、现代主义与多语文学革新,文类形成与区域典范,T4 全球现代主义时代,R3 南亚文学,M3.1 现代主义 / Modernism,G3 小说,QH3 身份、身体与归属 | QH1 自我、存在与生命
被掩埋的巨人.md,R4,△,欧洲文学综合—具体内部传统待读后校准,provisional_region,T6 当代全球文学 · 欧洲一体化、迁徙经验与当代重组,区域扩展阅读,T6 当代全球文学,R4 欧洲文学,M5 战后与当代美学范式,G3 小说,QH7 历史、记忆与时间 | QT8 英雄、边疆与法外者文化传统 | QT8.2 欧洲骑士
被毁灭的人.md,R5,△,北美文学综合—具体内部传统待读后校准,provisional_region,T5 二战后多极文学 · 战后反文化、族裔文学与媒介繁荣,区域扩展阅读,T5 二战后多极文学,R5 北美文学,M5 战后与当代美学范式,G3 小说,QT2 科幻
被玷污的杯子.md,R5,△,北美文学综合—具体内部传统待读后校准,provisional_region,T6 当代全球文学 · 多元身份、数字媒介与全球传播,区域扩展阅读,T6 当代全球文学,R5 北美文学,M5 战后与当代美学范式,G3 小说,QH3 身份、身体与归属
被禁锢的头脑.md,R4,△,欧洲文学综合—具体内部传统待读后校准,provisional_region,T5 二战后多极文学 · 战后重建、记忆政治与后现代转型,区域扩展阅读,T5 二战后多极文学,R4 欧洲文学,M5 战后与当代美学范式,G4 散文与随笔,QH6 战争、暴力与创伤
被解放的耶路撒冷.md,R4,△,欧洲文学综合—具体内部传统待读后校准,provisional_region,T2 早期现代文学 · 文艺复兴、宗教改革与印刷公共领域,区域扩展阅读,T2 早期现代文学,R4 欧洲文学,M1 早期现代思想与美学,G3 小说,QH8 信仰、伦理与超越
裤中云.md,R4,△,欧洲文学综合—具体内部传统待读后校准,provisional_region,T4 全球现代主义时代 · 战争危机、现代主义与先锋实验,区域扩展阅读,T4 全球现代主义时代,R4 欧洲文学,M3.2 先锋派,G3 小说,QH5 权力、制度与秩序 | QH1 自我、存在与生命
裸体午餐.md,R5,△,北美文学综合—具体内部传统待读后校准,provisional_region,T5 二战后多极文学 · 战后反文化、族裔文学与媒介繁荣,区域扩展阅读,T5 二战后多极文学,R5 北美文学,M5 战后与当代美学范式 | M4 集体文学运动与文化政治,G3 小说,QH6 战争、暴力与创伤
裸者与死者.md,R5,△,北美文学综合—具体内部传统待读后校准,provisional_region,T5 二战后多极文学 · 战后反文化、族裔文学与媒介繁荣,区域扩展阅读,T5 二战后多极文学,R5 北美文学,M5 战后与当代美学范式,G3 小说,QT7 历史叙事 | QH6 战争、暴力与创伤
裹尸布.md,R6,△,拉丁美洲与加勒比综合—具体内部传统待读后校准,provisional_region,T6 当代全球文学 · 后独裁记忆、迁徙与跨国文学重组,区域扩展阅读,T6 当代全球文学,R6 拉丁美洲与加勒比,M5 战后与当代美学范式,G3 小说,QH5 权力、制度与秩序
西伯利亚大铁路和小让娜的法兰西散文诗.md,R4,△,欧洲文学综合—具体内部传统待读后校准,provisional_region,T4 全球现代主义时代 · 战争危机、现代主义与先锋实验,区域扩展阅读,T4 全球现代主义时代,R4 欧洲文学,M3.1 现代主义 / Modernism,G4 散文与随笔,QH1 自我、存在与生命
西兹韦·班西死了.md,R7,◆,南部非洲文学传统,existing,T6 当代全球文学 · 后殖民批判、城市经验与全球离散,文类形成与区域典范,T6 当代全球文学,R7 非洲文学,M5 战后与当代美学范式,G2 戏剧,QH3 身份、身体与归属
西印度毁灭述略.md,R6,◆,殖民编年史—巴洛克与克里奥尔文学传统,existing,T6 当代全球文学 · 后独裁记忆、迁徙与跨国文学重组,殖民回应与民族文学建构,T6 当代全球文学,R6 拉丁美洲与加勒比,M5 战后与当代美学范式,G3 小说,QH3 身份、身体与归属 | QH8 信仰、伦理与超越
西厢记.md,R2,△,东亚文学综合—具体内部传统待读后校准,provisional_region,T1 中古多中心文学世界 · 宗教传播、宫廷文化与区域交流,区域扩展阅读,T1 中古多中心文学世界,R2 东亚文学,,G3 小说,QH2.1 爱情与欲望
西拉马卡与普尔洛里.md,R7,◆,口传—史诗与本土语言传统,existing,T6 当代全球文学 · 后殖民批判、城市经验与全球离散,语言、书写与媒介转型,T6 当代全球文学,R7 非洲文学,M5 战后与当代美学范式,G3 小说,QH5 权力、制度与秩序
西方退出.md,R10,★,阿拉伯—中东离散文学传统,existing,T6 当代全球文学 · 全球迁徙、数字传播与跨语文学网络,离散迁徙与跨区域连接,T6 当代全球文学,R10 跨区域文学传统,M5 战后与当代美学范式,G3 小说,QH6 战争、暴力与创伤 | QH3 身份、身体与归属
西游记.md,R2,△,东亚文学综合—具体内部传统待读后校准,provisional_region,T2 早期现代文学 · 印刷扩展、通俗文类与文人传统成熟,区域扩展阅读,T2 早期现代文学,R2 东亚文学,M1 早期现代思想与美学,G3 小说,QT3 奇幻 | QT5 冒险与探索叙事 | QT8 英雄、边疆与法外者文化传统 | QT9 神话、传说与民间叙事 | QH8 信仰、伦理与超越
西线无战事.md,R4,△,欧洲文学综合—具体内部传统待读后校准,provisional_region,T4 全球现代主义时代 · 战争危机、现代主义与先锋实验,区域扩展阅读,T4 全球现代主义时代,R4 欧洲文学,M2 19世纪文学思潮,G3 小说,QT7 历史叙事 | QH6 战争、暴力与创伤 | QH7 历史、记忆与时间
西蒂·努尔巴雅.md,R8,★,印尼—爪哇与群岛文学传统,existing,T6 当代全球文学 · 城市化、跨语写作与东南亚离散,文类形成与区域典范,T6 当代全球文学,R8 东南亚文学,M5 战后与当代美学范式,G3 小说,QH5 权力、制度与秩序
西行之路.md,R5,△,北美文学综合—具体内部传统待读后校准,provisional_region,T5 二战后多极文学 · 战后反文化、族裔文学与媒介繁荣,区域扩展阅读,T5 二战后多极文学,R5 北美文学,M5 战后与当代美学范式,G3 小说,QT8 英雄、边疆与法外者文化传统 | QT8.5 西部
西西弗神话.md,R4,△,法语文学传统,author_model,T5 二战后多极文学 · 战后重建、记忆政治与后现代转型,源头与经典奠基,T5 二战后多极文学,R4 欧洲文学,M5.1 战后思想与美学范式,G3 小说,QH1 自我、存在与生命
西里西亚天使.md,R4,△,欧洲文学综合—具体内部传统待读后校准,provisional_region,T2 早期现代文学 · 文艺复兴、宗教改革与印刷公共领域,区域扩展阅读,T2 早期现代文学,R4 欧洲文学,M1 早期现代思想与美学,G3 小说,QH5 权力、制度与秩序
西马龙玫瑰.md,R5,△,北美文学综合—具体内部传统待读后校准,provisional_region,T6 当代全球文学 · 多元身份、数字媒介与全球传播,区域扩展阅读,T6 当代全球文学,R5 北美文学,M5 战后与当代美学范式,G3 小说,QH3 身份、身体与归属
覆雨翻云.md,R2,△,东亚文学综合—具体内部传统待读后校准,provisional_region,T6 当代全球文学 · 都市经验、媒介转型与跨国传播,区域扩展阅读,T6 当代全球文学,R2 东亚文学,M5 战后与当代美学范式,G3 小说,QT8 英雄、边疆与法外者文化传统 | QT8.1 武侠
见红.md,R6,△,拉丁美洲与加勒比综合—具体内部传统待读后校准,provisional_region,T6 当代全球文学 · 后独裁记忆、迁徙与跨国文学重组,区域扩展阅读,T6 当代全球文学,R6 拉丁美洲与加勒比,M5 战后与当代美学范式,G3 小说,QH5 权力、制度与秩序
观众.md,R4,△,欧洲文学综合—具体内部传统待读后校准,provisional_region,T5 二战后多极文学 · 战后重建、记忆政治与后现代转型,区域扩展阅读,T5 二战后多极文学,R4 欧洲文学,M5 战后与当代美学范式,G2 戏剧,QH6 战争、暴力与创伤
觉醒.md,R5,◆,十九世纪—现代美国文学传统,existing,T4 全球现代主义时代 · 现代主义、哈莱姆复兴与类型扩张,传统转型与区域扩展,T4 全球现代主义时代,R5 北美文学,M3 现代主义与先锋派,G3 小说,QH2.5 童年与成长
角中蜜.md,R5,△,北美文学综合—具体内部传统待读后校准,provisional_region,T4 全球现代主义时代 · 现代主义、哈莱姆复兴与类型扩张,区域扩展阅读,T4 全球现代主义时代,R5 北美文学,M3 现代主义与先锋派,G3 小说,QH1 自我、存在与生命
解密.md,R2,△,东亚文学综合—具体内部传统待读后校准,provisional_region,T6 当代全球文学 · 都市经验、媒介转型与跨国传播,区域扩展阅读,T6 当代全球文学,R2 东亚文学,M5 战后与当代美学范式,G3 小说,QT1 推理与犯罪叙事 | QH5 权力、制度与秩序
解忧杂货店.md,R2,△,东亚文学综合—具体内部传统待读后校准,provisional_region,T6 当代全球文学 · 都市经验、媒介转型与跨国传播,区域扩展阅读,T6 当代全球文学,R2 东亚文学,M5 战后与当代美学范式,G3 小说,QT1 推理与犯罪叙事 | QH1 自我、存在与生命
解放了的普罗米修斯.md,R4,△,欧洲文学综合—具体内部传统待读后校准,provisional_region,T3 19世纪现代文学体系 · 浪漫主义、现实主义与民族文学体系,区域扩展阅读,T3 19世纪现代文学体系,R4 欧洲文学,M2 19世纪文学思潮 / 浪漫主义 | M2 19世纪文学思潮,G3 小说,QH4 社会、阶级与劳动
解放了的耶路撒冷.md,R4,△,欧洲文学综合—具体内部传统待读后校准,provisional_region,T2 早期现代文学 · 文艺复兴、宗教改革与印刷公共领域,源头与经典奠基,T2 早期现代文学,R4 欧洲文学,M1 早期现代思想与美学,G3 小说,QT8 英雄、边疆与法外者文化传统 | QT8.2 欧洲骑士
詹姆斯·K·巴克斯特诗选.md,R9,◆,英语新西兰文学传统,existing,T6 当代全球文学 · 生态危机、移民社会与跨太平洋传播,文类形成与区域典范,T6 当代全球文学,R9 大洋洲与太平洋,M5 战后与当代美学范式,G1 诗歌,QH5 权力、制度与秩序
警察讨厌鬼.md,R5,△,北美文学综合—具体内部传统待读后校准,provisional_region,T5 二战后多极文学 · 战后反文化、族裔文学与媒介繁荣,区域扩展阅读,T5 二战后多极文学,R5 北美文学,M5 战后与当代美学范式,G3 小说,QT1 推理与犯罪叙事
计算星辰.md,R5,△,北美文学综合—具体内部传统待读后校准,provisional_region,T6 当代全球文学 · 多元身份、数字媒介与全球传播,区域扩展阅读,T6 当代全球文学,R5 北美文学,M5 战后与当代美学范式,G3 小说,QH3 身份、身体与归属
让开！让开！.md,R5,△,北美文学综合—具体内部传统待读后校准,provisional_region,T5 二战后多极文学 · 战后反文化、族裔文学与媒介繁荣,区域扩展阅读,T5 二战后多极文学,R5 北美文学,M5 战后与当代美学范式,G3 小说,QT2 科幻 | QT6 乌托邦、反乌托邦与社会想象
让我死在他的脚步里.md,R5,△,北美文学综合—具体内部传统待读后校准,provisional_region,T6 当代全球文学 · 多元身份、数字媒介与全球传播,区域扩展阅读,T6 当代全球文学,R5 北美文学,M5 战后与当代美学范式,G3 小说,QH3 身份、身体与归属
记忆传授人.md,R5,△,北美文学综合—具体内部传统待读后校准,provisional_region,T6 当代全球文学 · 多元身份、数字媒介与全球传播,文类形成与区域典范,T6 当代全球文学,R5 北美文学,M5 战后与当代美学范式,G3 小说,QT2 科幻 | QT6 乌托邦、反乌托邦与社会想象
记忆警察.md,R2,△,东亚文学综合—具体内部传统待读后校准,provisional_region,T6 当代全球文学 · 都市经验、媒介转型与跨国传播,区域扩展阅读,T6 当代全球文学,R2 东亚文学,M5 战后与当代美学范式,G3 小说,QT6 乌托邦、反乌托邦与社会想象
许三观卖血记.md,R2,△,东亚文学综合—具体内部传统待读后校准,provisional_region,T6 当代全球文学 · 都市经验、媒介转型与跨国传播,区域扩展阅读,T6 当代全球文学,R2 东亚文学,M5 战后与当代美学范式,G3 小说,QH2.3 家庭与家族 | QH4 社会、阶级与劳动 | QH7 历史、记忆与时间
许茂和他的女儿们.md,R2,△,东亚文学综合—具体内部传统待读后校准,provisional_region,T6 当代全球文学 · 都市经验、媒介转型与跨国传播,区域扩展阅读,T6 当代全球文学,R2 东亚文学,M5 战后与当代美学范式,G3 小说,QH6 战争、暴力与创伤
论人的尊严.md,R4,△,欧洲文学综合—具体内部传统待读后校准,provisional_region,T2 早期现代文学 · 文艺复兴、宗教改革与印刷公共领域,区域扩展阅读,T2 早期现代文学,R4 欧洲文学,M1 早期现代思想与美学,G3 小说,QH1 自我、存在与生命
论公民的不服从.md,R4,△,欧洲文学综合—具体内部传统待读后校准,provisional_region,T3 19世纪现代文学体系 · 浪漫主义、现实主义与民族文学体系,区域扩展阅读,T3 19世纪现代文学体系,R4 欧洲文学,M2 19世纪文学思潮 / 超验主义 | M2 19世纪文学思潮,G3 小说,QH4 社会、阶级与劳动
论学问的进步.md,R4,△,欧洲文学综合—具体内部传统待读后校准,provisional_region,T2 早期现代文学 · 文艺复兴、宗教改革与印刷公共领域,区域扩展阅读,T2 早期现代文学,R4 欧洲文学,M1 早期现代思想与美学,G3 小说,QH5 权力、制度与秩序
论演说家.md,R1,△,罗马与拉丁文学传统,existing,T0 文学源头与古代文学 · 古代文字、史诗与经典传统形成,区域扩展阅读,T0 文学源头与古代文学,R1 西亚—地中海古老传统,,G3 小说,QH8 信仰、伦理与超越
论科学与艺术.md,R4,△,欧洲文学综合—具体内部传统待读后校准,provisional_region,T2 早期现代文学 · 文艺复兴、宗教改革与印刷公共领域,区域扩展阅读,T2 早期现代文学,R4 欧洲文学,M1 早期现代思想与美学,G3 小说,QH8 信仰、伦理与超越
论自助.md,R4,△,欧洲文学综合—具体内部传统待读后校准,provisional_region,T3 19世纪现代文学体系 · 浪漫主义、现实主义与民族文学体系,区域扩展阅读,T3 19世纪现代文学体系,R4 欧洲文学,M2 19世纪文学思潮 / 超验主义 | M2 19世纪文学思潮,G3 小说,QH4 社会、阶级与劳动
论语.md,R2,△,东亚文学综合—具体内部传统待读后校准,provisional_region,T0 文学源头与古代文学 · 古代经典、史传与诗歌传统奠基,区域扩展阅读,T0 文学源头与古代文学,R2 东亚文学,,G4 散文与随笔,QH8 信仰、伦理与超越
讽刺诗（尤维纳利斯）.md,R1,△,罗马与拉丁文学传统,existing,T0 文学源头与古代文学 · 古代文字、史诗与经典传统形成,区域扩展阅读,T0 文学源头与古代文学,R1 西亚—地中海古老传统,,G3 小说,QH8 信仰、伦理与超越
证言.md,R5,△,英语加拿大文学传统,author_model,T6 当代全球文学 · 多元身份、数字媒介与全球传播,区域扩展阅读,T6 当代全球文学,R5 北美文学,M5 战后与当代美学范式,G3 小说,QH3 身份、身体与归属
词本身宣言.md,R4,△,欧洲文学综合—具体内部传统待读后校准,provisional_region,T4 全球现代主义时代 · 战争危机、现代主义与先锋实验,区域扩展阅读,T4 全球现代主义时代,R4 欧洲文学,M3.2 先锋派,G4 散文与随笔,QH5 权力、制度与秩序 | QH1 自我、存在与生命
诗与反诗.md,R6,△,拉丁美洲与加勒比综合—具体内部传统待读后校准,provisional_region,T6 当代全球文学 · 后独裁记忆、迁徙与跨国文学重组,区域扩展阅读,T6 当代全球文学,R6 拉丁美洲与加勒比,M5 战后与当代美学范式,G3 小说,QH5 权力、制度与秩序
诗与歌谣.md,R4,△,欧洲文学综合—具体内部传统待读后校准,provisional_region,T3 19世纪现代文学体系 · 浪漫主义、现实主义与民族文学体系,区域扩展阅读,T3 19世纪现代文学体系,R4 欧洲文学,M2 19世纪文学思潮 / 唯美主义 | M2 19世纪文学思潮,G3 小说,QH4 社会、阶级与劳动
诗体埃达.md,R4,★,北欧文学传统,existing,T1 中古多中心文学世界 · 基督教、宫廷与俗语文学形成,文类形成与区域典范,T1 中古多中心文学世界,R4 欧洲文学,,G3 小说,QT9 神话、传说与民间叙事
诗章.md,R5,△,北美文学综合—具体内部传统待读后校准,provisional_region,T4 全球现代主义时代 · 现代主义、哈莱姆复兴与类型扩张,区域扩展阅读,T4 全球现代主义时代,R5 北美文学,M3.1 现代主义 / Modernism,G1 诗歌,QH1 自我、存在与生命
诗经.md,R2,△,朝鲜半岛文学传统,author_model,T0 文学源头与古代文学 · 古代经典、史传与诗歌传统奠基,区域扩展阅读,T0 文学源头与古代文学,R2 东亚文学,,G3 小说,QH2.1 爱情与欲望
诗艺.md,R4,△,欧洲文学综合—具体内部传统待读后校准,provisional_region,T2 早期现代文学 · 文艺复兴、宗教改革与印刷公共领域,区域扩展阅读,T2 早期现代文学,R4 欧洲文学,M1 早期现代思想与美学,G3 小说,QH5 权力、制度与秩序
诛仙.md,R2,△,东亚文学综合—具体内部传统待读后校准,provisional_region,T6 当代全球文学 · 都市经验、媒介转型与跨国传播,区域扩展阅读,T6 当代全球文学,R2 东亚文学,M5 战后与当代美学范式,G3 小说,QT3 奇幻 | QT8 英雄、边疆与法外者文化传统 | QT8.1 武侠
诠释者.md,R7,△,西非英语文学传统,author_model,T5 二战后多极文学 · 独立、去殖民化与国家文学建构,区域扩展阅读,T5 二战后多极文学,R7 非洲文学,M5 战后与当代美学范式,G3 小说,QH6 战争、暴力与创伤
请到我们的毒气室来，女士们先生们.md,R4,△,欧洲文学综合—具体内部传统待读后校准,provisional_region,T5 二战后多极文学 · 战后重建、记忆政治与后现代转型,区域扩展阅读,T5 二战后多极文学,R4 欧洲文学,M5 战后与当代美学范式,G3 小说,QH6 战争、暴力与创伤
诺斯托罗莫.md,R4,△,欧洲文学综合—具体内部传统待读后校准,provisional_region,T4 全球现代主义时代 · 战争危机、现代主义与先锋实验,区域扩展阅读,T4 全球现代主义时代,R4 欧洲文学,M3 现代主义与先锋派,G3 小说,QH1 自我、存在与生命
诺桑觉寺.md,R4,△,英国—爱尔兰文学传统,author_model,T3 19世纪现代文学体系 · 浪漫主义、现实主义与民族文学体系,区域扩展阅读,T3 19世纪现代文学体系,R4 欧洲文学,M2 19世纪文学思潮,G3 小说,QH2.1 爱情与欲望
诺言.md,R4,△,欧洲文学综合—具体内部传统待读后校准,provisional_region,T5 二战后多极文学 · 战后重建、记忆政治与后现代转型,区域扩展阅读,T5 二战后多极文学,R4 欧洲文学,M5 战后与当代美学范式,G3 小说,QT1 推理与犯罪叙事
谁惧死亡.md,R7,△,非洲文学综合—具体内部传统待读后校准,provisional_region,T6 当代全球文学 · 后殖民批判、城市经验与全球离散,区域扩展阅读,T6 当代全球文学,R7 非洲文学,M5 战后与当代美学范式,G3 小说,QT2 科幻 | QT3 奇幻 | QT6 乌托邦、反乌托邦与社会想象
谁的尸体？.md,R4,△,欧洲文学综合—具体内部传统待读后校准,provisional_region,T4 全球现代主义时代 · 战争危机、现代主义与先锋实验,区域扩展阅读,T4 全球现代主义时代,R4 欧洲文学,M3 现代主义与先锋派,G3 小说,QT1 推理与犯罪叙事
谋杀启事.md,R4,△,欧洲文学综合—具体内部传统待读后校准,provisional_region,T5 二战后多极文学 · 战后重建、记忆政治与后现代转型,区域扩展阅读,T5 二战后多极文学,R4 欧洲文学,M3 现代主义与先锋派,G3 小说,QT1 推理与犯罪叙事
谢小娥传.md,R2,△,东亚文学综合—具体内部传统待读后校准,provisional_region,T6 当代全球文学 · 都市经验、媒介转型与跨国传播,区域扩展阅读,T6 当代全球文学,R2 东亚文学,M5 战后与当代美学范式,G3 小说,QT8 英雄、边疆与法外者文化传统 | QT8.1 武侠
谢里.md,R4,△,欧洲文学综合—具体内部传统待读后校准,provisional_region,T4 全球现代主义时代 · 战争危机、现代主义与先锋实验,区域扩展阅读,T4 全球现代主义时代,R4 欧洲文学,M3.1 现代主义 / Modernism,G3 小说,QH1 自我、存在与生命
象塔.md,R5,△,北美文学综合—具体内部传统待读后校准,provisional_region,T4 全球现代主义时代 · 现代主义、哈莱姆复兴与类型扩张,文类形成与区域典范,T4 全球现代主义时代,R5 北美文学,M3 现代主义与先锋派,G3 小说,QT3 奇幻
豹.md,R4,△,欧洲文学综合—具体内部传统待读后校准,provisional_region,T5 二战后多极文学 · 战后重建、记忆政治与后现代转型,区域扩展阅读,T5 二战后多极文学,R4 欧洲文学,M5 战后与当代美学范式,G3 小说,QH6 战争、暴力与创伤
豺狼的日子.md,R4,△,欧洲文学综合—具体内部传统待读后校准,provisional_region,T5 二战后多极文学 · 战后重建、记忆政治与后现代转型,区域扩展阅读,T5 二战后多极文学,R4 欧洲文学,M5 战后与当代美学范式,G3 小说,QH6 战争、暴力与创伤
贝克特三部曲.md,R4,△,欧洲文学综合—具体内部传统待读后校准,provisional_region,T5 二战后多极文学 · 战后重建、记忆政治与后现代转型,区域扩展阅读,T5 二战后多极文学,R4 欧洲文学,M5 战后与当代美学范式,G3 小说,QH6 战争、暴力与创伤
贝奥武夫.md,R4,★,英国—爱尔兰文学传统,existing,T1 中古多中心文学世界 · 基督教、宫廷与俗语文学形成,源头与经典奠基,T1 中古多中心文学世界,R4 欧洲文学,,G3 小说,QT3 奇幻 | QT9 神话、传说与民间叙事 | QH6 战争、暴力与创伤 | QT8 英雄、边疆与法外者文化传统 | QT8.2 欧洲骑士
贝姨.md,R4,△,法语文学传统,author_model,T3 19世纪现代文学体系 · 浪漫主义、现实主义与民族文学体系,区域扩展阅读,T3 19世纪现代文学体系,R4 欧洲文学,M2 19世纪文学思潮,G3 小说,QH2.3 家庭与家族
贝蕾妮丝.md,R5,△,北美文学综合—具体内部传统待读后校准,provisional_region,T3 19世纪现代文学体系 · 国家文学、奴隶制回应与大众出版,区域扩展阅读,T3 19世纪现代文学体系,R5 北美文学,M2 19世纪文学思潮,G3 小说,QT4 恐怖与哥特
负重前行.md,R5,△,北美文学综合—具体内部传统待读后校准,provisional_region,T6 当代全球文学 · 多元身份、数字媒介与全球传播,殖民回应与民族文学建构,T6 当代全球文学,R5 北美文学,M5 战后与当代美学范式,G3 小说,QH6 战争、暴力与创伤 | QH7 历史、记忆与时间
贪得无厌.md,R4,△,欧洲文学综合—具体内部传统待读后校准,provisional_region,T4 全球现代主义时代 · 战争危机、现代主义与先锋实验,区域扩展阅读,T4 全球现代主义时代,R4 欧洲文学,M3.1 现代主义 / Modernism,G3 小说,QH1 自我、存在与生命
贫民窟.md,R6,△,拉丁美洲与加勒比综合—具体内部传统待读后校准,provisional_region,T6 当代全球文学 · 后独裁记忆、迁徙与跨国文学重组,区域扩展阅读,T6 当代全球文学,R6 拉丁美洲与加勒比,M5 战后与当代美学范式,G3 小说,QH5 权力、制度与秩序
贴花.md,R6,△,拉丁美洲与加勒比综合—具体内部传统待读后校准,provisional_region,T4 全球现代主义时代 · Modernismo、先锋派与本土现代性,区域扩展阅读,T4 全球现代主义时代,R6 拉丁美洲与加勒比,M3.2 先锋派,G1 诗歌,QH1 自我、存在与生命
费加罗的婚礼.md,R4,△,欧洲文学综合—具体内部传统待读后校准,provisional_region,T2 早期现代文学 · 文艺复兴、宗教改革与印刷公共领域,区域扩展阅读,T2 早期现代文学,R4 欧洲文学,M1 早期现代思想与美学,G2 戏剧,QH5 权力、制度与秩序
费尔南多·西尔万诗选.md,R8,◆,东帝汶—小巽他文学传统,existing,T6 当代全球文学 · 城市化、跨语写作与东南亚离散,殖民回应与民族文学建构,T6 当代全球文学,R8 东南亚文学,M5 战后与当代美学范式,G1 诗歌,QH6 战争、暴力与创伤
费尔迪杜凯.md,R4,△,欧洲文学综合—具体内部传统待读后校准,provisional_region,T4 全球现代主义时代 · 战争危机、现代主义与先锋实验,区域扩展阅读,T4 全球现代主义时代,R4 欧洲文学,M3.1 现代主义 / Modernism,G3 小说,QH1 自我、存在与生命
费德尔.md,R4,◆,法语文学传统,existing,T2 早期现代文学 · 文艺复兴、宗教改革与印刷公共领域,传统转型与区域扩展,T2 早期现代文学,R4 欧洲文学,M1 早期现代思想与美学,G2 戏剧,QH8 信仰、伦理与超越
贺拉斯.md,R4,△,欧洲文学综合—具体内部传统待读后校准,provisional_region,T2 早期现代文学 · 文艺复兴、宗教改革与印刷公共领域,区域扩展阅读,T2 早期现代文学,R4 欧洲文学,M1 早期现代思想与美学,G2 戏剧,QH5 权力、制度与秩序 | QH8 信仰、伦理与超越
贺拉斯颂歌.md,R1,◆,罗马与拉丁文学传统,existing,T0 文学源头与古代文学 · 古代文字、史诗与经典传统形成,传统转型与区域扩展,T0 文学源头与古代文学,R1 西亚—地中海古老传统,,G3 小说,QH8 信仰、伦理与超越
赎罪.md,R4,△,欧洲文学综合—具体内部传统待读后校准,provisional_region,T6 当代全球文学 · 欧洲一体化、迁徙经验与当代重组,区域扩展阅读,T6 当代全球文学,R4 欧洲文学,M5 战后与当代美学范式,G3 小说,QT7 历史叙事 | QH2.1 爱情与欲望
赛汀.md,R5,△,北美文学综合—具体内部传统待读后校准,provisional_region,T6 当代全球文学 · 多元身份、数字媒介与全球传播,区域扩展阅读,T6 当代全球文学,R5 北美文学,M5 战后与当代美学范式,G3 小说,QH3 身份、身体与归属
赞格齐.md,R4,△,欧洲文学综合—具体内部传统待读后校准,provisional_region,T4 全球现代主义时代 · 战争危机、现代主义与先锋实验,区域扩展阅读,T4 全球现代主义时代,R4 欧洲文学,M3.2 先锋派,G3 小说,QH1 自我、存在与生命
赤脚女人.md,R7,★,中非—大湖区文学传统,existing,T6 当代全球文学 · 后殖民批判、城市经验与全球离散,核心经典与传统确立,T6 当代全球文学,R7 非洲文学,M5 战后与当代美学范式,G3 小说,QH7 历史、记忆与时间 | QH3 身份、身体与归属
赤裸的面包.md,R7,★,马格里布—北非多语文学传统,existing,T6 当代全球文学 · 后殖民批判、城市经验与全球离散,文类形成与区域典范,T6 当代全球文学,R7 非洲文学,M5 战后与当代美学范式,G3 小说,QH4 社会、阶级与劳动
赫索格.md,R5,★,犹太裔美国文学传统,existing,T6 当代全球文学 · 多元身份、数字媒介与全球传播,文类形成与区域典范,T6 当代全球文学,R5 北美文学,M5 战后与当代美学范式,G3 小说,QH3 身份、身体与归属
赫罗尔夫·克拉基萨迦.md,R4,△,伊比利亚文学传统,author_model,T1 中古多中心文学世界 · 基督教、宫廷与俗语文学形成,区域扩展阅读,T1 中古多中心文学世界,R4 欧洲文学,,G3 小说,QT9 神话、传说与民间叙事
走向悲伤.md,R4,△,欧洲文学综合—具体内部传统待读后校准,provisional_region,T6 当代全球文学 · 欧洲一体化、迁徙经验与当代重组,区域扩展阅读,T6 当代全球文学,R4 欧洲文学,M5 战后与当代美学范式,G3 小说,QH3 身份、身体与归属
起义者.md,R8,★,菲律宾文学传统,existing,T4 全球现代主义时代 · 民族主义、现代主义与反殖民写作,殖民回应与民族文学建构,T4 全球现代主义时代,R8 东南亚文学,M3 现代主义与先锋派,G3 小说,QH5 权力、制度与秩序
超现实主义宣言.md,R4,△,欧洲文学综合—具体内部传统待读后校准,provisional_region,T4 全球现代主义时代 · 战争危机、现代主义与先锋实验,区域扩展阅读,T4 全球现代主义时代,R4 欧洲文学,M3.2 先锋派,G4 散文与随笔,QH5 权力、制度与秩序 | QH1 自我、存在与生命
超现实主义第二宣言.md,R4,△,欧洲文学综合—具体内部传统待读后校准,provisional_region,T4 全球现代主义时代 · 战争危机、现代主义与先锋实验,区域扩展阅读,T4 全球现代主义时代,R4 欧洲文学,M3.2 先锋派,G4 散文与随笔,QH5 权力、制度与秩序
超越人类.md,R5,△,北美文学综合—具体内部传统待读后校准,provisional_region,T5 二战后多极文学 · 战后反文化、族裔文学与媒介繁荣,区域扩展阅读,T5 二战后多极文学,R5 北美文学,M5 战后与当代美学范式,G3 小说,QT2 科幻
超越时间之影.md,R5,△,北美文学综合—具体内部传统待读后校准,provisional_region,T4 全球现代主义时代 · 现代主义、哈莱姆复兴与类型扩张,区域扩展阅读,T4 全球现代主义时代,R5 北美文学,M3 现代主义与先锋派,G3 小说,QT4 恐怖与哥特
越界.md,R5,△,北美文学综合—具体内部传统待读后校准,provisional_region,T4 全球现代主义时代 · 现代主义、哈莱姆复兴与类型扩张,区域扩展阅读,T4 全球现代主义时代,R5 北美文学,M4 集体文学运动与文化政治,G3 小说,QH3 身份、身体与归属
路.md,R5,△,十九世纪—现代美国文学传统,author_model,T6 当代全球文学 · 多元身份、数字媒介与全球传播,文类形成与区域典范,T6 当代全球文学,R5 北美文学,M5 战后与当代美学范式 | M5.2 权力、身份与世界批评,G3 小说,QT2 科幻 | QT6 乌托邦、反乌托邦与社会想象
路易斯·帕莱斯·马托斯诗选.md,R6,◆,Afro-Latin—Afro-Caribbean文学传统,existing,T6 当代全球文学 · 后独裁记忆、迁徙与跨国文学重组,文类形成与区域典范,T6 当代全球文学,R6 拉丁美洲与加勒比,M5 战后与当代美学范式,G1 诗歌,QH5 权力、制度与秩序
路边野餐.md,R4,△,欧洲文学综合—具体内部传统待读后校准,provisional_region,T5 二战后多极文学 · 战后重建、记忆政治与后现代转型,区域扩展阅读,T5 二战后多极文学,R4 欧洲文学,M5 战后与当代美学范式,G3 小说,QT2 科幻
跳房子.md,R6,★,南锥体—拉普拉塔文学传统,existing,T5 二战后多极文学 · 革命经验、文学爆炸与独裁回应,文类形成与区域典范,T5 二战后多极文学,R6 拉丁美洲与加勒比,M5 战后与当代美学范式 | M5.1 战后思想与美学范式 | M4 集体文学运动与文化政治,G3 小说,QH6 战争、暴力与创伤
轨道之云.md,R2,△,东亚文学综合—具体内部传统待读后校准,provisional_region,T6 当代全球文学 · 都市经验、媒介转型与跨国传播,区域扩展阅读,T6 当代全球文学,R2 东亚文学,M5 战后与当代美学范式,G3 小说,QT2 科幻
转变.md,R4,△,欧洲文学综合—具体内部传统待读后校准,provisional_region,T4 全球现代主义时代 · 战争危机、现代主义与先锋实验,区域扩展阅读,T4 全球现代主义时代,R4 欧洲文学,M3.2 先锋派,G3 小说,QH6 战争、暴力与创伤 | QH5 权力、制度与秩序
轻舔丝绒.md,R4,△,欧洲文学综合—具体内部传统待读后校准,provisional_region,T6 当代全球文学 · 欧洲一体化、迁徙经验与当代重组,区域扩展阅读,T6 当代全球文学,R4 欧洲文学,M5 战后与当代美学范式,G3 小说,QT7 历史叙事 | QH2.1 爱情与欲望 | QH2.5 童年与成长 | QH3.1 性别与身体
辛努赫传.md,R1,△,古埃及文学传统,existing,T0 文学源头与古代文学 · 古代文字、史诗与经典传统形成,区域扩展阅读,T0 文学源头与古代文学,R1 西亚—地中海古老传统,,G3 小说,QH8 信仰、伦理与超越
辛德勒方舟.md,R9,△,大洋洲与太平洋综合—具体内部传统待读后校准,provisional_region,T6 当代全球文学 · 生态危机、移民社会与跨太平洋传播,区域扩展阅读,T6 当代全球文学,R9 大洋洲与太平洋,M5 战后与当代美学范式,G3 小说,QH3 身份、身体与归属
辛赛.md,R8,★,柬埔寨—老挝文学传统,existing,T6 当代全球文学 · 城市化、跨语写作与东南亚离散,源头与经典奠基,T6 当代全球文学,R8 东南亚文学,M5 战后与当代美学范式,G3 小说,QH5 权力、制度与秩序
边城.md,R2,△,东亚文学综合—具体内部传统待读后校准,provisional_region,T4 全球现代主义时代 · 殖民现代性、新文学与形式实验,区域扩展阅读,T4 全球现代主义时代,R2 东亚文学,M3 现代主义与先锋派,G3 小说,QH2.1 爱情与欲望
边城浪子.md,R2,△,东亚文学综合—具体内部传统待读后校准,provisional_region,T5 二战后多极文学 · 战争革命、国家文学与社会重构,区域扩展阅读,T5 二战后多极文学,R2 东亚文学,M5 战后与当代美学范式,G3 小说,QT8 英雄、边疆与法外者文化传统 | QT8.1 武侠
边境之屋.md,R4,△,欧洲文学综合—具体内部传统待读后校准,provisional_region,T4 全球现代主义时代 · 战争危机、现代主义与先锋实验,区域扩展阅读,T4 全球现代主义时代,R4 欧洲文学,M3 现代主义与先锋派,G3 小说,QT4 恐怖与哥特
边荒传说.md,R2,△,东亚文学综合—具体内部传统待读后校准,provisional_region,T6 当代全球文学 · 都市经验、媒介转型与跨国传播,区域扩展阅读,T6 当代全球文学,R2 东亚文学,M5 战后与当代美学范式,G3 小说,QT8 英雄、边疆与法外者文化传统 | QT8.1 武侠
达·芬奇密码.md,R5,△,北美文学综合—具体内部传统待读后校准,provisional_region,T6 当代全球文学 · 多元身份、数字媒介与全球传播,区域扩展阅读,T6 当代全球文学,R5 北美文学,M5 战后与当代美学范式,G3 小说,QT1 推理与犯罪叙事 | QT5 冒险与探索叙事 | QH8 信仰、伦理与超越
达尔文电台.md,R5,△,北美文学综合—具体内部传统待读后校准,provisional_region,T6 当代全球文学 · 多元身份、数字媒介与全球传播,区域扩展阅读,T6 当代全球文学,R5 北美文学,M5 战后与当代美学范式,G3 小说,QH3 身份、身体与归属
达尔格伦.md,R5,△,北美文学综合—具体内部传统待读后校准,provisional_region,T5 二战后多极文学 · 战后反文化、族裔文学与媒介繁荣,区域扩展阅读,T5 二战后多极文学,R5 北美文学,M5 战后与当代美学范式,G3 小说,QT2 科幻
达摩流浪者.md,R5,△,北美文学综合—具体内部传统待读后校准,provisional_region,T5 二战后多极文学 · 战后反文化、族裔文学与媒介繁荣,区域扩展阅读,T5 二战后多极文学,R5 北美文学,M4 集体文学运动与文化政治,G3 小说,QH4 社会、阶级与劳动
达洛维夫人.md,R4,★,英国—爱尔兰文学传统,existing,T4 全球现代主义时代 · 战争危机、现代主义与先锋实验,文类形成与区域典范,T4 全球现代主义时代,R4 欧洲文学,M3.1 现代主义 / Modernism,G3 小说,QH1 自我、存在与生命
达达七篇宣言与杂灯.md,R4,△,欧洲文学综合—具体内部传统待读后校准,provisional_region,T4 全球现代主义时代 · 战争危机、现代主义与先锋实验,区域扩展阅读,T4 全球现代主义时代,R4 欧洲文学,M3.2 先锋派,G4 散文与随笔,QH1 自我、存在与生命
达达宣言 1918.md,R4,△,欧洲文学综合—具体内部传统待读后校准,provisional_region,T4 全球现代主义时代 · 战争危机、现代主义与先锋实验,区域扩展阅读,T4 全球现代主义时代,R4 欧洲文学,M3.2 先锋派,G4 散文与随笔,QH5 权力、制度与秩序
达达年鉴.md,R4,△,欧洲文学综合—具体内部传统待读后校准,provisional_region,T4 全球现代主义时代 · 战争危机、现代主义与先锋实验,区域扩展阅读,T4 全球现代主义时代,R4 欧洲文学,M3.2 先锋派,G4 散文与随笔,QH5 权力、制度与秩序
迁徙.md,R4,◆,巴尔干与东南欧文学传统,existing,T6 当代全球文学 · 欧洲一体化、迁徙经验与当代重组,离散迁徙与跨区域连接,T6 当代全球文学,R4 欧洲文学,M5 战后与当代美学范式,G3 小说,QH3 身份、身体与归属
过于喧嚣的孤独.md,R4,△,欧洲文学综合—具体内部传统待读后校准,provisional_region,T5 二战后多极文学 · 战后重建、记忆政治与后现代转型,区域扩展阅读,T5 二战后多极文学,R4 欧洲文学,M5 战后与当代美学范式,G3 小说,QH6 战争、暴力与创伤
过去的简单.md,R7,◆,马格里布—北非多语文学传统,existing,T6 当代全球文学 · 后殖民批判、城市经验与全球离散,文类形成与区域典范,T6 当代全球文学,R7 非洲文学,M5 战后与当代美学范式,G5 生命书写,QH7 历史、记忆与时间
过境.md,R10,★,流亡—难民—无国籍文学传统,existing,T6 当代全球文学 · 全球迁徙、数字传播与跨语文学网络,离散迁徙与跨区域连接,T6 当代全球文学,R10 跨区域文学传统,M5 战后与当代美学范式,G3 小说,QH3 身份、身体与归属 | QH5 权力、制度与秩序
迈克尔·K的生活与时代.md,R7,△,南部非洲文学传统,author_model,T6 当代全球文学 · 后殖民批判、城市经验与全球离散,区域扩展阅读,T6 当代全球文学,R7 非洲文学,M5 战后与当代美学范式,G3 小说,QH3 身份、身体与归属
近代侠义英雄传.md,R2,△,东亚文学综合—具体内部传统待读后校准,provisional_region,T6 当代全球文学 · 都市经验、媒介转型与跨国传播,区域扩展阅读,T6 当代全球文学,R2 东亚文学,M5 战后与当代美学范式,G3 小说,QT8 英雄、边疆与法外者文化传统 | QT8.1 武侠
返乡笔记.md,R4,△,欧洲文学综合—具体内部传统待读后校准,provisional_region,T4 全球现代主义时代 · 战争危机、现代主义与先锋实验,区域扩展阅读,T4 全球现代主义时代,R4 欧洲文学,M3.2 先锋派 | M4 集体文学运动与文化政治,G3 小说,QH3 身份、身体与归属 | QH1 自我、存在与生命
返回故乡札记.md,R6,★,Afro-Latin—Afro-Caribbean文学传统,existing,T6 当代全球文学 · 后独裁记忆、迁徙与跨国文学重组,核心经典与传统确立,T6 当代全球文学,R6 拉丁美洲与加勒比,M5 战后与当代美学范式,G3 小说,QH5 权力、制度与秩序
这完美的一天.md,R5,△,北美文学综合—具体内部传统待读后校准,provisional_region,T5 二战后多极文学 · 战后反文化、族裔文学与媒介繁荣,区域扩展阅读,T5 二战后多极文学,R5 北美文学,M5 战后与当代美学范式,G3 小说,QT6 乌托邦、反乌托邦与社会想象
这是不是个人.md,R4,★,意大利文学传统,existing,T5 二战后多极文学 · 战后重建、记忆政治与后现代转型,核心经典与传统确立,T5 二战后多极文学,R4 欧洲文学,M5 战后与当代美学范式,G3 小说,QT7 历史叙事
这样你就输掉时间战争.md,R5,△,北美文学综合—具体内部传统待读后校准,provisional_region,T6 当代全球文学 · 多元身份、数字媒介与全球传播,文类形成与区域典范,T6 当代全球文学,R5 北美文学,M5 战后与当代美学范式,G3 小说,QT2 科幻
这边风景.md,R2,△,东亚文学综合—具体内部传统待读后校准,provisional_region,T6 当代全球文学 · 都市经验、媒介转型与跨国传播,区域扩展阅读,T6 当代全球文学,R2 东亚文学,M5 战后与当代美学范式,G3 小说,QH6 战争、暴力与创伤
进入盛夏之门.md,R5,△,北美文学综合—具体内部传统待读后校准,provisional_region,T5 二战后多极文学 · 战后反文化、族裔文学与媒介繁荣,区域扩展阅读,T5 二战后多极文学,R5 北美文学,M5 战后与当代美学范式,G3 小说,QT2 科幻
进军.md,R5,△,北美文学综合—具体内部传统待读后校准,provisional_region,T6 当代全球文学 · 多元身份、数字媒介与全球传播,区域扩展阅读,T6 当代全球文学,R5 北美文学,M5 战后与当代美学范式,G3 小说,QT7 历史叙事
远大前程.md,R4,◆,英国—爱尔兰文学传统,existing,T3 19世纪现代文学体系 · 浪漫主义、现实主义与民族文学体系,文类形成与区域典范,T3 19世纪现代文学体系,R4 欧洲文学,M2 19世纪文学思潮 | M2 19世纪文学思潮 / 现实主义,G3 小说,QH2.5 童年与成长 | QH4 社会、阶级与劳动
远征.md,R4,△,欧洲文学综合—具体内部传统待读后校准,provisional_region,T4 全球现代主义时代 · 战争危机、现代主义与先锋实验,区域扩展阅读,T4 全球现代主义时代,R4 欧洲文学,M3.1 现代主义 / Modernism,G3 小说,QH1 自我、存在与生命
远航.md,R4,△,英国—爱尔兰文学传统,author_model,T4 全球现代主义时代 · 战争危机、现代主义与先锋实验,区域扩展阅读,T4 全球现代主义时代,R4 欧洲文学,M3 现代主义与先锋派,G3 小说,QH2.5 童年与成长
连城诀.md,R2,△,东亚文学综合—具体内部传统待读后校准,provisional_region,T5 二战后多极文学 · 战争革命、国家文学与社会重构,区域扩展阅读,T5 二战后多极文学,R2 东亚文学,M5 战后与当代美学范式,G3 小说,QT8 英雄、边疆与法外者文化传统 | QT8.1 武侠
迪米特里奥斯之棺.md,R4,△,欧洲文学综合—具体内部传统待读后校准,provisional_region,T4 全球现代主义时代 · 战争危机、现代主义与先锋实验,区域扩展阅读,T4 全球现代主义时代,R4 欧洲文学,M5 战后与当代美学范式,G3 小说,QT1 推理与犯罪叙事 | QT5 冒险与探索叙事
迷失在开心馆.md,R5,△,北美文学综合—具体内部传统待读后校准,provisional_region,T5 二战后多极文学 · 战后反文化、族裔文学与媒介繁荣,区域扩展阅读,T5 二战后多极文学,R5 北美文学,M5 战后与当代美学范式,G3 小说,QH6 战争、暴力与创伤
迷失在游乐园.md,R4,△,欧洲文学综合—具体内部传统待读后校准,provisional_region,T5 二战后多极文学 · 战后重建、记忆政治与后现代转型,区域扩展阅读,T5 二战后多极文学,R4 欧洲文学,M5.1 战后思想与美学范式,G3 小说,QH1 自我、存在与生命
迷宫中的将军.md,R6,△,拉丁美洲与加勒比综合—具体内部传统待读后校准,provisional_region,T6 当代全球文学 · 后独裁记忆、迁徙与跨国文学重组,区域扩展阅读,T6 当代全球文学,R6 拉丁美洲与加勒比,M5 战后与当代美学范式,G3 小说,QT7 历史叙事
迷宫馆事件.md,R2,△,东亚文学综合—具体内部传统待读后校准,provisional_region,T6 当代全球文学 · 都市经验、媒介转型与跨国传播,区域扩展阅读,T6 当代全球文学,R2 东亚文学,M5 战后与当代美学范式,G3 小说,QT1 推理与犯罪叙事
迷惘.md,R4,△,欧洲文学综合—具体内部传统待读后校准,provisional_region,T4 全球现代主义时代 · 战争危机、现代主义与先锋实验,区域扩展阅读,T4 全球现代主义时代,R4 欧洲文学,M3.1 现代主义 / Modernism,G3 小说,QH1 自我、存在与生命
迷雾.md,R5,△,北美文学综合—具体内部传统待读后校准,provisional_region,T6 当代全球文学 · 多元身份、数字媒介与全球传播,区域扩展阅读,T6 当代全球文学,R5 北美文学,M5 战后与当代美学范式,G3 小说,QT4 恐怖与哥特
迷雾之子：最后帝国.md,R5,△,北美文学综合—具体内部传统待读后校准,provisional_region,T6 当代全球文学 · 多元身份、数字媒介与全球传播,源头与经典奠基,T6 当代全球文学,R5 北美文学,M5 战后与当代美学范式,G3 小说,QT3 奇幻
追忆似水年华.md,R4,★,法语文学传统,existing,T4 全球现代主义时代 · 战争危机、现代主义与先锋实验,核心经典与传统确立,T4 全球现代主义时代,R4 欧洲文学,M3 现代主义与先锋派,G3 小说,QH2.5 童年与成长
追风筝的人.md,R5,△,北美文学综合—具体内部传统待读后校准,provisional_region,T6 当代全球文学 · 多元身份、数字媒介与全球传播,区域扩展阅读,T6 当代全球文学,R5 北美文学,M5 战后与当代美学范式,G3 小说,QH2.3 家庭与家族 | QH6 战争、暴力与创伤
送菜升降机.md,R4,△,欧洲文学综合—具体内部传统待读后校准,provisional_region,T5 二战后多极文学 · 战后重建、记忆政治与后现代转型,区域扩展阅读,T5 二战后多极文学,R4 欧洲文学,M5.1 战后思想与美学范式,G3 小说,QH5 权力、制度与秩序 | QH1 自我、存在与生命
逃离.md,R5,★,英语加拿大文学传统,existing,T6 当代全球文学 · 多元身份、数字媒介与全球传播,核心经典与传统确立,T6 当代全球文学,R5 北美文学,M5 战后与当代美学范式,G3 小说,QH5 权力、制度与秩序
逆水寒.md,R2,△,东亚文学综合—具体内部传统待读后校准,provisional_region,T6 当代全球文学 · 都市经验、媒介转型与跨国传播,区域扩展阅读,T6 当代全球文学,R2 东亚文学,M5 战后与当代美学范式,G3 小说,QT8 英雄、边疆与法外者文化传统 | QT8.1 武侠
逆流.md,R4,△,欧洲文学综合—具体内部传统待读后校准,provisional_region,T3 19世纪现代文学体系 · 浪漫主义、现实主义与民族文学体系,区域扩展阅读,T3 19世纪现代文学体系,R4 欧洲文学,M3.1 现代主义 / Modernism | M2 19世纪文学思潮 / 颓废主义 | M2 19世纪文学思潮,G3 小说,QH8 信仰、伦理与超越 | QH1 自我、存在与生命
通往北方的窄路.md,R9,△,大洋洲与太平洋综合—具体内部传统待读后校准,provisional_region,T6 当代全球文学 · 生态危机、移民社会与跨太平洋传播,区域扩展阅读,T6 当代全球文学,R9 大洋洲与太平洋,M5 战后与当代美学范式,G3 小说,QH3 身份、身体与归属
通往雨山的路.md,R5,◆,北美原住民文学传统,existing,T6 当代全球文学 · 多元身份、数字媒介与全球传播,语言、书写与媒介转型,T6 当代全球文学,R5 北美文学,M5 战后与当代美学范式,G5 生命书写,QH5 权力、制度与秩序
通过仪式.md,R5,△,北美文学综合—具体内部传统待读后校准,provisional_region,T5 二战后多极文学 · 战后反文化、族裔文学与媒介繁荣,源头与经典奠基,T5 二战后多极文学,R5 北美文学,M5 战后与当代美学范式,G3 小说,QH6 战争、暴力与创伤
通过礼仪.md,R4,△,欧洲文学综合—具体内部传统待读后校准,provisional_region,T5 二战后多极文学 · 战后重建、记忆政治与后现代转型,区域扩展阅读,T5 二战后多极文学,R4 欧洲文学,M5 战后与当代美学范式,G3 小说,QH6 战争、暴力与创伤
逝去的武林.md,R2,△,东亚文学综合—具体内部传统待读后校准,provisional_region,T6 当代全球文学 · 都市经验、媒介转型与跨国传播,区域扩展阅读,T6 当代全球文学,R2 东亚文学,M5 战后与当代美学范式,G3 小说,QT8 英雄、边疆与法外者文化传统 | QT8.1 武侠
造星者.md,R4,△,欧洲文学综合—具体内部传统待读后校准,provisional_region,T4 全球现代主义时代 · 战争危机、现代主义与先锋实验,文类形成与区域典范,T4 全球现代主义时代,R4 欧洲文学,M3 现代主义与先锋派,G3 小说,QT2 科幻
造船厂.md,R6,△,拉丁美洲与加勒比综合—具体内部传统待读后校准,provisional_region,T6 当代全球文学 · 后独裁记忆、迁徙与跨国文学重组,区域扩展阅读,T6 当代全球文学,R6 拉丁美洲与加勒比,M5 战后与当代美学范式,G3 小说,QH5 权力、制度与秩序
逸乐.md,R4,△,欧洲文学综合—具体内部传统待读后校准,provisional_region,T3 19世纪现代文学体系 · 浪漫主义、现实主义与民族文学体系,区域扩展阅读,T3 19世纪现代文学体系,R4 欧洲文学,M2 19世纪文学思潮 / 颓废主义 | M2 19世纪文学思潮,G3 小说,QH4 社会、阶级与劳动
道士下山.md,R2,△,东亚文学综合—具体内部传统待读后校准,provisional_region,T6 当代全球文学 · 都市经验、媒介转型与跨国传播,区域扩展阅读,T6 当代全球文学,R2 东亚文学,M5 战后与当代美学范式,G3 小说,QT8 英雄、边疆与法外者文化传统 | QT8.1 武侠
道德剧.md,R4,△,欧洲文学综合—具体内部传统待读后校准,provisional_region,T6 当代全球文学 · 欧洲一体化、迁徙经验与当代重组,区域扩展阅读,T6 当代全球文学,R4 欧洲文学,M5 战后与当代美学范式,G3 小说,QT7 历史叙事
道林·格雷的画像.md,R4,△,欧洲文学综合—具体内部传统待读后校准,provisional_region,T4 全球现代主义时代 · 战争危机、现代主义与先锋实验,区域扩展阅读,T4 全球现代主义时代,R4 欧洲文学,M3 现代主义与先锋派 | M2 19世纪文学思潮 / 唯美主义 | M2 19世纪文学思潮,G3 小说,QT4 恐怖与哥特
道路之歌.md,R3,◆,孟加拉与东部语言文学传统,existing,T4 全球现代主义时代 · 反殖民、现代主义与多语文学革新,语言、书写与媒介转型,T4 全球现代主义时代,R3 南亚文学,M3 现代主义与先锋派,G3 小说,QH1 自我、存在与生命
遮住她的脸.md,R4,△,欧洲文学综合—具体内部传统待读后校准,provisional_region,T5 二战后多极文学 · 战后重建、记忆政治与后现代转型,区域扩展阅读,T5 二战后多极文学,R4 欧洲文学,M5 战后与当代美学范式,G3 小说,QT1 推理与犯罪叙事
邪恶东西悄然来.md,R5,△,北美文学综合—具体内部传统待读后校准,provisional_region,T5 二战后多极文学 · 战后反文化、族裔文学与媒介繁荣,区域扩展阅读,T5 二战后多极文学,R5 北美文学,M5 战后与当代美学范式,G3 小说,QT4 恐怖与哥特
邮差总按两遍铃.md,R5,△,北美文学综合—具体内部传统待读后校准,provisional_region,T4 全球现代主义时代 · 现代主义、哈莱姆复兴与类型扩张,区域扩展阅读,T4 全球现代主义时代,R5 北美文学,M3 现代主义与先锋派,G3 小说,QT1 推理与犯罪叙事
郊区佛爷.md,R10,◆,南亚离散文学传统,existing,T6 当代全球文学 · 全球迁徙、数字传播与跨语文学网络,离散迁徙与跨区域连接,T6 当代全球文学,R10 跨区域文学传统,M5 战后与当代美学范式,G3 小说,QH3 身份、身体与归属
都市风景线.md,R2,△,东亚文学综合—具体内部传统待读后校准,provisional_region,T4 全球现代主义时代 · 殖民现代性、新文学与形式实验,区域扩展阅读,T4 全球现代主义时代,R2 东亚文学,M3.1 现代主义 / Modernism,G3 小说,QH1 自我、存在与生命
都市风流.md,R2,△,东亚文学综合—具体内部传统待读后校准,provisional_region,T6 当代全球文学 · 都市经验、媒介转型与跨国传播,区域扩展阅读,T6 当代全球文学,R2 东亚文学,M5 战后与当代美学范式,G3 小说,QH6 战争、暴力与创伤
都柏林人.md,R4,△,英国—爱尔兰文学传统,author_model,T4 全球现代主义时代 · 战争危机、现代主义与先锋实验,区域扩展阅读,T4 全球现代主义时代,R4 欧洲文学,M3.1 现代主义 / Modernism,G3 小说,QH1 自我、存在与生命
酒吧长谈.md,R6,△,安第斯文学传统,author_model,T5 二战后多极文学 · 革命经验、文学爆炸与独裁回应,区域扩展阅读,T5 二战后多极文学,R6 拉丁美洲与加勒比,M5 战后与当代美学范式 | M4 集体文学运动与文化政治,G3 小说,QH5 权力、制度与秩序
酒神的伴侣.md,R1,△,古希腊文学传统,existing,T0 文学源头与古代文学 · 古代文字、史诗与经典传统形成,区域扩展阅读,T0 文学源头与古代文学,R1 西亚—地中海古老传统,,G3 小说,QT9 神话、传说与民间叙事
酒神的女信徒.md,R1,△,古希腊文学传统,existing,T0 文学源头与古代文学 · 古代文字、史诗与经典传统形成,区域扩展阅读,T0 文学源头与古代文学,R1 西亚—地中海古老传统,,G3 小说,QT9 神话、传说与民间叙事
酷儿.md,R5,△,北美文学综合—具体内部传统待读后校准,provisional_region,T5 二战后多极文学 · 战后反文化、族裔文学与媒介繁荣,区域扩展阅读,T5 二战后多极文学,R5 北美文学,M4 集体文学运动与文化政治 | M5.2 权力、身份与世界批评,G3 小说,QH3 身份、身体与归属 | QH2.1 爱情与欲望
醇酒集.md,R4,△,欧洲文学综合—具体内部传统待读后校准,provisional_region,T4 全球现代主义时代 · 战争危机、现代主义与先锋实验,区域扩展阅读,T4 全球现代主义时代,R4 欧洲文学,M3.1 现代主义 / Modernism,G1 诗歌,QH1 自我、存在与生命
里加之犬.md,R4,△,欧洲文学综合—具体内部传统待读后校准,provisional_region,T6 当代全球文学 · 欧洲一体化、迁徙经验与当代重组,区域扩展阅读,T6 当代全球文学,R4 欧洲文学,M5 战后与当代美学范式,G3 小说,QT1 推理与犯罪叙事
里斯本之夜.md,R4,△,欧洲文学综合—具体内部传统待读后校准,provisional_region,T5 二战后多极文学 · 战后重建、记忆政治与后现代转型,区域扩展阅读,T5 二战后多极文学,R4 欧洲文学,M3 现代主义与先锋派,G3 小说,QH6 战争、暴力与创伤 | QH7 历史、记忆与时间
重力任务.md,R5,△,北美文学综合—具体内部传统待读后校准,provisional_region,T5 二战后多极文学 · 战后反文化、族裔文学与媒介繁荣,区域扩展阅读,T5 二战后多极文学,R5 北美文学,M5 战后与当代美学范式,G3 小说,QT2 科幻
重现的时光.md,R4,△,法语文学传统,author_model,T4 全球现代主义时代 · 战争危机、现代主义与先锋实验,区域扩展阅读,T4 全球现代主义时代,R4 欧洲文学,M3.1 现代主义 / Modernism,G3 小说,QH1 自我、存在与生命
重生.md,R4,△,欧洲文学综合—具体内部传统待读后校准,provisional_region,T6 当代全球文学 · 欧洲一体化、迁徙经验与当代重组,区域扩展阅读,T6 当代全球文学,R4 欧洲文学,M5 战后与当代美学范式,G3 小说,QT7 历史叙事
重返海法.md,R1,△,阿拉伯文学传统,existing,T5 二战后多极文学 · 战后国家建构、流亡与现代转型,区域扩展阅读,T5 二战后多极文学,R1 西亚—地中海古老传统,M5 战后与当代美学范式,G3 小说,QH6 战争、暴力与创伤
野性的呼唤.md,R5,△,北美文学综合—具体内部传统待读后校准,provisional_region,T4 全球现代主义时代 · 现代主义、哈莱姆复兴与类型扩张,区域扩展阅读,T4 全球现代主义时代,R5 北美文学,M3 现代主义与先锋派,G3 小说,QT5 冒险与探索叙事
野性的证明.md,R2,△,东亚文学综合—具体内部传统待读后校准,provisional_region,T5 二战后多极文学 · 战争革命、国家文学与社会重构,区域扩展阅读,T5 二战后多极文学,R2 东亚文学,M5 战后与当代美学范式,G3 小说,QT1 推理与犯罪叙事
野火.md,R2,△,东亚文学综合—具体内部传统待读后校准,provisional_region,T5 二战后多极文学 · 战争革命、国家文学与社会重构,区域扩展阅读,T5 二战后多极文学,R2 东亚文学,M5 战后与当代美学范式,G3 小说,QT7 历史叙事 | QH6 战争、暴力与创伤
野草.md,R2,△,东亚文学综合—具体内部传统待读后校准,provisional_region,T4 全球现代主义时代 · 殖民现代性、新文学与形式实验,区域扩展阅读,T4 全球现代主义时代,R2 东亚文学,M3.1 现代主义 / Modernism,G1 诗歌,QH5 权力、制度与秩序
量子玫瑰.md,R5,△,北美文学综合—具体内部传统待读后校准,provisional_region,T6 当代全球文学 · 多元身份、数字媒介与全球传播,区域扩展阅读,T6 当代全球文学,R5 北美文学,M5 战后与当代美学范式,G3 小说,QH3 身份、身体与归属
量子窃贼.md,R4,△,欧洲文学综合—具体内部传统待读后校准,provisional_region,T6 当代全球文学 · 欧洲一体化、迁徙经验与当代重组,区域扩展阅读,T6 当代全球文学,R4 欧洲文学,M5 战后与当代美学范式,G3 小说,QT2 科幻
金云翘传.md,R8,★,越南汉喃—国语文学传统,existing,T3 19世纪现代文学体系 · 殖民公共领域与民族语言文学形成,核心经典与传统确立,T3 19世纪现代文学体系,R8 东南亚文学,M2 19世纪文学思潮,G1 诗歌,QH5 权力、制度与秩序
金剑雕翎.md,R2,△,东亚文学综合—具体内部传统待读后校准,provisional_region,T5 二战后多极文学 · 战争革命、国家文学与社会重构,区域扩展阅读,T5 二战后多极文学,R2 东亚文学,M5 战后与当代美学范式,G3 小说,QT8 英雄、边疆与法外者文化传统 | QT8.1 武侠
金卡斯·博尔巴.md,R6,△,巴西葡语文学传统,author_model,T6 当代全球文学 · 后独裁记忆、迁徙与跨国文学重组,区域扩展阅读,T6 当代全球文学,R6 拉丁美洲与加勒比,M5 战后与当代美学范式,G3 小说,QH5 权力、制度与秩序
金姆.md,R4,△,欧洲文学综合—具体内部传统待读后校准,provisional_region,T4 全球现代主义时代 · 战争危机、现代主义与先锋实验,区域扩展阅读,T4 全球现代主义时代,R4 欧洲文学,M3 现代主义与先锋派,G3 小说,QT5 冒险与探索叙事 | QH2.5 童年与成长
金字塔铭文.md,R1,△,古埃及文学传统,existing,T0 文学源头与古代文学 · 古代文字、史诗与经典传统形成,区域扩展阅读,T0 文学源头与古代文学,R1 西亚—地中海古老传统,,G3 小说,QT9 神话、传说与民间叙事
金属与饥饿.md,R6,◆,安第斯文学传统,existing,T6 当代全球文学 · 后独裁记忆、迁徙与跨国文学重组,殖民回应与民族文学建构,T6 当代全球文学,R6 拉丁美洲与加勒比,M5 战后与当代美学范式,G3 小说,QH5 权力、制度与秩序
金山.md,R6,△,拉丁美洲与加勒比综合—具体内部传统待读后校准,provisional_region,T3 19世纪现代文学体系 · 独立建国、浪漫主义与国家文学,区域扩展阅读,T3 19世纪现代文学体系,R6 拉丁美洲与加勒比,M2 19世纪文学思潮 / 拉美 Modernismo | M2 19世纪文学思潮,G3 小说,QH4 社会、阶级与劳动
金瓶梅.md,R2,△,东亚文学综合—具体内部传统待读后校准,provisional_region,T2 早期现代文学 · 印刷扩展、通俗文类与文人传统成熟,区域扩展阅读,T2 早期现代文学,R2 东亚文学,M1 早期现代思想与美学,G3 小说,QH2.3 家庭与家族
金翅雀.md,R5,△,北美文学综合—具体内部传统待读后校准,provisional_region,T6 当代全球文学 · 多元身份、数字媒介与全球传播,区域扩展阅读,T6 当代全球文学,R5 北美文学,M5 战后与当代美学范式,G3 小说,QH3 身份、身体与归属
金色平原的故事.md,R4,△,欧洲文学综合—具体内部传统待读后校准,provisional_region,T4 全球现代主义时代 · 战争危机、现代主义与先锋实验,区域扩展阅读,T4 全球现代主义时代,R4 欧洲文学,M2 19世纪文学思潮,G3 小说,QT3 奇幻
金色笔记.md,R7,△,非洲文学综合—具体内部传统待读后校准,provisional_region,T5 二战后多极文学 · 独立、去殖民化与国家文学建构,区域扩展阅读,T5 二战后多极文学,R7 非洲文学,M5 战后与当代美学范式,G3 小说,QH6 战争、暴力与创伤
金钱.md,R4,△,欧洲文学综合—具体内部传统待读后校准,provisional_region,T4 全球现代主义时代 · 战争危机、现代主义与先锋实验,区域扩展阅读,T4 全球现代主义时代,R4 欧洲文学,M2 19世纪文学思潮,G3 小说,QH2.3 家庭与家族
金银岛.md,R4,△,欧洲文学综合—具体内部传统待读后校准,provisional_region,T3 19世纪现代文学体系 · 浪漫主义、现实主义与民族文学体系,区域扩展阅读,T3 19世纪现代文学体系,R4 欧洲文学,M2 19世纪文学思潮,G3 小说,QT5 冒险与探索叙事 | QT8 英雄、边疆与法外者文化传统 | QT8.4 欧洲剑客 | QT8.8 海盗
金锁记.md,R2,△,东亚文学综合—具体内部传统待读后校准,provisional_region,T4 全球现代主义时代 · 殖民现代性、新文学与形式实验,区域扩展阅读,T4 全球现代主义时代,R2 东亚文学,M3.1 现代主义 / Modernism,G3 小说,QH2.3 家庭与家族 | QH3.1 性别与身体
金阁寺.md,R2,△,东亚文学综合—具体内部传统待读后校准,provisional_region,T5 二战后多极文学 · 战争革命、国家文学与社会重构,区域扩展阅读,T5 二战后多极文学,R2 东亚文学,M5 战后与当代美学范式,G3 小说,QH6 战争、暴力与创伤
金陵十三钗.md,R2,△,东亚文学综合—具体内部传统待读后校准,provisional_region,T6 当代全球文学 · 都市经验、媒介转型与跨国传播,区域扩展阅读,T6 当代全球文学,R2 东亚文学,M5 战后与当代美学范式,G3 小说,QT7 历史叙事 | QH6 战争、暴力与创伤 | QH7 历史、记忆与时间
金驴记.md,R1,◆,罗马与拉丁文学传统,existing,T0 文学源头与古代文学 · 古代文字、史诗与经典传统形成,文类形成与区域典范,T0 文学源头与古代文学,R1 西亚—地中海古老传统,,G3 小说,QH8 信仰、伦理与超越
针眼.md,R4,△,欧洲文学综合—具体内部传统待读后校准,provisional_region,T5 二战后多极文学 · 战后重建、记忆政治与后现代转型,区域扩展阅读,T5 二战后多极文学,R4 欧洲文学,M5 战后与当代美学范式,G3 小说,QH6 战争、暴力与创伤
钟形罩.md,R5,△,北美文学综合—具体内部传统待读后校准,provisional_region,T5 二战后多极文学 · 战后反文化、族裔文学与媒介繁荣,区域扩展阅读,T5 二战后多极文学,R5 北美文学,M5 战后与当代美学范式,G3 小说,QH2.5 童年与成长
钟表馆事件.md,R2,△,东亚文学综合—具体内部传统待读后校准,provisional_region,T6 当代全球文学 · 都市经验、媒介转型与跨国传播,区域扩展阅读,T6 当代全球文学,R2 东亚文学,M5 战后与当代美学范式,G3 小说,QT1 推理与犯罪叙事
钟鼓楼.md,R2,△,东亚文学综合—具体内部传统待读后校准,provisional_region,T6 当代全球文学 · 都市经验、媒介转型与跨国传播,区域扩展阅读,T6 当代全球文学,R2 东亚文学,M5 战后与当代美学范式,G3 小说,QH6 战争、暴力与创伤
钢穴.md,R5,△,北美文学综合—具体内部传统待读后校准,provisional_region,T5 二战后多极文学 · 战后反文化、族裔文学与媒介繁荣,区域扩展阅读,T5 二战后多极文学,R5 北美文学,M5 战后与当代美学范式,G3 小说,QT2 科幻
钢铁是怎样炼成的.md,R4,△,欧洲文学综合—具体内部传统待读后校准,provisional_region,T4 全球现代主义时代 · 战争危机、现代主义与先锋实验,区域扩展阅读,T4 全球现代主义时代,R4 欧洲文学,M4 政治、民族与文化运动 | M4 集体文学运动与文化政治,G3 小说,QH2.3 家庭与家族 | QH2.5 童年与成长 | QH5 权力、制度与秩序
钱多斯勋爵的信.md,R4,△,欧洲文学综合—具体内部传统待读后校准,provisional_region,T4 全球现代主义时代 · 战争危机、现代主义与先锋实验,区域扩展阅读,T4 全球现代主义时代,R4 欧洲文学,M3.1 现代主义 / Modernism,G3 小说,QH1 自我、存在与生命
钻石年代.md,R5,△,北美文学综合—具体内部传统待读后校准,provisional_region,T6 当代全球文学 · 多元身份、数字媒介与全球传播,区域扩展阅读,T6 当代全球文学,R5 北美文学,M5 战后与当代美学范式,G3 小说,QT2 科幻
铁手骑士葛兹·冯·贝利欣根.md,R4,△,德语文学传统,author_model,T2 早期现代文学 · 文艺复兴、宗教改革与印刷公共领域,区域扩展阅读,T2 早期现代文学,R4 欧洲文学,M2 19世纪文学思潮,G3 小说,QT8 英雄、边疆与法外者文化传统 | QT8.7 侠盗
铁皮鼓.md,R4,★,德语文学传统,existing,T5 二战后多极文学 · 战后重建、记忆政治与后现代转型,文类形成与区域典范,T5 二战后多极文学,R4 欧洲文学,M5 战后与当代美学范式 | M5.1 战后思想与美学范式,G3 小说,QH6 战争、暴力与创伤 | QH7 历史、记忆与时间
铁草.md,R5,△,北美文学综合—具体内部传统待读后校准,provisional_region,T6 当代全球文学 · 多元身份、数字媒介与全球传播,区域扩展阅读,T6 当代全球文学,R5 北美文学,M5 战后与当代美学范式,G3 小说,QH3 身份、身体与归属
铁蹄.md,R5,△,北美文学综合—具体内部传统待读后校准,provisional_region,T4 全球现代主义时代 · 现代主义、哈莱姆复兴与类型扩张,文类形成与区域典范,T4 全球现代主义时代,R5 北美文学,M3 现代主义与先锋派,G3 小说,QT2 科幻 | QT6 乌托邦、反乌托邦与社会想象
铁骑银瓶.md,R2,△,东亚文学综合—具体内部传统待读后校准,provisional_region,T5 二战后多极文学 · 战争革命、国家文学与社会重构,区域扩展阅读,T5 二战后多极文学,R2 东亚文学,M5 战后与当代美学范式,G3 小说,QT8 英雄、边疆与法外者文化传统 | QT8.1 武侠
银河巡警.md,R5,△,北美文学综合—具体内部传统待读后校准,provisional_region,T4 全球现代主义时代 · 现代主义、哈莱姆复兴与类型扩张,文类形成与区域典范,T4 全球现代主义时代,R5 北美文学,M3 现代主义与先锋派,G3 小说,QT2 科幻
银河系漫游指南.md,R4,△,欧洲文学综合—具体内部传统待读后校准,provisional_region,T5 二战后多极文学 · 战后重建、记忆政治与后现代转型,文类形成与区域典范,T5 二战后多极文学,R4 欧洲文学,M5 战后与当代美学范式,G3 小说,QT2 科幻 | QH1 自我、存在与生命
银河铁道之夜.md,R2,△,东亚文学综合—具体内部传统待读后校准,provisional_region,T4 全球现代主义时代 · 殖民现代性、新文学与形式实验,区域扩展阅读,T4 全球现代主义时代,R2 东亚文学,M3.1 现代主义 / Modernism,G3 小说,QT3 奇幻 | QH1 自我、存在与生命 | QH8 信仰、伦理与超越
锁匠.md,R5,△,北美文学综合—具体内部传统待读后校准,provisional_region,T6 当代全球文学 · 多元身份、数字媒介与全球传播,区域扩展阅读,T6 当代全球文学,R5 北美文学,M5 战后与当代美学范式,G3 小说,QH3 身份、身体与归属
锅匠，裁缝，士兵，间谍.md,R4,△,欧洲文学综合—具体内部传统待读后校准,provisional_region,T5 二战后多极文学 · 战后重建、记忆政治与后现代转型,区域扩展阅读,T5 二战后多极文学,R4 欧洲文学,M5 战后与当代美学范式,G3 小说,QT1 推理与犯罪叙事
锌皮娃娃兵.md,R4,△,欧洲文学综合—具体内部传统待读后校准,provisional_region,T6 当代全球文学 · 欧洲一体化、迁徙经验与当代重组,区域扩展阅读,T6 当代全球文学,R4 欧洲文学,M5 战后与当代美学范式,G6 纪实与文学非虚构,QH6 战争、暴力与创伤 | QH7 历史、记忆与时间
错误的教育.md,R8,◆,印尼—爪哇与群岛文学传统,existing,T4 全球现代主义时代 · 民族主义、现代主义与反殖民写作,殖民回应与民族文学建构,T4 全球现代主义时代,R8 东南亚文学,M3 现代主义与先锋派,G3 小说,QH2.5 童年与成长
锡安之爱.md,R1,★,希伯来—犹太文学传统,existing,T3 19世纪现代文学体系 · 现代文类输入与民族文学转型,文类形成与区域典范,T3 19世纪现代文学体系,R1 西亚—地中海古老传统,M2 19世纪文学思潮,G3 小说,QH4 社会、阶级与劳动
锡笛.md,R5,★,法语加拿大—魁北克文学传统,existing,T6 当代全球文学 · 多元身份、数字媒介与全球传播,核心经典与传统确立,T6 当代全球文学,R5 北美文学,M5 战后与当代美学范式,G3 小说,QH4 社会、阶级与劳动
镇尼大师.md,R5,△,北美文学综合—具体内部传统待读后校准,provisional_region,T6 当代全球文学 · 多元身份、数字媒介与全球传播,区域扩展阅读,T6 当代全球文学,R5 北美文学,M5 战后与当代美学范式,G3 小说,QH3 身份、身体与归属
镍童.md,R5,△,北美文学综合—具体内部传统待读后校准,provisional_region,T6 当代全球文学 · 多元身份、数字媒介与全球传播,区域扩展阅读,T6 当代全球文学,R5 北美文学,M5 战后与当代美学范式,G3 小说,QH3 身份、身体与归属
镜与光.md,R4,△,欧洲文学综合—具体内部传统待读后校准,provisional_region,T6 当代全球文学 · 欧洲一体化、迁徙经验与当代重组,区域扩展阅读,T6 当代全球文学,R4 欧洲文学,M5 战后与当代美学范式,G3 小说,QT7 历史叙事
镜中舞.md,R5,△,北美文学综合—具体内部传统待读后校准,provisional_region,T6 当代全球文学 · 多元身份、数字媒介与全球传播,区域扩展阅读,T6 当代全球文学,R5 北美文学,M5 战后与当代美学范式,G3 小说,QH3 身份、身体与归属
镜影.md,R5,△,北美文学综合—具体内部传统待读后校准,provisional_region,T6 当代全球文学 · 多元身份、数字媒介与全球传播,区域扩展阅读,T6 当代全球文学,R5 北美文学,M5 战后与当代美学范式,G3 小说,QT2 科幻
镜花缘.md,R2,△,东亚文学综合—具体内部传统待读后校准,provisional_region,T3 19世纪现代文学体系 · 晚期传统、翻译输入与现代转折,区域扩展阅读,T3 19世纪现代文学体系,R2 东亚文学,M2 19世纪文学思潮,G3 小说,QT5 冒险与探索叙事 | QT6 乌托邦、反乌托邦与社会想象
长夜难明.md,R2,△,东亚文学综合—具体内部传统待读后校准,provisional_region,T6 当代全球文学 · 都市经验、媒介转型与跨国传播,区域扩展阅读,T6 当代全球文学,R2 东亚文学,M5 战后与当代美学范式,G3 小说,QT1 推理与犯罪叙事
长安古意.md,R2,△,东亚文学综合—具体内部传统待读后校准,provisional_region,T6 当代全球文学 · 都市经验、媒介转型与跨国传播,区域扩展阅读,T6 当代全球文学,R2 东亚文学,M5 战后与当代美学范式,G3 小说,QT8 英雄、边疆与法外者文化传统 | QT8.1 武侠
长恨歌.md,R2,△,东亚文学综合—具体内部传统待读后校准,provisional_region,T6 当代全球文学 · 都市经验、媒介转型与跨国传播,区域扩展阅读,T6 当代全球文学,R2 东亚文学,M5 战后与当代美学范式,G3 小说,QH6 战争、暴力与创伤
长日将尽.md,R4,△,欧洲文学综合—具体内部传统待读后校准,provisional_region,T6 当代全球文学 · 欧洲一体化、迁徙经验与当代重组,区域扩展阅读,T6 当代全球文学,R4 欧洲文学,M5 战后与当代美学范式,G3 小说,QH7 历史、记忆与时间
长眠不醒.md,R5,△,北美文学综合—具体内部传统待读后校准,provisional_region,T4 全球现代主义时代 · 现代主义、哈莱姆复兴与类型扩张,区域扩展阅读,T4 全球现代主义时代,R5 北美文学,M3 现代主义与先锋派,G3 小说,QT1 推理与犯罪叙事
长老偈.md,R3,◆,巴利—普拉克里特与佛教耆那文学传统,existing,T6 当代全球文学 · 全球南亚、英语写作与地方传统重组,文类形成与区域典范,T6 当代全球文学,R3 南亚文学,M5 战后与当代美学范式,G1 诗歌,QH5 权力、制度与秩序
长老尼偈.md,R3,◆,巴利—普拉克里特与佛教耆那文学传统,existing,T6 当代全球文学 · 全球南亚、英语写作与地方传统重组,源头与经典奠基,T6 当代全球文学,R3 南亚文学,M5 战后与当代美学范式,G1 诗歌,QH3 身份、身体与归属 | QH8 信仰、伦理与超越
门中眼.md,R4,△,欧洲文学综合—具体内部传统待读后校准,provisional_region,T6 当代全球文学 · 欧洲一体化、迁徙经验与当代重组,区域扩展阅读,T6 当代全球文学,R4 欧洲文学,M5 战后与当代美学范式,G3 小说,QT7 历史叙事
门外.md,R4,△,欧洲文学综合—具体内部传统待读后校准,provisional_region,T5 二战后多极文学 · 战后重建、记忆政治与后现代转型,区域扩展阅读,T5 二战后多极文学,R4 欧洲文学,M5 战后与当代美学范式,G2 戏剧,QH6 战争、暴力与创伤
门户.md,R5,△,北美文学综合—具体内部传统待读后校准,provisional_region,T5 二战后多极文学 · 战后反文化、族裔文学与媒介繁荣,区域扩展阅读,T5 二战后多极文学,R5 北美文学,M5 战后与当代美学范式,G3 小说,QT2 科幻
闪灵.md,R5,△,北美文学综合—具体内部传统待读后校准,provisional_region,T5 二战后多极文学 · 战后反文化、族裔文学与媒介繁荣,区域扩展阅读,T5 二战后多极文学,R5 北美文学,M5 战后与当代美学范式,G3 小说,QT4 恐怖与哥特
队列.md,R1,△,阿拉伯文学传统,existing,T6 当代全球文学 · 当代冲突、迁徙与全球传播,区域扩展阅读,T6 当代全球文学,R1 西亚—地中海古老传统,M5 战后与当代美学范式,G3 小说,QT2 科幻 | QT6 乌托邦、反乌托邦与社会想象
队列之末.md,R4,△,欧洲文学综合—具体内部传统待读后校准,provisional_region,T4 全球现代主义时代 · 战争危机、现代主义与先锋实验,区域扩展阅读,T4 全球现代主义时代,R4 欧洲文学,M3 现代主义与先锋派,G3 小说,QT7 历史叙事
阳光下的葡萄干.md,R5,△,北美文学综合—具体内部传统待读后校准,provisional_region,T5 二战后多极文学 · 战后反文化、族裔文学与媒介繁荣,区域扩展阅读,T5 二战后多极文学,R5 北美文学,M5 战后与当代美学范式,G2 戏剧,QH6 战争、暴力与创伤
阴兽.md,R2,△,东亚文学综合—具体内部传统待读后校准,provisional_region,T4 全球现代主义时代 · 殖民现代性、新文学与形式实验,区域扩展阅读,T4 全球现代主义时代,R2 东亚文学,M3 现代主义与先锋派,G3 小说,QT1 推理与犯罪叙事
阴暗的绘画.md,R2,△,东亚文学综合—具体内部传统待读后校准,provisional_region,T5 二战后多极文学 · 战争革命、国家文学与社会重构,区域扩展阅读,T5 二战后多极文学,R2 东亚文学,M5 战后与当代美学范式,G3 小说,QH6 战争、暴力与创伤
阿伽门农.md,R4,△,欧洲文学综合—具体内部传统待读后校准,provisional_region,T0 文学源头与古代文学 · 希腊罗马古典传统奠基,区域扩展阅读,T0 文学源头与古代文学,R4 欧洲文学,,G2 戏剧,QH8 信仰、伦理与超越
阿克塞尔.md,R4,△,欧洲文学综合—具体内部传统待读后校准,provisional_region,T3 19世纪现代文学体系 · 浪漫主义、现实主义与民族文学体系,区域扩展阅读,T3 19世纪现代文学体系,R4 欧洲文学,M2 19世纪文学思潮 / 象征主义 | M2 19世纪文学思潮,G3 小说,QH4 社会、阶级与劳动
阿劳卡纳.md,R6,◆,殖民编年史—巴洛克与克里奥尔文学传统,existing,T6 当代全球文学 · 后独裁记忆、迁徙与跨国文学重组,殖民回应与民族文学建构,T6 当代全球文学,R6 拉丁美洲与加勒比,M5 战后与当代美学范式,G3 小说,QH3 身份、身体与归属
阿勒颇养蜂人.md,R10,◆,流亡—难民—无国籍文学传统,existing,T6 当代全球文学 · 全球迁徙、数字传播与跨语文学网络,离散迁徙与跨区域连接,T6 当代全球文学,R10 跨区域文学传统,M5 战后与当代美学范式,G3 小说,QH3 身份、身体与归属
阿卜杜拉游记.md,R8,★,马来—Jawi文学传统,existing,T6 当代全球文学 · 城市化、跨语写作与东南亚离散,殖民回应与民族文学建构,T6 当代全球文学,R8 东南亚文学,M5 战后与当代美学范式,G5 生命书写,QH3 身份、身体与归属
阿卡塔女巫.md,R7,△,非洲文学综合—具体内部传统待读后校准,provisional_region,T6 当代全球文学 · 后殖民批判、城市经验与全球离散,区域扩展阅读,T6 当代全球文学,R7 非洲文学,M5 战后与当代美学范式,G3 小说,QT3 奇幻
阿卡特史诗.md,R1,△,黎凡特—迦南与乌加里特文学传统,existing,T0 文学源头与古代文学 · 古代文字、史诗与经典传统形成,源头与经典奠基,T0 文学源头与古代文学,R1 西亚—地中海古老传统,,G3 小说,QT9 神话、传说与民间叙事
阿周那婚礼.md,R8,◆,印尼—爪哇与群岛文学传统,existing,T6 当代全球文学 · 城市化、跨语写作与东南亚离散,传统转型与区域扩展,T6 当代全球文学,R8 东南亚文学,M5 战后与当代美学范式,G3 小说,QH5 权力、制度与秩序
阿喀琉斯之歌.md,R5,△,北美文学综合—具体内部传统待读后校准,provisional_region,T6 当代全球文学 · 多元身份、数字媒介与全球传播,文类形成与区域典范,T6 当代全球文学,R5 北美文学,M5 战后与当代美学范式,G3 小说,QT3 奇幻
阿尔-拉桑的雄狮.md,R5,△,北美文学综合—具体内部传统待读后校准,provisional_region,T6 当代全球文学 · 多元身份、数字媒介与全球传播,文类形成与区域典范,T6 当代全球文学,R5 北美文学,M5 战后与当代美学范式,G3 小说,QT3 奇幻
阿尔及利亚女人的房间.md,R7,★,马格里布—北非多语文学传统,existing,T6 当代全球文学 · 后殖民批判、城市经验与全球离散,殖民回应与民族文学建构,T6 当代全球文学,R7 非洲文学,M5 战后与当代美学范式,G3 小说,QH3 身份、身体与归属
阿尔塔索尔.md,R6,△,拉丁美洲与加勒比综合—具体内部传统待读后校准,provisional_region,T4 全球现代主义时代 · Modernismo、先锋派与本土现代性,区域扩展阅读,T4 全球现代主义时代,R6 拉丁美洲与加勒比,M3.1 现代主义 / Modernism | M3.2 先锋派,G3 小说,QH1 自我、存在与生命
阿尔戈船英雄纪.md,R1,◆,古希腊文学传统,existing,T0 文学源头与古代文学 · 古代文字、史诗与经典传统形成,传统转型与区域扩展,T0 文学源头与古代文学,R1 西亚—地中海古老传统,,G3 小说,QT5 冒险与探索叙事 | QT9 神话、传说与民间叙事
阿尔特米奥·克罗斯之死.md,R6,△,拉丁美洲与加勒比综合—具体内部传统待读后校准,provisional_region,T5 二战后多极文学 · 革命经验、文学爆炸与独裁回应,区域扩展阅读,T5 二战后多极文学,R6 拉丁美洲与加勒比,M5 战后与当代美学范式 | M4 集体文学运动与文化政治,G3 小说,QT7 历史叙事
阿戈什蒂纽·内图诗选.md,R7,◆,葡语非洲文学传统,existing,T6 当代全球文学 · 后殖民批判、城市经验与全球离散,离散迁徙与跨区域连接,T6 当代全球文学,R7 非洲文学,M5 战后与当代美学范式,G1 诗歌,QH5 权力、制度与秩序
阿拉伯爵士.md,R10,◆,阿拉伯—中东离散文学传统,existing,T6 当代全球文学 · 全球迁徙、数字传播与跨语文学网络,离散迁徙与跨区域连接,T6 当代全球文学,R10 跨区域文学传统,M5 战后与当代美学范式,G3 小说,QH3 身份、身体与归属
阿拉特里斯特上尉.md,R4,△,欧洲文学综合—具体内部传统待读后校准,provisional_region,T6 当代全球文学 · 欧洲一体化、迁徙经验与当代重组,区域扩展阅读,T6 当代全球文学,R4 欧洲文学,M5 战后与当代美学范式,G3 小说,QT8 英雄、边疆与法外者文化传统 | QT8.4 欧洲剑客
阿斯特洛菲尔与斯黛拉.md,R4,△,欧洲文学综合—具体内部传统待读后校准,provisional_region,T2 早期现代文学 · 文艺复兴、宗教改革与印刷公共领域,区域扩展阅读,T2 早期现代文学,R4 欧洲文学,M1 早期现代思想与美学,G1 诗歌,QH2.1 爱情与欲望
阿特拉哈西斯史诗.md,R1,△,两河文学传统,existing,T0 文学源头与古代文学 · 古代文字、史诗与经典传统形成,源头与经典奠基,T0 文学源头与古代文学,R1 西亚—地中海古老传统,,G3 小说,QT9 神话、传说与民间叙事
阿玛利亚.md,R6,△,拉丁美洲与加勒比综合—具体内部传统待读后校准,provisional_region,T6 当代全球文学 · 后独裁记忆、迁徙与跨国文学重组,区域扩展阅读,T6 当代全球文学,R6 拉丁美洲与加勒比,M5 战后与当代美学范式,G3 小说,QH5 权力、制度与秩序
阿瓦隆迷雾.md,R4,△,欧洲文学综合—具体内部传统待读后校准,provisional_region,T6 当代全球文学 · 欧洲一体化、迁徙经验与当代重组,文类形成与区域典范,T6 当代全球文学,R4 欧洲文学,M5 战后与当代美学范式,G3 小说,QT3 奇幻 | QT8 英雄、边疆与法外者文化传统 | QT8.2 欧洲骑士
阿米尔·哈姆扎传.md,R8,◆,马来—Jawi文学传统,existing,T6 当代全球文学 · 城市化、跨语写作与东南亚离散,传统转型与区域扩展,T6 当代全球文学,R8 东南亚文学,M5 战后与当代美学范式,G3 小说,QH5 权力、制度与秩序
阿米尔·哈姆扎传奇.md,R3,◆,波斯语—Hindavi—乌尔都文学传统,existing,T6 当代全球文学 · 全球南亚、英语写作与地方传统重组,传统转型与区域扩展,T6 当代全球文学,R3 南亚文学,M5 战后与当代美学范式,G3 小说,QH5 权力、制度与秩序
阿米尔·霍斯陆诗选.md,R3,◆,波斯语—Hindavi—乌尔都文学传统,existing,T6 当代全球文学 · 全球南亚、英语写作与地方传统重组,传统转型与区域扩展,T6 当代全球文学,R3 南亚文学,M5 战后与当代美学范式,G1 诗歌,QH5 权力、制度与秩序
阿维斯塔.md,R1,△,波斯—伊朗文学传统,existing,T0 文学源头与古代文学 · 古代文字、史诗与经典传统形成,区域扩展阅读,T0 文学源头与古代文学,R1 西亚—地中海古老传统,,G3 小说,QT9 神话、传说与民间叙事
阿罗史密斯.md,R5,△,北美文学综合—具体内部传统待读后校准,provisional_region,T4 全球现代主义时代 · 现代主义、哈莱姆复兴与类型扩张,区域扩展阅读,T4 全球现代主义时代,R5 北美文学,M3 现代主义与先锋派,G3 小说,QH1 自我、存在与生命
阿莱夫.md,R6,△,南锥体—拉普拉塔文学传统,author_model,T5 二战后多极文学 · 革命经验、文学爆炸与独裁回应,区域扩展阅读,T5 二战后多极文学,R6 拉丁美洲与加勒比,M5 战后与当代美学范式 | M5.1 战后思想与美学范式,G3 小说,QH6 战争、暴力与创伤
阿蒙蒂亚多酒桶.md,R5,△,北美文学综合—具体内部传统待读后校准,provisional_region,T3 19世纪现代文学体系 · 国家文学、奴隶制回应与大众出版,区域扩展阅读,T3 19世纪现代文学体系,R5 北美文学,M2 19世纪文学思潮,G3 小说,QT4 恐怖与哥特
阿达诺之钟.md,R5,△,北美文学综合—具体内部传统待读后校准,provisional_region,T4 全球现代主义时代 · 现代主义、哈莱姆复兴与类型扩张,区域扩展阅读,T4 全球现代主义时代,R5 北美文学,M3 现代主义与先锋派,G3 小说,QH1 自我、存在与生命
阿部一族.md,R2,△,东亚文学综合—具体内部传统待读后校准,provisional_region,T4 全球现代主义时代 · 殖民现代性、新文学与形式实验,区域扩展阅读,T4 全球现代主义时代,R2 东亚文学,M3 现代主义与先锋派,G3 小说,QT8 英雄、边疆与法外者文化传统 | QT8.3 日本武士与剑豪
阿里埃尔.md,R6,△,拉丁美洲与加勒比综合—具体内部传统待读后校准,provisional_region,T3 19世纪现代文学体系 · 独立建国、浪漫主义与国家文学,区域扩展阅读,T3 19世纪现代文学体系,R6 拉丁美洲与加勒比,M2 19世纪文学思潮 / 拉美 Modernismo | M2 19世纪文学思潮,G3 小说,QH3 身份、身体与归属
阿难陀寺.md,R3,◆,孟加拉与东部语言文学传统,existing,T3 19世纪现代文学体系 · 殖民教育、语言公共领域与民族文学形成,语言、书写与媒介转型,T3 19世纪现代文学体系,R3 南亚文学,M4 集体文学运动与文化政治,G3 小说,QH4 社会、阶级与劳动
附属正义.md,R5,△,北美文学综合—具体内部传统待读后校准,provisional_region,T6 当代全球文学 · 多元身份、数字媒介与全球传播,区域扩展阅读,T6 当代全球文学,R5 北美文学,M5 战后与当代美学范式,G3 小说,QT2 科幻
陆小凤传奇：金鹏王朝.md,R2,△,东亚文学综合—具体内部传统待读后校准,provisional_region,T5 二战后多极文学 · 战争革命、国家文学与社会重构,区域扩展阅读,T5 二战后多极文学,R2 东亚文学,M5 战后与当代美学范式,G3 小说,QT8 英雄、边疆与法外者文化传统 | QT8.1 武侠
陆犯焉识.md,R2,△,东亚文学综合—具体内部传统待读后校准,provisional_region,T6 当代全球文学 · 都市经验、媒介转型与跨国传播,区域扩展阅读,T6 当代全球文学,R2 东亚文学,M5 战后与当代美学范式,G3 小说,QH5 权力、制度与秩序 | QH7 历史、记忆与时间
陌生人日记.md,R4,△,欧洲文学综合—具体内部传统待读后校准,provisional_region,T6 当代全球文学 · 欧洲一体化、迁徙经验与当代重组,区域扩展阅读,T6 当代全球文学,R4 欧洲文学,M5 战后与当代美学范式,G3 小说,QH3 身份、身体与归属
陌生人肖像.md,R4,△,欧洲文学综合—具体内部传统待读后校准,provisional_region,T5 二战后多极文学 · 战后重建、记忆政治与后现代转型,区域扩展阅读,T5 二战后多极文学,R4 欧洲文学,M5 战后与当代美学范式,G3 小说,QH6 战争、暴力与创伤
除时间外没有敌人.md,R5,△,北美文学综合—具体内部传统待读后校准,provisional_region,T6 当代全球文学 · 多元身份、数字媒介与全球传播,区域扩展阅读,T6 当代全球文学,R5 北美文学,M5 战后与当代美学范式,G3 小说,QH3 身份、身体与归属
陶渊明诗选.md,R2,△,东亚文学综合—具体内部传统待读后校准,provisional_region,T0 文学源头与古代文学 · 古代经典、史传与诗歌传统奠基,区域扩展阅读,T0 文学源头与古代文学,R2 东亚文学,,G1 诗歌,QH8 信仰、伦理与超越
陷坑与钟摆.md,R5,△,北美文学综合—具体内部传统待读后校准,provisional_region,T3 19世纪现代文学体系 · 国家文学、奴隶制回应与大众出版,区域扩展阅读,T3 19世纪现代文学体系,R5 北美文学,M2 19世纪文学思潮,G3 小说,QT4 恐怖与哥特
随笔集.md,R4,△,欧洲文学综合—具体内部传统待读后校准,provisional_region,T2 早期现代文学 · 文艺复兴、宗教改革与印刷公共领域,区域扩展阅读,T2 早期现代文学,R4 欧洲文学,M1 早期现代思想与美学,G4 散文与随笔,QH1 自我、存在与生命
隐剑孤影抄.md,R2,△,东亚文学综合—具体内部传统待读后校准,provisional_region,T5 二战后多极文学 · 战争革命、国家文学与社会重构,区域扩展阅读,T5 二战后多极文学,R2 东亚文学,M5 战后与当代美学范式,G3 小说,QT8 英雄、边疆与法外者文化传统 | QT8.3 日本武士与剑豪
隐剑秋风抄.md,R2,△,东亚文学综合—具体内部传统待读后校准,provisional_region,T5 二战后多极文学 · 战争革命、国家文学与社会重构,区域扩展阅读,T5 二战后多极文学,R2 东亚文学,M5 战后与当代美学范式,G3 小说,QT8 英雄、边疆与法外者文化传统 | QT8.3 日本武士与剑豪
隐形人.md,R4,△,欧洲文学综合—具体内部传统待读后校准,provisional_region,T4 全球现代主义时代 · 战争危机、现代主义与先锋实验,区域扩展阅读,T4 全球现代主义时代,R4 欧洲文学,M2 19世纪文学思潮,G3 小说,QT2 科幻 | QT4 恐怖与哥特
隐形墨水.md,R4,△,欧洲文学综合—具体内部传统待读后校准,provisional_region,T6 当代全球文学 · 欧洲一体化、迁徙经验与当代重组,区域扩展阅读,T6 当代全球文学,R4 欧洲文学,M5 战后与当代美学范式,G2 戏剧,QH7 历史、记忆与时间
难做的神.md,R4,△,欧洲文学综合—具体内部传统待读后校准,provisional_region,T5 二战后多极文学 · 战后重建、记忆政治与后现代转型,区域扩展阅读,T5 二战后多极文学,R4 欧洲文学,M5 战后与当代美学范式,G3 小说,QT2 科幻
难逃劫数.md,R2,△,东亚文学综合—具体内部传统待读后校准,provisional_region,T6 当代全球文学 · 都市经验、媒介转型与跨国传播,区域扩展阅读,T6 当代全球文学,R2 东亚文学,M5 战后与当代美学范式,G3 小说,QH1 自我、存在与生命 | QH6 战争、暴力与创伤
雅各布·冯·贡腾.md,R2,△,东亚文学综合—具体内部传统待读后校准,provisional_region,T4 全球现代主义时代 · 殖民现代性、新文学与形式实验,区域扩展阅读,T4 全球现代主义时代,R2 东亚文学,M3.1 现代主义 / Modernism,G3 小说,QH1 自我、存在与生命
雇员们.md,R4,△,欧洲文学综合—具体内部传统待读后校准,provisional_region,T6 当代全球文学 · 欧洲一体化、迁徙经验与当代重组,区域扩展阅读,T6 当代全球文学,R4 欧洲文学,M5 战后与当代美学范式,G3 小说,QT2 科幻
雌性男人.md,R5,△,北美文学综合—具体内部传统待读后校准,provisional_region,T5 二战后多极文学 · 战后反文化、族裔文学与媒介繁荣,区域扩展阅读,T5 二战后多极文学,R5 北美文学,M5 战后与当代美学范式,G3 小说,QT2 科幻
雍正皇帝.md,R2,△,东亚文学综合—具体内部传统待读后校准,provisional_region,T6 当代全球文学 · 都市经验、媒介转型与跨国传播,区域扩展阅读,T6 当代全球文学,R2 东亚文学,M5 战后与当代美学范式,G3 小说,QT7 历史叙事
雨之赐.md,R8,◆,马来—Jawi文学传统,existing,T6 当代全球文学 · 城市化、跨语写作与东南亚离散,文类形成与区域典范,T6 当代全球文学,R8 东南亚文学,M5 战后与当代美学范式,G3 小说,QH5 权力、制度与秩序
雨国之王.md,R4,△,欧洲文学综合—具体内部传统待读后校准,provisional_region,T5 二战后多极文学 · 战后重建、记忆政治与后现代转型,区域扩展阅读,T5 二战后多极文学,R4 欧洲文学,M5 战后与当代美学范式,G3 小说,QH6 战争、暴力与创伤
雨月物语.md,R2,△,东亚文学综合—具体内部传统待读后校准,provisional_region,T2 早期现代文学 · 印刷扩展、通俗文类与文人传统成熟,区域扩展阅读,T2 早期现代文学,R2 东亚文学,M1 早期现代思想与美学,G3 小说,QT4 恐怖与哥特
雪.md,R4,△,欧洲文学综合—具体内部传统待读后校准,provisional_region,T3 19世纪现代文学体系 · 浪漫主义、现实主义与民族文学体系,区域扩展阅读,T3 19世纪现代文学体系,R4 欧洲文学,M2 19世纪文学思潮 / 拉美 Modernismo | M2 19世纪文学思潮,G3 小说,QH4 社会、阶级与劳动
雪中悍刀行.md,R2,△,东亚文学综合—具体内部传统待读后校准,provisional_region,T6 当代全球文学 · 都市经验、媒介转型与跨国传播,区域扩展阅读,T6 当代全球文学,R2 东亚文学,M5 战后与当代美学范式,G3 小说,QT8 英雄、边疆与法外者文化传统 | QT8.1 武侠
雪之丞变化.md,R2,△,东亚文学综合—具体内部传统待读后校准,provisional_region,T6 当代全球文学 · 都市经验、媒介转型与跨国传播,区域扩展阅读,T6 当代全球文学,R2 东亚文学,M5 战后与当代美学范式,G3 小说,QT8 英雄、边疆与法外者文化传统 | QT8.3 日本武士与剑豪
雪后.md,R5,△,北美文学综合—具体内部传统待读后校准,provisional_region,T6 当代全球文学 · 多元身份、数字媒介与全球传播,区域扩展阅读,T6 当代全球文学,R5 北美文学,M5 战后与当代美学范式,G3 小说,QH3 身份、身体与归属
雪国.md,R2,△,东亚文学综合—具体内部传统待读后校准,provisional_region,T4 全球现代主义时代 · 殖民现代性、新文学与形式实验,区域扩展阅读,T4 全球现代主义时代,R2 东亚文学,M3.1 现代主义 / Modernism,G3 小说,QH2.1 爱情与欲望
雪山大地.md,R2,△,东亚文学综合—具体内部传统待读后校准,provisional_region,T6 当代全球文学 · 都市经验、媒介转型与跨国传播,区域扩展阅读,T6 当代全球文学,R2 东亚文学,M5 战后与当代美学范式,G3 小说,QH6 战争、暴力与创伤
雪山飞狐.md,R2,△,东亚文学综合—具体内部传统待读后校准,provisional_region,T5 二战后多极文学 · 战争革命、国家文学与社会重构,区域扩展阅读,T5 二战后多极文学,R2 东亚文学,M5 战后与当代美学范式,G3 小说,QT8 英雄、边疆与法外者文化传统 | QT8.1 武侠
雪崩.md,R5,△,北美文学综合—具体内部传统待读后校准,provisional_region,T6 当代全球文学 · 多元身份、数字媒介与全球传播,区域扩展阅读,T6 当代全球文学,R5 北美文学,M5 战后与当代美学范式,G3 小说,QT2 科幻 | QT6 乌托邦、反乌托邦与社会想象
雪河来客.md,R9,★,澳大利亚殖民—国家文学传统,existing,T6 当代全球文学 · 生态危机、移民社会与跨太平洋传播,殖民回应与民族文学建构,T6 当代全球文学,R9 大洋洲与太平洋,M5 战后与当代美学范式,G3 小说,QH5 权力、制度与秩序
零伯爵.md,R5,△,北美文学综合—具体内部传统待读后校准,provisional_region,T6 当代全球文学 · 多元身份、数字媒介与全球传播,区域扩展阅读,T6 当代全球文学,R5 北美文学,M5 战后与当代美学范式,G3 小说,QT2 科幻
零的焦点.md,R2,△,东亚文学综合—具体内部传统待读后校准,provisional_region,T5 二战后多极文学 · 战争革命、国家文学与社会重构,区域扩展阅读,T5 二战后多极文学,R2 东亚文学,M5 战后与当代美学范式,G3 小说,QT1 推理与犯罪叙事
雷雨.md,R2,△,东亚文学综合—具体内部传统待读后校准,provisional_region,T4 全球现代主义时代 · 殖民现代性、新文学与形式实验,区域扩展阅读,T4 全球现代主义时代,R2 东亚文学,M3.1 现代主义 / Modernism,G2 戏剧,QH2.3 家庭与家族 | QH3.1 性别与身体
雾.md,R4,△,欧洲文学综合—具体内部传统待读后校准,provisional_region,T4 全球现代主义时代 · 战争危机、现代主义与先锋实验,区域扩展阅读,T4 全球现代主义时代,R4 欧洲文学,M3.1 现代主义 / Modernism,G3 小说,QH1 自我、存在与生命
雾都孤儿.md,R4,△,英国—爱尔兰文学传统,author_model,T3 19世纪现代文学体系 · 浪漫主义、现实主义与民族文学体系,区域扩展阅读,T3 19世纪现代文学体系,R4 欧洲文学,M2 19世纪文学思潮,G3 小说,QH2.5 童年与成长
震荡波骑士.md,R4,△,欧洲文学综合—具体内部传统待读后校准,provisional_region,T5 二战后多极文学 · 战后重建、记忆政治与后现代转型,区域扩展阅读,T5 二战后多极文学,R4 欧洲文学,M5 战后与当代美学范式,G3 小说,QT2 科幻
霍乱时期的爱情.md,R6,△,拉丁美洲与加勒比综合—具体内部传统待读后校准,provisional_region,T6 当代全球文学 · 后独裁记忆、迁徙与跨国文学重组,区域扩展阅读,T6 当代全球文学,R6 拉丁美洲与加勒比,M5 战后与当代美学范式,G3 小说,QH2.1 爱情与欲望
霍内·图法雷诗选.md,R9,◆,毛利文学传统,existing,T6 当代全球文学 · 生态危机、移民社会与跨太平洋传播,文类形成与区域典范,T6 当代全球文学,R9 大洋洲与太平洋,M5 战后与当代美学范式,G1 诗歌,QH5 权力、制度与秩序
霍夫曼博士的地狱欲望机器.md,R4,△,欧洲文学综合—具体内部传统待读后校准,provisional_region,T5 二战后多极文学 · 战后重建、记忆政治与后现代转型,区域扩展阅读,T5 二战后多极文学,R4 欧洲文学,M5 战后与当代美学范式,G3 小说,QH6 战争、暴力与创伤
霍比特人.md,R4,△,欧洲文学综合—具体内部传统待读后校准,provisional_region,T4 全球现代主义时代 · 战争危机、现代主义与先锋实验,区域扩展阅读,T4 全球现代主义时代,R4 欧洲文学,M3 现代主义与先锋派,G3 小说,QT3 奇幻
露水的主人.md,R6,★,海地—法语与克里奥尔加勒比传统,existing,T4 全球现代主义时代 · Modernismo、先锋派与本土现代性,文类形成与区域典范,T4 全球现代主义时代,R6 拉丁美洲与加勒比,M3 现代主义与先锋派,G3 小说,QH5 权力、制度与秩序
露西.md,R6,◆,英语加勒比文学传统,existing,T6 当代全球文学 · 后独裁记忆、迁徙与跨国文学重组,语言、书写与媒介转型,T6 当代全球文学,R6 拉丁美洲与加勒比,M5 战后与当代美学范式,G3 小说,QH3 身份、身体与归属 | QH1 自我、存在与生命
霸王别姬.md,R2,△,东亚文学综合—具体内部传统待读后校准,provisional_region,T6 当代全球文学 · 都市经验、媒介转型与跨国传播,区域扩展阅读,T6 当代全球文学,R2 东亚文学,M5 战后与当代美学范式,G3 小说,QH2.1 爱情与欲望 | QH3.1 性别与身体
青丘永言.md,R2,★,朝鲜半岛文学传统,existing,T6 当代全球文学 · 都市经验、媒介转型与跨国传播,源头与经典奠基,T6 当代全球文学,R2 东亚文学,M5 战后与当代美学范式,G3 小说,QH5 权力、制度与秩序
青山别曲.md,R2,◆,朝鲜半岛文学传统,existing,T6 当代全球文学 · 都市经验、媒介转型与跨国传播,传统转型与区域扩展,T6 当代全球文学,R2 东亚文学,M5 战后与当代美学范式,G3 小说,QH5 权力、制度与秩序
青年.md,R2,△,东亚文学综合—具体内部传统待读后校准,provisional_region,T4 全球现代主义时代 · 殖民现代性、新文学与形式实验,区域扩展阅读,T4 全球现代主义时代,R2 东亚文学,M3 现代主义与先锋派,G3 小说,QH2.5 童年与成长
青春万岁.md,R2,△,东亚文学综合—具体内部传统待读后校准,provisional_region,T6 当代全球文学 · 都市经验、媒介转型与跨国传播,区域扩展阅读,T6 当代全球文学,R2 东亚文学,M5 战后与当代美学范式,G3 小说,QH2.5 童年与成长
青春之歌.md,R2,△,东亚文学综合—具体内部传统待读后校准,provisional_region,T5 二战后多极文学 · 战争革命、国家文学与社会重构,区域扩展阅读,T5 二战后多极文学,R2 东亚文学,M5 战后与当代美学范式,G3 小说,QH2.5 童年与成长
青铜骑士.md,R4,△,欧洲文学综合—具体内部传统待读后校准,provisional_region,T3 19世纪现代文学体系 · 浪漫主义、现实主义与民族文学体系,区域扩展阅读,T3 19世纪现代文学体系,R4 欧洲文学,M2 19世纪文学思潮,G1 诗歌,QH4 社会、阶级与劳动
非仆从.md,R6,△,拉丁美洲与加勒比综合—具体内部传统待读后校准,provisional_region,T4 全球现代主义时代 · Modernismo、先锋派与本土现代性,区域扩展阅读,T4 全球现代主义时代,R6 拉丁美洲与加勒比,M3.2 先锋派,G4 散文与随笔,QH5 权力、制度与秩序
靠近野心的心.md,R6,△,巴西葡语文学传统,author_model,T4 全球现代主义时代 · Modernismo、先锋派与本土现代性,区域扩展阅读,T4 全球现代主义时代,R6 拉丁美洲与加勒比,M3.1 现代主义 / Modernism,G3 小说,QH5 权力、制度与秩序
鞭手.md,R4,△,欧洲文学综合—具体内部传统待读后校准,provisional_region,T5 二战后多极文学 · 战后重建、记忆政治与后现代转型,区域扩展阅读,T5 二战后多极文学,R4 欧洲文学,M5 战后与当代美学范式,G3 小说,QH6 战争、暴力与创伤
项狄传.md,R4,△,欧洲文学综合—具体内部传统待读后校准,provisional_region,T2 早期现代文学 · 文艺复兴、宗教改革与印刷公共领域,区域扩展阅读,T2 早期现代文学,R4 欧洲文学,M1 早期现代思想与美学,G3 小说,QH8 信仰、伦理与超越
项链.md,R4,△,欧洲文学综合—具体内部传统待读后校准,provisional_region,T3 19世纪现代文学体系 · 浪漫主义、现实主义与民族文学体系,区域扩展阅读,T3 19世纪现代文学体系,R4 欧洲文学,M2 19世纪文学思潮,G3 小说,QH2.1 爱情与欲望 | QH4 社会、阶级与劳动
顺河入海.md,R5,△,北美文学综合—具体内部传统待读后校准,provisional_region,T6 当代全球文学 · 多元身份、数字媒介与全球传播,区域扩展阅读,T6 当代全球文学,R5 北美文学,M5 战后与当代美学范式,G3 小说,QH3 身份、身体与归属
额尔古纳河右岸.md,R2,△,东亚文学综合—具体内部传统待读后校准,provisional_region,T6 当代全球文学 · 都市经验、媒介转型与跨国传播,区域扩展阅读,T6 当代全球文学,R2 东亚文学,M5 战后与当代美学范式,G3 小说,QH6 战争、暴力与创伤
风土记.md,R2,△,朝鲜半岛文学传统,author_model,T1 中古多中心文学世界 · 宗教传播、宫廷文化与区域交流,区域扩展阅读,T1 中古多中心文学世界,R2 东亚文学,,G3 小说,QT9 神话、传说与民间叙事
风声.md,R2,△,东亚文学综合—具体内部传统待读后校准,provisional_region,T6 当代全球文学 · 都市经验、媒介转型与跨国传播,区域扩展阅读,T6 当代全球文学,R2 东亚文学,M5 战后与当代美学范式,G3 小说,QT1 推理与犯罪叙事 | QH5 权力、制度与秩序 | QH6 战争、暴力与创伤
风暴使者.md,R4,△,欧洲文学综合—具体内部传统待读后校准,provisional_region,T5 二战后多极文学 · 战后重建、记忆政治与后现代转型,区域扩展阅读,T5 二战后多极文学,R4 欧洲文学,M5 战后与当代美学范式,G3 小说,QT3 奇幻
风林火山.md,R2,△,东亚文学综合—具体内部传统待读后校准,provisional_region,T5 二战后多极文学 · 战争革命、国家文学与社会重构,区域扩展阅读,T5 二战后多极文学,R2 东亚文学,M5 战后与当代美学范式,G3 小说,QT7 历史叙事 | QT8 英雄、边疆与法外者文化传统 | QT8.3 日本武士与剑豪
飓风季节.md,R6,◆,墨西哥—中美洲文学传统,existing,T6 当代全球文学 · 后独裁记忆、迁徙与跨国文学重组,传统转型与区域扩展,T6 当代全球文学,R6 拉丁美洲与加勒比,M5 战后与当代美学范式,G3 小说,QH6 战争、暴力与创伤
飘.md,R5,△,北美文学综合—具体内部传统待读后校准,provisional_region,T4 全球现代主义时代 · 现代主义、哈莱姆复兴与类型扩张,区域扩展阅读,T4 全球现代主义时代,R5 北美文学,M3 现代主义与先锋派,G3 小说,QH2.3 家庭与家族
飞向人马座.md,R2,△,东亚文学综合—具体内部传统待读后校准,provisional_region,T6 当代全球文学 · 都市经验、媒介转型与跨国传播,区域扩展阅读,T6 当代全球文学,R2 东亚文学,M5 战后与当代美学范式,G3 小说,QT2 科幻
飞燕惊龙.md,R2,△,东亚文学综合—具体内部传统待读后校准,provisional_region,T5 二战后多极文学 · 战争革命、国家文学与社会重构,区域扩展阅读,T5 二战后多极文学,R2 东亚文学,M5 战后与当代美学范式,G3 小说,QT8 英雄、边疆与法外者文化传统 | QT8.1 武侠
飞狐外传.md,R2,△,东亚文学综合—具体内部传统待读后校准,provisional_region,T5 二战后多极文学 · 战争革命、国家文学与社会重构,区域扩展阅读,T5 二战后多极文学,R2 东亚文学,M5 战后与当代美学范式,G3 小说,QT8 英雄、边疆与法外者文化传统 | QT8.1 武侠
飞行行为.md,R5,△,北美文学综合—具体内部传统待读后校准,provisional_region,T6 当代全球文学 · 多元身份、数字媒介与全球传播,区域扩展阅读,T6 当代全球文学,R5 北美文学,M5.2 权力、身份与世界批评,G3 小说,QH4 社会、阶级与劳动 | QH8 信仰、伦理与超越
食人主义宣言.md,R6,△,巴西葡语文学传统,author_model,T4 全球现代主义时代 · Modernismo、先锋派与本土现代性,区域扩展阅读,T4 全球现代主义时代,R6 拉丁美洲与加勒比,M3.2 先锋派,G4 散文与随笔,QH3 身份、身体与归属 | QH5 权力、制度与秩序
食人宣言.md,R6,★,巴西葡语文学传统,existing,T4 全球现代主义时代 · Modernismo、先锋派与本土现代性,文类形成与区域典范,T4 全球现代主义时代,R6 拉丁美洲与加勒比,M3.1 现代主义 / Modernism,G4 散文与随笔,QH3 身份、身体与归属 | QH5 权力、制度与秩序
餐后.md,R6,△,拉丁美洲与加勒比综合—具体内部传统待读后校准,provisional_region,T6 当代全球文学 · 后独裁记忆、迁徙与跨国文学重组,区域扩展阅读,T6 当代全球文学,R6 拉丁美洲与加勒比,M5 战后与当代美学范式,G3 小说,QH5 权力、制度与秩序
饥饿.md,R4,◆,北欧文学传统,existing,T4 全球现代主义时代 · 战争危机、现代主义与先锋实验,文类形成与区域典范,T4 全球现代主义时代,R4 欧洲文学,M3.1 现代主义 / Modernism,G3 小说,QH1 自我、存在与生命
饥饿之路.md,R6,△,拉丁美洲与加勒比综合—具体内部传统待读后校准,provisional_region,T5 二战后多极文学 · 革命经验、文学爆炸与独裁回应,区域扩展阅读,T5 二战后多极文学,R6 拉丁美洲与加勒比,M5.1 战后思想与美学范式,G3 小说,QH3 身份、身体与归属
饥饿游戏.md,R5,△,北美文学综合—具体内部传统待读后校准,provisional_region,T6 当代全球文学 · 多元身份、数字媒介与全球传播,文类形成与区域典范,T6 当代全球文学,R5 北美文学,M5 战后与当代美学范式,G3 小说,QT2 科幻 | QT6 乌托邦、反乌托邦与社会想象
饥饿的路.md,R7,△,非洲文学综合—具体内部传统待读后校准,provisional_region,T6 当代全球文学 · 后殖民批判、城市经验与全球离散,区域扩展阅读,T6 当代全球文学,R7 非洲文学,M5 战后与当代美学范式,G3 小说,QH3 身份、身体与归属
饥饿者.md,R7,◆,葡语非洲文学传统,existing,T6 当代全球文学 · 后殖民批判、城市经验与全球离散,传统转型与区域扩展,T6 当代全球文学,R7 非洲文学,M5 战后与当代美学范式,G3 小说,QH3 身份、身体与归属
饮马黄河.md,R2,△,东亚文学综合—具体内部传统待读后校准,provisional_region,T5 二战后多极文学 · 战争革命、国家文学与社会重构,区域扩展阅读,T5 二战后多极文学,R2 东亚文学,M5 战后与当代美学范式,G3 小说,QT8 英雄、边疆与法外者文化传统 | QT8.1 武侠
饺子.md,R2,△,东亚文学综合—具体内部传统待读后校准,provisional_region,T6 当代全球文学 · 都市经验、媒介转型与跨国传播,区域扩展阅读,T6 当代全球文学,R2 东亚文学,M5 战后与当代美学范式,G3 小说,QH2.1 爱情与欲望 | QH3.1 性别与身体
首尔，1964年冬.md,R2,△,东亚文学综合—具体内部传统待读后校准,provisional_region,T5 二战后多极文学 · 战争革命、国家文学与社会重构,区域扩展阅读,T5 二战后多极文学,R2 东亚文学,M5 战后与当代美学范式,G3 小说,QH6 战争、暴力与创伤
马丁·德雷斯勒.md,R5,△,北美文学综合—具体内部传统待读后校准,provisional_region,T6 当代全球文学 · 多元身份、数字媒介与全球传播,区域扩展阅读,T6 当代全球文学,R5 北美文学,M5 战后与当代美学范式,G3 小说,QH3 身份、身体与归属
马丁·菲耶罗.md,R6,★,南锥体—拉普拉塔文学传统,existing,T3 19世纪现代文学体系 · 独立建国、浪漫主义与国家文学,源头与经典奠基,T3 19世纪现代文学体系,R6 拉丁美洲与加勒比,M2 19世纪文学思潮,G1 诗歌,QT8 英雄、边疆与法外者文化传统 | QT8.6 Gaucho | QT8.7 侠盗
马丁·里瓦斯.md,R6,△,拉丁美洲与加勒比综合—具体内部传统待读后校准,provisional_region,T6 当代全球文学 · 后独裁记忆、迁徙与跨国文学重组,区域扩展阅读,T6 当代全球文学,R6 拉丁美洲与加勒比,M5 战后与当代美学范式,G3 小说,QH5 权力、制度与秩序
马亚一家.md,R4,△,欧洲文学综合—具体内部传统待读后校准,provisional_region,T3 19世纪现代文学体系 · 浪漫主义、现实主义与民族文学体系,区域扩展阅读,T3 19世纪现代文学体系,R4 欧洲文学,M2 19世纪文学思潮 | M2 19世纪文学思潮 / 现实主义,G3 小说,QH4 社会、阶级与劳动
马利·阿尔梅达的七个月亮.md,R3,△,南亚文学综合—具体内部传统待读后校准,provisional_region,T6 当代全球文学 · 全球南亚、英语写作与地方传统重组,区域扩展阅读,T6 当代全球文学,R3 南亚文学,M5 战后与当代美学范式,G3 小说,QH3 身份、身体与归属
马奇.md,R5,△,北美文学综合—具体内部传统待读后校准,provisional_region,T6 当代全球文学 · 多元身份、数字媒介与全球传播,区域扩展阅读,T6 当代全球文学,R5 北美文学,M5 战后与当代美学范式,G3 小说,QH3 身份、身体与归属
马尔特手记.md,R4,△,德语文学传统,author_model,T4 全球现代主义时代 · 战争危机、现代主义与先锋实验,区域扩展阅读,T4 全球现代主义时代,R4 欧洲文学,M3.1 现代主义 / Modernism,G3 小说,QH1 自我、存在与生命
马尔科姆·X自传.md,R5,△,北美文学综合—具体内部传统待读后校准,provisional_region,T5 二战后多极文学 · 战后反文化、族裔文学与媒介繁荣,区域扩展阅读,T5 二战后多极文学,R5 北美文学,M5 战后与当代美学范式,G5 生命书写,QH6 战争、暴力与创伤
马库纳伊玛.md,R6,△,拉丁美洲与加勒比综合—具体内部传统待读后校准,provisional_region,T4 全球现代主义时代 · Modernismo、先锋派与本土现代性,区域扩展阅读,T4 全球现代主义时代,R6 拉丁美洲与加勒比,M3.1 现代主义 / Modernism,G3 小说,QH1 自我、存在与生命
马戏团之夜.md,R4,△,欧洲文学综合—具体内部传统待读后校准,provisional_region,T5 二战后多极文学 · 战后重建、记忆政治与后现代转型,区域扩展阅读,T5 二战后多极文学,R4 欧洲文学,M5.1 战后思想与美学范式,G3 小说,QH3 身份、身体与归属
马来纪年.md,R8,★,马来—Jawi文学传统,existing,T6 当代全球文学 · 城市化、跨语写作与东南亚离散,核心经典与传统确立,T6 当代全球文学,R8 东南亚文学,M5 战后与当代美学范式,G3 小说,QH5 权力、制度与秩序
马来西亚海盗.md,R4,△,欧洲文学综合—具体内部传统待读后校准,provisional_region,T4 全球现代主义时代 · 战争危机、现代主义与先锋实验,区域扩展阅读,T4 全球现代主义时代,R4 欧洲文学,M3 现代主义与先锋派,G3 小说,QT8 英雄、边疆与法外者文化传统 | QT8.4 欧洲剑客
马查多的马车.md,R6,◆,西语加勒比文学传统,existing,T6 当代全球文学 · 后独裁记忆、迁徙与跨国文学重组,殖民回应与民族文学建构,T6 当代全球文学,R6 拉丁美洲与加勒比,M5 战后与当代美学范式,G3 小说,QH5 权力、制度与秩序
马格斯·哈弗拉尔.md,R4,★,低地国家文学传统,existing,T6 当代全球文学 · 欧洲一体化、迁徙经验与当代重组,殖民回应与民族文学建构,T6 当代全球文学,R4 欧洲文学,M5 战后与当代美学范式,G3 小说,QH3 身份、身体与归属
马永贝.md,R7,★,葡语非洲文学传统,existing,T6 当代全球文学 · 后殖民批判、城市经验与全球离散,核心经典与传统确立,T6 当代全球文学,R7 非洲文学,M5 战后与当代美学范式,G3 小说,QH3 身份、身体与归属
马特罗.md,R4,△,欧洲文学综合—具体内部传统待读后校准,provisional_region,T5 二战后多极文学 · 战后重建、记忆政治与后现代转型,区域扩展阅读,T5 二战后多极文学,R4 欧洲文学,M5.1 战后思想与美学范式,G3 小说,QH1 自我、存在与生命
马耳他之鹰.md,R5,△,北美文学综合—具体内部传统待读后校准,provisional_region,T4 全球现代主义时代 · 现代主义、哈莱姆复兴与类型扩张,区域扩展阅读,T4 全球现代主义时代,R5 北美文学,M3 现代主义与先锋派,G3 小说,QT1 推理与犯罪叙事
马鲁.md,R7,◆,南部非洲文学传统,existing,T6 当代全球文学 · 后殖民批判、城市经验与全球离散,文类形成与区域典范,T6 当代全球文学,R7 非洲文学,M5 战后与当代美学范式,G3 小说,QH4 社会、阶级与劳动
马鸣风萧萧.md,R2,△,东亚文学综合—具体内部传统待读后校准,provisional_region,T5 二战后多极文学 · 战争革命、国家文学与社会重构,区域扩展阅读,T5 二战后多极文学,R2 东亚文学,M5 战后与当代美学范式,G3 小说,QT8 英雄、边疆与法外者文化传统 | QT8.1 武侠
驱魔人.md,R5,△,北美文学综合—具体内部传统待读后校准,provisional_region,T5 二战后多极文学 · 战后反文化、族裔文学与媒介繁荣,区域扩展阅读,T5 二战后多极文学,R5 北美文学,M5 战后与当代美学范式,G3 小说,QT4 恐怖与哥特
驼背人.md,R4,△,欧洲文学综合—具体内部传统待读后校准,provisional_region,T6 当代全球文学 · 欧洲一体化、迁徙经验与当代重组,文类形成与区域典范,T6 当代全球文学,R4 欧洲文学,M5 战后与当代美学范式,G3 小说,QT8 英雄、边疆与法外者文化传统 | QT8.4 欧洲剑客
驿站.md,R5,△,北美文学综合—具体内部传统待读后校准,provisional_region,T5 二战后多极文学 · 战后反文化、族裔文学与媒介繁荣,区域扩展阅读,T5 二战后多极文学,R5 北美文学,M5 战后与当代美学范式,G3 小说,QH6 战争、暴力与创伤
骆驼祥子.md,R2,△,东亚文学综合—具体内部传统待读后校准,provisional_region,T4 全球现代主义时代 · 殖民现代性、新文学与形式实验,区域扩展阅读,T4 全球现代主义时代,R2 东亚文学,M2 19世纪文学思潮,G3 小说,QH1 自我、存在与生命 | QH2.5 童年与成长 | QH4 社会、阶级与劳动
骏马.md,R5,△,十九世纪—现代美国文学传统,author_model,T6 当代全球文学 · 多元身份、数字媒介与全球传播,区域扩展阅读,T6 当代全球文学,R5 北美文学,M5 战后与当代美学范式,G3 小说,QT8 英雄、边疆与法外者文化传统 | QT8.5 西部
骑士西法尔.md,R4,△,伊比利亚文学传统,author_model,T1 中古多中心文学世界 · 基督教、宫廷与俗语文学形成,区域扩展阅读,T1 中古多中心文学世界,R4 欧洲文学,,G3 小说,QT8 英雄、边疆与法外者文化传统 | QT8.2 欧洲骑士
骑虎.md,R4,△,欧洲文学综合—具体内部传统待读后校准,provisional_region,T4 全球现代主义时代 · 战争危机、现代主义与先锋实验,区域扩展阅读,T4 全球现代主义时代,R4 欧洲文学,M3 现代主义与先锋派,G3 小说,QH2.3 家庭与家族
骑鹅旅行记.md,R4,◆,北欧文学传统,existing,T6 当代全球文学 · 欧洲一体化、迁徙经验与当代重组,殖民回应与民族文学建构,T6 当代全球文学,R4 欧洲文学,M5 战后与当代美学范式,G3 小说,QH5 权力、制度与秩序
骗子.md,R6,△,拉丁美洲与加勒比综合—具体内部传统待读后校准,provisional_region,T6 当代全球文学 · 后独裁记忆、迁徙与跨国文学重组,区域扩展阅读,T6 当代全球文学,R6 拉丁美洲与加勒比,M5 战后与当代美学范式,G3 小说,QH5 权力、制度与秩序
骚动之秋.md,R2,△,东亚文学综合—具体内部传统待读后校准,provisional_region,T6 当代全球文学 · 都市经验、媒介转型与跨国传播,区域扩展阅读,T6 当代全球文学,R2 东亚文学,M5 战后与当代美学范式,G3 小说,QH6 战争、暴力与创伤
骨.md,R10,◆,华人—华语离散文学传统,existing,T6 当代全球文学 · 全球迁徙、数字传播与跨语文学网络,离散迁徙与跨区域连接,T6 当代全球文学,R10 跨区域文学传统,M5 战后与当代美学范式,G3 小说,QH2.3 家庭与家族
骨人.md,R9,★,英语新西兰文学传统,existing,T6 当代全球文学 · 生态危机、移民社会与跨太平洋传播,殖民回应与民族文学建构,T6 当代全球文学,R9 大洋洲与太平洋,M5 战后与当代美学范式,G3 小说,QH3 身份、身体与归属
骰子一掷永远取消不了偶然.md,R4,△,欧洲文学综合—具体内部传统待读后校准,provisional_region,T3 19世纪现代文学体系 · 浪漫主义、现实主义与民族文学体系,区域扩展阅读,T3 19世纪现代文学体系,R4 欧洲文学,M3.1 现代主义 / Modernism | M2 19世纪文学思潮 / 象征主义 | M2 19世纪文学思潮,G3 小说,QH1 自我、存在与生命
高中生的血与勇气.md,R4,△,欧洲文学综合—具体内部传统待读后校准,provisional_region,T5 二战后多极文学 · 战后重建、记忆政治与后现代转型,区域扩展阅读,T5 二战后多极文学,R4 欧洲文学,M5.1 战后思想与美学范式,G3 小说,QH3 身份、身体与归属 | QH5 权力、制度与秩序
高人的箴言.md,R4,△,伊比利亚文学传统,author_model,T0 文学源头与古代文学 · 希腊罗马古典传统奠基,区域扩展阅读,T0 文学源头与古代文学,R4 欧洲文学,,G3 小说,QT9 神话、传说与民间叙事
高卢的阿玛迪斯.md,R4,△,欧洲文学综合—具体内部传统待读后校准,provisional_region,T1 中古多中心文学世界 · 基督教、宫廷与俗语文学形成,区域扩展阅读,T1 中古多中心文学世界,R4 欧洲文学,,G3 小说,QT8 英雄、边疆与法外者文化传统 | QT8.2 欧洲骑士
高堡奇人.md,R5,△,北美文学综合—具体内部传统待读后校准,provisional_region,T5 二战后多极文学 · 战后反文化、族裔文学与媒介繁荣,区域扩展阅读,T5 二战后多极文学,R5 北美文学,M5 战后与当代美学范式,G3 小说,QT2 科幻 | QT7 历史叙事
高文爵士与绿骑士.md,R4,△,伊比利亚文学传统,author_model,T1 中古多中心文学世界 · 基督教、宫廷与俗语文学形成,区域扩展阅读,T1 中古多中心文学世界,R4 欧洲文学,,G3 小说,QT3 奇幻 | QT9 神话、传说与民间叙事 | QT8 英雄、边疆与法外者文化传统 | QT8.2 欧洲骑士
高老头.md,R4,★,法语文学传统,existing,T3 19世纪现代文学体系 · 浪漫主义、现实主义与民族文学体系,文类形成与区域典范,T3 19世纪现代文学体系,R4 欧洲文学,M2 19世纪文学思潮 | M2 19世纪文学思潮 / 现实主义,G3 小说,QH2.3 家庭与家族 | QH4 社会、阶级与劳动
鬼妈妈.md,R4,△,欧洲文学综合—具体内部传统待读后校准,provisional_region,T6 当代全球文学 · 欧洲一体化、迁徙经验与当代重组,区域扩展阅读,T6 当代全球文学,R4 欧洲文学,M5 战后与当代美学范式,G3 小说,QT4 恐怖与哥特
鬼屋.md,R5,△,北美文学综合—具体内部传统待读后校准,provisional_region,T5 二战后多极文学 · 战后反文化、族裔文学与媒介繁荣,区域扩展阅读,T5 二战后多极文学,R5 北美文学,M5 战后与当代美学范式,G3 小说,QT4 恐怖与哥特
鬼平犯科帐.md,R2,△,东亚文学综合—具体内部传统待读后校准,provisional_region,T5 二战后多极文学 · 战争革命、国家文学与社会重构,区域扩展阅读,T5 二战后多极文学,R2 东亚文学,M5 战后与当代美学范式,G3 小说,QT8 英雄、边疆与法外者文化传统 | QT8.3 日本武士与剑豪
魍魉之匣.md,R2,△,东亚文学综合—具体内部传统待读后校准,provisional_region,T6 当代全球文学 · 都市经验、媒介转型与跨国传播,区域扩展阅读,T6 当代全球文学,R2 东亚文学,M5 战后与当代美学范式,G3 小说,QT1 推理与犯罪叙事
魔女嘉莉.md,R5,△,北美文学综合—具体内部传统待读后校准,provisional_region,T5 二战后多极文学 · 战后反文化、族裔文学与媒介繁荣,区域扩展阅读,T5 二战后多极文学,R5 北美文学,M5 战后与当代美学范式,G3 小说,QT4 恐怖与哥特
魔山.md,R4,△,德语文学传统,author_model,T4 全球现代主义时代 · 战争危机、现代主义与先锋实验,区域扩展阅读,T4 全球现代主义时代,R4 欧洲文学,M3.1 现代主义 / Modernism,G3 小说,QH2.5 童年与成长
魔戒：双塔奇兵.md,R4,△,欧洲文学综合—具体内部传统待读后校准,provisional_region,T5 二战后多极文学 · 战后重建、记忆政治与后现代转型,区域扩展阅读,T5 二战后多极文学,R4 欧洲文学,M5 战后与当代美学范式,G3 小说,QT3 奇幻
魔戒：王者归来.md,R4,△,欧洲文学综合—具体内部传统待读后校准,provisional_region,T5 二战后多极文学 · 战后重建、记忆政治与后现代转型,区域扩展阅读,T5 二战后多极文学,R4 欧洲文学,M5 战后与当代美学范式,G3 小说,QT3 奇幻
魔戒：魔戒同盟.md,R4,△,欧洲文学综合—具体内部传统待读后校准,provisional_region,T5 二战后多极文学 · 战后重建、记忆政治与后现代转型,区域扩展阅读,T5 二战后多极文学,R4 欧洲文学,M5 战后与当代美学范式,G3 小说,QT3 奇幻
魔法师的外甥.md,R4,△,欧洲文学综合—具体内部传统待读后校准,provisional_region,T5 二战后多极文学 · 战后重建、记忆政治与后现代转型,区域扩展阅读,T5 二战后多极文学,R4 欧洲文学,M5 战后与当代美学范式,G3 小说,QT3 奇幻
魔法的颜色.md,R4,△,欧洲文学综合—具体内部传统待读后校准,provisional_region,T6 当代全球文学 · 欧洲一体化、迁徙经验与当代重组,文类形成与区域典范,T6 当代全球文学,R4 欧洲文学,M5 战后与当代美学范式,G3 小说,QT3 奇幻
魔界转生.md,R2,△,东亚文学综合—具体内部传统待读后校准,provisional_region,T5 二战后多极文学 · 战争革命、国家文学与社会重构,区域扩展阅读,T5 二战后多极文学,R2 东亚文学,M5 战后与当代美学范式,G3 小说,QT8 英雄、边疆与法外者文化传统 | QT8.3 日本武士与剑豪
魔眼之匣谜案.md,R2,△,东亚文学综合—具体内部传统待读后校准,provisional_region,T6 当代全球文学 · 都市经验、媒介转型与跨国传播,区域扩展阅读,T6 当代全球文学,R2 东亚文学,M5 战后与当代美学范式,G3 小说,QT1 推理与犯罪叙事
魔鬼在十字路口.md,R7,★,口传—史诗与本土语言传统,existing,T6 当代全球文学 · 后殖民批判、城市经验与全球离散,语言、书写与媒介转型,T6 当代全球文学,R7 非洲文学,M5 战后与当代美学范式,G3 小说,QH1 自我、存在与生命
魔鬼的药水.md,R4,△,德语文学传统,author_model,T3 19世纪现代文学体系 · 浪漫主义、现实主义与民族文学体系,区域扩展阅读,T3 19世纪现代文学体系,R4 欧洲文学,M2 19世纪文学思潮,G3 小说,QT4 恐怖与哥特
鱼目集.md,R2,△,东亚文学综合—具体内部传统待读后校准,provisional_region,T4 全球现代主义时代 · 殖民现代性、新文学与形式实验,区域扩展阅读,T4 全球现代主义时代,R2 东亚文学,M3.1 现代主义 / Modernism,G3 小说,QH1 自我、存在与生命
鲁拜集.md,R1,△,波斯—伊朗文学传统,existing,T1 中古多中心文学世界 · 宗教经典、帝国网络与翻译传承,区域扩展阅读,T1 中古多中心文学世界,R1 西亚—地中海古老传统,,G1 诗歌,QH8 信仰、伦理与超越
鲁斯塔姆与苏赫拉布.md,R1,△,波斯—伊朗文学传统,existing,T1 中古多中心文学世界 · 宗教经典、帝国网络与翻译传承,区域扩展阅读,T1 中古多中心文学世界,R1 西亚—地中海古老传统,,G3 小说,QT9 神话、传说与民间叙事
鲁滨逊漂流记.md,R4,△,欧洲文学综合—具体内部传统待读后校准,provisional_region,T2 早期现代文学 · 文艺复兴、宗教改革与印刷公共领域,区域扩展阅读,T2 早期现代文学,R4 欧洲文学,M1 早期现代思想与美学,G3 小说,QT5 冒险与探索叙事 | QT8.8 海盗 | QH1 自我、存在与生命 | QH2.5 童年与成长
鲁珀特·亨曹.md,R4,△,欧洲文学综合—具体内部传统待读后校准,provisional_region,T6 当代全球文学 · 欧洲一体化、迁徙经验与当代重组,区域扩展阅读,T6 当代全球文学,R4 欧洲文学,M5 战后与当代美学范式,G3 小说,QT8 英雄、边疆与法外者文化传统 | QT8.4 欧洲剑客
鲍里斯·戈都诺夫.md,R4,△,欧洲文学综合—具体内部传统待读后校准,provisional_region,T3 19世纪现代文学体系 · 浪漫主义、现实主义与民族文学体系,区域扩展阅读,T3 19世纪现代文学体系,R4 欧洲文学,M2 19世纪文学思潮,G3 小说,QT7 历史叙事
鲍里斯·达维多维奇之墓.md,R4,△,欧洲文学综合—具体内部传统待读后校准,provisional_region,T5 二战后多极文学 · 战后重建、记忆政治与后现代转型,区域扩展阅读,T5 二战后多极文学,R4 欧洲文学,M5 战后与当代美学范式,G3 小说,QH6 战争、暴力与创伤
鲜血梅花.md,R2,△,东亚文学综合—具体内部传统待读后校准,provisional_region,T6 当代全球文学 · 都市经验、媒介转型与跨国传播,区域扩展阅读,T6 当代全球文学,R2 东亚文学,M5 战后与当代美学范式,G3 小说,QT8.1 武侠 | QH1 自我、存在与生命
鲸骑士.md,R9,★,毛利文学传统,existing,T6 当代全球文学 · 生态危机、移民社会与跨太平洋传播,文类形成与区域典范,T6 当代全球文学,R9 大洋洲与太平洋,M5 战后与当代美学范式,G3 小说,QH5 权力、制度与秩序
鳄鱼.md,R9,★,巴布亚新几内亚—美拉尼西亚文学传统,existing,T6 当代全球文学 · 生态危机、移民社会与跨太平洋传播,核心经典与传统确立,T6 当代全球文学,R9 大洋洲与太平洋,M5 战后与当代美学范式,G3 小说,QH5 权力、制度与秩序
鳄鱼街.md,R4,△,中欧文学传统,author_model,T4 全球现代主义时代 · 战争危机、现代主义与先锋实验,区域扩展阅读,T4 全球现代主义时代,R4 欧洲文学,M3.1 现代主义 / Modernism,G3 小说,QH1 自我、存在与生命
鸟嘴.md,R6,△,拉丁美洲与加勒比综合—具体内部传统待读后校准,provisional_region,T6 当代全球文学 · 后独裁记忆、迁徙与跨国文学重组,区域扩展阅读,T6 当代全球文学,R6 拉丁美洲与加勒比,M5 战后与当代美学范式,G3 小说,QH5 权力、制度与秩序
鸟的会议.md,R1,△,波斯—伊朗文学传统,existing,T1 中古多中心文学世界 · 宗教经典、帝国网络与翻译传承,区域扩展阅读,T1 中古多中心文学世界,R1 西亚—地中海古老传统,,G1 诗歌,QH8 信仰、伦理与超越
鸦之死.md,R2,△,东亚文学综合—具体内部传统待读后校准,provisional_region,T5 二战后多极文学 · 战争革命、国家文学与社会重构,区域扩展阅读,T5 二战后多极文学,R2 东亚文学,M5 战后与当代美学范式,G3 小说,QH6 战争、暴力与创伤
鸦片战争.md,R5,△,北美文学综合—具体内部传统待读后校准,provisional_region,T6 当代全球文学 · 多元身份、数字媒介与全球传播,区域扩展阅读,T6 当代全球文学,R5 北美文学,M5 战后与当代美学范式,G3 小说,QT3 奇幻
鸽使诗.md,R3,◆,僧伽罗—斯里兰卡文学传统,existing,T6 当代全球文学 · 全球南亚、英语写作与地方传统重组,传统转型与区域扩展,T6 当代全球文学,R3 南亚文学,M5 战后与当代美学范式,G3 小说,QH5 权力、制度与秩序
鹤.md,R2,△,东亚文学综合—具体内部传统待读后校准,provisional_region,T5 二战后多极文学 · 战争革命、国家文学与社会重构,区域扩展阅读,T5 二战后多极文学,R2 东亚文学,M5 战后与当代美学范式,G3 小说,QH6 战争、暴力与创伤
鹤惊昆仑.md,R2,△,东亚文学综合—具体内部传统待读后校准,provisional_region,T4 全球现代主义时代 · 殖民现代性、新文学与形式实验,区域扩展阅读,T4 全球现代主义时代,R2 东亚文学,M3 现代主义与先锋派,G3 小说,QT8 英雄、边疆与法外者文化传统 | QT8.1 武侠
鹰爪王.md,R2,△,东亚文学综合—具体内部传统待读后校准,provisional_region,T6 当代全球文学 · 都市经验、媒介转型与跨国传播,区域扩展阅读,T6 当代全球文学,R2 东亚文学,M5 战后与当代美学范式,G3 小说,QT8 英雄、边疆与法外者文化传统 | QT8.1 武侠
鹿苑长春.md,R5,△,北美文学综合—具体内部传统待读后校准,provisional_region,T4 全球现代主义时代 · 现代主义、哈莱姆复兴与类型扩张,区域扩展阅读,T4 全球现代主义时代,R5 北美文学,M3 现代主义与先锋派,G3 小说,QH1 自我、存在与生命
鹿鼎记.md,R2,△,东亚文学综合—具体内部传统待读后校准,provisional_region,T5 二战后多极文学 · 战争革命、国家文学与社会重构,区域扩展阅读,T5 二战后多极文学,R2 东亚文学,M5 战后与当代美学范式,G3 小说,QT8 英雄、边疆与法外者文化传统 | QT8.1 武侠 | QT8.2 欧洲骑士 | QT8.4 欧洲剑客 | QT8.7 侠盗
麦克梯格.md,R4,△,欧洲文学综合—具体内部传统待读后校准,provisional_region,T3 19世纪现代文学体系 · 浪漫主义、现实主义与民族文学体系,区域扩展阅读,T3 19世纪现代文学体系,R4 欧洲文学,M2 19世纪文学思潮 / 自然主义 | M2 19世纪文学思潮,G3 小说,QH4 社会、阶级与劳动
麦克白.md,R4,△,英国—爱尔兰文学传统,author_model,T2 早期现代文学 · 文艺复兴、宗教改革与印刷公共领域,区域扩展阅读,T2 早期现代文学,R4 欧洲文学,M1 早期现代思想与美学,G2 戏剧,QH8 信仰、伦理与超越
麦泽廷钢版画.md,R4,△,欧洲文学综合—具体内部传统待读后校准,provisional_region,T4 全球现代主义时代 · 战争危机、现代主义与先锋实验,区域扩展阅读,T4 全球现代主义时代,R4 欧洲文学,M3 现代主义与先锋派,G3 小说,QT4 恐怖与哥特
麦琪姑娘.md,R4,△,欧洲文学综合—具体内部传统待读后校准,provisional_region,T3 19世纪现代文学体系 · 浪漫主义、现实主义与民族文学体系,区域扩展阅读,T3 19世纪现代文学体系,R4 欧洲文学,M2 19世纪文学思潮 / 自然主义 | M2 19世纪文学思潮,G3 小说,QH4 社会、阶级与劳动
麦琪的礼物.md,R5,△,北美文学综合—具体内部传统待读后校准,provisional_region,T4 全球现代主义时代 · 现代主义、哈莱姆复兴与类型扩张,区域扩展阅读,T4 全球现代主义时代,R5 北美文学,M3 现代主义与先锋派,G3 小说,QH2.1 爱情与欲望
麦田里的守望者.md,R5,△,北美文学综合—具体内部传统待读后校准,provisional_region,T5 二战后多极文学 · 战后反文化、族裔文学与媒介繁荣,区域扩展阅读,T5 二战后多极文学,R5 北美文学,M5 战后与当代美学范式,G3 小说,QH2.5 童年与成长
黄昏清兵卫.md,R2,△,东亚文学综合—具体内部传统待读后校准,provisional_region,T6 当代全球文学 · 都市经验、媒介转型与跨国传播,区域扩展阅读,T6 当代全球文学,R2 东亚文学,M5 战后与当代美学范式,G3 小说,QT8 英雄、边疆与法外者文化传统 | QT8.3 日本武士与剑豪
黄昏里的男孩.md,R2,△,东亚文学综合—具体内部传统待读后校准,provisional_region,T6 当代全球文学 · 都市经验、媒介转型与跨国传播,区域扩展阅读,T6 当代全球文学,R2 东亚文学,M5 战后与当代美学范式,G3 小说,QH1 自我、存在与生命 | QH2.3 家庭与家族 | QH2.5 童年与成长
黄河东流去.md,R2,△,东亚文学综合—具体内部传统待读后校准,provisional_region,T6 当代全球文学 · 都市经验、媒介转型与跨国传播,区域扩展阅读,T6 当代全球文学,R2 东亚文学,M5 战后与当代美学范式,G3 小说,QH6 战争、暴力与创伤
黄狗.md,R4,△,欧洲文学综合—具体内部传统待读后校准,provisional_region,T5 二战后多极文学 · 战后重建、记忆政治与后现代转型,区域扩展阅读,T5 二战后多极文学,R4 欧洲文学,M5 战后与当代美学范式,G3 小说,QT1 推理与犯罪叙事
黄色墙纸.md,R5,△,北美文学综合—具体内部传统待读后校准,provisional_region,T4 全球现代主义时代 · 现代主义、哈莱姆复兴与类型扩张,区域扩展阅读,T4 全球现代主义时代,R5 北美文学,M3 现代主义与先锋派 | M5.2 权力、身份与世界批评,G3 小说,QT4 恐怖与哥特
黄色紧身衣骑士.md,R4,△,欧洲文学综合—具体内部传统待读后校准,provisional_region,T6 当代全球文学 · 欧洲一体化、迁徙经验与当代重组,区域扩展阅读,T6 当代全球文学,R4 欧洲文学,M5 战后与当代美学范式,G3 小说,QT8 英雄、边疆与法外者文化传统 | QT8.4 欧洲剑客
黄金传说.md,R4,◆,中世纪拉丁基督教与俗语奠基传统,existing,T6 当代全球文学 · 欧洲一体化、迁徙经验与当代重组,源头与经典奠基,T6 当代全球文学,R4 欧洲文学,M5 战后与当代美学范式,G3 小说,QH8 信仰、伦理与超越
黄金罗盘.md,R4,△,欧洲文学综合—具体内部传统待读后校准,provisional_region,T6 当代全球文学 · 欧洲一体化、迁徙经验与当代重组,源头与经典奠基,T6 当代全球文学,R4 欧洲文学,M5 战后与当代美学范式,G3 小说,QT3 奇幻
黄雀记.md,R2,△,东亚文学综合—具体内部传统待读后校准,provisional_region,T6 当代全球文学 · 都市经验、媒介转型与跨国传播,区域扩展阅读,T6 当代全球文学,R2 东亚文学,M5 战后与当代美学范式,G3 小说,QH6 战争、暴力与创伤
黎凡特海盗.md,R4,△,欧洲文学综合—具体内部传统待读后校准,provisional_region,T6 当代全球文学 · 欧洲一体化、迁徙经验与当代重组,区域扩展阅读,T6 当代全球文学,R4 欧洲文学,M5 战后与当代美学范式,G3 小说,QT8 英雄、边疆与法外者文化传统 | QT8.4 欧洲剑客
黎明.md,R5,△,北美文学综合—具体内部传统待读后校准,provisional_region,T6 当代全球文学 · 多元身份、数字媒介与全球传播,区域扩展阅读,T6 当代全球文学,R5 北美文学,M5 战后与当代美学范式,G3 小说,QT2 科幻
黎明前的几小时.md,R4,△,欧洲文学综合—具体内部传统待读后校准,provisional_region,T5 二战后多极文学 · 战后重建、记忆政治与后现代转型,区域扩展阅读,T5 二战后多极文学,R4 欧洲文学,M5 战后与当代美学范式,G3 小说,QH6 战争、暴力与创伤
黑与蓝.md,R4,△,欧洲文学综合—具体内部传统待读后校准,provisional_region,T6 当代全球文学 · 欧洲一体化、迁徙经验与当代重组,区域扩展阅读,T6 当代全球文学,R4 欧洲文学,M5 战后与当代美学范式,G3 小说,QT1 推理与犯罪叙事
黑人的灵魂.md,R5,★,非裔美国文学传统,existing,T6 当代全球文学 · 多元身份、数字媒介与全球传播,核心经典与传统确立,T6 当代全球文学,R5 北美文学,M5 战后与当代美学范式,G4 散文与随笔,QH1 自我、存在与生命
黑人诗歌集.md,R6,◆,西语加勒比文学传统,existing,T6 当代全球文学 · 后独裁记忆、迁徙与跨国文学重组,文类形成与区域典范,T6 当代全球文学,R6 拉丁美洲与加勒比,M5 战后与当代美学范式,G1 诗歌,QH5 权力、制度与秩序
黑夜有千只眼.md,R5,△,北美文学综合—具体内部传统待读后校准,provisional_region,T5 二战后多极文学 · 战后反文化、族裔文学与媒介繁荣,区域扩展阅读,T5 二战后多极文学,R5 北美文学,M3 现代主义与先锋派,G3 小说,QT1 推理与犯罪叙事
黑孩子.md,R5,△,非裔美国文学传统,author_model,T5 二战后多极文学 · 战后反文化、族裔文学与媒介繁荣,翻译与跨传统连接,T5 二战后多极文学,R7 非洲文学 | R5 北美文学,M3 现代主义与先锋派,G3 小说,QH2.5 童年与成长
黑孩子.md,R7,◆,西非法语文学传统,existing,T5 二战后多极文学 · 独立、去殖民化与国家文学建构,翻译与跨传统连接,T5 二战后多极文学,R7 非洲文学 | R5 北美文学,M3 现代主义与先锋派,G3 小说,QH2.5 童年与成长
黑暗中的旅程.md,R5,△,北美文学综合—具体内部传统待读后校准,provisional_region,T4 全球现代主义时代 · 现代主义、哈莱姆复兴与类型扩张,区域扩展阅读,T4 全球现代主义时代,R5 北美文学,M3 现代主义与先锋派,G3 小说,QH1 自我、存在与生命
黑暗塔I：枪侠.md,R5,△,北美文学综合—具体内部传统待读后校准,provisional_region,T6 当代全球文学 · 多元身份、数字媒介与全球传播,文类形成与区域典范,T6 当代全球文学,R5 北美文学,M5 战后与当代美学范式,G3 小说,QT3 奇幻 | QT8 英雄、边疆与法外者文化传统 | QT8.5 西部
黑暗森林.md,R2,△,东亚文学综合—具体内部传统待读后校准,provisional_region,T6 当代全球文学 · 都市经验、媒介转型与跨国传播,区域扩展阅读,T6 当代全球文学,R2 东亚文学,M5 战后与当代美学范式,G3 小说,QT2 科幻
黑暗的左手.md,R5,△,北美文学综合—具体内部传统待读后校准,provisional_region,T5 二战后多极文学 · 战后反文化、族裔文学与媒介繁荣,区域扩展阅读,T5 二战后多极文学,R5 北美文学,M5 战后与当代美学范式,G3 小说,QT2 科幻
黑暗的心.md,R4,△,欧洲文学综合—具体内部传统待读后校准,provisional_region,T4 全球现代主义时代 · 战争危机、现代主义与先锋实验,区域扩展阅读,T4 全球现代主义时代,R4 欧洲文学,M3.1 现代主义 / Modernism,G3 小说,QT5 冒险与探索叙事
黑暗的心.md,R10,◆,跨语言—自译与语言转换文学传统,existing,T4 全球现代主义时代 · 流亡、现代主义与国际文学网络,离散迁徙与跨区域连接,T4 全球现代主义时代,R4 欧洲文学,M3.1 现代主义 / Modernism,G3 小说,QT5 冒险与探索叙事
黑暗的速度.md,R5,△,北美文学综合—具体内部传统待读后校准,provisional_region,T6 当代全球文学 · 多元身份、数字媒介与全球传播,区域扩展阅读,T6 当代全球文学,R5 北美文学,M5 战后与当代美学范式,G3 小说,QH3 身份、身体与归属
黑杜德利庄园的罪恶.md,R4,△,欧洲文学综合—具体内部传统待读后校准,provisional_region,T4 全球现代主义时代 · 战争危机、现代主义与先锋实验,区域扩展阅读,T4 全球现代主义时代,R4 欧洲文学,M3 现代主义与先锋派,G3 小说,QT1 推理与犯罪叙事
黑樱桃蓝调.md,R5,△,北美文学综合—具体内部传统待读后校准,provisional_region,T6 当代全球文学 · 多元身份、数字媒介与全球传播,区域扩展阅读,T6 当代全球文学,R5 北美文学,M5 战后与当代美学范式,G3 小说,QH3 身份、身体与归属
黑海岸女王.md,R5,△,北美文学综合—具体内部传统待读后校准,provisional_region,T4 全球现代主义时代 · 现代主义、哈莱姆复兴与类型扩张,文类形成与区域典范,T4 全球现代主义时代,R5 北美文学,M3 现代主义与先锋派,G3 小说,QT3 奇幻
黑海盗.md,R4,△,欧洲文学综合—具体内部传统待读后校准,provisional_region,T4 全球现代主义时代 · 战争危机、现代主义与先锋实验,区域扩展阅读,T4 全球现代主义时代,R4 欧洲文学,M3 现代主义与先锋派,G3 小说,QT8 英雄、边疆与法外者文化传统 | QT8.4 欧洲剑客 | QT8.8 海盗
黑牢城.md,R2,△,东亚文学综合—具体内部传统待读后校准,provisional_region,T6 当代全球文学 · 都市经验、媒介转型与跨国传播,区域扩展阅读,T6 当代全球文学,R2 东亚文学,M5 战后与当代美学范式,G3 小说,QT1 推理与犯罪叙事
黑猫.md,R5,△,北美文学综合—具体内部传统待读后校准,provisional_region,T3 19世纪现代文学体系 · 国家文学、奴隶制回应与大众出版,区域扩展阅读,T3 19世纪现代文学体系,R5 北美文学,M2 19世纪文学思潮,G3 小说,QT4 恐怖与哥特
黑珍珠.md,R4,△,欧洲文学综合—具体内部传统待读后校准,provisional_region,T3 19世纪现代文学体系 · 浪漫主义、现实主义与民族文学体系,区域扩展阅读,T3 19世纪现代文学体系,R4 欧洲文学,M2 19世纪文学思潮 / 拉美 Modernismo | M2 19世纪文学思潮,G3 小说,QH4 社会、阶级与劳动
黑箭.md,R4,△,欧洲文学综合—具体内部传统待读后校准,provisional_region,T3 19世纪现代文学体系 · 浪漫主义、现实主义与民族文学体系,区域扩展阅读,T3 19世纪现代文学体系,R4 欧洲文学,M2 19世纪文学思潮,G3 小说,QT5 冒险与探索叙事 | QT8 英雄、边疆与法外者文化传统 | QT8.4 欧洲剑客 | QT8.8 海盗
黑羊.md,R4,△,欧洲文学综合—具体内部传统待读后校准,provisional_region,T5 二战后多极文学 · 战后重建、记忆政治与后现代转型,区域扩展阅读,T5 二战后多极文学,R4 欧洲文学,M3 现代主义与先锋派,G3 小说,QH2.1 爱情与欲望
黑色回声.md,R5,△,北美文学综合—具体内部传统待读后校准,provisional_region,T6 当代全球文学 · 多元身份、数字媒介与全球传播,区域扩展阅读,T6 当代全球文学,R5 北美文学,M5 战后与当代美学范式,G3 小说,QT1 推理与犯罪叙事
黑色大丽花.md,R5,△,北美文学综合—具体内部传统待读后校准,provisional_region,T6 当代全球文学 · 多元身份、数字媒介与全球传播,区域扩展阅读,T6 当代全球文学,R5 北美文学,M5 战后与当代美学范式,G3 小说,QT1 推理与犯罪叙事
黑色的使者.md,R6,△,安第斯文学传统,author_model,T6 当代全球文学 · 后独裁记忆、迁徙与跨国文学重组,区域扩展阅读,T6 当代全球文学,R6 拉丁美洲与加勒比,M5 战后与当代美学范式,G3 小说,QH5 权力、制度与秩序
黑色皮箱.md,R2,△,东亚文学综合—具体内部传统待读后校准,provisional_region,T5 二战后多极文学 · 战争革命、国家文学与社会重构,区域扩展阅读,T5 二战后多极文学,R2 东亚文学,M5 战后与当代美学范式,G3 小说,QT1 推理与犯罪叙事
黑莓.md,R5,△,北美文学综合—具体内部传统待读后校准,provisional_region,T4 全球现代主义时代 · 现代主义、哈莱姆复兴与类型扩张,区域扩展阅读,T4 全球现代主义时代,R5 北美文学,M4 集体文学运动与文化政治,G3 小说,QH5 权力、制度与秩序
黑衣新娘.md,R5,△,北美文学综合—具体内部传统待读后校准,provisional_region,T4 全球现代主义时代 · 现代主义、哈莱姆复兴与类型扩张,区域扩展阅读,T4 全球现代主义时代,R5 北美文学,M3 现代主义与先锋派,G3 小说,QT1 推理与犯罪叙事
黑豹，红狼.md,R5,△,北美文学综合—具体内部传统待读后校准,provisional_region,T6 当代全球文学 · 多元身份、数字媒介与全球传播,区域扩展阅读,T6 当代全球文学,R5 北美文学,M5 战后与当代美学范式,G3 小说,QT3 奇幻
黑雨.md,R2,△,东亚文学综合—具体内部传统待读后校准,provisional_region,T5 二战后多极文学 · 战争革命、国家文学与社会重构,区域扩展阅读,T5 二战后多极文学,R2 东亚文学,M5 战后与当代美学范式,G3 小说,QT7 历史叙事 | QH6 战争、暴力与创伤
鼠族.md,R10,★,犹太离散—意第绪与跨语文学传统,existing,T6 当代全球文学 · 全球迁徙、数字传播与跨语文学网络,离散迁徙与跨区域连接,T6 当代全球文学,R10 跨区域文学传统,M5 战后与当代美学范式,G3 小说,QT7 历史叙事 | QH6 战争、暴力与创伤 | QH7 历史、记忆与时间
鼠疫.md,R4,△,法语文学传统,author_model,T5 二战后多极文学 · 战后重建、记忆政治与后现代转型,区域扩展阅读,T5 二战后多极文学,R4 欧洲文学,M5 战后与当代美学范式 | M5.1 战后思想与美学范式,G3 小说,QH6 战争、暴力与创伤
齿轮.md,R2,△,东亚文学综合—具体内部传统待读后校准,provisional_region,T4 全球现代主义时代 · 殖民现代性、新文学与形式实验,区域扩展阅读,T4 全球现代主义时代,R2 东亚文学,M3.1 现代主义 / Modernism,G3 小说,QH5 权力、制度与秩序
龙族.md,R2,△,东亚文学综合—具体内部传统待读后校准,provisional_region,T6 当代全球文学 · 都市经验、媒介转型与跨国传播,文类形成与区域典范,T6 当代全球文学,R2 东亚文学,M5 战后与当代美学范式,G3 小说,QT3 奇幻 | QT8 英雄、边疆与法外者文化传统 | QH2.3 家庭与家族
龙牙.md,R5,△,北美文学综合—具体内部传统待读后校准,provisional_region,T4 全球现代主义时代 · 现代主义、哈莱姆复兴与类型扩张,区域扩展阅读,T4 全球现代主义时代,R5 北美文学,M3 现代主义与先锋派,G3 小说,QH1 自我、存在与生命
龙虎斗京华.md,R2,△,东亚文学综合—具体内部传统待读后校准,provisional_region,T4 全球现代主义时代 · 殖民现代性、新文学与形式实验,区域扩展阅读,T4 全球现代主义时代,R2 东亚文学,M3 现代主义与先锋派,G3 小说,QT8 英雄、边疆与法外者文化传统 | QT8.1 武侠
龙蛋.md,R5,△,北美文学综合—具体内部传统待读后校准,provisional_region,T6 当代全球文学 · 多元身份、数字媒介与全球传播,区域扩展阅读,T6 当代全球文学,R5 北美文学,M5 战后与当代美学范式,G3 小说,QT2 科幻
龙飞御天歌.md,R2,◆,朝鲜半岛文学传统,existing,T6 当代全球文学 · 都市经验、媒介转型与跨国传播,语言、书写与媒介转型,T6 当代全球文学,R2 东亚文学,M5 战后与当代美学范式,G3 小说,QH5 权力、制度与秩序
龙马行.md,R2,△,东亚文学综合—具体内部传统待读后校准,provisional_region,T5 二战后多极文学 · 战争革命、国家文学与社会重构,区域扩展阅读,T5 二战后多极文学,R2 东亚文学,M5 战后与当代美学范式,G3 小说,QT7 历史叙事 | QT8 英雄、边疆与法外者文化传统 | QT8.3 日本武士与剑豪
