file,title,author,year,current_t,current_axis_t,suggested_t_by_year,status,reason,verification_status,id
1914 and Other Poems.md,1914 and Other Poems,鲁珀特·布鲁克,,T4,T4 全球现代主义时代,,REVIEW,缺少可机器读取的 year；需要按成书/定稿/首次发表史人工核验,自动通过,WL-WORK-1931
1984.md,1984,乔治·奥威尔,,T5,T5 二战后多极文学,,REVIEW,缺少可机器读取的 year；需要按成书/定稿/首次发表史人工核验,自动通过,WL-WORK-0488
1988：我想和这个世界谈谈.md,1988：我想和这个世界谈谈,韩寒,,T6,T6 当代全球文学,,REVIEW,缺少可机器读取的 year；需要按成书/定稿/首次发表史人工核验,个人补录,WL-WORK-2667
1Q84.md,1Q84,村上春树,,T6,T6 当代全球文学,,REVIEW,缺少可机器读取的 year；需要按成书/定稿/首次发表史人工核验,个人补录,WL-WORK-2668
2001：太空漫游.md,2001：太空漫游,阿瑟·克拉克,,T5,T5 二战后多极文学,,REVIEW,缺少可机器读取的 year；需要按成书/定稿/首次发表史人工核验,自动通过,WL-WORK-0309
2312.md,2312,金·斯坦利·罗宾逊,,T6,T6 当代全球文学,,REVIEW,缺少可机器读取的 year；需要按成书/定稿/首次发表史人工核验,需复核,WL-WORK-2951
24个比利.md,24个比利,丹尼尔·凯斯,,T6,T6 当代全球文学,,REVIEW,缺少可机器读取的 year；需要按成书/定稿/首次发表史人工核验,个人补录,WL-WORK-2765
2666.md,2666,波拉尼奥,,T6,T6 当代全球文学,,REVIEW,缺少可机器读取的 year；需要按成书/定稿/首次发表史人工核验,自动通过,WL-WORK-1522
64.md,64,横山秀夫,,T6,T6 当代全球文学,,REVIEW,缺少可机器读取的 year；需要按成书/定稿/首次发表史人工核验,自动通过,WL-WORK-0174
82年生的金智英.md,82年生的金智英,赵南柱,,T6,T6 当代全球文学,,REVIEW,缺少可机器读取的 year；需要按成书/定稿/首次发表史人工核验,个人补录,WL-WORK-2669
A Boy's Own Story.md,A Boy's Own Story,埃德蒙·怀特,,T6,T6 当代全球文学,,REVIEW,缺少可机器读取的 year；需要按成书/定稿/首次发表史人工核验,自动通过,WL-WORK-0913
A Court of Thorns and Roses.md,A Court of Thorns and Roses,萨拉·J.马斯,,T6,T6 当代全球文学,,REVIEW,缺少可机器读取的 year；需要按成书/定稿/首次发表史人工核验,自动通过,WL-WORK-1933
A General History of the Pyrates.md,A General History of the Pyrates,查尔斯·约翰逊船长,,T2,T2 早期现代文学,,REVIEW,缺少可机器读取的 year；需要按成书/定稿/首次发表史人工核验,自动通过,WL-WORK-2152
A Lady's Life in the Rocky Mountains.md,A Lady's Life in the Rocky Mountains,伊莎贝拉·伯德,,T3,T3 19世纪现代文学体系,,REVIEW,缺少可机器读取的 year；需要按成书/定稿/首次发表史人工核验,自动通过,WL-WORK-1342
A Long Way Gone.md,A Long Way Gone,伊斯梅尔·比亚,,T6,T6 当代全球文学,,REVIEW,缺少可机器读取的 year；需要按成书/定稿/首次发表史人工核验,自动通过,WL-WORK-1935
A Man Called Horse.md,A Man Called Horse,多萝西·M.约翰逊,,T5,T5 二战后多极文学,,REVIEW,缺少可机器读取的 year；需要按成书/定稿/首次发表史人工核验,自动通过,WL-WORK-2156
A New Voyage Round the World.md,A New Voyage Round the World,威廉·丹皮尔,,T2,T2 早期现代文学,,REVIEW,缺少可机器读取的 year；需要按成书/定稿/首次发表史人工核验,自动通过,WL-WORK-0490
A Time of Gifts.md,A Time of Gifts,帕特里克·利·弗莫尔,,T5,T5 二战后多极文学,,REVIEW,缺少可机器读取的 year；需要按成书/定稿/首次发表史人工核验,自动通过,WL-WORK-1344
A Tour on the Prairies.md,A Tour on the Prairies,华盛顿·欧文,,T3,T3 19世纪现代文学体系,,REVIEW,缺少可机器读取的 year；需要按成书/定稿/首次发表史人工核验,自动通过,WL-WORK-2157
A Woman's Journey Round the World.md,A Woman's Journey Round the World,伊达·普费弗尔,,T3,T3 19世纪现代文学体系,,REVIEW,缺少可机器读取的 year；需要按成书/定稿/首次发表史人工核验,自动通过,WL-WORK-1345
ABC谋杀案.md,ABC谋杀案,阿加莎·克里斯蒂,,T4,T4 全球现代主义时代,,REVIEW,缺少可机器读取的 year；需要按成书/定稿/首次发表史人工核验,自动通过,WL-WORK-0025
Across the Black Waters.md,Across the Black Waters,穆尔克·拉吉·安纳德,,T4,T4 全球现代主义时代,,REVIEW,缺少可机器读取的 year；需要按成书/定稿/首次发表史人工核验,自动通过,WL-WORK-1938
All You Need Is Kill.md,All You Need Is Kill,樱坂洋,,T6,T6 当代全球文学,,REVIEW,缺少可机器读取的 year；需要按成书/定稿/首次发表史人工核验,自动通过,WL-WORK-0418
Allan Quatermain.md,Allan Quatermain,哈格德,,T3,T3 19世纪现代文学体系,,REVIEW,缺少可机器读取的 year；需要按成书/定稿/首次发表史人工核验,自动通过,WL-WORK-0492
Almanac of the Dead.md,Almanac of the Dead,莱斯利·马蒙·西尔科,,T6,T6 当代全球文学,,REVIEW,缺少可机器读取的 year；需要按成书/定稿/首次发表史人工核验,自动通过,WL-WORK-2159
America Is in the Heart.md,America Is in the Heart,卡洛斯·布洛桑,,T5,T5 二战后多极文学,,REVIEW,缺少可机器读取的 year；需要按成书/定稿/首次发表史人工核验,自动通过,WL-WORK-0914
Amsterdam.md,Amsterdam,伊恩·麦克尤恩,,T6,T6 当代全球文学,,REVIEW,缺少可机器读取的 year；需要按成书/定稿/首次发表史人工核验,需复核,WL-WORK-3059
An Area of Darkness.md,An Area of Darkness,V.S.奈保尔,,T5,T5 二战后多极文学,,REVIEW,缺少可机器读取的 year；需要按成书/定稿/首次发表史人工核验,自动通过,WL-WORK-1348
Angel Down.md,Angel Down,丹尼尔·克劳斯,,T6,T6 当代全球文学,,REVIEW,缺少可机器读取的 year；需要按成书/定稿/首次发表史人工核验,需复核,WL-WORK-3034
Aniceto el Gallo.md,Aniceto el Gallo,阿斯卡苏比,,T3,T3 19世纪现代文学体系,,REVIEW,缺少可机器读取的 year；需要按成书/定稿/首次发表史人工核验,自动通过,WL-WORK-2160
Anton Reiser.md,Anton Reiser,卡尔·菲利普·莫里茨,,T2,T2 早期现代文学,,REVIEW,缺少可机器读取的 year；需要按成书/定稿/首次发表史人工核验,自动通过,WL-WORK-0915
Anything for Billy.md,Anything for Billy,拉里·麦克默特里,,T6,T6 当代全球文学,,REVIEW,缺少可机器读取的 year；需要按成书/定稿/首次发表史人工核验,自动通过,WL-WORK-2161
Arabella.md,Arabella,乔吉特·海耶,,T5,T5 二战后多极文学,,REVIEW,缺少可机器读取的 year；需要按成书/定稿/首次发表史人工核验,自动通过,WL-WORK-1940
Arabian Sands.md,Arabian Sands,威尔弗雷德·塞西格,,T5,T5 二战后多极文学,,REVIEW,缺少可机器读取的 year；需要按成书/定稿/首次发表史人工核验,自动通过,WL-WORK-1349
Astoria.md,Astoria,华盛顿·欧文,,T3,T3 19世纪现代文学体系,,REVIEW,缺少可机器读取的 year；需要按成书/定稿/首次发表史人工核验,自动通过,WL-WORK-2163
"Astucia, el jefe de los Hermanos de la Hoja.md","Astucia, el jefe de los Hermanos de la Hoja",路易斯·G.因克兰,,T3,T3 19世纪现代文学体系,,REVIEW,缺少可机器读取的 year；需要按成书/定稿/首次发表史人工核验,自动通过,WL-WORK-2164
Audition.md,Audition,村上龙,,T6,T6 当代全球文学,,REVIEW,缺少可机器读取的 year；需要按成书/定稿/首次发表史人工核验,自动通过,WL-WORK-0493
A代表不在场证明.md,A代表不在场证明,苏·格拉夫顿,,T6,T6 当代全球文学,,REVIEW,缺少可机器读取的 year；需要按成书/定稿/首次发表史人工核验,自动通过,WL-WORK-0095
Bandits.md,Bandits,艾瑞克·霍布斯鲍姆,,T5,T5 二战后多极文学,,REVIEW,缺少可机器读取的 year；需要按成书/定稿/首次发表史人工核验,自动通过,WL-WORK-2165
Bardelys the Magnificent.md,Bardelys the Magnificent,拉斐尔·萨巴蒂尼,,T4,T4 全球现代主义时代,,REVIEW,缺少可机器读取的 year；需要按成书/定稿/首次发表史人工核验,自动通过,WL-WORK-2167
Battle-Pieces.md,Battle-Pieces,赫尔曼·麦尔维尔,,T3,T3 19世纪现代文学体系,,REVIEW,缺少可机器读取的 year；需要按成书/定稿/首次发表史人工核验,自动通过,WL-WORK-1943
Beach Read.md,Beach Read,埃米莉·亨利,,T6,T6 当代全球文学,,REVIEW,缺少可机器读取的 year；需要按成书/定稿/首次发表史人工核验,自动通过,WL-WORK-1944
Before the Fall.md,Before the Fall,诺亚·霍利,,T6,T6 当代全球文学,,REVIEW,缺少可机器读取的 year；需要按成书/定稿/首次发表史人工核验,需复核,WL-WORK-3143
Bellarion the Fortunate.md,Bellarion the Fortunate,拉斐尔·萨巴蒂尼,,T4,T4 全球现代主义时代,,REVIEW,缺少可机器读取的 year；需要按成书/定稿/首次发表史人工核验,自动通过,WL-WORK-2168
Benito Cereno.md,Benito Cereno,赫尔曼·麦尔维尔,,T3,T3 19世纪现代文学体系,,REVIEW,缺少可机器读取的 year；需要按成书/定稿/首次发表史人工核验,自动通过,WL-WORK-2169
Big Rock Candy Mountain.md,Big Rock Candy Mountain,华莱士·斯特格纳,,T4,T4 全球现代主义时代,,REVIEW,缺少可机器读取的 year；需要按成书/定稿/首次发表史人工核验,自动通过,WL-WORK-2171
Black Lamb and Grey Falcon.md,Black Lamb and Grey Falcon,丽贝卡·韦斯特,,T4,T4 全球现代主义时代,,REVIEW,缺少可机器读取的 year；需要按成书/定稿/首次发表史人工核验,自动通过,WL-WORK-1351
"Black Leopard, Red Wolf.md","Black Leopard, Red Wolf",马龙·詹姆斯,,T6,T6 当代全球文学,,REVIEW,缺少可机器读取的 year；需要按成书/定稿/首次发表史人工核验,自动通过,WL-WORK-2173
Blue Heaven.md,Blue Heaven,C.J.博克斯,,T6,T6 当代全球文学,,REVIEW,缺少可机器读取的 year；需要按成书/定稿/首次发表史人工核验,需复核,WL-WORK-3135
Bones.md,Bones,简·伯克,,T6,T6 当代全球文学,,REVIEW,缺少可机器读取的 year；需要按成书/定稿/首次发表史人工核验,需复核,WL-WORK-3126
Book Lovers.md,Book Lovers,埃米莉·亨利,,T6,T6 当代全球文学,,REVIEW,缺少可机器读取的 year；需要按成书/定稿/首次发表史人工核验,自动通过,WL-WORK-1949
Borderlands ／ La Frontera.md,Borderlands / La Frontera,格洛丽亚·安扎尔杜亚,,T6,T6 当代全球文学,,REVIEW,缺少可机器读取的 year；需要按成书/定稿/首次发表史人工核验,自动通过,WL-WORK-2175
Boyfriend Material.md,Boyfriend Material,亚历克西斯·霍尔,,T6,T6 当代全球文学,,REVIEW,缺少可机器读取的 year；需要按成书/定稿/首次发表史人工核验,自动通过,WL-WORK-1950
Buffalo Wagons.md,Buffalo Wagons,埃尔默·凯尔顿,,T5,T5 二战后多极文学,,REVIEW,缺少可机器读取的 year；需要按成书/定稿/首次发表史人工核验,自动通过,WL-WORK-2177
Bugles in the Afternoon.md,Bugles in the Afternoon,欧内斯特·海科克斯,,T4,T4 全球现代主义时代,,REVIEW,缺少可机器读取的 year；需要按成书/定稿/首次发表史人工核验,自动通过,WL-WORK-2178
California Girl.md,California Girl,T.杰斐逊·帕克,,T6,T6 当代全球文学,,REVIEW,缺少可机器读取的 year；需要按成书/定稿/首次发表史人工核验,需复核,WL-WORK-3131
Captain Singleton.md,Captain Singleton,丹尼尔·笛福,,T2,T2 早期现代文学,,REVIEW,缺少可机器读取的 year；需要按成书/定稿/首次发表史人工核验,自动通过,WL-WORK-2182
Ceremony.md,Ceremony,莱斯利·马蒙·西尔科,,T5,T5 二战后多极文学,,REVIEW,缺少可机器读取的 year；需要按成书/定稿/首次发表史人工核验,自动通过,WL-WORK-0918
Certain Dark Things.md,Certain Dark Things,西尔维娅·莫雷诺-加西亚,,T6,T6 当代全球文学,,REVIEW,缺少可机器读取的 year；需要按成书/定稿/首次发表史人工核验,自动通过,WL-WORK-0495
Cligès.md,Cligès,克雷蒂安·德·特鲁瓦,,T1,T1 中古多中心文学世界,,REVIEW,缺少可机器读取的 year；需要按成书/定稿/首次发表史人工核验,自动通过,WL-WORK-2185
Close Range.md,Close Range,安妮·普鲁,,T6,T6 当代全球文学,,REVIEW,缺少可机器读取的 year；需要按成书/定稿/首次发表史人工核验,自动通过,WL-WORK-2186
Cockfight.md,Cockfight,玛丽亚·费尔南达·安普埃罗,,T6,T6 当代全球文学,,REVIEW,缺少可机器读取的 year；需要按成书/定稿/首次发表史人工核验,自动通过,WL-WORK-0496
"Cogewea, the Half-Blood.md","Cogewea, the Half-Blood",哀鸽,,T4,T4 全球现代主义时代,,REVIEW,缺少可机器读取的 year；需要按成书/定稿/首次发表史人工核验,自动通过,WL-WORK-2188
Cogewea.md,Cogewea,哀鸽,,T4,T4 全球现代主义时代,,REVIEW,缺少可机器读取的 year；需要按成书/定稿/首次发表史人工核验,自动通过,WL-WORK-2187
Comanche Moon.md,Comanche Moon,拉里·麦克默特里,,T6,T6 当代全球文学,,REVIEW,缺少可机器读取的 year；需要按成书/定稿/首次发表史人工核验,自动通过,WL-WORK-2189
Cotillion.md,Cotillion,乔吉特·海耶,,T5,T5 二战后多极文学,,REVIEW,缺少可机器读取的 year；需要按成书/定稿/首次发表史人工核验,自动通过,WL-WORK-1951
"Crick Crack, Monkey.md","Crick Crack, Monkey",默尔·霍奇,,T5,T5 二战后多极文学,,REVIEW,缺少可机器读取的 year；需要按成书/定稿/首次发表史人工核验,自动通过,WL-WORK-1528
Cryptonomicon.md,Cryptonomicon,尼尔·斯蒂芬森,,T6,T6 当代全球文学,,REVIEW,缺少可机器读取的 year；需要按成书/定稿/首次发表史人工核验,自动通过,WL-WORK-0920
Cycle of the Werewolf.md,Cycle of the Werewolf,斯蒂芬·金,,T6,T6 当代全球文学,,REVIEW,缺少可机器读取的 year；需要按成书/定稿/首次发表史人工核验,自动通过,WL-WORK-0497
Darangen.md,Darangen,佚名,,T1,T1 中古多中心文学世界,,REVIEW,缺少可机器读取的 year；需要按成书/定稿/首次发表史人工核验,自动通过,WL-WORK-1352
Dark Lover.md,Dark Lover,J.R.沃德,,T6,T6 当代全球文学,,REVIEW,缺少可机器读取的 year；需要按成书/定稿/首次发表史人工核验,自动通过,WL-WORK-1952
Dead Man's Walk.md,Dead Man's Walk,拉里·麦克默特里,,T6,T6 当代全球文学,,REVIEW,缺少可机器读取的 year；需要按成书/定稿/首次发表史人工核验,自动通过,WL-WORK-2197
Desert Gold.md,Desert Gold,赞恩·格雷,,T4,T4 全球现代主义时代,,REVIEW,缺少可机器读取的 year；需要按成书/定稿/首次发表史人工核验,自动通过,WL-WORK-2198
Destination Biafra.md,Destination Biafra,布奇·埃梅切塔,,T6,T6 当代全球文学,,REVIEW,缺少可机器读取的 year；需要按成书/定稿/首次发表史人工核验,自动通过,WL-WORK-1954
Down River.md,Down River,约翰·哈特,,T6,T6 当代全球文学,,REVIEW,缺少可机器读取的 year；需要按成书/定稿/首次发表史人工核验,需复核,WL-WORK-3134
Dragon Raja.md,Dragon Raja,李英道,,T6,T6 当代全球文学,,REVIEW,缺少可机器读取的 year；需要按成书/定稿/首次发表史人工核验,自动通过,WL-WORK-0498
Drum-Taps.md,Drum-Taps,沃尔特·惠特曼,,T3,T3 19世纪现代文学体系,,REVIEW,缺少可机器读取的 year；需要按成书/定稿/首次发表史人工核验,自动通过,WL-WORK-1957
D坂杀人事件.md,D坂杀人事件,江户川乱步,,T4,T4 全球现代主义时代,,REVIEW,缺少可机器读取的 year；需要按成书/定稿/首次发表史人工核验,自动通过,WL-WORK-0147
El escritor argentino y la tradición.md,El escritor argentino y la tradición,博尔赫斯,,T5,T5 二战后多极文学,,REVIEW,缺少可机器读取的 year；需要按成书/定稿/首次发表史人工核验,自动通过,WL-WORK-2203
El gaucho Martín Fierro.md,El gaucho Martín Fierro,何塞·埃尔南德斯,,T3,T3 19世纪现代文学体系,,REVIEW,缺少可机器读取的 year；需要按成书/定稿/首次发表史人工核验,自动通过,WL-WORK-2205
El muerto.md,El muerto,博尔赫斯,,T5,T5 二战后多极文学,,REVIEW,缺少可机器读取的 year；需要按成书/定稿/首次发表史人工核验,自动通过,WL-WORK-2210
"Ema, la cautiva.md","Ema, la cautiva",塞萨尔·艾拉,,T6,T6 当代全球文学,,REVIEW,缺少可机器读取的 year；需要按成书/定稿/首次发表史人工核验,自动通过,WL-WORK-2216
Enemy of God.md,Enemy of God,伯纳德·康威尔,,T6,T6 当代全球文学,,REVIEW,缺少可机器读取的 year；需要按成书/定稿/首次发表史人工核验,自动通过,WL-WORK-2217
Erec et Enide.md,Erec et Enide,克雷蒂安·德·特鲁瓦,,T1,T1 中古多中心文学世界,,REVIEW,缺少可机器读取的 year；需要按成书/定稿/首次发表史人工核验,自动通过,WL-WORK-2219
Excalibur.md,Excalibur,伯纳德·康威尔,,T6,T6 当代全球文学,,REVIEW,缺少可机器读取的 year；需要按成书/定稿/首次发表史人工核验,自动通过,WL-WORK-2222
Exquisite Corpse.md,Exquisite Corpse,波比·Z.布赖特,,T6,T6 当代全球文学,,REVIEW,缺少可机器读取的 year；需要按成书/定稿/首次发表史人工核验,自动通过,WL-WORK-0500
Facundo／ Civilization and Barbarism.md,Facundo: Civilization and Barbarism,萨米恩托,,T3,T3 19世纪现代文学体系,,REVIEW,缺少可机器读取的 year；需要按成书/定稿/首次发表史人工核验,自动通过,WL-WORK-2224
Feed.md,Feed,M.T.安德森,,T6,T6 当代全球文学,,REVIEW,缺少可机器读取的 year；需要按成书/定稿/首次发表史人工核验,自动通过,WL-WORK-0925
Flags on the Bayou.md,Flags on the Bayou,詹姆斯·李·伯克,,T6,T6 当代全球文学,,REVIEW,缺少可机器读取的 year；需要按成书/定稿/首次发表史人工核验,需复核,WL-WORK-3150
Flesh.md,Flesh,戴维·萨莱,,T6,T6 当代全球文学,,REVIEW,缺少可机器读取的 year；需要按成书/定稿/首次发表史人工核验,需复核,WL-WORK-3082
Flint.md,Flint,路易斯·拉穆尔,,T5,T5 二战后多极文学,,REVIEW,缺少可机器读取的 year；需要按成书/定稿/首次发表史人工核验,自动通过,WL-WORK-2228
Fools Crow.md,Fools Crow,詹姆斯·韦尔奇,,T6,T6 当代全球文学,,REVIEW,缺少可机器读取的 year；需要按成书/定稿/首次发表史人工核验,自动通过,WL-WORK-0926
Forfeit.md,Forfeit,迪克·弗朗西斯,,T5,T5 二战后多极文学,,REVIEW,缺少可机器读取的 year；需要按成书/定稿/首次发表史人工核验,需复核,WL-WORK-3097
Fortune's Fool.md,Fortune's Fool,拉斐尔·萨巴蒂尼,,T4,T4 全球现代主义时代,,REVIEW,缺少可机器读取的 year；需要按成书/定稿/首次发表史人工核验,自动通过,WL-WORK-2229
Fourth Wing.md,Fourth Wing,丽贝卡·亚罗斯,,T6,T6 当代全球文学,,REVIEW,缺少可机器读取的 year；需要按成书/定稿/首次发表史人工核验,自动通过,WL-WORK-1959
Frenchman's Creek.md,Frenchman's Creek,达芙妮·杜穆里埃,,T4,T4 全球现代主义时代,,REVIEW,缺少可机器读取的 year；需要按成书/定稿/首次发表史人工核验,自动通过,WL-WORK-2230
G.H.受难记.md,G.H.受难记,克拉丽丝·利斯佩克托,,T5,T5 二战后多极文学,,REVIEW,缺少可机器读取的 year；需要按成书/定稿/首次发表史人工核验,自动通过,WL-WORK-1529
G.（伯杰）.md,G.,约翰·伯杰,,T5,T5 二战后多极文学,,REVIEW,缺少可机器读取的 year；需要按成书/定稿/首次发表史人工核验,需复核,WL-WORK-3038
Girls at War.md,Girls at War,钦努阿·阿契贝,,T5,T5 二战后多极文学,,REVIEW,缺少可机器读取的 year；需要按成书/定稿/首次发表史人工核验,自动通过,WL-WORK-1962
God's Country.md,God's Country,珀西瓦尔·埃弗里特,,T6,T6 当代全球文学,,REVIEW,缺少可机器读取的 year；需要按成书/定稿/首次发表史人工核验,自动通过,WL-WORK-2234
Gone.md,Gone,莫·海德,,T6,T6 当代全球文学,,REVIEW,缺少可机器读取的 year；需要按成书/定稿/首次发表史人工核验,需复核,WL-WORK-3138
Grande Sertão／ Veredas.md,Grande Sertão: Veredas,吉马朗埃斯·罗萨,,T5,T5 二战后多极文学,,REVIEW,缺少可机器读取的 year；需要按成书/定稿/首次发表史人工核验,自动通过,WL-WORK-2235
Harvest Home.md,Harvest Home,托马斯·特赖恩,,T2,T2 早期现代文学,,REVIEW,缺少可机器读取的 year；需要按成书/定稿/首次发表史人工核验,自动通过,WL-WORK-0502
Her Privates We.md,Her Privates We,弗雷德里克·曼宁,,T4,T4 全球现代主义时代,,REVIEW,缺少可机器读取的 year；需要按成书/定稿/首次发表史人工核验,自动通过,WL-WORK-1964
Holiday.md,Holiday,斯坦利·米德尔顿,,T5,T5 二战后多极文学,,REVIEW,缺少可机器读取的 year；需要按成书/定稿/首次发表史人工核验,需复核,WL-WORK-3041
Hombre de la esquina rosada.md,Hombre de la esquina rosada,博尔赫斯,,T4,T4 全球现代主义时代,,REVIEW,缺少可机器读取的 year；需要按成书/定稿/首次发表史人工核验,自动通过,WL-WORK-2238
Hondo.md,Hondo,路易斯·拉穆尔,,T5,T5 二战后多极文学,,REVIEW,缺少可机器读取的 year；需要按成书/定稿/首次发表史人工核验,自动通过,WL-WORK-2239
Hopscotch.md,Hopscotch,布赖恩·加菲尔德,,T5,T5 二战后多极文学,,REVIEW,缺少可机器读取的 year；需要按成书/定稿/首次发表史人工核验,需复核,WL-WORK-3102
Hormiga Negra.md,Hormiga Negra,爱德华多·古铁雷斯,,T3,T3 19世纪现代文学体系,,REVIEW,缺少可机器读取的 year；需要按成书/定稿/首次发表史人工核验,自动通过,WL-WORK-2241
"Horseman, Pass By.md","Horseman, Pass By",拉里·麦克默特里,,T5,T5 二战后多极文学,,REVIEW,缺少可机器读取的 year；需要按成书/定稿/首次发表史人工核验,自动通过,WL-WORK-2242
How Much of These Hills Is Gold.md,How Much of These Hills Is Gold,张沧畔,,T6,T6 当代全球文学,,REVIEW,缺少可机器读取的 year；需要按成书/定稿/首次发表史人工核验,自动通过,WL-WORK-2244
How the Soldier Repairs the Gramophone.md,How the Soldier Repairs the Gramophone,萨沙·斯塔尼希奇,,T6,T6 当代全球文学,,REVIEW,缺少可机器读取的 year；需要按成书/定稿/首次发表史人工核验,自动通过,WL-WORK-1965
Human Sacrifices.md,Human Sacrifices,玛丽亚·费尔南达·安普埃罗,,T6,T6 当代全球文学,,REVIEW,缺少可机器读取的 year；需要按成书/定稿/首次发表史人工核验,自动通过,WL-WORK-0503
Imperium.md,Imperium,罗伯特·哈里斯,,T6,T6 当代全球文学,,REVIEW,缺少可机器读取的 year；需要按成书/定稿/首次发表史人工核验,自动通过,WL-WORK-0929
In an Antique Land.md,In an Antique Land,阿米塔夫·高希,,T6,T6 当代全球文学,,REVIEW,缺少可机器读取的 year；需要按成书/定稿/首次发表史人工核验,自动通过,WL-WORK-1355
In Patagonia.md,In Patagonia,布鲁斯·查特文,,T5,T5 二战后多极文学,,REVIEW,缺少可机器读取的 year；需要按成书/定稿/首次发表史人工核验,自动通过,WL-WORK-1356
In the Castle of My Skin.md,In the Castle of My Skin,乔治·拉明,,T5,T5 二战后多极文学,,REVIEW,缺少可机器读取的 year；需要按成书/定稿/首次发表史人工核验,自动通过,WL-WORK-0930
In the Distance.md,In the Distance,埃尔南·迪亚斯,,T6,T6 当代全球文学,,REVIEW,缺少可机器读取的 year；需要按成书/定稿/首次发表史人工核验,自动通过,WL-WORK-2247
In the Miso Soup.md,In the Miso Soup,村上龙,,T6,T6 当代全球文学,,REVIEW,缺少可机器读取的 year；需要按成书/定稿/首次发表史人工核验,自动通过,WL-WORK-0504
India／ A Wounded Civilization.md,India: A Wounded Civilization,V.S.奈保尔,,T5,T5 二战后多极文学,,REVIEW,缺少可机器读取的 year；需要按成书/定稿/首次发表史人工核验,自动通过,WL-WORK-1357
Indulekha.md,Indulekha,O·钱杜·梅农,,T3,T3 19世纪现代文学体系,,REVIEW,缺少可机器读取的 year；需要按成书/定稿/首次发表史人工核验,手工核验,WL-WORK-T3-INDULEKHA
invert 城塚翡翠倒叙集.md,invert 城塚翡翠倒叙集,相泽沙呼,,T6,T6 当代全球文学,,REVIEW,缺少可机器读取的 year；需要按成书/定稿/首次发表史人工核验,自动通过,WL-WORK-0209
It Had to Be You.md,It Had to Be You,诺拉·罗伯茨,,T6,T6 当代全球文学,,REVIEW,缺少可机器读取的 year；需要按成书/定稿/首次发表史人工核验,自动通过,WL-WORK-1970
J. Alfred Prufrock的情歌.md,J. Alfred Prufrock的情歌,T.S.艾略特,,T4,T4 全球现代主义时代,,REVIEW,缺少可机器读取的 year；需要按成书/定稿/首次发表史人工核验,自动通过,WL-WORK-1533
James.md,James,珀西瓦尔·埃弗里特,,T6,T6 当代全球文学,,REVIEW,缺少可机器读取的 year；需要按成书/定稿/首次发表史人工核验,需复核,WL-WORK-3033
Jawbone.md,Jawbone,莫妮卡·奥赫达,,T6,T6 当代全球文学,,REVIEW,缺少可机器读取的 year；需要按成书/定稿/首次发表史人工核验,自动通过,WL-WORK-0505
Jennifer Government.md,Jennifer Government,马克斯·巴里,,T6,T6 当代全球文学,,REVIEW,缺少可机器读取的 year；需要按成书/定稿/首次发表史人工核验,自动通过,WL-WORK-0931
Johnnie Armstrong.md,Johnnie Armstrong,沃尔特·司各特,,T3,T3 19世纪现代文学体系,,REVIEW,缺少可机器读取的 year；需要按成书/定稿/首次发表史人工核验,自动通过,WL-WORK-2252
Juan Cuello.md,Juan Cuello,爱德华多·古铁雷斯,,T3,T3 19世纪现代文学体系,,REVIEW,缺少可机器读取的 year；需要按成书/定稿/首次发表史人工核验,自动通过,WL-WORK-2254
Just Like Home.md,Just Like Home,萨拉·盖利,,T6,T6 当代全球文学,,REVIEW,缺少可机器读取的 year；需要按成书/定稿/首次发表史人工核验,自动通过,WL-WORK-0506
Kinmont Willie.md,Kinmont Willie,沃尔特·司各特,,T3,T3 19世纪现代文学体系,,REVIEW,缺少可机器读取的 year；需要按成书/定稿/首次发表史人工核验,自动通过,WL-WORK-2257
Kumulipo.md,Kumulipo,佚名,,T2,T2 早期现代文学,,REVIEW,缺少可机器读取的 year；需要按成书/定稿/首次发表史人工核验,自动通过,WL-WORK-1358
La liebre.md,La liebre,塞萨尔·艾拉,,T6,T6 当代全球文学,,REVIEW,缺少可机器读取的 year；需要按成书/定稿/首次发表史人工核验,自动通过,WL-WORK-2260
La noche de los dones.md,La noche de los dones,博尔赫斯,,T5,T5 二战后多极文学,,REVIEW,缺少可机器读取的 year；需要按成书/定稿/首次发表史人工核验,自动通过,WL-WORK-2261
La poesía gauchesca.md,La poesía gauchesca,博尔赫斯,,T4,T4 全球现代主义时代,,REVIEW,缺少可机器读取的 year；需要按成书/定稿/首次发表史人工核验,自动通过,WL-WORK-2262
La vuelta de Martín Fierro.md,La vuelta de Martín Fierro,何塞·埃尔南德斯,,T3,T3 19世纪现代文学体系,,REVIEW,缺少可机器读取的 year；需要按成书/定稿/首次发表史人工核验,自动通过,WL-WORK-2263
"Lancelot, the Knight of the Cart.md","Lancelot, the Knight of the Cart",克雷蒂安·德·特鲁瓦,,T1,T1 中古多中心文学世界,,REVIEW,缺少可机器读取的 year；需要按成书/定稿/首次发表史人工核验,自动通过,WL-WORK-2266
Lancelot.md,Lancelot,克雷蒂安·德·特鲁瓦,,T1,T1 中古多中心文学世界,,REVIEW,缺少可机器读取的 year；需要按成书/定稿/首次发表史人工核验,自动通过,WL-WORK-2264
Last of the Breed.md,Last of the Breed,路易斯·拉穆尔,,T6,T6 当代全球文学,,REVIEW,缺少可机器读取的 year；需要按成书/定稿/首次发表史人工核验,自动通过,WL-WORK-2268
Leaving Cheyenne.md,Leaving Cheyenne,拉里·麦克默特里,,T5,T5 二战后多极文学,,REVIEW,缺少可机器读取的 year；需要按成书/定稿/首次发表史人工核验,自动通过,WL-WORK-2270
Legion.md,Legion,威廉·彼得·布拉蒂,,T6,T6 当代全球文学,,REVIEW,缺少可机器读取的 year；需要按成书/定稿/首次发表史人工核验,自动通过,WL-WORK-0507
Less.md,Less,安德鲁·肖恩·格里尔,,T6,T6 当代全球文学,,REVIEW,缺少可机器读取的 year；需要按成书/定稿/首次发表史人工核验,需复核,WL-WORK-3026
"Letters Written during a Short Residence in Sweden, Norway, and Denmark.md","Letters Written during a Short Residence in Sweden, Norway, and Denmark",玛丽·沃斯通克拉夫特,,T2,T2 早期现代文学,,REVIEW,缺少可机器读取的 year；需要按成书/定稿/首次发表史人工核验,自动通过,WL-WORK-1360
Little Brother.md,Little Brother,科里·多克托罗,,T6,T6 当代全球文学,,REVIEW,缺少可机器读取的 year；需要按成书/定稿/首次发表史人工核验,自动通过,WL-WORK-0935
Live by Night.md,Live by Night,丹尼斯·勒翰,,T6,T6 当代全球文学,,REVIEW,缺少可机器读取的 year；需要按成书/定稿/首次发表史人工核验,需复核,WL-WORK-3139
Lone Women.md,Lone Women,维克多·拉瓦勒,,T6,T6 当代全球文学,,REVIEW,缺少可机器读取的 year；需要按成书/定稿/首次发表史人工核验,自动通过,WL-WORK-2274
Looking for Transwonderland／ Travels in Nigeria.md,Looking for Transwonderland: Travels in Nigeria,努·萨罗-维瓦,,T6,T6 当代全球文学,,REVIEW,缺少可机器读取的 year；需要按成书/定稿/首次发表史人工核验,自动通过,WL-WORK-1361
Masterman Ready.md,Masterman Ready,弗雷德里克·马里亚特,,T3,T3 19世纪现代文学体系,,REVIEW,缺少可机器读取的 year；需要按成书/定稿/首次发表史人工核验,自动通过,WL-WORK-0510
medium 灵媒侦探城塚翡翠.md,medium 灵媒侦探城塚翡翠,相泽沙呼,,T6,T6 当代全球文学,,REVIEW,缺少可机器读取的 year；需要按成书/定稿/首次发表史人工核验,自动通过,WL-WORK-0208
Men of Iron.md,Men of Iron,霍华德·派尔,,T4,T4 全球现代主义时代,,REVIEW,缺少可机器读取的 year；需要按成书/定稿/首次发表史人工核验,自动通过,WL-WORK-2281
Micah Clarke.md,Micah Clarke,柯南·道尔,,T3,T3 19世纪现代文学体系,,REVIEW,缺少可机器读取的 year；需要按成书/定稿/首次发表史人工核验,自动通过,WL-WORK-2283
Milkman.md,Milkman,安娜·伯恩斯,,T6,T6 当代全球文学,,REVIEW,缺少可机器读取的 year；需要按成书/定稿/首次发表史人工核验,需复核,WL-WORK-3074
Missionary Travels and Researches in South Africa.md,Missionary Travels and Researches in South Africa,戴维·利文斯通,,T3,T3 19世纪现代文学体系,,REVIEW,缺少可机器读取的 year；需要按成书/定稿/首次发表史人工核验,自动通过,WL-WORK-1362
Moll Flanders.md,Moll Flanders,丹尼尔·笛福,,T2,T2 早期现代文学,,REVIEW,缺少可机器读取的 year；需要按成书/定稿/首次发表史人工核验,自动通过,WL-WORK-2285
Mongrels.md,Mongrels,斯蒂芬·格雷厄姆·琼斯,,T6,T6 当代全球文学,,REVIEW,缺少可机器读取的 year；需要按成书/定稿/首次发表史人工核验,自动通过,WL-WORK-0511
Monte Walsh.md,Monte Walsh,杰克·谢弗,,T5,T5 二战后多极文学,,REVIEW,缺少可机器读取的 year；需要按成书/定稿/首次发表史人工核验,自动通过,WL-WORK-2286
More Ghost Stories.md,More Ghost Stories,M.R.詹姆斯,,T4,T4 全球现代主义时代,,REVIEW,缺少可机器读取的 year；需要按成书/定稿/首次发表史人工核验,自动通过,WL-WORK-0512
Morgante.md,Morgante,路易吉·普尔奇,,T1,T1 中古多中心文学世界,,REVIEW,缺少可机器读取的 year；需要按成书/定稿/首次发表史人工核验,自动通过,WL-WORK-2287
Moxyland.md,Moxyland,劳伦·博克斯,,T6,T6 当代全球文学,,REVIEW,缺少可机器读取的 year；需要按成书/定稿/首次发表史人工核验,自动通过,WL-WORK-0398
My Soul to Keep.md,My Soul to Keep,塔纳纳里夫·杜,,T6,T6 当代全球文学,,REVIEW,缺少可机器读取的 year；需要按成书/定稿/首次发表史人工核验,自动通过,WL-WORK-0514
Naufragios.md,Naufragios,卡贝萨·德·巴卡,,T2,T2 早期现代文学,,REVIEW,缺少可机器读取的 year；需要按成书/定稿/首次发表史人工核验,自动通过,WL-WORK-0515
Nexus.md,Nexus,拉梅兹·纳姆,,T6,T6 当代全球文学,,REVIEW,缺少可机器读取的 year；需要按成书/定稿/首次发表史人工核验,自动通过,WL-WORK-0399
Night Watch.md,Night Watch,杰恩·安妮·菲利普斯,,T6,T6 当代全球文学,,REVIEW,缺少可机器读取的 year；需要按成书/定稿/首次发表史人工核验,需复核,WL-WORK-3032
Nine Coaches Waiting.md,Nine Coaches Waiting,玛丽·斯图尔特,,T5,T5 二战后多极文学,,REVIEW,缺少可机器读取的 year；需要按成书/定稿/首次发表史人工核验,自动通过,WL-WORK-1975
O Cabeleira.md,O Cabeleira,富兰克林·塔沃拉,,T3,T3 19世纪现代文学体系,,REVIEW,缺少可机器读取的 year；需要按成书/定稿/首次发表史人工核验,自动通过,WL-WORK-2291
O Gaúcho.md,O Gaúcho,若泽·德·阿伦卡尔,,T3,T3 19世纪现代文学体系,,REVIEW,缺少可机器读取的 year；需要按成书/定稿/首次发表史人工核验,自动通过,WL-WORK-2292
Offshore.md,Offshore,佩内洛普·菲茨杰拉德,,T5,T5 二战后多极文学,,REVIEW,缺少可机器读取的 year；需要按成书/定稿/首次发表史人工核验,需复核,WL-WORK-3046
Old Bones.md,Old Bones,亚伦·埃尔金斯,,T6,T6 当代全球文学,,REVIEW,缺少可机器读取的 year；需要按成书/定稿/首次发表史人工核验,需复核,WL-WORK-3114
Open Season.md,Open Season,C.J.博克斯,,T6,T6 当代全球文学,,REVIEW,缺少可机器读取的 year；需要按成书/定稿/首次发表史人工核验,自动通过,WL-WORK-2295
Orbital.md,Orbital,萨曼莎·哈维,,T6,T6 当代全球文学,,REVIEW,缺少可机器读取的 year；需要按成书/定稿/首次发表史人工核验,需复核,WL-WORK-3081
OUT.md,OUT,桐野夏生,,T6,T6 当代全球文学,,REVIEW,缺少可机器读取的 year；需要按成书/定稿/首次发表史人工核验,自动通过,WL-WORK-0172
People of the Book.md,People of the Book,杰拉尔丁·布鲁克斯,,T6,T6 当代全球文学,,REVIEW,缺少可机器读取的 year；需要按成书/定稿/首次发表史人工核验,自动通过,WL-WORK-0938
"Perceval, the Story of the Grail.md","Perceval, the Story of the Grail",克雷蒂安·德·特鲁瓦,,T1,T1 中古多中心文学世界,,REVIEW,缺少可机器读取的 year；需要按成书/定稿/首次发表史人工核验,自动通过,WL-WORK-2304
Perceval.md,Perceval,克雷蒂安·德·特鲁瓦,,T1,T1 中古多中心文学世界,,REVIEW,缺少可机器读取的 year；需要按成书/定稿/首次发表史人工核验,自动通过,WL-WORK-2303
Peregrine.md,Peregrine,威廉·拜尔,,T6,T6 当代全球文学,,REVIEW,缺少可机器读取的 year；需要按成书/定稿/首次发表史人工核验,需复核,WL-WORK-3108
Peter Pan.md,Peter Pan,J.M.巴里,,T4,T4 全球现代主义时代,,REVIEW,缺少可机器读取的 year；需要按成书/定稿/首次发表史人工核验,自动通过,WL-WORK-2307
Pictures from Italy.md,Pictures from Italy,查尔斯·狄更斯,,T3,T3 19世纪现代文学体系,,REVIEW,缺少可机器读取的 year；需要按成书/定稿/首次发表史人工核验,自动通过,WL-WORK-1366
Pirate Freedom.md,Pirate Freedom,吉恩·沃尔夫,,T6,T6 当代全球文学,,REVIEW,缺少可机器读取的 year；需要按成书/定稿/首次发表史人工核验,自动通过,WL-WORK-2308
Primitive Rebels.md,Primitive Rebels,艾瑞克·霍布斯鲍姆,,T5,T5 二战后多极文学,,REVIEW,缺少可机器读取的 year；需要按成书/定稿/首次发表史人工核验,自动通过,WL-WORK-2309
Promised Land.md,Promised Land,罗伯特·B·帕克,,T5,T5 二战后多极文学,,REVIEW,缺少可机器读取的 year；需要按成书/定稿/首次发表史人工核验,需复核,WL-WORK-3103
QualityLand.md,QualityLand,马克-乌韦·克林,,T6,T6 当代全球文学,,REVIEW,缺少可机器读取的 year；需要按成书/定稿/首次发表史人工核验,自动通过,WL-WORK-0939
R.U.R.md,R.U.R.,卡雷尔·恰佩克,,T4,T4 全球现代主义时代,,REVIEW,缺少可机器读取的 year；需要按成书/定稿/首次发表史人工核验,自动通过,WL-WORK-0281
Reservation Blues.md,Reservation Blues,谢尔曼·阿莱克西,,T6,T6 当代全球文学,,REVIEW,缺少可机器读取的 year；需要按成书/定稿/首次发表史人工核验,自动通过,WL-WORK-2315
Ride the River.md,Ride the River,路易斯·拉穆尔,,T6,T6 当代全球文学,,REVIEW,缺少可机器读取的 year；需要按成书/定稿/首次发表史人工核验,自动通过,WL-WORK-2316
Ring Shout.md,Ring Shout,P.杰利·克拉克,,T6,T6 当代全球文学,,REVIEW,缺少可机器读取的 year；需要按成书/定稿/首次发表史人工核验,自动通过,WL-WORK-0516
Roman de Brut.md,Roman de Brut,瓦斯,,T1,T1 中古多中心文学世界,,REVIEW,缺少可机器读取的 year；需要按成书/定稿/首次发表史人工核验,自动通过,WL-WORK-2330
Room to Swing.md,Room to Swing,埃德·莱西,,T5,T5 二战后多极文学,,REVIEW,缺少可机器读取的 year；需要按成书/定稿/首次发表史人工核验,需复核,WL-WORK-3086
Russian Folk Belief.md,Russian Folk Belief,琳达·伊万尼茨,,T6,T6 当代全球文学,,REVIEW,缺少可机器读取的 year；需要按成书/定稿/首次发表史人工核验,自动通过,WL-WORK-1369
Sabu.md,Sabu,山本周五郎,,T5,T5 二战后多极文学,,REVIEW,缺少可机器读取的 year；需要按成书/定稿/首次发表史人工核验,自动通过,WL-WORK-2334
Safarnama ／ 旅行记.md,Safarnama / 旅行记,纳赛尔·霍斯陆,,T1,T1 中古多中心文学世界,,REVIEW,缺少可机器读取的 year；需要按成书/定稿/首次发表史人工核验,自动通过,WL-WORK-1370
Saint Martin's Summer.md,Saint Martin's Summer,拉斐尔·萨巴蒂尼,,T4,T4 全球现代主义时代,,REVIEW,缺少可机器读取的 year；需要按成书/定稿/首次发表史人工核验,自动通过,WL-WORK-2335
Sarajevo Marlboro.md,Sarajevo Marlboro,米连科·耶尔戈维奇,,T6,T6 当代全球文学,,REVIEW,缺少可机器读取的 year；需要按成书/定稿/首次发表史人工核验,自动通过,WL-WORK-1980
Shards of Honor.md,Shards of Honor,洛伊斯·麦克马斯特·比约德,,T6,T6 当代全球文学,,REVIEW,缺少可机器读取的 year；需要按成书/定稿/首次发表史人工核验,自动通过,WL-WORK-1981
Sharpe's Eagle.md,Sharpe's Eagle,伯纳德·康威尔,,T6,T6 当代全球文学,,REVIEW,缺少可机器读取的 year；需要按成书/定稿/首次发表史人工核验,自动通过,WL-WORK-0943
Silent Joe.md,Silent Joe,T.杰斐逊·帕克,,T6,T6 当代全球文学,,REVIEW,缺少可机器读取的 year；需要按成书/定稿/首次发表史人工核验,需复核,WL-WORK-3128
Slave to Sensation.md,Slave to Sensation,纳莉妮·辛格,,T6,T6 当代全球文学,,REVIEW,缺少可机器读取的 year；需要按成书/定稿/首次发表史人工核验,自动通过,WL-WORK-1982
Smoky the Cowhorse.md,Smoky the Cowhorse,威尔·詹姆斯,,T4,T4 全球现代主义时代,,REVIEW,缺少可机器读取的 year；需要按成书/定稿/首次发表史人工核验,自动通过,WL-WORK-2344
Streets of Laredo.md,Streets of Laredo,拉里·麦克默特里,,T6,T6 当代全球文学,,REVIEW,缺少可机器读取的 year；需要按成书/定稿/首次发表史人工核验,自动通过,WL-WORK-2347
Tamas.md,Tamas,比沙姆·萨赫尼,,T5,T5 二战后多极文学,,REVIEW,缺少可机器读取的 year；需要按成书/定稿/首次发表史人工核验,自动通过,WL-WORK-0944
Territory.md,Territory,艾玛·布尔,,T6,T6 当代全球文学,,REVIEW,缺少可机器读取的 year；需要按成书/定稿/首次发表史人工核验,自动通过,WL-WORK-2352
That Old Ace in the Hole.md,That Old Ace in the Hole,安妮·普鲁,,T6,T6 当代全球文学,,REVIEW,缺少可机器读取的 year；需要按成书/定稿/首次发表史人工核验,自动通过,WL-WORK-2353
The Absolutely True Diary of a Part-Time Indian.md,The Absolutely True Diary of a Part-Time Indian,谢尔曼·阿莱克西,,T6,T6 当代全球文学,,REVIEW,缺少可机器读取的 year；需要按成书/定稿/首次发表史人工核验,自动通过,WL-WORK-0946
The Acts of King Arthur and His Noble Knights.md,The Acts of King Arthur and His Noble Knights,约翰·斯坦贝克,,T5,T5 二战后多极文学,,REVIEW,缺少可机器读取的 year；需要按成书/定稿/首次发表史人工核验,自动通过,WL-WORK-2354
The Adventures of Col. Daniel Boone.md,The Adventures of Col. Daniel Boone,约翰·菲尔森,,T2,T2 早期现代文学,,REVIEW,缺少可机器读取的 year；需要按成书/定稿/首次发表史人工核验,自动通过,WL-WORK-2355
The Adventures of Gerard.md,The Adventures of Gerard,柯南·道尔,,T4,T4 全球现代主义时代,,REVIEW,缺少可机器读取的 year；需要按成书/定稿/首次发表史人工核验,自动通过,WL-WORK-2356
The Arrivants.md,The Arrivants,卡莫·布拉思韦特,,T5,T5 二战后多极文学,,REVIEW,缺少可机器读取的 year；需要按成书/定稿/首次发表史人工核验,自动通过,WL-WORK-1541
The Ballad of Black Tom.md,The Ballad of Black Tom,维克多·拉瓦勒,,T6,T6 当代全球文学,,REVIEW,缺少可机器读取的 year；需要按成书/定稿/首次发表史人工核验,自动通过,WL-WORK-0524
The Big Empty.md,The Big Empty,罗伯特·克雷斯,,T6,T6 当代全球文学,,REVIEW,缺少可机器读取的 year；需要按成书/定稿/首次发表史人工核验,需复核,WL-WORK-3152
The Black Swan.md,The Black Swan,拉斐尔·萨巴蒂尼,,T4,T4 全球现代主义时代,,REVIEW,缺少可机器读取的 year；需要按成书/定稿/首次发表史人工核验,自动通过,WL-WORK-2362
The Book of Deeds of Arms and of Chivalry.md,The Book of Deeds of Arms and of Chivalry,克里斯蒂娜·德·皮桑,,T1,T1 中古多中心文学世界,,REVIEW,缺少可机器读取的 year；需要按成书/定稿/首次发表史人工核验,自动通过,WL-WORK-2364
The Book of Pirates.md,The Book of Pirates,霍华德·派尔,,T4,T4 全球现代主义时代,,REVIEW,缺少可机器读取的 year；需要按成书/定稿/首次发表史人工核验,自动通过,WL-WORK-2365
The Book of the Order of Chivalry.md,The Book of the Order of Chivalry,拉蒙·柳利,,T1,T1 中古多中心文学世界,,REVIEW,缺少可机器读取的 year；需要按成书/定稿/首次发表史人工核验,自动通过,WL-WORK-2366
The Bottoms.md,The Bottoms,乔·R·兰斯代尔,,T6,T6 当代全球文学,,REVIEW,缺少可机器读取的 year；需要按成书/定稿/首次发表史人工核验,需复核,WL-WORK-3127
The Boy Hunters.md,The Boy Hunters,梅恩·里德,,T3,T3 19世纪现代文学体系,,REVIEW,缺少可机器读取的 year；需要按成书/定稿/首次发表史人工核验,自动通过,WL-WORK-0525
The Chant of Jimmie Blacksmith.md,The Chant of Jimmie Blacksmith,托马斯·基尼利,,T5,T5 二战后多极文学,,REVIEW,缺少可机器读取的 year；需要按成书/定稿/首次发表史人工核验,自动通过,WL-WORK-2369
The Collected Works of Billy the Kid.md,The Collected Works of Billy the Kid,迈克尔·翁达杰,,T5,T5 二战后多极文学,,REVIEW,缺少可机器读取的 year；需要按成书/定稿/首次发表史人工核验,自动通过,WL-WORK-2371
The Conjure-Man Dies.md,The Conjure-Man Dies,鲁道夫·费希尔,,T4,T4 全球现代主义时代,,REVIEW,缺少可机器读取的 year；需要按成书/定稿/首次发表史人工核验,自动通过,WL-WORK-1542
The Crystal Cave.md,The Crystal Cave,玛丽·斯图尔特,,T5,T5 二战后多极文学,,REVIEW,缺少可机器读取的 year；需要按成书/定稿/首次发表史人工核验,自动通过,WL-WORK-2374
The Damnation Game.md,The Damnation Game,克莱夫·巴克,,T6,T6 当代全球文学,,REVIEW,缺少可机器读取的 year；需要按成书/定稿/首次发表史人工核验,自动通过,WL-WORK-0530
The Daybreakers.md,The Daybreakers,路易斯·拉穆尔,,T5,T5 二战后多极文学,,REVIEW,缺少可机器读取的 year；需要按成书/定稿/首次发表史人工核验,自动通过,WL-WORK-2376
The Defence of Guenevere.md,The Defence of Guenevere,威廉·莫里斯,,T3,T3 19世纪现代文学体系,,REVIEW,缺少可机器读取的 year；需要按成书/定稿/首次发表史人工核验,自动通过,WL-WORK-2377
The Eighth Circle.md,The Eighth Circle,斯坦利·埃林,,T5,T5 二战后多极文学,,REVIEW,缺少可机器读取的 year；需要按成书/定稿/首次发表史人工核验,需复核,WL-WORK-3087
The Gathering.md,The Gathering,安妮·恩莱特,,T6,T6 当代全球文学,,REVIEW,缺少可机器读取的 year；需要按成书/定稿/首次发表史人工核验,需复核,WL-WORK-3066
The Good House.md,The Good House,塔纳纳里夫·杜,,T6,T6 当代全球文学,,REVIEW,缺少可机器读取的 year；需要按成书/定稿/首次发表史人工核验,自动通过,WL-WORK-0534
The Headless Horseman.md,The Headless Horseman,梅恩·里德,,T3,T3 19世纪现代文学体系,,REVIEW,缺少可机器读取的 year；需要按成书/定稿/首次发表史人工核验,自动通过,WL-WORK-0535
The Hollow Hills.md,The Hollow Hills,玛丽·斯图尔特,,T5,T5 二战后多极文学,,REVIEW,缺少可机器读取的 year；需要按成书/定稿/首次发表史人工核验,自动通过,WL-WORK-2382
The Imago Sequence.md,The Imago Sequence,莱尔德·巴伦,,T6,T6 当代全球文学,,REVIEW,缺少可机器读取的 year；需要按成书/定稿/首次发表史人工核验,自动通过,WL-WORK-0536
The In Crowd.md,The In Crowd,夏洛特·瓦塞尔,,T6,T6 当代全球文学,,REVIEW,缺少可机器读取的 year；需要按成书/定稿/首次发表史人工核验,需复核,WL-WORK-3151
The Kiss Quotient.md,The Kiss Quotient,海伦·黄,,T6,T6 当代全球文学,,REVIEW,缺少可机器读取的 year；需要按成书/定稿/首次发表史人工核验,自动通过,WL-WORK-1989
The Last Child.md,The Last Child,约翰·哈特,,T6,T6 当代全球文学,,REVIEW,缺少可机器读取的 year；需要按成书/定稿/首次发表史人工核验,需复核,WL-WORK-3136
The Last Enchantment.md,The Last Enchantment,玛丽·斯图尔特,,T5,T5 二战后多极文学,,REVIEW,缺少可机器读取的 year；需要按成书/定稿/首次发表史人工核验,自动通过,WL-WORK-2387
The Light of Western Stars.md,The Light of Western Stars,赞恩·格雷,,T4,T4 全球现代主义时代,,REVIEW,缺少可机器读取的 year；需要按成书/定稿/首次发表史人工核验,自动通过,WL-WORK-2391
The Lion of Damascus.md,The Lion of Damascus,埃米利奥·萨尔加里,,T4,T4 全球现代主义时代,,REVIEW,缺少可机器读取的 year；需要按成书/定稿/首次发表史人工核验,自动通过,WL-WORK-2392
The Lone Star Ranger.md,The Lone Star Ranger,赞恩·格雷,,T4,T4 全球现代主义时代,,REVIEW,缺少可机器读取的 year；需要按成书/定稿/首次发表史人工核验,自动通过,WL-WORK-2393
The Maracot Deep.md,The Maracot Deep,柯南·道尔,,T4,T4 全球现代主义时代,,REVIEW,缺少可机器读取的 year；需要按成书/定稿/首次发表史人工核验,自动通过,WL-WORK-0541
The Merry Adventures of Robin Hood.md,The Merry Adventures of Robin Hood,霍华德·派尔,,T3,T3 19世纪现代文学体系,,REVIEW,缺少可机器读取的 year；需要按成书/定稿/首次发表史人工核验,自动通过,WL-WORK-2395
The Middle Passage.md,The Middle Passage,V.S.奈保尔,,T5,T5 二战后多极文学,,REVIEW,缺少可机器读取的 year；需要按成书/定稿/首次发表史人工核验,自动通过,WL-WORK-1376
The Night Watchman.md,The Night Watchman,路易丝·厄德里奇,,T6,T6 当代全球文学,,REVIEW,缺少可机器读取的 year；需要按成书/定稿/首次发表史人工核验,自动通过,WL-WORK-0949
The Old Ways.md,The Old Ways,罗伯特·麦克法伦,,T6,T6 当代全球文学,,REVIEW,缺少可机器读取的 year；需要按成书/定稿/首次发表史人工核验,自动通过,WL-WORK-1378
The Only Good Indians.md,The Only Good Indians,斯蒂芬·格雷厄姆·琼斯,,T6,T6 当代全球文学,,REVIEW,缺少可机器读取的 year；需要按成书/定稿/首次发表史人工核验,自动通过,WL-WORK-0542
The Oregon Trail.md,The Oregon Trail,弗朗西斯·帕克曼,,T3,T3 19世纪现代文学体系,,REVIEW,缺少可机器读取的 year；需要按成书/定稿/首次发表史人工核验,自动通过,WL-WORK-2396
The Pirate.md,The Pirate,沃尔特·司各特,,T3,T3 19世纪现代文学体系,,REVIEW,缺少可机器读取的 year；需要按成书/定稿/首次发表史人工核验,自动通过,WL-WORK-2397
The Principal Navigations.md,The Principal Navigations...,理查德·哈克卢特,,T2,T2 早期现代文学,,REVIEW,缺少可机器读取的 year；需要按成书/定稿/首次发表史人工核验,自动通过,WL-WORK-1379
The Promise.md,The Promise,达蒙·加尔古特,,T6,T6 当代全球文学,,REVIEW,缺少可机器读取的 year；需要按成书/定稿/首次发表史人工核验,需复核,WL-WORK-3078
The Rainbow Trail.md,The Rainbow Trail,赞恩·格雷,,T4,T4 全球现代主义时代,,REVIEW,缺少可机器读取的 year；需要按成书/定稿/首次发表史人工核验,自动通过,WL-WORK-2401
The Reformatory.md,The Reformatory,塔纳纳里夫·杜,,T6,T6 当代全球文学,,REVIEW,缺少可机器读取的 year；需要按成书/定稿/首次发表史人工核验,自动通过,WL-WORK-0545
The Return of the Soldier.md,The Return of the Soldier,丽贝卡·韦斯特,,T4,T4 全球现代主义时代,,REVIEW,缺少可机器读取的 year；需要按成书/定稿/首次发表史人工核验,自动通过,WL-WORK-1991
The Ritual.md,The Ritual,亚当·内维尔,,T6,T6 当代全球文学,,REVIEW,缺少可机器读取的 year；需要按成书/定稿/首次发表史人工核验,自动通过,WL-WORK-0546
The Road to Oxiana.md,The Road to Oxiana,罗伯特·拜伦,,T4,T4 全球现代主义时代,,REVIEW,缺少可机器读取的 year；需要按成书/定稿/首次发表史人工核验,自动通过,WL-WORK-1380
The Rover.md,The Rover,约瑟夫·康拉德,,T4,T4 全球现代主义时代,,REVIEW,缺少可机器读取的 year；需要按成书/定稿/首次发表史人工核验,自动通过,WL-WORK-2402
The Scar.md,The Scar,查纳·米耶维,,T6,T6 当代全球文学,,REVIEW,缺少可机器读取的 year；需要按成书/定稿/首次发表史人工核验,自动通过,WL-WORK-2404
The Sea.md,The Sea,约翰·班维尔,,T6,T6 当代全球文学,,REVIEW,缺少可机器读取的 year；需要按成书/定稿/首次发表史人工核验,需复核,WL-WORK-3064
The Shootist.md,The Shootist,格伦登·斯沃索特,,T5,T5 二战后多极文学,,REVIEW,缺少可机器读取的 year；需要按成书/定稿/首次发表史人工核验,自动通过,WL-WORK-2405
The Sisters Brothers.md,The Sisters Brothers,帕特里克·德威特,,T6,T6 当代全球文学,,REVIEW,缺少可机器读取的 year；需要按成书/定稿/首次发表史人工核验,自动通过,WL-WORK-2406
The Songlines.md,The Songlines,布鲁斯·查特文,,T6,T6 当代全球文学,,REVIEW,缺少可机器读取的 year；需要按成书/定稿/首次发表史人工核验,自动通过,WL-WORK-1381
The Squatter and the Don.md,The Squatter and the Don,海伦·亨特·杰克逊,,T3,T3 19世纪现代文学体系,,REVIEW,缺少可机器读取的 year；需要按成书/定稿/首次发表史人工核验,自动通过,WL-WORK-2408
The Store.md,The Store,T.S.斯特里布林,,T4,T4 全球现代主义时代,,REVIEW,缺少可机器读取的 year；需要按成书/定稿/首次发表史人工核验,需复核,WL-WORK-2970
The Story of King Arthur and His Knights.md,The Story of King Arthur and His Knights,霍华德·派尔,,T4,T4 全球现代主义时代,,REVIEW,缺少可机器读取的 year；需要按成书/定稿/首次发表史人工核验,自动通过,WL-WORK-2409
The Story of the Glittering Plain.md,The Story of the Glittering Plain,威廉·莫里斯,,T4,T4 全球现代主义时代,,REVIEW,缺少可机器读取的 year；需要按成书/定稿/首次发表史人工核验,自动通过,WL-WORK-2410
The Surrendered.md,The Surrendered,李昌来,,T6,T6 当代全球文学,,REVIEW,缺少可机器读取的 year；需要按成书/定稿/首次发表史人工核验,自动通过,WL-WORK-1993
The Suspect.md,The Suspect,L.R.赖特,,T6,T6 当代全球文学,,REVIEW,缺少可机器读取的 year；需要按成书/定稿/首次发表史人工核验,需复核,WL-WORK-3112
The Talisman.md,The Talisman,沃尔特·司各特,,T3,T3 19世纪现代文学体系,,REVIEW,缺少可机器读取的 year；需要按成书/定稿/首次发表史人工核验,自动通过,WL-WORK-2412
The Tavern Knight.md,The Tavern Knight,拉斐尔·萨巴蒂尼,,T4,T4 全球现代主义时代,,REVIEW,缺少可机器读取的 year；需要按成书/定稿/首次发表史人工核验,自动通过,WL-WORK-2413
The Town.md,The Town,康拉德·里克特,,T5,T5 二战后多极文学,,REVIEW,缺少可机器读取的 year；需要按成书/定稿/首次发表史人工核验,需复核,WL-WORK-2983
The Viscount Who Loved Me.md,The Viscount Who Loved Me,朱莉娅·奎因,,T6,T6 当代全球文学,,REVIEW,缺少可机器读取的 year；需要按成书/定稿/首次发表史人工核验,自动通过,WL-WORK-1994
The White Company.md,The White Company,柯南·道尔,,T4,T4 全球现代主义时代,,REVIEW,缺少可机器读取的 year；需要按成书/定稿/首次发表史人工核验,自动通过,WL-WORK-0547
The Winter King.md,The Winter King,伯纳德·康威尔,,T6,T6 当代全球文学,,REVIEW,缺少可机器读取的 year；需要按成书/定稿/首次发表史人工核验,自动通过,WL-WORK-2419
The Wrecker.md,The Wrecker,罗伯特·路易斯·史蒂文森,,T4,T4 全球现代主义时代,,REVIEW,缺少可机器读取的 year；需要按成书/定稿/首次发表史人工核验,自动通过,WL-WORK-0548
The Yellow Birds.md,The Yellow Birds,凯文·鲍尔斯,,T6,T6 当代全球文学,,REVIEW,缺少可机器读取的 year；需要按成书/定稿/首次发表史人工核验,自动通过,WL-WORK-1996
Those Across the River.md,Those Across the River,克里斯托弗·比尔曼,,T6,T6 当代全球文学,,REVIEW,缺少可机器读取的 year；需要按成书/定稿/首次发表史人工核验,自动通过,WL-WORK-0550
Tirant lo Blanc.md,Tirant lo Blanc,若阿诺特·马托雷尔,,T1,T1 中古多中心文学世界,,REVIEW,缺少可机器读取的 year；需要按成书/定稿/首次发表史人工核验,自动通过,WL-WORK-2422
Travels through France and Italy.md,Travels through France and Italy,斯摩莱特,,T2,T2 早期现代文学,,REVIEW,缺少可机器读取的 year；需要按成书/定稿/首次发表史人工核验,自动通过,WL-WORK-1386
Travels with a Donkey in the Cévennes.md,Travels with a Donkey in the Cévennes,罗伯特·路易斯·史蒂文森,,T3,T3 19世纪现代文学体系,,REVIEW,缺少可机器读取的 year；需要按成书/定稿/首次发表史人工核验,自动通过,WL-WORK-1387
True History of the Kelly Gang.md,True History of the Kelly Gang,彼得·凯里,,T6,T6 当代全球文学,,REVIEW,缺少可机器读取的 year；需要按成书/定稿/首次发表史人工核验,自动通过,WL-WORK-2424
Trust.md,Trust,埃尔南·迪亚斯,,T6,T6 当代全球文学,,REVIEW,缺少可机器读取的 year；需要按成书/定稿/首次发表史人工核验,需复核,WL-WORK-3030
Un episodio en la vida del pintor viajero.md,Un episodio en la vida del pintor viajero,塞萨尔·艾拉,,T6,T6 当代全球文学,,REVIEW,缺少可机器读取的 year；需要按成书/定稿/首次发表史人工核验,自动通过,WL-WORK-2425
Vision in White.md,Vision in White,诺拉·罗伯茨,,T6,T6 当代全球文学,,REVIEW,缺少可机器读取的 year；需要按成书/定稿/首次发表史人工核验,自动通过,WL-WORK-1998
Walkaway.md,Walkaway,科里·多克托罗,,T6,T6 当代全球文学,,REVIEW,缺少可机器读取的 year；需要按成书/定稿/首次发表史人工核验,自动通过,WL-WORK-0956
Western Union.md,Western Union,赞恩·格雷,,T4,T4 全球现代主义时代,,REVIEW,缺少可机器读取的 year；需要按成书/定稿/首次发表史人工核验,自动通过,WL-WORK-2429
Willehalm.md,Willehalm,沃尔夫拉姆·冯·埃申巴赫,,T1,T1 中古多中心文学世界,,REVIEW,缺少可机器读取的 year；需要按成书/定稿/首次发表史人工核验,自动通过,WL-WORK-2430
Winter and Night.md,Winter and Night,S.J.罗赞,,T6,T6 当代全球文学,,REVIEW,缺少可机器读取的 year；需要按成书/定稿/首次发表史人工核验,需复核,WL-WORK-3129
X的悲剧.md,X的悲剧,埃勒里·奎因,,T4,T4 全球现代主义时代,,REVIEW,缺少可机器读取的 year；需要按成书/定稿/首次发表史人工核验,自动通过,WL-WORK-0041
"Yolanda, the Black Corsair's Daughter.md","Yolanda, the Black Corsair's Daughter",埃米利奥·萨尔加里,,T4,T4 全球现代主义时代,,REVIEW,缺少可机器读取的 year；需要按成书/定稿/首次发表史人工核验,自动通过,WL-WORK-2433
"Yvain, the Knight of the Lion.md","Yvain, the Knight of the Lion",克雷蒂安·德·特鲁瓦,,T1,T1 中古多中心文学世界,,REVIEW,缺少可机器读取的 year；需要按成书/定稿/首次发表史人工核验,自动通过,WL-WORK-2435
Yvain.md,Yvain,克雷蒂安·德·特鲁瓦,,T1,T1 中古多中心文学世界,,REVIEW,缺少可机器读取的 year；需要按成书/定稿/首次发表史人工核验,自动通过,WL-WORK-2434
Y的悲剧.md,Y的悲剧,埃勒里·奎因,,T4,T4 全球现代主义时代,,REVIEW,缺少可机器读取的 year；需要按成书/定稿/首次发表史人工核验,自动通过,WL-WORK-0042
一个世纪儿的忏悔.md,一个世纪儿的忏悔,缪塞,,T3,T3 19世纪现代文学体系,,REVIEW,缺少可机器读取的 year；需要按成书/定稿/首次发表史人工核验,手工核验,WL-WORK-M2-505265B436A1
一个背叛日本的日本人.md,一个背叛日本的日本人,松本清张,,T5,T5 二战后多极文学,,REVIEW,缺少可机器读取的 year；需要按成书/定稿/首次发表史人工核验,自动通过,WL-WORK-0164
一个逃亡黑奴的传记.md,一个逃亡黑奴的传记,米格尔·巴内特,,T5,T5 二战后多极文学,,REVIEW,缺少可机器读取的 year；需要按成书/定稿/首次发表史人工核验,自动通过,WL-WORK-1545
一个陌生女人的来信.md,一个陌生女人的来信,斯蒂芬·茨威格,,T4,T4 全球现代主义时代,,REVIEW,缺少可机器读取的 year；需要按成书/定稿/首次发表史人工核验,个人补录,WL-WORK-2735
一个青年艺术家的画像.md,一个青年艺术家的画像,詹姆斯·乔伊斯,,T4,T4 全球现代主义时代,,REVIEW,缺少可机器读取的 year；需要按成书/定稿/首次发表史人工核验,自动通过,WL-WORK-0961
一个风景画家的一生.md,一个风景画家的一生,塞萨尔·艾拉,,T6,T6 当代全球文学,,REVIEW,缺少可机器读取的 year；需要按成书/定稿/首次发表史人工核验,自动通过,WL-WORK-1546
一剂毒药.md,一剂毒药,夏洛特·阿姆斯特朗,,T5,T5 二战后多极文学,,REVIEW,缺少可机器读取的 year；需要按成书/定稿/首次发表史人工核验,需复核,WL-WORK-3085
一千零一夜.md,一千零一夜,佚名,,T1,T1 中古多中心文学世界,,REVIEW,缺少可机器读取的 year；需要按成书/定稿/首次发表史人工核验,自动通过,WL-WORK-0558
一句顶一万句.md,一句顶一万句,刘震云,,T6,T6 当代全球文学,,REVIEW,缺少可机器读取的 year；需要按成书/定稿/首次发表史人工核验,个人补录,WL-WORK-2736
一家之死.md,一家之死,詹姆斯·艾吉,,T5,T5 二战后多极文学,,REVIEW,缺少可机器读取的 year；需要按成书/定稿/首次发表史人工核验,需复核,WL-WORK-2986
一无所有.md,一无所有,厄休拉·勒古恩,,T5,T5 二战后多极文学,,REVIEW,缺少可机器读取的 year；需要按成书/定稿/首次发表史人工核验,自动通过,WL-WORK-0354
一桩事先张扬的凶杀案.md,一桩事先张扬的凶杀案,加西亚·马尔克斯,,T6,T6 当代全球文学,,REVIEW,缺少可机器读取的 year；需要按成书/定稿/首次发表史人工核验,自动通过,WL-WORK-1547
一桩罪案的进展.md,一桩罪案的进展,朱利安·西蒙斯,,T5,T5 二战后多极文学,,REVIEW,缺少可机器读取的 year；需要按成书/定稿/首次发表史人工核验,需复核,WL-WORK-3089
一百个人的十年.md,一百个人的十年,冯骥才,,T6,T6 当代全球文学,,REVIEW,缺少可机器读取的 year；需要按成书/定稿/首次发表史人工核验,自动通过,WL-WORK-2005
七侠五义.md,七侠五义,石玉昆,,T3,T3 19世纪现代文学体系,,REVIEW,缺少可机器读取的 year；需要按成书/定稿/首次发表史人工核验,自动通过,WL-WORK-2436
七剑下天山.md,七剑下天山,梁羽生,,T5,T5 二战后多极文学,,REVIEW,缺少可机器读取的 year；需要按成书/定稿/首次发表史人工核验,自动通过,WL-WORK-2437
七回死去的男人.md,七回死去的男人,西泽保彦,,T6,T6 当代全球文学,,REVIEW,缺少可机器读取的 year；需要按成书/定稿/首次发表史人工核验,自动通过,WL-WORK-0192
七夏娃.md,七夏娃,尼尔·斯蒂芬森,,T6,T6 当代全球文学,,REVIEW,缺少可机器读取的 year；需要按成书/定稿/首次发表史人工核验,自动通过,WL-WORK-0382
七夜雪.md,七夜雪,沧月,,T6,T6 当代全球文学,,REVIEW,缺少可机器读取的 year；需要按成书/定稿/首次发表史人工核验,自动通过,WL-WORK-2438
七月的人民.md,七月的人民,纳丁·戈迪默,,T6,T6 当代全球文学,,REVIEW,缺少可机器读取的 year；需要按成书/定稿/首次发表史人工核验,需复核,WL-WORK-3200
七种武器.md,七种武器,古龙,,T5,T5 二战后多极文学,,REVIEW,缺少可机器读取的 year；需要按成书/定稿/首次发表史人工核验,自动通过,WL-WORK-2440
万叶集.md,万叶集,多人,,T1,T1 中古多中心文学世界,,REVIEW,缺少可机器读取的 year；需要按成书/定稿/首次发表史人工核验,需复核,WL-WORK-3179
万延元年的足球队.md,万延元年的足球队,大江健三郎,,T5,T5 二战后多极文学,,REVIEW,缺少可机器读取的 year；需要按成书/定稿/首次发表史人工核验,自动通过,WL-WORK-1550
三个火枪手.md,三个火枪手,大仲马,,T3,T3 19世纪现代文学体系,,REVIEW,缺少可机器读取的 year；需要按成书/定稿/首次发表史人工核验,自动通过,WL-WORK-0559
三个骗子.md,三个骗子,阿瑟·马克恩,,T4,T4 全球现代主义时代,,REVIEW,缺少可机器读取的 year；需要按成书/定稿/首次发表史人工核验,自动通过,WL-WORK-0560
三体.md,三体,刘慈欣,,T6,T6 当代全球文学,,REVIEW,缺少可机器读取的 year；需要按成书/定稿/首次发表史人工核验,自动通过,WL-WORK-0462
三侠五义.md,三侠五义,石玉昆,,T3,T3 19世纪现代文学体系,,REVIEW,缺少可机器读取的 year；需要按成书/定稿/首次发表史人工核验,自动通过,WL-WORK-2441
三匹蟹.md,三匹蟹,大庭美奈子,,T5,T5 二战后多极文学,,REVIEW,缺少可机器读取的 year；需要按成书/定稿/首次发表史人工核验,自动通过,WL-WORK-1553
三口棺材.md,三口棺材,约翰·狄克森·卡尔,,T4,T4 全球现代主义时代,,REVIEW,缺少可机器读取的 year；需要按成书/定稿/首次发表史人工核验,自动通过,WL-WORK-0032
三四郎.md,三四郎,夏目漱石,,T4,T4 全球现代主义时代,,REVIEW,缺少可机器读取的 year；需要按成书/定稿/首次发表史人工核验,自动通过,WL-WORK-0964
三国演义.md,三国演义,罗贯中,,T2,T2 早期现代文学,,REVIEW,缺少可机器读取的 year；需要按成书/定稿/首次发表史人工核验,手工核验,WL-WORK-0965
三国遗事.md,三国遗事,一然,,T1,T1 中古多中心文学世界,,REVIEW,缺少可机器读取的 year；需要按成书/定稿/首次发表史人工核验,自动通过,WL-WORK-1391
三尖树时代.md,三尖树时代,约翰·温德姆,,T5,T5 二战后多极文学,,REVIEW,缺少可机器读取的 year；需要按成书/定稿/首次发表史人工核验,自动通过,WL-WORK-0315
三生三世十里桃花.md,三生三世十里桃花,唐七公子,,T6,T6 当代全球文学,,REVIEW,缺少可机器读取的 year；需要按成书/定稿/首次发表史人工核验,个人补录,WL-WORK-2745
三种生活.md,三种生活,格特鲁德·斯坦因,,T4,T4 全球现代主义时代,,REVIEW,缺少可机器读取的 year；需要按成书/定稿/首次发表史人工核验,自动通过,WL-WORK-1555
三里湾.md,三里湾,赵树理,,T5,T5 二战后多极文学,,REVIEW,缺少可机器读取的 year；需要按成书/定稿/首次发表史人工核验,自动通过,WL-WORK-1556
三颗心与三头狮.md,三颗心与三头狮,波尔·安德森,,T5,T5 二战后多极文学,,REVIEW,缺少可机器读取的 year；需要按成书/定稿/首次发表史人工核验,自动通过,WL-WORK-0562
上尉的女儿.md,上尉的女儿,普希金,,T3,T3 19世纪现代文学体系,,REVIEW,缺少可机器读取的 year；需要按成书/定稿/首次发表史人工核验,自动通过,WL-WORK-0966
上帝保佑这个傻瓜.md,上帝保佑这个傻瓜,唐纳德·E·韦斯特莱克,,T5,T5 二战后多极文学,,REVIEW,缺少可机器读取的 year；需要按成书/定稿/首次发表史人工核验,需复核,WL-WORK-3095
上帝的木片.md,上帝的木片,奥斯曼·森贝内,,T5,T5 二战后多极文学,,REVIEW,缺少可机器读取的 year；需要按成书/定稿/首次发表史人工核验,需复核,WL-WORK-2853
上海.md,上海,横光利一,,T4,T4 全球现代主义时代,,REVIEW,缺少可机器读取的 year；需要按成书/定稿/首次发表史人工核验,自动通过,WL-WORK-1557
下方基地.md,下方基地,C.J.切瑞,,T6,T6 当代全球文学,,REVIEW,缺少可机器读取的 year；需要按成书/定稿/首次发表史人工核验,需复核,WL-WORK-2907
不休止.md,不休止,布莱恩·奥尔迪斯,,T5,T5 二战后多极文学,,REVIEW,缺少可机器读取的 year；需要按成书/定稿/首次发表史人工核验,自动通过,WL-WORK-0345
不会笑的数学家.md,不会笑的数学家,森博嗣,,T6,T6 当代全球文学,,REVIEW,缺少可机器读取的 year；需要按成书/定稿/首次发表史人工核验,自动通过,WL-WORK-0189
不可接触者.md,不可接触者,穆尔克·拉吉·安纳德,,T4,T4 全球现代主义时代,,REVIEW,缺少可机器读取的 year；需要按成书/定稿/首次发表史人工核验,自动通过,WL-WORK-1560
不朽者.md,不朽者,罗杰·泽拉兹尼,,T5,T5 二战后多极文学,,REVIEW,缺少可机器读取的 year；需要按成书/定稿/首次发表史人工核验,需复核,WL-WORK-2901
与拉玛相会.md,与拉玛相会,阿瑟·克拉克,,T5,T5 二战后多极文学,,REVIEW,缺少可机器读取的 year；需要按成书/定稿/首次发表史人工核验,自动通过,WL-WORK-0310
丑小鸭.md,丑小鸭,安徒生,,T3,T3 19世纪现代文学体系,,REVIEW,缺少可机器读取的 year；需要按成书/定稿/首次发表史人工核验,自动通过,WL-WORK-0563
世俗的圣歌及其他诗篇.md,世俗的圣歌及其他诗篇,鲁文·达里奥,,T3,T3 19世纪现代文学体系,,REVIEW,缺少可机器读取的 year；需要按成书/定稿/首次发表史人工核验,手工核验,WL-WORK-M2-A7B5FBA017F2
世界大战.md,世界大战,H.G.威尔斯,,T4,T4 全球现代主义时代,,REVIEW,缺少可机器读取的 year；需要按成书/定稿/首次发表史人工核验,自动通过,WL-WORK-0276
世界的词是森林.md,世界的词是森林,厄休拉·勒古恩,,T5,T5 二战后多极文学,,REVIEW,缺少可机器读取的 year；需要按成书/定稿/首次发表史人工核验,自动通过,WL-WORK-0355
丛林之书.md,丛林之书,吉卜林,,T4,T4 全球现代主义时代,,REVIEW,缺少可机器读取的 year；需要按成书/定稿/首次发表史人工核验,自动通过,WL-WORK-0566
东方.md,东方,魏巍,,T5,T5 二战后多极文学,,REVIEW,缺少可机器读取的 year；需要按成书/定稿/首次发表史人工核验,需复核,WL-WORK-2856
东方快车谋杀案.md,东方快车谋杀案,阿加莎·克里斯蒂,,T4,T4 全球现代主义时代,,REVIEW,缺少可机器读取的 year；需要按成书/定稿/首次发表史人工核验,自动通过,WL-WORK-0023
东藏记.md,东藏记,宗璞,,T6,T6 当代全球文学,,REVIEW,缺少可机器读取的 year；需要按成书/定稿/首次发表史人工核验,需复核,WL-WORK-2874
两地书.md,两地书,鲁迅,,T4,T4 全球现代主义时代,,REVIEW,缺少可机器读取的 year；需要按成书/定稿/首次发表史人工核验,个人补录,WL-WORK-2699
两扇门的房子不好守.md,两扇门的房子不好守,卡尔德隆,,T2,T2 早期现代文学,,REVIEW,缺少可机器读取的 year；需要按成书/定稿/首次发表史人工核验,自动通过,WL-WORK-2442
严厉的月亮.md,严厉的月亮,罗伯特·海因莱因,,T5,T5 二战后多极文学,,REVIEW,缺少可机器读取的 year；需要按成书/定稿/首次发表史人工核验,自动通过,WL-WORK-0303
严密监视的列车.md,严密监视的列车,博胡米尔·赫拉巴尔,,T5,T5 二战后多极文学,,REVIEW,缺少可机器读取的 year；需要按成书/定稿/首次发表史人工核验,自动通过,WL-WORK-1563
丧钟为谁而鸣.md,丧钟为谁而鸣,海明威,,T4,T4 全球现代主义时代,,REVIEW,缺少可机器读取的 year；需要按成书/定稿/首次发表史人工核验,自动通过,WL-WORK-2006
个人的体验.md,个人的体验,大江健三郎,,T5,T5 二战后多极文学,,REVIEW,缺少可机器读取的 year；需要按成书/定稿/首次发表史人工核验,自动通过,WL-WORK-1564
中国神话传说.md,中国神话传说,袁珂,,T5,T5 二战后多极文学,,REVIEW,缺少可机器读取的 year；需要按成书/定稿/首次发表史人工核验,自动通过,WL-WORK-1394
中国神话史.md,中国神话史,袁珂,,T6,T6 当代全球文学,,REVIEW,缺少可机器读取的 year；需要按成书/定稿/首次发表史人工核验,自动通过,WL-WORK-1395
中转站.md,中转站,克利福德·西马克,,T5,T5 二战后多极文学,,REVIEW,缺少可机器读取的 year；需要按成书/定稿/首次发表史人工核验,自动通过,WL-WORK-0313
丰乳肥臀.md,丰乳肥臀,莫言,,T6,T6 当代全球文学,,REVIEW,缺少可机器读取的 year；需要按成书/定稿/首次发表史人工核验,自动通过,WL-WORK-0971
丰饶之海.md,丰饶之海,三岛由纪夫,,T5,T5 二战后多极文学,,REVIEW,缺少可机器读取的 year；需要按成书/定稿/首次发表史人工核验,自动通过,WL-WORK-1565
临界·爵迹.md,临界·爵迹,郭敬明,,T6,T6 当代全球文学,,REVIEW,缺少可机器读取的 year；需要按成书/定稿/首次发表史人工核验,个人补录,WL-WORK-2749
丹尼尔·德隆达.md,丹尼尔·德隆达,乔治·艾略特,,T3,T3 19世纪现代文学体系,,REVIEW,缺少可机器读取的 year；需要按成书/定稿/首次发表史人工核验,自动通过,WL-WORK-0972
为母之道.md,为母之道,布奇·埃梅切塔,,T5,T5 二战后多极文学,,REVIEW,缺少可机器读取的 year；需要按成书/定稿/首次发表史人工核验,需复核,WL-WORK-3198
主角.md,主角,陈彦,,T6,T6 当代全球文学,,REVIEW,缺少可机器读取的 year；需要按成书/定稿/首次发表史人工核验,需复核,WL-WORK-2889
丽姬娅.md,丽姬娅,爱伦·坡,,T3,T3 19世纪现代文学体系,,REVIEW,缺少可机器读取的 year；需要按成书/定稿/首次发表史人工核验,自动通过,WL-WORK-0569
乌多尔弗的秘密.md,乌多尔弗的秘密,安·拉德克利夫,,T2,T2 早期现代文学,,REVIEW,缺少可机器读取的 year；需要按成书/定稿/首次发表史人工核验,自动通过,WL-WORK-0570
乌姆拉奥·贾恩·阿达.md,乌姆拉奥·贾恩·阿达,米尔扎·哈迪·鲁斯瓦,,T4,T4 全球现代主义时代,,REVIEW,缺少可机器读取的 year；需要按成书/定稿/首次发表史人工核验,需复核,WL-WORK-3178
乌尔哀歌.md,乌尔哀歌,佚名,,T0,T0 文学源头与古代文学,,REVIEW,缺少可机器读取的 year；需要按成书/定稿/首次发表史人工核验,手工核验,WL-WORK-R1-LAMENT-UR
乌有乡消息.md,乌有乡消息,威廉·莫里斯,,T4,T4 全球现代主义时代,,REVIEW,缺少可机器读取的 year；需要按成书/定稿/首次发表史人工核验,自动通过,WL-WORK-0266
乐观者的女儿.md,乐观者的女儿,尤多拉·韦尔蒂,,T5,T5 二战后多极文学,,REVIEW,缺少可机器读取的 year；需要按成书/定稿/首次发表史人工核验,需复核,WL-WORK-2996
九云梦.md,九云梦,金万重,,T2,T2 早期现代文学,,REVIEW,缺少可机器读取的 year；需要按成书/定稿/首次发表史人工核验,需复核,WL-WORK-2820
九命幻术师.md,九命幻术师,戴安娜·韦恩·琼斯,,T6,T6 当代全球文学,,REVIEW,缺少可机器读取的 year；需要按成书/定稿/首次发表史人工核验,自动通过,WL-WORK-0573
九尾怪猫.md,九尾怪猫,埃勒里·奎因,,T5,T5 二战后多极文学,,REVIEW,缺少可机器读取的 year；需要按成书/定稿/首次发表史人工核验,自动通过,WL-WORK-0044
九州·缥缈录.md,九州·缥缈录,江南,,T6,T6 当代全球文学,,REVIEW,缺少可机器读取的 year；需要按成书/定稿/首次发表史人工核验,自动通过,WL-WORK-0574
九曲丧钟.md,九曲丧钟,多萝西·L·塞耶斯,,T4,T4 全球现代主义时代,,REVIEW,缺少可机器读取的 year；需要按成书/定稿/首次发表史人工核验,自动通过,WL-WORK-0048
九狐霸图.md,九狐霸图,尹河利,,T6,T6 当代全球文学,,REVIEW,缺少可机器读取的 year；需要按成书/定稿/首次发表史人工核验,自动通过,WL-WORK-0413
书剑恩仇录.md,书剑恩仇录,金庸,,T5,T5 二战后多极文学,,REVIEW,缺少可机器读取的 year；需要按成书/定稿/首次发表史人工核验,自动通过,WL-WORK-2444
乾隆皇帝.md,乾隆皇帝,二月河,,T6,T6 当代全球文学,,REVIEW,缺少可机器读取的 year；需要按成书/定稿/首次发表史人工核验,自动通过,WL-WORK-0974
了不起的盖茨比.md,了不起的盖茨比,F.斯科特·菲茨杰拉德,,T4,T4 全球现代主义时代,,REVIEW,缺少可机器读取的 year；需要按成书/定稿/首次发表史人工核验,自动通过,WL-WORK-1569
事先准备.md,事先准备,安东尼·伯克利,,T4,T4 全球现代主义时代,,REVIEW,缺少可机器读取的 year；需要按成书/定稿/首次发表史人工核验,自动通过,WL-WORK-0052
二十年后.md,二十年后,大仲马,,T3,T3 19世纪现代文学体系,,REVIEW,缺少可机器读取的 year；需要按成书/定稿/首次发表史人工核验,自动通过,WL-WORK-0975
二手时间.md,二手时间,阿列克谢耶维奇,,T6,T6 当代全球文学,,REVIEW,缺少可机器读取的 year；需要按成书/定稿/首次发表史人工核验,自动通过,WL-WORK-2007
二钱铜币.md,二钱铜币,江户川乱步,,T4,T4 全球现代主义时代,,REVIEW,缺少可机器读取的 year；需要按成书/定稿/首次发表史人工核验,自动通过,WL-WORK-0146
云使.md,云使,迦梨陀娑,,T0,T0 文学源头与古代文学,,REVIEW,缺少可机器读取的 year；需要按成书/定稿/首次发表史人工核验,手工核验,WL-WORK-3176
云图.md,云图,大卫·米切尔,,T6,T6 当代全球文学,,REVIEW,缺少可机器读取的 year；需要按成书/定稿/首次发表史人工核验,自动通过,WL-WORK-0433
云海玉弓缘.md,云海玉弓缘,梁羽生,,T5,T5 二战后多极文学,,REVIEW,缺少可机器读取的 year；需要按成书/定稿/首次发表史人工核验,自动通过,WL-WORK-2445
云街.md,云街,蒂姆·温顿,,T6,T6 当代全球文学,,REVIEW,缺少可机器读取的 year；需要按成书/定稿/首次发表史人工核验,需复核,WL-WORK-3211
云雀之歌.md,云雀之歌,薇拉·凯瑟,,T4,T4 全球现代主义时代,,REVIEW,缺少可机器读取的 year；需要按成书/定稿/首次发表史人工核验,自动通过,WL-WORK-2446
五个十二月.md,五个十二月,詹姆斯·凯斯特尔,,T6,T6 当代全球文学,,REVIEW,缺少可机器读取的 year；需要按成书/定稿/首次发表史人工核验,需复核,WL-WORK-3148
五个孩子和沙精.md,五个孩子和沙精,E.内斯比特,,T4,T4 全球现代主义时代,,REVIEW,缺少可机器读取的 year；需要按成书/定稿/首次发表史人工核验,自动通过,WL-WORK-0575
五只小猪.md,五只小猪,阿加莎·克里斯蒂,,T4,T4 全球现代主义时代,,REVIEW,缺少可机器读取的 year；需要按成书/定稿/首次发表史人工核验,需复核,WL-WORK-0027
五号屠场.md,五号屠场,库尔特·冯内古特,,T5,T5 二战后多极文学,,REVIEW,缺少可机器读取的 year；需要按成书/定稿/首次发表史人工核验,自动通过,WL-WORK-0351
亚当，你到过哪里？.md,亚当，你到过哪里？,海因里希·伯尔,,T5,T5 二战后多极文学,,REVIEW,缺少可机器读取的 year；需要按成书/定稿/首次发表史人工核验,自动通过,WL-WORK-2008
亚瑟·戈登·皮姆历险记.md,亚瑟·戈登·皮姆历险记,爱伦·坡,,T3,T3 19世纪现代文学体系,,REVIEW,缺少可机器读取的 year；需要按成书/定稿/首次发表史人工核验,自动通过,WL-WORK-0576
亲缘.md,亲缘,奥克塔维娅·巴特勒,,T5,T5 二战后多极文学,,REVIEW,缺少可机器读取的 year；需要按成书/定稿/首次发表史人工核验,自动通过,WL-WORK-0360
人世间.md,人世间,梁晓声,,T6,T6 当代全球文学,,REVIEW,缺少可机器读取的 year；需要按成书/定稿/首次发表史人工核验,需复核,WL-WORK-2887
人世间（普拉姆迪亚）.md,人世间,普拉姆迪亚·阿南达·杜尔,,T6,T6 当代全球文学,,REVIEW,缺少可机器读取的 year；需要按成书/定稿/首次发表史人工核验,需复核,WL-WORK-3172
人加.md,人加,弗雷德里克·波尔,,T5,T5 二战后多极文学,,REVIEW,缺少可机器读取的 year；需要按成书/定稿/首次发表史人工核验,需复核,WL-WORK-2933
人口1280.md,人口1280,吉姆·汤普森,,T5,T5 二战后多极文学,,REVIEW,缺少可机器读取的 year；需要按成书/定稿/首次发表史人工核验,自动通过,WL-WORK-0087
人子.md,人子,奥古斯托·罗亚·巴斯托斯,,T5,T5 二战后多极文学,,REVIEW,缺少可机器读取的 year；需要按成书/定稿/首次发表史人工核验,自动通过,WL-WORK-1572
人性的证明.md,人性的证明,森村诚一,,T5,T5 二战后多极文学,,REVIEW,缺少可机器读取的 year；需要按成书/定稿/首次发表史人工核验,自动通过,WL-WORK-0166
人格转移杀人.md,人格转移杀人,西泽保彦,,T6,T6 当代全球文学,,REVIEW,缺少可机器读取的 year；需要按成书/定稿/首次发表史人工核验,自动通过,WL-WORK-0193
人猿泰山.md,人猿泰山,埃德加·赖斯·巴勒斯,,T4,T4 全球现代主义时代,,REVIEW,缺少可机器读取的 year；需要按成书/定稿/首次发表史人工核验,自动通过,WL-WORK-0578
人生海海.md,人生海海,麦家,,T6,T6 当代全球文学,,REVIEW,缺少可机器读取的 year；需要按成书/定稿/首次发表史人工核验,个人补录,WL-WORK-2716
人类之子.md,人类之子,P.D.詹姆斯,,T6,T6 当代全球文学,,REVIEW,缺少可机器读取的 year；需要按成书/定稿/首次发表史人工核验,自动通过,WL-WORK-0977
人类的群星闪耀时.md,人类的群星闪耀时,斯蒂芬·茨威格,,T4,T4 全球现代主义时代,,REVIEW,缺少可机器读取的 year；需要按成书/定稿/首次发表史人工核验,个人补录,WL-WORK-2715
人间失格.md,人间失格,太宰治,,T5,T5 二战后多极文学,,REVIEW,缺少可机器读取的 year；需要按成书/定稿/首次发表史人工核验,自动通过,WL-WORK-0978
人间椅子.md,人间椅子,江户川乱步,,T4,T4 全球现代主义时代,,REVIEW,缺少可机器读取的 year；需要按成书/定稿/首次发表史人工核验,自动通过,WL-WORK-0579
人间豹.md,人间豹,江户川乱步,,T4,T4 全球现代主义时代,,REVIEW,缺少可机器读取的 year；需要按成书/定稿/首次发表史人工核验,自动通过,WL-WORK-0580
人面桃花.md,人面桃花,格非,,T6,T6 当代全球文学,,REVIEW,缺少可机器读取的 year；需要按成书/定稿/首次发表史人工核验,自动通过,WL-WORK-0980
人鼠之间.md,人鼠之间,约翰·斯坦贝克,,T4,T4 全球现代主义时代,,REVIEW,缺少可机器读取的 year；需要按成书/定稿/首次发表史人工核验,个人补录,WL-WORK-2717
仁慈之人.md,仁慈之人,弗雷德·瓦尔加斯,,T6,T6 当代全球文学,,REVIEW,缺少可机器读取的 year；需要按成书/定稿/首次发表史人工核验,自动通过,WL-WORK-0235
今天也没变成玩偶呢.md,今天也没变成玩偶呢,花花了,,T6,T6 当代全球文学,,REVIEW,缺少可机器读取的 year；需要按成书/定稿/首次发表史人工核验,个人补录,WL-WORK-2750
今昔物语集.md,今昔物语集,佚名,,T1,T1 中古多中心文学世界,,REVIEW,缺少可机器读取的 year；需要按成书/定稿/首次发表史人工核验,自动通过,WL-WORK-1398
从地球到月球.md,从地球到月球,儒勒·凡尔纳,,T3,T3 19世纪现代文学体系,,REVIEW,缺少可机器读取的 year；需要按成书/定稿/首次发表史人工核验,自动通过,WL-WORK-0268
从莫斯科到佩图什基.md,从莫斯科到佩图什基,维涅季克特·叶罗费耶夫,,T5,T5 二战后多极文学,,REVIEW,缺少可机器读取的 year；需要按成书/定稿/首次发表史人工核验,自动通过,WL-WORK-1579
他人的脸.md,他人的脸,安部公房,,T5,T5 二战后多极文学,,REVIEW,缺少可机器读取的 year；需要按成书/定稿/首次发表史人工核验,自动通过,WL-WORK-1580
他们宁可正确.md,他们宁可正确,马克·克利夫顿 / 弗兰克·莱利,,T5,T5 二战后多极文学,,REVIEW,缺少可机器读取的 year；需要按成书/定稿/首次发表史人工核验,需复核,WL-WORK-2896
他的家庭.md,他的家庭,欧内斯特·普尔,,T4,T4 全球现代主义时代,,REVIEW,缺少可机器读取的 year；需要按成书/定稿/首次发表史人工核验,需复核,WL-WORK-2958
以诺一书.md,以诺一书,佚名,,T0,T0 文学源头与古代文学,,REVIEW,缺少可机器读取的 year；需要按成书/定稿/首次发表史人工核验,自动通过,WL-WORK-1399
仪仗队.md,仪仗队,詹姆斯·古尔德·科曾斯,,T5,T5 二战后多极文学,,REVIEW,缺少可机器读取的 year；需要按成书/定稿/首次发表史人工核验,需复核,WL-WORK-2982
仲夏夜之梦.md,仲夏夜之梦,莎士比亚,,T2,T2 早期现代文学,,REVIEW,缺少可机器读取的 year；需要按成书/定稿/首次发表史人工核验,自动通过,WL-WORK-2010
仿生人会梦见电子羊吗？.md,仿生人会梦见电子羊吗？,菲利普·K.迪克,,T5,T5 二战后多极文学,,REVIEW,缺少可机器读取的 year；需要按成书/定稿/首次发表史人工核验,自动通过,WL-WORK-0329
伊万.md,伊万,克雷蒂安·德·特鲁瓦,,T1,T1 中古多中心文学世界,,REVIEW,缺少可机器读取的 year；需要按成书/定稿/首次发表史人工核验,自动通过,WL-WORK-1400
伊凡·伊里奇之死.md,伊凡·伊里奇之死,列夫·托尔斯泰,,T3,T3 19世纪现代文学体系,,REVIEW,缺少可机器读取的 year；需要按成书/定稿/首次发表史人工核验,需复核,WL-WORK-2843
伊凡·杰尼索维奇的一天.md,伊凡·杰尼索维奇的一天,索尔仁尼琴,,T5,T5 二战后多极文学,,REVIEW,缺少可机器读取的 year；需要按成书/定稿/首次发表史人工核验,自动通过,WL-WORK-1582
伊利亚特.md,伊利亚特,荷马,,T0,T0 文学源头与古代文学,,REVIEW,缺少可机器读取的 year；需要按成书/定稿/首次发表史人工核验,自动通过,WL-WORK-0581
伊南娜下降冥界.md,伊南娜下降冥界,佚名,,T0,T0 文学源头与古代文学,,REVIEW,缺少可机器读取的 year；需要按成书/定稿/首次发表史人工核验,自动通过,WL-WORK-1401
伊南娜与杜穆兹.md,伊南娜与杜穆兹,佚名,,T0,T0 文学源头与古代文学,,REVIEW,缺少可机器读取的 year；需要按成书/定稿/首次发表史人工核验,自动通过,WL-WORK-1402
伊斯梅利略.md,伊斯梅利略,何塞·马蒂,,T3,T3 19世纪现代文学体系,,REVIEW,缺少可机器读取的 year；需要按成书/定稿/首次发表史人工核验,手工核验,WL-WORK-M2-7A6E3BA9D5E1
伊本·白图泰游记.md,伊本·白图泰游记,伊本·白图泰,,T1,T1 中古多中心文学世界,,REVIEW,缺少可机器读取的 year；需要按成书/定稿/首次发表史人工核验,人工核验,WL-WORK-T1-RIHLA
伊甸之东.md,伊甸之东,约翰·斯坦贝克,,T5,T5 二战后多极文学,,REVIEW,缺少可机器读取的 year；需要按成书/定稿/首次发表史人工核验,自动通过,WL-WORK-0983
伊豆的舞女.md,伊豆的舞女,川端康成,,T4,T4 全球现代主义时代,,REVIEW,缺少可机器读取的 year；需要按成书/定稿/首次发表史人工核验,自动通过,WL-WORK-2014
休·赛尔温·毛伯利.md,休·赛尔温·毛伯利,埃兹拉·庞德,,T4,T4 全球现代主义时代,,REVIEW,缺少可机器读取的 year；需要按成书/定稿/首次发表史人工核验,自动通过,WL-WORK-1584
休战.md,休战,普里莫·莱维,,T5,T5 二战后多极文学,,REVIEW,缺少可机器读取的 year；需要按成书/定稿/首次发表史人工核验,自动通过,WL-WORK-2015
众王荣耀.md,众王荣耀,乔治·R.R.马丁,,T6,T6 当代全球文学,,REVIEW,缺少可机器读取的 year；需要按成书/定稿/首次发表史人工核验,自动通过,WL-WORK-1403
伙计.md,伙计,伯纳德·马拉默德,,T5,T5 二战后多极文学,,REVIEW,缺少可机器读取的 year；需要按成书/定稿/首次发表史人工核验,自动通过,WL-WORK-1585
会饮篇.md,会饮篇,柏拉图,,T0,T0 文学源头与古代文学,,REVIEW,缺少可机器读取的 year；需要按成书/定稿/首次发表史人工核验,自动通过,WL-WORK-2017
传奇与拿铁.md,传奇与拿铁,特拉维斯·鲍德里,,T6,T6 当代全球文学,,REVIEW,缺少可机器读取的 year；需要按成书/定稿/首次发表史人工核验,自动通过,WL-WORK-0582
伤痕.md,伤痕,查纳·米耶维,,T6,T6 当代全球文学,,REVIEW,缺少可机器读取的 year；需要按成书/定稿/首次发表史人工核验,自动通过,WL-WORK-0583
伪装.md,伪装,乔·霍尔德曼,,T6,T6 当代全球文学,,REVIEW,缺少可机器读取的 year；需要按成书/定稿/首次发表史人工核验,需复核,WL-WORK-2948
但以理书.md,但以理书,佚名,,T0,T0 文学源头与古代文学,,REVIEW,缺少可机器读取的 year；需要按成书/定稿/首次发表史人工核验,自动通过,WL-WORK-1404
低地.md,低地,裘帕·拉希莉,,T6,T6 当代全球文学,,REVIEW,缺少可机器读取的 year；需要按成书/定稿/首次发表史人工核验,自动通过,WL-WORK-0985
体育馆之谜.md,体育馆之谜,青崎有吾,,T6,T6 当代全球文学,,REVIEW,缺少可机器读取的 year；需要按成书/定稿/首次发表史人工核验,自动通过,WL-WORK-0203
何以笙箫默.md,何以笙箫默,顾漫,,T6,T6 当代全球文学,,REVIEW,缺少可机器读取的 year；需要按成书/定稿/首次发表史人工核验,自动通过,WL-WORK-2018
你一生的故事.md,你一生的故事,姜峯楠,,T6,T6 当代全球文学,,REVIEW,缺少可机器读取的 year；需要按成书/定稿/首次发表史人工核验,自动通过,WL-WORK-0421
你在高原.md,你在高原,张炜,,T6,T6 当代全球文学,,REVIEW,缺少可机器读取的 year；需要按成书/定稿/首次发表史人工核验,需复核,WL-WORK-2878
你往何处去.md,你往何处去,显克维奇,,T4,T4 全球现代主义时代,,REVIEW,缺少可机器读取的 year；需要按成书/定稿/首次发表史人工核验,自动通过,WL-WORK-0986
佩伽纳诸神.md,佩伽纳诸神,邓萨尼勋爵,,T4,T4 全球现代主义时代,,REVIEW,缺少可机器读取的 year；需要按成书/定稿/首次发表史人工核验,自动通过,WL-WORK-0585
佩利亚斯与梅丽桑德.md,佩利亚斯与梅丽桑德,莫里斯·梅特林克,,T3,T3 19世纪现代文学体系,,REVIEW,缺少可机器读取的 year；需要按成书/定稿/首次发表史人工核验,手工核验,WL-WORK-M2-3C2840501067
佩尔西瓦尔.md,佩尔西瓦尔,克雷蒂安·德·特鲁瓦,,T1,T1 中古多中心文学世界,,REVIEW,缺少可机器读取的 year；需要按成书/定稿/首次发表史人工核验,自动通过,WL-WORK-1407
使命.md,使命,费尔南多·佩索阿,,T4,T4 全球现代主义时代,,REVIEW,缺少可机器读取的 year；需要按成书/定稿/首次发表史人工核验,自动通过,WL-WORK-1587
侠客行.md,侠客行,金庸,,T5,T5 二战后多极文学,,REVIEW,缺少可机器读取的 year；需要按成书/定稿/首次发表史人工核验,自动通过,WL-WORK-2449
俄狄浦斯王.md,俄狄浦斯王,索福克勒斯,,T0,T0 文学源头与古代文学,,REVIEW,缺少可机器读取的 year；需要按成书/定稿/首次发表史人工核验,自动通过,WL-WORK-1408
俄瑞斯忒亚.md,俄瑞斯忒亚,埃斯库罗斯,,T0,T0 文学源头与古代文学,,REVIEW,缺少可机器读取的 year；需要按成书/定稿/首次发表史人工核验,需复核,WL-WORK-2809
俗世奇人.md,俗世奇人,冯骥才,,T6,T6 当代全球文学,,REVIEW,缺少可机器读取的 year；需要按成书/定稿/首次发表史人工核验,个人补录,WL-WORK-2720
俗丽之夜.md,俗丽之夜,多萝西·L·塞耶斯,,T4,T4 全球现代主义时代,,REVIEW,缺少可机器读取的 year；需要按成书/定稿/首次发表史人工核验,自动通过,WL-WORK-0049
俘虏记.md,俘虏记,大冈升平,,T5,T5 二战后多极文学,,REVIEW,缺少可机器读取的 year；需要按成书/定稿/首次发表史人工核验,自动通过,WL-WORK-1589
保罗·策兰诗选.md,保罗·策兰诗选,保罗·策兰,,T5,T5 二战后多极文学,,REVIEW,缺少可机器读取的 year；需要按成书/定稿/首次发表史人工核验,需复核,WL-WORK-3154
信号员.md,信号员,查尔斯·狄更斯,,T3,T3 19世纪现代文学体系,,REVIEW,缺少可机器读取的 year；需要按成书/定稿/首次发表史人工核验,自动通过,WL-WORK-0587
修桶人.md,修桶人,伯纳德·马拉默德,,T5,T5 二战后多极文学,,REVIEW,缺少可机器读取的 year；需要按成书/定稿/首次发表史人工核验,需复核,WL-WORK-2993
倚天屠龙记.md,倚天屠龙记,金庸,,T5,T5 二战后多极文学,,REVIEW,缺少可机器读取的 year；需要按成书/定稿/首次发表史人工核验,自动通过,WL-WORK-2450
倾城之恋.md,倾城之恋,张爱玲,,T4,T4 全球现代主义时代,,REVIEW,缺少可机器读取的 year；需要按成书/定稿/首次发表史人工核验,自动通过,WL-WORK-1590
假面的告白.md,假面的告白,三岛由纪夫,,T5,T5 二战后多极文学,,REVIEW,缺少可机器读取的 year；需要按成书/定稿/首次发表史人工核验,自动通过,WL-WORK-0990
偌大.md,偌大,埃德娜·费伯,,T4,T4 全球现代主义时代,,REVIEW,缺少可机器读取的 year；需要按成书/定稿/首次发表史人工核验,需复核,WL-WORK-2963
傲慢与偏见.md,傲慢与偏见,简·奥斯汀,,T3,T3 19世纪现代文学体系,,REVIEW,缺少可机器读取的 year；需要按成书/定稿/首次发表史人工核验,自动通过,WL-WORK-0992
傻子出国记.md,傻子出国记,马克·吐温,,T3,T3 19世纪现代文学体系,,REVIEW,缺少可机器读取的 year；需要按成书/定稿/首次发表史人工核验,自动通过,WL-WORK-1410
像少年啦飞驰.md,像少年啦飞驰,韩寒,,T6,T6 当代全球文学,,REVIEW,缺少可机器读取的 year；需要按成书/定稿/首次发表史人工核验,个人补录,WL-WORK-2730
儒林外史.md,儒林外史,吴敬梓,,T2,T2 早期现代文学,,REVIEW,缺少可机器读取的 year；需要按成书/定稿/首次发表史人工核验,手工核验,WL-WORK-2815
儿子与情人.md,儿子与情人,D.H.劳伦斯,,T4,T4 全球现代主义时代,,REVIEW,缺少可机器读取的 year；需要按成书/定稿/首次发表史人工核验,自动通过,WL-WORK-0993
儿子们.md,儿子们,赛珍珠,,T4,T4 全球现代主义时代,,REVIEW,缺少可机器读取的 year；需要按成书/定稿/首次发表史人工核验,自动通过,WL-WORK-0994
儿子的大玩偶.md,儿子的大玩偶,黄春明,,T5,T5 二战后多极文学,,REVIEW,缺少可机器读取的 year；需要按成书/定稿/首次发表史人工核验,自动通过,WL-WORK-1591
元年春之祭.md,元年春之祭,陆秋槎,,T6,T6 当代全球文学,,REVIEW,缺少可机器读取的 year；需要按成书/定稿/首次发表史人工核验,自动通过,WL-WORK-0249
元素周期表.md,元素周期表,普里莫·莱维,,T5,T5 二战后多极文学,,REVIEW,缺少可机器读取的 year；需要按成书/定稿/首次发表史人工核验,个人补录,WL-WORK-2739
先知.md,先知,纪伯伦,,T4,T4 全球现代主义时代,,REVIEW,缺少可机器读取的 year；需要按成书/定稿/首次发表史人工核验,需复核,WL-WORK-3193
先知之歌.md,先知之歌,保罗·林奇,,T6,T6 当代全球文学,,REVIEW,缺少可机器读取的 year；需要按成书/定稿/首次发表史人工核验,需复核,WL-WORK-3080
光明王.md,光明王,罗杰·泽拉兹尼,,T5,T5 二战后多极文学,,REVIEW,缺少可机器读取的 year；需要按成书/定稿/首次发表史人工核验,自动通过,WL-WORK-0347
克拉拉与太阳.md,克拉拉与太阳,石黑一雄,,T6,T6 当代全球文学,,REVIEW,缺少可机器读取的 year；需要按成书/定稿/首次发表史人工核验,自动通过,WL-WORK-0432
克苏鲁的呼唤.md,克苏鲁的呼唤,洛夫克拉夫特,,T4,T4 全球现代主义时代,,REVIEW,缺少可机器读取的 year；需要按成书/定稿/首次发表史人工核验,自动通过,WL-WORK-0589
克里希纳普尔围城.md,克里希纳普尔围城,J.G.法雷尔,,T5,T5 二战后多极文学,,REVIEW,缺少可机器读取的 year；需要按成书/定稿/首次发表史人工核验,需复核,WL-WORK-3039
克里斯丁·拉夫朗斯达特.md,克里斯丁·拉夫朗斯达特,西格丽德·温塞特,,T4,T4 全球现代主义时代,,REVIEW,缺少可机器读取的 year；需要按成书/定稿/首次发表史人工核验,需复核,WL-WORK-3217
克里斯汀.md,克里斯汀,斯蒂芬·金,,T6,T6 当代全球文学,,REVIEW,缺少可机器读取的 year；需要按成书/定稿/首次发表史人工核验,自动通过,WL-WORK-0590
克里斯汀·拉夫兰斯女.md,克里斯汀·拉夫兰斯女,西格丽德·温塞特,,T4,T4 全球现代主义时代,,REVIEW,缺少可机器读取的 year；需要按成书/定稿/首次发表史人工核验,自动通过,WL-WORK-0996
兔子富了.md,兔子富了,约翰·厄普代克,,T6,T6 当代全球文学,,REVIEW,缺少可机器读取的 year；需要按成书/定稿/首次发表史人工核验,需复核,WL-WORK-3002
兔子歇了.md,兔子歇了,约翰·厄普代克,,T6,T6 当代全球文学,,REVIEW,缺少可机器读取的 year；需要按成书/定稿/首次发表史人工核验,需复核,WL-WORK-3008
全系统红.md,全系统红,玛莎·威尔斯,,T6,T6 当代全球文学,,REVIEW,缺少可机器读取的 year；需要按成书/定稿/首次发表史人工核验,自动通过,WL-WORK-0419
全部成为F.md,全部成为F,森博嗣,,T6,T6 当代全球文学,,REVIEW,缺少可机器读取的 year；需要按成书/定稿/首次发表史人工核验,自动通过,WL-WORK-0188
八墓村.md,八墓村,横沟正史,,T5,T5 二战后多极文学,,REVIEW,缺少可机器读取的 year；需要按成书/定稿/首次发表史人工核验,自动通过,WL-WORK-0154
公主与哥布林.md,公主与哥布林,乔治·麦克唐纳,,T3,T3 19世纪现代文学体系,,REVIEW,缺少可机器读取的 year；需要按成书/定稿/首次发表史人工核验,自动通过,WL-WORK-0592
公民文斯.md,公民文斯,杰斯·沃尔特,,T6,T6 当代全球文学,,REVIEW,缺少可机器读取的 year；需要按成书/定稿/首次发表史人工核验,需复核,WL-WORK-3132
公羊的节日.md,公羊的节日,巴尔加斯·略萨,,T6,T6 当代全球文学,,REVIEW,缺少可机器读取的 year；需要按成书/定稿/首次发表史人工核验,自动通过,WL-WORK-0997
六个寻找作者的剧中人.md,六个寻找作者的剧中人,皮兰德娄,,T4,T4 全球现代主义时代,,REVIEW,缺少可机器读取的 year；需要按成书/定稿/首次发表史人工核验,自动通过,WL-WORK-1592
兰克玛之剑.md,兰克玛之剑,弗里茨·莱伯,,T5,T5 二战后多极文学,,REVIEW,缺少可机器读取的 year；需要按成书/定稿/首次发表史人工核验,自动通过,WL-WORK-0593
兰斯洛特.md,兰斯洛特,克雷蒂安·德·特鲁瓦,,T1,T1 中古多中心文学世界,,REVIEW,缺少可机器读取的 year；需要按成书/定稿/首次发表史人工核验,自动通过,WL-WORK-1412
兰斯洛特：大车骑士.md,兰斯洛特：大车骑士,克雷蒂安·德·特鲁瓦,,T1,T1 中古多中心文学世界,,REVIEW,缺少可机器读取的 year；需要按成书/定稿/首次发表史人工核验,自动通过,WL-WORK-2022
关于女儿.md,关于女儿,金惠珍,,T6,T6 当代全球文学,,REVIEW,缺少可机器读取的 year；需要按成书/定稿/首次发表史人工核验,个人补录,WL-WORK-2690
关原.md,关原,司马辽太郎,,T5,T5 二战后多极文学,,REVIEW,缺少可机器读取的 year；需要按成书/定稿/首次发表史人工核验,自动通过,WL-WORK-2455
其主之声.md,其主之声,斯坦尼斯瓦夫·莱姆,,T5,T5 二战后多极文学,,REVIEW,缺少可机器读取的 year；需要按成书/定稿/首次发表史人工核验,自动通过,WL-WORK-0334
内塔尼亚胡一家.md,内塔尼亚胡一家,乔舒亚·科恩,,T6,T6 当代全球文学,,REVIEW,缺少可机器读取的 year；需要按成书/定稿/首次发表史人工核验,需复核,WL-WORK-3029
再见，冥王星.md,再见，冥王星,夏茗悠,,T6,T6 当代全球文学,,REVIEW,缺少可机器读取的 year；需要按成书/定稿/首次发表史人工核验,个人补录,WL-WORK-2760
再见，吾爱.md,再见，吾爱,雷蒙德·钱德勒,,T4,T4 全球现代主义时代,,REVIEW,缺少可机器读取的 year；需要按成书/定稿/首次发表史人工核验,自动通过,WL-WORK-0076
再见，哥伦布.md,再见，哥伦布,菲利普·罗斯,,T5,T5 二战后多极文学,,REVIEW,缺少可机器读取的 year；需要按成书/定稿/首次发表史人工核验,自动通过,WL-WORK-1594
写在身体上.md,写在身体上,珍妮特·温特森,,T6,T6 当代全球文学,,REVIEW,缺少可机器读取的 year；需要按成书/定稿/首次发表史人工核验,自动通过,WL-WORK-2023
冬天里的春天.md,冬天里的春天,李国文,,T6,T6 当代全球文学,,REVIEW,缺少可机器读取的 year；需要按成书/定稿/首次发表史人工核验,需复核,WL-WORK-2859
冬王.md,冬王,伯纳德·康威尔,,T6,T6 当代全球文学,,REVIEW,缺少可机器读取的 year；需要按成书/定稿/首次发表史人工核验,自动通过,WL-WORK-0594
冰是睡着的水.md,冰是睡着的水,刘猛,,T6,T6 当代全球文学,,REVIEW,缺少可机器读取的 year；需要按成书/定稿/首次发表史人工核验,个人补录,WL-WORK-2770
冰菓.md,冰菓,米泽穗信,,T6,T6 当代全球文学,,REVIEW,缺少可机器读取的 year；需要按成书/定稿/首次发表史人工核验,自动通过,WL-WORK-0199
冰雨的风暴.md,冰雨的风暴,乔治·R.R.马丁,,T6,T6 当代全球文学,,REVIEW,缺少可机器读取的 year；需要按成书/定稿/首次发表史人工核验,自动通过,WL-WORK-0595
冰雪女王.md,冰雪女王,安徒生,,T3,T3 19世纪现代文学体系,,REVIEW,缺少可机器读取的 year；需要按成书/定稿/首次发表史人工核验,自动通过,WL-WORK-0596
冲击波骑士.md,冲击波骑士,约翰·布鲁纳,,T5,T5 二战后多极文学,,REVIEW,缺少可机器读取的 year；需要按成书/定稿/首次发表史人工核验,自动通过,WL-WORK-0998
冷肉.md,冷肉,萨达特·哈桑·曼托,,T5,T5 二战后多极文学,,REVIEW,缺少可机器读取的 year；需要按成书/定稿/首次发表史人工核验,自动通过,WL-WORK-1596
凉生我们可不可以不忧伤.md,凉生我们可不可以不忧伤,乐小米,,T6,T6 当代全球文学,,REVIEW,缺少可机器读取的 year；需要按成书/定稿/首次发表史人工核验,个人补录,WL-WORK-2748
凡人修仙传.md,凡人修仙传,忘语,,T6,T6 当代全球文学,,REVIEW,缺少可机器读取的 year；需要按成书/定稿/首次发表史人工核验,自动通过,WL-WORK-0597
凤凰剑.md,凤凰剑,罗伯特·E.霍华德,,T4,T4 全球现代主义时代,,REVIEW,缺少可机器读取的 year；需要按成书/定稿/首次发表史人工核验,自动通过,WL-WORK-0598
凯瑟琳·安·波特短篇小说集.md,凯瑟琳·安·波特短篇小说集,凯瑟琳·安·波特,,T5,T5 二战后多极文学,,REVIEW,缺少可机器读取的 year；需要按成书/定稿/首次发表史人工核验,需复核,WL-WORK-2992
凯雷特史诗.md,凯雷特史诗,佚名,,T0,T0 文学源头与古代文学,,REVIEW,缺少可机器读取的 year；需要按成书/定稿/首次发表史人工核验,自动通过,WL-WORK-1413
凶人邸谜案.md,凶人邸谜案,今村昌弘,,T6,T6 当代全球文学,,REVIEW,缺少可机器读取的 year；需要按成书/定稿/首次发表史人工核验,自动通过,WL-WORK-0207
出埃及记.md,出埃及记,佚名,,T0,T0 文学源头与古代文学,,REVIEW,缺少可机器读取的 year；需要按成书/定稿/首次发表史人工核验,自动通过,WL-WORK-1414
出租.md,出租,约翰·高尔斯华绥,,T4,T4 全球现代主义时代,,REVIEW,缺少可机器读取的 year；需要按成书/定稿/首次发表史人工核验,自动通过,WL-WORK-1000
击剑大师.md,击剑大师,阿图罗·佩雷斯-雷维特,,T6,T6 当代全球文学,,REVIEW,缺少可机器读取的 year；需要按成书/定稿/首次发表史人工核验,自动通过,WL-WORK-2458
刀锋本身.md,刀锋本身,乔·阿伯克龙比,,T6,T6 当代全球文学,,REVIEW,缺少可机器读取的 year；需要按成书/定稿/首次发表史人工核验,自动通过,WL-WORK-0600
分家.md,分家,赛珍珠,,T4,T4 全球现代主义时代,,REVIEW,缺少可机器读取的 year；需要按成书/定稿/首次发表史人工核验,自动通过,WL-WORK-1002
分裂的天空.md,分裂的天空,克里斯塔·沃尔夫,,T5,T5 二战后多极文学,,REVIEW,缺少可机器读取的 year；需要按成书/定稿/首次发表史人工核验,自动通过,WL-WORK-1597
切尔诺贝利的悲鸣.md,切尔诺贝利的悲鸣,阿列克谢耶维奇,,T6,T6 当代全球文学,,REVIEW,缺少可机器读取的 year；需要按成书/定稿/首次发表史人工核验,自动通过,WL-WORK-2026
列王的纷争.md,列王的纷争,乔治·R.R.马丁,,T6,T6 当代全球文学,,REVIEW,缺少可机器读取的 year；需要按成书/定稿/首次发表史人工核验,自动通过,WL-WORK-0601
列王纪.md,列王纪,菲尔多西,,T1,T1 中古多中心文学世界,,REVIEW,缺少可机器读取的 year；需要按成书/定稿/首次发表史人工核验,自动通过,WL-WORK-1416
列车正点到达.md,列车正点到达,海因里希·伯尔,,T5,T5 二战后多极文学,,REVIEW,缺少可机器读取的 year；需要按成书/定稿/首次发表史人工核验,自动通过,WL-WORK-1598
创世记.md,创世记,佚名,,T0,T0 文学源头与古代文学,,REVIEW,缺少可机器读取的 year；需要按成书/定稿/首次发表史人工核验,自动通过,WL-WORK-1004
创业史.md,创业史,柳青,,T5,T5 二战后多极文学,,REVIEW,缺少可机器读取的 year；需要按成书/定稿/首次发表史人工核验,自动通过,WL-WORK-1599
利器.md,利器,吉莉安·弗琳,,T6,T6 当代全球文学,,REVIEW,缺少可机器读取的 year；需要按成书/定稿/首次发表史人工核验,需复核,WL-WORK-0130
利维坦觉醒.md,利维坦觉醒,詹姆斯·S.A.科里,,T6,T6 当代全球文学,,REVIEW,缺少可机器读取的 year；需要按成书/定稿/首次发表史人工核验,自动通过,WL-WORK-0410
别名格蕾丝.md,别名格蕾丝,玛格丽特·阿特伍德,,T6,T6 当代全球文学,,REVIEW,缺少可机器读取的 year；需要按成书/定稿/首次发表史人工核验,自动通过,WL-WORK-1005
别让我走.md,别让我走,石黑一雄,,T6,T6 当代全球文学,,REVIEW,缺少可机器读取的 year；需要按成书/定稿/首次发表史人工核验,自动通过,WL-WORK-0431
到灯塔去.md,到灯塔去,弗吉尼亚·伍尔夫,,T4,T4 全球现代主义时代,,REVIEW,缺少可机器读取的 year；需要按成书/定稿/首次发表史人工核验,自动通过,WL-WORK-1006
刺客学徒.md,刺客学徒,罗宾·霍布,,T6,T6 当代全球文学,,REVIEW,缺少可机器读取的 year；需要按成书/定稿/首次发表史人工核验,自动通过,WL-WORK-0603
刺青杀人事件.md,刺青杀人事件,高木彬光,,T5,T5 二战后多极文学,,REVIEW,缺少可机器读取的 year；需要按成书/定稿/首次发表史人工核验,自动通过,WL-WORK-0157
刽子手之歌.md,刽子手之歌,诺曼·梅勒,,T5,T5 二战后多极文学,,REVIEW,缺少可机器读取的 year；需要按成书/定稿/首次发表史人工核验,需复核,WL-WORK-3000
前赤壁赋.md,前赤壁赋,苏轼,,T1,T1 中古多中心文学世界,,REVIEW,缺少可机器读取的 year；需要按成书/定稿/首次发表史人工核验,自动通过,WL-WORK-1418
剑与恶魔.md,剑与恶魔,弗里茨·莱伯,,T5,T5 二战后多极文学,,REVIEW,缺少可机器读取的 year；需要按成书/定稿/首次发表史人工核验,自动通过,WL-WORK-0604
剑客商卖.md,剑客商卖,池波正太郎,,T5,T5 二战后多极文学,,REVIEW,缺少可机器读取的 year；需要按成书/定稿/首次发表史人工核验,自动通过,WL-WORK-2459
剑气珠光.md,剑气珠光,还珠楼主,,T4,T4 全球现代主义时代,,REVIEW,缺少可机器读取的 year；需要按成书/定稿/首次发表史人工核验,自动通过,WL-WORK-2460
剑海鹰扬.md,剑海鹰扬,司马翎,,T5,T5 二战后多极文学,,REVIEW,缺少可机器读取的 year；需要按成书/定稿/首次发表史人工核验,自动通过,WL-WORK-2461
剧毒.md,剧毒,多萝西·L·塞耶斯,,T4,T4 全球现代主义时代,,REVIEW,缺少可机器读取的 year；需要按成书/定稿/首次发表史人工核验,自动通过,WL-WORK-0046
副本.md,副本,理查德·K.摩根,,T6,T6 当代全球文学,,REVIEW,缺少可机器读取的 year；需要按成书/定稿/首次发表史人工核验,自动通过,WL-WORK-0396
力量.md,力量,厄休拉·勒古恩,,T6,T6 当代全球文学,,REVIEW,缺少可机器读取的 year；需要按成书/定稿/首次发表史人工核验,需复核,WL-WORK-2950
劝导.md,劝导,简·奥斯汀,,T3,T3 19世纪现代文学体系,,REVIEW,缺少可机器读取的 year；需要按成书/定稿/首次发表史人工核验,自动通过,WL-WORK-2027
功名十字路.md,功名十字路,司马辽太郎,,T5,T5 二战后多极文学,,REVIEW,缺少可机器读取的 year；需要按成书/定稿/首次发表史人工核验,自动通过,WL-WORK-2462
加勒比女王.md,加勒比女王,埃米利奥·萨尔加里,,T4,T4 全球现代主义时代,,REVIEW,缺少可机器读取的 year；需要按成书/定稿/首次发表史人工核验,自动通过,WL-WORK-2463
加尔顿案件.md,加尔顿案件,罗斯·麦克唐纳,,T5,T5 二战后多极文学,,REVIEW,缺少可机器读取的 year；需要按成书/定稿/首次发表史人工核验,自动通过,WL-WORK-0089
加布里埃拉.md,加布里埃拉,若热·亚马多,,T5,T5 二战后多极文学,,REVIEW,缺少可机器读取的 year；需要按成书/定稿/首次发表史人工核验,需复核,WL-WORK-3207
加速.md,加速,查尔斯·斯特罗斯,,T6,T6 当代全球文学,,REVIEW,缺少可机器读取的 year；需要按成书/定稿/首次发表史人工核验,自动通过,WL-WORK-0397
动物农场.md,动物农场,乔治·奥威尔,,T5,T5 二战后多极文学,,REVIEW,缺少可机器读取的 year；需要按成书/定稿/首次发表史人工核验,个人补录,WL-WORK-2683
劳儿之劫.md,劳儿之劫,玛格丽特·杜拉斯,,T5,T5 二战后多极文学,,REVIEW,缺少可机器读取的 year；需要按成书/定稿/首次发表史人工核验,自动通过,WL-WORK-1602
勒内.md,勒内,夏多布里昂,,T3,T3 19世纪现代文学体系,,REVIEW,缺少可机器读取的 year；需要按成书/定稿/首次发表史人工核验,手工核验,WL-WORK-M2-62EF7614199C
化身博士.md,化身博士,罗伯特·路易斯·史蒂文森,,T3,T3 19世纪现代文学体系,,REVIEW,缺少可机器读取的 year；需要按成书/定稿/首次发表史人工核验,自动通过,WL-WORK-0605
北欧众神.md,北欧众神,尼尔·盖曼,,T6,T6 当代全球文学,,REVIEW,缺少可机器读取的 year；需要按成书/定稿/首次发表史人工核验,自动通过,WL-WORK-0606
北迁季节.md,北迁季节,塔伊布·萨利赫,,T5,T5 二战后多极文学,,REVIEW,缺少可机器读取的 year；需要按成书/定稿/首次发表史人工核验,自动通过,WL-WORK-1603
北风的背后.md,北风的背后,乔治·麦克唐纳,,T3,T3 19世纪现代文学体系,,REVIEW,缺少可机器读取的 year；需要按成书/定稿/首次发表史人工核验,自动通过,WL-WORK-0607
医者之战.md,医者之战,伊丽莎白·安妮·斯卡伯勒,,T6,T6 当代全球文学,,REVIEW,缺少可机器读取的 year；需要按成书/定稿/首次发表史人工核验,需复核,WL-WORK-2938
十二国记：月之影 影之海.md,十二国记：月之影 影之海,小野不由美,,T6,T6 当代全球文学,,REVIEW,缺少可机器读取的 year；需要按成书/定稿/首次发表史人工核验,自动通过,WL-WORK-0608
十字军骑士.md,十字军骑士,显克维奇,,T3,T3 19世纪现代文学体系,,REVIEW,缺少可机器读取的 year；需要按成书/定稿/首次发表史人工核验,自动通过,WL-WORK-2465
十字架上的魔鬼.md,十字架上的魔鬼,恩古吉·瓦·提安哥,,T6,T6 当代全球文学,,REVIEW,缺少可机器读取的 year；需要按成书/定稿/首次发表史人工核验,需复核,WL-WORK-3197
十日谈.md,十日谈,乔万尼·薄伽丘,,T1,T1 中古多中心文学世界,,REVIEW,缺少可机器读取的 year；需要按成书/定稿/首次发表史人工核验,需复核,WL-WORK-2813
十月国度.md,十月国度,雷·布拉德伯里,,T5,T5 二战后多极文学,,REVIEW,缺少可机器读取的 year；需要按成书/定稿/首次发表史人工核验,自动通过,WL-WORK-0609
十角馆事件.md,十角馆事件,绫辻行人,,T6,T6 当代全球文学,,REVIEW,缺少可机器读取的 year；需要按成书/定稿/首次发表史人工核验,自动通过,WL-WORK-0179
千禧年人.md,千禧年人,J.G.巴拉德,,T6,T6 当代全球文学,,REVIEW,缺少可机器读取的 year；需要按成书/定稿/首次发表史人工核验,自动通过,WL-WORK-1008
千里江山图.md,千里江山图,孙甘露,,T6,T6 当代全球文学,,REVIEW,缺少可机器读取的 year；需要按成书/定稿/首次发表史人工核验,需复核,WL-WORK-2894
午夜凶铃.md,午夜凶铃,铃木光司,,T6,T6 当代全球文学,,REVIEW,缺少可机器读取的 year；需要按成书/定稿/首次发表史人工核验,自动通过,WL-WORK-0612
半生缘.md,半生缘,张爱玲,,T5,T5 二战后多极文学,,REVIEW,缺少可机器读取的 year；需要按成书/定稿/首次发表史人工核验,自动通过,WL-WORK-2029
半落.md,半落,横山秀夫,,T6,T6 当代全球文学,,REVIEW,缺少可机器读取的 year；需要按成书/定稿/首次发表史人工核验,自动通过,WL-WORK-0175
华冈青洲之妻.md,华冈青洲之妻,有吉佐和子,,T5,T5 二战后多极文学,,REVIEW,缺少可机器读取的 year；需要按成书/定稿/首次发表史人工核验,自动通过,WL-WORK-1010
华夏集.md,华夏集,埃兹拉·庞德,,T4,T4 全球现代主义时代,,REVIEW,缺少可机器读取的 year；需要按成书/定稿/首次发表史人工核验,自动通过,WL-WORK-1605
华氏451.md,华氏451,雷·布拉德伯里,,T5,T5 二战后多极文学,,REVIEW,缺少可机器读取的 year；需要按成书/定稿/首次发表史人工核验,自动通过,WL-WORK-0319
华胥引.md,华胥引,唐七公子,,T6,T6 当代全球文学,,REVIEW,缺少可机器读取的 year；需要按成书/定稿/首次发表史人工核验,个人补录,WL-WORK-2747
卖牛奶的台维.md,卖牛奶的台维,肖洛姆·阿莱赫姆,,T4,T4 全球现代主义时代,,REVIEW,缺少可机器读取的 year；需要按成书/定稿/首次发表史人工核验,需复核,WL-WORK-3194
南太平洋故事.md,南太平洋故事,詹姆斯·A·米奇纳,,T5,T5 二战后多极文学,,REVIEW,缺少可机器读取的 year；需要按成书/定稿/首次发表史人工核验,需复核,WL-WORK-2981
南方与北方.md,南方与北方,盖斯凯尔夫人,,T3,T3 19世纪现代文学体系,,REVIEW,缺少可机器读取的 year；需要按成书/定稿/首次发表史人工核验,自动通过,WL-WORK-2030
占星术杀人魔法.md,占星术杀人魔法,岛田庄司,,T6,T6 当代全球文学,,REVIEW,缺少可机器读取的 year；需要按成书/定稿/首次发表史人工核验,自动通过,WL-WORK-0176
卡卡温罗摩衍那.md,卡卡温罗摩衍那,佚名,,T1,T1 中古多中心文学世界,,REVIEW,缺少可机器读取的 year；需要按成书/定稿/首次发表史人工核验,自动通过,WL-WORK-1420
卡拉贾奥兰诗歌.md,卡拉贾奥兰诗歌,卡拉贾奥兰,,T2,T2 早期现代文学,,REVIEW,缺少可机器读取的 year；需要按成书/定稿/首次发表史人工核验,手工核验,WL-WORK-R1-KARACAOGLAN
卡瓦利与克雷的神奇冒险.md,卡瓦利与克雷的神奇冒险,迈克尔·谢邦,,T6,T6 当代全球文学,,REVIEW,缺少可机器读取的 year；需要按成书/定稿/首次发表史人工核验,需复核,WL-WORK-3017
卡米拉.md,卡米拉,谢里登·勒法努,,T3,T3 19世纪现代文学体系,,REVIEW,缺少可机器读取的 year；需要按成书/定稿/首次发表史人工核验,自动通过,WL-WORK-0615
卡里来和笛木乃.md,卡里来和笛木乃,伊本·穆格法,,T1,T1 中古多中心文学世界,,REVIEW,缺少可机器读取的 year；需要按成书/定稿/首次发表史人工核验,需复核,WL-WORK-T1-KALILA
卡门.md,卡门,梅里美,,T3,T3 19世纪现代文学体系,,REVIEW,缺少可机器读取的 year；需要按成书/定稿/首次发表史人工核验,自动通过,WL-WORK-2471
卢济塔尼亚人之歌.md,卢济塔尼亚人之歌,路易斯·德·卡蒙斯,,T2,T2 早期现代文学,,REVIEW,缺少可机器读取的 year；需要按成书/定稿/首次发表史人工核验,需复核,WL-WORK-3168
卫兵！卫兵！.md,卫兵！卫兵！,特里·普拉切特,,T6,T6 当代全球文学,,REVIEW,缺少可机器读取的 year；需要按成书/定稿/首次发表史人工核验,自动通过,WL-WORK-0616
印斯茅斯的阴霾.md,印斯茅斯的阴霾,洛夫克拉夫特,,T4,T4 全球现代主义时代,,REVIEW,缺少可机器读取的 year；需要按成书/定稿/首次发表史人工核验,自动通过,WL-WORK-0617
危险幻象.md,危险幻象,哈兰·埃里森,,T5,T5 二战后多极文学,,REVIEW,缺少可机器读取的 year；需要按成书/定稿/首次发表史人工核验,需复核,WL-WORK-0367
厄舍府的倒塌.md,厄舍府的倒塌,爱伦·坡,,T3,T3 19世纪现代文学体系,,REVIEW,缺少可机器读取的 year；需要按成书/定稿/首次发表史人工核验,自动通过,WL-WORK-0618
历史.md,历史,希罗多德,,T0,T0 文学源头与古代文学,,REVIEW,缺少可机器读取的 year；需要按成书/定稿/首次发表史人工核验,自动通过,WL-WORK-1422
历史的天空.md,历史的天空,徐贵祥,,T6,T6 当代全球文学,,REVIEW,缺少可机器读取的 year；需要按成书/定稿/首次发表史人工核验,需复核,WL-WORK-2872
历史（希罗多德）.md,历史（希罗多德）,希罗多德,,T0,T0 文学源头与古代文学,,REVIEW,缺少可机器读取的 year；需要按成书/定稿/首次发表史人工核验,手工核验,WL-WORK-R1-HERODOTUS-HISTORIES
历史（莫兰特）.md,历史,埃尔莎·莫兰特,,T5,T5 二战后多极文学,,REVIEW,缺少可机器读取的 year；需要按成书/定稿/首次发表史人工核验,需复核,WL-WORK-3162
厌世者.md,厌世者,莫里哀,,T2,T2 早期现代文学,,REVIEW,缺少可机器读取的 year；需要按成书/定稿/首次发表史人工核验,需复核,WL-WORK-2831
原始人.md,原始人,罗伯特·J·索耶,,T6,T6 当代全球文学,,REVIEW,缺少可机器读取的 year；需要按成书/定稿/首次发表史人工核验,需复核,WL-WORK-2917
厨房.md,厨房,吉本芭娜娜,,T6,T6 当代全球文学,,REVIEW,缺少可机器读取的 year；需要按成书/定稿/首次发表史人工核验,自动通过,WL-WORK-2032
去你四散的身躯.md,去你四散的身躯,菲利普·何塞·法默,,T5,T5 二战后多极文学,,REVIEW,缺少可机器读取的 year；需要按成书/定稿/首次发表史人工核验,需复核,WL-WORK-2903
去卡拉的使命.md,去卡拉的使命,蒙戈·贝蒂,,T5,T5 二战后多极文学,,REVIEW,缺少可机器读取的 year；需要按成书/定稿/首次发表史人工核验,自动通过,WL-WORK-1609
去吧，摩西.md,去吧，摩西,福克纳,,T4,T4 全球现代主义时代,,REVIEW,缺少可机器读取的 year；需要按成书/定稿/首次发表史人工核验,自动通过,WL-WORK-1014
去斯万家那边.md,去斯万家那边,普鲁斯特,,T4,T4 全球现代主义时代,,REVIEW,缺少可机器读取的 year；需要按成书/定稿/首次发表史人工核验,自动通过,WL-WORK-1610
双城记.md,双城记,查尔斯·狄更斯,,T3,T3 19世纪现代文学体系,,REVIEW,缺少可机器读取的 year；需要按成书/定稿/首次发表史人工核验,自动通过,WL-WORK-1015
双头恶魔.md,双头恶魔,有栖川有栖,,T6,T6 当代全球文学,,REVIEW,缺少可机器读取的 year；需要按成书/定稿/首次发表史人工核验,自动通过,WL-WORK-0185
双星.md,双星,罗伯特·海因莱因,,T5,T5 二战后多极文学,,REVIEW,缺少可机器读取的 year；需要按成书/定稿/首次发表史人工核验,自动通过,WL-WORK-0304
双重赔偿.md,双重赔偿,詹姆斯·M.凯恩,,T4,T4 全球现代主义时代,,REVIEW,缺少可机器读取的 year；需要按成书/定稿/首次发表史人工核验,自动通过,WL-WORK-0079
发光体.md,发光体,埃莉诺·卡顿,,T6,T6 当代全球文学,,REVIEW,缺少可机器读取的 year；需要按成书/定稿/首次发表史人工核验,需复核,WL-WORK-3070
发条女孩.md,发条女孩,保罗·巴奇加卢皮,,T6,T6 当代全球文学,,REVIEW,缺少可机器读取的 year；需要按成书/定稿/首次发表史人工核验,自动通过,WL-WORK-0427
变形记.md,变形记,奥维德,,T0,T0 文学源头与古代文学,,REVIEW,缺少可机器读取的 year；需要按成书/定稿/首次发表史人工核验,手工核验,WL-WORK-1423
变革时代.md,变革时代,罗伯特·西尔弗伯格,,T5,T5 二战后多极文学,,REVIEW,缺少可机器读取的 year；需要按成书/定稿/首次发表史人工核验,需复核,WL-WORK-2932
古今和歌集.md,古今和歌集,多人（纪贯之等编）,,T1,T1 中古多中心文学世界,,REVIEW,缺少可机器读取的 year；需要按成书/定稿/首次发表史人工核验,需复核,WL-WORK-3180
古兰经.md,古兰经,传统文本,,T1,T1 中古多中心文学世界,,REVIEW,缺少可机器读取的 year；需要按成书/定稿/首次发表史人工核验,手工核验,WL-WORK-R1-QURAN
古拉格群岛.md,古拉格群岛,索尔仁尼琴,,T5,T5 二战后多极文学,,REVIEW,缺少可机器读取的 year；需要按成书/定稿/首次发表史人工核验,自动通过,WL-WORK-1612
古文物专家的鬼故事.md,古文物专家的鬼故事,M.R.詹姆斯,,T4,T4 全球现代主义时代,,REVIEW,缺少可机器读取的 year；需要按成书/定稿/首次发表史人工核验,自动通过,WL-WORK-0620
古斯特少尉.md,古斯特少尉,阿图尔·施尼茨勒,,T4,T4 全球现代主义时代,,REVIEW,缺少可机器读取的 year；需要按成书/定稿/首次发表史人工核验,自动通过,WL-WORK-1613
古舟子咏.md,古舟子咏,塞缪尔·泰勒·柯勒律治,,T3,T3 19世纪现代文学体系,,REVIEW,缺少可机器读取的 year；需要按成书/定稿/首次发表史人工核验,手工核验,WL-WORK-M2-6E4EC00F3A93
可以吃的女人.md,可以吃的女人,玛格丽特·阿特伍德,,T5,T5 二战后多极文学,,REVIEW,缺少可机器读取的 year；需要按成书/定稿/首次发表史人工核验,自动通过,WL-WORK-1614
可以筑巢的人.md,可以筑巢的人,约翰·威斯韦尔,,T6,T6 当代全球文学,,REVIEW,缺少可机器读取的 year；需要按成书/定稿/首次发表史人工核验,需复核,WL-WORK-2956
台北人.md,台北人,白先勇,,T5,T5 二战后多极文学,,REVIEW,缺少可机器读取的 year；需要按成书/定稿/首次发表史人工核验,自动通过,WL-WORK-1615
史记.md,史记,司马迁,,T0,T0 文学源头与古代文学,,REVIEW,缺少可机器读取的 year；需要按成书/定稿/首次发表史人工核验,自动通过,WL-WORK-1017
史记·刺客列传.md,史记·刺客列传,司马迁,,T0,T0 文学源头与古代文学,,REVIEW,缺少可机器读取的 year；需要按成书/定稿/首次发表史人工核验,自动通过,WL-WORK-2474
史记·游侠列传.md,史记·游侠列传,司马迁,,T0,T0 文学源头与古代文学,,REVIEW,缺少可机器读取的 year；需要按成书/定稿/首次发表史人工核验,自动通过,WL-WORK-2475
叶甫盖尼·奥涅金.md,叶甫盖尼·奥涅金,普希金,,T3,T3 19世纪现代文学体系,,REVIEW,缺少可机器读取的 year；需要按成书/定稿/首次发表史人工核验,手工核验,WL-WORK-M2-0FD416E4AD62
叶隐入门.md,叶隐入门,三岛由纪夫,,T5,T5 二战后多极文学,,REVIEW,缺少可机器读取的 year；需要按成书/定稿/首次发表史人工核验,自动通过,WL-WORK-2477
合成人.md,合成人,帕特·卡迪根,,T6,T6 当代全球文学,,REVIEW,缺少可机器读取的 year；需要按成书/定稿/首次发表史人工核验,自动通过,WL-WORK-0393
吉尔伽美什史诗.md,吉尔伽美什史诗,佚名,,T0,T0 文学源头与古代文学,,REVIEW,缺少可机器读取的 year；需要按成书/定稿/首次发表史人工核验,自动通过,WL-WORK-1425
吉普赛谣曲.md,吉普赛谣曲,费德里科·加西亚·洛尔卡,,T4,T4 全球现代主义时代,,REVIEW,缺少可机器读取的 year；需要按成书/定稿/首次发表史人工核验,需复核,WL-WORK-3157
吉檀迦利.md,吉檀迦利,泰戈尔,,T4,T4 全球现代主义时代,,REVIEW,缺少可机器读取的 year；需要按成书/定稿/首次发表史人工核验,手工核验,WL-WORK-2823
吉迪恩之火.md,吉迪恩之火,约翰·克里西,,T5,T5 二战后多极文学,,REVIEW,缺少可机器读取的 year；需要按成书/定稿/首次发表史人工核验,需复核,WL-WORK-3090
同名人.md,同名人,裘帕·拉希莉,,T6,T6 当代全球文学,,REVIEW,缺少可机器读取的 year；需要按成书/定稿/首次发表史人工核验,自动通过,WL-WORK-1018
名为和平的荒芜.md,名为和平的荒芜,阿卡狄·马丁,,T6,T6 当代全球文学,,REVIEW,缺少可机器读取的 year；需要按成书/定稿/首次发表史人工核验,需复核,WL-WORK-2926
名为帝国的记忆.md,名为帝国的记忆,阿尔卡迪·马丁,,T6,T6 当代全球文学,,REVIEW,缺少可机器读取的 year；需要按成书/定稿/首次发表史人工核验,自动通过,WL-WORK-0412
后水浒传.md,后水浒传,陈忱,,T2,T2 早期现代文学,,REVIEW,缺少可机器读取的 year；需要按成书/定稿/首次发表史人工核验,自动通过,WL-WORK-2478
后赤壁赋.md,后赤壁赋,苏轼,,T1,T1 中古多中心文学世界,,REVIEW,缺少可机器读取的 year；需要按成书/定稿/首次发表史人工核验,自动通过,WL-WORK-1426
向加泰罗尼亚致敬.md,向加泰罗尼亚致敬,乔治·奥威尔,,T4,T4 全球现代主义时代,,REVIEW,缺少可机器读取的 year；需要按成书/定稿/首次发表史人工核验,自动通过,WL-WORK-2036
向导.md,向导,R.K.纳拉扬,,T5,T5 二战后多极文学,,REVIEW,缺少可机器读取的 year；需要按成书/定稿/首次发表史人工核验,自动通过,WL-WORK-1616
向苍天呼吁.md,向苍天呼吁,詹姆斯·鲍德温,,T5,T5 二战后多极文学,,REVIEW,缺少可机器读取的 year；需要按成书/定稿/首次发表史人工核验,自动通过,WL-WORK-1019
吕意·布拉斯.md,吕意·布拉斯,维克多·雨果,,T3,T3 19世纪现代文学体系,,REVIEW,缺少可机器读取的 year；需要按成书/定稿/首次发表史人工核验,自动通过,WL-WORK-2479
吕西斯特拉忒.md,吕西斯特拉忒,阿里斯托芬,,T0,T0 文学源头与古代文学,,REVIEW,缺少可机器读取的 year；需要按成书/定稿/首次发表史人工核验,,WL-WORK-T0-LYSISTRATA
启示空间.md,启示空间,阿拉斯泰尔·雷诺兹,,T6,T6 当代全球文学,,REVIEW,缺少可机器读取的 year；需要按成书/定稿/首次发表史人工核验,自动通过,WL-WORK-0407
吸血鬼莱斯特.md,吸血鬼莱斯特,安妮·赖斯,,T6,T6 当代全球文学,,REVIEW,缺少可机器读取的 year；需要按成书/定稿/首次发表史人工核验,自动通过,WL-WORK-0623
吹哨吧，我就来.md,吹哨吧，我就来,M.R.詹姆斯,,T4,T4 全球现代主义时代,,REVIEW,缺少可机器读取的 year；需要按成书/定稿/首次发表史人工核验,自动通过,WL-WORK-0624
告别马焦拉.md,告别马焦拉,瓦连京·拉斯普京,,T5,T5 二战后多极文学,,REVIEW,缺少可机器读取的 year；需要按成书/定稿/首次发表史人工核验,自动通过,WL-WORK-1618
呐喊.md,呐喊,鲁迅,,T4,T4 全球现代主义时代,,REVIEW,缺少可机器读取的 year；需要按成书/定稿/首次发表史人工核验,手工核验,WL-WORK-1619
呼吸.md,呼吸,姜峯楠,,T6,T6 当代全球文学,,REVIEW,缺少可机器读取的 year；需要按成书/定稿/首次发表史人工核验,自动通过,WL-WORK-0422
呼吸课.md,呼吸课,安妮·泰勒,,T6,T6 当代全球文学,,REVIEW,缺少可机器读取的 year；需要按成书/定稿/首次发表史人工核验,需复核,WL-WORK-3006
呼啸山庄.md,呼啸山庄,艾米莉·勃朗特,,T3,T3 19世纪现代文学体系,,REVIEW,缺少可机器读取的 year；需要按成书/定稿/首次发表史人工核验,自动通过,WL-WORK-1020
和泉式部日记.md,和泉式部日记,紫式部,,T1,T1 中古多中心文学世界,,REVIEW,缺少可机器读取的 year；需要按成书/定稿/首次发表史人工核验,自动通过,WL-WORK-2037
和解者之爪.md,和解者之爪,吉恩·沃尔夫,,T6,T6 当代全球文学,,REVIEW,缺少可机器读取的 year；需要按成书/定稿/首次发表史人工核验,需复核,WL-WORK-2934
哈利·波特与凤凰社.md,哈利·波特与凤凰社,J.K.罗琳,,T6,T6 当代全球文学,,REVIEW,缺少可机器读取的 year；需要按成书/定稿/首次发表史人工核验,自动通过,WL-WORK-0626
哈利·波特与密室.md,哈利·波特与密室,J.K.罗琳,,T6,T6 当代全球文学,,REVIEW,缺少可机器读取的 year；需要按成书/定稿/首次发表史人工核验,个人补录,WL-WORK-2661
哈利·波特与死亡圣器.md,哈利·波特与死亡圣器,J.K.罗琳,,T6,T6 当代全球文学,,REVIEW,缺少可机器读取的 year；需要按成书/定稿/首次发表史人工核验,个人补录,WL-WORK-2664
哈利·波特与混血王子.md,哈利·波特与混血王子,J.K.罗琳,,T6,T6 当代全球文学,,REVIEW,缺少可机器读取的 year；需要按成书/定稿/首次发表史人工核验,个人补录,WL-WORK-2663
哈利·波特与火焰杯.md,哈利·波特与火焰杯,J.K.罗琳,,T6,T6 当代全球文学,,REVIEW,缺少可机器读取的 year；需要按成书/定稿/首次发表史人工核验,个人补录,WL-WORK-2662
哈利·波特与阿兹卡班的囚徒.md,哈利·波特与阿兹卡班的囚徒,J.K.罗琳,,T6,T6 当代全球文学,,REVIEW,缺少可机器读取的 year；需要按成书/定稿/首次发表史人工核验,自动通过,WL-WORK-0627
哈利·波特与魔法石.md,哈利·波特与魔法石,J.K.罗琳,,T6,T6 当代全球文学,,REVIEW,缺少可机器读取的 year；需要按成书/定稿/首次发表史人工核验,自动通过,WL-WORK-0628
哈吉·穆拉特.md,哈吉·穆拉特,列夫·托尔斯泰,,T3,T3 19世纪现代文学体系,,REVIEW,缺少可机器读取的 year；需要按成书/定稿/首次发表史人工核验,自动通过,WL-WORK-2038
哈尔的移动城堡.md,哈尔的移动城堡,戴安娜·韦恩·琼斯,,T6,T6 当代全球文学,,REVIEW,缺少可机器读取的 year；需要按成书/定稿/首次发表史人工核验,自动通过,WL-WORK-0629
哈德良回忆录.md,哈德良回忆录,玛格丽特·尤瑟纳尔,,T5,T5 二战后多极文学,,REVIEW,缺少可机器读取的 year；需要按成书/定稿/首次发表史人工核验,自动通过,WL-WORK-1022
哈特拉斯船长历险记.md,哈特拉斯船长历险记,儒勒·凡尔纳,,T3,T3 19世纪现代文学体系,,REVIEW,缺少可机器读取的 year；需要按成书/定稿/首次发表史人工核验,自动通过,WL-WORK-0630
哈菲兹诗集.md,哈菲兹诗集,哈菲兹,,T1,T1 中古多中心文学世界,,REVIEW,缺少可机器读取的 year；需要按成书/定稿/首次发表史人工核验,手工核验,WL-WORK-R1-HAFEZ-DIVAN
哈里里玛卡梅集.md,哈里里玛卡梅集,哈里里,,T1,T1 中古多中心文学世界,,REVIEW,缺少可机器读取的 year；需要按成书/定稿/首次发表史人工核验,需复核,WL-WORK-3188
哑舍.md,哑舍,玄色,,T6,T6 当代全球文学,,REVIEW,缺少可机器读取的 year；需要按成书/定稿/首次发表史人工核验,个人补录,WL-WORK-2746
哭泣吧，亲爱的祖国.md,哭泣吧，亲爱的祖国,艾伦·佩顿,,T5,T5 二战后多极文学,,REVIEW,缺少可机器读取的 year；需要按成书/定稿/首次发表史人工核验,需复核,WL-WORK-3201
唐璜.md,唐璜,拜伦,,T3,T3 19世纪现代文学体系,,REVIEW,缺少可机器读取的 year；需要按成书/定稿/首次发表史人工核验,手工核验,WL-WORK-M2-0910E69A00DB
啊，拓荒者！.md,啊，拓荒者！,薇拉·凯瑟,,T4,T4 全球现代主义时代,,REVIEW,缺少可机器读取的 year；需要按成书/定稿/首次发表史人工核验,自动通过,WL-WORK-2481
喀耳刻.md,喀耳刻,玛德琳·米勒,,T6,T6 当代全球文学,,REVIEW,缺少可机器读取的 year；需要按成书/定稿/首次发表史人工核验,自动通过,WL-WORK-0631
喜鹊谋杀案.md,喜鹊谋杀案,安东尼·霍罗维茨,,T6,T6 当代全球文学,,REVIEW,缺少可机器读取的 year；需要按成书/定稿/首次发表史人工核验,自动通过,WL-WORK-0142
喝眼泪的鸟.md,喝眼泪的鸟,李英道,,T6,T6 当代全球文学,,REVIEW,缺少可机器读取的 year；需要按成书/定稿/首次发表史人工核验,自动通过,WL-WORK-0632
喧哗与骚动.md,喧哗与骚动,福克纳,,T4,T4 全球现代主义时代,,REVIEW,缺少可机器读取的 year；需要按成书/定稿/首次发表史人工核验,自动通过,WL-WORK-1025
嘲笑鸟.md,嘲笑鸟,苏珊·柯林斯,,T6,T6 当代全球文学,,REVIEW,缺少可机器读取的 year；需要按成书/定稿/首次发表史人工核验,自动通过,WL-WORK-1026
四个四重奏.md,四个四重奏,T.S.艾略特,,T4,T4 全球现代主义时代,,REVIEW,缺少可机器读取的 year；需要按成书/定稿/首次发表史人工核验,自动通过,WL-WORK-1623
四十五卫士.md,四十五卫士,大仲马,,T3,T3 19世纪现代文学体系,,REVIEW,缺少可机器读取的 year；需要按成书/定稿/首次发表史人工核验,自动通过,WL-WORK-2482
四朝代.md,四朝代,克立·巴莫,,T5,T5 二战后多极文学,,REVIEW,缺少可机器读取的 year；需要按成书/定稿/首次发表史人工核验,需复核,WL-WORK-3174
四签名.md,四签名,柯南·道尔,,T4,T4 全球现代主义时代,,REVIEW,缺少可机器读取的 year；需要按成书/定稿/首次发表史人工核验,自动通过,WL-WORK-0010
回响.md,回响,东西,,T6,T6 当代全球文学,,REVIEW,缺少可机器读取的 year；需要按成书/定稿/首次发表史人工核验,需复核,WL-WORK-2895
回旋余地.md,回旋余地,詹姆斯·艾伦·麦克弗森,,T5,T5 二战后多极文学,,REVIEW,缺少可机器读取的 year；需要按成书/定稿/首次发表史人工核验,需复核,WL-WORK-2998
回顾：2000—1887.md,回顾：2000—1887,爱德华·贝拉米,,T3,T3 19世纪现代文学体系,,REVIEW,缺少可机器读取的 year；需要按成书/定稿/首次发表史人工核验,自动通过,WL-WORK-0265
园丁之犬.md,园丁之犬,洛佩·德·维加,,T2,T2 早期现代文学,,REVIEW,缺少可机器读取的 year；需要按成书/定稿/首次发表史人工核验,自动通过,WL-WORK-2483
围城.md,围城,钱钟书,,T5,T5 二战后多极文学,,REVIEW,缺少可机器读取的 year；需要按成书/定稿/首次发表史人工核验,自动通过,WL-WORK-2039
国王的人马.md,国王的人马,罗伯特·佩恩·沃伦,,T5,T5 二战后多极文学,,REVIEW,缺少可机器读取的 year；需要按成书/定稿/首次发表史人工核验,需复核,WL-WORK-2980
国王的赎金.md,国王的赎金,埃德·麦克贝恩,,T5,T5 二战后多极文学,,REVIEW,缺少可机器读取的 year；需要按成书/定稿/首次发表史人工核验,自动通过,WL-WORK-0101
国王的黄金.md,国王的黄金,阿图罗·佩雷斯-雷维特,,T6,T6 当代全球文学,,REVIEW,缺少可机器读取的 year；需要按成书/定稿/首次发表史人工核验,自动通过,WL-WORK-2485
国盗物语.md,国盗物语,司马辽太郎,,T5,T5 二战后多极文学,,REVIEW,缺少可机器读取的 year；需要按成书/定稿/首次发表史人工核验,自动通过,WL-WORK-1029
图像诗.md,图像诗,阿波利奈尔,,T4,T4 全球现代主义时代,,REVIEW,缺少可机器读取的 year；需要按成书/定稿/首次发表史人工核验,自动通过,WL-WORK-1625
土地.md,土地,朴景利,,T5,T5 二战后多极文学,,REVIEW,缺少可机器读取的 year；需要按成书/定稿/首次发表史人工核验,自动通过,WL-WORK-1031
土星之环.md,土星之环,W.G.塞巴尔德,,T6,T6 当代全球文学,,REVIEW,缺少可机器读取的 year；需要按成书/定稿/首次发表史人工核验,自动通过,WL-WORK-1429
土生子.md,土生子,理查德·赖特,,T4,T4 全球现代主义时代,,REVIEW,缺少可机器读取的 year；需要按成书/定稿/首次发表史人工核验,自动通过,WL-WORK-1626
圣女的救济.md,圣女的救济,东野圭吾,,T6,T6 当代全球文学,,REVIEW,缺少可机器读取的 year；需要按成书/定稿/首次发表史人工核验,自动通过,WL-WORK-0213
圣彼得节的奇迹.md,圣彼得节的奇迹,埃利斯·彼得斯,,T5,T5 二战后多极文学,,REVIEW,缺少可机器读取的 year；需要按成书/定稿/首次发表史人工核验,需复核,WL-WORK-0133
圣徒与疯子的城市.md,圣徒与疯子的城市,杰夫·范德米尔,,T6,T6 当代全球文学,,REVIEW,缺少可机器读取的 year；需要按成书/定稿/首次发表史人工核验,自动通过,WL-WORK-0633
圣殿春秋.md,圣殿春秋,肯·福莱特,,T6,T6 当代全球文学,,REVIEW,缺少可机器读取的 year；需要按成书/定稿/首次发表史人工核验,自动通过,WL-WORK-1032
圣诞颂歌.md,圣诞颂歌,查尔斯·狄更斯,,T3,T3 19世纪现代文学体系,,REVIEW,缺少可机器读取的 year；需要按成书/定稿/首次发表史人工核验,自动通过,WL-WORK-0634
圣路易斯雷大桥.md,圣路易斯雷大桥,桑顿·怀尔德,,T4,T4 全球现代主义时代,,REVIEW,缺少可机器读取的 year；需要按成书/定稿/首次发表史人工核验,需复核,WL-WORK-2966
圣骨疑云.md,圣骨疑云,埃利斯·彼得斯,,T5,T5 二战后多极文学,,REVIEW,缺少可机器读取的 year；需要按成书/定稿/首次发表史人工核验,自动通过,WL-WORK-1033
在人间.md,在人间,高尔基,,T4,T4 全球现代主义时代,,REVIEW,缺少可机器读取的 year；需要按成书/定稿/首次发表史人工核验,自动通过,WL-WORK-1034
在别人中间.md,在别人中间,乔·沃尔顿,,T6,T6 当代全球文学,,REVIEW,缺少可机器读取的 year；需要按成书/定稿/首次发表史人工核验,需复核,WL-WORK-2922
在我们的时代里.md,在我们的时代里,海明威,,T4,T4 全球现代主义时代,,REVIEW,缺少可机器读取的 year；需要按成书/定稿/首次发表史人工核验,自动通过,WL-WORK-1628
在我们的生命里.md,在我们的生命里,埃伦·格拉斯哥,,T4,T4 全球现代主义时代,,REVIEW,缺少可机器读取的 year；需要按成书/定稿/首次发表史人工核验,需复核,WL-WORK-2976
在我皮肤的城堡里.md,在我皮肤的城堡里,乔治·拉明,,T5,T5 二战后多极文学,,REVIEW,缺少可机器读取的 year；需要按成书/定稿/首次发表史人工核验,自动通过,WL-WORK-1629
在自由的国度.md,在自由的国度,V.S.奈保尔,,T5,T5 二战后多极文学,,REVIEW,缺少可机器读取的 year；需要按成书/定稿/首次发表史人工核验,需复核,WL-WORK-3037
地下室手记.md,地下室手记,陀思妥耶夫斯基,,T3,T3 19世纪现代文学体系,,REVIEW,缺少可机器读取的 year；需要按成书/定稿/首次发表史人工核验,自动通过,WL-WORK-1631
地下铁道.md,地下铁道,科尔森·怀特黑德,,T6,T6 当代全球文学,,REVIEW,缺少可机器读取的 year；需要按成书/定稿/首次发表史人工核验,自动通过,WL-WORK-1035
地心游记.md,地心游记,儒勒·凡尔纳,,T3,T3 19世纪现代文学体系,,REVIEW,缺少可机器读取的 year；需要按成书/定稿/首次发表史人工核验,自动通过,WL-WORK-0267
地海古墓.md,地海古墓,厄休拉·勒古恩,,T5,T5 二战后多极文学,,REVIEW,缺少可机器读取的 year；需要按成书/定稿/首次发表史人工核验,自动通过,WL-WORK-0635
地海孤雏.md,地海孤雏,厄休拉·勒古恩,,T6,T6 当代全球文学,,REVIEW,缺少可机器读取的 year；需要按成书/定稿/首次发表史人工核验,需复核,WL-WORK-2939
地海巫师.md,地海巫师,厄休拉·勒古恩,,T5,T5 二战后多极文学,,REVIEW,缺少可机器读取的 year；需要按成书/定稿/首次发表史人工核验,自动通过,WL-WORK-0636
地狱之心.md,地狱之心,克莱夫·巴克,,T6,T6 当代全球文学,,REVIEW,缺少可机器读取的 year；需要按成书/定稿/首次发表史人工核验,自动通过,WL-WORK-0637
地狱屋.md,地狱屋,理查德·麦瑟森,,T5,T5 二战后多极文学,,REVIEW,缺少可机器读取的 year；需要按成书/定稿/首次发表史人工核验,自动通过,WL-WORK-0638
坂上之云.md,坂上之云,司马辽太郎,,T5,T5 二战后多极文学,,REVIEW,缺少可机器读取的 year；需要按成书/定稿/首次发表史人工核验,自动通过,WL-WORK-1036
坎特伯雷故事集.md,坎特伯雷故事集,杰弗里·乔叟,,T1,T1 中古多中心文学世界,,REVIEW,缺少可机器读取的 year；需要按成书/定稿/首次发表史人工核验,需复核,WL-WORK-2812
坏小孩.md,坏小孩,紫金陈,,T6,T6 当代全球文学,,REVIEW,缺少可机器读取的 year；需要按成书/定稿/首次发表史人工核验,自动通过,WL-WORK-0244
坟场之书.md,坟场之书,尼尔·盖曼,,T6,T6 当代全球文学,,REVIEW,缺少可机器读取的 year；需要按成书/定稿/首次发表史人工核验,需复核,WL-WORK-2920
坠落的女人.md,坠落的女人,帕特·墨菲,,T6,T6 当代全球文学,,REVIEW,缺少可机器读取的 year；需要按成书/定稿/首次发表史人工核验,需复核,WL-WORK-2936
埃努玛·埃利什.md,埃努玛·埃利什,佚名,,T0,T0 文学源头与古代文学,,REVIEW,缺少可机器读取的 year；需要按成书/定稿/首次发表史人工核验,自动通过,WL-WORK-1432
埃及亡灵书.md,埃及亡灵书,佚名,,T0,T0 文学源头与古代文学,,REVIEW,缺少可机器读取的 year；需要按成书/定稿/首次发表史人工核验,自动通过,WL-WORK-1433
埃及十字架之谜.md,埃及十字架之谜,埃勒里·奎因,,T4,T4 全球现代主义时代,,REVIEW,缺少可机器读取的 year；需要按成书/定稿/首次发表史人工核验,自动通过,WL-WORK-0040
埃拉史诗.md,埃拉史诗,佚名,,T0,T0 文学源头与古代文学,,REVIEW,缺少可机器读取的 year；需要按成书/定稿/首次发表史人工核验,自动通过,WL-WORK-1434
埃涅阿斯纪.md,埃涅阿斯纪,维吉尔,,T0,T0 文学源头与古代文学,,REVIEW,缺少可机器读取的 year；需要按成书/定稿/首次发表史人工核验,自动通过,WL-WORK-0640
城与城.md,城与城,查纳·米耶维,,T6,T6 当代全球文学,,REVIEW,缺少可机器读取的 year；需要按成书/定稿/首次发表史人工核验,自动通过,WL-WORK-0424
城堡.md,城堡,卡夫卡,,T4,T4 全球现代主义时代,,REVIEW,缺少可机器读取的 year；需要按成书/定稿/首次发表史人工核验,自动通过,WL-WORK-1635
城塞.md,城塞,司马辽太郎,,T5,T5 二战后多极文学,,REVIEW,缺少可机器读取的 year；需要按成书/定稿/首次发表史人工核验,自动通过,WL-WORK-2487
城市.md,城市,克利福德·西马克,,T5,T5 二战后多极文学,,REVIEW,缺少可机器读取的 year；需要按成书/定稿/首次发表史人工核验,自动通过,WL-WORK-0312
城市与群星.md,城市与群星,阿瑟·克拉克,,T5,T5 二战后多极文学,,REVIEW,缺少可机器读取的 year；需要按成书/定稿/首次发表史人工核验,自动通过,WL-WORK-0308
基列家书.md,基列家书,玛丽莲·罗宾逊,,T6,T6 当代全球文学,,REVIEW,缺少可机器读取的 year；需要按成书/定稿/首次发表史人工核验,自动通过,WL-WORK-1040
基地.md,基地,艾萨克·阿西莫夫,,T5,T5 二战后多极文学,,REVIEW,缺少可机器读取的 year；需要按成书/定稿/首次发表史人工核验,自动通过,WL-WORK-0295
基地与帝国.md,基地与帝国,艾萨克·阿西莫夫,,T5,T5 二战后多极文学,,REVIEW,缺少可机器读取的 year；需要按成书/定稿/首次发表史人工核验,自动通过,WL-WORK-0296
基地边缘.md,基地边缘,艾萨克·阿西莫夫,,T6,T6 当代全球文学,,REVIEW,缺少可机器读取的 year；需要按成书/定稿/首次发表史人工核验,需复核,WL-WORK-2908
基督山伯爵.md,基督山伯爵,大仲马,,T3,T3 19世纪现代文学体系,,REVIEW,缺少可机器读取的 year；需要按成书/定稿/首次发表史人工核验,自动通过,WL-WORK-0641
堂卡斯穆罗.md,堂卡斯穆罗,马沙多·德·阿西斯,,T4,T4 全球现代主义时代,,REVIEW,缺少可机器读取的 year；需要按成书/定稿/首次发表史人工核验,自动通过,WL-WORK-1636
堺事件.md,堺事件,森鸥外,,T4,T4 全球现代主义时代,,REVIEW,缺少可机器读取的 year；需要按成书/定稿/首次发表史人工核验,自动通过,WL-WORK-2488
塔拉斯·布尔巴.md,塔拉斯·布尔巴,果戈理,,T3,T3 19世纪现代文学体系,,REVIEW,缺少可机器读取的 year；需要按成书/定稿/首次发表史人工核验,自动通过,WL-WORK-1043
塔玛斯.md,塔玛斯,比沙姆·萨赫尼,,T5,T5 二战后多极文学,,REVIEW,缺少可机器读取的 year；需要按成书/定稿/首次发表史人工核验,自动通过,WL-WORK-1639
塞伯鲁斯的第五颗头.md,塞伯鲁斯的第五颗头,吉恩·沃尔夫,,T5,T5 二战后多极文学,,REVIEW,缺少可机器读取的 year；需要按成书/定稿/首次发表史人工核验,自动通过,WL-WORK-0365
塞瓦斯托波尔纪事.md,塞瓦斯托波尔纪事,列夫·托尔斯泰,,T3,T3 19世纪现代文学体系,,REVIEW,缺少可机器读取的 year；需要按成书/定稿/首次发表史人工核验,自动通过,WL-WORK-2043
士兵归来.md,士兵归来,丽贝卡·韦斯特,,T4,T4 全球现代主义时代,,REVIEW,缺少可机器读取的 year；需要按成书/定稿/首次发表史人工核验,自动通过,WL-WORK-1045
处决笔记.md,处决笔记,丹娅·库卡夫卡,,T6,T6 当代全球文学,,REVIEW,缺少可机器读取的 year；需要按成书/定稿/首次发表史人工核验,需复核,WL-WORK-3149
复仇.md,复仇,小川洋子,,T6,T6 当代全球文学,,REVIEW,缺少可机器读取的 year；需要按成书/定稿/首次发表史人工核验,自动通过,WL-WORK-0643
复活者.md,复活者,伊恩·兰金,,T6,T6 当代全球文学,,REVIEW,缺少可机器读取的 year；需要按成书/定稿/首次发表史人工核验,需复核,WL-WORK-3130
夏之花.md,夏之花,原民喜,,T5,T5 二战后多极文学,,REVIEW,缺少可机器读取的 year；需要按成书/定稿/首次发表史人工核验,自动通过,WL-WORK-1641
夏日花.md,夏日花,原民喜,,T5,T5 二战后多极文学,,REVIEW,缺少可机器读取的 year；需要按成书/定稿/首次发表史人工核验,自动通过,WL-WORK-2045
夏有乔木雅望天堂.md,夏有乔木雅望天堂,籽月,,T6,T6 当代全球文学,,REVIEW,缺少可机器读取的 year；需要按成书/定稿/首次发表史人工核验,个人补录,WL-WORK-2759
夏至未至.md,夏至未至,郭敬明,,T6,T6 当代全球文学,,REVIEW,缺少可机器读取的 year；需要按成书/定稿/首次发表史人工核验,个人补录,WL-WORK-2757
多情剑客无情剑.md,多情剑客无情剑,古龙,,T5,T5 二战后多极文学,,REVIEW,缺少可机器读取的 year；需要按成书/定稿/首次发表史人工核验,自动通过,WL-WORK-2490
多拉·布吕代.md,多拉·布吕代,帕特里克·莫迪亚诺,,T6,T6 当代全球文学,,REVIEW,缺少可机器读取的 year；需要按成书/定稿/首次发表史人工核验,自动通过,WL-WORK-2046
多晚了，多晚.md,多晚了，多晚,詹姆斯·凯尔曼,,T6,T6 当代全球文学,,REVIEW,缺少可机器读取的 year；需要按成书/定稿/首次发表史人工核验,需复核,WL-WORK-3057
夜之国.md,夜之国,威廉·霍普·霍奇森,,T4,T4 全球现代主义时代,,REVIEW,缺少可机器读取的 year；需要按成书/定稿/首次发表史人工核验,自动通过,WL-WORK-0644
夜之彼端.md,夜之彼端,玛丽安娜·恩里克斯,,T6,T6 当代全球文学,,REVIEW,缺少可机器读取的 year；需要按成书/定稿/首次发表史人工核验,自动通过,WL-WORK-0645
夜幕下的大军.md,夜幕下的大军,诺曼·梅勒,,T5,T5 二战后多极文学,,REVIEW,缺少可机器读取的 year；需要按成书/定稿/首次发表史人工核验,自动通过,WL-WORK-1642
夜晚的潜水艇.md,夜晚的潜水艇,陈春成,,T6,T6 当代全球文学,,REVIEW,缺少可机器读取的 year；需要按成书/定稿/首次发表史人工核验,个人补录,WL-WORK-2734
夜色下的七杀.md,夜色下的七杀,马龙·詹姆斯,,T6,T6 当代全球文学,,REVIEW,缺少可机器读取的 year；需要按成书/定稿/首次发表史人工核验,自动通过,WL-WORK-1047
夜莺尸衣.md,夜莺尸衣,P.D.詹姆斯,,T5,T5 二战后多极文学,,REVIEW,缺少可机器读取的 year；需要按成书/定稿/首次发表史人工核验,自动通过,WL-WORK-0103
夜访吸血鬼.md,夜访吸血鬼,安妮·赖斯,,T5,T5 二战后多极文学,,REVIEW,缺少可机器读取的 year；需要按成书/定稿/首次发表史人工核验,自动通过,WL-WORK-0647
夜颂.md,夜颂,诺瓦利斯,,T3,T3 19世纪现代文学体系,,REVIEW,缺少可机器读取的 year；需要按成书/定稿/首次发表史人工核验,手工核验,WL-WORK-M2-FFD645560805
大使城.md,大使城,查纳·米耶维,,T6,T6 当代全球文学,,REVIEW,缺少可机器读取的 year；需要按成书/定稿/首次发表史人工核验,自动通过,WL-WORK-0423
大卫·科波菲尔.md,大卫·科波菲尔,查尔斯·狄更斯,,T3,T3 19世纪现代文学体系,,REVIEW,缺少可机器读取的 year；需要按成书/定稿/首次发表史人工核验,自动通过,WL-WORK-1048
大唐双龙传.md,大唐双龙传,黄易,,T6,T6 当代全球文学,,REVIEW,缺少可机器读取的 year；需要按成书/定稿/首次发表史人工核验,自动通过,WL-WORK-2491
大唐游侠传.md,大唐游侠传,梁羽生,,T5,T5 二战后多极文学,,REVIEW,缺少可机器读取的 year；需要按成书/定稿/首次发表史人工核验,自动通过,WL-WORK-2492
大地.md,大地,赛珍珠,,T4,T4 全球现代主义时代,,REVIEW,缺少可机器读取的 year；需要按成书/定稿/首次发表史人工核验,自动通过,WL-WORK-1049
大地永存.md,大地永存,乔治·R.斯图尔特,,T5,T5 二战后多极文学,,REVIEW,缺少可机器读取的 year；需要按成书/定稿/首次发表史人工核验,自动通过,WL-WORK-0325
大师和玛格丽特.md,大师和玛格丽特,布尔加科夫,,T5,T5 二战后多极文学,,REVIEW,缺少可机器读取的 year；需要按成书/定稿/首次发表史人工核验,自动通过,WL-WORK-1647
大时代.md,大时代,弗里茨·莱伯,,T5,T5 二战后多极文学,,REVIEW,缺少可机器读取的 year；需要按成书/定稿/首次发表史人工核验,需复核,WL-WORK-2897
大沙漠.md,大沙漠,古龙,,T5,T5 二战后多极文学,,REVIEW,缺少可机器读取的 year；需要按成书/定稿/首次发表史人工核验,自动通过,WL-WORK-2495
大海啊，大海.md,大海啊，大海,艾丽丝·默多克,,T5,T5 二战后多极文学,,REVIEW,缺少可机器读取的 year；需要按成书/定稿/首次发表史人工核验,需复核,WL-WORK-3045
大神潘.md,大神潘,阿瑟·马克恩,,T4,T4 全球现代主义时代,,REVIEW,缺少可机器读取的 year；需要按成书/定稿/首次发表史人工核验,自动通过,WL-WORK-0648
大草原.md,大草原,詹姆斯·费尼莫尔·库珀,,T3,T3 19世纪现代文学体系,,REVIEW,缺少可机器读取的 year；需要按成书/定稿/首次发表史人工核验,自动通过,WL-WORK-0649
天上的鸟儿.md,天上的鸟儿,查理·简·安德斯,,T6,T6 当代全球文学,,REVIEW,缺少可机器读取的 year；需要按成书/定稿/首次发表史人工核验,需复核,WL-WORK-2952
天堂的喷泉.md,天堂的喷泉,阿瑟·克拉克,,T5,T5 二战后多极文学,,REVIEW,缺少可机器读取的 year；需要按成书/定稿/首次发表史人工核验,自动通过,WL-WORK-0311
天才雷普利.md,天才雷普利,帕特里夏·海史密斯,,T5,T5 二战后多极文学,,REVIEW,缺少可机器读取的 year；需要按成书/定稿/首次发表史人工核验,自动通过,WL-WORK-0085
天渊.md,天渊,弗诺·文奇,,T6,T6 当代全球文学,,REVIEW,缺少可机器读取的 year；需要按成书/定稿/首次发表史人工核验,自动通过,WL-WORK-0406
天狼星.md,天狼星,奥拉夫·斯塔普雷顿,,T4,T4 全球现代主义时代,,REVIEW,缺少可机器读取的 year；需要按成书/定稿/首次发表史人工核验,自动通过,WL-WORK-0292
天真与经验之歌.md,天真与经验之歌,威廉·布莱克,,T3,T3 19世纪现代文学体系,,REVIEW,缺少可机器读取的 year；需要按成书/定稿/首次发表史人工核验,手工核验,WL-WORK-M2-5D055DDB13AE
天空的孤儿.md,天空的孤儿,罗伯特·海因莱因,,T5,T5 二战后多极文学,,REVIEW,缺少可机器读取的 year；需要按成书/定稿/首次发表史人工核验,自动通过,WL-WORK-0306
天行者.md,天行者,刘醒龙,,T6,T6 当代全球文学,,REVIEW,缺少可机器读取的 year；需要按成书/定稿/首次发表史人工核验,需复核,WL-WORK-2879
天钧.md,天钧,厄休拉·勒古恩,,T5,T5 二战后多极文学,,REVIEW,缺少可机器读取的 year；需要按成书/定稿/首次发表史人工核验,自动通过,WL-WORK-0356
天龙八部.md,天龙八部,侠义伦理,,T5,T5 二战后多极文学,,REVIEW,缺少可机器读取的 year；需要按成书/定稿/首次发表史人工核验,自动通过,WL-WORK-2498
太平广记.md,太平广记,李昉等编,,T1,T1 中古多中心文学世界,,REVIEW,缺少可机器读取的 year；需要按成书/定稿/首次发表史人工核验,人工核验,WL-WORK-T1-TAIPING-GUANGJI
太白金星有点烦.md,太白金星有点烦,马伯庸,,T6,T6 当代全球文学,,REVIEW,缺少可机器读取的 year；需要按成书/定稿/首次发表史人工核验,个人补录,WL-WORK-2766
太空商人.md,太空商人,弗雷德里克·波尔 / 西里尔·M.科恩布鲁斯,,T5,T5 二战后多极文学,,REVIEW,缺少可机器读取的 year；需要按成书/定稿/首次发表史人工核验,自动通过,WL-WORK-0339
太阁记.md,太阁记,吉川英治,,T4,T4 全球现代主义时代,,REVIEW,缺少可机器读取的 year；需要按成书/定稿/首次发表史人工核验,自动通过,WL-WORK-2499
太阳之屋.md,太阳之屋,阿拉斯泰尔·雷诺兹,,T6,T6 当代全球文学,,REVIEW,缺少可机器读取的 year；需要按成书/定稿/首次发表史人工核验,自动通过,WL-WORK-0408
太阳照常升起.md,太阳照常升起,海明威,,T4,T4 全球现代主义时代,,REVIEW,缺少可机器读取的 year；需要按成书/定稿/首次发表史人工核验,自动通过,WL-WORK-1648
失乐园.md,失乐园,渡边淳一,,T6,T6 当代全球文学,,REVIEW,缺少可机器读取的 year；需要按成书/定稿/首次发表史人工核验,手工核验,WL-WORK-2049
失明症漫记.md,失明症漫记,若泽·萨拉马戈,,T6,T6 当代全球文学,,REVIEW,缺少可机器读取的 year；需要按成书/定稿/首次发表史人工核验,需复核,WL-WORK-2849
失窃的信.md,失窃的信,爱伦·坡,,T3,T3 19世纪现代文学体系,,REVIEW,缺少可机器读取的 year；需要按成书/定稿/首次发表史人工核验,自动通过,WL-WORK-0008
失落的世界.md,失落的世界,柯南·道尔,,T4,T4 全球现代主义时代,,REVIEW,缺少可机器读取的 year；需要按成书/定稿/首次发表史人工核验,自动通过,WL-WORK-0650
失落的继承.md,失落的继承,基兰·德赛,,T6,T6 当代全球文学,,REVIEW,缺少可机器读取的 year；需要按成书/定稿/首次发表史人工核验,需复核,WL-WORK-3065
失踪的足迹.md,失踪的足迹,阿莱霍·卡彭铁尔,,T5,T5 二战后多极文学,,REVIEW,缺少可机器读取的 year；需要按成书/定稿/首次发表史人工核验,自动通过,WL-WORK-0651
夺牛长征记.md,夺牛长征记,佚名,,T1,T1 中古多中心文学世界,,REVIEW,缺少可机器读取的 year；需要按成书/定稿/首次发表史人工核验,自动通过,WL-WORK-1437
奇兰巴兰书.md,奇兰巴兰书,佚名,,T2,T2 早期现代文学,,REVIEW,缺少可机器读取的 year；需要按成书/定稿/首次发表史人工核验,自动通过,WL-WORK-1438
奎勒备忘录.md,奎勒备忘录,亚当·霍尔,,T5,T5 二战后多极文学,,REVIEW,缺少可机器读取的 year；需要按成书/定稿/首次发表史人工核验,需复核,WL-WORK-3093
契诃夫短篇小说选.md,契诃夫短篇小说选,契诃夫,,T4,T4 全球现代主义时代,,REVIEW,缺少可机器读取的 year；需要按成书/定稿/首次发表史人工核验,个人补录,WL-WORK-2712
奔马.md,奔马,三岛由纪夫,,T5,T5 二战后多极文学,,REVIEW,缺少可机器读取的 year；需要按成书/定稿/首次发表史人工核验,自动通过,WL-WORK-2501
奥丽芙·基特里奇.md,奥丽芙·基特里奇,伊丽莎白·斯特劳特,,T6,T6 当代全球文学,,REVIEW,缺少可机器读取的 year；需要按成书/定稿/首次发表史人工核验,需复核,WL-WORK-3021
奥吉·马奇历险记.md,奥吉·马奇历险记,索尔·贝娄,,T5,T5 二战后多极文学,,REVIEW,缺少可机器读取的 year；需要按成书/定稿/首次发表史人工核验,自动通过,WL-WORK-1653
奥尔拉.md,奥尔拉,莫泊桑,,T3,T3 19世纪现代文学体系,,REVIEW,缺少可机器读取的 year；需要按成书/定稿/首次发表史人工核验,自动通过,WL-WORK-0652
奥德赛.md,奥德赛,荷马,,T0,T0 文学源头与古代文学,,REVIEW,缺少可机器读取的 year；需要按成书/定稿/首次发表史人工核验,自动通过,WL-WORK-0653
奥拉.md,奥拉,卡洛斯·富恩特斯,,T5,T5 二战后多极文学,,REVIEW,缺少可机器读取的 year；需要按成书/定稿/首次发表史人工核验,自动通过,WL-WORK-1655
奥斯卡与露辛达.md,奥斯卡与露辛达,彼得·凯里,,T6,T6 当代全球文学,,REVIEW,缺少可机器读取的 year；需要按成书/定稿/首次发表史人工核验,需复核,WL-WORK-3054
奥斯特利茨.md,奥斯特利茨,W.G.塞巴尔德,,T6,T6 当代全球文学,,REVIEW,缺少可机器读取的 year；需要按成书/定稿/首次发表史人工核验,自动通过,WL-WORK-2050
奥秘匕首.md,奥秘匕首,菲利普·普尔曼,,T6,T6 当代全球文学,,REVIEW,缺少可机器读取的 year；需要按成书/定稿/首次发表史人工核验,自动通过,WL-WORK-0655
奥赛罗.md,奥赛罗,威廉·莎士比亚,,T2,T2 早期现代文学,,REVIEW,缺少可机器读取的 year；需要按成书/定稿/首次发表史人工核验,需复核,WL-WORK-2828
奥麦罗斯.md,奥麦罗斯,德里克·沃尔科特,,T6,T6 当代全球文学,,REVIEW,缺少可机器读取的 year；需要按成书/定稿/首次发表史人工核验,需复核,WL-WORK-3209
女人的房间.md,女人的房间,玛丽莲·弗伦奇,,T5,T5 二战后多极文学,,REVIEW,缺少可机器读取的 year；需要按成书/定稿/首次发表史人工核验,自动通过,WL-WORK-1657
女仆.md,女仆,让·热内,,T5,T5 二战后多极文学,,REVIEW,缺少可机器读取的 year；需要按成书/定稿/首次发表史人工核验,自动通过,WL-WORK-1658
女孩们的沉默.md,女孩们的沉默,帕特·巴克,,T6,T6 当代全球文学,,REVIEW,缺少可机器读取的 year；需要按成书/定稿/首次发表史人工核验,自动通过,WL-WORK-0656
女孩，女人，其他.md,女孩，女人，其他,伯纳丁·埃瓦里斯托,,T6,T6 当代全球文学,,REVIEW,缺少可机器读取的 year；需要按成书/定稿/首次发表史人工核验,需复核,WL-WORK-3076
女巫的预言.md,女巫的预言,佚名,,T1,T1 中古多中心文学世界,,REVIEW,缺少可机器读取的 year；需要按成书/定稿/首次发表史人工核验,自动通过,WL-WORK-1441
女巫角.md,女巫角,约翰·狄克森·卡尔,,T4,T4 全球现代主义时代,,REVIEW,缺少可机器读取的 year；需要按成书/定稿/首次发表史人工核验,自动通过,WL-WORK-0034
女性男人.md,女性男人,乔安娜·拉斯,,T5,T5 二战后多极文学,,REVIEW,缺少可机器读取的 year；需要按成书/定稿/首次发表史人工核验,自动通过,WL-WORK-1659
女王蜂.md,女王蜂,横沟正史,,T5,T5 二战后多极文学,,REVIEW,缺少可机器读取的 year；需要按成书/定稿/首次发表史人工核验,自动通过,WL-WORK-0156
女神颂.md,女神颂,佚名,,T0,T0 文学源头与古代文学,,REVIEW,缺少可机器读取的 year；需要按成书/定稿/首次发表史人工核验,自动通过,WL-WORK-1442
女英雄书简.md,女英雄书简,奥维德,,T0,T0 文学源头与古代文学,,REVIEW,缺少可机器读取的 year；需要按成书/定稿/首次发表史人工核验,自动通过,WL-WORK-1443
女雕塑家.md,女雕塑家,米内特·沃尔特斯,,T6,T6 当代全球文学,,REVIEW,缺少可机器读取的 year；需要按成书/定稿/首次发表史人工核验,需复核,WL-WORK-3120
女面.md,女面,円地文子,,T5,T5 二战后多极文学,,REVIEW,缺少可机器读取的 year；需要按成书/定稿/首次发表史人工核验,自动通过,WL-WORK-1660
她.md,她,哈格德,,T3,T3 19世纪现代文学体系,,REVIEW,缺少可机器读取的 year；需要按成书/定稿/首次发表史人工核验,自动通过,WL-WORK-0658
她乡.md,她乡,夏洛特·珀金斯·吉尔曼,,T4,T4 全球现代主义时代,,REVIEW,缺少可机器读取的 year；需要按成书/定稿/首次发表史人工核验,自动通过,WL-WORK-1059
她对此感到厌烦.md,她对此感到厌烦,妚鹤,,T6,T6 当代全球文学,,REVIEW,缺少可机器读取的 year；需要按成书/定稿/首次发表史人工核验,个人补录,WL-WORK-2751
她的烟雾永恒升起.md,她的烟雾永恒升起,詹姆斯·提普特里二世,,T5,T5 二战后多极文学,,REVIEW,缺少可机器读取的 year；需要按成书/定稿/首次发表史人工核验,自动通过,WL-WORK-0359
好兵.md,好兵,福特·马多克斯·福特,,T4,T4 全球现代主义时代,,REVIEW,缺少可机器读取的 year；需要按成书/定稿/首次发表史人工核验,自动通过,WL-WORK-1661
好兵帅克.md,好兵帅克,雅罗斯拉夫·哈谢克,,T4,T4 全球现代主义时代,,REVIEW,缺少可机器读取的 year；需要按成书/定稿/首次发表史人工核验,自动通过,WL-WORK-0660
如今在十一月.md,如今在十一月,约瑟芬·温斯洛·约翰逊,,T4,T4 全球现代主义时代,,REVIEW,缺少可机器读取的 year；需要按成书/定稿/首次发表史人工核验,需复核,WL-WORK-2972
如果在冬夜，一个旅人.md,如果在冬夜，一个旅人,伊塔洛·卡尔维诺,,T5,T5 二战后多极文学,,REVIEW,缺少可机器读取的 year；需要按成书/定稿/首次发表史人工核验,自动通过,WL-WORK-1662
如果我死在战区.md,如果我死在战区,蒂姆·奥布莱恩,,T5,T5 二战后多极文学,,REVIEW,缺少可机器读取的 year；需要按成书/定稿/首次发表史人工核验,自动通过,WL-WORK-1663
如果这是一个人.md,如果这是一个人,普里莫·莱维,,T5,T5 二战后多极文学,,REVIEW,缺少可机器读取的 year；需要按成书/定稿/首次发表史人工核验,自动通过,WL-WORK-1664
姑获鸟之夏.md,姑获鸟之夏,京极夏彦,,T6,T6 当代全球文学,,REVIEW,缺少可机器读取的 year；需要按成书/定稿/首次发表史人工核验,自动通过,WL-WORK-0190
威尼斯之死.md,威尼斯之死,托马斯·曼,,T4,T4 全球现代主义时代,,REVIEW,缺少可机器读取的 year；需要按成书/定稿/首次发表史人工核验,自动通过,WL-WORK-1665
威廉·迈斯特的学习时代.md,威廉·迈斯特的学习时代,歌德,,T2,T2 早期现代文学,,REVIEW,缺少可机器读取的 year；需要按成书/定稿/首次发表史人工核验,自动通过,WL-WORK-1061
威廉·迈斯特的漫游时代.md,威廉·迈斯特的漫游时代,歌德,,T3,T3 19世纪现代文学体系,,REVIEW,缺少可机器读取的 year；需要按成书/定稿/首次发表史人工核验,自动通过,WL-WORK-1062
威弗利.md,威弗利,沃尔特·司各特,,T3,T3 19世纪现代文学体系,,REVIEW,缺少可机器读取的 year；需要按成书/定稿/首次发表史人工核验,自动通过,WL-WORK-0661
嫌疑人X的献身.md,嫌疑人X的献身,东野圭吾,,T6,T6 当代全球文学,,REVIEW,缺少可机器读取的 year；需要按成书/定稿/首次发表史人工核验,自动通过,WL-WORK-0211
孟菲斯之召.md,孟菲斯之召,彼得·泰勒,,T6,T6 当代全球文学,,REVIEW,缺少可机器读取的 year；需要按成书/定稿/首次发表史人工核验,需复核,WL-WORK-3005
孤儿大师之子.md,孤儿大师之子,亚当·约翰逊,,T6,T6 当代全球文学,,REVIEW,缺少可机器读取的 year；需要按成书/定稿/首次发表史人工核验,需复核,WL-WORK-3024
孤岛之谜.md,孤岛之谜,有栖川有栖,,T6,T6 当代全球文学,,REVIEW,缺少可机器读取的 year；需要按成书/定稿/首次发表史人工核验,自动通过,WL-WORK-0184
孤岛之鬼.md,孤岛之鬼,江户川乱步,,T4,T4 全球现代主义时代,,REVIEW,缺少可机器读取的 year；需要按成书/定稿/首次发表史人工核验,自动通过,WL-WORK-0150
孤独的伦敦人.md,孤独的伦敦人,萨姆·塞尔文,,T5,T5 二战后多极文学,,REVIEW,缺少可机器读取的 year；需要按成书/定稿/首次发表史人工核验,自动通过,WL-WORK-1667
孤鸽镇.md,孤鸽镇,拉里·麦克默特里,,T6,T6 当代全球文学,,REVIEW,缺少可机器读取的 year；需要按成书/定稿/首次发表史人工核验,自动通过,WL-WORK-2502
孪生兄弟.md,孪生兄弟,普劳图斯,,T0,T0 文学源头与古代文学,,REVIEW,缺少可机器读取的 year；需要按成书/定稿/首次发表史人工核验,手工核验,WL-WORK-R1-MENAECHMI
孽子.md,孽子,白先勇,,T6,T6 当代全球文学,,REVIEW,缺少可机器读取的 year；需要按成书/定稿/首次发表史人工核验,个人补录,WL-WORK-2706
它.md,它,斯蒂芬·金,,T6,T6 当代全球文学,,REVIEW,缺少可机器读取的 year；需要按成书/定稿/首次发表史人工核验,自动通过,WL-WORK-0663
宇宙云雀.md,宇宙云雀,E.E.史密斯,,T4,T4 全球现代主义时代,,REVIEW,缺少可机器读取的 year；需要按成书/定稿/首次发表史人工核验,自动通过,WL-WORK-0288
宇宙奇趣全集.md,宇宙奇趣全集,伊塔洛·卡尔维诺,,T5,T5 二战后多极文学,,REVIEW,缺少可机器读取的 year；需要按成书/定稿/首次发表史人工核验,自动通过,WL-WORK-1669
守产人.md,守产人,纳丁·戈迪默,,T5,T5 二战后多极文学,,REVIEW,缺少可机器读取的 year；需要按成书/定稿/首次发表史人工核验,需复核,WL-WORK-3040
守夜.md,守夜,萨拉·沃特斯,,T6,T6 当代全球文学,,REVIEW,缺少可机器读取的 year；需要按成书/定稿/首次发表史人工核验,自动通过,WL-WORK-1065
守屋人.md,守屋人,雪莉·安·格劳,,T5,T5 二战后多极文学,,REVIEW,缺少可机器读取的 year；需要按成书/定稿/首次发表史人工核验,需复核,WL-WORK-2991
安伯森家族.md,安伯森家族,布思·塔金顿,,T4,T4 全球现代主义时代,,REVIEW,缺少可机器读取的 year；需要按成书/定稿/首次发表史人工核验,需复核,WL-WORK-2959
安妮日记.md,安妮日记,安妮·弗兰克,,T5,T5 二战后多极文学,,REVIEW,缺少可机器读取的 year；需要按成书/定稿/首次发表史人工核验,自动通过,WL-WORK-1066
安徒生童话.md,安徒生童话,安徒生,,T3,T3 19世纪现代文学体系,,REVIEW,缺少可机器读取的 year；需要按成书/定稿/首次发表史人工核验,自动通过,WL-WORK-0664
安德森维尔.md,安德森维尔,麦金莱·坎特,,T5,T5 二战后多极文学,,REVIEW,缺少可机器读取的 year；需要按成书/定稿/首次发表史人工核验,需复核,WL-WORK-2985
安德的游戏.md,安德的游戏,奥森·斯科特·卡德,,T6,T6 当代全球文学,,REVIEW,缺少可机器读取的 year；需要按成书/定稿/首次发表史人工核验,自动通过,WL-WORK-0414
安提戈涅.md,安提戈涅,索福克勒斯,,T0,T0 文学源头与古代文学,,REVIEW,缺少可机器读取的 year；需要按成书/定稿/首次发表史人工核验,自动通过,WL-WORK-1445
安珀志：安珀九王子.md,安珀志：安珀九王子,罗杰·泽拉兹尼,,T5,T5 二战后多极文学,,REVIEW,缺少可机器读取的 year；需要按成书/定稿/首次发表史人工核验,自动通过,WL-WORK-0665
安静的场所.md,安静的场所,松本清张,,T5,T5 二战后多极文学,,REVIEW,缺少可机器读取的 year；需要按成书/定稿/首次发表史人工核验,自动通过,WL-WORK-0165
宝剑金钗.md,宝剑金钗,还珠楼主,,T4,T4 全球现代主义时代,,REVIEW,缺少可机器读取的 year；需要按成书/定稿/首次发表史人工核验,自动通过,WL-WORK-2504
宝水.md,宝水,乔叶,,T6,T6 当代全球文学,,REVIEW,缺少可机器读取的 year；需要按成书/定稿/首次发表史人工核验,需复核,WL-WORK-2892
宠物公墓.md,宠物公墓,斯蒂芬·金,,T6,T6 当代全球文学,,REVIEW,缺少可机器读取的 year；需要按成书/定稿/首次发表史人工核验,自动通过,WL-WORK-0667
审判.md,审判,卡夫卡,,T4,T4 全球现代主义时代,,REVIEW,缺少可机器读取的 year；需要按成书/定稿/首次发表史人工核验,手工核验,WL-WORK-1671
宫本武藏.md,宫本武藏,吉川英治,,T4,T4 全球现代主义时代,,REVIEW,缺少可机器读取的 year；需要按成书/定稿/首次发表史人工核验,自动通过,WL-WORK-1068
宫间街.md,宫间街,纳吉布·马哈福兹,,T5,T5 二战后多极文学,,REVIEW,缺少可机器读取的 year；需要按成书/定稿/首次发表史人工核验,自动通过,WL-WORK-1069
家.md,家,巴金,,T4,T4 全球现代主义时代,,REVIEW,缺少可机器读取的 year；需要按成书/定稿/首次发表史人工核验,自动通过,WL-WORK-1070
家园.md,家园,玛丽莲·罗宾逊,,T6,T6 当代全球文学,,REVIEW,缺少可机器读取的 year；需要按成书/定稿/首次发表史人工核验,自动通过,WL-WORK-1071
宿命论者雅克和他的主人.md,宿命论者雅克和他的主人,德尼·狄德罗,,T2,T2 早期现代文学,,REVIEW,缺少可机器读取的 year；需要按成书/定稿/首次发表史人工核验,需复核,WL-WORK-3156
密使.md,密使,小川洋子,,T6,T6 当代全球文学,,REVIEW,缺少可机器读取的 year；需要按成书/定稿/首次发表史人工核验,自动通过,WL-WORK-2053
密室里的记忆.md,密室里的记忆,小川洋子,,T6,T6 当代全球文学,,REVIEW,缺少可机器读取的 year；需要按成书/定稿/首次发表史人工核验,自动通过,WL-WORK-1073
密西西比河上的生活.md,密西西比河上的生活,马克·吐温,,T3,T3 19世纪现代文学体系,,REVIEW,缺少可机器读取的 year；需要按成书/定稿/首次发表史人工核验,自动通过,WL-WORK-1446
寒冷的红日出.md,寒冷的红日出,斯图尔特·M·卡明斯基,,T6,T6 当代全球文学,,REVIEW,缺少可机器读取的 year；需要按成书/定稿/首次发表史人工核验,需复核,WL-WORK-3115
寒颤.md,寒颤,罗斯·麦克唐纳,,T5,T5 二战后多极文学,,REVIEW,缺少可机器读取的 year；需要按成书/定稿/首次发表史人工核验,自动通过,WL-WORK-0090
寓言（福克纳）.md,寓言,威廉·福克纳,,T5,T5 二战后多极文学,,REVIEW,缺少可机器读取的 year；需要按成书/定稿/首次发表史人工核验,需复核,WL-WORK-2984
寻秦记.md,寻秦记,黄易,,T6,T6 当代全球文学,,REVIEW,缺少可机器读取的 year；需要按成书/定稿/首次发表史人工核验,自动通过,WL-WORK-2505
射雕英雄传.md,射雕英雄传,金庸,,T5,T5 二战后多极文学,,REVIEW,缺少可机器读取的 year；需要按成书/定稿/首次发表史人工核验,自动通过,WL-WORK-2506
将军吟.md,将军吟,莫应丰,,T6,T6 当代全球文学,,REVIEW,缺少可机器读取的 year；需要按成书/定稿/首次发表史人工核验,需复核,WL-WORK-2857
将军底头.md,将军底头,施蛰存,,T4,T4 全球现代主义时代,,REVIEW,缺少可机器读取的 year；需要按成书/定稿/首次发表史人工核验,自动通过,WL-WORK-1676
将军族.md,将军族,陈映真,,T5,T5 二战后多极文学,,REVIEW,缺少可机器读取的 year；需要按成书/定稿/首次发表史人工核验,自动通过,WL-WORK-1677
小五义.md,小五义,石玉昆,,T3,T3 19世纪现代文学体系,,REVIEW,缺少可机器读取的 year；需要按成书/定稿/首次发表史人工核验,自动通过,WL-WORK-2507
小妇人.md,小妇人,路易莎·梅·奥尔科特,,T3,T3 19世纪现代文学体系,,REVIEW,缺少可机器读取的 year；需要按成书/定稿/首次发表史人工核验,自动通过,WL-WORK-1074
小时代.md,小时代,郭敬明,,T6,T6 当代全球文学,,REVIEW,缺少可机器读取的 year；需要按成书/定稿/首次发表史人工核验,个人补录,WL-WORK-2752
小王子.md,小王子,安托万·德·圣埃克苏佩里,,T4,T4 全球现代主义时代,,REVIEW,缺少可机器读取的 year；需要按成书/定稿/首次发表史人工核验,个人补录,WL-WORK-2731
小眼睛.md,小眼睛,萨曼塔·施韦布林,,T6,T6 当代全球文学,,REVIEW,缺少可机器读取的 year；需要按成书/定稿/首次发表史人工核验,自动通过,WL-WORK-1075
小神们.md,小神们,特里·普拉切特,,T6,T6 当代全球文学,,REVIEW,缺少可机器读取的 year；需要按成书/定稿/首次发表史人工核验,自动通过,WL-WORK-0670
小陌生人.md,小陌生人,萨拉·沃特斯,,T6,T6 当代全球文学,,REVIEW,缺少可机器读取的 year；需要按成书/定稿/首次发表史人工核验,自动通过,WL-WORK-0671
少年.md,少年,陀思妥耶夫斯基,,T3,T3 19世纪现代文学体系,,REVIEW,缺少可机器读取的 year；需要按成书/定稿/首次发表史人工核验,自动通过,WL-WORK-1077
少年Pi的奇幻漂流.md,少年Pi的奇幻漂流,扬·马特尔,,T6,T6 当代全球文学,,REVIEW,缺少可机器读取的 year；需要按成书/定稿/首次发表史人工核验,自动通过,WL-WORK-2054
少年天子.md,少年天子,凌力,,T6,T6 当代全球文学,,REVIEW,缺少可机器读取的 year；需要按成书/定稿/首次发表史人工核验,自动通过,WL-WORK-1078
少年特尔勒斯的困惑.md,少年特尔勒斯的困惑,罗伯特·穆齐尔,,T4,T4 全球现代主义时代,,REVIEW,缺少可机器读取的 year；需要按成书/定稿/首次发表史人工核验,自动通过,WL-WORK-1079
少年艺术家的画像.md,少年艺术家的画像,詹姆斯·乔伊斯,,T4,T4 全球现代主义时代,,REVIEW,缺少可机器读取的 year；需要按成书/定稿/首次发表史人工核验,自动通过,WL-WORK-1080
尘埃落定.md,尘埃落定,阿来,,T6,T6 当代全球文学,,REVIEW,缺少可机器读取的 year；需要按成书/定稿/首次发表史人工核验,自动通过,WL-WORK-1081
尤利西斯.md,尤利西斯,詹姆斯·乔伊斯,,T4,T4 全球现代主义时代,,REVIEW,缺少可机器读取的 year；需要按成书/定稿/首次发表史人工核验,手工核验,WL-WORK-1678
尤努斯·埃姆雷诗集.md,尤努斯·埃姆雷诗集,尤努斯·埃姆雷,,T1,T1 中古多中心文学世界,,REVIEW,缺少可机器读取的 year；需要按成书/定稿/首次发表史人工核验,手工核验,WL-WORK-R1-YUNUS-EMRE
尤比克.md,尤比克,菲利普·K.迪克,,T5,T5 二战后多极文学,,REVIEW,缺少可机器读取的 year；需要按成书/定稿/首次发表史人工核验,自动通过,WL-WORK-0330
尸人庄谜案.md,尸人庄谜案,今村昌弘,,T6,T6 当代全球文学,,REVIEW,缺少可机器读取的 year；需要按成书/定稿/首次发表史人工核验,自动通过,WL-WORK-0205
尸体之城.md,尸体之城,大田洋子,,T5,T5 二战后多极文学,,REVIEW,缺少可机器读取的 year；需要按成书/定稿/首次发表史人工核验,自动通过,WL-WORK-2056
尸体之街.md,尸体之街,大田洋子,,T5,T5 二战后多极文学,,REVIEW,缺少可机器读取的 year；需要按成书/定稿/首次发表史人工核验,自动通过,WL-WORK-1679
尸鬼.md,尸鬼,小野不由美,,T6,T6 当代全球文学,,REVIEW,缺少可机器读取的 year；需要按成书/定稿/首次发表史人工核验,自动通过,WL-WORK-0672
尼伯龙根之歌.md,尼伯龙根之歌,佚名,,T1,T1 中古多中心文学世界,,REVIEW,缺少可机器读取的 year；需要按成书/定稿/首次发表史人工核验,自动通过,WL-WORK-0673
尼罗河上的惨案.md,尼罗河上的惨案,阿加莎·克里斯蒂,,T4,T4 全球现代主义时代,,REVIEW,缺少可机器读取的 year；需要按成书/定稿/首次发表史人工核验,自动通过,WL-WORK-0026
尼雅尔萨迦.md,尼雅尔萨迦,佚名,,T1,T1 中古多中心文学世界,,REVIEW,缺少可机器读取的 year；需要按成书/定稿/首次发表史人工核验,自动通过,WL-WORK-1082
屠宰场之舞.md,屠宰场之舞,劳伦斯·布洛克,,T6,T6 当代全球文学,,REVIEW,缺少可机器读取的 year；需要按成书/定稿/首次发表史人工核验,需复核,WL-WORK-3118
山海经.md,山海经,佚名,,T0,T0 文学源头与古代文学,,REVIEW,缺少可机器读取的 year；需要按成书/定稿/首次发表史人工核验,自动通过,WL-WORK-1448
山音.md,山音,川端康成,,T5,T5 二战后多极文学,,REVIEW,缺少可机器读取的 year；需要按成书/定稿/首次发表史人工核验,需复核,WL-WORK-3158
岁时记.md,岁时记,奥维德,,T0,T0 文学源头与古代文学,,REVIEW,缺少可机器读取的 year；需要按成书/定稿/首次发表史人工核验,自动通过,WL-WORK-1449
岛上书店.md,岛上书店,加·泽文,,T6,T6 当代全球文学,,REVIEW,缺少可机器读取的 year；需要按成书/定稿/首次发表史人工核验,个人补录,WL-WORK-2762
岭南摭怪.md,岭南摭怪,佚名,,T1,T1 中古多中心文学世界,,REVIEW,缺少可机器读取的 year；需要按成书/定稿/首次发表史人工核验,自动通过,WL-WORK-1450
崩溃.md,崩溃,左拉,,T4,T4 全球现代主义时代,,REVIEW,缺少可机器读取的 year；需要按成书/定稿/首次发表史人工核验,自动通过,WL-WORK-2057
工作与时日.md,工作与时日,赫西俄德,,T0,T0 文学源头与古代文学,,REVIEW,缺少可机器读取的 year；需要按成书/定稿/首次发表史人工核验,手工核验,WL-WORK-1451
巨石苍穹.md,巨石苍穹,N.K.杰米辛,,T6,T6 当代全球文学,,REVIEW,缺少可机器读取的 year；需要按成书/定稿/首次发表史人工核验,自动通过,WL-WORK-0674
差分机.md,差分机,威廉·吉布森 / 布鲁斯·斯特林,,T6,T6 当代全球文学,,REVIEW,缺少可机器读取的 year；需要按成书/定稿/首次发表史人工核验,自动通过,WL-WORK-0440
已故的乔治·阿普利.md,已故的乔治·阿普利,约翰·P·马昆德,,T4,T4 全球现代主义时代,,REVIEW,缺少可机器读取的 year；需要按成书/定稿/首次发表史人工核验,需复核,WL-WORK-2974
已故的帕斯卡尔.md,已故的帕斯卡尔,皮兰德娄,,T4,T4 全球现代主义时代,,REVIEW,缺少可机器读取的 year；需要按成书/定稿/首次发表史人工核验,自动通过,WL-WORK-1681
已知的世界.md,已知的世界,爱德华·P·琼斯,,T6,T6 当代全球文学,,REVIEW,缺少可机器读取的 year；需要按成书/定稿/首次发表史人工核验,需复核,WL-WORK-3019
巴兰特雷少爷.md,巴兰特雷少爷,罗伯特·路易斯·史蒂文森,,T3,T3 19世纪现代文学体系,,REVIEW,缺少可机器读取的 year；需要按成书/定稿/首次发表史人工核验,自动通过,WL-WORK-2509
巴别-17.md,巴别-17,塞缪尔·R.德拉尼,,T5,T5 二战后多极文学,,REVIEW,缺少可机器读取的 year；需要按成书/定稿/首次发表史人工核验,自动通过,WL-WORK-0348
巴别塔.md,巴别塔,匡灵秀,,T6,T6 当代全球文学,,REVIEW,缺少可机器读取的 year；需要按成书/定稿/首次发表史人工核验,自动通过,WL-WORK-0675
巴力神话组诗.md,巴力神话组诗,佚名,,T0,T0 文学源头与古代文学,,REVIEW,缺少可机器读取的 year；需要按成书/定稿/首次发表史人工核验,自动通过,WL-WORK-1452
巴基斯坦列车.md,巴基斯坦列车,库什万特·辛格,,T5,T5 二战后多极文学,,REVIEW,缺少可机器读取的 year；需要按成书/定稿/首次发表史人工核验,自动通过,WL-WORK-1683
巴基诗集.md,巴基诗集,巴基,,T2,T2 早期现代文学,,REVIEW,缺少可机器读取的 year；需要按成书/定稿/首次发表史人工核验,手工核验,WL-WORK-R1-BAKI-DIVAN
巴布尔回忆录.md,巴布尔回忆录,巴布尔,,T2,T2 早期现代文学,,REVIEW,缺少可机器读取的 year；需要按成书/定稿/首次发表史人工核验,手工核验,WL-WORK-T2-BABURNAMA
巴拉耶.md,巴拉耶,洛伊斯·麦克马斯特·比约德,,T6,T6 当代全球文学,,REVIEW,缺少可机器读取的 year；需要按成书/定稿/首次发表史人工核验,需复核,WL-WORK-2913
巴斯克维尔的猎犬.md,巴斯克维尔的猎犬,柯南·道尔,,T4,T4 全球现代主义时代,,REVIEW,缺少可机器读取的 year；需要按成书/定稿/首次发表史人工核验,自动通过,WL-WORK-0013
巴斯蒂.md,巴斯蒂,因蒂扎尔·侯赛因,,T5,T5 二战后多极文学,,REVIEW,缺少可机器读取的 year；需要按成书/定稿/首次发表史人工核验,自动通过,WL-WORK-1684
巴比伦神义论.md,巴比伦神义论,佚名,,T0,T0 文学源头与古代文学,,REVIEW,缺少可机器读取的 year；需要按成书/定稿/首次发表史人工核验,手工核验,WL-WORK-R1-BABYLONIAN-THEODICY
布兰航海记.md,布兰航海记,佚名,,T1,T1 中古多中心文学世界,,REVIEW,缺少可机器读取的 year；需要按成书/定稿/首次发表史人工核验,自动通过,WL-WORK-1455
布拉斯·库巴斯死后的回忆.md,布拉斯·库巴斯死后的回忆,马沙多·德·阿西斯,,T3,T3 19世纪现代文学体系,,REVIEW,缺少可机器读取的 year；需要按成书/定稿/首次发表史人工核验,自动通过,WL-WORK-1686
布拉热洛纳子爵.md,布拉热洛纳子爵,大仲马,,T3,T3 19世纪现代文学体系,,REVIEW,缺少可机器读取的 year；需要按成书/定稿/首次发表史人工核验,自动通过,WL-WORK-1087
布登勃洛克一家.md,布登勃洛克一家,托马斯·曼,,T4,T4 全球现代主义时代,,REVIEW,缺少可机器读取的 year；需要按成书/定稿/首次发表史人工核验,自动通过,WL-WORK-1088
布衣神相.md,布衣神相,小椴,,T6,T6 当代全球文学,,REVIEW,缺少可机器读取的 year；需要按成书/定稿/首次发表史人工核验,自动通过,WL-WORK-2510
布雷达的太阳.md,布雷达的太阳,阿图罗·佩雷斯-雷维特,,T6,T6 当代全球文学,,REVIEW,缺少可机器读取的 year；需要按成书/定稿/首次发表史人工核验,自动通过,WL-WORK-2511
希尔德的梯子.md,希尔德的梯子,格雷格·伊根,,T6,T6 当代全球文学,,REVIEW,缺少可机器读取的 year；需要按成书/定稿/首次发表史人工核验,自动通过,WL-WORK-0379
希波吕托斯.md,希波吕托斯,欧里庇得斯,,T0,T0 文学源头与古代文学,,REVIEW,缺少可机器读取的 year；需要按成书/定稿/首次发表史人工核验,自动通过,WL-WORK-1456
希腊人佐巴.md,希腊人佐巴,尼科斯·卡赞扎基斯,,T5,T5 二战后多极文学,,REVIEW,缺少可机器读取的 year；需要按成书/定稿/首次发表史人工核验,需复核,WL-WORK-2850
希腊棺材之谜.md,希腊棺材之谜,埃勒里·奎因,,T4,T4 全球现代主义时代,,REVIEW,缺少可机器读取的 year；需要按成书/定稿/首次发表史人工核验,自动通过,WL-WORK-0038
帕尔马修道院.md,帕尔马修道院,司汤达,,T3,T3 19世纪现代文学体系,,REVIEW,缺少可机器读取的 year；需要按成书/定稿/首次发表史人工核验,自动通过,WL-WORK-2060
帕迪·克拉克哈哈哈.md,帕迪·克拉克哈哈哈,罗迪·道伊尔,,T6,T6 当代全球文学,,REVIEW,缺少可机器读取的 year；需要按成书/定稿/首次发表史人工核验,需复核,WL-WORK-3056
帝国瀑布.md,帝国瀑布,理查德·拉索,,T6,T6 当代全球文学,,REVIEW,缺少可机器读取的 year；需要按成书/定稿/首次发表史人工核验,需复核,WL-WORK-3018
席斯矩阵.md,席斯矩阵,布鲁斯·斯特林,,T6,T6 当代全球文学,,REVIEW,缺少可机器读取的 year；需要按成书/定稿/首次发表史人工核验,自动通过,WL-WORK-0391
帷幕.md,帷幕,阿加莎·克里斯蒂,,T5,T5 二战后多极文学,,REVIEW,缺少可机器读取的 year；需要按成书/定稿/首次发表史人工核验,自动通过,WL-WORK-0031
平凡的世界.md,平凡的世界,路遥,,T6,T6 当代全球文学,,REVIEW,缺少可机器读取的 year；需要按成书/定稿/首次发表史人工核验,个人补录,WL-WORK-2711
平凡的恩典.md,平凡的恩典,威廉·肯特·克鲁格,,T6,T6 当代全球文学,,REVIEW,缺少可机器读取的 year；需要按成书/定稿/首次发表史人工核验,需复核,WL-WORK-3140
平原上的城市.md,平原上的城市,科马克·麦卡锡,,T6,T6 当代全球文学,,REVIEW,缺少可机器读取的 year；需要按成书/定稿/首次发表史人工核验,自动通过,WL-WORK-2514
平家物语.md,平家物语,佚名,,T1,T1 中古多中心文学世界,,REVIEW,缺少可机器读取的 year；需要按成书/定稿/首次发表史人工核验,自动通过,WL-WORK-1091
平面国.md,平面国,埃德温·艾勃特,,T3,T3 19世纪现代文学体系,,REVIEW,缺少可机器读取的 year；需要按成书/定稿/首次发表史人工核验,自动通过,WL-WORK-0264
年轻的古德曼·布朗.md,年轻的古德曼·布朗,霍桑,,T3,T3 19世纪现代文学体系,,REVIEW,缺少可机器读取的 year；需要按成书/定稿/首次发表史人工核验,自动通过,WL-WORK-0680
并非出于仇恨.md,并非出于仇恨,玛玛蕾,,T5,T5 二战后多极文学,,REVIEW,缺少可机器读取的 year；需要按成书/定稿/首次发表史人工核验,需复核,WL-WORK-3173
幻城.md,幻城,郭敬明,,T6,T6 当代全球文学,,REVIEW,缺少可机器读取的 year；需要按成书/定稿/首次发表史人工核验,个人补录,WL-WORK-2753
幻影女郎.md,幻影女郎,康奈尔·伍尔里奇,,T4,T4 全球现代主义时代,,REVIEW,缺少可机器读取的 year；需要按成书/定稿/首次发表史人工核验,自动通过,WL-WORK-0080
幻想世界旅游者指南.md,幻想世界旅游者指南,戴安娜·韦恩·琼斯,,T6,T6 当代全球文学,,REVIEW,缺少可机器读取的 year；需要按成书/定稿/首次发表史人工核验,自动通过,WL-WORK-0681
幻想曲.md,幻想曲,乔治·麦克唐纳,,T3,T3 19世纪现代文学体系,,REVIEW,缺少可机器读取的 year；需要按成书/定稿/首次发表史人工核验,自动通过,WL-WORK-0682
幻梦之海.md,幻梦之海,克莱夫·巴克,,T6,T6 当代全球文学,,REVIEW,缺少可机器读取的 year；需要按成书/定稿/首次发表史人工核验,自动通过,WL-WORK-0683
幽灵小姐.md,幽灵小姐,卡尔德隆,,T2,T2 早期现代文学,,REVIEW,缺少可机器读取的 year；需要按成书/定稿/首次发表史人工核验,自动通过,WL-WORK-2515
幽灵海盗.md,幽灵海盗,威廉·霍普·霍奇森,,T4,T4 全球现代主义时代,,REVIEW,缺少可机器读取的 year；需要按成书/定稿/首次发表史人工核验,自动通过,WL-WORK-0685
幽灵路.md,幽灵路,帕特·巴克,,T6,T6 当代全球文学,,REVIEW,缺少可机器读取的 year；需要按成书/定稿/首次发表史人工核验,自动通过,WL-WORK-1095
广告杀人事件.md,广告杀人事件,多萝西·L·塞耶斯,,T4,T4 全球现代主义时代,,REVIEW,缺少可机器读取的 year；需要按成书/定稿/首次发表史人工核验,自动通过,WL-WORK-0047
广场.md,广场,崔仁勋,,T5,T5 二战后多极文学,,REVIEW,缺少可机器读取的 year；需要按成书/定稿/首次发表史人工核验,自动通过,WL-WORK-1689
广岛.md,广岛,约翰·赫西,,T5,T5 二战后多极文学,,REVIEW,缺少可机器读取的 year；需要按成书/定稿/首次发表史人工核验,自动通过,WL-WORK-2062
广岛札记.md,广岛札记,大江健三郎,,T5,T5 二战后多极文学,,REVIEW,缺少可机器读取的 year；需要按成书/定稿/首次发表史人工核验,自动通过,WL-WORK-2063
广阔腹地：条条小径.md,广阔腹地：条条小径,吉马朗埃斯·罗萨,,T5,T5 二战后多极文学,,REVIEW,缺少可机器读取的 year；需要按成书/定稿/首次发表史人工核验,自动通过,WL-WORK-1691
庄子.md,庄子,庄周及后学,,T0,T0 文学源头与古代文学,,REVIEW,缺少可机器读取的 year；需要按成书/定稿/首次发表史人工核验,手工核验,WL-WORK-T0-ZHUANGZI
床上抽烟有危险.md,床上抽烟有危险,玛丽安娜·恩里克斯,,T6,T6 当代全球文学,,REVIEW,缺少可机器读取的 year；需要按成书/定稿/首次发表史人工核验,自动通过,WL-WORK-0686
序曲.md,序曲,威廉·华兹华斯,,T3,T3 19世纪现代文学体系,,REVIEW,缺少可机器读取的 year；需要按成书/定稿/首次发表史人工核验,手工核验,WL-WORK-M2-89D3E895D396
序曲中的死亡.md,序曲中的死亡,奈奥·马什,,T4,T4 全球现代主义时代,,REVIEW,缺少可机器读取的 year；需要按成书/定稿/首次发表史人工核验,自动通过,WL-WORK-0055
库萨里.md,库萨里,犹大·哈列维,,T1,T1 中古多中心文学世界,,REVIEW,缺少可机器读取的 year；需要按成书/定稿/首次发表史人工核验,人工核验,WL-WORK-T1-KUZARI
应物兄.md,应物兄,李洱,,T6,T6 当代全球文学,,REVIEW,缺少可机器读取的 year；需要按成书/定稿/首次发表史人工核验,需复核,WL-WORK-2890
庞贝.md,庞贝,罗伯特·哈里斯,,T6,T6 当代全球文学,,REVIEW,缺少可机器读取的 year；需要按成书/定稿/首次发表史人工核验,自动通过,WL-WORK-1096
庭院深深.md,庭院深深,琼瑶,,T5,T5 二战后多极文学,,REVIEW,缺少可机器读取的 year；需要按成书/定稿/首次发表史人工核验,自动通过,WL-WORK-2064
康涅狄格美国佬在亚瑟王朝.md,康涅狄格美国佬在亚瑟王朝,马克·吐温,,T3,T3 19世纪现代文学体系,,REVIEW,缺少可机器读取的 year；需要按成书/定稿/首次发表史人工核验,自动通过,WL-WORK-2517
康熙大帝.md,康熙大帝,二月河,,T6,T6 当代全球文学,,REVIEW,缺少可机器读取的 year；需要按成书/定稿/首次发表史人工核验,自动通过,WL-WORK-1097
开往伍德斯托克的末班车.md,开往伍德斯托克的末班车,科林·德克斯特,,T5,T5 二战后多极文学,,REVIEW,缺少可机器读取的 year；需要按成书/定稿/首次发表史人工核验,自动通过,WL-WORK-0105
开罗三部曲.md,开罗三部曲,纳吉布·马哈福兹,,T5,T5 二战后多极文学,,REVIEW,缺少可机器读取的 year；需要按成书/定稿/首次发表史人工核验,需复核,WL-WORK-2852
异乡异客.md,异乡异客,罗伯特·海因莱因,,T5,T5 二战后多极文学,,REVIEW,缺少可机器读取的 year；需要按成书/定稿/首次发表史人工核验,自动通过,WL-WORK-0302
异山馨香.md,异山馨香,罗伯特·奥伦·巴特勒,,T6,T6 当代全球文学,,REVIEW,缺少可机器读取的 year；需要按成书/定稿/首次发表史人工核验,需复核,WL-WORK-3009
异常.md,异常,桐野夏生,,T6,T6 当代全球文学,,REVIEW,缺少可机器读取的 year；需要按成书/定稿/首次发表史人工核验,自动通过,WL-WORK-0173
异邦骑士.md,异邦骑士,岛田庄司,,T6,T6 当代全球文学,,REVIEW,缺少可机器读取的 year；需要按成书/定稿/首次发表史人工核验,自动通过,WL-WORK-0178
弗农·小神.md,弗农·小神,DBC皮埃尔,,T6,T6 当代全球文学,,REVIEW,缺少可机器读取的 year；需要按成书/定稿/首次发表史人工核验,需复核,WL-WORK-3062
弗拉卡斯上尉.md,弗拉卡斯上尉,泰奥菲尔·戈蒂耶,,T3,T3 19世纪现代文学体系,,REVIEW,缺少可机器读取的 year；需要按成书/定稿/首次发表史人工核验,自动通过,WL-WORK-2519
弗洛斯河上的磨坊.md,弗洛斯河上的磨坊,乔治·艾略特,,T3,T3 19世纪现代文学体系,,REVIEW,缺少可机器读取的 year；需要按成书/定稿/首次发表史人工核验,自动通过,WL-WORK-1099
弗莱德丽卡.md,弗莱德丽卡,乔吉特·海耶,,T5,T5 二战后多极文学,,REVIEW,缺少可机器读取的 year；需要按成书/定稿/首次发表史人工核验,自动通过,WL-WORK-2065
张居正.md,张居正,熊召政,,T6,T6 当代全球文学,,REVIEW,缺少可机器读取的 year；需要按成书/定稿/首次发表史人工核验,需复核,WL-WORK-2870
归乡.md,归乡,雅·吉亚西,,T6,T6 当代全球文学,,REVIEW,缺少可机器读取的 year；需要按成书/定稿/首次发表史人工核验,自动通过,WL-WORK-1101
归来.md,归来,雷马克,,T4,T4 全球现代主义时代,,REVIEW,缺少可机器读取的 year；需要按成书/定稿/首次发表史人工核验,自动通过,WL-WORK-2066
当且仅当雪是白的.md,当且仅当雪是白的,陆秋槎,,T6,T6 当代全球文学,,REVIEW,缺少可机器读取的 year；需要按成书/定稿/首次发表史人工核验,自动通过,WL-WORK-0250
当睡者醒来时.md,当睡者醒来时,H.G.威尔斯,,T4,T4 全球现代主义时代,,REVIEW,缺少可机器读取的 year；需要按成书/定稿/首次发表史人工核验,自动通过,WL-WORK-0278
当选者.md,当选者,伯尼斯·鲁本斯,,T5,T5 二战后多极文学,,REVIEW,缺少可机器读取的 year；需要按成书/定稿/首次发表史人工核验,需复核,WL-WORK-3036
彩虹尽头.md,彩虹尽头,弗诺·文奇,,T6,T6 当代全球文学,,REVIEW,缺少可机器读取的 year；需要按成书/定稿/首次发表史人工核验,需复核,WL-WORK-2919
影子.md,影子,安徒生,,T3,T3 19世纪现代文学体系,,REVIEW,缺少可机器读取的 year；需要按成书/定稿/首次发表史人工核验,自动通过,WL-WORK-0690
彷徨.md,彷徨,鲁迅,,T4,T4 全球现代主义时代,,REVIEW,缺少可机器读取的 year；需要按成书/定稿/首次发表史人工核验,自动通过,WL-WORK-1695
彼得·潘.md,彼得·潘,J.M.巴里,,T4,T4 全球现代主义时代,,REVIEW,缺少可机器读取的 year；需要按成书/定稿/首次发表史人工核验,自动通过,WL-WORK-0691
彼得便士.md,彼得便士,乔恩·克利里,,T5,T5 二战后多极文学,,REVIEW,缺少可机器读取的 year；需要按成书/定稿/首次发表史人工核验,需复核,WL-WORK-3101
往事.md,往事,什穆埃尔·约瑟夫·阿格农,,T5,T5 二战后多极文学,,REVIEW,缺少可机器读取的 year；需要按成书/定稿/首次发表史人工核验,需复核,WL-WORK-3196
征服新西班牙信史.md,征服新西班牙信史,贝尔纳尔·迪亚斯·德尔·卡斯蒂略,,T2,T2 早期现代文学,,REVIEW,缺少可机器读取的 year；需要按成书/定稿/首次发表史人工核验,手工核验,WL-WORK-1697
征服者罗比尔.md,征服者罗比尔,儒勒·凡尔纳,,T3,T3 19世纪现代文学体系,,REVIEW,缺少可机器读取的 year；需要按成书/定稿/首次发表史人工核验,自动通过,WL-WORK-0272
律师事务所.md,律师事务所,约翰·格里森姆,,T6,T6 当代全球文学,,REVIEW,缺少可机器读取的 year；需要按成书/定稿/首次发表史人工核验,自动通过,WL-WORK-0120
徒然草.md,徒然草,吉田兼好,,T1,T1 中古多中心文学世界,,REVIEW,缺少可机器读取的 year；需要按成书/定稿/首次发表史人工核验,需复核,WL-WORK-3181
微型巨人.md,微型巨人,伏尔泰,,T2,T2 早期现代文学,,REVIEW,缺少可机器读取的 year；需要按成书/定稿/首次发表史人工核验,自动通过,WL-WORK-0261
微微一笑很倾城.md,微微一笑很倾城,顾漫,,T6,T6 当代全球文学,,REVIEW,缺少可机器读取的 year；需要按成书/定稿/首次发表史人工核验,自动通过,WL-WORK-2067
微暗的火.md,微暗的火,纳博科夫,,T5,T5 二战后多极文学,,REVIEW,缺少可机器读取的 year；需要按成书/定稿/首次发表史人工核验,自动通过,WL-WORK-2068
微笑的警察.md,微笑的警察,马伊·舍瓦尔 / 佩尔·瓦勒,,T5,T5 二战后多极文学,,REVIEW,缺少可机器读取的 year；需要按成书/定稿/首次发表史人工核验,需复核,WL-WORK-3098
德伯家的苔丝.md,德伯家的苔丝,托马斯·哈代,,T4,T4 全球现代主义时代,,REVIEW,缺少可机器读取的 year；需要按成书/定稿/首次发表史人工核验,自动通过,WL-WORK-2069
德古拉.md,德古拉,布莱姆·斯托克,,T4,T4 全球现代主义时代,,REVIEW,缺少可机器读取的 year；需要按成书/定稿/首次发表史人工核验,自动通过,WL-WORK-0692
德德·科尔库特之书.md,德德·科尔库特之书,佚名,,T1,T1 中古多中心文学世界,,REVIEW,缺少可机器读取的 year；需要按成书/定稿/首次发表史人工核验,手工核验,WL-WORK-R1-DEDE-KORKUT
德米安.md,德米安,赫尔曼·黑塞,,T4,T4 全球现代主义时代,,REVIEW,缺少可机器读取的 year；需要按成书/定稿/首次发表史人工核验,自动通过,WL-WORK-1104
德里纳河上的桥.md,德里纳河上的桥,伊沃·安德里奇,,T5,T5 二战后多极文学,,REVIEW,缺少可机器读取的 year；需要按成书/定稿/首次发表史人工核验,手工核验,WL-WORK-3215
心.md,心,夏目漱石,,T4,T4 全球现代主义时代,,REVIEW,缺少可机器读取的 year；需要按成书/定稿/首次发表史人工核验,自动通过,WL-WORK-1105
心理测验.md,心理测验,江户川乱步,,T4,T4 全球现代主义时代,,REVIEW,缺少可机器读取的 year；需要按成书/定稿/首次发表史人工核验,自动通过,WL-WORK-0148
心理罪：教化场.md,心理罪：教化场,雷米,,T6,T6 当代全球文学,,REVIEW,缺少可机器读取的 year；需要按成书/定稿/首次发表史人工核验,自动通过,WL-WORK-0248
心理罪：画像.md,心理罪：画像,雷米,,T6,T6 当代全球文学,,REVIEW,缺少可机器读取的 year；需要按成书/定稿/首次发表史人工核验,自动通过,WL-WORK-0247
忠告与同意.md,忠告与同意,艾伦·德鲁里,,T5,T5 二战后多极文学,,REVIEW,缺少可机器读取的 year；需要按成书/定稿/首次发表史人工核验,需复核,WL-WORK-2988
忧国.md,忧国,三岛由纪夫,,T5,T5 二战后多极文学,,REVIEW,缺少可机器读取的 year；需要按成书/定稿/首次发表史人工核验,自动通过,WL-WORK-2523
怀中羔羊.md,怀中羔羊,卡罗琳·米勒,,T4,T4 全球现代主义时代,,REVIEW,缺少可机器读取的 year；需要按成书/定稿/首次发表史人工核验,需复核,WL-WORK-2971
怀特先生的忏悔.md,怀特先生的忏悔,罗伯特·克拉克,,T6,T6 当代全球文学,,REVIEW,缺少可机器读取的 year；需要按成书/定稿/首次发表史人工核验,需复核,WL-WORK-3125
思宫街.md,思宫街,纳吉布·马哈福兹,,T5,T5 二战后多极文学,,REVIEW,缺少可机器读取的 year；需要按成书/定稿/首次发表史人工核验,自动通过,WL-WORK-1109
急需病例.md,急需病例,迈克尔·克赖顿,,T5,T5 二战后多极文学,,REVIEW,缺少可机器读取的 year；需要按成书/定稿/首次发表史人工核验,需复核,WL-WORK-3096
怪屋.md,怪屋,阿加莎·克里斯蒂,,T5,T5 二战后多极文学,,REVIEW,缺少可机器读取的 year；需要按成书/定稿/首次发表史人工核验,自动通过,WL-WORK-0029
总统先生.md,总统先生,米格尔·安赫尔·阿斯图里亚斯,,T5,T5 二战后多极文学,,REVIEW,缺少可机器读取的 year；需要按成书/定稿/首次发表史人工核验,自动通过,WL-WORK-1699
恋情的终结.md,恋情的终结,格雷厄姆·格林,,T5,T5 二战后多极文学,,REVIEW,缺少可机器读取的 year；需要按成书/定稿/首次发表史人工核验,自动通过,WL-WORK-2071
恋爱中的女人.md,恋爱中的女人,D.H.劳伦斯,,T4,T4 全球现代主义时代,,REVIEW,缺少可机器读取的 year；需要按成书/定稿/首次发表史人工核验,自动通过,WL-WORK-1110
恐怖谷.md,恐怖谷,柯南·道尔,,T3,T3 19世纪现代文学体系,,REVIEW,缺少可机器读取的 year；需要按成书/定稿/首次发表史人工核验,自动通过,WL-WORK-0014
恐惧拉斯维加斯.md,恐惧拉斯维加斯,亨特·S.汤普森,,T5,T5 二战后多极文学,,REVIEW,缺少可机器读取的 year；需要按成书/定稿/首次发表史人工核验,自动通过,WL-WORK-1700
恩典岁月.md,恩典岁月,玛格丽特·艾尔·巴恩斯,,T4,T4 全球现代主义时代,,REVIEW,缺少可机器读取的 year；需要按成书/定稿/首次发表史人工核验,需复核,WL-WORK-2969
恩基与宁玛赫.md,恩基与宁玛赫,佚名,,T0,T0 文学源头与古代文学,,REVIEW,缺少可机器读取的 year；需要按成书/定稿/首次发表史人工核验,自动通过,WL-WORK-1459
恩基与宁胡尔萨格.md,恩基与宁胡尔萨格,佚名,,T0,T0 文学源头与古代文学,,REVIEW,缺少可机器读取的 year；需要按成书/定稿/首次发表史人工核验,自动通过,WL-WORK-1460
恰卡.md,恰卡,托马斯·莫福洛,,T4,T4 全球现代主义时代,,REVIEW,缺少可机器读取的 year；需要按成书/定稿/首次发表史人工核验,需复核,WL-WORK-3206
恰尔德·哈洛尔德游记.md,恰尔德·哈洛尔德游记,拜伦,,T3,T3 19世纪现代文学体系,,REVIEW,缺少可机器读取的 year；需要按成书/定稿/首次发表史人工核验,手工核验,WL-WORK-M2-711289AC2296
恶意.md,恶意,东野圭吾,,T6,T6 当代全球文学,,REVIEW,缺少可机器读取的 year；需要按成书/定稿/首次发表史人工核验,自动通过,WL-WORK-0210
恶意预谋.md,恶意预谋,安东尼·伯克利,,T4,T4 全球现代主义时代,,REVIEW,缺少可机器读取的 year；需要按成书/定稿/首次发表史人工核验,自动通过,WL-WORK-0051
恶时辰.md,恶时辰,加西亚·马尔克斯,,T5,T5 二战后多极文学,,REVIEW,缺少可机器读取的 year；需要按成书/定稿/首次发表史人工核验,自动通过,WL-WORK-1703
恶棍来访.md,恶棍来访,珍妮弗·伊根,,T6,T6 当代全球文学,,REVIEW,缺少可机器读取的 year；需要按成书/定稿/首次发表史人工核验,需复核,WL-WORK-3023
恶灵附身.md,恶灵附身,S.安斯基,,T4,T4 全球现代主义时代,,REVIEW,缺少可机器读取的 year；需要按成书/定稿/首次发表史人工核验,需复核,WL-WORK-3195
恶魔们.md,恶魔们,巴贝·多尔维伊,,T3,T3 19世纪现代文学体系,,REVIEW,缺少可机器读取的 year；需要按成书/定稿/首次发表史人工核验,手工核验,WL-WORK-M2-9D4C48CE34C6
恶魔吹着笛子来.md,恶魔吹着笛子来,横沟正史,,T5,T5 二战后多极文学,,REVIEW,缺少可机器读取的 year；需要按成书/定稿/首次发表史人工核验,自动通过,WL-WORK-0155
恶魔铜头.md,恶魔铜头,芭芭拉·金索沃,,T6,T6 当代全球文学,,REVIEW,缺少可机器读取的 year；需要按成书/定稿/首次发表史人工核验,需复核,WL-WORK-3031
悉达多.md,悉达多,赫尔曼·黑塞,,T4,T4 全球现代主义时代,,REVIEW,缺少可机器读取的 year；需要按成书/定稿/首次发表史人工核验,自动通过,WL-WORK-1112
悠悠岁月.md,悠悠岁月,安妮·埃尔诺,,T6,T6 当代全球文学,,REVIEW,缺少可机器读取的 year；需要按成书/定稿/首次发表史人工核验,自动通过,WL-WORK-2072
悬诗.md,悬诗,多位诗人,,T1,T1 中古多中心文学世界,,REVIEW,缺少可机器读取的 year；需要按成书/定稿/首次发表史人工核验,需复核,WL-WORK-3187
悲伤的边缘.md,悲伤的边缘,埃德温·奥康纳,,T5,T5 二战后多极文学,,REVIEW,缺少可机器读取的 year；需要按成书/定稿/首次发表史人工核验,需复核,WL-WORK-2989
悲伤逆流成河.md,悲伤逆流成河,郭敬明,,T6,T6 当代全球文学,,REVIEW,缺少可机器读取的 year；需要按成书/定稿/首次发表史人工核验,个人补录,WL-WORK-2755
悲惨世界.md,悲惨世界,维克多·雨果,,T3,T3 19世纪现代文学体系,,REVIEW,缺少可机器读取的 year；需要按成书/定稿/首次发表史人工核验,自动通过,WL-WORK-2525
悲观主义者塞义德的奇异事件.md,悲观主义者塞义德的奇异事件,埃米尔·哈比比,,T5,T5 二战后多极文学,,REVIEW,缺少可机器读取的 year；需要按成书/定稿/首次发表史人工核验,自动通过,WL-WORK-1704
情书.md,情书,岩井俊二,,T6,T6 当代全球文学,,REVIEW,缺少可机器读取的 year；需要按成书/定稿/首次发表史人工核验,个人补录,WL-WORK-2713
意图集.md,意图集,奥斯卡·王尔德,,T3,T3 19世纪现代文学体系,,REVIEW,缺少可机器读取的 year；需要按成书/定稿/首次发表史人工核验,手工核验,WL-WORK-M2-78D9745342E8
意大利人.md,意大利人,安·拉德克利夫,,T2,T2 早期现代文学,,REVIEW,缺少可机器读取的 year；需要按成书/定稿/首次发表史人工核验,自动通过,WL-WORK-0697
意大利游记.md,意大利游记,歌德,,T3,T3 19世纪现代文学体系,,REVIEW,缺少可机器读取的 year；需要按成书/定稿/首次发表史人工核验,自动通过,WL-WORK-1461
愚者的片尾.md,愚者的片尾,米泽穗信,,T6,T6 当代全球文学,,REVIEW,缺少可机器读取的 year；需要按成书/定稿/首次发表史人工核验,自动通过,WL-WORK-0200
愤怒的回顾.md,愤怒的回顾,约翰·奥斯本,,T5,T5 二战后多极文学,,REVIEW,缺少可机器读取的 year；需要按成书/定稿/首次发表史人工核验,自动通过,WL-WORK-1706
愤怒的葡萄.md,愤怒的葡萄,约翰·斯坦贝克,,T4,T4 全球现代主义时代,,REVIEW,缺少可机器读取的 year；需要按成书/定稿/首次发表史人工核验,需复核,WL-WORK-2847
戈丹.md,戈丹,普列姆昌德,,T4,T4 全球现代主义时代,,REVIEW,缺少可机器读取的 year；需要按成书/定稿/首次发表史人工核验,需复核,WL-WORK-2824
我不可能只是仰望着你.md,我不可能只是仰望着你,保拉·麦克莱恩,,T6,T6 当代全球文学,,REVIEW,缺少可机器读取的 year；需要按成书/定稿/首次发表史人工核验,个人补录,WL-WORK-2724
我与地坛.md,我与地坛,史铁生,,T6,T6 当代全球文学,,REVIEW,缺少可机器读取的 year；需要按成书/定稿/首次发表史人工核验,个人补录,WL-WORK-2727
我们.md,我们,扎米亚京,,T4,T4 全球现代主义时代,,REVIEW,缺少可机器读取的 year；需要按成书/定稿/首次发表史人工核验,自动通过,WL-WORK-0283
我们一直住在城堡里.md,我们一直住在城堡里,雪莉·杰克逊,,T5,T5 二战后多极文学,,REVIEW,缺少可机器读取的 year；需要按成书/定稿/首次发表史人工核验,自动通过,WL-WORK-0698
我们中的一个.md,我们中的一个,薇拉·凯瑟,,T4,T4 全球现代主义时代,,REVIEW,缺少可机器读取的 year；需要按成书/定稿/首次发表史人工核验,需复核,WL-WORK-2961
我们仨.md,我们仨,杨绛,,T6,T6 当代全球文学,,REVIEW,缺少可机器读取的 year；需要按成书/定稿/首次发表史人工核验,个人补录,WL-WORK-2726
我们在奥斯维辛.md,我们在奥斯维辛,塔德乌什·博罗夫斯基,,T5,T5 二战后多极文学,,REVIEW,缺少可机器读取的 year；需要按成书/定稿/首次发表史人工核验,自动通过,WL-WORK-1707
我们在火中失去的东西.md,我们在火中失去的东西,玛丽安娜·恩里克斯,,T6,T6 当代全球文学,,REVIEW,缺少可机器读取的 year；需要按成书/定稿/首次发表史人工核验,自动通过,WL-WORK-0699
我们街区的孩子们.md,我们街区的孩子们,纳吉布·马哈福兹,,T5,T5 二战后多极文学,,REVIEW,缺少可机器读取的 year；需要按成书/定稿/首次发表史人工核验,自动通过,WL-WORK-1710
我内心的恶魔.md,我内心的恶魔,吉姆·汤普森,,T5,T5 二战后多极文学,,REVIEW,缺少可机器读取的 year；需要按成书/定稿/首次发表史人工核验,自动通过,WL-WORK-0086
我弥留之际.md,我弥留之际,福克纳,,T4,T4 全球现代主义时代,,REVIEW,缺少可机器读取的 year；需要按成书/定稿/首次发表史人工核验,自动通过,WL-WORK-1711
我是传奇.md,我是传奇,理查德·麦瑟森,,T5,T5 二战后多极文学,,REVIEW,缺少可机器读取的 year；需要按成书/定稿/首次发表史人工核验,自动通过,WL-WORK-0323
我是猫.md,我是猫,夏目漱石,,T4,T4 全球现代主义时代,,REVIEW,缺少可机器读取的 year；需要按成书/定稿/首次发表史人工核验,需复核,WL-WORK-3182
我的名字叫红.md,我的名字叫红,奥尔罕·帕慕克,,T6,T6 当代全球文学,,REVIEW,缺少可机器读取的 year；需要按成书/定稿/首次发表史人工核验,需复核,WL-WORK-3192
我的大学.md,我的大学,高尔基,,T4,T4 全球现代主义时代,,REVIEW,缺少可机器读取的 year；需要按成书/定稿/首次发表史人工核验,自动通过,WL-WORK-1114
我的安东妮亚.md,我的安东妮亚,薇拉·凯瑟,,T4,T4 全球现代主义时代,,REVIEW,缺少可机器读取的 year；需要按成书/定稿/首次发表史人工核验,自动通过,WL-WORK-2526
我的帝王生涯.md,我的帝王生涯,苏童,,T6,T6 当代全球文学,,REVIEW,缺少可机器读取的 year；需要按成书/定稿/首次发表史人工核验,自动通过,WL-WORK-1115
我眼中的恶魔.md,我眼中的恶魔,露丝·伦德尔,,T5,T5 二战后多极文学,,REVIEW,缺少可机器读取的 year；需要按成书/定稿/首次发表史人工核验,自动通过,WL-WORK-0127
我，克劳狄乌斯.md,我，克劳狄乌斯,罗伯特·格雷夫斯,,T4,T4 全球现代主义时代,,REVIEW,缺少可机器读取的 year；需要按成书/定稿/首次发表史人工核验,自动通过,WL-WORK-1116
我，机器人.md,我，机器人,艾萨克·阿西莫夫,,T5,T5 二战后多极文学,,REVIEW,缺少可机器读取的 year；需要按成书/定稿/首次发表史人工核验,自动通过,WL-WORK-0294
我，至高无上者.md,我，至高无上者,奥古斯托·罗亚·巴斯托斯,,T5,T5 二战后多极文学,,REVIEW,缺少可机器读取的 year；需要按成书/定稿/首次发表史人工核验,自动通过,WL-WORK-1712
战争中没有女性.md,战争中没有女性,阿列克谢耶维奇,,T6,T6 当代全球文学,,REVIEW,缺少可机器读取的 year；需要按成书/定稿/首次发表史人工核验,自动通过,WL-WORK-2073
战争和人.md,战争和人,王火,,T6,T6 当代全球文学,,REVIEW,缺少可机器读取的 year；需要按成书/定稿/首次发表史人工核验,需复核,WL-WORK-2865
战舰武藏.md,战舰武藏,吉村昭,,T5,T5 二战后多极文学,,REVIEW,缺少可机器读取的 year；需要按成书/定稿/首次发表史人工核验,自动通过,WL-WORK-1119
房思琪的初恋乐园.md,房思琪的初恋乐园,林奕含,,T6,T6 当代全球文学,,REVIEW,缺少可机器读取的 year；需要按成书/定稿/首次发表史人工核验,个人补录,WL-WORK-2685
所罗门王的宝藏.md,所罗门王的宝藏,哈格德,,T3,T3 19世纪现代文学体系,,REVIEW,缺少可机器读取的 year；需要按成书/定稿/首次发表史人工核验,自动通过,WL-WORK-0702
所罗门的伪证.md,所罗门的伪证,宫部美雪,,T6,T6 当代全球文学,,REVIEW,缺少可机器读取的 year；需要按成书/定稿/首次发表史人工核验,自动通过,WL-WORK-0171
手机.md,手机,刘震云,,T6,T6 当代全球文学,,REVIEW,缺少可机器读取的 year；需要按成书/定稿/首次发表史人工核验,个人补录,WL-WORK-2719
扎哈克.md,扎哈克,菲尔多西,,T1,T1 中古多中心文学世界,,REVIEW,缺少可机器读取的 year；需要按成书/定稿/首次发表史人工核验,自动通过,WL-WORK-1463
打开.md,打开,萨达特·哈桑·曼托,,T5,T5 二战后多极文学,,REVIEW,缺少可机器读取的 year；需要按成书/定稿/首次发表史人工核验,自动通过,WL-WORK-1715
托巴·泰克·辛.md,托巴·泰克·辛,萨达特·哈桑·曼托,,T5,T5 二战后多极文学,,REVIEW,缺少可机器读取的 year；需要按成书/定稿/首次发表史人工核验,自动通过,WL-WORK-1716
扶桑.md,扶桑,严歌苓,,T6,T6 当代全球文学,,REVIEW,缺少可机器读取的 year；需要按成书/定稿/首次发表史人工核验,个人补录,WL-WORK-2687
抉择.md,抉择,张平,,T6,T6 当代全球文学,,REVIEW,缺少可机器读取的 year；需要按成书/定稿/首次发表史人工核验,需复核,WL-WORK-2867
抒情歌谣集.md,抒情歌谣集,威廉·华兹华斯、塞缪尔·泰勒·柯勒律治,,T3,T3 19世纪现代文学体系,,REVIEW,缺少可机器读取的 year；需要按成书/定稿/首次发表史人工核验,手工核验,WL-WORK-M2-8235CD5AE924
抓住我：杀了我.md,抓住我：杀了我,威廉·H·哈拉汉,,T5,T5 二战后多极文学,,REVIEW,缺少可机器读取的 year；需要按成书/定稿/首次发表史人工核验,需复核,WL-WORK-3104
抛售.md,抛售,保罗·贝蒂,,T6,T6 当代全球文学,,REVIEW,缺少可机器读取的 year；需要按成书/定稿/首次发表史人工核验,需复核,WL-WORK-3072
护身符的故事.md,护身符的故事,E.内斯比特,,T4,T4 全球现代主义时代,,REVIEW,缺少可机器读取的 year；需要按成书/定稿/首次发表史人工核验,自动通过,WL-WORK-0705
押沙龙，押沙龙！.md,押沙龙，押沙龙！,福克纳,,T4,T4 全球现代主义时代,,REVIEW,缺少可机器读取的 year；需要按成书/定稿/首次发表史人工核验,自动通过,WL-WORK-1123
抽签.md,抽签,雪莉·杰克逊,,T5,T5 二战后多极文学,,REVIEW,缺少可机器读取的 year；需要按成书/定稿/首次发表史人工核验,自动通过,WL-WORK-0706
拉布拉瓦.md,拉布拉瓦,埃尔莫尔·伦纳德,,T6,T6 当代全球文学,,REVIEW,缺少可机器读取的 year；需要按成书/定稿/首次发表史人工核验,需复核,WL-WORK-3110
拉德茨基进行曲.md,拉德茨基进行曲,约瑟夫·罗特,,T4,T4 全球现代主义时代,,REVIEW,缺少可机器读取的 year；需要按成书/定稿/首次发表史人工核验,需复核,WL-WORK-3218
拉格泰姆时代.md,拉格泰姆时代,E.L.多克托罗,,T5,T5 二战后多极文学,,REVIEW,缺少可机器读取的 year；需要按成书/定稿/首次发表史人工核验,自动通过,WL-WORK-1126
拉玛坚.md,拉玛坚,佚名,,T2,T2 早期现代文学,,REVIEW,缺少可机器读取的 year；需要按成书/定稿/首次发表史人工核验,自动通过,WL-WORK-1465
拉脱维亚人彼得.md,拉脱维亚人彼得,乔治·西默农,,T5,T5 二战后多极文学,,REVIEW,缺少可机器读取的 year；需要按成书/定稿/首次发表史人工核验,自动通过,WL-WORK-0227
拉莫娜.md,拉莫娜,海伦·亨特·杰克逊,,T3,T3 19世纪现代文学体系,,REVIEW,缺少可机器读取的 year；需要按成书/定稿/首次发表史人工核验,自动通过,WL-WORK-2528
拓荒者.md,拓荒者,詹姆斯·费尼莫尔·库珀,,T3,T3 19世纪现代文学体系,,REVIEW,缺少可机器读取的 year；需要按成书/定稿/首次发表史人工核验,自动通过,WL-WORK-2529
拷刑者之影.md,拷刑者之影,吉恩·沃尔夫,,T6,T6 当代全球文学,,REVIEW,缺少可机器读取的 year；需要按成书/定稿/首次发表史人工核验,自动通过,WL-WORK-0366
挪威的森林.md,挪威的森林,村上春树,,T6,T6 当代全球文学,,REVIEW,缺少可机器读取的 year；需要按成书/定稿/首次发表史人工核验,自动通过,WL-WORK-1128
排列城市.md,排列城市,格雷格·伊根,,T6,T6 当代全球文学,,REVIEW,缺少可机器读取的 year；需要按成书/定稿/首次发表史人工核验,自动通过,WL-WORK-0377
掠夺者.md,掠夺者,威廉·福克纳,,T5,T5 二战后多极文学,,REVIEW,缺少可机器读取的 year；需要按成书/定稿/首次发表史人工核验,需复核,WL-WORK-2990
探索者.md,探索者,杰克·麦克德维特,,T6,T6 当代全球文学,,REVIEW,缺少可机器读取的 year；需要按成书/定稿/首次发表史人工核验,需复核,WL-WORK-2949
探路者.md,探路者,詹姆斯·费尼莫尔·库珀,,T3,T3 19世纪现代文学体系,,REVIEW,缺少可机器读取的 year；需要按成书/定稿/首次发表史人工核验,自动通过,WL-WORK-2530
接触.md,接触,卡尔·萨根,,T6,T6 当代全球文学,,REVIEW,缺少可机器读取的 year；需要按成书/定稿/首次发表史人工核验,自动通过,WL-WORK-0420
推冰.md,推冰,阿拉斯泰尔·雷诺兹,,T6,T6 当代全球文学,,REVIEW,缺少可机器读取的 year；需要按成书/定稿/首次发表史人工核验,自动通过,WL-WORK-0384
推拿.md,推拿,毕飞宇,,T6,T6 当代全球文学,,REVIEW,缺少可机器读取的 year；需要按成书/定稿/首次发表史人工核验,需复核,WL-WORK-2881
提升之战.md,提升之战,大卫·布林,,T6,T6 当代全球文学,,REVIEW,缺少可机器读取的 year；需要按成书/定稿/首次发表史人工核验,需复核,WL-WORK-2910
提嘉娜.md,提嘉娜,盖伊·加夫里尔·凯,,T6,T6 当代全球文学,,REVIEW,缺少可机器读取的 year；需要按成书/定稿/首次发表史人工核验,自动通过,WL-WORK-0707
提审亡魂.md,提审亡魂,希拉里·曼特尔,,T6,T6 当代全球文学,,REVIEW,缺少可机器读取的 year；需要按成书/定稿/首次发表史人工核验,需复核,WL-WORK-3069
摆渡人.md,摆渡人,克莱儿·麦克福尔,,T6,T6 当代全球文学,,REVIEW,缺少可机器读取的 year；需要按成书/定稿/首次发表史人工核验,个人补录,WL-WORK-2761
摩天楼.md,摩天楼,J.G.巴拉德,,T5,T5 二战后多极文学,,REVIEW,缺少可机器读取的 year；需要按成书/定稿/首次发表史人工核验,自动通过,WL-WORK-0344
摩诃婆罗多.md,摩诃婆罗多,毗耶娑,,T0,T0 文学源头与古代文学,,REVIEW,缺少可机器读取的 year；需要按成书/定稿/首次发表史人工核验,自动通过,WL-WORK-1130
撒冷镇.md,撒冷镇,斯蒂芬·金,,T5,T5 二战后多极文学,,REVIEW,缺少可机器读取的 year；需要按成书/定稿/首次发表史人工核验,自动通过,WL-WORK-0709
撞车.md,撞车,J.G.巴拉德,,T5,T5 二战后多极文学,,REVIEW,缺少可机器读取的 year；需要按成书/定稿/首次发表史人工核验,自动通过,WL-WORK-0343
故事新编·铸剑.md,故事新编·铸剑,鲁迅,,T4,T4 全球现代主义时代,,REVIEW,缺少可机器读取的 year；需要按成书/定稿/首次发表史人工核验,自动通过,WL-WORK-2531
救命之距.md,救命之距,萨曼塔·施韦布林,,T6,T6 当代全球文学,,REVIEW,缺少可机器读取的 year；需要按成书/定稿/首次发表史人工核验,自动通过,WL-WORK-0710
散宜生.md,散宜生,格雷格·伊根,,T6,T6 当代全球文学,,REVIEW,缺少可机器读取的 year；需要按成书/定稿/首次发表史人工核验,自动通过,WL-WORK-0378
散文埃达.md,散文埃达,斯诺里·斯图鲁松,,T1,T1 中古多中心文学世界,,REVIEW,缺少可机器读取的 year；需要按成书/定稿/首次发表史人工核验,自动通过,WL-WORK-1466
敦威治恐怖事件.md,敦威治恐怖事件,洛夫克拉夫特,,T4,T4 全球现代主义时代,,REVIEW,缺少可机器读取的 year；需要按成书/定稿/首次发表史人工核验,自动通过,WL-WORK-0711
敦煌.md,敦煌,井上靖,,T5,T5 二战后多极文学,,REVIEW,缺少可机器读取的 year；需要按成书/定稿/首次发表史人工核验,自动通过,WL-WORK-1131
文艺复兴史研究.md,文艺复兴史研究,沃尔特·佩特,,T3,T3 19世纪现代文学体系,,REVIEW,缺少可机器读取的 year；需要按成书/定稿/首次发表史人工核验,手工核验,WL-WORK-M2-0E26901E8DC0
斗罗大陆.md,斗罗大陆,唐家三少,,T6,T6 当代全球文学,,REVIEW,缺少可机器读取的 year；需要按成书/定稿/首次发表史人工核验,个人补录,WL-WORK-2742
斜屋犯罪.md,斜屋犯罪,岛田庄司,,T6,T6 当代全球文学,,REVIEW,缺少可机器读取的 year；需要按成书/定稿/首次发表史人工核验,自动通过,WL-WORK-0177
斜阳.md,斜阳,太宰治,,T5,T5 二战后多极文学,,REVIEW,缺少可机器读取的 year；需要按成书/定稿/首次发表史人工核验,自动通过,WL-WORK-1721
断剑.md,断剑,波尔·安德森,,T5,T5 二战后多极文学,,REVIEW,缺少可机器读取的 year；需要按成书/定稿/首次发表史人工核验,自动通过,WL-WORK-0712
断背山.md,断背山,安妮·普鲁,,T6,T6 当代全球文学,,REVIEW,缺少可机器读取的 year；需要按成书/定稿/首次发表史人工核验,自动通过,WL-WORK-2532
斯兰.md,斯兰,A.E.范沃格特,,T4,T4 全球现代主义时代,,REVIEW,缺少可机器读取的 year；需要按成书/定稿/首次发表史人工核验,自动通过,WL-WORK-0314
斯卡拉穆什.md,斯卡拉穆什,拉斐尔·萨巴蒂尼,,T4,T4 全球现代主义时代,,REVIEW,缺少可机器读取的 year；需要按成书/定稿/首次发表史人工核验,自动通过,WL-WORK-2533
斯大林格勒.md,斯大林格勒,瓦西里·格罗斯曼,,T5,T5 二战后多极文学,,REVIEW,缺少可机器读取的 year；需要按成书/定稿/首次发表史人工核验,自动通过,WL-WORK-2075
斯居戴里小姐.md,斯居戴里小姐,E.T.A.霍夫曼,,T3,T3 19世纪现代文学体系,,REVIEW,缺少可机器读取的 year；需要按成书/定稿/首次发表史人工核验,自动通过,WL-WORK-0001
斯泰尔斯庄园奇案.md,斯泰尔斯庄园奇案,阿加莎·克里斯蒂,,T4,T4 全球现代主义时代,,REVIEW,缺少可机器读取的 year；需要按成书/定稿/首次发表史人工核验,自动通过,WL-WORK-0028
斯里拉玛传.md,斯里拉玛传,佚名,,T1,T1 中古多中心文学世界,,REVIEW,缺少可机器读取的 year；需要按成书/定稿/首次发表史人工核验,自动通过,WL-WORK-1467
新·平家物语.md,新·平家物语,吉川英治,,T5,T5 二战后多极文学,,REVIEW,缺少可机器读取的 year；需要按成书/定稿/首次发表史人工核验,自动通过,WL-WORK-2534
新一天之歌.md,新一天之歌,莎拉·平斯克,,T6,T6 当代全球文学,,REVIEW,缺少可机器读取的 year；需要按成书/定稿/首次发表史人工核验,需复核,WL-WORK-2953
新书太阁记.md,新书太阁记,吉川英治,,T4,T4 全球现代主义时代,,REVIEW,缺少可机器读取的 year；需要按成书/定稿/首次发表史人工核验,自动通过,WL-WORK-1133
新参者.md,新参者,东野圭吾,,T6,T6 当代全球文学,,REVIEW,缺少可机器读取的 year；需要按成书/定稿/首次发表史人工核验,自动通过,WL-WORK-0214
新大西岛.md,新大西岛,弗朗西斯·培根,,T2,T2 早期现代文学,,REVIEW,缺少可机器读取的 year；需要按成书/定稿/首次发表史人工核验,自动通过,WL-WORK-0258
新奥尔良哀歌.md,新奥尔良哀歌,朱莉·史密斯,,T6,T6 当代全球文学,,REVIEW,缺少可机器读取的 year；需要按成书/定稿/首次发表史人工核验,需复核,WL-WORK-3117
新星.md,新星,塞缪尔·R.德拉尼,,T5,T5 二战后多极文学,,REVIEW,缺少可机器读取的 year；需要按成书/定稿/首次发表史人工核验,自动通过,WL-WORK-0349
新爱洛伊丝.md,新爱洛伊丝,卢梭,,T2,T2 早期现代文学,,REVIEW,缺少可机器读取的 year；需要按成书/定稿/首次发表史人工核验,自动通过,WL-WORK-2077
新编五代史平话.md,新编五代史平话,佚名,,T1,T1 中古多中心文学世界,,REVIEW,缺少可机器读取的 year；需要按成书/定稿/首次发表史人工核验,人工核验,WL-WORK-T1-WUDAI-PINGHUA
新选组血风录.md,新选组血风录,司马辽太郎,,T5,T5 二战后多极文学,,REVIEW,缺少可机器读取的 year；需要按成书/定稿/首次发表史人工核验,自动通过,WL-WORK-2535
方尖碑之门.md,方尖碑之门,N.K.杰米辛,,T6,T6 当代全球文学,,REVIEW,缺少可机器读取的 year；需要按成书/定稿/首次发表史人工核验,自动通过,WL-WORK-0714
方法论.md,方法论,阿莱霍·卡彭铁尔,,T5,T5 二战后多极文学,,REVIEW,缺少可机器读取的 year；需要按成书/定稿/首次发表史人工核验,自动通过,WL-WORK-1723
旅行书（埃夫利亚·切莱比）.md,旅行书,埃夫利亚·切莱比,,T2,T2 早期现代文学,,REVIEW,缺少可机器读取的 year；需要按成书/定稿/首次发表史人工核验,手工核验,WL-WORK-T2-SEYAHATNAME
无人生还.md,无人生还,阿加莎·克里斯蒂,,T4,T4 全球现代主义时代,,REVIEW,缺少可机器读取的 year；需要按成书/定稿/首次发表史人工核验,自动通过,WL-WORK-0024
无命运的人生.md,无命运的人生,凯尔泰斯,,T5,T5 二战后多极文学,,REVIEW,缺少可机器读取的 year；需要按成书/定稿/首次发表史人工核验,自动通过,WL-WORK-2079
无声告白.md,无声告白,伍绮诗,,T6,T6 当代全球文学,,REVIEW,缺少可机器读取的 year；需要按成书/定稿/首次发表史人工核验,个人补录,WL-WORK-2728
无字.md,无字,张洁,,T6,T6 当代全球文学,,REVIEW,缺少可机器读取的 year；需要按成书/定稿/首次发表史人工核验,需复核,WL-WORK-2871
无尽世界.md,无尽世界,肯·福莱特,,T6,T6 当代全球文学,,REVIEW,缺少可机器读取的 year；需要按成书/定稿/首次发表史人工核验,自动通过,WL-WORK-1136
无敌号.md,无敌号,斯坦尼斯瓦夫·莱姆,,T5,T5 二战后多极文学,,REVIEW,缺少可机器读取的 year；需要按成书/定稿/首次发表史人工核验,自动通过,WL-WORK-0335
无有乡.md,无有乡,尼尔·盖曼,,T6,T6 当代全球文学,,REVIEW,缺少可机器读取的 year；需要按成书/定稿/首次发表史人工核验,自动通过,WL-WORK-0715
无根之木.md,无根之木,娜奥米·诺维克,,T6,T6 当代全球文学,,REVIEW,缺少可机器读取的 year；需要按成书/定稿/首次发表史人工核验,自动通过,WL-WORK-0716
无言浪漫曲.md,无言浪漫曲,保罗·魏尔伦,,T3,T3 19世纪现代文学体系,,REVIEW,缺少可机器读取的 year；需要按成书/定稿/首次发表史人工核验,手工核验,WL-WORK-M2-EBEE0B19F3AC
无证之罪.md,无证之罪,紫金陈,,T6,T6 当代全球文学,,REVIEW,缺少可机器读取的 year；需要按成书/定稿/首次发表史人工核验,自动通过,WL-WORK-0243
无面杀手.md,无面杀手,亨宁·曼凯尔,,T6,T6 当代全球文学,,REVIEW,缺少可机器读取的 year；需要按成书/定稿/首次发表史人工核验,自动通过,WL-WORK-0220
日瓦戈医生.md,日瓦戈医生,帕斯捷尔纳克,,T5,T5 二战后多极文学,,REVIEW,缺少可机器读取的 year；需要按成书/定稿/首次发表史人工核验,自动通过,WL-WORK-1730
早安，午夜.md,早安，午夜,简·里斯,,T4,T4 全球现代主义时代,,REVIEW,缺少可机器读取的 year；需要按成书/定稿/首次发表史人工核验,自动通过,WL-WORK-1731
早秋.md,早秋,路易斯·布罗姆菲尔德,,T4,T4 全球现代主义时代,,REVIEW,缺少可机器读取的 year；需要按成书/定稿/首次发表史人工核验,需复核,WL-WORK-2965
时代景观.md,时代景观,格雷戈里·本福德,,T6,T6 当代全球文学,,REVIEW,缺少可机器读取的 year；需要按成书/定稿/首次发表史人工核验,自动通过,WL-WORK-0371
时时刻刻.md,时时刻刻,迈克尔·坎宁安,,T6,T6 当代全球文学,,REVIEW,缺少可机器读取的 year；需要按成书/定稿/首次发表史人工核验,需复核,WL-WORK-3015
时间.md,时间,堀田善卫,,T5,T5 二战后多极文学,,REVIEW,缺少可机器读取的 year；需要按成书/定稿/首次发表史人工核验,个人补录,WL-WORK-2718
时间之子.md,时间之子,阿德里安·柴考斯基,,T6,T6 当代全球文学,,REVIEW,缺少可机器读取的 year；需要按成书/定稿/首次发表史人工核验,自动通过,WL-WORK-0385
时间回旋.md,时间回旋,罗伯特·查尔斯·威尔逊,,T6,T6 当代全球文学,,REVIEW,缺少可机器读取的 year；需要按成书/定稿/首次发表史人工核验,自动通过,WL-WORK-0380
时间机器.md,时间机器,H.G.威尔斯,,T4,T4 全球现代主义时代,,REVIEW,缺少可机器读取的 year；需要按成书/定稿/首次发表史人工核验,自动通过,WL-WORK-0273
时间的女儿.md,时间的女儿,约瑟芬·铁伊,,T5,T5 二战后多极文学,,REVIEW,缺少可机器读取的 year；需要按成书/定稿/首次发表史人工核验,自动通过,WL-WORK-0058
时间调校研究所.md,时间调校研究所,艾哈迈德·哈姆迪·坦普纳尔,,T5,T5 二战后多极文学,,REVIEW,缺少可机器读取的 year；需要按成书/定稿/首次发表史人工核验,需复核,WL-WORK-3190
时间边缘的女人.md,时间边缘的女人,玛吉·皮尔西,,T5,T5 二战后多极文学,,REVIEW,缺少可机器读取的 year；需要按成书/定稿/首次发表史人工核验,自动通过,WL-WORK-0358
昆丁·达沃德.md,昆丁·达沃德,沃尔特·司各特,,T3,T3 19世纪现代文学体系,,REVIEW,缺少可机器读取的 year；需要按成书/定稿/首次发表史人工核验,自动通过,WL-WORK-0718
昆仑.md,昆仑,凤歌,,T6,T6 当代全球文学,,REVIEW,缺少可机器读取的 year；需要按成书/定稿/首次发表史人工核验,自动通过,WL-WORK-2537
昆廷·达沃德.md,昆廷·达沃德,沃尔特·司各特,,T3,T3 19世纪现代文学体系,,REVIEW,缺少可机器读取的 year；需要按成书/定稿/首次发表史人工核验,自动通过,WL-WORK-2539
明亮之门的圣人.md,明亮之门的圣人,瓦杰拉·钱德拉塞克拉,,T6,T6 当代全球文学,,REVIEW,缺少可机器读取的 year；需要按成书/定稿/首次发表史人工核验,需复核,WL-WORK-2955
明亮的夜晚.md,明亮的夜晚,崔恩荣,,T6,T6 当代全球文学,,REVIEW,缺少可机器读取的 year；需要按成书/定稿/首次发表史人工核验,个人补录,WL-WORK-2702
昔日甜鸟歌唱处.md,昔日甜鸟歌唱处,凯特·威廉姆,,T5,T5 二战后多极文学,,REVIEW,缺少可机器读取的 year；需要按成书/定稿/首次发表史人工核验,需复核,WL-WORK-2904
星之彩.md,星之彩,洛夫克拉夫特,,T4,T4 全球现代主义时代,,REVIEW,缺少可机器读取的 year；需要按成书/定稿/首次发表史人工核验,自动通过,WL-WORK-0719
星期一开始于星期六.md,星期一开始于星期六,斯特鲁加茨基兄弟,,T5,T5 二战后多极文学,,REVIEW,缺少可机器读取的 year；需要按成书/定稿/首次发表史人工核验,自动通过,WL-WORK-0338
星潮汹涌.md,星潮汹涌,大卫·布林,,T6,T6 当代全球文学,,REVIEW,缺少可机器读取的 year；需要按成书/定稿/首次发表史人工核验,需复核,WL-WORK-2909
星船伞兵.md,星船伞兵,罗伯特·海因莱因,,T5,T5 二战后多极文学,,REVIEW,缺少可机器读取的 year；需要按成书/定稿/首次发表史人工核验,自动通过,WL-WORK-0301
星辰时刻.md,星辰时刻,克拉丽丝·利斯佩克托,,T5,T5 二战后多极文学,,REVIEW,缺少可机器读取的 year；需要按成书/定稿/首次发表史人工核验,自动通过,WL-WORK-1732
春.md,春,巴金,,T4,T4 全球现代主义时代,,REVIEW,缺少可机器读取的 year；需要按成书/定稿/首次发表史人工核验,自动通过,WL-WORK-1139
春桃.md,春桃,许地山,,T4,T4 全球现代主义时代,,REVIEW,缺少可机器读取的 year；需要按成书/定稿/首次发表史人工核验,个人补录,WL-WORK-2681
春雪.md,春雪,三岛由纪夫,,T5,T5 二战后多极文学,,REVIEW,缺少可机器读取的 year；需要按成书/定稿/首次发表史人工核验,自动通过,WL-WORK-1733
春香传.md,春香传,佚名,,T2,T2 早期现代文学,,REVIEW,缺少可机器读取的 year；需要按成书/定稿/首次发表史人工核验,需复核,WL-WORK-2819
普塔霍特普教谕.md,普塔霍特普教谕,普塔霍特普,,T0,T0 文学源头与古代文学,,REVIEW,缺少可机器读取的 year；需要按成书/定稿/首次发表史人工核验,手工核验,WL-WORK-R1-PTAHHOTEP
智利之夜.md,智利之夜,波拉尼奥,,T6,T6 当代全球文学,,REVIEW,缺少可机器读取的 year；需要按成书/定稿/首次发表史人工核验,自动通过,WL-WORK-2082
暗夜呢喃.md,暗夜呢喃,洛夫克拉夫特,,T4,T4 全球现代主义时代,,REVIEW,缺少可机器读取的 year；需要按成书/定稿/首次发表史人工核验,自动通过,WL-WORK-0721
暗算.md,暗算,麦家,,T6,T6 当代全球文学,,REVIEW,缺少可机器读取的 year；需要按成书/定稿/首次发表史人工核验,个人补录,WL-WORK-2671
暗适应的眼睛.md,暗适应的眼睛,露丝·伦德尔,,T6,T6 当代全球文学,,REVIEW,缺少可机器读取的 year；需要按成书/定稿/首次发表史人工核验,需复核,WL-WORK-3113
暗黑扫描仪.md,暗黑扫描仪,菲利普·K.迪克,,T5,T5 二战后多极文学,,REVIEW,缺少可机器读取的 year；需要按成书/定稿/首次发表史人工核验,自动通过,WL-WORK-0331
暧昧的冒险.md,暧昧的冒险,谢赫·哈米杜·卡内,,T5,T5 二战后多极文学,,REVIEW,缺少可机器读取的 year；需要按成书/定稿/首次发表史人工核验,自动通过,WL-WORK-1734
暮鼓晨钟——少年康熙.md,暮鼓晨钟——少年康熙,凌力,,T6,T6 当代全球文学,,REVIEW,缺少可机器读取的 year；需要按成书/定稿/首次发表史人工核验,自动通过,WL-WORK-1141
暴风上尉.md,暴风上尉,埃米利奥·萨尔加里,,T4,T4 全球现代主义时代,,REVIEW,缺少可机器读取的 year；需要按成书/定稿/首次发表史人工核验,自动通过,WL-WORK-2540
更不必说那条狗.md,更不必说那条狗,康妮·威利斯,,T6,T6 当代全球文学,,REVIEW,缺少可机器读取的 year；需要按成书/定稿/首次发表史人工核验,需复核,WL-WORK-2916
曼斯菲尔德庄园.md,曼斯菲尔德庄园,简·奥斯汀,,T3,T3 19世纪现代文学体系,,REVIEW,缺少可机器读取的 year；需要按成书/定稿/首次发表史人工核验,自动通过,WL-WORK-1144
曼波王演奏情歌.md,曼波王演奏情歌,奥斯卡·希胡埃洛斯,,T6,T6 当代全球文学,,REVIEW,缺少可机器读取的 year；需要按成书/定稿/首次发表史人工核验,需复核,WL-WORK-3007
最初登上月球的人.md,最初登上月球的人,H.G.威尔斯,,T4,T4 全球现代主义时代,,REVIEW,缺少可机器读取的 year；需要按成书/定稿/首次发表史人工核验,自动通过,WL-WORK-0277
最后一个人.md,最后一个人,玛丽·雪莱,,T3,T3 19世纪现代文学体系,,REVIEW,缺少可机器读取的 year；需要按成书/定稿/首次发表史人工核验,自动通过,WL-WORK-0263
最后一个莫希干人.md,最后一个莫希干人,詹姆斯·费尼莫尔·库珀,,T3,T3 19世纪现代文学体系,,REVIEW,缺少可机器读取的 year；需要按成书/定稿/首次发表史人工核验,自动通过,WL-WORK-0723
最后一战.md,最后一战,C.S.刘易斯,,T5,T5 二战后多极文学,,REVIEW,缺少可机器读取的 year；需要按成书/定稿/首次发表史人工核验,自动通过,WL-WORK-0724
最后一颗子弹留给我.md,最后一颗子弹留给我,刘猛,,T6,T6 当代全球文学,,REVIEW,缺少可机器读取的 year；需要按成书/定稿/首次发表史人工核验,个人补录,WL-WORK-2769
最后和最初的人.md,最后和最初的人,奥拉夫·斯塔普雷顿,,T4,T4 全球现代主义时代,,REVIEW,缺少可机器读取的 year；需要按成书/定稿/首次发表史人工核验,自动通过,WL-WORK-0285
最后的吩咐.md,最后的吩咐,格雷厄姆·斯威夫特,,T6,T6 当代全球文学,,REVIEW,缺少可机器读取的 year；需要按成书/定稿/首次发表史人工核验,需复核,WL-WORK-3058
最后的见证者.md,最后的见证者,阿列克谢耶维奇,,T6,T6 当代全球文学,,REVIEW,缺少可机器读取的 year；需要按成书/定稿/首次发表史人工核验,自动通过,WL-WORK-2083
最后的酒.md,最后的酒,玛丽·瑞瑙特,,T5,T5 二战后多极文学,,REVIEW,缺少可机器读取的 year；需要按成书/定稿/首次发表史人工核验,自动通过,WL-WORK-1145
最明净的地区.md,最明净的地区,卡洛斯·富恩特斯,,T5,T5 二战后多极文学,,REVIEW,缺少可机器读取的 year；需要按成书/定稿/首次发表史人工核验,自动通过,WL-WORK-1737
最蓝的眼睛.md,最蓝的眼睛,托妮·莫里森,,T5,T5 二战后多极文学,,REVIEW,缺少可机器读取的 year；需要按成书/定稿/首次发表史人工核验,自动通过,WL-WORK-1146
最遥远的海岸.md,最遥远的海岸,厄休拉·勒古恩,,T5,T5 二战后多极文学,,REVIEW,缺少可机器读取的 year；需要按成书/定稿/首次发表史人工核验,自动通过,WL-WORK-0725
月亮与太阳.md,月亮与太阳,冯达·麦金泰尔,,T6,T6 当代全球文学,,REVIEW,缺少可机器读取的 year；需要按成书/定稿/首次发表史人工核验,需复核,WL-WORK-2944
月亮与篝火.md,月亮与篝火,切萨雷·帕韦泽,,T5,T5 二战后多极文学,,REVIEW,缺少可机器读取的 year；需要按成书/定稿/首次发表史人工核验,自动通过,WL-WORK-1738
月亮宝石.md,月亮宝石,威尔基·柯林斯,,T3,T3 19世纪现代文学体系,,REVIEW,缺少可机器读取的 year；需要按成书/定稿/首次发表史人工核验,自动通过,WL-WORK-0003
月亮是个严厉的主人.md,月亮是个严厉的主人,罗伯特·海因莱因,,T5,T5 二战后多极文学,,REVIEW,缺少可机器读取的 year；需要按成书/定稿/首次发表史人工核验,需复核,WL-WORK-2902
月亮虎.md,月亮虎,佩内洛普·莱夫利,,T6,T6 当代全球文学,,REVIEW,缺少可机器读取的 year；需要按成书/定稿/首次发表史人工核验,需复核,WL-WORK-3053
月光游戏.md,月光游戏,有栖川有栖,,T6,T6 当代全球文学,,REVIEW,缺少可机器读取的 year；需要按成书/定稿/首次发表史人工核验,自动通过,WL-WORK-0183
月心.md,月心,艾玛·布尔,,T6,T6 当代全球文学,,REVIEW,缺少可机器读取的 year；需要按成书/定稿/首次发表史人工核验,自动通过,WL-WORK-0727
有事要交代.md,有事要交代,P.H.纽比,,T5,T5 二战后多极文学,,REVIEW,缺少可机器读取的 year；需要按成书/定稿/首次发表史人工核验,需复核,WL-WORK-3035
有产业的人.md,有产业的人,约翰·高尔斯华绥,,T4,T4 全球现代主义时代,,REVIEW,缺少可机器读取的 year；需要按成书/定稿/首次发表史人工核验,自动通过,WL-WORK-1147
有人居住的星球.md,有人居住的星球,斯特鲁加茨基兄弟,,T5,T5 二战后多极文学,,REVIEW,缺少可机器读取的 year；需要按成书/定稿/首次发表史人工核验,自动通过,WL-WORK-1148
有匪.md,有匪,Priest,,T6,T6 当代全球文学,,REVIEW,缺少可机器读取的 year；需要按成书/定稿/首次发表史人工核验,自动通过,WL-WORK-2543
有翼之暗.md,有翼之暗,麻耶雄嵩,,T6,T6 当代全球文学,,REVIEW,缺少可机器读取的 year；需要按成书/定稿/首次发表史人工核验,自动通过,WL-WORK-0194
朝花夕拾.md,朝花夕拾,鲁迅,,T4,T4 全球现代主义时代,,REVIEW,缺少可机器读取的 year；需要按成书/定稿/首次发表史人工核验,个人补录,WL-WORK-2679
未完的传说.md,未完的传说,J.R.R.托尔金,,T6,T6 当代全球文学,,REVIEW,缺少可机器读取的 year；需要按成书/定稿/首次发表史人工核验,自动通过,WL-WORK-0728
未来事务部.md,未来事务部,金·斯坦利·罗宾逊,,T6,T6 当代全球文学,,REVIEW,缺少可机器读取的 year；需要按成书/定稿/首次发表史人工核验,自动通过,WL-WORK-0428
未来故乡的活神.md,未来故乡的活神,路易丝·厄德里奇,,T6,T6 当代全球文学,,REVIEW,缺少可机器读取的 year；需要按成书/定稿/首次发表史人工核验,自动通过,WL-WORK-1152
末日之书.md,末日之书,康妮·威利斯,,T6,T6 当代全球文学,,REVIEW,缺少可机器读取的 year；需要按成书/定稿/首次发表史人工核验,自动通过,WL-WORK-0438
本巴.md,本巴,刘亮程,,T6,T6 当代全球文学,,REVIEW,缺少可机器读取的 year；需要按成书/定稿/首次发表史人工核验,需复核,WL-WORK-2893
本生经.md,本生经,佚名,,T0,T0 文学源头与古代文学,,REVIEW,缺少可机器读取的 year；需要按成书/定稿/首次发表史人工核验,自动通过,WL-WORK-1471
本达希申.md,本达希申,佚名,,T1,T1 中古多中心文学世界,,REVIEW,缺少可机器读取的 year；需要按成书/定稿/首次发表史人工核验,自动通过,WL-WORK-1472
本阵杀人事件.md,本阵杀人事件,横沟正史,,T5,T5 二战后多极文学,,REVIEW,缺少可机器读取的 year；需要按成书/定稿/首次发表史人工核验,自动通过,WL-WORK-0151
朴素的诗.md,朴素的诗,何塞·马蒂,,T3,T3 19世纪现代文学体系,,REVIEW,缺少可机器读取的 year；需要按成书/定稿/首次发表史人工核验,手工核验,WL-WORK-M2-036D05D7F635
机器人大师.md,机器人大师,斯坦尼斯瓦夫·莱姆,,T5,T5 二战后多极文学,,REVIEW,缺少可机器读取的 year；需要按成书/定稿/首次发表史人工核验,自动通过,WL-WORK-0333
机器人短篇全集.md,机器人短篇全集,艾萨克·阿西莫夫,,T5,T5 二战后多极文学,,REVIEW,缺少可机器读取的 year；需要按成书/定稿/首次发表史人工核验,个人补录,WL-WORK-2666
机器停止运转.md,机器停止运转,E.M.福斯特,,T4,T4 全球现代主义时代,,REVIEW,缺少可机器读取的 year；需要按成书/定稿/首次发表史人工核验,自动通过,WL-WORK-0279
机器岛.md,机器岛,儒勒·凡尔纳,,T4,T4 全球现代主义时代,,REVIEW,缺少可机器读取的 year；需要按成书/定稿/首次发表史人工核验,自动通过,WL-WORK-0271
机械.md,机械,横光利一,,T4,T4 全球现代主义时代,,REVIEW,缺少可机器读取的 year；需要按成书/定稿/首次发表史人工核验,自动通过,WL-WORK-1742
杀戮时刻.md,杀戮时刻,约翰·格里森姆,,T6,T6 当代全球文学,,REVIEW,缺少可机器读取的 year；需要按成书/定稿/首次发表史人工核验,自动通过,WL-WORK-0119
杀死一只知更鸟.md,杀死一只知更鸟,哈珀·李,,T5,T5 二战后多极文学,,REVIEW,缺少可机器读取的 year；需要按成书/定稿/首次发表史人工核验,自动通过,WL-WORK-1154
杀鹿人.md,杀鹿人,詹姆斯·费尼莫尔·库珀,,T3,T3 19世纪现代文学体系,,REVIEW,缺少可机器读取的 year；需要按成书/定稿/首次发表史人工核验,自动通过,WL-WORK-0730
权力的游戏.md,权力的游戏,乔治·R.R.马丁,,T6,T6 当代全球文学,,REVIEW,缺少可机器读取的 year；需要按成书/定稿/首次发表史人工核验,自动通过,WL-WORK-0731
权力问题.md,权力问题,贝茜·黑德,,T5,T5 二战后多极文学,,REVIEW,缺少可机器读取的 year；需要按成书/定稿/首次发表史人工核验,需复核,WL-WORK-3202
李白诗选.md,李白诗选,李白,,T1,T1 中古多中心文学世界,,REVIEW,缺少可机器读取的 year；需要按成书/定稿/首次发表史人工核验,需复核,WL-WORK-3183
杜伊诺哀歌.md,杜伊诺哀歌,里尔克,,T4,T4 全球现代主义时代,,REVIEW,缺少可机器读取的 year；需要按成书/定稿/首次发表史人工核验,自动通过,WL-WORK-1743
杜甫诗选.md,杜甫诗选,杜甫,,T1,T1 中古多中心文学世界,,REVIEW,缺少可机器读取的 year；需要按成书/定稿/首次发表史人工核验,需复核,WL-WORK-3184
来不及说我爱你.md,来不及说我爱你,匪我思存,,T6,T6 当代全球文学,,REVIEW,缺少可机器读取的 year；需要按成书/定稿/首次发表史人工核验,自动通过,WL-WORK-2084
来世.md,来世,阿卜杜勒拉扎克·古尔纳,,T6,T6 当代全球文学,,REVIEW,缺少可机器读取的 year；需要按成书/定稿/首次发表史人工核验,自动通过,WL-WORK-1157
杨家将.md,杨家将,熊大木,,T2,T2 早期现代文学,,REVIEW,缺少可机器读取的 year；需要按成书/定稿/首次发表史人工核验,个人补录,WL-WORK-2733
杯雪.md,杯雪,小椴,,T6,T6 当代全球文学,,REVIEW,缺少可机器读取的 year；需要按成书/定稿/首次发表史人工核验,自动通过,WL-WORK-2545
杰克.md,杰克,玛丽莲·罗宾逊,,T6,T6 当代全球文学,,REVIEW,缺少可机器读取的 year；需要按成书/定稿/首次发表史人工核验,自动通过,WL-WORK-1158
杰夫代特先生和他的儿子们.md,杰夫代特先生和他的儿子们,奥尔罕·帕慕克,,T6,T6 当代全球文学,,REVIEW,缺少可机器读取的 year；需要按成书/定稿/首次发表史人工核验,自动通过,WL-WORK-1159
杰拉德准将历险记.md,杰拉德准将历险记,柯南·道尔,,T4,T4 全球现代主义时代,,REVIEW,缺少可机器读取的 year；需要按成书/定稿/首次发表史人工核验,自动通过,WL-WORK-2546
杰米·麦克菲特斯的旅行.md,杰米·麦克菲特斯的旅行,罗伯特·刘易斯·泰勒,,T5,T5 二战后多极文学,,REVIEW,缺少可机器读取的 year；需要按成书/定稿/首次发表史人工核验,需复核,WL-WORK-2987
杰米妮·拉瑟都.md,杰米妮·拉瑟都,龚古尔兄弟,,T3,T3 19世纪现代文学体系,,REVIEW,缺少可机器读取的 year；需要按成书/定稿/首次发表史人工核验,手工核验,WL-WORK-M2-AD2374EACD38
杰里科之死.md,杰里科之死,科林·德克斯特,,T6,T6 当代全球文学,,REVIEW,缺少可机器读取的 year；需要按成书/定稿/首次发表史人工核验,自动通过,WL-WORK-0106
松迪亚塔史诗.md,松迪亚塔史诗,佚名,,T1,T1 中古多中心文学世界,,REVIEW,缺少可机器读取的 year；需要按成书/定稿/首次发表史人工核验,自动通过,WL-WORK-1473
极光.md,极光,金·斯坦利·罗宾逊,,T6,T6 当代全球文学,,REVIEW,缺少可机器读取的 year；需要按成书/定稿/首次发表史人工核验,自动通过,WL-WORK-0383
枕草子.md,枕草子,清少纳言,,T1,T1 中古多中心文学世界,,REVIEW,缺少可机器读取的 year；需要按成书/定稿/首次发表史人工核验,需复核,WL-WORK-2810
林加拉密码.md,林加拉密码,沃伦·基弗,,T5,T5 二战后多极文学,,REVIEW,缺少可机器读取的 year；需要按成书/定稿/首次发表史人工核验,需复核,WL-WORK-3100
林孔内特与科尔塔迪略.md,林孔内特与科尔塔迪略,塞万提斯,,T2,T2 早期现代文学,,REVIEW,缺少可机器读取的 year；需要按成书/定稿/首次发表史人工核验,自动通过,WL-WORK-2547
林肯在中阴.md,林肯在中阴,乔治·桑德斯,,T6,T6 当代全球文学,,REVIEW,缺少可机器读取的 year；需要按成书/定稿/首次发表史人工核验,需复核,WL-WORK-3073
果园.md,果园,萨迪,,T1,T1 中古多中心文学世界,,REVIEW,缺少可机器读取的 year；需要按成书/定稿/首次发表史人工核验,需复核,WL-WORK-3166
枭之城.md,枭之城,司马辽太郎,,T5,T5 二战后多极文学,,REVIEW,缺少可机器读取的 year；需要按成书/定稿/首次发表史人工核验,自动通过,WL-WORK-2548
柏林亚历山大广场.md,柏林亚历山大广场,阿尔弗雷德·德布林,,T4,T4 全球现代主义时代,,REVIEW,缺少可机器读取的 year；需要按成书/定稿/首次发表史人工核验,自动通过,WL-WORK-1746
柏林谍影.md,柏林谍影,约翰·勒卡雷,,T5,T5 二战后多极文学,,REVIEW,缺少可机器读取的 year；需要按成书/定稿/首次发表史人工核验,自动通过,WL-WORK-0253
某种绝望的荣耀.md,某种绝望的荣耀,艾米莉·特什,,T6,T6 当代全球文学,,REVIEW,缺少可机器读取的 year；需要按成书/定稿/首次发表史人工核验,需复核,WL-WORK-2928
染血之室.md,染血之室,安吉拉·卡特,,T5,T5 二战后多极文学,,REVIEW,缺少可机器读取的 year；需要按成书/定稿/首次发表史人工核验,自动通过,WL-WORK-0732
查塔姆学校事件.md,查塔姆学校事件,托马斯·H·库克,,T6,T6 当代全球文学,,REVIEW,缺少可机器读取的 year；需要按成书/定稿/首次发表史人工核验,需复核,WL-WORK-3123
查尔斯·迪克斯特·瓦德事件.md,查尔斯·迪克斯特·瓦德事件,洛夫克拉夫特,,T4,T4 全球现代主义时代,,REVIEW,缺少可机器读取的 year；需要按成书/定稿/首次发表史人工核验,自动通过,WL-WORK-0733
查泰莱夫人的情人.md,查泰莱夫人的情人,D.H.劳伦斯,,T4,T4 全球现代主义时代,,REVIEW,缺少可机器读取的 year；需要按成书/定稿/首次发表史人工核验,自动通过,WL-WORK-2085
查理九世时代轶事.md,查理九世时代轶事,梅里美,,T3,T3 19世纪现代文学体系,,REVIEW,缺少可机器读取的 year；需要按成书/定稿/首次发表史人工核验,自动通过,WL-WORK-1161
柳树.md,柳树,阿尔杰农·布莱克伍德,,T4,T4 全球现代主义时代,,REVIEW,缺少可机器读取的 year；需要按成书/定稿/首次发表史人工核验,自动通过,WL-WORK-0735
柳生忍法帖.md,柳生忍法帖,山田风太郎,,T5,T5 二战后多极文学,,REVIEW,缺少可机器读取的 year；需要按成书/定稿/首次发表史人工核验,自动通过,WL-WORK-2549
柳生武艺帐.md,柳生武艺帐,五味康祐,,T5,T5 二战后多极文学,,REVIEW,缺少可机器读取的 year；需要按成书/定稿/首次发表史人工核验,自动通过,WL-WORK-2550
树语.md,树语,理查德·鲍尔斯,,T6,T6 当代全球文学,,REVIEW,缺少可机器读取的 year；需要按成书/定稿/首次发表史人工核验,需复核,WL-WORK-3027
格兰奇·科普兰的第三次生命.md,格兰奇·科普兰的第三次生命,爱丽丝·沃克,,T5,T5 二战后多极文学,,REVIEW,缺少可机器读取的 year；需要按成书/定稿/首次发表史人工核验,自动通过,WL-WORK-1747
格兰特船长的儿女.md,格兰特船长的儿女,儒勒·凡尔纳,,T3,T3 19世纪现代文学体系,,REVIEW,缺少可机器读取的 year；需要按成书/定稿/首次发表史人工核验,自动通过,WL-WORK-0736
格林家杀人事件.md,格林家杀人事件,S.S.范达因,,T4,T4 全球现代主义时代,,REVIEW,缺少可机器读取的 year；需要按成书/定稿/首次发表史人工核验,自动通过,WL-WORK-0065
格萨尔王传.md,格萨尔王传,佚名,,T1,T1 中古多中心文学世界,,REVIEW,缺少可机器读取的 year；需要按成书/定稿/首次发表史人工核验,自动通过,WL-WORK-1474
格里姆斯克里布.md,格里姆斯克里布,默文·皮克,,T5,T5 二战后多极文学,,REVIEW,缺少可机器读取的 year；需要按成书/定稿/首次发表史人工核验,自动通过,WL-WORK-0738
桃花扇.md,桃花扇,孔尚任,,T2,T2 早期现代文学,,REVIEW,缺少可机器读取的 year；需要按成书/定稿/首次发表史人工核验,需复核,WL-WORK-2816
桤木心.md,桤木心,M.R.詹姆斯,,T4,T4 全球现代主义时代,,REVIEW,缺少可机器读取的 year；需要按成书/定稿/首次发表史人工核验,自动通过,WL-WORK-0739
梅尔尼波内的艾尔利克.md,梅尔尼波内的艾尔利克,迈克尔·莫考克,,T5,T5 二战后多极文学,,REVIEW,缺少可机器读取的 year；需要按成书/定稿/首次发表史人工核验,自动通过,WL-WORK-0740
梅森和迪克逊.md,梅森和迪克逊,托马斯·品钦,,T6,T6 当代全球文学,,REVIEW,缺少可机器读取的 year；需要按成书/定稿/首次发表史人工核验,自动通过,WL-WORK-1164
梅赛德斯先生.md,梅赛德斯先生,斯蒂芬·金,,T6,T6 当代全球文学,,REVIEW,缺少可机器读取的 year；需要按成书/定稿/首次发表史人工核验,需复核,WL-WORK-3141
梅雨之夕.md,梅雨之夕,施蛰存,,T4,T4 全球现代主义时代,,REVIEW,缺少可机器读取的 year；需要按成书/定稿/首次发表史人工核验,自动通过,WL-WORK-1749
梦寻秘境卡达斯.md,梦寻秘境卡达斯,洛夫克拉夫特,,T4,T4 全球现代主义时代,,REVIEW,缺少可机器读取的 year；需要按成书/定稿/首次发表史人工核验,自动通过,WL-WORK-0741
梦游者.md,梦游者,赫尔曼·布洛赫,,T4,T4 全球现代主义时代,,REVIEW,缺少可机器读取的 year；需要按成书/定稿/首次发表史人工核验,自动通过,WL-WORK-1752
梦的故事.md,梦的故事,阿图尔·施尼茨勒,,T4,T4 全球现代主义时代,,REVIEW,缺少可机器读取的 year；需要按成书/定稿/首次发表史人工核验,自动通过,WL-WORK-1753
梦蛇.md,梦蛇,冯达·麦金泰尔,,T5,T5 二战后多极文学,,REVIEW,缺少可机器读取的 year；需要按成书/定稿/首次发表史人工核验,需复核,WL-WORK-2905
梦里花落知多少.md,梦里花落知多少,郭敬明,,T6,T6 当代全球文学,,REVIEW,缺少可机器读取的 year；需要按成书/定稿/首次发表史人工核验,个人补录,WL-WORK-2756
梨俱吠陀.md,梨俱吠陀,佚名,,T0,T0 文学源头与古代文学,,REVIEW,缺少可机器读取的 year；需要按成书/定稿/首次发表史人工核验,自动通过,WL-WORK-1475
棕榈酒鬼.md,棕榈酒鬼,阿莫斯·图图奥拉,,T5,T5 二战后多极文学,,REVIEW,缺少可机器读取的 year；需要按成书/定稿/首次发表史人工核验,自动通过,WL-WORK-1754
森林深处.md,森林深处,塔娜·弗兰奇,,T6,T6 当代全球文学,,REVIEW,缺少可机器读取的 year；需要按成书/定稿/首次发表史人工核验,自动通过,WL-WORK-0113
棺椁铭文.md,棺椁铭文,佚名,,T0,T0 文学源头与古代文学,,REVIEW,缺少可机器读取的 year；需要按成书/定稿/首次发表史人工核验,自动通过,WL-WORK-1476
楚留香：血海飘香.md,楚留香：血海飘香,古龙,,T5,T5 二战后多极文学,,REVIEW,缺少可机器读取的 year；需要按成书/定稿/首次发表史人工核验,自动通过,WL-WORK-2551
楚辞.md,楚辞,屈原等,,T0,T0 文学源头与古代文学,,REVIEW,缺少可机器读取的 year；需要按成书/定稿/首次发表史人工核验,需复核,WL-WORK-2814
楚辞·九歌.md,楚辞·九歌,屈原,,T0,T0 文学源头与古代文学,,REVIEW,缺少可机器读取的 year；需要按成书/定稿/首次发表史人工核验,自动通过,WL-WORK-1477
楚辞·天问.md,楚辞·天问,屈原,,T0,T0 文学源头与古代文学,,REVIEW,缺少可机器读取的 year；需要按成书/定稿/首次发表史人工核验,自动通过,WL-WORK-1478
楼兰.md,楼兰,井上靖,,T5,T5 二战后多极文学,,REVIEW,缺少可机器读取的 year；需要按成书/定稿/首次发表史人工核验,自动通过,WL-WORK-1165
榕树叶.md,榕树叶,阿尔伯特·温特,,T5,T5 二战后多极文学,,REVIEW,缺少可机器读取的 year；需要按成书/定稿/首次发表史人工核验,需复核,WL-WORK-3214
樅ノ木は残った.md,樅ノ木は残った,山本周五郎,,T5,T5 二战后多极文学,,REVIEW,缺少可机器读取的 year；需要按成书/定稿/首次发表史人工核验,自动通过,WL-WORK-2553
模仿犯.md,模仿犯,宫部美雪,,T6,T6 当代全球文学,,REVIEW,缺少可机器读取的 year；需要按成书/定稿/首次发表史人工核验,自动通过,WL-WORK-0170
模仿者.md,模仿者,V.S.奈保尔,,T5,T5 二战后多极文学,,REVIEW,缺少可机器读取的 year；需要按成书/定稿/首次发表史人工核验,自动通过,WL-WORK-1755
橘子不是唯一的水果.md,橘子不是唯一的水果,珍妮特·温特森,,T6,T6 当代全球文学,,REVIEW,缺少可机器读取的 year；需要按成书/定稿/首次发表史人工核验,自动通过,WL-WORK-1166
橡树之战.md,橡树之战,艾玛·布尔,,T6,T6 当代全球文学,,REVIEW,缺少可机器读取的 year；需要按成书/定稿/首次发表史人工核验,自动通过,WL-WORK-0742
檀香刑.md,檀香刑,莫言,,T6,T6 当代全球文学,,REVIEW,缺少可机器读取的 year；需要按成书/定稿/首次发表史人工核验,自动通过,WL-WORK-1167
欢乐英雄.md,欢乐英雄,古龙,,T5,T5 二战后多极文学,,REVIEW,缺少可机器读取的 year；需要按成书/定稿/首次发表史人工核验,自动通过,WL-WORK-2554
欧·亨利短篇小说选.md,欧·亨利短篇小说选,欧·亨利,,T4,T4 全球现代主义时代,,REVIEW,缺少可机器读取的 year；需要按成书/定稿/首次发表史人工核验,个人补录,WL-WORK-2709
欧仁·奥涅金.md,欧仁·奥涅金,亚历山大·普希金,,T3,T3 19世纪现代文学体系,,REVIEW,缺少可机器读取的 year；需要按成书/定稿/首次发表史人工核验,需复核,WL-WORK-2837
歌门鬼城.md,歌门鬼城,默文·皮克,,T5,T5 二战后多极文学,,REVIEW,缺少可机器读取的 year；需要按成书/定稿/首次发表史人工核验,自动通过,WL-WORK-0743
武器浮生录.md,武器浮生录,伊恩·M.班克斯,,T6,T6 当代全球文学,,REVIEW,缺少可机器读取的 year；需要按成书/定稿/首次发表史人工核验,自动通过,WL-WORK-0404
武士.md,武士,远藤周作,,T6,T6 当代全球文学,,REVIEW,缺少可机器读取的 year；需要按成书/定稿/首次发表史人工核验,自动通过,WL-WORK-1169
武州公秘话.md,武州公秘话,谷崎润一郎,,T4,T4 全球现代主义时代,,REVIEW,缺少可机器读取的 year；需要按成书/定稿/首次发表史人工核验,自动通过,WL-WORK-2559
歪曲的枢纽.md,歪曲的枢纽,约翰·狄克森·卡尔,,T4,T4 全球现代主义时代,,REVIEW,缺少可机器读取的 year；需要按成书/定稿/首次发表史人工核验,自动通过,WL-WORK-0035
死亡与国王的侍从.md,死亡与国王的侍从,沃莱·索因卡,,T5,T5 二战后多极文学,,REVIEW,缺少可机器读取的 year；需要按成书/定稿/首次发表史人工核验,自动通过,WL-WORK-1756
死亡与快乐女人.md,死亡与快乐女人,埃利斯·彼得斯,,T5,T5 二战后多极文学,,REVIEW,缺少可机器读取的 year；需要按成书/定稿/首次发表史人工核验,需复核,WL-WORK-3091
死亡地带.md,死亡地带,斯蒂芬·金,,T5,T5 二战后多极文学,,REVIEW,缺少可机器读取的 year；需要按成书/定稿/首次发表史人工核验,自动通过,WL-WORK-0744
死人躺下.md,死人躺下,奈奥·马什,,T4,T4 全球现代主义时代,,REVIEW,缺少可机器读取的 year；需要按成书/定稿/首次发表史人工核验,自动通过,WL-WORK-0054
死神学徒.md,死神学徒,特里·普拉切特,,T6,T6 当代全球文学,,REVIEW,缺少可机器读取的 year；需要按成书/定稿/首次发表史人工核验,自动通过,WL-WORK-0746
死神永生.md,死神永生,刘慈欣,,T6,T6 当代全球文学,,REVIEW,缺少可机器读取的 year；需要按成书/定稿/首次发表史人工核验,自动通过,WL-WORK-0464
死者代言人.md,死者代言人,奥森·斯科特·卡德,,T6,T6 当代全球文学,,REVIEW,缺少可机器读取的 year；需要按成书/定稿/首次发表史人工核验,自动通过,WL-WORK-0415
母亲的快乐.md,母亲的快乐,布奇·埃梅切塔,,T5,T5 二战后多极文学,,REVIEW,缺少可机器读取的 year；需要按成书/定稿/首次发表史人工核验,自动通过,WL-WORK-1170
毒巧克力命案.md,毒巧克力命案,安东尼·伯克利,,T4,T4 全球现代主义时代,,REVIEW,缺少可机器读取的 year；需要按成书/定稿/首次发表史人工核验,自动通过,WL-WORK-0050
比林斯盖浅滩.md,比林斯盖浅滩,里克·博耶,,T6,T6 当代全球文学,,REVIEW,缺少可机器读取的 year；需要按成书/定稿/首次发表史人工核验,需复核,WL-WORK-3109
毕司沃斯先生的房子.md,毕司沃斯先生的房子,V.S.奈保尔,,T5,T5 二战后多极文学,,REVIEW,缺少可机器读取的 year；需要按成书/定稿/首次发表史人工核验,自动通过,WL-WORK-1759
毗湿奴往世书.md,毗湿奴往世书,佚名,,T0,T0 文学源头与古代文学,,REVIEW,缺少可机器读取的 year；需要按成书/定稿/首次发表史人工核验,自动通过,WL-WORK-1479
水之乡.md,水之乡,格雷厄姆·斯威夫特,,T6,T6 当代全球文学,,REVIEW,缺少可机器读取的 year；需要按成书/定稿/首次发表史人工核验,自动通过,WL-WORK-1173
水刀子.md,水刀子,保罗·巴奇加卢皮,,T6,T6 当代全球文学,,REVIEW,缺少可机器读取的 year；需要按成书/定稿/首次发表史人工核验,自动通过,WL-WORK-1174
水族馆之谜.md,水族馆之谜,青崎有吾,,T6,T6 当代全球文学,,REVIEW,缺少可机器读取的 year；需要按成书/定稿/首次发表史人工核验,自动通过,WL-WORK-0204
水晶洞.md,水晶洞,玛丽·斯图尔特,,T5,T5 二战后多极文学,,REVIEW,缺少可机器读取的 year；需要按成书/定稿/首次发表史人工核验,自动通过,WL-WORK-0748
水泥金发女郎.md,水泥金发女郎,迈克尔·康奈利,,T6,T6 当代全球文学,,REVIEW,缺少可机器读取的 year；需要按成书/定稿/首次发表史人工核验,自动通过,WL-WORK-0110
水浒传.md,水浒传,施耐庵,,T2,T2 早期现代文学,,REVIEW,缺少可机器读取的 year；需要按成书/定稿/首次发表史人工核验,手工核验,WL-WORK-1175
水浒后传.md,水浒后传,陈忱,,T2,T2 早期现代文学,,REVIEW,缺少可机器读取的 year；需要按成书/定稿/首次发表史人工核验,自动通过,WL-WORK-2563
水车馆事件.md,水车馆事件,绫辻行人,,T6,T6 当代全球文学,,REVIEW,缺少可机器读取的 year；需要按成书/定稿/首次发表史人工核验,自动通过,WL-WORK-0180
永世.md,永世,格雷格·贝尔,,T6,T6 当代全球文学,,REVIEW,缺少可机器读取的 year；需要按成书/定稿/首次发表史人工核验,自动通过,WL-WORK-0373
永久和平.md,永久和平,乔·霍尔德曼,,T6,T6 当代全球文学,,REVIEW,缺少可机器读取的 year；需要按成书/定稿/首次发表史人工核验,需复核,WL-WORK-2915
永别了，武器.md,永别了，武器,海明威,,T4,T4 全球现代主义时代,,REVIEW,缺少可机器读取的 year；需要按成书/定稿/首次发表史人工核验,自动通过,WL-WORK-1176
永恒的终结.md,永恒的终结,艾萨克·阿西莫夫,,T5,T5 二战后多极文学,,REVIEW,缺少可机器读取的 year；需要按成书/定稿/首次发表史人工核验,自动通过,WL-WORK-0299
永远的战争.md,永远的战争,乔·霍尔德曼,,T5,T5 二战后多极文学,,REVIEW,缺少可机器读取的 year；需要按成书/定稿/首次发表史人工核验,自动通过,WL-WORK-0416
江南三部曲.md,江南三部曲,格非,,T6,T6 当代全球文学,,REVIEW,缺少可机器读取的 year；需要按成书/定稿/首次发表史人工核验,需复核,WL-WORK-2882
江湖夜雨十年灯.md,江湖夜雨十年灯,诸葛青云,,T5,T5 二战后多极文学,,REVIEW,缺少可机器读取的 year；需要按成书/定稿/首次发表史人工核验,自动通过,WL-WORK-2564
汤姆·索亚历险记.md,汤姆·索亚历险记,马克·吐温,,T3,T3 19世纪现代文学体系,,REVIEW,缺少可机器读取的 year；需要按成书/定稿/首次发表史人工核验,自动通过,WL-WORK-0751
汤姆叔叔的小屋.md,汤姆叔叔的小屋,哈丽雅特·比彻·斯托,,T3,T3 19世纪现代文学体系,,REVIEW,缺少可机器读取的 year；需要按成书/定稿/首次发表史人工核验,手工核验,WL-WORK-T3-UNCLE-TOM
沃尔松格萨迦.md,沃尔松格萨迦,佚名,,T1,T1 中古多中心文学世界,,REVIEW,缺少可机器读取的 year；需要按成书/定稿/首次发表史人工核验,自动通过,WL-WORK-0752
沃尔游戏.md,沃尔游戏,洛伊斯·麦克马斯特·比约德,,T6,T6 当代全球文学,,REVIEW,缺少可机器读取的 year；需要按成书/定稿/首次发表史人工核验,需复核,WL-WORK-2912
沃斯.md,沃斯,帕特里克·怀特,,T5,T5 二战后多极文学,,REVIEW,缺少可机器读取的 year；需要按成书/定稿/首次发表史人工核验,需复核,WL-WORK-3210
沉睡谷传奇.md,沉睡谷传奇,华盛顿·欧文,,T3,T3 19世纪现代文学体系,,REVIEW,缺少可机器读取的 year；需要按成书/定稿/首次发表史人工核验,自动通过,WL-WORK-0753
沉重的翅膀.md,沉重的翅膀,张洁,,T6,T6 当代全球文学,,REVIEW,缺少可机器读取的 year；需要按成书/定稿/首次发表史人工核验,需复核,WL-WORK-2861
沉静的美国人.md,沉静的美国人,格雷厄姆·格林,,T5,T5 二战后多极文学,,REVIEW,缺少可机器读取的 year；需要按成书/定稿/首次发表史人工核验,自动通过,WL-WORK-2087
沉默.md,沉默,远藤周作,,T5,T5 二战后多极文学,,REVIEW,缺少可机器读取的 year；需要按成书/定稿/首次发表史人工核验,自动通过,WL-WORK-1179
沉默的羔羊.md,沉默的羔羊,托马斯·哈里斯,,T6,T6 当代全球文学,,REVIEW,缺少可机器读取的 year；需要按成书/定稿/首次发表史人工核验,自动通过,WL-WORK-0125
沙丘.md,沙丘,弗兰克·赫伯特,,T5,T5 二战后多极文学,,REVIEW,缺少可机器读取的 year；需要按成书/定稿/首次发表史人工核验,自动通过,WL-WORK-0327
沙恭达罗.md,沙恭达罗,迦梨陀娑,,T0,T0 文学源头与古代文学,,REVIEW,缺少可机器读取的 year；需要按成书/定稿/首次发表史人工核验,手工核验,WL-WORK-2088
沙滩船长.md,沙滩船长,若热·亚马多,,T4,T4 全球现代主义时代,,REVIEW,缺少可机器读取的 year；需要按成书/定稿/首次发表史人工核验,自动通过,WL-WORK-1180
没有个性的人.md,没有个性的人,罗伯特·穆齐尔,,T4,T4 全球现代主义时代,,REVIEW,缺少可机器读取的 year；需要按成书/定稿/首次发表史人工核验,自动通过,WL-WORK-1761
没有人给他写信的上校.md,没有人给他写信的上校,加西亚·马尔克斯,,T5,T5 二战后多极文学,,REVIEW,缺少可机器读取的 year；需要按成书/定稿/首次发表史人工核验,自动通过,WL-WORK-1763
没有界限的地方.md,没有界限的地方,何塞·多诺索,,T5,T5 二战后多极文学,,REVIEW,缺少可机器读取的 year；需要按成书/定稿/首次发表史人工核验,自动通过,WL-WORK-1764
沧浪之水.md,沧浪之水,阎真,,T6,T6 当代全球文学,,REVIEW,缺少可机器读取的 year；需要按成书/定稿/首次发表史人工核验,个人补录,WL-WORK-2676
沧海.md,沧海,凤歌,,T6,T6 当代全球文学,,REVIEW,缺少可机器读取的 year；需要按成书/定稿/首次发表史人工核验,自动通过,WL-WORK-2566
泄密的心.md,泄密的心,爱伦·坡,,T3,T3 19世纪现代文学体系,,REVIEW,缺少可机器读取的 year；需要按成书/定稿/首次发表史人工核验,自动通过,WL-WORK-0756
法兰柴思事件.md,法兰柴思事件,约瑟芬·铁伊,,T5,T5 二战后多极文学,,REVIEW,缺少可机器读取的 year；需要按成书/定稿/首次发表史人工核验,自动通过,WL-WORK-0059
法官和他的刽子手.md,法官和他的刽子手,弗里德里希·迪伦马特,,T5,T5 二战后多极文学,,REVIEW,缺少可机器读取的 year；需要按成书/定稿/首次发表史人工核验,自动通过,WL-WORK-0236
波斯少年.md,波斯少年,玛丽·瑞瑙特,,T5,T5 二战后多极文学,,REVIEW,缺少可机器读取的 year；需要按成书/定稿/首次发表史人工核验,自动通过,WL-WORK-1184
波波尔·乌.md,波波尔·乌,佚名,,T2,T2 早期现代文学,,REVIEW,缺少可机器读取的 year；需要按成书/定稿/首次发表史人工核验,手工核验,WL-WORK-1481
波蒂基.md,波蒂基,帕特里夏·格雷斯,,T6,T6 当代全球文学,,REVIEW,缺少可机器读取的 year；需要按成书/定稿/首次发表史人工核验,需复核,WL-WORK-3213
泰特斯·格罗恩.md,泰特斯·格罗恩,默文·皮克,,T5,T5 二战后多极文学,,REVIEW,缺少可机器读取的 year；需要按成书/定稿/首次发表史人工核验,自动通过,WL-WORK-0757
泰蕾丝·拉甘.md,泰蕾丝·拉甘,埃米尔·左拉,,T3,T3 19世纪现代文学体系,,REVIEW,缺少可机器读取的 year；需要按成书/定稿/首次发表史人工核验,手工核验,WL-WORK-M2-BEFE973B35DC
泽诺的意识.md,泽诺的意识,伊塔洛·斯韦沃,,T4,T4 全球现代主义时代,,REVIEW,缺少可机器读取的 year；需要按成书/定稿/首次发表史人工核验,自动通过,WL-WORK-1767
洛丽塔.md,洛丽塔,纳博科夫,,T5,T5 二战后多极文学,,REVIEW,缺少可机器读取的 year；需要按成书/定稿/首次发表史人工核验,自动通过,WL-WORK-2090
洛城机密.md,洛城机密,詹姆斯·埃尔罗伊,,T6,T6 当代全球文学,,REVIEW,缺少可机器读取的 year；需要按成书/定稿/首次发表史人工核验,自动通过,WL-WORK-0097
洛基斯.md,洛基斯,梅里美,,T3,T3 19世纪现代文学体系,,REVIEW,缺少可机器读取的 year；需要按成书/定稿/首次发表史人工核验,自动通过,WL-WORK-0758
洛基的争吵.md,洛基的争吵,佚名,,T1,T1 中古多中心文学世界,,REVIEW,缺少可机器读取的 year；需要按成书/定稿/首次发表史人工核验,自动通过,WL-WORK-1482
洛斯奇尔的提琴.md,洛斯奇尔的提琴,契诃夫,,T3,T3 19世纪现代文学体系,,REVIEW,缺少可机器读取的 year；需要按成书/定稿/首次发表史人工核验,个人补录,WL-WORK-3220
洛阳女儿行.md,洛阳女儿行,小椴,,T6,T6 当代全球文学,,REVIEW,缺少可机器读取的 year；需要按成书/定稿/首次发表史人工核验,自动通过,WL-WORK-2567
洪堡的礼物.md,洪堡的礼物,索尔·贝娄,,T5,T5 二战后多极文学,,REVIEW,缺少可机器读取的 year；需要按成书/定稿/首次发表史人工核验,需复核,WL-WORK-2997
洪流.md,洪流,显克维奇,,T3,T3 19世纪现代文学体系,,REVIEW,缺少可机器读取的 year；需要按成书/定稿/首次发表史人工核验,自动通过,WL-WORK-1186
流浪地球.md,流浪地球,刘慈欣,,T6,T6 当代全球文学,,REVIEW,缺少可机器读取的 year；需要按成书/定稿/首次发表史人工核验,自动通过,WL-WORK-0461
流浪者.md,流浪者,弗里茨·莱伯,,T5,T5 二战后多极文学,,REVIEW,缺少可机器读取的 year；需要按成书/定稿/首次发表史人工核验,需复核,WL-WORK-2900
流浪苍穹.md,流浪苍穹,郝景芳,,T6,T6 当代全球文学,,REVIEW,缺少可机器读取的 year；需要按成书/定稿/首次发表史人工核验,自动通过,WL-WORK-0467
浅草红团.md,浅草红团,川端康成,,T4,T4 全球现代主义时代,,REVIEW,缺少可机器读取的 year；需要按成书/定稿/首次发表史人工核验,自动通过,WL-WORK-1769
浮现.md,浮现,玛格丽特·阿特伍德,,T5,T5 二战后多极文学,,REVIEW,缺少可机器读取的 year；需要按成书/定稿/首次发表史人工核验,自动通过,WL-WORK-1770
浮生六记.md,浮生六记,沈复,,T2,T2 早期现代文学,,REVIEW,缺少可机器读取的 year；需要按成书/定稿/首次发表史人工核验,个人补录,WL-WORK-2688
海与毒药.md,海与毒药,远藤周作,,T5,T5 二战后多极文学,,REVIEW,缺少可机器读取的 year；需要按成书/定稿/首次发表史人工核验,自动通过,WL-WORK-1188
海伯利安.md,海伯利安,丹·西蒙斯,,T6,T6 当代全球文学,,REVIEW,缺少可机器读取的 year；需要按成书/定稿/首次发表史人工核验,自动通过,WL-WORK-0401
海伯利安的陨落.md,海伯利安的陨落,丹·西蒙斯,,T6,T6 当代全球文学,,REVIEW,缺少可机器读取的 year；需要按成书/定稿/首次发表史人工核验,自动通过,WL-WORK-0402
海底两万里.md,海底两万里,儒勒·凡尔纳,,T3,T3 19世纪现代文学体系,,REVIEW,缺少可机器读取的 year；需要按成书/定稿/首次发表史人工核验,自动通过,WL-WORK-0269
海法归来.md,海法归来,格桑·卡纳法尼,,T5,T5 二战后多极文学,,REVIEW,缺少可机器读取的 year；需要按成书/定稿/首次发表史人工核验,自动通过,WL-WORK-1772
海浪.md,海浪,弗吉尼亚·伍尔夫,,T4,T4 全球现代主义时代,,REVIEW,缺少可机器读取的 year；需要按成书/定稿/首次发表史人工核验,自动通过,WL-WORK-1773
海滩上.md,海滩上,内维尔·舒特,,T5,T5 二战后多极文学,,REVIEW,缺少可机器读取的 year；需要按成书/定稿/首次发表史人工核验,自动通过,WL-WORK-0324
海狼.md,海狼,杰克·伦敦,,T4,T4 全球现代主义时代,,REVIEW,缺少可机器读取的 year；需要按成书/定稿/首次发表史人工核验,自动通过,WL-WORK-0760
海的女儿.md,海的女儿,安徒生,,T3,T3 19世纪现代文学体系,,REVIEW,缺少可机器读取的 year；需要按成书/定稿/首次发表史人工核验,自动通过,WL-WORK-0761
海边的卡夫卡.md,海边的卡夫卡,村上春树,,T6,T6 当代全球文学,,REVIEW,缺少可机器读取的 year；需要按成书/定稿/首次发表史人工核验,个人补录,WL-WORK-2691
海鸥.md,海鸥,契诃夫,,T4,T4 全球现代主义时代,,REVIEW,缺少可机器读取的 year；需要按成书/定稿/首次发表史人工核验,自动通过,WL-WORK-1774
海鹰.md,海鹰,拉斐尔·萨巴蒂尼,,T4,T4 全球现代主义时代,,REVIEW,缺少可机器读取的 year；需要按成书/定稿/首次发表史人工核验,自动通过,WL-WORK-2568
涂脂抹粉的小嘴.md,涂脂抹粉的小嘴,曼努埃尔·普伊格,,T5,T5 二战后多极文学,,REVIEW,缺少可机器读取的 year；需要按成书/定稿/首次发表史人工核验,自动通过,WL-WORK-1775
消失的爱人.md,消失的爱人,吉莉安·弗琳,,T6,T6 当代全球文学,,REVIEW,缺少可机器读取的 year；需要按成书/定稿/首次发表史人工核验,自动通过,WL-WORK-0129
涉外事务.md,涉外事务,艾莉森·卢里,,T6,T6 当代全球文学,,REVIEW,缺少可机器读取的 year；需要按成书/定稿/首次发表史人工核验,需复核,WL-WORK-3004
淫秽的夜鸟.md,淫秽的夜鸟,何塞·多诺索,,T5,T5 二战后多极文学,,REVIEW,缺少可机器读取的 year；需要按成书/定稿/首次发表史人工核验,自动通过,WL-WORK-1777
深渊上的火.md,深渊上的火,弗诺·文奇,,T6,T6 当代全球文学,,REVIEW,缺少可机器读取的 year；需要按成书/定稿/首次发表史人工核验,自动通过,WL-WORK-0405
混凝土岛.md,混凝土岛,J.G.巴拉德,,T5,T5 二战后多极文学,,REVIEW,缺少可机器读取的 year；需要按成书/定稿/首次发表史人工核验,自动通过,WL-WORK-1193
清教徒.md,清教徒,沃尔特·司各特,,T3,T3 19世纪现代文学体系,,REVIEW,缺少可机器读取的 year；需要按成书/定稿/首次发表史人工核验,自动通过,WL-WORK-1195
温室.md,温室,布莱恩·奥尔迪斯,,T5,T5 二战后多极文学,,REVIEW,缺少可机器读取的 year；需要按成书/定稿/首次发表史人工核验,自动通过,WL-WORK-0346
温柔的纽扣.md,温柔的纽扣,格特鲁德·斯坦因,,T4,T4 全球现代主义时代,,REVIEW,缺少可机器读取的 year；需要按成书/定稿/首次发表史人工核验,自动通过,WL-WORK-1779
温迪戈.md,温迪戈,阿尔杰农·布莱克伍德,,T4,T4 全球现代主义时代,,REVIEW,缺少可机器读取的 year；需要按成书/定稿/首次发表史人工核验,自动通过,WL-WORK-0762
游戏玩家.md,游戏玩家,伊恩·M.班克斯,,T6,T6 当代全球文学,,REVIEW,缺少可机器读取的 year；需要按成书/定稿/首次发表史人工核验,自动通过,WL-WORK-0403
湖中女士.md,湖中女士,雷蒙德·钱德勒,,T4,T4 全球现代主义时代,,REVIEW,缺少可机器读取的 year；需要按成书/定稿/首次发表史人工核验,自动通过,WL-WORK-0077
湖光山色.md,湖光山色,周大新,,T6,T6 当代全球文学,,REVIEW,缺少可机器读取的 year；需要按成书/定稿/首次发表史人工核验,需复核,WL-WORK-2877
湖滨旅馆.md,湖滨旅馆,安妮塔·布鲁克纳,,T6,T6 当代全球文学,,REVIEW,缺少可机器读取的 year；需要按成书/定稿/首次发表史人工核验,需复核,WL-WORK-3050
湮灭.md,湮灭,杰夫·范德米尔,,T6,T6 当代全球文学,,REVIEW,缺少可机器读取的 year；需要按成书/定稿/首次发表史人工核验,自动通过,WL-WORK-0426
湿婆往世书.md,湿婆往世书,佚名,,T1,T1 中古多中心文学世界,,REVIEW,缺少可机器读取的 year；需要按成书/定稿/首次发表史人工核验,自动通过,WL-WORK-1484
源氏物语.md,源氏物语,紫式部,,T1,T1 中古多中心文学世界,,REVIEW,缺少可机器读取的 year；需要按成书/定稿/首次发表史人工核验,自动通过,WL-WORK-1196
满愿.md,满愿,米泽穗信,,T6,T6 当代全球文学,,REVIEW,缺少可机器读取的 year；需要按成书/定稿/首次发表史人工核验,自动通过,WL-WORK-0201
漂亮朋友.md,漂亮朋友,居伊·德·莫泊桑,,T3,T3 19世纪现代文学体系,,REVIEW,缺少可机器读取的 year；需要按成书/定稿/首次发表史人工核验,需复核,WL-WORK-2836
漫长的告别.md,漫长的告别,雷蒙德·钱德勒,,T5,T5 二战后多极文学,,REVIEW,缺少可机器读取的 year；需要按成书/定稿/首次发表史人工核验,自动通过,WL-WORK-0074
潘多拉之星.md,潘多拉之星,彼得·F.汉密尔顿,,T6,T6 当代全球文学,,REVIEW,缺少可机器读取的 year；需要按成书/定稿/首次发表史人工核验,自动通过,WL-WORK-0409
潜入沉船.md,潜入沉船,阿德里安娜·里奇,,T5,T5 二战后多极文学,,REVIEW,缺少可机器读取的 year；需要按成书/定稿/首次发表史人工核验,自动通过,WL-WORK-1781
潮汐站.md,潮汐站,迈克尔·斯万维克,,T6,T6 当代全球文学,,REVIEW,缺少可机器读取的 year；需要按成书/定稿/首次发表史人工核验,需复核,WL-WORK-2940
濒临狂野的心.md,濒临狂野的心,克拉丽丝·利斯佩克托,,T4,T4 全球现代主义时代,,REVIEW,缺少可机器读取的 year；需要按成书/定稿/首次发表史人工核验,自动通过,WL-WORK-1199
火与剑.md,火与剑,显克维奇,,T3,T3 19世纪现代文学体系,,REVIEW,缺少可机器读取的 year；需要按成书/定稿/首次发表史人工核验,自动通过,WL-WORK-1200
火之河.md,火之河,库拉图兰·海德尔,,T5,T5 二战后多极文学,,REVIEW,缺少可机器读取的 year；需要按成书/定稿/首次发表史人工核验,自动通过,WL-WORK-1782
火星公主.md,火星公主,埃德加·赖斯·巴勒斯,,T4,T4 全球现代主义时代,,REVIEW,缺少可机器读取的 year；需要按成书/定稿/首次发表史人工核验,自动通过,WL-WORK-0287
火星奥德赛.md,火星奥德赛,斯坦利·G.温鲍姆,,T4,T4 全球现代主义时代,,REVIEW,缺少可机器读取的 year；需要按成书/定稿/首次发表史人工核验,自动通过,WL-WORK-0290
火星编年史.md,火星编年史,雷·布拉德伯里,,T5,T5 二战后多极文学,,REVIEW,缺少可机器读取的 year；需要按成书/定稿/首次发表史人工核验,自动通过,WL-WORK-0318
火河.md,火河,库拉图莱因·海德尔,,T5,T5 二战后多极文学,,REVIEW,缺少可机器读取的 year；需要按成书/定稿/首次发表史人工核验,需复核,WL-WORK-3177
火潮.md,火潮,阿米塔夫·高希,,T6,T6 当代全球文学,,REVIEW,缺少可机器读取的 year；需要按成书/定稿/首次发表史人工核验,自动通过,WL-WORK-1201
火车.md,火车,宫部美雪,,T6,T6 当代全球文学,,REVIEW,缺少可机器读取的 year；需要按成书/定稿/首次发表史人工核验,自动通过,WL-WORK-0168
火车怪客.md,火车怪客,帕特里夏·海史密斯,,T5,T5 二战后多极文学,,REVIEW,缺少可机器读取的 year；需要按成书/定稿/首次发表史人工核验,自动通过,WL-WORK-0084
火车正点.md,火车正点,海因里希·伯尔,,T5,T5 二战后多极文学,,REVIEW,缺少可机器读取的 year；需要按成书/定稿/首次发表史人工核验,自动通过,WL-WORK-2093
灯火管制／一切安全.md,灯火管制／一切安全,康妮·威利斯,,T6,T6 当代全球文学,,REVIEW,缺少可机器读取的 year；需要按成书/定稿/首次发表史人工核验,需复核,WL-WORK-2921
灵魂圣骑士.md,灵魂圣骑士,洛伊斯·麦克马斯特·比约德,,T6,T6 当代全球文学,,REVIEW,缺少可机器读取的 year；需要按成书/定稿/首次发表史人工核验,需复核,WL-WORK-2918
灾难之城.md,灾难之城,埃勒里·奎因,,T4,T4 全球现代主义时代,,REVIEW,缺少可机器读取的 year；需要按成书/定稿/首次发表史人工核验,自动通过,WL-WORK-0043
灿烂千阳.md,灿烂千阳,卡勒德·胡赛尼,,T6,T6 当代全球文学,,REVIEW,缺少可机器读取的 year；需要按成书/定稿/首次发表史人工核验,个人补录,WL-WORK-2675
点与线.md,点与线,松本清张,,T5,T5 二战后多极文学,,REVIEW,缺少可机器读取的 year；需要按成书/定稿/首次发表史人工核验,自动通过,WL-WORK-0161
炽焰世界.md,炽焰世界,玛格丽特·卡文迪许,,T2,T2 早期现代文学,,REVIEW,缺少可机器读取的 year；需要按成书/定稿/首次发表史人工核验,自动通过,WL-WORK-0259
烈日下的人们.md,烈日下的人们,格桑·卡纳法尼,,T5,T5 二战后多极文学,,REVIEW,缺少可机器读取的 year；需要按成书/定稿/首次发表史人工核验,自动通过,WL-WORK-1783
烟中之虎.md,烟中之虎,玛杰里·阿林厄姆,,T5,T5 二战后多极文学,,REVIEW,缺少可机器读取的 year；需要按成书/定稿/首次发表史人工核验,自动通过,WL-WORK-0057
烟河.md,烟河,阿米塔夫·高希,,T6,T6 当代全球文学,,REVIEW,缺少可机器读取的 year；需要按成书/定稿/首次发表史人工核验,自动通过,WL-WORK-1203
热与尘.md,热与尘,露丝·普拉瓦尔·贾布瓦拉,,T5,T5 二战后多极文学,,REVIEW,缺少可机器读取的 year；需要按成书/定稿/首次发表史人工核验,需复核,WL-WORK-3042
热夜之梦.md,热夜之梦,乔治·R.R.马丁,,T6,T6 当代全球文学,,REVIEW,缺少可机器读取的 year；需要按成书/定稿/首次发表史人工核验,自动通过,WL-WORK-0765
燃烧吧剑.md,燃烧吧剑,司马辽太郎,,T5,T5 二战后多极文学,,REVIEW,缺少可机器读取的 year；需要按成书/定稿/首次发表史人工核验,自动通过,WL-WORK-1205
燃烧的原野.md,燃烧的原野,胡安·鲁尔福,,T5,T5 二战后多极文学,,REVIEW,缺少可机器读取的 year；需要按成书/定稿/首次发表史人工核验,自动通过,WL-WORK-1784
燃烧的女孩.md,燃烧的女孩,苏珊·柯林斯,,T6,T6 当代全球文学,,REVIEW,缺少可机器读取的 year；需要按成书/定稿/首次发表史人工核验,自动通过,WL-WORK-1206
爱与痛的边缘.md,爱与痛的边缘,郭敬明,,T6,T6 当代全球文学,,REVIEW,缺少可机器读取的 year；需要按成书/定稿/首次发表史人工核验,个人补录,WL-WORK-2754
爱丽丝·亚当斯.md,爱丽丝·亚当斯,布思·塔金顿,,T4,T4 全球现代主义时代,,REVIEW,缺少可机器读取的 year；需要按成书/定稿/首次发表史人工核验,需复核,WL-WORK-2960
爱丽丝梦游仙境.md,爱丽丝梦游仙境,刘易斯·卡罗尔,,T3,T3 19世纪现代文学体系,,REVIEW,缺少可机器读取的 year；需要按成书/定稿/首次发表史人工核验,自动通过,WL-WORK-0768
爱丽丝镜中奇遇.md,爱丽丝镜中奇遇,刘易斯·卡罗尔,,T3,T3 19世纪现代文学体系,,REVIEW,缺少可机器读取的 year；需要按成书/定稿/首次发表史人工核验,自动通过,WL-WORK-0769
爱伦·坡短篇小说全集.md,爱伦·坡短篇小说全集,埃德加·爱伦·坡,,T3,T3 19世纪现代文学体系,,REVIEW,缺少可机器读取的 year；需要按成书/定稿/首次发表史人工核验,需复核,WL-WORK-3163
爱因斯坦交叉.md,爱因斯坦交叉,塞缪尔·R.德拉尼,,T5,T5 二战后多极文学,,REVIEW,缺少可机器读取的 year；需要按成书/定稿/首次发表史人工核验,需复核,WL-WORK-2930
爱尔兰诸族入侵记.md,爱尔兰诸族入侵记,佚名,,T1,T1 中古多中心文学世界,,REVIEW,缺少可机器读取的 year；需要按成书/定稿/首次发表史人工核验,自动通过,WL-WORK-1485
爱弥儿.md,爱弥儿,卢梭,,T2,T2 早期现代文学,,REVIEW,缺少可机器读取的 year；需要按成书/定稿/首次发表史人工核验,自动通过,WL-WORK-1207
爱玛.md,爱玛,简·奥斯汀,,T3,T3 19世纪现代文学体系,,REVIEW,缺少可机器读取的 year；需要按成书/定稿/首次发表史人工核验,自动通过,WL-WORK-2094
爱的教育.md,爱的教育,亚米契斯,,T3,T3 19世纪现代文学体系,,REVIEW,缺少可机器读取的 year；需要按成书/定稿/首次发表史人工核验,个人补录,WL-WORK-2670
爱的艺术.md,爱的艺术,奥维德,,T0,T0 文学源头与古代文学,,REVIEW,缺少可机器读取的 year；需要按成书/定稿/首次发表史人工核验,自动通过,WL-WORK-2095
爱经.md,爱经,奥维德,,T0,T0 文学源头与古代文学,,REVIEW,缺少可机器读取的 year；需要按成书/定稿/首次发表史人工核验,自动通过,WL-WORK-2096
爱药.md,爱药,路易丝·厄德里奇,,T6,T6 当代全球文学,,REVIEW,缺少可机器读取的 year；需要按成书/定稿/首次发表史人工核验,自动通过,WL-WORK-1208
牛棚杂忆.md,牛棚杂忆,季羡林,,T6,T6 当代全球文学,,REVIEW,缺少可机器读取的 year；需要按成书/定稿/首次发表史人工核验,个人补录,WL-WORK-2708
牛虻.md,牛虻,伏尼契,,T3,T3 19世纪现代文学体系,,REVIEW,缺少可机器读取的 year；需要按成书/定稿/首次发表史人工核验,个人补录,WL-WORK-2707
牡丹亭.md,牡丹亭,汤显祖,,T2,T2 早期现代文学,,REVIEW,缺少可机器读取的 year；需要按成书/定稿/首次发表史人工核验,手工核验,WL-WORK-2097
牧师的黑面纱.md,牧师的黑面纱,霍桑,,T3,T3 19世纪现代文学体系,,REVIEW,缺少可机器读取的 year；需要按成书/定稿/首次发表史人工核验,自动通过,WL-WORK-0770
牧童歌.md,牧童歌,胜天,,T1,T1 中古多中心文学世界,,REVIEW,缺少可机器读取的 year；需要按成书/定稿/首次发表史人工核验,自动通过,WL-WORK-2098
物.md,物,乔治·佩雷克,,T5,T5 二战后多极文学,,REVIEW,缺少可机器读取的 year；需要按成书/定稿/首次发表史人工核验,自动通过,WL-WORK-1789
牵风记.md,牵风记,徐怀中,,T6,T6 当代全球文学,,REVIEW,缺少可机器读取的 year；需要按成书/定稿/首次发表史人工核验,需复核,WL-WORK-2888
特哈努.md,特哈努,厄休拉·勒古恩,,T6,T6 当代全球文学,,REVIEW,缺少可机器读取的 year；需要按成书/定稿/首次发表史人工核验,自动通过,WL-WORK-0771
特拉特洛尔科之夜.md,特拉特洛尔科之夜,埃莱娜·波尼亚托夫斯卡,,T5,T5 二战后多极文学,,REVIEW,缺少可机器读取的 year；需要按成书/定稿/首次发表史人工核验,自动通过,WL-WORK-1790
犬神家族.md,犬神家族,横沟正史,,T5,T5 二战后多极文学,,REVIEW,缺少可机器读取的 year；需要按成书/定稿/首次发表史人工核验,自动通过,WL-WORK-0153
犹大·哈列维诗歌.md,犹大·哈列维诗歌,犹大·哈列维,,T1,T1 中古多中心文学世界,,REVIEW,缺少可机器读取的 year；需要按成书/定稿/首次发表史人工核验,手工核验,WL-WORK-R1-JUDAH-HALEVI-POEMS
犹大之窗.md,犹大之窗,约翰·狄克森·卡尔,,T4,T4 全球现代主义时代,,REVIEW,缺少可机器读取的 year；需要按成书/定稿/首次发表史人工核验,自动通过,WL-WORK-0033
犹太警察工会.md,犹太警察工会,迈克尔·谢邦,,T6,T6 当代全球文学,,REVIEW,缺少可机器读取的 year；需要按成书/定稿/首次发表史人工核验,自动通过,WL-WORK-0437
狄吉尼斯·阿克里塔斯.md,狄吉尼斯·阿克里塔斯,匿名,,T1,T1 中古多中心文学世界,,REVIEW,缺少可机器读取的 year；需要按成书/定稿/首次发表史人工核验,需复核,WL-WORK-T1-DIGENES
独眼少女.md,独眼少女,麻耶雄嵩,,T6,T6 当代全球文学,,REVIEW,缺少可机器读取的 year；需要按成书/定稿/首次发表史人工核验,自动通过,WL-WORK-0195
独立之阳.md,独立之阳,阿马杜·库鲁马,,T5,T5 二战后多极文学,,REVIEW,缺少可机器读取的 year；需要按成书/定稿/首次发表史人工核验,需复核,WL-WORK-3205
独立日.md,独立日,理查德·福特,,T6,T6 当代全球文学,,REVIEW,缺少可机器读取的 year；需要按成书/定稿/首次发表史人工核验,需复核,WL-WORK-3012
独立的人们.md,独立的人们,哈尔多尔·拉克斯内斯,,T4,T4 全球现代主义时代,,REVIEW,缺少可机器读取的 year；需要按成书/定稿/首次发表史人工核验,需复核,WL-WORK-3159
独立的太阳.md,独立的太阳,艾哈迈杜·库鲁马,,T5,T5 二战后多极文学,,REVIEW,缺少可机器读取的 year；需要按成书/定稿/首次发表史人工核验,自动通过,WL-WORK-1793
狮子、女巫和魔衣橱.md,狮子、女巫和魔衣橱,C.S.刘易斯,,T5,T5 二战后多极文学,,REVIEW,缺少可机器读取的 year；需要按成书/定稿/首次发表史人工核验,自动通过,WL-WORK-0772
狱门岛.md,狱门岛,横沟正史,,T5,T5 二战后多极文学,,REVIEW,缺少可机器读取的 year；需要按成书/定稿/首次发表史人工核验,自动通过,WL-WORK-0152
狼牙.md,狼牙,刘猛,,T6,T6 当代全球文学,,REVIEW,缺少可机器读取的 year；需要按成书/定稿/首次发表史人工核验,个人补录,WL-WORK-2768
猎水牛的猎人.md,猎水牛的猎人,斯蒂芬·格雷厄姆·琼斯,,T6,T6 当代全球文学,,REVIEW,缺少可机器读取的 year；需要按成书/定稿/首次发表史人工核验,需复核,WL-WORK-2957
猫城记.md,猫城记,老舍,,T4,T4 全球现代主义时代,,REVIEW,缺少可机器读取的 year；需要按成书/定稿/首次发表史人工核验,自动通过,WL-WORK-0452
猫头鹰在哭泣.md,猫头鹰在哭泣,珍妮特·弗雷姆,,T5,T5 二战后多极文学,,REVIEW,缺少可机器读取的 year；需要按成书/定稿/首次发表史人工核验,需复核,WL-WORK-3212
猫头鹰谋杀案.md,猫头鹰谋杀案,安东尼·霍罗维茨,,T6,T6 当代全球文学,,REVIEW,缺少可机器读取的 year；需要按成书/定稿/首次发表史人工核验,需复核,WL-WORK-0143
猫的摇篮.md,猫的摇篮,库尔特·冯内古特,,T5,T5 二战后多极文学,,REVIEW,缺少可机器读取的 year；需要按成书/定稿/首次发表史人工核验,自动通过,WL-WORK-0352
献给艾米丽的一朵玫瑰.md,献给艾米丽的一朵玫瑰,福克纳,,T4,T4 全球现代主义时代,,REVIEW,缺少可机器读取的 year；需要按成书/定稿/首次发表史人工核验,自动通过,WL-WORK-0773
献给荒野机器人的赞美诗.md,献给荒野机器人的赞美诗,贝姬·钱伯斯,,T6,T6 当代全球文学,,REVIEW,缺少可机器读取的 year；需要按成书/定稿/首次发表史人工核验,自动通过,WL-WORK-0430
献给阿尔吉侬的花束.md,献给阿尔吉侬的花束,丹尼尔·凯斯,,T5,T5 二战后多极文学,,REVIEW,缺少可机器读取的 year；需要按成书/定稿/首次发表史人工核验,自动通过,WL-WORK-0326
猴山之梦.md,猴山之梦,德里克·沃尔科特,,T5,T5 二战后多极文学,,REVIEW,缺少可机器读取的 year；需要按成书/定稿/首次发表史人工核验,自动通过,WL-WORK-1794
玉钗盟.md,玉钗盟,梁羽生,,T5,T5 二战后多极文学,,REVIEW,缺少可机器读取的 year；需要按成书/定稿/首次发表史人工核验,自动通过,WL-WORK-2572
王者之路.md,王者之路,布兰登·桑德森,,T6,T6 当代全球文学,,REVIEW,缺少可机器读取的 year；需要按成书/定稿/首次发表史人工核验,自动通过,WL-WORK-0774
玛丽·罗热疑案.md,玛丽·罗热疑案,爱伦·坡,,T3,T3 19世纪现代文学体系,,REVIEW,缺少可机器读取的 year；需要按成书/定稿/首次发表史人工核验,自动通过,WL-WORK-0007
玛戈王后.md,玛戈王后,大仲马,,T3,T3 19世纪现代文学体系,,REVIEW,缺少可机器读取的 year；需要按成书/定稿/首次发表史人工核验,自动通过,WL-WORK-1212
玛斯纳维.md,玛斯纳维,鲁米,,T1,T1 中古多中心文学世界,,REVIEW,缺少可机器读取的 year；需要按成书/定稿/首次发表史人工核验,需复核,WL-WORK-3165
玩偶.md,玩偶,博莱斯瓦夫·普鲁斯,,T3,T3 19世纪现代文学体系,,REVIEW,缺少可机器读取的 year；需要按成书/定稿/首次发表史人工核验,需复核,WL-WORK-3216
玩偶之家.md,玩偶之家,亨利克·易卜生,,T3,T3 19世纪现代文学体系,,REVIEW,缺少可机器读取的 year；需要按成书/定稿/首次发表史人工核验,个人补录,WL-WORK-2722
玩笑.md,玩笑,米兰·昆德拉,,T5,T5 二战后多极文学,,REVIEW,缺少可机器读取的 year；需要按成书/定稿/首次发表史人工核验,自动通过,WL-WORK-1797
环形世界.md,环形世界,拉里·尼文,,T5,T5 二战后多极文学,,REVIEW,缺少可机器读取的 year；需要按成书/定稿/首次发表史人工核验,自动通过,WL-WORK-0369
环游地球八十天.md,环游地球八十天,儒勒·凡尔纳,,T3,T3 19世纪现代文学体系,,REVIEW,缺少可机器读取的 year；需要按成书/定稿/首次发表史人工核验,自动通过,WL-WORK-0775
玻璃杯中的黑暗.md,玻璃杯中的黑暗,谢里登·勒法努,,T3,T3 19世纪现代文学体系,,REVIEW,缺少可机器读取的 year；需要按成书/定稿/首次发表史人工核验,自动通过,WL-WORK-0776
玻璃钥匙.md,玻璃钥匙,达希尔·哈米特,,T4,T4 全球现代主义时代,,REVIEW,缺少可机器读取的 year；需要按成书/定稿/首次发表史人工核验,自动通过,WL-WORK-0072
珀涅罗珀记.md,珀涅罗珀记,玛格丽特·阿特伍德,,T6,T6 当代全球文学,,REVIEW,缺少可机器读取的 year；需要按成书/定稿/首次发表史人工核验,自动通过,WL-WORK-0777
珀迪多街车站.md,珀迪多街车站,查纳·米耶维,,T6,T6 当代全球文学,,REVIEW,缺少可机器读取的 year；需要按成书/定稿/首次发表史人工核验,自动通过,WL-WORK-0425
班森杀人事件.md,班森杀人事件,S.S.范达因,,T4,T4 全球现代主义时代,,REVIEW,缺少可机器读取的 year；需要按成书/定稿/首次发表史人工核验,自动通过,WL-WORK-0064
球状闪电.md,球状闪电,刘慈欣,,T6,T6 当代全球文学,,REVIEW,缺少可机器读取的 year；需要按成书/定稿/首次发表史人工核验,自动通过,WL-WORK-0460
理想国.md,理想国,柏拉图,,T0,T0 文学源头与古代文学,,REVIEW,缺少可机器读取的 year；需要按成书/定稿/首次发表史人工核验,自动通过,WL-WORK-1213
理智与情感.md,理智与情感,简·奥斯汀,,T3,T3 19世纪现代文学体系,,REVIEW,缺少可机器读取的 year；需要按成书/定稿/首次发表史人工核验,自动通过,WL-WORK-1214
理由.md,理由,宫部美雪,,T6,T6 当代全球文学,,REVIEW,缺少可机器读取的 year；需要按成书/定稿/首次发表史人工核验,自动通过,WL-WORK-0169
琥珀望远镜.md,琥珀望远镜,菲利普·普尔曼,,T6,T6 当代全球文学,,REVIEW,缺少可机器读取的 year；需要按成书/定稿/首次发表史人工核验,自动通过,WL-WORK-0778
琴声如诉.md,琴声如诉,玛格丽特·杜拉斯,,T5,T5 二战后多极文学,,REVIEW,缺少可机器读取的 year；需要按成书/定稿/首次发表史人工核验,自动通过,WL-WORK-1798
琼·斯塔福德短篇小说集.md,琼·斯塔福德短篇小说集,琼·斯塔福德,,T5,T5 二战后多极文学,,REVIEW,缺少可机器读取的 year；需要按成书/定稿/首次发表史人工核验,需复核,WL-WORK-2995
瓦夫苏鲁特尼尔之歌.md,瓦夫苏鲁特尼尔之歌,佚名,,T1,T1 中古多中心文学世界,,REVIEW,缺少可机器读取的 year；需要按成书/定稿/首次发表史人工核验,自动通过,WL-WORK-1487
甘十九妹.md,甘十九妹,萧逸,,T5,T5 二战后多极文学,,REVIEW,缺少可机器读取的 year；需要按成书/定稿/首次发表史人工核验,自动通过,WL-WORK-2574
甘露街.md,甘露街,纳吉布·马哈福兹,,T5,T5 二战后多极文学,,REVIEW,缺少可机器读取的 year；需要按成书/定稿/首次发表史人工核验,自动通过,WL-WORK-1216
生命册.md,生命册,李佩甫,,T6,T6 当代全球文学,,REVIEW,缺少可机器读取的 year；需要按成书/定稿/首次发表史人工核验,需复核,WL-WORK-2884
生态乌托邦.md,生态乌托邦,欧内斯特·卡伦巴赫,,T5,T5 二战后多极文学,,REVIEW,缺少可机器读取的 year；需要按成书/定稿/首次发表史人工核验,自动通过,WL-WORK-0487
生死疲劳.md,生死疲劳,莫言,,T6,T6 当代全球文学,,REVIEW,缺少可机器读取的 year；需要按成书/定稿/首次发表史人工核验,自动通过,WL-WORK-1218
生活与命运.md,生活与命运,瓦西里·格罗斯曼,,T6,T6 当代全球文学,,REVIEW,缺少可机器读取的 year；需要按成书/定稿/首次发表史人工核验,自动通过,WL-WORK-1219
生活在别处.md,生活在别处,米兰·昆德拉,,T5,T5 二战后多极文学,,REVIEW,缺少可机器读取的 year；需要按成书/定稿/首次发表史人工核验,自动通过,WL-WORK-1803
生活是我的姐妹.md,生活是我的姐妹,帕斯捷尔纳克,,T4,T4 全球现代主义时代,,REVIEW,缺少可机器读取的 year；需要按成书/定稿/首次发表史人工核验,自动通过,WL-WORK-1804
甲贺忍法帖.md,甲贺忍法帖,山田风太郎,,T5,T5 二战后多极文学,,REVIEW,缺少可机器读取的 year；需要按成书/定稿/首次发表史人工核验,自动通过,WL-WORK-2576
申诉.md,申诉,珍妮丝·哈利特,,T6,T6 当代全球文学,,REVIEW,缺少可机器读取的 year；需要按成书/定稿/首次发表史人工核验,自动通过,WL-WORK-0145
画眉鸟.md,画眉鸟,古龙,,T5,T5 二战后多极文学,,REVIEW,缺少可机器读取的 year；需要按成书/定稿/首次发表史人工核验,自动通过,WL-WORK-2577
留下.md,留下,保罗·斯科特,,T5,T5 二战后多极文学,,REVIEW,缺少可机器读取的 year；需要按成书/定稿/首次发表史人工核验,需复核,WL-WORK-3044
疯狂山脉.md,疯狂山脉,洛夫克拉夫特,,T4,T4 全球现代主义时代,,REVIEW,缺少可机器读取的 year；需要按成书/定稿/首次发表史人工核验,自动通过,WL-WORK-0293
疾病解读人.md,疾病解读人,裘帕·拉希莉,,T6,T6 当代全球文学,,REVIEW,缺少可机器读取的 year；需要按成书/定稿/首次发表史人工核验,需复核,WL-WORK-3016
病隙碎笔.md,病隙碎笔,史铁生,,T6,T6 当代全球文学,,REVIEW,缺少可机器读取的 year；需要按成书/定稿/首次发表史人工核验,个人补录,WL-WORK-2674
痛苦.md,痛苦,玛格丽特·杜拉斯,,T6,T6 当代全球文学,,REVIEW,缺少可机器读取的 year；需要按成书/定稿/首次发表史人工核验,自动通过,WL-WORK-2104
痴人之爱.md,痴人之爱,谷崎润一郎,,T4,T4 全球现代主义时代,,REVIEW,缺少可机器读取的 year；需要按成书/定稿/首次发表史人工核验,自动通过,WL-WORK-1807
瘦子.md,瘦子,达希尔·哈米特,,T4,T4 全球现代主义时代,,REVIEW,缺少可机器读取的 year；需要按成书/定稿/首次发表史人工核验,自动通过,WL-WORK-0073
瘦子麦麦德.md,瘦子麦麦德,亚沙尔·凯马尔,,T5,T5 二战后多极文学,,REVIEW,缺少可机器读取的 year；需要按成书/定稿/首次发表史人工核验,需复核,WL-WORK-3191
癌症楼.md,癌症楼,索尔仁尼琴,,T5,T5 二战后多极文学,,REVIEW,缺少可机器读取的 year；需要按成书/定稿/首次发表史人工核验,自动通过,WL-WORK-1808
白卫军.md,白卫军,布尔加科夫,,T4,T4 全球现代主义时代,,REVIEW,缺少可机器读取的 year；需要按成书/定稿/首次发表史人工核验,自动通过,WL-WORK-1222
白发魔女传.md,白发魔女传,梁羽生,,T5,T5 二战后多极文学,,REVIEW,缺少可机器读取的 year；需要按成书/定稿/首次发表史人工核验,自动通过,WL-WORK-2579
白夜行.md,白夜行,东野圭吾,,T6,T6 当代全球文学,,REVIEW,缺少可机器读取的 year；需要按成书/定稿/首次发表史人工核验,自动通过,WL-WORK-0212
白昼之光.md,白昼之光,埃里克·安布勒,,T5,T5 二战后多极文学,,REVIEW,缺少可机器读取的 year；需要按成书/定稿/首次发表史人工核验,需复核,WL-WORK-3092
白牙.md,白牙,杰克·伦敦,,T4,T4 全球现代主义时代,,REVIEW,缺少可机器读取的 year；需要按成书/定稿/首次发表史人工核验,自动通过,WL-WORK-0784
白狼.md,白狼,保罗·费瓦尔,,T3,T3 19世纪现代文学体系,,REVIEW,缺少可机器读取的 year；需要按成书/定稿/首次发表史人工核验,自动通过,WL-WORK-2580
白痴.md,白痴,陀思妥耶夫斯基,,T3,T3 19世纪现代文学体系,,REVIEW,缺少可机器读取的 year；需要按成书/定稿/首次发表史人工核验,需复核,WL-WORK-2840
白色人.md,白色人,阿瑟·马克恩,,T4,T4 全球现代主义时代,,REVIEW,缺少可机器读取的 year；需要按成书/定稿/首次发表史人工核验,自动通过,WL-WORK-0785
白虎.md,白虎,阿拉文德·阿迪加,,T6,T6 当代全球文学,,REVIEW,缺少可机器读取的 year；需要按成书/定稿/首次发表史人工核验,需复核,WL-WORK-3067
白衣女人.md,白衣女人,威尔基·柯林斯,,T3,T3 19世纪现代文学体系,,REVIEW,缺少可机器读取的 year；需要按成书/定稿/首次发表史人工核验,自动通过,WL-WORK-0002
白马啸西风.md,白马啸西风,金庸,,T5,T5 二战后多极文学,,REVIEW,缺少可机器读取的 year；需要按成书/定稿/首次发表史人工核验,自动通过,WL-WORK-2581
皇家刺客.md,皇家刺客,罗宾·霍布,,T6,T6 当代全球文学,,REVIEW,缺少可机器读取的 year；需要按成书/定稿/首次发表史人工核验,自动通过,WL-WORK-0786
皮囊.md,皮囊,蔡崇达,,T6,T6 当代全球文学,,REVIEW,缺少可机器读取的 year；需要按成书/定稿/首次发表史人工核验,个人补录,WL-WORK-2710
盐城.md,盐城,阿卜杜勒拉赫曼·穆尼夫,,T6,T6 当代全球文学,,REVIEW,缺少可机器读取的 year；需要按成书/定稿/首次发表史人工核验,需复核,WL-WORK-3189
盗墓笔记.md,盗墓笔记,南派三叔,,T6,T6 当代全球文学,,REVIEW,缺少可机器读取的 year；需要按成书/定稿/首次发表史人工核验,个人补录,WL-WORK-2741
盘龙.md,盘龙,我吃西红柿,,T6,T6 当代全球文学,,REVIEW,缺少可机器读取的 year；需要按成书/定稿/首次发表史人工核验,自动通过,WL-WORK-0787
盛世.md,盛世,陈冠中,,T6,T6 当代全球文学,,REVIEW,缺少可机器读取的 year；需要按成书/定稿/首次发表史人工核验,自动通过,WL-WORK-1226
盛世：中国2013年.md,盛世：中国2013年,陈冠中,,T6,T6 当代全球文学,,REVIEW,缺少可机器读取的 year；需要按成书/定稿/首次发表史人工核验,自动通过,WL-WORK-1227
目送.md,目送,龙应台,,T6,T6 当代全球文学,,REVIEW,缺少可机器读取的 year；需要按成书/定稿/首次发表史人工核验,个人补录,WL-WORK-2704
盲刺客.md,盲刺客,玛格丽特·阿特伍德,,T6,T6 当代全球文学,,REVIEW,缺少可机器读取的 year；需要按成书/定稿/首次发表史人工核验,需复核,WL-WORK-3061
盲剑.md,盲剑,藤泽周平,,T5,T5 二战后多极文学,,REVIEW,缺少可机器读取的 year；需要按成书/定稿/首次发表史人工核验,自动通过,WL-WORK-2582
盲枭.md,盲枭,萨迪克·赫达亚特,,T4,T4 全球现代主义时代,,REVIEW,缺少可机器读取的 year；需要按成书/定稿/首次发表史人工核验,手工核验,WL-WORK-1812
盲视.md,盲视,彼得·沃茨,,T6,T6 当代全球文学,,REVIEW,缺少可机器读取的 year；需要按成书/定稿/首次发表史人工核验,自动通过,WL-WORK-0381
直到死亡将我们分开.md,直到死亡将我们分开,约翰·狄克森·卡尔,,T4,T4 全球现代主义时代,,REVIEW,缺少可机器读取的 year；需要按成书/定稿/首次发表史人工核验,自动通过,WL-WORK-0037
相似者.md,相似者,塔娜·弗兰奇,,T6,T6 当代全球文学,,REVIEW,缺少可机器读取的 year；需要按成书/定稿/首次发表史人工核验,自动通过,WL-WORK-0114
看不见的城市.md,看不见的城市,伊塔洛·卡尔维诺,,T5,T5 二战后多极文学,,REVIEW,缺少可机器读取的 year；需要按成书/定稿/首次发表史人工核验,自动通过,WL-WORK-1813
真主并非必须.md,真主并非必须,艾哈迈杜·库鲁马,,T6,T6 当代全球文学,,REVIEW,缺少可机器读取的 year；需要按成书/定稿/首次发表史人工核验,自动通过,WL-WORK-1229
真名实姓.md,真名实姓,弗诺·文奇,,T6,T6 当代全球文学,,REVIEW,缺少可机器读取的 year；需要按成书/定稿/首次发表史人工核验,自动通过,WL-WORK-0387
真空地带.md,真空地带,野间宏,,T5,T5 二战后多极文学,,REVIEW,缺少可机器读取的 year；需要按成书/定稿/首次发表史人工核验,自动通过,WL-WORK-2107
眼前的野兽.md,眼前的野兽,玛格丽特·米勒,,T5,T5 二战后多极文学,,REVIEW,缺少可机器读取的 year；需要按成书/定稿/首次发表史人工核验,需复核,WL-WORK-3084
石天空.md,石天空,N.K.杰米辛,,T6,T6 当代全球文学,,REVIEW,缺少可机器读取的 year；需要按成书/定稿/首次发表史人工核验,需复核,WL-WORK-2923
石头日记.md,石头日记,卡罗尔·希尔兹,,T6,T6 当代全球文学,,REVIEW,缺少可机器读取的 year；需要按成书/定稿/首次发表史人工核验,需复核,WL-WORK-3011
石头的审判.md,石头的审判,露丝·伦德尔,,T5,T5 二战后多极文学,,REVIEW,缺少可机器读取的 year；需要按成书/定稿/首次发表史人工核验,自动通过,WL-WORK-0126
石钟山记.md,石钟山记,苏轼,,T1,T1 中古多中心文学世界,,REVIEW,缺少可机器读取的 year；需要按成书/定稿/首次发表史人工核验,自动通过,WL-WORK-1489
砂器.md,砂器,松本清张,,T5,T5 二战后多极文学,,REVIEW,缺少可机器读取的 year；需要按成书/定稿/首次发表史人工核验,自动通过,WL-WORK-0163
破狱.md,破狱,吉村昭,,T6,T6 当代全球文学,,REVIEW,缺少可机器读取的 year；需要按成书/定稿/首次发表史人工核验,自动通过,WL-WORK-1230
碧血剑.md,碧血剑,金庸,,T5,T5 二战后多极文学,,REVIEW,缺少可机器读取的 year；需要按成书/定稿/首次发表史人工核验,自动通过,WL-WORK-2584
祖国.md,祖国,罗伯特·哈里斯,,T6,T6 当代全球文学,,REVIEW,缺少可机器读取的 year；需要按成书/定稿/首次发表史人工核验,自动通过,WL-WORK-0436
神人克劳狄乌斯.md,神人克劳狄乌斯,罗伯特·格雷夫斯,,T4,T4 全球现代主义时代,,REVIEW,缺少可机器读取的 year；需要按成书/定稿/首次发表史人工核验,自动通过,WL-WORK-1231
神们自己.md,神们自己,艾萨克·阿西莫夫,,T5,T5 二战后多极文学,,REVIEW,缺少可机器读取的 year；需要按成书/定稿/首次发表史人工核验,自动通过,WL-WORK-0300
神圣的饥饿.md,神圣的饥饿,巴里·昂斯沃思,,T6,T6 当代全球文学,,REVIEW,缺少可机器读取的 year；需要按成书/定稿/首次发表史人工核验,需复核,WL-WORK-3055
神曲.md,神曲,但丁,,T1,T1 中古多中心文学世界,,REVIEW,缺少可机器读取的 year；需要按成书/定稿/首次发表史人工核验,需复核,WL-WORK-2811
神秘岛.md,神秘岛,儒勒·凡尔纳,,T3,T3 19世纪现代文学体系,,REVIEW,缺少可机器读取的 year；需要按成书/定稿/首次发表史人工核验,自动通过,WL-WORK-0270
神秘河.md,神秘河,丹尼斯·勒翰,,T6,T6 当代全球文学,,REVIEW,缺少可机器读取的 year；需要按成书/定稿/首次发表史人工核验,自动通过,WL-WORK-0098
神经漫游者.md,神经漫游者,威廉·吉布森,,T6,T6 当代全球文学,,REVIEW,缺少可机器读取的 year；需要按成书/定稿/首次发表史人工核验,自动通过,WL-WORK-0388
神谱.md,神谱,赫西俄德,,T0,T0 文学源头与古代文学,,REVIEW,缺少可机器读取的 year；需要按成书/定稿/首次发表史人工核验,手工核验,WL-WORK-1490
神雕侠侣.md,神雕侠侣,金庸,,T5,T5 二战后多极文学,,REVIEW,缺少可机器读取的 year；需要按成书/定稿/首次发表史人工核验,自动通过,WL-WORK-2585
禁卫军之树.md,禁卫军之树,杰森·古德温,,T6,T6 当代全球文学,,REVIEW,缺少可机器读取的 year；需要按成书/定稿/首次发表史人工核验,需复核,WL-WORK-3133
禁闭岛.md,禁闭岛,丹尼斯·勒翰,,T6,T6 当代全球文学,,REVIEW,缺少可机器读取的 year；需要按成书/定稿/首次发表史人工核验,自动通过,WL-WORK-0099
福.md,福,J.M.库切,,T6,T6 当代全球文学,,REVIEW,缺少可机器读取的 year；需要按成书/定稿/首次发表史人工核验,自动通过,WL-WORK-0791
福尔图娜塔和哈辛塔.md,福尔图娜塔和哈辛塔,贝尼托·佩雷斯·加尔多斯,,T3,T3 19世纪现代文学体系,,REVIEW,缺少可机器读取的 year；需要按成书/定稿/首次发表史人工核验,手工核验,WL-WORK-M2-F5E4543D5D1C
福尔摩斯探案集·冒险史.md,福尔摩斯探案集·冒险史,柯南·道尔,,T4,T4 全球现代主义时代,,REVIEW,缺少可机器读取的 year；需要按成书/定稿/首次发表史人工核验,自动通过,WL-WORK-0011
福尔摩斯探案集·回忆录.md,福尔摩斯探案集·回忆录,柯南·道尔,,T4,T4 全球现代主义时代,,REVIEW,缺少可机器读取的 year；需要按成书/定稿/首次发表史人工核验,自动通过,WL-WORK-0012
离婚.md,离婚,老舍,,T4,T4 全球现代主义时代,,REVIEW,缺少可机器读取的 year；需要按成书/定稿/首次发表史人工核验,个人补录,WL-WORK-2697
秀拉.md,秀拉,托妮·莫里森,,T5,T5 二战后多极文学,,REVIEW,缺少可机器读取的 year；需要按成书/定稿/首次发表史人工核验,自动通过,WL-WORK-1819
私酒贩的女儿.md,私酒贩的女儿,玛格丽特·马伦,,T6,T6 当代全球文学,,REVIEW,缺少可机器读取的 year；需要按成书/定稿/首次发表史人工核验,需复核,WL-WORK-3119
秋.md,秋,巴金,,T4,T4 全球现代主义时代,,REVIEW,缺少可机器读取的 year；需要按成书/定稿/首次发表史人工核验,自动通过,WL-WORK-1235
科西嘉兄弟.md,科西嘉兄弟,大仲马,,T3,T3 19世纪现代文学体系,,REVIEW,缺少可机器读取的 year；需要按成书/定稿/首次发表史人工核验,自动通过,WL-WORK-2586
科雷马故事.md,科雷马故事,瓦尔拉姆·沙拉莫夫,,T5,T5 二战后多极文学,,REVIEW,缺少可机器读取的 year；需要按成书/定稿/首次发表史人工核验,自动通过,WL-WORK-1821
秦腔.md,秦腔,贾平凹,,T6,T6 当代全球文学,,REVIEW,缺少可机器读取的 year；需要按成书/定稿/首次发表史人工核验,需复核,WL-WORK-2875
移动火星.md,移动火星,格雷格·贝尔,,T6,T6 当代全球文学,,REVIEW,缺少可机器读取的 year；需要按成书/定稿/首次发表史人工核验,需复核,WL-WORK-2941
移动靶.md,移动靶,罗斯·麦克唐纳,,T5,T5 二战后多极文学,,REVIEW,缺少可机器读取的 year；需要按成书/定稿/首次发表史人工核验,自动通过,WL-WORK-0088
移居北方的时节.md,移居北方的时节,塔伊卜·萨利赫,,T5,T5 二战后多极文学,,REVIEW,缺少可机器读取的 year；需要按成书/定稿/首次发表史人工核验,需复核,WL-WORK-2851
穆斯林的葬礼.md,穆斯林的葬礼,霍达,,T6,T6 当代全球文学,,REVIEW,缺少可机器读取的 year；需要按成书/定稿/首次发表史人工核验,个人补录,WL-WORK-2705
穿绿裤子的唐·希尔.md,穿绿裤子的唐·希尔,蒂尔索·德·莫利纳,,T2,T2 早期现代文学,,REVIEW,缺少可机器读取的 year；需要按成书/定稿/首次发表史人工核验,自动通过,WL-WORK-2587
穿越.md,穿越,科马克·麦卡锡,,T6,T6 当代全球文学,,REVIEW,缺少可机器读取的 year；需要按成书/定稿/首次发表史人工核验,自动通过,WL-WORK-2588
窗外.md,窗外,琼瑶,,T5,T5 二战后多极文学,,REVIEW,缺少可机器读取的 year；需要按成书/定稿/首次发表史人工核验,自动通过,WL-WORK-2108
窗边的小豆豆.md,窗边的小豆豆,黑柳彻子,,T6,T6 当代全球文学,,REVIEW,缺少可机器读取的 year；需要按成书/定稿/首次发表史人工核验,个人补录,WL-WORK-2680
站在桑给巴尔.md,站在桑给巴尔,约翰·布鲁纳,,T5,T5 二战后多极文学,,REVIEW,缺少可机器读取的 year；需要按成书/定稿/首次发表史人工核验,自动通过,WL-WORK-1239
章鱼.md,章鱼,弗兰克·诺里斯,,T3,T3 19世纪现代文学体系,,REVIEW,缺少可机器读取的 year；需要按成书/定稿/首次发表史人工核验,手工核验,WL-WORK-M2-A53123CA7A84
童年.md,童年,高尔基,,T4,T4 全球现代主义时代,,REVIEW,缺少可机器读取的 year；需要按成书/定稿/首次发表史人工核验,自动通过,WL-WORK-1240
童年·少年·青年.md,童年·少年·青年,列夫·托尔斯泰,,T3,T3 19世纪现代文学体系,,REVIEW,缺少可机器读取的 year；需要按成书/定稿/首次发表史人工核验,自动通过,WL-WORK-1241
童年的终结.md,童年的终结,阿瑟·克拉克,,T5,T5 二战后多极文学,,REVIEW,缺少可机器读取的 year；需要按成书/定稿/首次发表史人工核验,自动通过,WL-WORK-0307
竹林中.md,竹林中,芥川龙之介,,T4,T4 全球现代主义时代,,REVIEW,缺少可机器读取的 year；需要按成书/定稿/首次发表史人工核验,自动通过,WL-WORK-2109
笑傲江湖.md,笑傲江湖,金庸,,T5,T5 二战后多极文学,,REVIEW,缺少可机器读取的 year；需要按成书/定稿/首次发表史人工核验,自动通过,WL-WORK-2589
笑孩.md,笑孩,奥利弗·拉法奇,,T4,T4 全球现代主义时代,,REVIEW,缺少可机器读取的 year；需要按成书/定稿/首次发表史人工核验,需复核,WL-WORK-2968
笑忘录.md,笑忘录,米兰·昆德拉,,T5,T5 二战后多极文学,,REVIEW,缺少可机器读取的 year；需要按成书/定稿/首次发表史人工核验,自动通过,WL-WORK-2110
笨伯联盟.md,笨伯联盟,约翰·肯尼迪·图尔,,T6,T6 当代全球文学,,REVIEW,缺少可机器读取的 year；需要按成书/定稿/首次发表史人工核验,需复核,WL-WORK-3001
第一圈.md,第一圈,索尔仁尼琴,,T5,T5 二战后多极文学,,REVIEW,缺少可机器读取的 year；需要按成书/定稿/首次发表史人工核验,自动通过,WL-WORK-1824
第一炉香.md,第一炉香,张爱玲,,T4,T4 全球现代主义时代,,REVIEW,缺少可机器读取的 year；需要按成书/定稿/首次发表史人工核验,自动通过,WL-WORK-2111
第二个太阳.md,第二个太阳,刘白羽,,T6,T6 当代全球文学,,REVIEW,缺少可机器读取的 year；需要按成书/定稿/首次发表史人工核验,需复核,WL-WORK-2864
第二基地.md,第二基地,艾萨克·阿西莫夫,,T5,T5 二战后多极文学,,REVIEW,缺少可机器读取的 year；需要按成书/定稿/首次发表史人工核验,自动通过,WL-WORK-0297
第十一站.md,第十一站,艾米莉·圣约翰·曼德尔,,T6,T6 当代全球文学,,REVIEW,缺少可机器读取的 year；需要按成书/定稿/首次发表史人工核验,自动通过,WL-WORK-0434
第十二夜.md,第十二夜,莎士比亚,,T2,T2 早期现代文学,,REVIEW,缺少可机器读取的 year；需要按成书/定稿/首次发表史人工核验,自动通过,WL-WORK-2112
第四间冰期.md,第四间冰期,安部公房,,T5,T5 二战后多极文学,,REVIEW,缺少可机器读取的 year；需要按成书/定稿/首次发表史人工核验,自动通过,WL-WORK-0441
等待的岁月.md,等待的岁月,圆地文子,,T2,T2 早期现代文学,,REVIEW,缺少可机器读取的 year；需要按成书/定稿/首次发表史人工核验,自动通过,WL-WORK-1242
等待野蛮人.md,等待野蛮人,J.M.库切,,T6,T6 当代全球文学,,REVIEW,缺少可机器读取的 year；需要按成书/定稿/首次发表史人工核验,需复核,WL-WORK-3199
简·布罗迪小姐的青春.md,简·布罗迪小姐的青春,穆丽尔·斯帕克,,T5,T5 二战后多极文学,,REVIEW,缺少可机器读取的 year；需要按成书/定稿/首次发表史人工核验,自动通过,WL-WORK-1827
简·爱.md,简·爱,夏洛蒂·勃朗特,,T3,T3 19世纪现代文学体系,,REVIEW,缺少可机器读取的 year；需要按成书/定稿/首次发表史人工核验,自动通过,WL-WORK-1243
米德洛锡安的心.md,米德洛锡安的心,沃尔特·司各特,,T3,T3 19世纪现代文学体系,,REVIEW,缺少可机器读取的 year；需要按成书/定稿/首次发表史人工核验,自动通过,WL-WORK-1245
米泽丽.md,米泽丽,斯蒂芬·金,,T6,T6 当代全球文学,,REVIEW,缺少可机器读取的 year；需要按成书/定稿/首次发表史人工核验,自动通过,WL-WORK-0794
米示拿.md,米示拿,多位编纂者,,T0,T0 文学源头与古代文学,,REVIEW,缺少可机器读取的 year；需要按成书/定稿/首次发表史人工核验,手工核验,WL-WORK-R1-MISHNAH
精灵宝钻.md,精灵宝钻,J.R.R.托尔金,,T5,T5 二战后多极文学,,REVIEW,缺少可机器读取的 year；需要按成书/定稿/首次发表史人工核验,自动通过,WL-WORK-0796
精灵王之女.md,精灵王之女,邓萨尼勋爵,,T4,T4 全球现代主义时代,,REVIEW,缺少可机器读取的 year；需要按成书/定稿/首次发表史人工核验,自动通过,WL-WORK-0797
索列姆之歌.md,索列姆之歌,佚名,,T1,T1 中古多中心文学世界,,REVIEW,缺少可机器读取的 year；需要按成书/定稿/首次发表史人工核验,自动通过,WL-WORK-1491
索拉里斯星.md,索拉里斯星,斯坦尼斯瓦夫·莱姆,,T5,T5 二战后多极文学,,REVIEW,缺少可机器读取的 year；需要按成书/定稿/首次发表史人工核验,自动通过,WL-WORK-0332
紫丁香庄事件.md,紫丁香庄事件,鲇川哲也,,T5,T5 二战后多极文学,,REVIEW,缺少可机器读取的 year；需要按成书/定稿/首次发表史人工核验,需复核,WL-WORK-0160
紫电青霜.md,紫电青霜,诸葛青云,,T5,T5 二战后多极文学,,REVIEW,缺少可机器读取的 year；需要按成书/定稿/首次发表史人工核验,自动通过,WL-WORK-2591
紫线镇尼巡逻队.md,紫线镇尼巡逻队,迪帕·阿纳帕拉,,T6,T6 当代全球文学,,REVIEW,缺少可机器读取的 year；需要按成书/定稿/首次发表史人工核验,需复核,WL-WORK-3147
紫色姐妹花.md,紫色姐妹花,爱丽丝·沃克,,T6,T6 当代全球文学,,REVIEW,缺少可机器读取的 year；需要按成书/定稿/首次发表史人工核验,自动通过,WL-WORK-1247
紫色木槿.md,紫色木槿,奇玛曼达·恩戈齐·阿迪奇埃,,T6,T6 当代全球文学,,REVIEW,缺少可机器读取的 year；需要按成书/定稿/首次发表史人工核验,自动通过,WL-WORK-1248
紫艾草骑士.md,紫艾草骑士,赞恩·格雷,,T4,T4 全球现代主义时代,,REVIEW,缺少可机器读取的 year；需要按成书/定稿/首次发表史人工核验,自动通过,WL-WORK-2592
繁花.md,繁花,金宇澄,,T6,T6 当代全球文学,,REVIEW,缺少可机器读取的 year；需要按成书/定稿/首次发表史人工核验,需复核,WL-WORK-2885
红姐妹玛丽.md,红姐妹玛丽,朱莉娅·彼得金,,T4,T4 全球现代主义时代,,REVIEW,缺少可机器读取的 year；需要按成书/定稿/首次发表史人工核验,需复核,WL-WORK-2967
红屋骑士.md,红屋骑士,大仲马,,T3,T3 19世纪现代文学体系,,REVIEW,缺少可机器读取的 year；需要按成书/定稿/首次发表史人工核验,自动通过,WL-WORK-2593
红拂夜奔.md,红拂夜奔,王小波,,T6,T6 当代全球文学,,REVIEW,缺少可机器读取的 year；需要按成书/定稿/首次发表史人工核验,个人补录,WL-WORK-2693
红楼梦.md,红楼梦,曹雪芹,,T2,T2 早期现代文学,,REVIEW,缺少可机器读取的 year；需要按成书/定稿/首次发表史人工核验,手工核验,WL-WORK-1252
红死病的假面.md,红死病的假面,爱伦·坡,,T3,T3 19世纪现代文学体系,,REVIEW,缺少可机器读取的 year；需要按成书/定稿/首次发表史人工核验,自动通过,WL-WORK-0798
红火星.md,红火星,金·斯坦利·罗宾逊,,T6,T6 当代全球文学,,REVIEW,缺少可机器读取的 year；需要按成书/定稿/首次发表史人工核验,自动通过,WL-WORK-0374
红玫瑰与白玫瑰.md,红玫瑰与白玫瑰,张爱玲,,T4,T4 全球现代主义时代,,REVIEW,缺少可机器读取的 year；需要按成书/定稿/首次发表史人工核验,自动通过,WL-WORK-2114
红色尖叫.md,红色尖叫,玛丽·威利斯·沃克,,T6,T6 当代全球文学,,REVIEW,缺少可机器读取的 year；需要按成书/定稿/首次发表史人工核验,需复核,WL-WORK-3121
红色收获.md,红色收获,达希尔·哈米特,,T4,T4 全球现代主义时代,,REVIEW,缺少可机器读取的 year；需要按成书/定稿/首次发表史人工核验,自动通过,WL-WORK-0070
红衫.md,红衫,约翰·斯卡尔齐,,T6,T6 当代全球文学,,REVIEW,缺少可机器读取的 year；需要按成书/定稿/首次发表史人工核验,自动通过,WL-WORK-0486
红钉.md,红钉,罗伯特·E.霍华德,,T4,T4 全球现代主义时代,,REVIEW,缺少可机器读取的 year；需要按成书/定稿/首次发表史人工核验,自动通过,WL-WORK-0799
红龙.md,红龙,托马斯·哈里斯,,T6,T6 当代全球文学,,REVIEW,缺少可机器读取的 year；需要按成书/定稿/首次发表史人工核验,自动通过,WL-WORK-0124
约伯记.md,约伯记,佚名,,T0,T0 文学源头与古代文学,,REVIEW,缺少可机器读取的 year；需要按成书/定稿/首次发表史人工核验,自动通过,WL-WORK-1492
约婚夫妇.md,约婚夫妇,曼佐尼,,T3,T3 19世纪现代文学体系,,REVIEW,缺少可机器读取的 year；需要按成书/定稿/首次发表史人工核验,自动通过,WL-WORK-1256
约翰·契弗短篇小说集.md,约翰·契弗短篇小说集,约翰·契弗,,T5,T5 二战后多极文学,,REVIEW,缺少可机器读取的 year；需要按成书/定稿/首次发表史人工核验,需复核,WL-WORK-2999
纪之川.md,纪之川,有吉佐和子,,T5,T5 二战后多极文学,,REVIEW,缺少可机器读取的 year；需要按成书/定稿/首次发表史人工核验,自动通过,WL-WORK-1257
纯洁的血.md,纯洁的血,阿图罗·佩雷斯-雷维特,,T6,T6 当代全球文学,,REVIEW,缺少可机器读取的 year；需要按成书/定稿/首次发表史人工核验,自动通过,WL-WORK-2596
纳特·特纳的自白.md,纳特·特纳的自白,威廉·斯蒂伦,,T5,T5 二战后多极文学,,REVIEW,缺少可机器读取的 year；需要按成书/定稿/首次发表史人工核验,需复核,WL-WORK-2994
纺银.md,纺银,娜奥米·诺维克,,T6,T6 当代全球文学,,REVIEW,缺少可机器读取的 year；需要按成书/定稿/首次发表史人工核验,自动通过,WL-WORK-0800
纽约诗人.md,纽约诗人,加西亚·洛尔迦,,T4,T4 全球现代主义时代,,REVIEW,缺少可机器读取的 year；需要按成书/定稿/首次发表史人工核验,自动通过,WL-WORK-1829
组织部来了个年轻人.md,组织部来了个年轻人,王蒙,,T5,T5 二战后多极文学,,REVIEW,缺少可机器读取的 year；需要按成书/定稿/首次发表史人工核验,自动通过,WL-WORK-1830
终极实验.md,终极实验,罗伯特·J·索耶,,T6,T6 当代全球文学,,REVIEW,缺少可机器读取的 year；需要按成书/定稿/首次发表史人工核验,需复核,WL-WORK-2942
终结的感觉.md,终结的感觉,朱利安·巴恩斯,,T6,T6 当代全球文学,,REVIEW,缺少可机器读取的 year；需要按成书/定稿/首次发表史人工核验,自动通过,WL-WORK-2118
绑架.md,绑架,罗伯特·路易斯·史蒂文森,,T3,T3 19世纪现代文学体系,,REVIEW,缺少可机器读取的 year；需要按成书/定稿/首次发表史人工核验,自动通过,WL-WORK-0802
给樱桃以性别.md,给樱桃以性别,珍妮特·温特森,,T6,T6 当代全球文学,,REVIEW,缺少可机器读取的 year；需要按成书/定稿/首次发表史人工核验,个人补录,WL-WORK-2689
绝代双骄.md,绝代双骄,古龙,,T5,T5 二战后多极文学,,REVIEW,缺少可机器读取的 year；需要按成书/定稿/首次发表史人工核验,自动通过,WL-WORK-2598
续小五义.md,续小五义,石玉昆,,T3,T3 19世纪现代文学体系,,REVIEW,缺少可机器读取的 year；需要按成书/定稿/首次发表史人工核验,自动通过,WL-WORK-2600
绳结与十字架.md,绳结与十字架,伊恩·兰金,,T6,T6 当代全球文学,,REVIEW,缺少可机器读取的 year；需要按成书/定稿/首次发表史人工核验,自动通过,WL-WORK-0111
维吉尔之死.md,维吉尔之死,赫尔曼·布洛赫,,T5,T5 二战后多极文学,,REVIEW,缺少可机器读取的 year；需要按成书/定稿/首次发表史人工核验,自动通过,WL-WORK-1832
维纳斯先生.md,维纳斯先生,拉希尔德,,T3,T3 19世纪现代文学体系,,REVIEW,缺少可机器读取的 year；需要按成书/定稿/首次发表史人工核验,手工核验,WL-WORK-M2-F68585117B0F
绿山墙的安妮.md,绿山墙的安妮,L.M.蒙哥马利,,T4,T4 全球现代主义时代,,REVIEW,缺少可机器读取的 year；需要按成书/定稿/首次发表史人工核验,自动通过,WL-WORK-1259
绿火星.md,绿火星,金·斯坦利·罗宾逊,,T6,T6 当代全球文学,,REVIEW,缺少可机器读取的 year；需要按成书/定稿/首次发表史人工核验,自动通过,WL-WORK-0375
绿茶.md,绿茶,谢里登·勒法努,,T3,T3 19世纪现代文学体系,,REVIEW,缺少可机器读取的 year；需要按成书/定稿/首次发表史人工核验,自动通过,WL-WORK-0804
缓流.md,缓流,尼古拉·格里菲斯,,T6,T6 当代全球文学,,REVIEW,缺少可机器读取的 year；需要按成书/定稿/首次发表史人工核验,需复核,WL-WORK-2943
编年史（塔西佗）.md,编年史（塔西佗）,塔西佗,,T0,T0 文学源头与古代文学,,REVIEW,缺少可机器读取的 year；需要按成书/定稿/首次发表史人工核验,手工核验,WL-WORK-R1-TACITUS-ANNALS
缩小的人.md,缩小的人,理查德·麦瑟森,,T5,T5 二战后多极文学,,REVIEW,缺少可机器读取的 year；需要按成书/定稿/首次发表史人工核验,自动通过,WL-WORK-0806
网络效应.md,网络效应,玛莎·威尔斯,,T6,T6 当代全球文学,,REVIEW,缺少可机器读取的 year；需要按成书/定稿/首次发表史人工核验,需复核,WL-WORK-2925
罗兰之歌.md,罗兰之歌,佚名,,T1,T1 中古多中心文学世界,,REVIEW,缺少可机器读取的 year；需要按成书/定稿/首次发表史人工核验,自动通过,WL-WORK-1262
罗密欧与朱丽叶.md,罗密欧与朱丽叶,莎士比亚,,T2,T2 早期现代文学,,REVIEW,缺少可机器读取的 year；需要按成书/定稿/首次发表史人工核验,自动通过,WL-WORK-2119
罗布·罗伊.md,罗布·罗伊,沃尔特·司各特,,T3,T3 19世纪现代文学体系,,REVIEW,缺少可机器读取的 year；需要按成书/定稿/首次发表史人工核验,自动通过,WL-WORK-1263
罗摩衍那.md,罗摩衍那,蚁垤,,T0,T0 文学源头与古代文学,,REVIEW,缺少可机器读取的 year；需要按成书/定稿/首次发表史人工核验,自动通过,WL-WORK-1493
罗斯玛丽的婴儿.md,罗斯玛丽的婴儿,艾拉·莱文,,T5,T5 二战后多极文学,,REVIEW,缺少可机器读取的 year；需要按成书/定稿/首次发表史人工核验,自动通过,WL-WORK-0808
罗杰疑案.md,罗杰疑案,阿加莎·克里斯蒂,,T4,T4 全球现代主义时代,,REVIEW,缺少可机器读取的 year；需要按成书/定稿/首次发表史人工核验,自动通过,WL-WORK-0022
罗生门·鼻.md,罗生门·鼻,芥川龙之介,,T4,T4 全球现代主义时代,,REVIEW,缺少可机器读取的 year；需要按成书/定稿/首次发表史人工核验,需复核,WL-WORK-2818
罗马帽子之谜.md,罗马帽子之谜,埃勒里·奎因,,T4,T4 全球现代主义时代,,REVIEW,缺少可机器读取的 year；需要按成书/定稿/首次发表史人工核验,自动通过,WL-WORK-0039
罪恶之谋.md,罪恶之谋,P.D.詹姆斯,,T5,T5 二战后多极文学,,REVIEW,缺少可机器读取的 year；需要按成书/定稿/首次发表史人工核验,自动通过,WL-WORK-0104
羊群抬头.md,羊群抬头,约翰·布鲁纳,,T5,T5 二战后多极文学,,REVIEW,缺少可机器读取的 year；需要按成书/定稿/首次发表史人工核验,自动通过,WL-WORK-1265
羊脂球.md,羊脂球,莫泊桑,,T3,T3 19世纪现代文学体系,,REVIEW,缺少可机器读取的 year；需要按成书/定稿/首次发表史人工核验,自动通过,WL-WORK-2120
美丽新世界.md,美丽新世界,赫胥黎,,T4,T4 全球现代主义时代,,REVIEW,缺少可机器读取的 year；需要按成书/定稿/首次发表史人工核验,自动通过,WL-WORK-0284
美丽线.md,美丽线,艾伦·霍林赫斯特,,T6,T6 当代全球文学,,REVIEW,缺少可机器读取的 year；需要按成书/定稿/首次发表史人工核验,需复核,WL-WORK-3063
美丽者尚未诞生.md,美丽者尚未诞生,阿伊·克韦·阿尔马,,T5,T5 二战后多极文学,,REVIEW,缺少可机器读取的 year；需要按成书/定稿/首次发表史人工核验,自动通过,WL-WORK-1834
美国众神.md,美国众神,尼尔·盖曼,,T6,T6 当代全球文学,,REVIEW,缺少可机器读取的 year；需要按成书/定稿/首次发表史人工核验,自动通过,WL-WORK-0809
美国佬.md,美国佬,奇玛曼达·恩戈齐·阿迪奇埃,,T6,T6 当代全球文学,,REVIEW,缺少可机器读取的 year；需要按成书/定稿/首次发表史人工核验,自动通过,WL-WORK-1266
美国牧歌.md,美国牧歌,菲利普·罗斯,,T6,T6 当代全球文学,,REVIEW,缺少可机器读取的 year；需要按成书/定稿/首次发表史人工核验,需复核,WL-WORK-3014
美国纪行.md,美国纪行,查尔斯·狄更斯,,T3,T3 19世纪现代文学体系,,REVIEW,缺少可机器读取的 year；需要按成书/定稿/首次发表史人工核验,自动通过,WL-WORK-1495
美狄亚.md,美狄亚,欧里庇得斯,,T0,T0 文学源头与古代文学,,REVIEW,缺少可机器读取的 year；需要按成书/定稿/首次发表史人工核验,自动通过,WL-WORK-1496
群山回唱.md,群山回唱,卡勒德·胡赛尼,,T6,T6 当代全球文学,,REVIEW,缺少可机器读取的 year；需要按成书/定稿/首次发表史人工核验,个人补录,WL-WORK-2714
群星，我的归宿.md,群星，我的归宿,阿尔弗雷德·贝斯特,,T5,T5 二战后多极文学,,REVIEW,缺少可机器读取的 year；需要按成书/定稿/首次发表史人工核验,自动通过,WL-WORK-0321
群魔.md,群魔,陀思妥耶夫斯基,,T3,T3 19世纪现代文学体系,,REVIEW,缺少可机器读取的 year；需要按成书/定稿/首次发表史人工核验,需复核,WL-WORK-2841
羽化.md,羽化,奥克塔维娅·巴特勒,,T6,T6 当代全球文学,,REVIEW,缺少可机器读取的 year；需要按成书/定稿/首次发表史人工核验,自动通过,WL-WORK-0812
老人与古人的谈话.md,老人与古人的谈话,佚名,,T0,T0 文学源头与古代文学,,REVIEW,缺少可机器读取的 year；需要按成书/定稿/首次发表史人工核验,自动通过,WL-WORK-1497
老人与海.md,老人与海,海明威,,T5,T5 二战后多极文学,,REVIEW,缺少可机器读取的 year；需要按成书/定稿/首次发表史人工核验,自动通过,WL-WORK-0814
老人的战争.md,老人的战争,约翰·斯卡尔齐,,T6,T6 当代全球文学,,REVIEW,缺少可机器读取的 year；需要按成书/定稿/首次发表史人工核验,自动通过,WL-WORK-0417
老保姆的故事.md,老保姆的故事,盖斯凯尔夫人,,T3,T3 19世纪现代文学体系,,REVIEW,缺少可机器读取的 year；需要按成书/定稿/首次发表史人工核验,自动通过,WL-WORK-0815
老师好美.md,老师好美,严歌苓,,T6,T6 当代全球文学,,REVIEW,缺少可机器读取的 year；需要按成书/定稿/首次发表史人工核验,个人补录,WL-WORK-2767
老无所依.md,老无所依,科马克·麦卡锡,,T6,T6 当代全球文学,,REVIEW,缺少可机器读取的 year；需要按成书/定稿/首次发表史人工核验,自动通过,WL-WORK-2601
老魔鬼.md,老魔鬼,金斯利·艾米斯,,T6,T6 当代全球文学,,REVIEW,缺少可机器读取的 year；需要按成书/定稿/首次发表史人工核验,需复核,WL-WORK-3052
耳语之人.md,耳语之人,约翰·狄克森·卡尔,,T5,T5 二战后多极文学,,REVIEW,缺少可机器读取的 year；需要按成书/定稿/首次发表史人工核验,自动通过,WL-WORK-0036
耶户伙伴.md,耶户伙伴,大仲马,,T3,T3 19世纪现代文学体系,,REVIEW,缺少可机器读取的 year；需要按成书/定稿/首次发表史人工核验,自动通过,WL-WORK-2602
耻.md,耻,J.M.库切,,T6,T6 当代全球文学,,REVIEW,缺少可机器读取的 year；需要按成书/定稿/首次发表史人工核验,需复核,WL-WORK-3060
聊斋志异.md,聊斋志异,蒲松龄,,T2,T2 早期现代文学,,REVIEW,缺少可机器读取的 year；需要按成书/定稿/首次发表史人工核验,手工核验,WL-WORK-0816
聪明的恋人.md,聪明的恋人,洛佩·德·维加,,T2,T2 早期现代文学,,REVIEW,缺少可机器读取的 year；需要按成书/定稿/首次发表史人工核验,自动通过,WL-WORK-2604
肯尼尔沃思堡.md,肯尼尔沃思堡,沃尔特·司各特,,T3,T3 19世纪现代文学体系,,REVIEW,缺少可机器读取的 year；需要按成书/定稿/首次发表史人工核验,自动通过,WL-WORK-1269
能干的麦克劳林一家.md,能干的麦克劳林一家,玛格丽特·威尔逊,,T4,T4 全球现代主义时代,,REVIEW,缺少可机器读取的 year；需要按成书/定稿/首次发表史人工核验,需复核,WL-WORK-2962
能言善辩的农夫.md,能言善辩的农夫,佚名,,T0,T0 文学源头与古代文学,,REVIEW,缺少可机器读取的 year；需要按成书/定稿/首次发表史人工核验,手工核验,WL-WORK-R1-ELOQUENT-PEASANT
能面杀人事件.md,能面杀人事件,高木彬光,,T5,T5 二战后多极文学,,REVIEW,缺少可机器读取的 year；需要按成书/定稿/首次发表史人工核验,自动通过,WL-WORK-0158
脚镯记.md,脚镯记,伊兰戈·阿迪伽尔（传统归属）,,T1,T1 中古多中心文学世界,,REVIEW,缺少可机器读取的 year；需要按成书/定稿/首次发表史人工核验,需复核,WL-WORK-3175
自动钢琴.md,自动钢琴,库尔特·冯内古特,,T5,T5 二战后多极文学,,REVIEW,缺少可机器读取的 year；需要按成书/定稿/首次发表史人工核验,自动通过,WL-WORK-1270
自然.md,自然,拉尔夫·沃尔多·爱默生,,T3,T3 19世纪现代文学体系,,REVIEW,缺少可机器读取的 year；需要按成书/定稿/首次发表史人工核验,手工核验,WL-WORK-M2-D63F619942B9
自由坠落.md,自由坠落,洛伊斯·麦克马斯特·比约德,,T6,T6 当代全球文学,,REVIEW,缺少可机器读取的 year；需要按成书/定稿/首次发表史人工核验,需复核,WL-WORK-2937
致命教育.md,致命教育,娜奥米·诺维克,,T6,T6 当代全球文学,,REVIEW,缺少可机器读取的 year；需要按成书/定稿/首次发表史人工核验,自动通过,WL-WORK-0817
致我们终将逝去的青春.md,致我们终将逝去的青春,辛夷坞,,T6,T6 当代全球文学,,REVIEW,缺少可机器读取的 year；需要按成书/定稿/首次发表史人工核验,自动通过,WL-WORK-2123
致青春.md,致青春,辛夷坞,,T6,T6 当代全球文学,,REVIEW,缺少可机器读取的 year；需要按成书/定稿/首次发表史人工核验,个人补录,WL-WORK-2758
舒吉·贝恩.md,舒吉·贝恩,道格拉斯·斯图尔特,,T6,T6 当代全球文学,,REVIEW,缺少可机器读取的 year；需要按成书/定稿/首次发表史人工核验,需复核,WL-WORK-3077
航运新闻.md,航运新闻,安妮·普鲁,,T6,T6 当代全球文学,,REVIEW,缺少可机器读取的 year；需要按成书/定稿/首次发表史人工核验,需复核,WL-WORK-3010
船长血.md,船长血,拉斐尔·萨巴蒂尼,,T4,T4 全球现代主义时代,,REVIEW,缺少可机器读取的 year；需要按成书/定稿/首次发表史人工核验,自动通过,WL-WORK-2605
船难水手的故事.md,船难水手的故事,佚名,,T0,T0 文学源头与古代文学,,REVIEW,缺少可机器读取的 year；需要按成书/定稿/首次发表史人工核验,自动通过,WL-WORK-1499
良心个案.md,良心个案,詹姆斯·布利什,,T5,T5 二战后多极文学,,REVIEW,缺少可机器读取的 year；需要按成书/定稿/首次发表史人工核验,需复核,WL-WORK-2898
艳阳天.md,艳阳天,浩然,,T5,T5 二战后多极文学,,REVIEW,缺少可机器读取的 year；需要按成书/定稿/首次发表史人工核验,自动通过,WL-WORK-1839
芋虫.md,芋虫,江户川乱步,,T4,T4 全球现代主义时代,,REVIEW,缺少可机器读取的 year；需要按成书/定稿/首次发表史人工核验,自动通过,WL-WORK-0819
芙蓉镇.md,芙蓉镇,古华,,T6,T6 当代全球文学,,REVIEW,缺少可机器读取的 year；需要按成书/定稿/首次发表史人工核验,需复核,WL-WORK-2858
芬克勒问题.md,芬克勒问题,霍华德·雅各布森,,T6,T6 当代全球文学,,REVIEW,缺少可机器读取的 year；需要按成书/定稿/首次发表史人工核验,需复核,WL-WORK-3068
芬尼根的守灵夜.md,芬尼根的守灵夜,詹姆斯·乔伊斯,,T4,T4 全球现代主义时代,,REVIEW,缺少可机器读取的 year；需要按成书/定稿/首次发表史人工核验,自动通过,WL-WORK-1841
花千骨.md,花千骨,果果,,T6,T6 当代全球文学,,REVIEW,缺少可机器读取的 year；需要按成书/定稿/首次发表史人工核验,个人补录,WL-WORK-2744
芳华.md,芳华,严歌苓,,T6,T6 当代全球文学,,REVIEW,缺少可机器读取的 year；需要按成书/定稿/首次发表史人工核验,自动通过,WL-WORK-2125
芽むしり仔撃ち ／ 摘芽弃子.md,芽むしり仔撃ち / 摘芽弃子,大江健三郎,,T5,T5 二战后多极文学,,REVIEW,缺少可机器读取的 year；需要按成书/定稿/首次发表史人工核验,自动通过,WL-WORK-1272
苔丝.md,苔丝,托马斯·哈代,,T3,T3 19世纪现代文学体系,,REVIEW,缺少可机器读取的 year；需要按成书/定稿/首次发表史人工核验,手工核验,WL-WORK-M2-BC0CFCDA33D7
苦力.md,苦力,穆尔克·拉吉·安纳德,,T4,T4 全球现代主义时代,,REVIEW,缺少可机器读取的 year；需要按成书/定稿/首次发表史人工核验,自动通过,WL-WORK-1843
苦行记.md,苦行记,马克·吐温,,T3,T3 19世纪现代文学体系,,REVIEW,缺少可机器读取的 year；需要按成书/定稿/首次发表史人工核验,自动通过,WL-WORK-1501
英国病人.md,英国病人,迈克尔·翁达杰,,T6,T6 当代全球文学,,REVIEW,缺少可机器读取的 year；需要按成书/定稿/首次发表史人工核验,自动通过,WL-WORK-1273
英格林萨迦.md,英格林萨迦,斯诺里·斯图鲁松,,T1,T1 中古多中心文学世界,,REVIEW,缺少可机器读取的 year；需要按成书/定稿/首次发表史人工核验,自动通过,WL-WORK-1502
英雄们.md,英雄们,乔·阿伯克龙比,,T6,T6 当代全球文学,,REVIEW,缺少可机器读取的 year；需要按成书/定稿/首次发表史人工核验,自动通过,WL-WORK-0821
英雄无泪.md,英雄无泪,古龙,,T5,T5 二战后多极文学,,REVIEW,缺少可机器读取的 year；需要按成书/定稿/首次发表史人工核验,自动通过,WL-WORK-2607
英雄时代.md,英雄时代,柳建伟,,T6,T6 当代全球文学,,REVIEW,缺少可机器读取的 year；需要按成书/定稿/首次发表史人工核验,需复核,WL-WORK-2873
苹果车.md,苹果车,萧伯纳,,T4,T4 全球现代主义时代,,REVIEW,缺少可机器读取的 year；需要按成书/定稿/首次发表史人工核验,个人补录,WL-WORK-3219
茫茫黑夜漫游.md,茫茫黑夜漫游,塞利纳,,T4,T4 全球现代主义时代,,REVIEW,缺少可机器读取的 year；需要按成书/定稿/首次发表史人工核验,自动通过,WL-WORK-1844
茶人三部曲.md,茶人三部曲,王旭烽,,T6,T6 当代全球文学,,REVIEW,缺少可机器读取的 year；需要按成书/定稿/首次发表史人工核验,需复核,WL-WORK-2869
茶馆.md,茶馆,老舍,,T5,T5 二战后多极文学,,REVIEW,缺少可机器读取的 year；需要按成书/定稿/首次发表史人工核验,个人补录,WL-WORK-2678
荆棘与玫瑰之庭.md,荆棘与玫瑰之庭,萨拉·J.马斯,,T6,T6 当代全球文学,,REVIEW,缺少可机器读取的 year；需要按成书/定稿/首次发表史人工核验,自动通过,WL-WORK-0823
荆棘丛.md,荆棘丛,罗斯·托马斯,,T6,T6 当代全球文学,,REVIEW,缺少可机器读取的 year；需要按成书/定稿/首次发表史人工核验,需复核,WL-WORK-3111
荆棘之城.md,荆棘之城,萨拉·沃特斯,,T6,T6 当代全球文学,,REVIEW,缺少可机器读取的 year；需要按成书/定稿/首次发表史人工核验,自动通过,WL-WORK-1274
草.md,草,韩寒,,T6,T6 当代全球文学,,REVIEW,缺少可机器读取的 year；需要按成书/定稿/首次发表史人工核验,个人补录,WL-WORK-2677
草原上的火焰.md,草原上的火焰,显克维奇,,T3,T3 19世纪现代文学体系,,REVIEW,缺少可机器读取的 year；需要按成书/定稿/首次发表史人工核验,自动通过,WL-WORK-1275
荒原.md,荒原,T.S.艾略特,,T4,T4 全球现代主义时代,,REVIEW,缺少可机器读取的 year；需要按成书/定稿/首次发表史人工核验,自动通过,WL-WORK-1845
荒原狼.md,荒原狼,赫尔曼·黑塞,,T4,T4 全球现代主义时代,,REVIEW,缺少可机器读取的 year；需要按成书/定稿/首次发表史人工核验,自动通过,WL-WORK-1276
荒野侦探.md,荒野侦探,波拉尼奥,,T6,T6 当代全球文学,,REVIEW,缺少可机器读取的 year；需要按成书/定稿/首次发表史人工核验,自动通过,WL-WORK-1846
荨麻与骨头.md,荨麻与骨头,T·金费舍尔,,T6,T6 当代全球文学,,REVIEW,缺少可机器读取的 year；需要按成书/定稿/首次发表史人工核验,需复核,WL-WORK-2927
荷兰人.md,荷兰人,阿米里·巴拉卡,,T5,T5 二战后多极文学,,REVIEW,缺少可机器读取的 year；需要按成书/定稿/首次发表史人工核验,自动通过,WL-WORK-1847
荷马颂歌.md,荷马颂歌,佚名,,T0,T0 文学源头与古代文学,,REVIEW,缺少可机器读取的 year；需要按成书/定稿/首次发表史人工核验,自动通过,WL-WORK-1503
荷鲁斯与塞特之争.md,荷鲁斯与塞特之争,佚名,,T0,T0 文学源头与古代文学,,REVIEW,缺少可机器读取的 year；需要按成书/定稿/首次发表史人工核验,自动通过,WL-WORK-1504
莉莉丝.md,莉莉丝,乔治·麦克唐纳,,T4,T4 全球现代主义时代,,REVIEW,缺少可机器读取的 year；需要按成书/定稿/首次发表史人工核验,自动通过,WL-WORK-0825
莎乐美.md,莎乐美,奥斯卡·王尔德,,T3,T3 19世纪现代文学体系,,REVIEW,缺少可机器读取的 year；需要按成书/定稿/首次发表史人工核验,手工核验,WL-WORK-M2-C96C61511958
莫敲骨头.md,莫敲骨头,夏洛特·杰伊,,T5,T5 二战后多极文学,,REVIEW,缺少可机器读取的 year；需要按成书/定稿/首次发表史人工核验,需复核,WL-WORK-3083
莫格街凶杀案.md,莫格街凶杀案,爱伦·坡,,T3,T3 19世纪现代文学体系,,REVIEW,缺少可机器读取的 year；需要按成书/定稿/首次发表史人工核验,自动通过,WL-WORK-0006
莫泊桑短篇小说精选.md,莫泊桑短篇小说精选,莫泊桑,,T3,T3 19世纪现代文学体系,,REVIEW,缺少可机器读取的 year；需要按成书/定稿/首次发表史人工核验,个人补录,WL-WORK-2703
莫洛博士岛.md,莫洛博士岛,H.G.威尔斯,,T4,T4 全球现代主义时代,,REVIEW,缺少可机器读取的 year；需要按成书/定稿/首次发表史人工核验,自动通过,WL-WORK-0274
莫雷拉.md,莫雷拉,爱伦·坡,,T3,T3 19世纪现代文学体系,,REVIEW,缺少可机器读取的 year；需要按成书/定稿/首次发表史人工核验,自动通过,WL-WORK-0826
莱博维茨的赞歌.md,莱博维茨的赞歌,沃尔特·M.米勒,,T5,T5 二战后多极文学,,REVIEW,缺少可机器读取的 year；需要按成书/定稿/首次发表史人工核验,自动通过,WL-WORK-0322
莱奥帕尔迪诗选.md,莱奥帕尔迪诗选,贾科莫·莱奥帕尔迪,,T3,T3 19世纪现代文学体系,,REVIEW,缺少可机器读取的 year；需要按成书/定稿/首次发表史人工核验,需复核,WL-WORK-3160
莱拉.md,莱拉,玛丽莲·罗宾逊,,T6,T6 当代全球文学,,REVIEW,缺少可机器读取的 year；需要按成书/定稿/首次发表史人工核验,自动通过,WL-WORK-1278
莱拉和马吉农.md,莱拉和马吉农,内扎米,,T1,T1 中古多中心文学世界,,REVIEW,缺少可机器读取的 year；需要按成书/定稿/首次发表史人工核验,自动通过,WL-WORK-2127
莱茵黄金路线.md,莱茵黄金路线,阿瑟·马林,,T5,T5 二战后多极文学,,REVIEW,缺少可机器读取的 year；需要按成书/定稿/首次发表史人工核验,需复核,WL-WORK-3106
萍踪侠影录.md,萍踪侠影录,梁羽生,,T5,T5 二战后多极文学,,REVIEW,缺少可机器读取的 year；需要按成书/定稿/首次发表史人工核验,自动通过,WL-WORK-2609
萨兰丁之歌.md,萨兰丁之歌,盖伊·加夫里尔·凯,,T6,T6 当代全球文学,,REVIEW,缺少可机器读取的 year；需要按成书/定稿/首次发表史人工核验,自动通过,WL-WORK-0827
萨加拉纳.md,萨加拉纳,吉马朗埃斯·罗萨,,T5,T5 二战后多极文学,,REVIEW,缺少可机器读取的 year；需要按成书/定稿/首次发表史人工核验,自动通过,WL-WORK-1851
萨福诗歌.md,萨福诗歌,萨福,,T0,T0 文学源头与古代文学,,REVIEW,缺少可机器读取的 year；需要按成书/定稿/首次发表史人工核验,手工核验,WL-WORK-R1-SAPPHO
萨维尔.md,萨维尔,戴维·斯托里,,T5,T5 二战后多极文学,,REVIEW,缺少可机器读取的 year；需要按成书/定稿/首次发表史人工核验,需复核,WL-WORK-3043
萨蒂利孔.md,萨蒂利孔,佩特罗尼乌斯,,T0,T0 文学源头与古代文学,,REVIEW,缺少可机器读取的 year；需要按成书/定稿/首次发表史人工核验,手工核验,WL-WORK-T0-SATYRICON
蒙娜丽莎超速档.md,蒙娜丽莎超速档,威廉·吉布森,,T6,T6 当代全球文学,,REVIEW,缺少可机器读取的 year；需要按成书/定稿/首次发表史人工核验,自动通过,WL-WORK-0390
蒙普拉森之虎.md,蒙普拉森之虎,拉斐尔·萨巴蒂尼,,T4,T4 全球现代主义时代,,REVIEW,缺少可机器读取的 year；需要按成书/定稿/首次发表史人工核验,自动通过,WL-WORK-2610
蒙梭罗夫人.md,蒙梭罗夫人,大仲马,,T3,T3 19世纪现代文学体系,,REVIEW,缺少可机器读取的 year；需要按成书/定稿/首次发表史人工核验,自动通过,WL-WORK-1281
蒙田随笔.md,蒙田随笔,米歇尔·德·蒙田,,T2,T2 早期现代文学,,REVIEW,缺少可机器读取的 year；需要按成书/定稿/首次发表史人工核验,需复核,WL-WORK-3161
蓝圈人.md,蓝圈人,弗雷德·瓦尔加斯,,T6,T6 当代全球文学,,REVIEW,缺少可机器读取的 year；需要按成书/定稿/首次发表史人工核验,自动通过,WL-WORK-0234
蓝房间.md,蓝房间,乔治·西默农,,T5,T5 二战后多极文学,,REVIEW,缺少可机器读取的 year；需要按成书/定稿/首次发表史人工核验,自动通过,WL-WORK-0229
蓝火星.md,蓝火星,金·斯坦利·罗宾逊,,T6,T6 当代全球文学,,REVIEW,缺少可机器读取的 year；需要按成书/定稿/首次发表史人工核验,自动通过,WL-WORK-0376
蓝衣魔鬼.md,蓝衣魔鬼,沃尔特·莫斯利,,T6,T6 当代全球文学,,REVIEW,缺少可机器读取的 year；需要按成书/定稿/首次发表史人工核验,自动通过,WL-WORK-0093
蓝鸟，蓝鸟.md,蓝鸟，蓝鸟,阿蒂卡·洛克,,T6,T6 当代全球文学,,REVIEW,缺少可机器读取的 year；需要按成书/定稿/首次发表史人工核验,需复核,WL-WORK-3144
蓼喰虫.md,蓼喰虫,谷崎润一郎,,T4,T4 全球现代主义时代,,REVIEW,缺少可机器读取的 year；需要按成书/定稿/首次发表史人工核验,自动通过,WL-WORK-1855
蔷薇园.md,蔷薇园,萨迪,,T1,T1 中古多中心文学世界,,REVIEW,缺少可机器读取的 year；需要按成书/定稿/首次发表史人工核验,需复核,WL-WORK-3186
薄伽梵往世书.md,薄伽梵往世书,佚名,,T1,T1 中古多中心文学世界,,REVIEW,缺少可机器读取的 year；需要按成书/定稿/首次发表史人工核验,自动通过,WL-WORK-1505
薄伽梵歌.md,薄伽梵歌,佚名,,T0,T0 文学源头与古代文学,,REVIEW,缺少可机器读取的 year；需要按成书/定稿/首次发表史人工核验,自动通过,WL-WORK-1506
藻海无边.md,藻海无边,简·里斯,,T5,T5 二战后多极文学,,REVIEW,缺少可机器读取的 year；需要按成书/定稿/首次发表史人工核验,自动通过,WL-WORK-1282
虹.md,虹,D.H.劳伦斯,,T4,T4 全球现代主义时代,,REVIEW,缺少可机器读取的 year；需要按成书/定稿/首次发表史人工核验,自动通过,WL-WORK-1283
蛇与绳.md,蛇与绳,拉贾·拉奥,,T5,T5 二战后多极文学,,REVIEW,缺少可机器读取的 year；需要按成书/定稿/首次发表史人工核验,自动通过,WL-WORK-1856
蛙.md,蛙,莫言,,T6,T6 当代全球文学,,REVIEW,缺少可机器读取的 year；需要按成书/定稿/首次发表史人工核验,需复核,WL-WORK-2880
蛛巢小径.md,蛛巢小径,伊塔洛·卡尔维诺,,T5,T5 二战后多极文学,,REVIEW,缺少可机器读取的 year；需要按成书/定稿/首次发表史人工核验,自动通过,WL-WORK-1857
蛮王柯南.md,蛮王柯南,罗伯特·E.霍华德,,T4,T4 全球现代主义时代,,REVIEW,缺少可机器读取的 year；需要按成书/定稿/首次发表史人工核验,自动通过,WL-WORK-0830
蛹.md,蛹,约翰·温德姆,,T5,T5 二战后多极文学,,REVIEW,缺少可机器读取的 year；需要按成书/定稿/首次发表史人工核验,自动通过,WL-WORK-0316
蜘蛛女之吻.md,蜘蛛女之吻,曼努埃尔·普伊格,,T5,T5 二战后多极文学,,REVIEW,缺少可机器读取的 year；需要按成书/定稿/首次发表史人工核验,自动通过,WL-WORK-1858
蝇王.md,蝇王,威廉·戈尔丁,,T5,T5 二战后多极文学,,REVIEW,缺少可机器读取的 year；需要按成书/定稿/首次发表史人工核验,自动通过,WL-WORK-0832
蝉时雨.md,蝉时雨,藤泽周平,,T6,T6 当代全球文学,,REVIEW,缺少可机器读取的 year；需要按成书/定稿/首次发表史人工核验,自动通过,WL-WORK-2613
蝴蝶梦.md,蝴蝶梦,达芙妮·杜穆里埃,,T4,T4 全球现代主义时代,,REVIEW,缺少可机器读取的 year；需要按成书/定稿/首次发表史人工核验,自动通过,WL-WORK-2130
蝾螈战争.md,蝾螈战争,卡雷尔·恰佩克,,T4,T4 全球现代主义时代,,REVIEW,缺少可机器读取的 year；需要按成书/定稿/首次发表史人工核验,自动通过,WL-WORK-0282
螺丝在拧紧.md,螺丝在拧紧,亨利·詹姆斯,,T4,T4 全球现代主义时代,,REVIEW,缺少可机器读取的 year；需要按成书/定稿/首次发表史人工核验,自动通过,WL-WORK-0833
螺旋.md,螺旋,铃木光司,,T6,T6 当代全球文学,,REVIEW,缺少可机器读取的 year；需要按成书/定稿/首次发表史人工核验,自动通过,WL-WORK-0834
血书.md,血书,克莱夫·巴克,,T6,T6 当代全球文学,,REVIEW,缺少可机器读取的 year；需要按成书/定稿/首次发表史人工核验,自动通过,WL-WORK-0836
血婚.md,血婚,加西亚·洛尔迦,,T4,T4 全球现代主义时代,,REVIEW,缺少可机器读取的 year；需要按成书/定稿/首次发表史人工核验,自动通过,WL-WORK-1860
血字的研究.md,血字的研究,柯南·道尔,,T3,T3 19世纪现代文学体系,,REVIEW,缺少可机器读取的 year；需要按成书/定稿/首次发表史人工核验,自动通过,WL-WORK-0009
血海飘香.md,血海飘香,古龙,,T5,T5 二战后多极文学,,REVIEW,缺少可机器读取的 year；需要按成书/定稿/首次发表史人工核验,自动通过,WL-WORK-2614
血色子午线.md,血色子午线,科马克·麦卡锡,,T6,T6 当代全球文学,,REVIEW,缺少可机器读取的 year；需要按成书/定稿/首次发表史人工核验,自动通过,WL-WORK-2615
血音乐.md,血音乐,格雷格·贝尔,,T6,T6 当代全球文学,,REVIEW,缺少可机器读取的 year；需要按成书/定稿/首次发表史人工核验,自动通过,WL-WORK-0372
街角魔族.md,街角魔族,尼尔·盖曼,,T6,T6 当代全球文学,,REVIEW,缺少可机器读取的 year；需要按成书/定稿/首次发表史人工核验,自动通过,WL-WORK-0837
补锅匠.md,补锅匠,保罗·哈丁,,T6,T6 当代全球文学,,REVIEW,缺少可机器读取的 year；需要按成书/定稿/首次发表史人工核验,需复核,WL-WORK-3022
被嫌弃的松子的一生.md,被嫌弃的松子的一生,山田宗树,,T6,T6 当代全球文学,,REVIEW,缺少可机器读取的 year；需要按成书/定稿/首次发表史人工核验,个人补录,WL-WORK-2673
被掩埋的巨人.md,被掩埋的巨人,石黑一雄,,T6,T6 当代全球文学,,REVIEW,缺少可机器读取的 year；需要按成书/定稿/首次发表史人工核验,自动通过,WL-WORK-2131
被毁灭的人.md,被毁灭的人,阿尔弗雷德·贝斯特,,T5,T5 二战后多极文学,,REVIEW,缺少可机器读取的 year；需要按成书/定稿/首次发表史人工核验,自动通过,WL-WORK-0320
被玷污的杯子.md,被玷污的杯子,罗伯特·杰克逊·贝内特,,T6,T6 当代全球文学,,REVIEW,缺少可机器读取的 year；需要按成书/定稿/首次发表史人工核验,需复核,WL-WORK-2929
被禁锢的头脑.md,被禁锢的头脑,切斯瓦夫·米沃什,,T5,T5 二战后多极文学,,REVIEW,缺少可机器读取的 year；需要按成书/定稿/首次发表史人工核验,自动通过,WL-WORK-1863
裸者与死者.md,裸者与死者,诺曼·梅勒,,T5,T5 二战后多极文学,,REVIEW,缺少可机器读取的 year；需要按成书/定稿/首次发表史人工核验,自动通过,WL-WORK-1284
西厢记.md,西厢记,王实甫,,T1,T1 中古多中心文学世界,,REVIEW,缺少可机器读取的 year；需要按成书/定稿/首次发表史人工核验,自动通过,WL-WORK-2132
西游记.md,西游记,吴承恩,,T2,T2 早期现代文学,,REVIEW,缺少可机器读取的 year；需要按成书/定稿/首次发表史人工核验,手工核验,WL-WORK-0838
西线无战事.md,西线无战事,雷马克,,T4,T4 全球现代主义时代,,REVIEW,缺少可机器读取的 year；需要按成书/定稿/首次发表史人工核验,自动通过,WL-WORK-1285
西马龙玫瑰.md,西马龙玫瑰,詹姆斯·李·伯克,,T6,T6 当代全球文学,,REVIEW,缺少可机器读取的 year；需要按成书/定稿/首次发表史人工核验,需复核,WL-WORK-3124
覆雨翻云.md,覆雨翻云,黄易,,T6,T6 当代全球文学,,REVIEW,缺少可机器读取的 year；需要按成书/定稿/首次发表史人工核验,自动通过,WL-WORK-2617
观众.md,观众,瓦茨拉夫·哈维尔,,T5,T5 二战后多极文学,,REVIEW,缺少可机器读取的 year；需要按成书/定稿/首次发表史人工核验,自动通过,WL-WORK-1869
觉醒.md,觉醒,凯特·肖邦,,T4,T4 全球现代主义时代,,REVIEW,缺少可机器读取的 year；需要按成书/定稿/首次发表史人工核验,自动通过,WL-WORK-1286
角中蜜.md,角中蜜,哈罗德·L·戴维斯,,T4,T4 全球现代主义时代,,REVIEW,缺少可机器读取的 year；需要按成书/定稿/首次发表史人工核验,需复核,WL-WORK-2973
解密.md,解密,麦家,,T6,T6 当代全球文学,,REVIEW,缺少可机器读取的 year；需要按成书/定稿/首次发表史人工核验,个人补录,WL-WORK-2695
解忧杂货店.md,解忧杂货店,东野圭吾,,T6,T6 当代全球文学,,REVIEW,缺少可机器读取的 year；需要按成书/定稿/首次发表史人工核验,个人补录,WL-WORK-2763
解放了的普罗米修斯.md,解放了的普罗米修斯,珀西·比希·雪莱,,T3,T3 19世纪现代文学体系,,REVIEW,缺少可机器读取的 year；需要按成书/定稿/首次发表史人工核验,手工核验,WL-WORK-M2-863500B70957
解放了的耶路撒冷.md,解放了的耶路撒冷,托尔夸托·塔索,,T2,T2 早期现代文学,,REVIEW,缺少可机器读取的 year；需要按成书/定稿/首次发表史人工核验,自动通过,WL-WORK-2618
警察讨厌鬼.md,警察讨厌鬼,埃德·麦克贝恩,,T5,T5 二战后多极文学,,REVIEW,缺少可机器读取的 year；需要按成书/定稿/首次发表史人工核验,自动通过,WL-WORK-0100
计算星辰.md,计算星辰,玛丽·罗宾内特·科瓦尔,,T6,T6 当代全球文学,,REVIEW,缺少可机器读取的 year；需要按成书/定稿/首次发表史人工核验,需复核,WL-WORK-2924
让开！让开！.md,让开！让开！,哈里·哈里森,,T5,T5 二战后多极文学,,REVIEW,缺少可机器读取的 year；需要按成书/定稿/首次发表史人工核验,自动通过,WL-WORK-0341
让我死在他的脚步里.md,让我死在他的脚步里,洛里·罗伊,,T6,T6 当代全球文学,,REVIEW,缺少可机器读取的 year；需要按成书/定稿/首次发表史人工核验,需复核,WL-WORK-3142
记忆传授人.md,记忆传授人,洛伊斯·劳里,,T6,T6 当代全球文学,,REVIEW,缺少可机器读取的 year；需要按成书/定稿/首次发表史人工核验,自动通过,WL-WORK-0483
记忆警察.md,记忆警察,小川洋子,,T6,T6 当代全球文学,,REVIEW,缺少可机器读取的 year；需要按成书/定稿/首次发表史人工核验,自动通过,WL-WORK-1287
许茂和他的女儿们.md,许茂和他的女儿们,周克芹,,T6,T6 当代全球文学,,REVIEW,缺少可机器读取的 year；需要按成书/定稿/首次发表史人工核验,需复核,WL-WORK-2855
论公民的不服从.md,论公民的不服从,亨利·戴维·梭罗,,T3,T3 19世纪现代文学体系,,REVIEW,缺少可机器读取的 year；需要按成书/定稿/首次发表史人工核验,手工核验,WL-WORK-M2-704A2B38283C
论演说家.md,论演说家,西塞罗,,T0,T0 文学源头与古代文学,,REVIEW,缺少可机器读取的 year；需要按成书/定稿/首次发表史人工核验,手工核验,WL-WORK-R1-DE-ORATORE
论自助.md,论自助,拉尔夫·沃尔多·爱默生,,T3,T3 19世纪现代文学体系,,REVIEW,缺少可机器读取的 year；需要按成书/定稿/首次发表史人工核验,手工核验,WL-WORK-M2-447AE02E286F
论语.md,论语,孔子弟子及再传弟子编纂,,T0,T0 文学源头与古代文学,,REVIEW,缺少可机器读取的 year；需要按成书/定稿/首次发表史人工核验,手工核验,WL-WORK-T0-ANALECTS
讽刺诗（尤维纳利斯）.md,讽刺诗（尤维纳利斯）,尤维纳利斯,,T0,T0 文学源头与古代文学,,REVIEW,缺少可机器读取的 year；需要按成书/定稿/首次发表史人工核验,手工核验,WL-WORK-R1-JUVENAL-SATIRES
证言.md,证言,玛格丽特·阿特伍德,,T6,T6 当代全球文学,,REVIEW,缺少可机器读取的 year；需要按成书/定稿/首次发表史人工核验,需复核,WL-WORK-3075
诗与歌谣.md,诗与歌谣,阿尔杰农·查尔斯·斯温伯恩,,T3,T3 19世纪现代文学体系,,REVIEW,缺少可机器读取的 year；需要按成书/定稿/首次发表史人工核验,手工核验,WL-WORK-M2-9920C8DE9A4D
诗体埃达.md,诗体埃达,佚名,,T1,T1 中古多中心文学世界,,REVIEW,缺少可机器读取的 year；需要按成书/定稿/首次发表史人工核验,自动通过,WL-WORK-1508
诗章.md,诗章,埃兹拉·庞德,,T4,T4 全球现代主义时代,,REVIEW,缺少可机器读取的 year；需要按成书/定稿/首次发表史人工核验,自动通过,WL-WORK-1871
诗经.md,诗经,佚名,,T0,T0 文学源头与古代文学,,REVIEW,缺少可机器读取的 year；需要按成书/定稿/首次发表史人工核验,自动通过,WL-WORK-2133
诠释者.md,诠释者,沃莱·索因卡,,T5,T5 二战后多极文学,,REVIEW,缺少可机器读取的 year；需要按成书/定稿/首次发表史人工核验,自动通过,WL-WORK-1872
请到我们的毒气室来，女士们先生们.md,请到我们的毒气室来，女士们先生们,塔德乌什·博罗夫斯基,,T5,T5 二战后多极文学,,REVIEW,缺少可机器读取的 year；需要按成书/定稿/首次发表史人工核验,自动通过,WL-WORK-2134
诺斯托罗莫.md,诺斯托罗莫,约瑟夫·康拉德,,T4,T4 全球现代主义时代,,REVIEW,缺少可机器读取的 year；需要按成书/定稿/首次发表史人工核验,需复核,WL-WORK-3155
诺桑觉寺.md,诺桑觉寺,简·奥斯汀,,T3,T3 19世纪现代文学体系,,REVIEW,缺少可机器读取的 year；需要按成书/定稿/首次发表史人工核验,自动通过,WL-WORK-2135
诺言.md,诺言,弗里德里希·迪伦马特,,T5,T5 二战后多极文学,,REVIEW,缺少可机器读取的 year；需要按成书/定稿/首次发表史人工核验,自动通过,WL-WORK-0237
谁的尸体？.md,谁的尸体？,多萝西·L·塞耶斯,,T4,T4 全球现代主义时代,,REVIEW,缺少可机器读取的 year；需要按成书/定稿/首次发表史人工核验,自动通过,WL-WORK-0045
谋杀启事.md,谋杀启事,阿加莎·克里斯蒂,,T5,T5 二战后多极文学,,REVIEW,缺少可机器读取的 year；需要按成书/定稿/首次发表史人工核验,自动通过,WL-WORK-0030
象塔.md,象塔,罗伯特·E.霍华德,,T4,T4 全球现代主义时代,,REVIEW,缺少可机器读取的 year；需要按成书/定稿/首次发表史人工核验,自动通过,WL-WORK-0842
豹.md,豹,朱塞佩·托马西·迪·兰佩杜萨,,T5,T5 二战后多极文学,,REVIEW,缺少可机器读取的 year；需要按成书/定稿/首次发表史人工核验,需复核,WL-WORK-2846
豺狼的日子.md,豺狼的日子,弗雷德里克·福赛斯,,T5,T5 二战后多极文学,,REVIEW,缺少可机器读取的 year；需要按成书/定稿/首次发表史人工核验,需复核,WL-WORK-3099
贝克特三部曲.md,贝克特三部曲,塞缪尔·贝克特,,T5,T5 二战后多极文学,,REVIEW,缺少可机器读取的 year；需要按成书/定稿/首次发表史人工核验,需复核,WL-WORK-3153
贝奥武夫.md,贝奥武夫,佚名,,T1,T1 中古多中心文学世界,,REVIEW,缺少可机器读取的 year；需要按成书/定稿/首次发表史人工核验,自动通过,WL-WORK-0843
贝姨.md,贝姨,巴尔扎克,,T3,T3 19世纪现代文学体系,,REVIEW,缺少可机器读取的 year；需要按成书/定稿/首次发表史人工核验,自动通过,WL-WORK-1290
贝蕾妮丝.md,贝蕾妮丝,爱伦·坡,,T3,T3 19世纪现代文学体系,,REVIEW,缺少可机器读取的 year；需要按成书/定稿/首次发表史人工核验,自动通过,WL-WORK-0844
负重前行.md,负重前行,蒂姆·奥布莱恩,,T6,T6 当代全球文学,,REVIEW,缺少可机器读取的 year；需要按成书/定稿/首次发表史人工核验,自动通过,WL-WORK-2136
费尔迪杜凯.md,费尔迪杜凯,维托尔德·贡布罗维奇,,T4,T4 全球现代主义时代,,REVIEW,缺少可机器读取的 year；需要按成书/定稿/首次发表史人工核验,自动通过,WL-WORK-1876
费德尔.md,费德尔,让·拉辛,,T2,T2 早期现代文学,,REVIEW,缺少可机器读取的 year；需要按成书/定稿/首次发表史人工核验,需复核,WL-WORK-2832
贺拉斯颂歌.md,贺拉斯颂歌,贺拉斯,,T0,T0 文学源头与古代文学,,REVIEW,缺少可机器读取的 year；需要按成书/定稿/首次发表史人工核验,,WL-WORK-T0-HORACE-ODES
赎罪.md,赎罪,伊恩·麦克尤恩,,T6,T6 当代全球文学,,REVIEW,缺少可机器读取的 year；需要按成书/定稿/首次发表史人工核验,自动通过,WL-WORK-1293
赛汀.md,赛汀,C.J.切瑞,,T6,T6 当代全球文学,,REVIEW,缺少可机器读取的 year；需要按成书/定稿/首次发表史人工核验,需复核,WL-WORK-2911
赫罗尔夫·克拉基萨迦.md,赫罗尔夫·克拉基萨迦,佚名,,T1,T1 中古多中心文学世界,,REVIEW,缺少可机器读取的 year；需要按成书/定稿/首次发表史人工核验,自动通过,WL-WORK-1510
走向悲伤.md,走向悲伤,迪克·弗朗西斯,,T6,T6 当代全球文学,,REVIEW,缺少可机器读取的 year；需要按成书/定稿/首次发表史人工核验,需复核,WL-WORK-3122
超越人类.md,超越人类,西奥多·斯特金,,T5,T5 二战后多极文学,,REVIEW,缺少可机器读取的 year；需要按成书/定稿/首次发表史人工核验,自动通过,WL-WORK-0317
超越时间之影.md,超越时间之影,洛夫克拉夫特,,T4,T4 全球现代主义时代,,REVIEW,缺少可机器读取的 year；需要按成书/定稿/首次发表史人工核验,自动通过,WL-WORK-0846
路边野餐.md,路边野餐,斯特鲁加茨基兄弟,,T5,T5 二战后多极文学,,REVIEW,缺少可机器读取的 year；需要按成书/定稿/首次发表史人工核验,自动通过,WL-WORK-0336
轻舔丝绒.md,轻舔丝绒,萨拉·沃特斯,,T6,T6 当代全球文学,,REVIEW,缺少可机器读取的 year；需要按成书/定稿/首次发表史人工核验,自动通过,WL-WORK-1296
辛努赫传.md,辛努赫传,佚名,,T0,T0 文学源头与古代文学,,REVIEW,缺少可机器读取的 year；需要按成书/定稿/首次发表史人工核验,手工核验,WL-WORK-T0-SINUHE
辛德勒方舟.md,辛德勒方舟,托马斯·基尼利,,T6,T6 当代全球文学,,REVIEW,缺少可机器读取的 year；需要按成书/定稿/首次发表史人工核验,需复核,WL-WORK-3048
边城.md,边城,沈从文,,T4,T4 全球现代主义时代,,REVIEW,缺少可机器读取的 year；需要按成书/定稿/首次发表史人工核验,自动通过,WL-WORK-2138
边城浪子.md,边城浪子,古龙,,T5,T5 二战后多极文学,,REVIEW,缺少可机器读取的 year；需要按成书/定稿/首次发表史人工核验,自动通过,WL-WORK-2620
边境之屋.md,边境之屋,威廉·霍普·霍奇森,,T4,T4 全球现代主义时代,,REVIEW,缺少可机器读取的 year；需要按成书/定稿/首次发表史人工核验,自动通过,WL-WORK-0848
边荒传说.md,边荒传说,黄易,,T6,T6 当代全球文学,,REVIEW,缺少可机器读取的 year；需要按成书/定稿/首次发表史人工核验,自动通过,WL-WORK-2621
达·芬奇密码.md,达·芬奇密码,丹·布朗,,T6,T6 当代全球文学,,REVIEW,缺少可机器读取的 year；需要按成书/定稿/首次发表史人工核验,个人补录,WL-WORK-2764
达尔文电台.md,达尔文电台,格雷格·贝尔,,T6,T6 当代全球文学,,REVIEW,缺少可机器读取的 year；需要按成书/定稿/首次发表史人工核验,需复核,WL-WORK-2945
达尔格伦.md,达尔格伦,塞缪尔·R.德拉尼,,T5,T5 二战后多极文学,,REVIEW,缺少可机器读取的 year；需要按成书/定稿/首次发表史人工核验,自动通过,WL-WORK-0350
达洛维夫人.md,达洛维夫人,弗吉尼亚·伍尔夫,,T4,T4 全球现代主义时代,,REVIEW,缺少可机器读取的 year；需要按成书/定稿/首次发表史人工核验,自动通过,WL-WORK-1878
过于喧嚣的孤独.md,过于喧嚣的孤独,博胡米尔·赫拉巴尔,,T5,T5 二战后多极文学,,REVIEW,缺少可机器读取的 year；需要按成书/定稿/首次发表史人工核验,自动通过,WL-WORK-1879
迈克尔·K的生活与时代.md,迈克尔·K的生活与时代,J.M.库切,,T6,T6 当代全球文学,,REVIEW,缺少可机器读取的 year；需要按成书/定稿/首次发表史人工核验,需复核,WL-WORK-3049
这完美的一天.md,这完美的一天,艾拉·莱文,,T5,T5 二战后多极文学,,REVIEW,缺少可机器读取的 year；需要按成书/定稿/首次发表史人工核验,自动通过,WL-WORK-1297
这是不是个人.md,这是不是个人,普里莫·莱维,,T5,T5 二战后多极文学,,REVIEW,缺少可机器读取的 year；需要按成书/定稿/首次发表史人工核验,自动通过,WL-WORK-1298
这样你就输掉时间战争.md,这样你就输掉时间战争,阿马尔·艾尔-莫赫塔尔 / 马克斯·格拉德斯通,,T6,T6 当代全球文学,,REVIEW,缺少可机器读取的 year；需要按成书/定稿/首次发表史人工核验,自动通过,WL-WORK-0439
这边风景.md,这边风景,王蒙,,T6,T6 当代全球文学,,REVIEW,缺少可机器读取的 year；需要按成书/定稿/首次发表史人工核验,需复核,WL-WORK-2883
进入盛夏之门.md,进入盛夏之门,罗伯特·海因莱因,,T5,T5 二战后多极文学,,REVIEW,缺少可机器读取的 year；需要按成书/定稿/首次发表史人工核验,自动通过,WL-WORK-0305
进军.md,进军,E.L.多克托罗,,T6,T6 当代全球文学,,REVIEW,缺少可机器读取的 year；需要按成书/定稿/首次发表史人工核验,自动通过,WL-WORK-1299
远航.md,远航,弗吉尼亚·伍尔夫,,T4,T4 全球现代主义时代,,REVIEW,缺少可机器读取的 year；需要按成书/定稿/首次发表史人工核验,自动通过,WL-WORK-1301
连城诀.md,连城诀,金庸,,T5,T5 二战后多极文学,,REVIEW,缺少可机器读取的 year；需要按成书/定稿/首次发表史人工核验,自动通过,WL-WORK-2623
迪米特里奥斯之棺.md,迪米特里奥斯之棺,埃里克·安布勒,,T4,T4 全球现代主义时代,,REVIEW,缺少可机器读取的 year；需要按成书/定稿/首次发表史人工核验,自动通过,WL-WORK-0252
迷失在开心馆.md,迷失在开心馆,约翰·巴斯,,T5,T5 二战后多极文学,,REVIEW,缺少可机器读取的 year；需要按成书/定稿/首次发表史人工核验,自动通过,WL-WORK-1881
迷宫中的将军.md,迷宫中的将军,加西亚·马尔克斯,,T6,T6 当代全球文学,,REVIEW,缺少可机器读取的 year；需要按成书/定稿/首次发表史人工核验,自动通过,WL-WORK-1302
迷宫馆事件.md,迷宫馆事件,绫辻行人,,T6,T6 当代全球文学,,REVIEW,缺少可机器读取的 year；需要按成书/定稿/首次发表史人工核验,自动通过,WL-WORK-0181
迷雾.md,迷雾,斯蒂芬·金,,T6,T6 当代全球文学,,REVIEW,缺少可机器读取的 year；需要按成书/定稿/首次发表史人工核验,自动通过,WL-WORK-0850
迷雾之子：最后帝国.md,迷雾之子：最后帝国,布兰登·桑德森,,T6,T6 当代全球文学,,REVIEW,缺少可机器读取的 year；需要按成书/定稿/首次发表史人工核验,自动通过,WL-WORK-0851
追忆似水年华.md,追忆似水年华,普鲁斯特,,T4,T4 全球现代主义时代,,REVIEW,缺少可机器读取的 year；需要按成书/定稿/首次发表史人工核验,自动通过,WL-WORK-1303
追风筝的人.md,追风筝的人,卡勒德·胡赛尼,,T6,T6 当代全球文学,,REVIEW,缺少可机器读取的 year；需要按成书/定稿/首次发表史人工核验,自动通过,WL-WORK-2140
逆水寒.md,逆水寒,温瑞安,,T6,T6 当代全球文学,,REVIEW,缺少可机器读取的 year；需要按成书/定稿/首次发表史人工核验,自动通过,WL-WORK-2624
通往北方的窄路.md,通往北方的窄路,理查德·弗拉纳根,,T6,T6 当代全球文学,,REVIEW,缺少可机器读取的 year；需要按成书/定稿/首次发表史人工核验,需复核,WL-WORK-3071
通过仪式.md,通过仪式,阿列克谢·潘申,,T5,T5 二战后多极文学,,REVIEW,缺少可机器读取的 year；需要按成书/定稿/首次发表史人工核验,需复核,WL-WORK-2931
通过礼仪.md,通过礼仪,威廉·戈尔丁,,T5,T5 二战后多极文学,,REVIEW,缺少可机器读取的 year；需要按成书/定稿/首次发表史人工核验,需复核,WL-WORK-3047
造星者.md,造星者,奥拉夫·斯塔普雷顿,,T4,T4 全球现代主义时代,,REVIEW,缺少可机器读取的 year；需要按成书/定稿/首次发表史人工核验,自动通过,WL-WORK-0286
逸乐.md,逸乐,加布里埃莱·邓南遮,,T3,T3 19世纪现代文学体系,,REVIEW,缺少可机器读取的 year；需要按成书/定稿/首次发表史人工核验,手工核验,WL-WORK-M2-AEC6B8C0BADF
道德剧.md,道德剧,巴里·昂斯沃思,,T6,T6 当代全球文学,,REVIEW,缺少可机器读取的 year；需要按成书/定稿/首次发表史人工核验,自动通过,WL-WORK-1304
遮住她的脸.md,遮住她的脸,P.D.詹姆斯,,T5,T5 二战后多极文学,,REVIEW,缺少可机器读取的 year；需要按成书/定稿/首次发表史人工核验,自动通过,WL-WORK-0102
邪恶东西悄然来.md,邪恶东西悄然来,雷·布拉德伯里,,T5,T5 二战后多极文学,,REVIEW,缺少可机器读取的 year；需要按成书/定稿/首次发表史人工核验,自动通过,WL-WORK-0854
邮差总按两遍铃.md,邮差总按两遍铃,詹姆斯·M.凯恩,,T4,T4 全球现代主义时代,,REVIEW,缺少可机器读取的 year；需要按成书/定稿/首次发表史人工核验,自动通过,WL-WORK-0078
都市风流.md,都市风流,孙力、余小惠,,T6,T6 当代全球文学,,REVIEW,缺少可机器读取的 year；需要按成书/定稿/首次发表史人工核验,需复核,WL-WORK-2863
都柏林人.md,都柏林人,詹姆斯·乔伊斯,,T4,T4 全球现代主义时代,,REVIEW,缺少可机器读取的 year；需要按成书/定稿/首次发表史人工核验,自动通过,WL-WORK-1886
酒神的伴侣.md,酒神的伴侣,欧里庇得斯,,T0,T0 文学源头与古代文学,,REVIEW,缺少可机器读取的 year；需要按成书/定稿/首次发表史人工核验,自动通过,WL-WORK-1511
酒神的女信徒.md,酒神的女信徒,欧里庇得斯,,T0,T0 文学源头与古代文学,,REVIEW,缺少可机器读取的 year；需要按成书/定稿/首次发表史人工核验,自动通过,WL-WORK-1512
醇酒集.md,醇酒集,阿波利奈尔,,T4,T4 全球现代主义时代,,REVIEW,缺少可机器读取的 year；需要按成书/定稿/首次发表史人工核验,自动通过,WL-WORK-1888
里加之犬.md,里加之犬,亨宁·曼凯尔,,T6,T6 当代全球文学,,REVIEW,缺少可机器读取的 year；需要按成书/定稿/首次发表史人工核验,自动通过,WL-WORK-0221
里斯本之夜.md,里斯本之夜,雷马克,,T5,T5 二战后多极文学,,REVIEW,缺少可机器读取的 year；需要按成书/定稿/首次发表史人工核验,个人补录,WL-WORK-2698
重力任务.md,重力任务,哈尔·克莱门特,,T5,T5 二战后多极文学,,REVIEW,缺少可机器读取的 year；需要按成书/定稿/首次发表史人工核验,自动通过,WL-WORK-0368
重现的时光.md,重现的时光,普鲁斯特,,T4,T4 全球现代主义时代,,REVIEW,缺少可机器读取的 year；需要按成书/定稿/首次发表史人工核验,自动通过,WL-WORK-1889
重生.md,重生,帕特·巴克,,T6,T6 当代全球文学,,REVIEW,缺少可机器读取的 year；需要按成书/定稿/首次发表史人工核验,自动通过,WL-WORK-1305
重返海法.md,重返海法,格桑·卡纳法尼,,T5,T5 二战后多极文学,,REVIEW,缺少可机器读取的 year；需要按成书/定稿/首次发表史人工核验,自动通过,WL-WORK-2141
野性的呼唤.md,野性的呼唤,杰克·伦敦,,T4,T4 全球现代主义时代,,REVIEW,缺少可机器读取的 year；需要按成书/定稿/首次发表史人工核验,自动通过,WL-WORK-0855
野性的证明.md,野性的证明,森村诚一,,T5,T5 二战后多极文学,,REVIEW,缺少可机器读取的 year；需要按成书/定稿/首次发表史人工核验,自动通过,WL-WORK-0167
野火.md,野火,大冈升平,,T5,T5 二战后多极文学,,REVIEW,缺少可机器读取的 year；需要按成书/定稿/首次发表史人工核验,自动通过,WL-WORK-1306
野草.md,野草,鲁迅,,T4,T4 全球现代主义时代,,REVIEW,缺少可机器读取的 year；需要按成书/定稿/首次发表史人工核验,自动通过,WL-WORK-1890
量子玫瑰.md,量子玫瑰,凯瑟琳·阿萨罗,,T6,T6 当代全球文学,,REVIEW,缺少可机器读取的 year；需要按成书/定稿/首次发表史人工核验,需复核,WL-WORK-2946
量子窃贼.md,量子窃贼,汉努·拉贾涅米,,T6,T6 当代全球文学,,REVIEW,缺少可机器读取的 year；需要按成书/定稿/首次发表史人工核验,自动通过,WL-WORK-0400
金云翘传.md,金云翘传,阮攸,,T3,T3 19世纪现代文学体系,,REVIEW,缺少可机器读取的 year；需要按成书/定稿/首次发表史人工核验,需复核,WL-WORK-3170
金剑雕翎.md,金剑雕翎,梁羽生,,T5,T5 二战后多极文学,,REVIEW,缺少可机器读取的 year；需要按成书/定稿/首次发表史人工核验,自动通过,WL-WORK-2627
金姆.md,金姆,吉卜林,,T4,T4 全球现代主义时代,,REVIEW,缺少可机器读取的 year；需要按成书/定稿/首次发表史人工核验,自动通过,WL-WORK-0856
金字塔铭文.md,金字塔铭文,佚名,,T0,T0 文学源头与古代文学,,REVIEW,缺少可机器读取的 year；需要按成书/定稿/首次发表史人工核验,自动通过,WL-WORK-1513
金山.md,金山,莱奥波尔多·卢贡内斯,,T3,T3 19世纪现代文学体系,,REVIEW,缺少可机器读取的 year；需要按成书/定稿/首次发表史人工核验,手工核验,WL-WORK-M2-02EDC379E702
金瓶梅.md,金瓶梅,兰陵笑笑生,,T2,T2 早期现代文学,,REVIEW,缺少可机器读取的 year；需要按成书/定稿/首次发表史人工核验,手工核验,WL-WORK-1307
金翅雀.md,金翅雀,唐娜·塔特,,T6,T6 当代全球文学,,REVIEW,缺少可机器读取的 year；需要按成书/定稿/首次发表史人工核验,需复核,WL-WORK-3025
金色平原的故事.md,金色平原的故事,威廉·莫里斯,,T4,T4 全球现代主义时代,,REVIEW,缺少可机器读取的 year；需要按成书/定稿/首次发表史人工核验,自动通过,WL-WORK-0857
金色笔记.md,金色笔记,多丽丝·莱辛,,T5,T5 二战后多极文学,,REVIEW,缺少可机器读取的 year；需要按成书/定稿/首次发表史人工核验,自动通过,WL-WORK-1892
金钱.md,金钱,左拉,,T4,T4 全球现代主义时代,,REVIEW,缺少可机器读取的 year；需要按成书/定稿/首次发表史人工核验,自动通过,WL-WORK-1309
金银岛.md,金银岛,罗伯特·路易斯·史蒂文森,,T3,T3 19世纪现代文学体系,,REVIEW,缺少可机器读取的 year；需要按成书/定稿/首次发表史人工核验,自动通过,WL-WORK-0858
金锁记.md,金锁记,张爱玲,,T4,T4 全球现代主义时代,,REVIEW,缺少可机器读取的 year；需要按成书/定稿/首次发表史人工核验,自动通过,WL-WORK-1893
金陵十三钗.md,金陵十三钗,严歌苓,,T6,T6 当代全球文学,,REVIEW,缺少可机器读取的 year；需要按成书/定稿/首次发表史人工核验,自动通过,WL-WORK-1310
金驴记.md,金驴记,阿普列尤斯,,T0,T0 文学源头与古代文学,,REVIEW,缺少可机器读取的 year；需要按成书/定稿/首次发表史人工核验,手工核验,WL-WORK-R1-GOLDEN-ASS
针眼.md,针眼,肯·福莱特,,T5,T5 二战后多极文学,,REVIEW,缺少可机器读取的 year；需要按成书/定稿/首次发表史人工核验,需复核,WL-WORK-3105
钟形罩.md,钟形罩,西尔维娅·普拉斯,,T5,T5 二战后多极文学,,REVIEW,缺少可机器读取的 year；需要按成书/定稿/首次发表史人工核验,自动通过,WL-WORK-1311
钟表馆事件.md,钟表馆事件,绫辻行人,,T6,T6 当代全球文学,,REVIEW,缺少可机器读取的 year；需要按成书/定稿/首次发表史人工核验,自动通过,WL-WORK-0182
钟鼓楼.md,钟鼓楼,刘心武,,T6,T6 当代全球文学,,REVIEW,缺少可机器读取的 year；需要按成书/定稿/首次发表史人工核验,需复核,WL-WORK-2862
钢穴.md,钢穴,艾萨克·阿西莫夫,,T5,T5 二战后多极文学,,REVIEW,缺少可机器读取的 year；需要按成书/定稿/首次发表史人工核验,自动通过,WL-WORK-0298
钻石年代.md,钻石年代,尼尔·斯蒂芬森,,T6,T6 当代全球文学,,REVIEW,缺少可机器读取的 year；需要按成书/定稿/首次发表史人工核验,自动通过,WL-WORK-0395
铁手骑士葛兹·冯·贝利欣根.md,铁手骑士葛兹·冯·贝利欣根,歌德,,T2,T2 早期现代文学,,REVIEW,缺少可机器读取的 year；需要按成书/定稿/首次发表史人工核验,自动通过,WL-WORK-2628
铁草.md,铁草,威廉·肯尼迪,,T6,T6 当代全球文学,,REVIEW,缺少可机器读取的 year；需要按成书/定稿/首次发表史人工核验,需复核,WL-WORK-3003
铁蹄.md,铁蹄,杰克·伦敦,,T4,T4 全球现代主义时代,,REVIEW,缺少可机器读取的 year；需要按成书/定稿/首次发表史人工核验,自动通过,WL-WORK-0280
铁骑银瓶.md,铁骑银瓶,梁羽生,,T5,T5 二战后多极文学,,REVIEW,缺少可机器读取的 year；需要按成书/定稿/首次发表史人工核验,自动通过,WL-WORK-2629
银河巡警.md,银河巡警,E.E.史密斯,,T4,T4 全球现代主义时代,,REVIEW,缺少可机器读取的 year；需要按成书/定稿/首次发表史人工核验,自动通过,WL-WORK-0289
银河系漫游指南.md,银河系漫游指南,道格拉斯·亚当斯,,T5,T5 二战后多极文学,,REVIEW,缺少可机器读取的 year；需要按成书/定稿/首次发表史人工核验,自动通过,WL-WORK-0485
银河铁道之夜.md,银河铁道之夜,宫泽贤治,,T4,T4 全球现代主义时代,,REVIEW,缺少可机器读取的 year；需要按成书/定稿/首次发表史人工核验,个人补录,WL-WORK-2737
锁匠.md,锁匠,史蒂夫·汉密尔顿,,T6,T6 当代全球文学,,REVIEW,缺少可机器读取的 year；需要按成书/定稿/首次发表史人工核验,需复核,WL-WORK-3137
锅匠，裁缝，士兵，间谍.md,锅匠，裁缝，士兵，间谍,约翰·勒卡雷,,T5,T5 二战后多极文学,,REVIEW,缺少可机器读取的 year；需要按成书/定稿/首次发表史人工核验,需复核,WL-WORK-0254
锌皮娃娃兵.md,锌皮娃娃兵,阿列克谢耶维奇,,T6,T6 当代全球文学,,REVIEW,缺少可机器读取的 year；需要按成书/定稿/首次发表史人工核验,自动通过,WL-WORK-2145
镇尼大师.md,镇尼大师,P·杰利·克拉克,,T6,T6 当代全球文学,,REVIEW,缺少可机器读取的 year；需要按成书/定稿/首次发表史人工核验,需复核,WL-WORK-2954
镍童.md,镍童,科尔森·怀特黑德,,T6,T6 当代全球文学,,REVIEW,缺少可机器读取的 year；需要按成书/定稿/首次发表史人工核验,需复核,WL-WORK-3028
镜与光.md,镜与光,希拉里·曼特尔,,T6,T6 当代全球文学,,REVIEW,缺少可机器读取的 year；需要按成书/定稿/首次发表史人工核验,自动通过,WL-WORK-1313
镜中舞.md,镜中舞,洛伊斯·麦克马斯特·比约德,,T6,T6 当代全球文学,,REVIEW,缺少可机器读取的 year；需要按成书/定稿/首次发表史人工核验,需复核,WL-WORK-2914
镜影.md,镜影,威廉·吉布森,,T6,T6 当代全球文学,,REVIEW,缺少可机器读取的 year；需要按成书/定稿/首次发表史人工核验,需复核,WL-WORK-0392
镜花缘.md,镜花缘,李汝珍,,T3,T3 19世纪现代文学体系,,REVIEW,缺少可机器读取的 year；需要按成书/定稿/首次发表史人工核验,手工核验,WL-WORK-T3-JINGHUA-YUAN
长夜难明.md,长夜难明,紫金陈,,T6,T6 当代全球文学,,REVIEW,缺少可机器读取的 year；需要按成书/定稿/首次发表史人工核验,自动通过,WL-WORK-0245
长安古意.md,长安古意,小椴,,T6,T6 当代全球文学,,REVIEW,缺少可机器读取的 year；需要按成书/定稿/首次发表史人工核验,自动通过,WL-WORK-2630
长恨歌.md,长恨歌,王安忆,,T6,T6 当代全球文学,,REVIEW,缺少可机器读取的 year；需要按成书/定稿/首次发表史人工核验,需复核,WL-WORK-2868
长日将尽.md,长日将尽,石黑一雄,,T6,T6 当代全球文学,,REVIEW,缺少可机器读取的 year；需要按成书/定稿/首次发表史人工核验,自动通过,WL-WORK-2146
长眠不醒.md,长眠不醒,雷蒙德·钱德勒,,T4,T4 全球现代主义时代,,REVIEW,缺少可机器读取的 year；需要按成书/定稿/首次发表史人工核验,自动通过,WL-WORK-0075
门中眼.md,门中眼,帕特·巴克,,T6,T6 当代全球文学,,REVIEW,缺少可机器读取的 year；需要按成书/定稿/首次发表史人工核验,自动通过,WL-WORK-1314
门外.md,门外,沃尔夫冈·博尔歇特,,T5,T5 二战后多极文学,,REVIEW,缺少可机器读取的 year；需要按成书/定稿/首次发表史人工核验,自动通过,WL-WORK-1896
门户.md,门户,弗雷德里克·波尔,,T5,T5 二战后多极文学,,REVIEW,缺少可机器读取的 year；需要按成书/定稿/首次发表史人工核验,自动通过,WL-WORK-0340
闪灵.md,闪灵,斯蒂芬·金,,T5,T5 二战后多极文学,,REVIEW,缺少可机器读取的 year；需要按成书/定稿/首次发表史人工核验,自动通过,WL-WORK-0859
队列之末.md,队列之末,福特·马多克斯·福特,,T4,T4 全球现代主义时代,,REVIEW,缺少可机器读取的 year；需要按成书/定稿/首次发表史人工核验,自动通过,WL-WORK-1315
阳光下的葡萄干.md,阳光下的葡萄干,洛兰·汉斯贝里,,T5,T5 二战后多极文学,,REVIEW,缺少可机器读取的 year；需要按成书/定稿/首次发表史人工核验,自动通过,WL-WORK-1897
阴兽.md,阴兽,江户川乱步,,T4,T4 全球现代主义时代,,REVIEW,缺少可机器读取的 year；需要按成书/定稿/首次发表史人工核验,自动通过,WL-WORK-0149
阴暗的绘画.md,阴暗的绘画,野间宏,,T5,T5 二战后多极文学,,REVIEW,缺少可机器读取的 year；需要按成书/定稿/首次发表史人工核验,自动通过,WL-WORK-1898
阿伽门农.md,阿伽门农,埃斯库罗斯,,T0,T0 文学源头与古代文学,,REVIEW,缺少可机器读取的 year；需要按成书/定稿/首次发表史人工核验,手工核验,WL-WORK-T0-AGAMEMNON
阿克塞尔.md,阿克塞尔,维利耶·德·利尔-阿当,,T3,T3 19世纪现代文学体系,,REVIEW,缺少可机器读取的 year；需要按成书/定稿/首次发表史人工核验,手工核验,WL-WORK-M2-8E745F2BC670
阿卡特史诗.md,阿卡特史诗,佚名,,T0,T0 文学源头与古代文学,,REVIEW,缺少可机器读取的 year；需要按成书/定稿/首次发表史人工核验,自动通过,WL-WORK-1514
阿喀琉斯之歌.md,阿喀琉斯之歌,玛德琳·米勒,,T6,T6 当代全球文学,,REVIEW,缺少可机器读取的 year；需要按成书/定稿/首次发表史人工核验,自动通过,WL-WORK-0863
阿尔-拉桑的雄狮.md,阿尔-拉桑的雄狮,盖伊·加夫里尔·凯,,T6,T6 当代全球文学,,REVIEW,缺少可机器读取的 year；需要按成书/定稿/首次发表史人工核验,自动通过,WL-WORK-0864
阿尔戈船英雄纪.md,阿尔戈船英雄纪,阿波罗尼奥斯,,T0,T0 文学源头与古代文学,,REVIEW,缺少可机器读取的 year；需要按成书/定稿/首次发表史人工核验,人工核验,WL-WORK-0865
阿拉特里斯特上尉.md,阿拉特里斯特上尉,阿图罗·佩雷斯-雷维特,,T6,T6 当代全球文学,,REVIEW,缺少可机器读取的 year；需要按成书/定稿/首次发表史人工核验,自动通过,WL-WORK-2631
阿特拉哈西斯史诗.md,阿特拉哈西斯史诗,佚名,,T0,T0 文学源头与古代文学,,REVIEW,缺少可机器读取的 year；需要按成书/定稿/首次发表史人工核验,自动通过,WL-WORK-1516
阿维斯塔.md,阿维斯塔,佚名,,T0,T0 文学源头与古代文学,,REVIEW,缺少可机器读取的 year；需要按成书/定稿/首次发表史人工核验,自动通过,WL-WORK-1517
阿罗史密斯.md,阿罗史密斯,辛克莱·刘易斯,,T4,T4 全球现代主义时代,,REVIEW,缺少可机器读取的 year；需要按成书/定稿/首次发表史人工核验,需复核,WL-WORK-2964
阿蒙蒂亚多酒桶.md,阿蒙蒂亚多酒桶,爱伦·坡,,T3,T3 19世纪现代文学体系,,REVIEW,缺少可机器读取的 year；需要按成书/定稿/首次发表史人工核验,自动通过,WL-WORK-0867
阿达诺之钟.md,阿达诺之钟,约翰·赫西,,T4,T4 全球现代主义时代,,REVIEW,缺少可机器读取的 year；需要按成书/定稿/首次发表史人工核验,需复核,WL-WORK-2979
阿部一族.md,阿部一族,森鸥外,,T4,T4 全球现代主义时代,,REVIEW,缺少可机器读取的 year；需要按成书/定稿/首次发表史人工核验,自动通过,WL-WORK-2632
附属正义.md,附属正义,安·莱姬,,T6,T6 当代全球文学,,REVIEW,缺少可机器读取的 year；需要按成书/定稿/首次发表史人工核验,自动通过,WL-WORK-0411
陆小凤传奇：金鹏王朝.md,陆小凤传奇：金鹏王朝,古龙,,T5,T5 二战后多极文学,,REVIEW,缺少可机器读取的 year；需要按成书/定稿/首次发表史人工核验,自动通过,WL-WORK-2633
陆犯焉识.md,陆犯焉识,严歌苓,,T6,T6 当代全球文学,,REVIEW,缺少可机器读取的 year；需要按成书/定稿/首次发表史人工核验,自动通过,WL-WORK-2147
陌生人日记.md,陌生人日记,埃莉·格里菲斯,,T6,T6 当代全球文学,,REVIEW,缺少可机器读取的 year；需要按成书/定稿/首次发表史人工核验,需复核,WL-WORK-3146
陌生人肖像.md,陌生人肖像,娜塔莉·萨洛特,,T5,T5 二战后多极文学,,REVIEW,缺少可机器读取的 year；需要按成书/定稿/首次发表史人工核验,自动通过,WL-WORK-1904
除时间外没有敌人.md,除时间外没有敌人,迈克尔·毕晓普,,T6,T6 当代全球文学,,REVIEW,缺少可机器读取的 year；需要按成书/定稿/首次发表史人工核验,需复核,WL-WORK-2935
陶渊明诗选.md,陶渊明诗选,陶渊明,,T0,T0 文学源头与古代文学,,REVIEW,缺少可机器读取的 year；需要按成书/定稿/首次发表史人工核验,需复核,WL-WORK-3185
陷坑与钟摆.md,陷坑与钟摆,爱伦·坡,,T3,T3 19世纪现代文学体系,,REVIEW,缺少可机器读取的 year；需要按成书/定稿/首次发表史人工核验,自动通过,WL-WORK-0868
隐剑孤影抄.md,隐剑孤影抄,藤泽周平,,T5,T5 二战后多极文学,,REVIEW,缺少可机器读取的 year；需要按成书/定稿/首次发表史人工核验,自动通过,WL-WORK-2634
隐剑秋风抄.md,隐剑秋风抄,藤泽周平,,T5,T5 二战后多极文学,,REVIEW,缺少可机器读取的 year；需要按成书/定稿/首次发表史人工核验,自动通过,WL-WORK-2635
隐形人.md,隐形人,H.G.威尔斯,,T4,T4 全球现代主义时代,,REVIEW,缺少可机器读取的 year；需要按成书/定稿/首次发表史人工核验,自动通过,WL-WORK-0275
难做的神.md,难做的神,斯特鲁加茨基兄弟,,T5,T5 二战后多极文学,,REVIEW,缺少可机器读取的 year；需要按成书/定稿/首次发表史人工核验,自动通过,WL-WORK-0337
雇员们.md,雇员们,奥尔加·拉夫恩,,T6,T6 当代全球文学,,REVIEW,缺少可机器读取的 year；需要按成书/定稿/首次发表史人工核验,自动通过,WL-WORK-0482
雌性男人.md,雌性男人,乔安娜·拉斯,,T5,T5 二战后多极文学,,REVIEW,缺少可机器读取的 year；需要按成书/定稿/首次发表史人工核验,自动通过,WL-WORK-0357
雍正皇帝.md,雍正皇帝,二月河,,T6,T6 当代全球文学,,REVIEW,缺少可机器读取的 year；需要按成书/定稿/首次发表史人工核验,自动通过,WL-WORK-1320
雨国之王.md,雨国之王,尼古拉斯·弗里林,,T5,T5 二战后多极文学,,REVIEW,缺少可机器读取的 year；需要按成书/定稿/首次发表史人工核验,需复核,WL-WORK-3094
雨月物语.md,雨月物语,上田秋成,,T2,T2 早期现代文学,,REVIEW,缺少可机器读取的 year；需要按成书/定稿/首次发表史人工核验,自动通过,WL-WORK-0869
雪.md,雪,胡利安·德尔·卡萨尔,,T3,T3 19世纪现代文学体系,,REVIEW,缺少可机器读取的 year；需要按成书/定稿/首次发表史人工核验,手工核验,WL-WORK-M2-7D742A7F9F36
雪中悍刀行.md,雪中悍刀行,烽火戏诸侯,,T6,T6 当代全球文学,,REVIEW,缺少可机器读取的 year；需要按成书/定稿/首次发表史人工核验,自动通过,WL-WORK-2636
雪后.md,雪后,琼·D·文奇,,T6,T6 当代全球文学,,REVIEW,缺少可机器读取的 year；需要按成书/定稿/首次发表史人工核验,需复核,WL-WORK-2906
雪国.md,雪国,川端康成,,T4,T4 全球现代主义时代,,REVIEW,缺少可机器读取的 year；需要按成书/定稿/首次发表史人工核验,自动通过,WL-WORK-1906
雪山大地.md,雪山大地,杨志军,,T6,T6 当代全球文学,,REVIEW,缺少可机器读取的 year；需要按成书/定稿/首次发表史人工核验,需复核,WL-WORK-2891
雪山飞狐.md,雪山飞狐,金庸,,T5,T5 二战后多极文学,,REVIEW,缺少可机器读取的 year；需要按成书/定稿/首次发表史人工核验,自动通过,WL-WORK-2638
雪崩.md,雪崩,尼尔·斯蒂芬森,,T6,T6 当代全球文学,,REVIEW,缺少可机器读取的 year；需要按成书/定稿/首次发表史人工核验,自动通过,WL-WORK-0394
零伯爵.md,零伯爵,威廉·吉布森,,T6,T6 当代全球文学,,REVIEW,缺少可机器读取的 year；需要按成书/定稿/首次发表史人工核验,自动通过,WL-WORK-0389
零的焦点.md,零的焦点,松本清张,,T5,T5 二战后多极文学,,REVIEW,缺少可机器读取的 year；需要按成书/定稿/首次发表史人工核验,自动通过,WL-WORK-0162
雷雨.md,雷雨,曹禺,,T4,T4 全球现代主义时代,,REVIEW,缺少可机器读取的 year；需要按成书/定稿/首次发表史人工核验,个人补录,WL-WORK-2696
雾都孤儿.md,雾都孤儿,查尔斯·狄更斯,,T3,T3 19世纪现代文学体系,,REVIEW,缺少可机器读取的 year；需要按成书/定稿/首次发表史人工核验,自动通过,WL-WORK-1321
震荡波骑士.md,震荡波骑士,约翰·布鲁纳,,T5,T5 二战后多极文学,,REVIEW,缺少可机器读取的 year；需要按成书/定稿/首次发表史人工核验,自动通过,WL-WORK-0386
霍乱时期的爱情.md,霍乱时期的爱情,加西亚·马尔克斯,,T6,T6 当代全球文学,,REVIEW,缺少可机器读取的 year；需要按成书/定稿/首次发表史人工核验,自动通过,WL-WORK-2149
霍夫曼博士的地狱欲望机器.md,霍夫曼博士的地狱欲望机器,安吉拉·卡特,,T5,T5 二战后多极文学,,REVIEW,缺少可机器读取的 year；需要按成书/定稿/首次发表史人工核验,自动通过,WL-WORK-1908
霍比特人.md,霍比特人,J.R.R.托尔金,,T4,T4 全球现代主义时代,,REVIEW,缺少可机器读取的 year；需要按成书/定稿/首次发表史人工核验,自动通过,WL-WORK-0871
露水的主人.md,露水的主人,雅克·鲁曼,,T4,T4 全球现代主义时代,,REVIEW,缺少可机器读取的 year；需要按成书/定稿/首次发表史人工核验,需复核,WL-WORK-3208
霸王别姬.md,霸王别姬,李碧华,,T6,T6 当代全球文学,,REVIEW,缺少可机器读取的 year；需要按成书/定稿/首次发表史人工核验,个人补录,WL-WORK-2672
青年.md,青年,森鸥外,,T4,T4 全球现代主义时代,,REVIEW,缺少可机器读取的 year；需要按成书/定稿/首次发表史人工核验,自动通过,WL-WORK-1322
青春之歌.md,青春之歌,杨沫,,T5,T5 二战后多极文学,,REVIEW,缺少可机器读取的 year；需要按成书/定稿/首次发表史人工核验,自动通过,WL-WORK-1324
青铜骑士.md,青铜骑士,普希金,,T3,T3 19世纪现代文学体系,,REVIEW,缺少可机器读取的 year；需要按成书/定稿/首次发表史人工核验,个人补录,WL-WORK-3221
靠近野心的心.md,靠近野心的心,克拉丽丝·利斯佩克托,,T4,T4 全球现代主义时代,,REVIEW,缺少可机器读取的 year；需要按成书/定稿/首次发表史人工核验,自动通过,WL-WORK-1909
鞭手.md,鞭手,迪克·弗朗西斯,,T5,T5 二战后多极文学,,REVIEW,缺少可机器读取的 year；需要按成书/定稿/首次发表史人工核验,需复核,WL-WORK-3107
项链.md,项链,莫泊桑,,T3,T3 19世纪现代文学体系,,REVIEW,缺少可机器读取的 year；需要按成书/定稿/首次发表史人工核验,个人补录,WL-WORK-2729
顺河入海.md,顺河入海,沃尔特·莫斯利,,T6,T6 当代全球文学,,REVIEW,缺少可机器读取的 year；需要按成书/定稿/首次发表史人工核验,需复核,WL-WORK-3145
额尔古纳河右岸.md,额尔古纳河右岸,迟子建,,T6,T6 当代全球文学,,REVIEW,缺少可机器读取的 year；需要按成书/定稿/首次发表史人工核验,需复核,WL-WORK-2876
风土记.md,风土记,佚名,,T1,T1 中古多中心文学世界,,REVIEW,缺少可机器读取的 year；需要按成书/定稿/首次发表史人工核验,自动通过,WL-WORK-1518
风声.md,风声,麦家,,T6,T6 当代全球文学,,REVIEW,缺少可机器读取的 year；需要按成书/定稿/首次发表史人工核验,个人补录,WL-WORK-2686
风暴使者.md,风暴使者,迈克尔·莫考克,,T5,T5 二战后多极文学,,REVIEW,缺少可机器读取的 year；需要按成书/定稿/首次发表史人工核验,自动通过,WL-WORK-0874
风林火山.md,风林火山,井上靖,,T5,T5 二战后多极文学,,REVIEW,缺少可机器读取的 year；需要按成书/定稿/首次发表史人工核验,自动通过,WL-WORK-1329
飞燕惊龙.md,飞燕惊龙,卧龙生,,T5,T5 二战后多极文学,,REVIEW,缺少可机器读取的 year；需要按成书/定稿/首次发表史人工核验,自动通过,WL-WORK-2640
飞狐外传.md,飞狐外传,金庸,,T5,T5 二战后多极文学,,REVIEW,缺少可机器读取的 year；需要按成书/定稿/首次发表史人工核验,自动通过,WL-WORK-2641
饥饿.md,饥饿,克努特·汉姆生,,T4,T4 全球现代主义时代,,REVIEW,缺少可机器读取的 year；需要按成书/定稿/首次发表史人工核验,自动通过,WL-WORK-1913
饥饿游戏.md,饥饿游戏,苏珊·柯林斯,,T6,T6 当代全球文学,,REVIEW,缺少可机器读取的 year；需要按成书/定稿/首次发表史人工核验,自动通过,WL-WORK-0484
饥饿的路.md,饥饿的路,本·奥克瑞,,T6,T6 当代全球文学,,REVIEW,缺少可机器读取的 year；需要按成书/定稿/首次发表史人工核验,需复核,WL-WORK-2854
饮马黄河.md,饮马黄河,司马翎,,T5,T5 二战后多极文学,,REVIEW,缺少可机器读取的 year；需要按成书/定稿/首次发表史人工核验,自动通过,WL-WORK-2642
饺子.md,饺子,李碧华,,T6,T6 当代全球文学,,REVIEW,缺少可机器读取的 year；需要按成书/定稿/首次发表史人工核验,个人补录,WL-WORK-2694
首尔，1964年冬.md,首尔，1964年冬,金承钰,,T5,T5 二战后多极文学,,REVIEW,缺少可机器读取的 year；需要按成书/定稿/首次发表史人工核验,自动通过,WL-WORK-1914
马丁·德雷斯勒.md,马丁·德雷斯勒,史蒂文·米尔豪瑟,,T6,T6 当代全球文学,,REVIEW,缺少可机器读取的 year；需要按成书/定稿/首次发表史人工核验,需复核,WL-WORK-3013
马丁·菲耶罗.md,马丁·菲耶罗,何塞·埃尔南德斯,,T3,T3 19世纪现代文学体系,,REVIEW,缺少可机器读取的 year；需要按成书/定稿/首次发表史人工核验,手工核验,WL-WORK-1915
马利·阿尔梅达的七个月亮.md,马利·阿尔梅达的七个月亮,谢汉·卡鲁纳蒂拉卡,,T6,T6 当代全球文学,,REVIEW,缺少可机器读取的 year；需要按成书/定稿/首次发表史人工核验,需复核,WL-WORK-3079
马奇.md,马奇,杰拉尔丁·布鲁克斯,,T6,T6 当代全球文学,,REVIEW,缺少可机器读取的 year；需要按成书/定稿/首次发表史人工核验,需复核,WL-WORK-3020
马尔特手记.md,马尔特手记,里尔克,,T4,T4 全球现代主义时代,,REVIEW,缺少可机器读取的 year；需要按成书/定稿/首次发表史人工核验,自动通过,WL-WORK-1917
马尔科姆·X自传.md,马尔科姆·X自传,马尔科姆·X / 亚历克斯·哈利,,T5,T5 二战后多极文学,,REVIEW,缺少可机器读取的 year；需要按成书/定稿/首次发表史人工核验,自动通过,WL-WORK-1918
马来西亚海盗.md,马来西亚海盗,埃米利奥·萨尔加里,,T4,T4 全球现代主义时代,,REVIEW,缺少可机器读取的 year；需要按成书/定稿/首次发表史人工核验,自动通过,WL-WORK-2643
马永贝.md,马永贝,佩佩特拉,,T6,T6 当代全球文学,,REVIEW,缺少可机器读取的 year；需要按成书/定稿/首次发表史人工核验,需复核,WL-WORK-3204
马耳他之鹰.md,马耳他之鹰,达希尔·哈米特,,T4,T4 全球现代主义时代,,REVIEW,缺少可机器读取的 year；需要按成书/定稿/首次发表史人工核验,自动通过,WL-WORK-0071
马鸣风萧萧.md,马鸣风萧萧,萧逸,,T5,T5 二战后多极文学,,REVIEW,缺少可机器读取的 year；需要按成书/定稿/首次发表史人工核验,自动通过,WL-WORK-2644
驱魔人.md,驱魔人,威廉·彼得·布拉蒂,,T5,T5 二战后多极文学,,REVIEW,缺少可机器读取的 year；需要按成书/定稿/首次发表史人工核验,自动通过,WL-WORK-0877
驿站.md,驿站,克利福德·西马克,,T5,T5 二战后多极文学,,REVIEW,缺少可机器读取的 year；需要按成书/定稿/首次发表史人工核验,需复核,WL-WORK-2899
骆驼祥子.md,骆驼祥子,老舍,,T4,T4 全球现代主义时代,,REVIEW,缺少可机器读取的 year；需要按成书/定稿/首次发表史人工核验,个人补录,WL-WORK-2700
骏马.md,骏马,科马克·麦卡锡,,T6,T6 当代全球文学,,REVIEW,缺少可机器读取的 year；需要按成书/定稿/首次发表史人工核验,自动通过,WL-WORK-2646
骑虎.md,骑虎,约翰·高尔斯华绥,,T4,T4 全球现代主义时代,,REVIEW,缺少可机器读取的 year；需要按成书/定稿/首次发表史人工核验,自动通过,WL-WORK-1332
骚动之秋.md,骚动之秋,刘玉民,,T6,T6 当代全球文学,,REVIEW,缺少可机器读取的 year；需要按成书/定稿/首次发表史人工核验,需复核,WL-WORK-2866
骨人.md,骨人,凯里·休姆,,T6,T6 当代全球文学,,REVIEW,缺少可机器读取的 year；需要按成书/定稿/首次发表史人工核验,需复核,WL-WORK-3051
高人的箴言.md,高人的箴言,佚名,,T0,T0 文学源头与古代文学,,REVIEW,缺少可机器读取的 year；需要按成书/定稿/首次发表史人工核验,自动通过,WL-WORK-1519
高堡奇人.md,高堡奇人,菲利普·K.迪克,,T5,T5 二战后多极文学,,REVIEW,缺少可机器读取的 year；需要按成书/定稿/首次发表史人工核验,自动通过,WL-WORK-0328
高文爵士与绿骑士.md,高文爵士与绿骑士,佚名,,T1,T1 中古多中心文学世界,,REVIEW,缺少可机器读取的 year；需要按成书/定稿/首次发表史人工核验,自动通过,WL-WORK-0878
鬼妈妈.md,鬼妈妈,尼尔·盖曼,,T6,T6 当代全球文学,,REVIEW,缺少可机器读取的 year；需要按成书/定稿/首次发表史人工核验,自动通过,WL-WORK-0879
鬼屋.md,鬼屋,雪莉·杰克逊,,T5,T5 二战后多极文学,,REVIEW,缺少可机器读取的 year；需要按成书/定稿/首次发表史人工核验,自动通过,WL-WORK-0880
鬼平犯科帐.md,鬼平犯科帐,池波正太郎,,T5,T5 二战后多极文学,,REVIEW,缺少可机器读取的 year；需要按成书/定稿/首次发表史人工核验,自动通过,WL-WORK-2649
魍魉之匣.md,魍魉之匣,京极夏彦,,T6,T6 当代全球文学,,REVIEW,缺少可机器读取的 year；需要按成书/定稿/首次发表史人工核验,自动通过,WL-WORK-0191
魔女嘉莉.md,魔女嘉莉,斯蒂芬·金,,T5,T5 二战后多极文学,,REVIEW,缺少可机器读取的 year；需要按成书/定稿/首次发表史人工核验,自动通过,WL-WORK-0881
魔山.md,魔山,托马斯·曼,,T4,T4 全球现代主义时代,,REVIEW,缺少可机器读取的 year；需要按成书/定稿/首次发表史人工核验,自动通过,WL-WORK-1334
魔戒：双塔奇兵.md,魔戒：双塔奇兵,J.R.R.托尔金,,T5,T5 二战后多极文学,,REVIEW,缺少可机器读取的 year；需要按成书/定稿/首次发表史人工核验,自动通过,WL-WORK-0882
魔戒：王者归来.md,魔戒：王者归来,J.R.R.托尔金,,T5,T5 二战后多极文学,,REVIEW,缺少可机器读取的 year；需要按成书/定稿/首次发表史人工核验,自动通过,WL-WORK-0883
魔戒：魔戒同盟.md,魔戒：魔戒同盟,J.R.R.托尔金,,T5,T5 二战后多极文学,,REVIEW,缺少可机器读取的 year；需要按成书/定稿/首次发表史人工核验,自动通过,WL-WORK-0884
魔法师的外甥.md,魔法师的外甥,C.S.刘易斯,,T5,T5 二战后多极文学,,REVIEW,缺少可机器读取的 year；需要按成书/定稿/首次发表史人工核验,自动通过,WL-WORK-0886
魔法的颜色.md,魔法的颜色,特里·普拉切特,,T6,T6 当代全球文学,,REVIEW,缺少可机器读取的 year；需要按成书/定稿/首次发表史人工核验,自动通过,WL-WORK-0887
魔界转生.md,魔界转生,山田风太郎,,T5,T5 二战后多极文学,,REVIEW,缺少可机器读取的 year；需要按成书/定稿/首次发表史人工核验,自动通过,WL-WORK-2650
魔眼之匣谜案.md,魔眼之匣谜案,今村昌弘,,T6,T6 当代全球文学,,REVIEW,缺少可机器读取的 year；需要按成书/定稿/首次发表史人工核验,自动通过,WL-WORK-0206
魔鬼的药水.md,魔鬼的药水,E.T.A.霍夫曼,,T3,T3 19世纪现代文学体系,,REVIEW,缺少可机器读取的 year；需要按成书/定稿/首次发表史人工核验,自动通过,WL-WORK-0888
鲁拜集.md,鲁拜集,欧玛尔·海亚姆,,T1,T1 中古多中心文学世界,,REVIEW,缺少可机器读取的 year；需要按成书/定稿/首次发表史人工核验,需复核,WL-WORK-2821
鲁斯塔姆与苏赫拉布.md,鲁斯塔姆与苏赫拉布,菲尔多西,,T1,T1 中古多中心文学世界,,REVIEW,缺少可机器读取的 year；需要按成书/定稿/首次发表史人工核验,自动通过,WL-WORK-1520
鲍里斯·戈都诺夫.md,鲍里斯·戈都诺夫,普希金,,T3,T3 19世纪现代文学体系,,REVIEW,缺少可机器读取的 year；需要按成书/定稿/首次发表史人工核验,自动通过,WL-WORK-1335
鲍里斯·达维多维奇之墓.md,鲍里斯·达维多维奇之墓,达尼洛·基什,,T5,T5 二战后多极文学,,REVIEW,缺少可机器读取的 year；需要按成书/定稿/首次发表史人工核验,自动通过,WL-WORK-1923
鸟的会议.md,鸟的会议,阿塔尔,,T1,T1 中古多中心文学世界,,REVIEW,缺少可机器读取的 year；需要按成书/定稿/首次发表史人工核验,需复核,WL-WORK-2822
鸦之死.md,鸦之死,金石范,,T5,T5 二战后多极文学,,REVIEW,缺少可机器读取的 year；需要按成书/定稿/首次发表史人工核验,自动通过,WL-WORK-1926
鸦片战争.md,鸦片战争,匡灵秀,,T6,T6 当代全球文学,,REVIEW,缺少可机器读取的 year；需要按成书/定稿/首次发表史人工核验,自动通过,WL-WORK-0891
鹤.md,鹤,黄顺元,,T5,T5 二战后多极文学,,REVIEW,缺少可机器读取的 year；需要按成书/定稿/首次发表史人工核验,自动通过,WL-WORK-1927
鹤惊昆仑.md,鹤惊昆仑,还珠楼主,,T4,T4 全球现代主义时代,,REVIEW,缺少可机器读取的 year；需要按成书/定稿/首次发表史人工核验,自动通过,WL-WORK-2653
鹿苑长春.md,鹿苑长春,玛乔丽·金南·罗林斯,,T4,T4 全球现代主义时代,,REVIEW,缺少可机器读取的 year；需要按成书/定稿/首次发表史人工核验,需复核,WL-WORK-2975
鹿鼎记.md,鹿鼎记,金庸,,T5,T5 二战后多极文学,,REVIEW,缺少可机器读取的 year；需要按成书/定稿/首次发表史人工核验,自动通过,WL-WORK-2655
麦克梯格.md,麦克梯格,弗兰克·诺里斯,,T3,T3 19世纪现代文学体系,,REVIEW,缺少可机器读取的 year；需要按成书/定稿/首次发表史人工核验,手工核验,WL-WORK-M2-1F595071EBD7
麦克白.md,麦克白,威廉·莎士比亚,,T2,T2 早期现代文学,,REVIEW,缺少可机器读取的 year；需要按成书/定稿/首次发表史人工核验,需复核,WL-WORK-2826
麦泽廷钢版画.md,麦泽廷钢版画,M.R.詹姆斯,,T4,T4 全球现代主义时代,,REVIEW,缺少可机器读取的 year；需要按成书/定稿/首次发表史人工核验,自动通过,WL-WORK-0893
麦琪姑娘.md,麦琪姑娘,斯蒂芬·克莱恩,,T3,T3 19世纪现代文学体系,,REVIEW,缺少可机器读取的 year；需要按成书/定稿/首次发表史人工核验,手工核验,WL-WORK-M2-CDA212861CD7
麦琪的礼物.md,麦琪的礼物,欧·亨利,,T4,T4 全球现代主义时代,,REVIEW,缺少可机器读取的 year；需要按成书/定稿/首次发表史人工核验,个人补录,WL-WORK-2701
麦田里的守望者.md,麦田里的守望者,J.D.塞林格,,T5,T5 二战后多极文学,,REVIEW,缺少可机器读取的 year；需要按成书/定稿/首次发表史人工核验,自动通过,WL-WORK-1337
黄昏清兵卫.md,黄昏清兵卫,藤泽周平,,T6,T6 当代全球文学,,REVIEW,缺少可机器读取的 year；需要按成书/定稿/首次发表史人工核验,自动通过,WL-WORK-2656
黄河东流去.md,黄河东流去,李准,,T6,T6 当代全球文学,,REVIEW,缺少可机器读取的 year；需要按成书/定稿/首次发表史人工核验,需复核,WL-WORK-2860
黄狗.md,黄狗,乔治·西默农,,T5,T5 二战后多极文学,,REVIEW,缺少可机器读取的 year；需要按成书/定稿/首次发表史人工核验,自动通过,WL-WORK-0228
黄色紧身衣骑士.md,黄色紧身衣骑士,阿图罗·佩雷斯-雷维特,,T6,T6 当代全球文学,,REVIEW,缺少可机器读取的 year；需要按成书/定稿/首次发表史人工核验,自动通过,WL-WORK-2657
黄金罗盘.md,黄金罗盘,菲利普·普尔曼,,T6,T6 当代全球文学,,REVIEW,缺少可机器读取的 year；需要按成书/定稿/首次发表史人工核验,自动通过,WL-WORK-0896
黄雀记.md,黄雀记,苏童,,T6,T6 当代全球文学,,REVIEW,缺少可机器读取的 year；需要按成书/定稿/首次发表史人工核验,需复核,WL-WORK-2886
黎凡特海盗.md,黎凡特海盗,阿图罗·佩雷斯-雷维特,,T6,T6 当代全球文学,,REVIEW,缺少可机器读取的 year；需要按成书/定稿/首次发表史人工核验,自动通过,WL-WORK-2658
黎明.md,黎明,奥克塔维娅·巴特勒,,T6,T6 当代全球文学,,REVIEW,缺少可机器读取的 year；需要按成书/定稿/首次发表史人工核验,自动通过,WL-WORK-0361
黎明前的几小时.md,黎明前的几小时,西莉亚·弗雷姆林,,T5,T5 二战后多极文学,,REVIEW,缺少可机器读取的 year；需要按成书/定稿/首次发表史人工核验,需复核,WL-WORK-3088
黑与蓝.md,黑与蓝,伊恩·兰金,,T6,T6 当代全球文学,,REVIEW,缺少可机器读取的 year；需要按成书/定稿/首次发表史人工核验,自动通过,WL-WORK-0112
黑夜有千只眼.md,黑夜有千只眼,康奈尔·伍尔里奇,,T5,T5 二战后多极文学,,REVIEW,缺少可机器读取的 year；需要按成书/定稿/首次发表史人工核验,自动通过,WL-WORK-0082
黑孩子.md,黑孩子,理查德·赖特,,T5,T5 二战后多极文学,,REVIEW,缺少可机器读取的 year；需要按成书/定稿/首次发表史人工核验,自动通过,WL-WORK-1338
黑暗中的旅程.md,黑暗中的旅程,马丁·弗拉文,,T4,T4 全球现代主义时代,,REVIEW,缺少可机器读取的 year；需要按成书/定稿/首次发表史人工核验,需复核,WL-WORK-2978
黑暗塔I：枪侠.md,黑暗塔I：枪侠,斯蒂芬·金,,T6,T6 当代全球文学,,REVIEW,缺少可机器读取的 year；需要按成书/定稿/首次发表史人工核验,自动通过,WL-WORK-0901
黑暗森林.md,黑暗森林,刘慈欣,,T6,T6 当代全球文学,,REVIEW,缺少可机器读取的 year；需要按成书/定稿/首次发表史人工核验,自动通过,WL-WORK-0463
黑暗的左手.md,黑暗的左手,厄休拉·勒古恩,,T5,T5 二战后多极文学,,REVIEW,缺少可机器读取的 year；需要按成书/定稿/首次发表史人工核验,自动通过,WL-WORK-0353
黑暗的心.md,黑暗的心,约瑟夫·康拉德,,T4,T4 全球现代主义时代,,REVIEW,缺少可机器读取的 year；需要按成书/定稿/首次发表史人工核验,自动通过,WL-WORK-0903
黑暗的速度.md,黑暗的速度,伊丽莎白·穆恩,,T6,T6 当代全球文学,,REVIEW,缺少可机器读取的 year；需要按成书/定稿/首次发表史人工核验,需复核,WL-WORK-2947
黑杜德利庄园的罪恶.md,黑杜德利庄园的罪恶,玛杰里·阿林厄姆,,T4,T4 全球现代主义时代,,REVIEW,缺少可机器读取的 year；需要按成书/定稿/首次发表史人工核验,自动通过,WL-WORK-0056
黑樱桃蓝调.md,黑樱桃蓝调,詹姆斯·李·伯克,,T6,T6 当代全球文学,,REVIEW,缺少可机器读取的 year；需要按成书/定稿/首次发表史人工核验,需复核,WL-WORK-3116
黑海岸女王.md,黑海岸女王,罗伯特·E.霍华德,,T4,T4 全球现代主义时代,,REVIEW,缺少可机器读取的 year；需要按成书/定稿/首次发表史人工核验,自动通过,WL-WORK-0904
黑海盗.md,黑海盗,埃米利奥·萨尔加里,,T4,T4 全球现代主义时代,,REVIEW,缺少可机器读取的 year；需要按成书/定稿/首次发表史人工核验,自动通过,WL-WORK-2659
黑牢城.md,黑牢城,米泽穗信,,T6,T6 当代全球文学,,REVIEW,缺少可机器读取的 year；需要按成书/定稿/首次发表史人工核验,自动通过,WL-WORK-0202
黑猫.md,黑猫,爱伦·坡,,T3,T3 19世纪现代文学体系,,REVIEW,缺少可机器读取的 year；需要按成书/定稿/首次发表史人工核验,自动通过,WL-WORK-0905
黑珍珠.md,黑珍珠,阿马多·内尔沃,,T3,T3 19世纪现代文学体系,,REVIEW,缺少可机器读取的 year；需要按成书/定稿/首次发表史人工核验,手工核验,WL-WORK-M2-4738F239713C
黑箭.md,黑箭,罗伯特·路易斯·史蒂文森,,T3,T3 19世纪现代文学体系,,REVIEW,缺少可机器读取的 year；需要按成书/定稿/首次发表史人工核验,自动通过,WL-WORK-0906
黑羊.md,黑羊,乔吉特·海耶,,T5,T5 二战后多极文学,,REVIEW,缺少可机器读取的 year；需要按成书/定稿/首次发表史人工核验,自动通过,WL-WORK-2150
黑色回声.md,黑色回声,迈克尔·康奈利,,T6,T6 当代全球文学,,REVIEW,缺少可机器读取的 year；需要按成书/定稿/首次发表史人工核验,自动通过,WL-WORK-0109
黑色大丽花.md,黑色大丽花,詹姆斯·埃尔罗伊,,T6,T6 当代全球文学,,REVIEW,缺少可机器读取的 year；需要按成书/定稿/首次发表史人工核验,自动通过,WL-WORK-0096
黑色皮箱.md,黑色皮箱,鲇川哲也,,T5,T5 二战后多极文学,,REVIEW,缺少可机器读取的 year；需要按成书/定稿/首次发表史人工核验,自动通过,WL-WORK-0159
黑衣新娘.md,黑衣新娘,康奈尔·伍尔里奇,,T4,T4 全球现代主义时代,,REVIEW,缺少可机器读取的 year；需要按成书/定稿/首次发表史人工核验,自动通过,WL-WORK-0081
黑豹，红狼.md,黑豹，红狼,马龙·詹姆斯,,T6,T6 当代全球文学,,REVIEW,缺少可机器读取的 year；需要按成书/定稿/首次发表史人工核验,自动通过,WL-WORK-0909
黑雨.md,黑雨,井伏鳟二,,T5,T5 二战后多极文学,,REVIEW,缺少可机器读取的 year；需要按成书/定稿/首次发表史人工核验,自动通过,WL-WORK-1339
齿轮.md,齿轮,川端康成,,T4,T4 全球现代主义时代,,REVIEW,缺少可机器读取的 year；需要按成书/定稿/首次发表史人工核验,自动通过,WL-WORK-1930
龙族.md,龙族,江南,,T6,T6 当代全球文学,,REVIEW,缺少可机器读取的 year；需要按成书/定稿/首次发表史人工核验,个人补录,WL-WORK-2743
龙牙.md,龙牙,厄普顿·辛克莱,,T4,T4 全球现代主义时代,,REVIEW,缺少可机器读取的 year；需要按成书/定稿/首次发表史人工核验,需复核,WL-WORK-2977
龙虎斗京华.md,龙虎斗京华,还珠楼主,,T4,T4 全球现代主义时代,,REVIEW,缺少可机器读取的 year；需要按成书/定稿/首次发表史人工核验,自动通过,WL-WORK-2660
龙蛋.md,龙蛋,罗伯特·L.福沃德,,T6,T6 当代全球文学,,REVIEW,缺少可机器读取的 year；需要按成书/定稿/首次发表史人工核验,自动通过,WL-WORK-0370
龙马行.md,龙马行,司马辽太郎,,T5,T5 二战后多极文学,,REVIEW,缺少可机器读取的 year；需要按成书/定稿/首次发表史人工核验,自动通过,WL-WORK-1341
