work,id,t,axis_t,axis_r,axis_m,axis_g,axis_q,priority,axis_t_source,axis_r_source,axis_m_source,axis_g_source,axis_q_source,priority_source
1914 and Other Poems.md,WL-WORK-1931,T4,T4 全球现代主义时代,R4 欧洲文学,M3 现代主义与先锋派,G3 小说,QH6 战争、暴力与创伤,★,existing,existing,existing,existing,existing,existing
1984.md,WL-WORK-0488,T5,T5 二战后多极文学,R4 欧洲文学,M4 政治、民族与文化运动,G3 小说,QT2 科幻 | QT6 乌托邦、反乌托邦与社会想象 | QH1 自我、存在与生命 | QH5 权力、制度与秩序,★,existing,existing,existing,existing,existing,existing
1988：我想和这个世界谈谈.md,WL-WORK-2667,T6,T6 当代全球文学,R2 东亚文学,M5 战后与当代美学范式,G3 小说,QH1 自我、存在与生命 | QH2.3 家庭与家族 | QH2.5 童年与成长,△,existing,existing,existing,existing,existing,existing
1Q84.md,WL-WORK-2668,T6,T6 当代全球文学,R2 东亚文学,M5 战后与当代美学范式,G3 小说,QH1 自我、存在与生命 | QH2.1 爱情与欲望 | QH2.5 童年与成长,△,existing,existing,existing,existing,existing,existing
2001：太空漫游.md,WL-WORK-0309,T5,T5 二战后多极文学,R4 欧洲文学,M5 战后与当代美学范式,G3 小说,QT2 科幻,△,existing,existing,existing,existing,existing,existing
2312.md,WL-WORK-2951,T6,T6 当代全球文学,R5 北美文学,M5 战后与当代美学范式,G3 小说,QH3 身份、身体与归属,△,existing,existing,existing,existing,t_default,existing
24个比利.md,WL-WORK-2765,T6,T6 当代全球文学,R5 北美文学,M5 战后与当代美学范式,G3 小说,QH1 自我、存在与生命 | QH2.5 童年与成长 | QH3.1 性别与身体,△,existing,existing,existing,existing,existing,existing
2666.md,WL-WORK-1522,T6,T6 当代全球文学,R6 拉丁美洲与加勒比,M5 战后与当代美学范式,G3 小说,QH3 身份、身体与归属,★,existing,existing,existing,existing,t_default,existing
64.md,WL-WORK-0174,T6,T6 当代全球文学,R2 东亚文学,M5 战后与当代美学范式,G3 小说,QT1 推理与犯罪叙事,△,existing,existing,existing,existing,existing,existing
82年生的金智英.md,WL-WORK-2669,T6,T6 当代全球文学,R2 东亚文学,M5 战后与当代美学范式,G3 小说,QH2.5 童年与成长 | QH3.1 性别与身体 | QH4 社会、阶级与劳动,△,existing,existing,existing,existing,existing,existing
A Boy's Own Story.md,WL-WORK-0913,T6,T6 当代全球文学,R5 北美文学,M5 战后与当代美学范式,G3 小说,QH2.5 童年与成长,★,existing,existing,existing,existing,existing,existing
A Court of Thorns and Roses.md,WL-WORK-1933,T6,T6 当代全球文学,R5 北美文学,M5 战后与当代美学范式,G3 小说,QH2.1 爱情与欲望,△,existing,existing,existing,existing,existing,existing
A General History of the Pyrates.md,WL-WORK-2152,T2,T2 早期现代文学,R4 欧洲文学,M1 早期现代思想与美学,G3 小说,QT8 英雄、边疆与法外者文化传统 | QT8.8 海盗,★,existing,existing,existing,existing,existing,existing
A Head Full of Ghosts.md,WL-WORK-0489,T6,T6 当代全球文学,R5 北美文学,M5 战后与当代美学范式,G3 小说,QT4 恐怖与哥特,★,existing,existing,existing,existing,existing,existing
A Hunger Like No Other.md,WL-WORK-1934,T6,T6 当代全球文学,R5 北美文学,M5 战后与当代美学范式,G3 小说,QH2.1 爱情与欲望,◆,existing,existing,existing,existing,existing,existing
A Lady's Life in the Rocky Mountains.md,WL-WORK-1342,T3,T3 19世纪现代文学体系,R4 欧洲文学,M2 19世纪文学思潮,G6 纪实与文学非虚构,QT14 旅行与游记,★,existing,existing,existing,existing,existing,existing
A Long Way Gone.md,WL-WORK-1935,T6,T6 当代全球文学,R7 非洲文学,M5 战后与当代美学范式,G3 小说,QH6 战争、暴力与创伤,△,existing,existing,existing,existing,existing,existing
A Man Called Horse.md,WL-WORK-2156,T5,T5 二战后多极文学,R5 北美文学,M5 战后与当代美学范式,G3 小说,QT8 英雄、边疆与法外者文化传统 | QT8.5 西部,★,existing,existing,existing,existing,existing,existing
A New Voyage Round the World.md,WL-WORK-0490,T2,T2 早期现代文学,R4 欧洲文学,M1 早期现代思想与美学,G3 小说,QT5 冒险与探索叙事 | QT8 英雄、边疆与法外者文化传统 | QT8.8 海盗,★,existing,existing,existing,existing,existing,existing
A Princess in Theory.md,WL-WORK-1936,T6,T6 当代全球文学,R5 北美文学,M5 战后与当代美学范式,G3 小说,QH2.1 爱情与欲望,★,existing,existing,existing,existing,existing,existing
A Rumor of War.md,WL-WORK-1937,T5,T5 二战后多极文学,R5 北美文学,M5 战后与当代美学范式,G3 小说,QH6 战争、暴力与创伤,△,existing,existing,existing,existing,existing,existing
A Small Place.md,WL-WORK-1343,T6,T6 当代全球文学,R6 拉丁美洲与加勒比,M5 战后与当代美学范式,G6 纪实与文学非虚构,QT14 旅行与游记,★,existing,existing,existing,existing,existing,existing
A Time of Gifts.md,WL-WORK-1344,T5,T5 二战后多极文学,R4 欧洲文学,M5 战后与当代美学范式,G6 纪实与文学非虚构,QT14 旅行与游记,★,existing,existing,existing,existing,existing,existing
A Tour on the Prairies.md,WL-WORK-2157,T3,T3 19世纪现代文学体系,R5 北美文学,M2 19世纪文学思潮,G3 小说,QT8 英雄、边疆与法外者文化传统 | QT8.5 西部,△,existing,existing,existing,existing,existing,existing
A Woman's Journey Round the World.md,WL-WORK-1345,T3,T3 19世纪现代文学体系,R4 欧洲文学,M2 19世纪文学思潮,G6 纪实与文学非虚构,QT14 旅行与游记,★,existing,existing,existing,existing,existing,existing
ABC谋杀案.md,WL-WORK-0025,T4,T4 全球现代主义时代,R4 欧洲文学,M3 现代主义与先锋派,G3 小说,QT1 推理与犯罪叙事,△,existing,existing,existing,existing,existing,existing
Across the Black Waters.md,WL-WORK-1938,T4,T4 全球现代主义时代,R3 南亚文学,M3 现代主义与先锋派,G3 小说,QH6 战争、暴力与创伤,△,existing,existing,existing,existing,existing,existing
All You Need Is Kill.md,WL-WORK-0418,T6,T6 当代全球文学,R2 东亚文学,M5 战后与当代美学范式,G3 小说,QT2 科幻,△,existing,existing,existing,existing,existing,existing
Allan Quatermain.md,WL-WORK-0492,T3,T3 19世纪现代文学体系,R4 欧洲文学,M2 19世纪文学思潮,G3 小说,QT5 冒险与探索叙事,△,existing,existing,existing,existing,existing,existing
Almanac of the Dead.md,WL-WORK-2159,T6,T6 当代全球文学,R5 北美文学,M5 战后与当代美学范式,G3 小说,QT8 英雄、边疆与法外者文化传统 | QT8.5 西部,★,existing,existing,existing,existing,existing,existing
Always Only You.md,WL-WORK-1939,T6,T6 当代全球文学,R2 东亚文学,M5 战后与当代美学范式,G3 小说,QH2.1 爱情与欲望,◆,existing,existing,existing,existing,existing,existing
America Is in the Heart.md,WL-WORK-0914,T5,T5 二战后多极文学,R5 北美文学 | R8 东南亚文学,M5 战后与当代美学范式,G3 小说,QH2.5 童年与成长,★,existing,existing,existing,existing,existing,existing
Amsterdam.md,WL-WORK-3059,T6,T6 当代全球文学,R4 欧洲文学,M5 战后与当代美学范式,G3 小说,QH3 身份、身体与归属,△,existing,existing,existing,existing,t_default,existing
An Area of Darkness.md,WL-WORK-1348,T5,T5 二战后多极文学,R6 拉丁美洲与加勒比,M5 战后与当代美学范式,G6 纪实与文学非虚构,QT14 旅行与游记,△,existing,author_model,existing,existing,existing,existing
Angel Down.md,WL-WORK-3034,T6,T6 当代全球文学,R5 北美文学,M5 战后与当代美学范式,G3 小说,QH3 身份、身体与归属,△,existing,existing,existing,existing,t_default,existing
Aniceto el Gallo.md,WL-WORK-2160,T3,T3 19世纪现代文学体系,R6 拉丁美洲与加勒比,M2 19世纪文学思潮,G3 小说,QT8 英雄、边疆与法外者文化传统 | QT8.6 Gaucho,★,existing,existing,existing,existing,existing,existing
Anton Reiser.md,WL-WORK-0915,T2,T2 早期现代文学,R4 欧洲文学,M1 早期现代思想与美学,G3 小说,QH2.5 童年与成长,★,existing,existing,existing,existing,existing,existing
Anything for Billy.md,WL-WORK-2161,T6,T6 当代全球文学,R5 北美文学,M5 战后与当代美学范式,G3 小说,QT8 英雄、边疆与法外者文化传统 | QT8.7 侠盗,△,existing,existing,existing,existing,existing,existing
Arabella.md,WL-WORK-1940,T5,T5 二战后多极文学,R4 欧洲文学,M3 现代主义与先锋派,G3 小说,QH2.1 爱情与欲望,△,existing,existing,existing,existing,existing,existing
Arabian Sands.md,WL-WORK-1349,T5,T5 二战后多极文学,R4 欧洲文学,M5 战后与当代美学范式,G6 纪实与文学非虚构,QT14 旅行与游记,★,existing,existing,existing,existing,existing,existing
Astoria.md,WL-WORK-2163,T3,T3 19世纪现代文学体系,R5 北美文学,M2 19世纪文学思潮,G3 小说,QT8 英雄、边疆与法外者文化传统 | QT8.5 西部,△,existing,existing,existing,existing,existing,existing
"Astucia, el jefe de los Hermanos de la Hoja.md",WL-WORK-2164,T3,T3 19世纪现代文学体系,R6 拉丁美洲与加勒比,M2 19世纪文学思潮,G3 小说,QT8 英雄、边疆与法外者文化传统 | QT8.7 侠盗,◆,existing,existing,existing,existing,existing,existing
Audition.md,WL-WORK-0493,T6,T6 当代全球文学,R2 东亚文学,M5 战后与当代美学范式,G3 小说,QT4 恐怖与哥特,△,existing,existing,existing,existing,existing,existing
Auschwitz and After.md,WL-WORK-1941,T5,T5 二战后多极文学,R4 欧洲文学,M5 战后与当代美学范式,G3 小说,QH6 战争、暴力与创伤,★,existing,existing,existing,existing,existing,existing
Ayesha at Last.md,WL-WORK-1942,T6,T6 当代全球文学,R5 北美文学,M5 战后与当代美学范式,G3 小说,QH2.1 爱情与欲望,◆,existing,existing,existing,existing,existing,existing
A代表不在场证明.md,WL-WORK-0095,T6,T6 当代全球文学,R5 北美文学,M5 战后与当代美学范式,G3 小说,QT1 推理与犯罪叙事,△,existing,existing,existing,existing,existing,existing
Banalata Sen.md,WL-WORK-1524,T4,T4 全球现代主义时代,R3 南亚文学,M3.1 现代主义 / Modernism,G1 诗歌,QH5 权力、制度与秩序,◆,existing,existing,existing,existing,mechanism,existing
Bandits.md,WL-WORK-2165,T5,T5 二战后多极文学,R4 欧洲文学,M5 战后与当代美学范式,G3 小说,QT8 英雄、边疆与法外者文化传统 | QT8.7 侠盗,△,existing,existing,existing,existing,existing,existing
Bar-20.md,WL-WORK-2166,T4,T4 全球现代主义时代,R5 北美文学,M3 现代主义与先锋派,G3 小说,QT8 英雄、边疆与法外者文化传统 | QT8.5 西部,★,existing,existing,existing,existing,existing,existing
Bardelys the Magnificent.md,WL-WORK-2167,T4,T4 全球现代主义时代,R4 欧洲文学,M3 现代主义与先锋派,G3 小说,QT8 英雄、边疆与法外者文化传统 | QT8.4 欧洲剑客,△,existing,existing,existing,existing,existing,existing
Battle-Pieces.md,WL-WORK-1943,T3,T3 19世纪现代文学体系,R5 北美文学,M2 19世纪文学思潮,G3 小说,QH6 战争、暴力与创伤,△,existing,existing,existing,existing,existing,existing
Beach Read.md,WL-WORK-1944,T6,T6 当代全球文学,R5 北美文学,M5 战后与当代美学范式,G3 小说,QH2.1 爱情与欲望,★,existing,existing,existing,existing,existing,existing
Before I Let Go.md,WL-WORK-1945,T6,T6 当代全球文学,R5 北美文学,M5 战后与当代美学范式,G3 小说,QH2.1 爱情与欲望,★,existing,existing,existing,existing,existing,existing
Before She Sleeps.md,WL-WORK-0916,T6,T6 当代全球文学,R3 南亚文学,M5 战后与当代美学范式,G3 小说,QT6 乌托邦、反乌托邦与社会想象,◆,existing,existing,existing,existing,existing,existing
Before the Fall.md,WL-WORK-3143,T6,T6 当代全球文学,R5 北美文学,M5 战后与当代美学范式,G3 小说,QH3 身份、身体与归属,△,existing,existing,existing,existing,t_default,existing
Beirut Blues.md,WL-WORK-1946,T6,T6 当代全球文学,R1 西亚—地中海古老传统,M5 战后与当代美学范式,G3 小说,QH6 战争、暴力与创伤,★,existing,existing,existing,existing,existing,existing
Bellarion the Fortunate.md,WL-WORK-2168,T4,T4 全球现代主义时代,R4 欧洲文学,M3 现代主义与先锋派,G3 小说,QT8 英雄、边疆与法外者文化传统 | QT8.4 欧洲剑客,△,existing,existing,existing,existing,existing,existing
Benito Cereno.md,WL-WORK-2169,T3,T3 19世纪现代文学体系,R5 北美文学,M2 19世纪文学思潮,G3 小说,QT8 英雄、边疆与法外者文化传统 | QT8.8 海盗,△,existing,existing,existing,existing,existing,existing
Bet Me.md,WL-WORK-1947,T6,T6 当代全球文学,R5 北美文学,M5 战后与当代美学范式,G3 小说,QH2.1 爱情与欲望,★,existing,existing,existing,existing,existing,existing
Between the Woods and the Water.md,WL-WORK-1350,T6,T6 当代全球文学,R4 欧洲文学,M5 战后与当代美学范式,G6 纪实与文学非虚构,QT14 旅行与游记,★,existing,existing,existing,existing,existing,existing
Big Rock Candy Mountain.md,WL-WORK-2171,T4,T4 全球现代主义时代,R5 北美文学,M3 现代主义与先锋派,G3 小说,QT8 英雄、边疆与法外者文化传统 | QT8.5 西部,★,existing,existing,existing,existing,existing,existing
Black Lamb and Grey Falcon.md,WL-WORK-1351,T4,T4 全球现代主义时代,R4 欧洲文学,M3 现代主义与先锋派,G6 纪实与文学非虚构,QT14 旅行与游记,△,existing,existing,existing,existing,existing,existing
"Black Leopard, Red Wolf.md",WL-WORK-2173,T6,T6 当代全球文学,R5 北美文学,M5 战后与当代美学范式,G3 小说,QT8 英雄、边疆与法外者文化传统 | QT8.8 海盗,△,existing,t_default,existing,existing,existing,existing
"Bless Me, Ultima.md",WL-WORK-2174,T5,T5 二战后多极文学,R5 北美文学 | R5 北美文学,M5 战后与当代美学范式,G3 小说,QT8 英雄、边疆与法外者文化传统 | QT8.5 西部,★,existing,existing,existing,existing,existing,existing
Blue Heaven.md,WL-WORK-3135,T6,T6 当代全球文学,R5 北美文学,M5 战后与当代美学范式,G3 小说,QH3 身份、身体与归属,△,existing,existing,existing,existing,t_default,existing
Bones.md,WL-WORK-3126,T6,T6 当代全球文学,R5 北美文学,M5 战后与当代美学范式,G3 小说,QH3 身份、身体与归属,△,existing,existing,existing,existing,t_default,existing
Book Lovers.md,WL-WORK-1949,T6,T6 当代全球文学,R5 北美文学,M5 战后与当代美学范式,G3 小说,QH2.1 爱情与欲望,◆,existing,existing,existing,existing,existing,existing
Borderlands ／ La Frontera.md,WL-WORK-2175,T6,T6 当代全球文学,R5 北美文学 | R5 北美文学,M5 战后与当代美学范式,G3 小说,QT8 英雄、边疆与法外者文化传统 | QT8.5 西部,△,existing,existing,existing,existing,existing,existing
Boyfriend Material.md,WL-WORK-1950,T6,T6 当代全球文学,R4 欧洲文学,M5 战后与当代美学范式,G3 小说,QH2.1 爱情与欲望,★,existing,existing,existing,existing,existing,existing
Bread Givers.md,WL-WORK-0917,T4,T4 全球现代主义时代,R5 北美文学,M3 现代主义与先锋派,G3 小说,QH2.5 童年与成长,★,existing,existing,existing,existing,existing,existing
Buffalo Wagons.md,WL-WORK-2177,T5,T5 二战后多极文学,R5 北美文学,M5 战后与当代美学范式,G3 小说,QT8 英雄、边疆与法外者文化传统 | QT8.5 西部,◆,existing,existing,existing,existing,existing,existing
Bugles in the Afternoon.md,WL-WORK-2178,T4,T4 全球现代主义时代,R5 北美文学,M3 现代主义与先锋派,G3 小说,QT8 英雄、边疆与法外者文化传统 | QT8.5 西部,◆,existing,existing,existing,existing,existing,existing
Burnt Offerings.md,WL-WORK-0494,T5,T5 二战后多极文学,R5 北美文学,M5 战后与当代美学范式,G3 小说,QT4 恐怖与哥特,★,existing,existing,existing,existing,existing,existing
Butcher's Crossing.md,WL-WORK-2179,T5,T5 二战后多极文学,R5 北美文学,M5 战后与当代美学范式,G3 小说,QT8 英雄、边疆与法外者文化传统 | QT8.5 西部,★,existing,existing,existing,existing,existing,existing
California Girl.md,WL-WORK-3131,T6,T6 当代全球文学,R5 北美文学,M5 战后与当代美学范式,G3 小说,QH3 身份、身体与归属,△,existing,existing,existing,existing,t_default,existing
Cancioneiro Guasca.md,WL-WORK-2180,T4,T4 全球现代主义时代,R6 拉丁美洲与加勒比,M3 现代主义与先锋派,G3 小说,QT8 英雄、边疆与法外者文化传统 | QT8.6 Gaucho,◆,existing,existing,existing,existing,existing,existing
Captain Singleton.md,WL-WORK-2182,T2,T2 早期现代文学,R4 欧洲文学,M1 早期现代思想与美学,G3 小说,QT8 英雄、边疆与法外者文化传统 | QT8.8 海盗,△,existing,existing,existing,existing,existing,existing
Casos do Romualdo.md,WL-WORK-2183,T4,T4 全球现代主义时代,R6 拉丁美洲与加勒比,M3 现代主义与先锋派,G3 小说,QT8 英雄、边疆与法外者文化传统 | QT8.6 Gaucho,◆,existing,existing,existing,existing,existing,existing
Ceremony.md,WL-WORK-0918,T5,T5 二战后多极文学,R5 北美文学 | R5 北美文学,M5 战后与当代美学范式,G3 小说,QT7 历史叙事 | QT8 英雄、边疆与法外者文化传统 | QT8.5 西部,★,existing,existing,existing,existing,existing,existing
Certain Dark Things.md,WL-WORK-0495,T6,T6 当代全球文学,R6 拉丁美洲与加勒比,M5 战后与当代美学范式,G3 小说,QT4 恐怖与哥特,★,existing,existing,existing,existing,existing,existing
Chemmeen.md,WL-WORK-R3-18224226,T5,T5 二战后多极文学,R3 南亚文学,M5 战后与当代美学范式,G3 小说,QH6 战争、暴力与创伤,◆,existing,existing,t_default,t_default,t_default,other_topic
Cligès.md,WL-WORK-2185,T1,T1 中古多中心文学世界,R4 欧洲文学,,G3 小说,QT8 英雄、边疆与法外者文化传统 | QT8.2 欧洲骑士,△,existing,existing,not_applicable_pre_modern,existing,existing,existing
Close Range.md,WL-WORK-2186,T6,T6 当代全球文学,R5 北美文学,M5 战后与当代美学范式,G3 小说,QT8 英雄、边疆与法外者文化传统 | QT8.5 西部,△,existing,existing,existing,existing,existing,existing
Cockfight.md,WL-WORK-0496,T6,T6 当代全球文学,R6 拉丁美洲与加勒比,M5 战后与当代美学范式,G3 小说,QT4 恐怖与哥特,★,existing,existing,existing,existing,existing,existing
"Cogewea, the Half-Blood.md",WL-WORK-2188,T4,T4 全球现代主义时代,R5 北美文学,M3 现代主义与先锋派,G3 小说,QT8 英雄、边疆与法外者文化传统 | QT8.5 西部,★,existing,existing,existing,existing,existing,existing
Cogewea.md,WL-WORK-2187,T4,T4 全球现代主义时代,R5 北美文学,M3 现代主义与先锋派,G3 小说,QT8 英雄、边疆与法外者文化传统 | QT8.5 西部,△,existing,existing,existing,existing,existing,existing
Color.md,WL-WORK-1527,T4,T4 全球现代主义时代,R5 北美文学,M3.1 现代主义 / Modernism,G1 诗歌,QH1 自我、存在与生命,◆,existing,existing,existing,existing,t_default,existing
Comanche Moon.md,WL-WORK-2189,T6,T6 当代全球文学,R5 北美文学,M5 战后与当代美学范式,G3 小说,QT8 英雄、边疆与法外者文化传统 | QT8.5 西部,△,existing,existing,existing,existing,existing,existing
Contos Gauchescos.md,WL-WORK-2190,T4,T4 全球现代主义时代,R6 拉丁美洲与加勒比,M3 现代主义与先锋派,G3 小说,QT8 英雄、边疆与法外者文化传统 | QT8.6 Gaucho,★,existing,existing,existing,existing,existing,existing
Cotillion.md,WL-WORK-1951,T5,T5 二战后多极文学,R4 欧洲文学,M3 现代主义与先锋派,G3 小说,QH2.1 爱情与欲望,△,existing,existing,existing,existing,existing,existing
Count Hannibal.md,WL-WORK-2192,T4,T4 全球现代主义时代,R4 欧洲文学,M3 现代主义与先锋派,G3 小说,QT8 英雄、边疆与法外者文化传统 | QT8.4 欧洲剑客,◆,existing,existing,existing,existing,existing,existing
Cowboy Songs and Other Frontier Ballads.md,WL-WORK-2193,T4,T4 全球现代主义时代,R5 北美文学,M3 现代主义与先锋派,G3 小说,QT8 英雄、边疆与法外者文化传统 | QT8.5 西部,△,existing,existing,existing,existing,existing,existing
Cracking India.md,WL-WORK-0919,T6,T6 当代全球文学,R3 南亚文学,M5 战后与当代美学范式,G3 小说,QT7 历史叙事,★,existing,existing,existing,existing,existing,existing
"Crick Crack, Monkey.md",WL-WORK-1528,T5,T5 二战后多极文学,R6 拉丁美洲与加勒比,M5 战后与当代美学范式,G3 小说,QH6 战争、暴力与创伤,★,existing,existing,existing,existing,topic_direct,existing
Cryptonomicon.md,WL-WORK-0920,T6,T6 当代全球文学,R5 北美文学,M5 战后与当代美学范式,G3 小说,QT7 历史叙事,△,existing,existing,existing,existing,existing,existing
Cycle of the Werewolf.md,WL-WORK-0497,T6,T6 当代全球文学,R5 北美文学,M5 战后与当代美学范式,G3 小说,QT4 恐怖与哥特,△,existing,existing,existing,existing,existing,existing
Dance Hall of the Dead.md,WL-WORK-2195,T5,T5 二战后多极文学,R5 北美文学,M5 战后与当代美学范式,G3 小说,QT8 英雄、边疆与法外者文化传统 | QT8.5 西部,★,existing,existing,existing,existing,existing,existing
Darangen.md,WL-WORK-1352,T1,T1 中古多中心文学世界,R3 南亚文学 | R8 东南亚文学,,G3 小说,QT9 神话、传说与民间叙事,△,existing,existing,not_applicable_pre_modern,existing,existing,existing
"Dark Continent, My Black Arse.md",WL-WORK-1353,T6,T6 当代全球文学,R7 非洲文学,M5 战后与当代美学范式,G6 纪实与文学非虚构,QT14 旅行与游记,★,existing,existing,existing,existing,existing,existing
Dark Fire.md,WL-WORK-0921,T6,T6 当代全球文学,R4 欧洲文学,M5 战后与当代美学范式,G3 小说,QT7 历史叙事,◆,existing,existing,existing,existing,existing,existing
Dark Lover.md,WL-WORK-1952,T6,T6 当代全球文学,R5 北美文学,M5 战后与当代美学范式,G3 小说,QH2.1 爱情与欲望,★,existing,existing,existing,existing,existing,existing
Dead in the West.md,WL-WORK-2196,T6,T6 当代全球文学,R5 北美文学,M5 战后与当代美学范式,G3 小说,QT8 英雄、边疆与法外者文化传统 | QT8.5 西部,★,existing,existing,existing,existing,existing,existing
Dead Man's Walk.md,WL-WORK-2197,T6,T6 当代全球文学,R5 北美文学,M5 战后与当代美学范式,G3 小说,QT8 英雄、边疆与法外者文化传统 | QT8.5 西部,△,existing,existing,existing,existing,existing,existing
Delilah Green Doesn't Care.md,WL-WORK-1953,T6,T6 当代全球文学,R5 北美文学,M5 战后与当代美学范式,G3 小说,QH2.1 爱情与欲望,★,existing,existing,existing,existing,existing,existing
Desert Gold.md,WL-WORK-2198,T4,T4 全球现代主义时代,R5 北美文学,M3 现代主义与先锋派,G3 小说,QT8 英雄、边疆与法外者文化传统 | QT8.5 西部,△,existing,existing,existing,existing,existing,existing
Desert Solitaire.md,WL-WORK-2199,T5,T5 二战后多极文学,R5 北美文学,M5 战后与当代美学范式,G3 小说,QT8 英雄、边疆与法外者文化传统 | QT8.5 西部,△,existing,existing,existing,existing,existing,existing
Destination Biafra.md,WL-WORK-1954,T6,T6 当代全球文学,R7 非洲文学,M5 战后与当代美学范式,G3 小说,QH6 战争、暴力与创伤,△,existing,existing,existing,existing,existing,existing
Devil in Winter.md,WL-WORK-1955,T6,T6 当代全球文学,R5 北美文学,M5 战后与当代美学范式,G3 小说,QH2.1 爱情与欲望,★,existing,existing,existing,existing,existing,existing
Diné Bahaneʼ：纳瓦霍创世故事.md,WL-WORK-1354,T6,T6 当代全球文学,R5 北美文学,M5 战后与当代美学范式,G3 小说,QT9 神话、传说与民间叙事,△,existing,existing,t_default,existing,existing,existing
Dispatches.md,WL-WORK-1956,T5,T5 二战后多极文学,R5 北美文学,M5 战后与当代美学范式,G3 小说,QH6 战争、暴力与创伤,△,existing,existing,existing,existing,existing,existing
Down River.md,WL-WORK-3134,T6,T6 当代全球文学,R5 北美文学,M5 战后与当代美学范式,G3 小说,QH3 身份、身体与归属,△,existing,existing,existing,existing,t_default,existing
Dragon Raja.md,WL-WORK-0498,T6,T6 当代全球文学,R2 东亚文学,M5 战后与当代美学范式,G3 小说,QT3 奇幻,△,existing,existing,existing,existing,existing,existing
Dreaming in Cuban.md,WL-WORK-0923,T6,T6 当代全球文学,R5 北美文学 | R6 拉丁美洲与加勒比 | R5 北美文学 | R6 拉丁美洲与加勒比,M5 战后与当代美学范式,G3 小说,QH2.3 家庭与家族,★,existing,existing,existing,existing,existing,existing
Drum-Taps.md,WL-WORK-1957,T3,T3 19世纪现代文学体系,R5 北美文学,M2 19世纪文学思潮,G3 小说,QH6 战争、暴力与创伤,△,existing,existing,existing,existing,existing,existing
Dungeon Crawler Carl.md,WL-WORK-0499,T6,T6 当代全球文学,R5 北美文学,M5 战后与当代美学范式,G3 小说,QT3 奇幻,★,existing,existing,existing,existing,existing,existing
D坂杀人事件.md,WL-WORK-0147,T4,T4 全球现代主义时代,R2 东亚文学,M3 现代主义与先锋派,G3 小说,QT1 推理与犯罪叙事,△,existing,existing,existing,existing,existing,existing
El escritor argentino y la tradición.md,WL-WORK-2203,T5,T5 二战后多极文学,R6 拉丁美洲与加勒比,M3 现代主义与先锋派,G3 小说,QT8 英雄、边疆与法外者文化传统 | QT8.6 Gaucho,△,existing,existing,existing,existing,existing,existing
El gaucho Martín Fierro.md,WL-WORK-2205,T3,T3 19世纪现代文学体系,R6 拉丁美洲与加勒比,M2 19世纪文学思潮,G3 小说,QT8 英雄、边疆与法外者文化传统 | QT8.6 Gaucho,★,existing,existing,existing,existing,existing,existing
El muerto.md,WL-WORK-2210,T5,T5 二战后多极文学,R6 拉丁美洲与加勒比,M3 现代主义与先锋派,G3 小说,QT8 英雄、边疆与法外者文化传统 | QT8.6 Gaucho,△,existing,existing,existing,existing,existing,existing
El Zarco.md,WL-WORK-2214,T3,T3 19世纪现代文学体系,R6 拉丁美洲与加勒比,M2 19世纪文学思潮,G3 小说,QT8 英雄、边疆与法外者文化传统 | QT8.7 侠盗,★,existing,existing,existing,existing,existing,existing
"Ema, la cautiva.md",WL-WORK-2216,T6,T6 当代全球文学,R6 拉丁美洲与加勒比,M5 战后与当代美学范式,G3 小说,QT8 英雄、边疆与法外者文化传统 | QT8.6 Gaucho,△,existing,existing,existing,existing,existing,existing
Enemy of God.md,WL-WORK-2217,T6,T6 当代全球文学,R4 欧洲文学,M5 战后与当代美学范式,G3 小说,QT8 英雄、边疆与法外者文化传统 | QT8.2 欧洲骑士,△,existing,existing,existing,existing,existing,existing
Erec et Enide.md,WL-WORK-2219,T1,T1 中古多中心文学世界,R4 欧洲文学,,G3 小说,QT8 英雄、边疆与法外者文化传统 | QT8.2 欧洲骑士,△,existing,existing,not_applicable_pre_modern,existing,existing,existing
Erec.md,WL-WORK-2218,T1,T1 中古多中心文学世界,R4 欧洲文学,,G3 小说,QT8 英雄、边疆与法外者文化传统 | QT8.2 欧洲骑士,★,existing,existing,not_applicable_pre_modern,existing,existing,existing
Excalibur.md,WL-WORK-2222,T6,T6 当代全球文学,R4 欧洲文学,M5 战后与当代美学范式,G3 小说,QT8 英雄、边疆与法外者文化传统 | QT8.2 欧洲骑士,△,existing,existing,existing,existing,existing,existing
Exquisite Corpse.md,WL-WORK-0500,T6,T6 当代全球文学,R5 北美文学,M5 战后与当代美学范式,G3 小说,QT4 恐怖与哥特,★,existing,existing,existing,existing,existing,existing
Facial Justice.md,WL-WORK-0924,T5,T5 二战后多极文学,R4 欧洲文学,M5 战后与当代美学范式,G3 小说,QT6 乌托邦、反乌托邦与社会想象,◆,existing,existing,existing,existing,existing,existing
Facundo／ Civilization and Barbarism.md,WL-WORK-2224,T3,T3 19世纪现代文学体系,R6 拉丁美洲与加勒比,M2 19世纪文学思潮,G3 小说,QT8 英雄、边疆与法外者文化传统 | QT8.6 Gaucho,△,existing,existing,existing,existing,existing,existing
Feed.md,WL-WORK-0925,T6,T6 当代全球文学,R5 北美文学,M5 战后与当代美学范式,G3 小说,QT6 乌托邦、反乌托邦与社会想象,◆,existing,existing,existing,existing,existing,existing
Flags on the Bayou.md,WL-WORK-3150,T6,T6 当代全球文学,R5 北美文学,M5 战后与当代美学范式,G3 小说,QH3 身份、身体与归属,△,existing,existing,existing,existing,t_default,existing
Flesh.md,WL-WORK-3082,T6,T6 当代全球文学,R4 欧洲文学,M5 战后与当代美学范式,G3 小说,QH3 身份、身体与归属,△,existing,existing,existing,existing,t_default,existing
Flint.md,WL-WORK-2228,T5,T5 二战后多极文学,R5 北美文学,M5 战后与当代美学范式,G3 小说,QT8 英雄、边疆与法外者文化传统 | QT8.5 西部,△,existing,existing,existing,existing,existing,existing
Fools Crow.md,WL-WORK-0926,T6,T6 当代全球文学,R5 北美文学,M5 战后与当代美学范式,G3 小说,QT7 历史叙事 | QT8 英雄、边疆与法外者文化传统 | QT8.5 西部,★,existing,existing,existing,existing,existing,existing
Forbidden.md,WL-WORK-1958,T6,T6 当代全球文学,R5 北美文学,M5 战后与当代美学范式,G3 小说,QH2.1 爱情与欲望,◆,existing,existing,existing,existing,existing,existing
Forfeit.md,WL-WORK-3097,T5,T5 二战后多极文学,R4 欧洲文学,M5 战后与当代美学范式,G3 小说,QH6 战争、暴力与创伤,△,existing,existing,existing,existing,mechanism,existing
Fortune's Fool.md,WL-WORK-2229,T4,T4 全球现代主义时代,R4 欧洲文学,M3 现代主义与先锋派,G3 小说,QT8 英雄、边疆与法外者文化传统 | QT8.4 欧洲剑客,△,existing,existing,existing,existing,existing,existing
Fourth Wing.md,WL-WORK-1959,T6,T6 当代全球文学,R5 北美文学,M5 战后与当代美学范式,G3 小说,QH2.1 爱情与欲望,★,existing,existing,existing,existing,existing,existing
Frenchman's Creek.md,WL-WORK-2230,T4,T4 全球现代主义时代,R4 欧洲文学,M3 现代主义与先锋派,G3 小说,QT8 英雄、边疆与法外者文化传统 | QT8.8 海盗,△,existing,existing,existing,existing,existing,existing
From a Crooked Rib.md,WL-WORK-0927,T5,T5 二战后多极文学,R7 非洲文学,M5 战后与当代美学范式,G3 小说,QH2.5 童年与成长,★,existing,existing,existing,existing,existing,existing
G.H.受难记.md,WL-WORK-1529,T5,T5 二战后多极文学,R6 拉丁美洲与加勒比,M5 战后与当代美学范式,G3 小说,QH6 战争、暴力与创伤,★,existing,existing,existing,existing,topic_direct,existing
G.（伯杰）.md,WL-WORK-3038,T5,T5 二战后多极文学,R4 欧洲文学,M5 战后与当代美学范式,G3 小说,QH6 战争、暴力与创伤,△,existing,existing,existing,existing,mechanism,existing
Games of Command.md,WL-WORK-1960,T6,T6 当代全球文学,R5 北美文学,M5 战后与当代美学范式,G3 小说,QH2.1 爱情与欲望,◆,existing,existing,existing,existing,existing,existing
Gamperaliya.md,WL-WORK-R3-52616232,T4,T4 全球现代主义时代,R3 南亚文学,M3 现代主义与先锋派,G3 小说,QH1 自我、存在与生命,◆,existing,existing,t_default,t_default,t_default,other_topic
Gestaltes en diere.md,WL-WORK-1530,T4,T4 全球现代主义时代,R7 非洲文学,M3.1 现代主义 / Modernism,G1 诗歌,QH5 权力、制度与秩序,◆,existing,existing,existing,existing,mechanism,existing
"Get a Life, Chloe Brown.md",WL-WORK-1961,T6,T6 当代全球文学,R4 欧洲文学,M5 战后与当代美学范式,G3 小说,QH2.1 爱情与欲望,★,existing,existing,existing,existing,existing,existing
Girls at War.md,WL-WORK-1962,T5,T5 二战后多极文学,R7 非洲文学,M5 战后与当代美学范式,G3 小说,QH6 战争、暴力与创伤,△,existing,existing,existing,existing,existing,existing
Gnomon.md,WL-WORK-0928,T6,T6 当代全球文学,R4 欧洲文学,M5 战后与当代美学范式,G3 小说,QT6 乌托邦、反乌托邦与社会想象,◆,existing,existing,existing,existing,existing,existing
God's Country.md,WL-WORK-2234,T6,T6 当代全球文学,R5 北美文学,M5 战后与当代美学范式,G3 小说,QT8 英雄、边疆与法外者文化传统 | QT8.5 西部,△,existing,existing,existing,existing,existing,existing
Gone.md,WL-WORK-3138,T6,T6 当代全球文学,R4 欧洲文学,M5 战后与当代美学范式,G3 小说,QH3 身份、身体与归属,△,existing,existing,existing,existing,t_default,existing
Grande Sertão／ Veredas.md,WL-WORK-2235,T5,T5 二战后多极文学,R6 拉丁美洲与加勒比,M5 战后与当代美学范式,G3 小说,QT8 英雄、边疆与法外者文化传统 | QT8.7 侠盗,◆,existing,existing,existing,existing,existing,existing
Greguerías.md,WL-WORK-1531,T4,T4 全球现代主义时代,R4 欧洲文学,M3.1 现代主义 / Modernism,G4 散文与随笔,QH1 自我、存在与生命,◆,existing,existing,existing,existing,t_default,existing
Harmonium.md,WL-WORK-1532,T4,T4 全球现代主义时代,R5 北美文学,M3.1 现代主义 / Modernism,G1 诗歌,QH1 自我、存在与生命,★,existing,existing,existing,existing,t_default,existing
Harvest Home.md,WL-WORK-0502,T2,T2 早期现代文学,R5 北美文学,M1 早期现代思想与美学,G3 小说,QT4 恐怖与哥特,★,existing,existing,existing,existing,existing,existing
Her Privates We.md,WL-WORK-1964,T4,T4 全球现代主义时代,R9 大洋洲与太平洋,M3 现代主义与先锋派,G3 小说,QH6 战争、暴力与创伤,★,existing,existing,existing,existing,existing,existing
Holiday.md,WL-WORK-3041,T5,T5 二战后多极文学,R4 欧洲文学,M5 战后与当代美学范式,G3 小说,QH6 战争、暴力与创伤,△,existing,existing,existing,existing,mechanism,existing
Hombre de la esquina rosada.md,WL-WORK-2238,T4,T4 全球现代主义时代,R6 拉丁美洲与加勒比,M3 现代主义与先锋派,G3 小说,QT8 英雄、边疆与法外者文化传统 | QT8.6 Gaucho,△,existing,existing,existing,existing,existing,existing
Hondo.md,WL-WORK-2239,T5,T5 二战后多极文学,R5 北美文学,M5 战后与当代美学范式,G3 小说,QT8 英雄、边疆与法外者文化传统 | QT8.5 西部,△,existing,existing,existing,existing,existing,existing
Hood.md,WL-WORK-2240,T6,T6 当代全球文学,R5 北美文学,M5 战后与当代美学范式,G3 小说,QT8 英雄、边疆与法外者文化传统 | QT8.7 侠盗,△,existing,existing,existing,existing,existing,existing
Hopscotch.md,WL-WORK-3102,T5,T5 二战后多极文学,R5 北美文学,M5 战后与当代美学范式,G3 小说,QH6 战争、暴力与创伤,△,existing,existing,existing,existing,mechanism,existing
Hormiga Negra.md,WL-WORK-2241,T3,T3 19世纪现代文学体系,R6 拉丁美洲与加勒比,M2 19世纪文学思潮,G3 小说,QT8 英雄、边疆与法外者文化传统 | QT8.6 Gaucho,★,existing,existing,existing,existing,existing,existing
"Horseman, Pass By.md",WL-WORK-2242,T5,T5 二战后多极文学,R5 北美文学,M5 战后与当代美学范式,G3 小说,QT8 英雄、边疆与法外者文化传统 | QT8.5 西部,△,existing,existing,existing,existing,existing,existing
House Made of Dawn.md,WL-WORK-2243,T5,T5 二战后多极文学,R5 北美文学 | R5 北美文学,M5 战后与当代美学范式,G3 小说,QT8 英雄、边疆与法外者文化传统 | QT8.5 西部,★,existing,existing,existing,existing,existing,existing
How Much of These Hills Is Gold.md,WL-WORK-2244,T6,T6 当代全球文学,R5 北美文学,M5 战后与当代美学范式,G3 小说,QT8 英雄、边疆与法外者文化传统 | QT8.5 西部,★,existing,existing,existing,existing,existing,existing
How the Soldier Repairs the Gramophone.md,WL-WORK-1965,T6,T6 当代全球文学,R4 欧洲文学,M5 战后与当代美学范式,G3 小说,QH6 战争、暴力与创伤,★,existing,existing,existing,existing,existing,existing
Human Sacrifices.md,WL-WORK-0503,T6,T6 当代全球文学,R6 拉丁美洲与加勒比,M5 战后与当代美学范式,G3 小说,QT4 恐怖与哥特,◆,existing,existing,existing,existing,existing,existing
Imperium.md,WL-WORK-0929,T6,T6 当代全球文学,R4 欧洲文学,M5 战后与当代美学范式,G3 小说,QT7 历史叙事,△,existing,existing,existing,existing,existing,existing
In an Antique Land.md,WL-WORK-1355,T6,T6 当代全球文学,R3 南亚文学,M5 战后与当代美学范式,G6 纪实与文学非虚构,QT14 旅行与游记,△,existing,existing,existing,existing,existing,existing
In Flanders Fields.md,WL-WORK-1967,T4,T4 全球现代主义时代,R5 北美文学,M3 现代主义与先锋派,G3 小说,QH6 战争、暴力与创伤,★,existing,existing,existing,existing,existing,existing
In Patagonia.md,WL-WORK-1356,T5,T5 二战后多极文学,R4 欧洲文学,M5 战后与当代美学范式,G6 纪实与文学非虚构,QT14 旅行与游记,△,existing,existing,existing,existing,existing,existing
In the Castle of My Skin.md,WL-WORK-0930,T5,T5 二战后多极文学,R6 拉丁美洲与加勒比,M5 战后与当代美学范式,G3 小说,QH2.5 童年与成长,◆,existing,existing,existing,existing,existing,existing
In the Distance.md,WL-WORK-2247,T6,T6 当代全球文学,R5 北美文学,M5 战后与当代美学范式,G3 小说,QT8 英雄、边疆与法外者文化传统 | QT8.5 西部,△,existing,existing,existing,existing,existing,existing
In the Miso Soup.md,WL-WORK-0504,T6,T6 当代全球文学,R2 东亚文学,M5 战后与当代美学范式,G3 小说,QT4 恐怖与哥特,△,existing,existing,existing,existing,existing,existing
India／ A Wounded Civilization.md,WL-WORK-1357,T5,T5 二战后多极文学,R6 拉丁美洲与加勒比,M5 战后与当代美学范式,G6 纪实与文学非虚构,QT14 旅行与游记,△,existing,author_model,existing,existing,existing,existing
Indigo.md,WL-WORK-1969,T6,T6 当代全球文学,R5 北美文学,M5 战后与当代美学范式,G3 小说,QH2.1 爱情与欲望,★,existing,existing,existing,existing,existing,existing
Indulekha.md,WL-WORK-T3-INDULEKHA,T3,T3 19世纪现代文学体系,R3 南亚文学,M2 19世纪文学思潮,G3 小说,QH2.1 爱情与欲望 | QH4 社会、阶级与劳动 | QH9 殖民、迁徙与身份,◆,existing,existing,existing,existing,existing,existing
Inland.md,WL-WORK-2248,T6,T6 当代全球文学,R5 北美文学,M5 战后与当代美学范式,G3 小说,QT8 英雄、边疆与法外者文化传统 | QT8.5 西部,★,existing,existing,existing,existing,existing,existing
invert 城塚翡翠倒叙集.md,WL-WORK-0209,T6,T6 当代全球文学,R2 东亚文学,M5 战后与当代美学范式,G3 小说,QT1 推理与犯罪叙事,△,existing,existing,existing,existing,existing,existing
It Had to Be You.md,WL-WORK-1970,T6,T6 当代全球文学,R5 北美文学,M5 战后与当代美学范式,G3 小说,QH2.1 爱情与欲望,△,existing,existing,existing,existing,existing,existing
Iwein.md,WL-WORK-2250,T1,T1 中古多中心文学世界,R4 欧洲文学,,G3 小说,QT8 英雄、边疆与法外者文化传统 | QT8.2 欧洲骑士,★,existing,existing,not_applicable_pre_modern,existing,existing,existing
İntibah.md,WL-WORK-R1-INTIBAH,T3,T3 19世纪现代文学体系,R1 西亚—地中海古老传统,M2 19世纪文学思潮,G3 小说,QH4 社会、阶级与劳动,◆,existing,existing,t_default,t_default,t_default,other_topic
J. Alfred Prufrock的情歌.md,WL-WORK-1533,T4,T4 全球现代主义时代,R4 欧洲文学,M3.1 现代主义 / Modernism,G1 诗歌,QH1 自我、存在与生命,△,existing,existing,existing,existing,t_default,existing
James.md,WL-WORK-3033,T6,T6 当代全球文学,R5 北美文学,M5 战后与当代美学范式,G3 小说,QH3 身份、身体与归属,△,existing,existing,existing,existing,t_default,existing
Jawbone.md,WL-WORK-0505,T6,T6 当代全球文学,R6 拉丁美洲与加勒比,M5 战后与当代美学范式,G3 小说,QT4 恐怖与哥特,★,existing,existing,existing,existing,existing,existing
Jennifer Government.md,WL-WORK-0931,T6,T6 当代全球文学,R9 大洋洲与太平洋,M5 战后与当代美学范式,G3 小说,QT6 乌托邦、反乌托邦与社会想象,◆,existing,existing,existing,existing,existing,existing
Jerilderie Letter.md,WL-WORK-2251,T3,T3 19世纪现代文学体系,R9 大洋洲与太平洋,M2 19世纪文学思潮,G3 小说,QT8 英雄、边疆与法外者文化传统 | QT8.7 侠盗,△,existing,existing,existing,existing,existing,existing
Johnnie Armstrong.md,WL-WORK-2252,T3,T3 19世纪现代文学体系,R4 欧洲文学,M2 19世纪文学思潮,G3 小说,QT8 英雄、边疆与法外者文化传统 | QT8.7 侠盗,△,existing,existing,existing,existing,existing,existing
Juan Cuello.md,WL-WORK-2254,T3,T3 19世纪现代文学体系,R6 拉丁美洲与加勒比,M2 19世纪文学思潮,G3 小说,QT8 英雄、边疆与法外者文化传统 | QT8.6 Gaucho,◆,existing,existing,existing,existing,existing,existing
Just Like Home.md,WL-WORK-0506,T6,T6 当代全球文学,R5 北美文学,M5 战后与当代美学范式,G3 小说,QT4 恐怖与哥特,◆,existing,existing,existing,existing,existing,existing
Kinmont Willie.md,WL-WORK-2257,T3,T3 19世纪现代文学体系,R4 欧洲文学,M2 19世纪文学思潮,G3 小说,QT8 英雄、边疆与法外者文化传统 | QT8.7 侠盗,△,existing,existing,existing,existing,existing,existing
Kumulipo.md,WL-WORK-1358,T2,T2 早期现代文学,R9 大洋洲与太平洋,M1 早期现代思想与美学,G3 小说,QT9 神话、传说与民间叙事,△,existing,existing,t_default,existing,existing,existing
La liebre.md,WL-WORK-2260,T6,T6 当代全球文学,R6 拉丁美洲与加勒比,M5 战后与当代美学范式,G3 小说,QT8 英雄、边疆与法外者文化传统 | QT8.6 Gaucho,△,existing,existing,existing,existing,existing,existing
La noche de los dones.md,WL-WORK-2261,T5,T5 二战后多极文学,R6 拉丁美洲与加勒比,M3 现代主义与先锋派,G3 小说,QT8 英雄、边疆与法外者文化传统 | QT8.6 Gaucho,△,existing,existing,existing,existing,existing,existing
La poesía gauchesca.md,WL-WORK-2262,T4,T4 全球现代主义时代,R6 拉丁美洲与加勒比,M3 现代主义与先锋派,G3 小说,QT8 英雄、边疆与法外者文化传统 | QT8.6 Gaucho,△,existing,existing,existing,existing,existing,existing
La vuelta de Martín Fierro.md,WL-WORK-2263,T3,T3 19世纪现代文学体系,R6 拉丁美洲与加勒比,M2 19世纪文学思潮,G3 小说,QT8 英雄、边疆与法外者文化传统 | QT8.6 Gaucho | QT8.7 侠盗,★,existing,existing,existing,existing,existing,existing
"Lancelot, the Knight of the Cart.md",WL-WORK-2266,T1,T1 中古多中心文学世界,R4 欧洲文学,,G3 小说,QT8 英雄、边疆与法外者文化传统 | QT8.2 欧洲骑士,△,existing,existing,not_applicable_pre_modern,existing,existing,existing
Lancelot.md,WL-WORK-2264,T1,T1 中古多中心文学世界,R4 欧洲文学,,G3 小说,QT8 英雄、边疆与法外者文化传统 | QT8.2 欧洲骑士,△,existing,existing,not_applicable_pre_modern,existing,existing,existing
Last of the Breed.md,WL-WORK-2268,T6,T6 当代全球文学,R5 北美文学,M5 战后与当代美学范式,G3 小说,QT8 英雄、边疆与法外者文化传统 | QT8.5 西部,△,existing,existing,existing,existing,existing,existing
Leaving Cheyenne.md,WL-WORK-2270,T5,T5 二战后多极文学,R5 北美文学,M5 战后与当代美学范式,G3 小说,QT8 英雄、边疆与法外者文化传统 | QT8.5 西部,△,existing,existing,existing,existing,existing,existing
Legion.md,WL-WORK-0507,T6,T6 当代全球文学,R5 北美文学,M5 战后与当代美学范式,G3 小说,QT4 恐怖与哥特,△,existing,existing,existing,existing,existing,existing
Less.md,WL-WORK-3026,T6,T6 当代全球文学,R5 北美文学,M5 战后与当代美学范式,G3 小说,QH3 身份、身体与归属,△,existing,existing,existing,existing,t_default,existing
"Letters Written during a Short Residence in Sweden, Norway, and Denmark.md",WL-WORK-1360,T2,T2 早期现代文学,R4 欧洲文学,M1 早期现代思想与美学,G6 纪实与文学非虚构,QT14 旅行与游记,★,existing,existing,existing,existing,existing,existing
Little Brother.md,WL-WORK-0935,T6,T6 当代全球文学,R5 北美文学,M5 战后与当代美学范式,G3 小说,QT6 乌托邦、反乌托邦与社会想象,△,existing,existing,existing,existing,existing,existing
Live by Night.md,WL-WORK-3139,T6,T6 当代全球文学,R5 北美文学,M5 战后与当代美学范式,G3 小说,QH3 身份、身体与归属,△,existing,existing,existing,existing,t_default,existing
Lone Women.md,WL-WORK-2274,T6,T6 当代全球文学,R5 北美文学,M5 战后与当代美学范式,G3 小说,QT8 英雄、边疆与法外者文化传统 | QT8.5 西部,★,existing,existing,existing,existing,existing,existing
Looking for Transwonderland／ Travels in Nigeria.md,WL-WORK-1361,T6,T6 当代全球文学,R7 非洲文学,M5 战后与当代美学范式,G6 纪实与文学非虚构,QT14 旅行与游记,★,existing,existing,existing,existing,existing,existing
Masterman Ready.md,WL-WORK-0510,T3,T3 19世纪现代文学体系,R4 欧洲文学,M2 19世纪文学思潮,G3 小说,QT5 冒险与探索叙事,◆,existing,existing,existing,existing,existing,existing
medium 灵媒侦探城塚翡翠.md,WL-WORK-0208,T6,T6 当代全球文学,R2 东亚文学,M5 战后与当代美学范式,G3 小说,QT1 推理与犯罪叙事,△,existing,existing,existing,existing,existing,existing
Men of Iron.md,WL-WORK-2281,T4,T4 全球现代主义时代,R5 北美文学,M3 现代主义与先锋派,G3 小说,QT8 英雄、边疆与法外者文化传统 | QT8.8 海盗,△,existing,existing,existing,existing,existing,existing
Micah Clarke.md,WL-WORK-2283,T3,T3 19世纪现代文学体系,R4 欧洲文学,M2 19世纪文学思潮,G3 小说,QT8 英雄、边疆与法外者文化传统 | QT8.4 欧洲剑客,△,existing,existing,existing,existing,existing,existing
Milkman.md,WL-WORK-3074,T6,T6 当代全球文学,R4 欧洲文学,M5 战后与当代美学范式,G3 小说,QH3 身份、身体与归属,△,existing,existing,existing,existing,t_default,existing
Missionary Travels and Researches in South Africa.md,WL-WORK-1362,T3,T3 19世纪现代文学体系,R4 欧洲文学,M2 19世纪文学思潮,G6 纪实与文学非虚构,QT14 旅行与游记,★,existing,existing,existing,existing,existing,existing
Moll Flanders.md,WL-WORK-2285,T2,T2 早期现代文学,R4 欧洲文学,M1 早期现代思想与美学,G3 小说,QT8 英雄、边疆与法外者文化传统 | QT8.7 侠盗 | QT8.8 海盗,△,existing,existing,existing,existing,existing,existing
Mongrels.md,WL-WORK-0511,T6,T6 当代全球文学,R5 北美文学,M5 战后与当代美学范式,G3 小说,QT4 恐怖与哥特,△,existing,existing,existing,existing,existing,existing
Monte Walsh.md,WL-WORK-2286,T5,T5 二战后多极文学,R5 北美文学,M5 战后与当代美学范式,G3 小说,QT8 英雄、边疆与法外者文化传统 | QT8.5 西部 | QT8.8 海盗,★,existing,existing,existing,existing,existing,existing
More Ghost Stories.md,WL-WORK-0512,T4,T4 全球现代主义时代,R4 欧洲文学,M3 现代主义与先锋派,G3 小说,QT4 恐怖与哥特,△,existing,existing,existing,existing,existing,existing
Morgante.md,WL-WORK-2287,T1,T1 中古多中心文学世界,R4 欧洲文学,,G3 小说,QT8 英雄、边疆与法外者文化传统 | QT8.2 欧洲骑士,★,existing,existing,not_applicable_pre_modern,existing,existing,existing
Moxyland.md,WL-WORK-0398,T6,T6 当代全球文学,R7 非洲文学,M5 战后与当代美学范式,G3 小说,QT2 科幻,△,existing,existing,existing,existing,existing,existing
My Soul to Keep.md,WL-WORK-0514,T6,T6 当代全球文学,R5 北美文学,M5 战后与当代美学范式,G3 小说,QT4 恐怖与哥特,△,existing,existing,existing,existing,existing,existing
Naufragios.md,WL-WORK-0515,T2,T2 早期现代文学,R5 北美文学,M1 早期现代思想与美学,G3 小说,QT5 冒险与探索叙事 | QT8 英雄、边疆与法外者文化传统 | QT8.5 西部 | QT14 旅行与游记,★,existing,existing,existing,existing,existing,existing
Nervous Conditions.md,WL-WORK-0936,T6,T6 当代全球文学,R7 非洲文学,M5 战后与当代美学范式,G3 小说,QH2.5 童年与成长,★,existing,existing,existing,existing,existing,existing
Nexus.md,WL-WORK-0399,T6,T6 当代全球文学,R5 北美文学,M5 战后与当代美学范式,G3 小说,QT2 科幻,△,existing,existing,existing,existing,existing,existing
Night Watch.md,WL-WORK-3032,T6,T6 当代全球文学,R5 北美文学,M5 战后与当代美学范式,G3 小说,QH3 身份、身体与归属,△,existing,existing,existing,existing,t_default,existing
Nine Coaches Waiting.md,WL-WORK-1975,T5,T5 二战后多极文学,R4 欧洲文学,M5 战后与当代美学范式,G3 小说,QH2.1 爱情与欲望,△,existing,existing,existing,existing,existing,existing
O Cabeleira.md,WL-WORK-2291,T3,T3 19世纪现代文学体系,R6 拉丁美洲与加勒比,M2 19世纪文学思潮,G3 小说,QT8 英雄、边疆与法外者文化传统 | QT8.7 侠盗,★,existing,existing,existing,existing,existing,existing
O Gaúcho.md,WL-WORK-2292,T3,T3 19世纪现代文学体系,R6 拉丁美洲与加勒比,M2 19世纪文学思潮,G3 小说,QT8 英雄、边疆与法外者文化传统 | QT8.6 Gaucho,★,existing,existing,existing,existing,existing,existing
Offshore.md,WL-WORK-3046,T5,T5 二战后多极文学,R4 欧洲文学,M5 战后与当代美学范式,G3 小说,QH6 战争、暴力与创伤,△,existing,existing,existing,existing,mechanism,existing
Old Bones.md,WL-WORK-3114,T6,T6 当代全球文学,R5 北美文学,M5 战后与当代美学范式,G3 小说,QH3 身份、身体与归属,△,existing,existing,existing,existing,t_default,existing
Open Season.md,WL-WORK-2295,T6,T6 当代全球文学,R5 北美文学,M5 战后与当代美学范式,G3 小说,QT8 英雄、边疆与法外者文化传统 | QT8.5 西部,△,existing,existing,existing,existing,existing,existing
Orbital.md,WL-WORK-3081,T6,T6 当代全球文学,R4 欧洲文学,M5 战后与当代美学范式,G3 小说,QH3 身份、身体与归属,△,existing,existing,existing,existing,t_default,existing
OUT.md,WL-WORK-0172,T6,T6 当代全球文学,R2 东亚文学,M5 战后与当代美学范式,G3 小说,QT1 推理与犯罪叙事,△,existing,existing,existing,existing,existing,existing
Ozidi Saga.md,WL-WORK-1363,T5,T5 二战后多极文学,R7 非洲文学,M5 战后与当代美学范式,G3 小说,QT9 神话、传说与民间叙事,△,existing,existing,t_default,existing,existing,existing
Passing.md,WL-WORK-3222,T4,T4 全球现代主义时代,R5 北美文学,M3.1 现代主义 / Modernism,G3 小说,QH5 权力、制度与秩序,★,existing,existing,existing,existing,mechanism,existing
People of the Book.md,WL-WORK-0938,T6,T6 当代全球文学,R5 北美文学,M5 战后与当代美学范式,G3 小说,QT7 历史叙事,△,existing,existing,existing,existing,existing,existing
"Perceval, the Story of the Grail.md",WL-WORK-2304,T1,T1 中古多中心文学世界,R4 欧洲文学,,G3 小说,QT8 英雄、边疆与法外者文化传统 | QT8.2 欧洲骑士,△,existing,existing,not_applicable_pre_modern,existing,existing,existing
Perceval.md,WL-WORK-2303,T1,T1 中古多中心文学世界,R4 欧洲文学,,G3 小说,QT8 英雄、边疆与法外者文化传统 | QT8.2 欧洲骑士,△,existing,existing,not_applicable_pre_modern,existing,existing,existing
Peregrine.md,WL-WORK-3108,T6,T6 当代全球文学,R5 北美文学,M5 战后与当代美学范式,G3 小说,QH3 身份、身体与归属,△,existing,existing,existing,existing,t_default,existing
Peter Pan.md,WL-WORK-2307,T4,T4 全球现代主义时代,R4 欧洲文学,M3 现代主义与先锋派,G3 小说,QT8 英雄、边疆与法外者文化传统 | QT8.8 海盗,△,existing,existing,existing,existing,existing,existing
Pictures from Italy.md,WL-WORK-1366,T3,T3 19世纪现代文学体系,R4 欧洲文学,M2 19世纪文学思潮,G6 纪实与文学非虚构,QT14 旅行与游记,△,existing,existing,existing,existing,existing,existing
Pinjar.md,WL-WORK-R3-98953879,T5,T5 二战后多极文学,R3 南亚文学,M5 战后与当代美学范式,G3 小说,QH6 战争、暴力与创伤,◆,existing,existing,t_default,t_default,t_default,other_topic
Pirate Freedom.md,WL-WORK-2308,T6,T6 当代全球文学,R5 北美文学,M5 战后与当代美学范式,G3 小说,QT8 英雄、边疆与法外者文化传统 | QT8.8 海盗,△,existing,existing,existing,existing,existing,existing
Primitive Rebels.md,WL-WORK-2309,T5,T5 二战后多极文学,R4 欧洲文学,M5 战后与当代美学范式,G3 小说,QT8 英雄、边疆与法外者文化传统 | QT8.7 侠盗,△,existing,existing,existing,existing,existing,existing
Promised Land.md,WL-WORK-3103,T5,T5 二战后多极文学,R5 北美文学,M5 战后与当代美学范式,G3 小说,QH6 战争、暴力与创伤,△,existing,existing,existing,existing,mechanism,existing
QualityLand.md,WL-WORK-0939,T6,T6 当代全球文学,R4 欧洲文学,M5 战后与当代美学范式,G3 小说,QT6 乌托邦、反乌托邦与社会想象,★,existing,existing,existing,existing,existing,existing
Quicksand.md,WL-WORK-3223,T4,T4 全球现代主义时代,R5 北美文学,M3.1 现代主义 / Modernism,G3 小说,QH5 权力、制度与秩序,◆,existing,existing,existing,existing,mechanism,existing
R.U.R.md,WL-WORK-0281,T4,T4 全球现代主义时代,R4 欧洲文学,M3 现代主义与先锋派,G3 小说,QT2 科幻 | QT6 乌托邦、反乌托邦与社会想象,△,existing,existing,existing,existing,existing,existing
Reservation Blues.md,WL-WORK-2315,T6,T6 当代全球文学,R5 北美文学,M5 战后与当代美学范式,G3 小说,QT8 英雄、边疆与法外者文化传统 | QT8.5 西部,◆,existing,existing,existing,existing,existing,existing
Ride the River.md,WL-WORK-2316,T6,T6 当代全球文学,R5 北美文学,M5 战后与当代美学范式,G3 小说,QT8 英雄、边疆与法外者文化传统 | QT8.5 西部,△,existing,existing,existing,existing,existing,existing
Ring Shout.md,WL-WORK-0516,T6,T6 当代全球文学,R5 北美文学,M5 战后与当代美学范式,G3 小说,QT4 恐怖与哥特,★,existing,existing,existing,existing,existing,existing
Roman de Brut.md,WL-WORK-2330,T1,T1 中古多中心文学世界,R4 欧洲文学,,G3 小说,QT8 英雄、边疆与法外者文化传统 | QT8.2 欧洲骑士,★,existing,existing,not_applicable_pre_modern,existing,existing,existing
Room to Swing.md,WL-WORK-3086,T5,T5 二战后多极文学,R5 北美文学,M5 战后与当代美学范式,G3 小说,QH6 战争、暴力与创伤,△,existing,existing,existing,existing,mechanism,existing
Russian Folk Belief.md,WL-WORK-1369,T6,T6 当代全球文学,R4 欧洲文学,M5 战后与当代美学范式,G3 小说,QT9 神话、传说与民间叙事,◆,existing,existing,existing,existing,existing,existing
Sabu.md,WL-WORK-2334,T5,T5 二战后多极文学,R2 东亚文学,M5 战后与当代美学范式,G3 小说,QT8 英雄、边疆与法外者文化传统 | QT8.3 日本武士与剑豪,△,existing,existing,existing,existing,existing,existing
Safarnama ／ 旅行记.md,WL-WORK-1370,T1,T1 中古多中心文学世界,R1 西亚—地中海古老传统,,G6 纪实与文学非虚构,QT14 旅行与游记,★,existing,existing,not_applicable_pre_modern,existing,existing,existing
Saint Martin's Summer.md,WL-WORK-2335,T4,T4 全球现代主义时代,R4 欧洲文学,M3 现代主义与先锋派,G3 小说,QT8 英雄、边疆与法外者文化传统 | QT8.4 欧洲剑客,△,existing,existing,existing,existing,existing,existing
Samskara.md,WL-WORK-R3-02306291,T5,T5 二战后多极文学,R3 南亚文学,M5 战后与当代美学范式,G3 小说,QH6 战争、暴力与创伤,◆,existing,existing,t_default,t_default,t_default,other_topic
Sarajevo Marlboro.md,WL-WORK-1980,T6,T6 当代全球文学,R4 欧洲文学,M5 战后与当代美学范式,G3 小说,QH6 战争、暴力与创伤,★,existing,existing,existing,existing,existing,existing
Shards of Honor.md,WL-WORK-1981,T6,T6 当代全球文学,R5 北美文学,M5 战后与当代美学范式,G3 小说,QH2.1 爱情与欲望,△,existing,existing,existing,existing,existing,existing
Sharpe's Eagle.md,WL-WORK-0943,T6,T6 当代全球文学,R4 欧洲文学,M5 战后与当代美学范式,G3 小说,QT7 历史叙事,△,existing,existing,existing,existing,existing,existing
Silent Joe.md,WL-WORK-3128,T6,T6 当代全球文学,R5 北美文学,M5 战后与当代美学范式,G3 小说,QH3 身份、身体与归属,△,existing,existing,existing,existing,t_default,existing
Slave to Sensation.md,WL-WORK-1982,T6,T6 当代全球文学,R9 大洋洲与太平洋,M5 战后与当代美学范式,G3 小说,QH2.1 爱情与欲望,★,existing,existing,existing,existing,existing,existing
Smoky the Cowhorse.md,WL-WORK-2344,T4,T4 全球现代主义时代,R5 北美文学,M3 现代主义与先锋派,G3 小说,QT8 英雄、边疆与法外者文化传统 | QT8.5 西部,★,existing,existing,existing,existing,existing,existing
Streets of Laredo.md,WL-WORK-2347,T6,T6 当代全球文学,R5 北美文学,M5 战后与当代美学范式,G3 小说,QT8 英雄、边疆与法外者文化传统 | QT8.5 西部,△,existing,existing,existing,existing,existing,existing
Tadeo Isidoro Cruz小传.md,WL-WORK-2351,T5,T5 二战后多极文学,R6 拉丁美洲与加勒比,M3 现代主义与先锋派,G3 小说,QT8 英雄、边疆与法外者文化传统 | QT8.6 Gaucho | QT8.7 侠盗,△,existing,existing,existing,existing,existing,existing
Tamas.md,WL-WORK-0944,T5,T5 二战后多极文学,R3 南亚文学,M5 战后与当代美学范式,G3 小说,QT7 历史叙事,△,existing,existing,existing,existing,existing,existing
Territory.md,WL-WORK-2352,T6,T6 当代全球文学,R5 北美文学,M5 战后与当代美学范式,G3 小说,QT8 英雄、边疆与法外者文化传统 | QT8.5 西部,△,existing,existing,existing,existing,existing,existing
That Old Ace in the Hole.md,WL-WORK-2353,T6,T6 当代全球文学,R5 北美文学,M5 战后与当代美学范式,G3 小说,QT8 英雄、边疆与法外者文化传统 | QT8.5 西部,△,existing,existing,existing,existing,existing,existing
The Absolutely True Diary of a Part-Time Indian.md,WL-WORK-0946,T6,T6 当代全球文学,R5 北美文学,M5 战后与当代美学范式,G3 小说,QH2.5 童年与成长,★,existing,existing,existing,existing,existing,existing
The Acts of King Arthur and His Noble Knights.md,WL-WORK-2354,T5,T5 二战后多极文学,R4 欧洲文学,M3 现代主义与先锋派,G3 小说,QT8 英雄、边疆与法外者文化传统 | QT8.2 欧洲骑士,△,existing,existing,existing,existing,existing,existing
The Adventures of Col. Daniel Boone.md,WL-WORK-2355,T2,T2 早期现代文学,R5 北美文学,M1 早期现代思想与美学,G3 小说,QT8 英雄、边疆与法外者文化传统 | QT8.5 西部,△,existing,existing,existing,existing,existing,existing
The Adventures of Gerard.md,WL-WORK-2356,T4,T4 全球现代主义时代,R4 欧洲文学,M2 19世纪文学思潮,G3 小说,QT8 英雄、边疆与法外者文化传统 | QT8.4 欧洲剑客,△,existing,existing,existing,existing,existing,existing
The Arrivants.md,WL-WORK-1541,T5,T5 二战后多极文学,R6 拉丁美洲与加勒比,M5 战后与当代美学范式,G1 诗歌,QH6 战争、暴力与创伤,★,existing,existing,existing,existing,topic_direct,existing
The Ballad of Black Tom.md,WL-WORK-0524,T6,T6 当代全球文学,R5 北美文学,M5 战后与当代美学范式,G3 小说,QT4 恐怖与哥特,★,existing,existing,existing,existing,existing,existing
The Big Empty.md,WL-WORK-3152,T6,T6 当代全球文学,R5 北美文学,M5 战后与当代美学范式,G3 小说,QH3 身份、身体与归属,△,existing,existing,existing,existing,t_default,existing
The Black Swan.md,WL-WORK-2362,T4,T4 全球现代主义时代,R4 欧洲文学,M3 现代主义与先锋派,G3 小说,QT8 英雄、边疆与法外者文化传统 | QT8.8 海盗,△,existing,existing,existing,existing,existing,existing
The Book of Deeds of Arms and of Chivalry.md,WL-WORK-2364,T1,T1 中古多中心文学世界,R4 欧洲文学,,G3 小说,QT8 英雄、边疆与法外者文化传统 | QT8.2 欧洲骑士,△,existing,existing,not_applicable_pre_modern,existing,existing,existing
The Book of Pirates.md,WL-WORK-2365,T4,T4 全球现代主义时代,R5 北美文学,M3 现代主义与先锋派,G3 小说,QT8 英雄、边疆与法外者文化传统 | QT8.8 海盗,△,existing,existing,existing,existing,existing,existing
The Book of the Order of Chivalry.md,WL-WORK-2366,T1,T1 中古多中心文学世界,R4 欧洲文学,,G3 小说,QT8 英雄、边疆与法外者文化传统 | QT8.2 欧洲骑士,△,existing,existing,not_applicable_pre_modern,existing,existing,existing
The Bottoms.md,WL-WORK-3127,T6,T6 当代全球文学,R5 北美文学,M5 战后与当代美学范式,G3 小说,QH3 身份、身体与归属,△,existing,existing,existing,existing,t_default,existing
The Boy Hunters.md,WL-WORK-0525,T3,T3 19世纪现代文学体系,R4 欧洲文学,M2 19世纪文学思潮,G3 小说,QT5 冒险与探索叙事,◆,existing,existing,existing,existing,existing,existing
The Chant of Jimmie Blacksmith.md,WL-WORK-2369,T5,T5 二战后多极文学,R9 大洋洲与太平洋,M5 战后与当代美学范式,G3 小说,QT8 英雄、边疆与法外者文化传统 | QT8.7 侠盗,△,existing,existing,existing,existing,existing,existing
The Collected Works of Billy the Kid.md,WL-WORK-2371,T5,T5 二战后多极文学,R5 北美文学,M5 战后与当代美学范式,G3 小说,QT8 英雄、边疆与法外者文化传统 | QT8.7 侠盗,△,existing,existing,existing,existing,existing,existing
The Conjure-Man Dies.md,WL-WORK-1542,T4,T4 全球现代主义时代,R5 北美文学,M3.1 现代主义 / Modernism,G3 小说,QH1 自我、存在与生命,◆,existing,existing,existing,existing,t_default,existing
The Crystal Cave.md,WL-WORK-2374,T5,T5 二战后多极文学,R4 欧洲文学,M5 战后与当代美学范式,G3 小说,QT8 英雄、边疆与法外者文化传统 | QT8.2 欧洲骑士,△,existing,existing,existing,existing,existing,existing
The Damnation Game.md,WL-WORK-0530,T6,T6 当代全球文学,R4 欧洲文学,M5 战后与当代美学范式,G3 小说,QT4 恐怖与哥特,△,existing,existing,existing,existing,existing,existing
The Daybreakers.md,WL-WORK-2376,T5,T5 二战后多极文学,R5 北美文学,M5 战后与当代美学范式,G3 小说,QT8 英雄、边疆与法外者文化传统 | QT8.5 西部,△,existing,existing,existing,existing,existing,existing
The Defence of Guenevere.md,WL-WORK-2377,T3,T3 19世纪现代文学体系,R4 欧洲文学,M2 19世纪文学思潮,G3 小说,QT8 英雄、边疆与法外者文化传统 | QT8.2 欧洲骑士,△,existing,existing,existing,existing,existing,existing
The Eighth Circle.md,WL-WORK-3087,T5,T5 二战后多极文学,R5 北美文学,M5 战后与当代美学范式,G3 小说,QH6 战争、暴力与创伤,△,existing,existing,existing,existing,mechanism,existing
The Gathering.md,WL-WORK-3066,T6,T6 当代全球文学,R4 欧洲文学,M5 战后与当代美学范式,G3 小说,QH3 身份、身体与归属,△,existing,existing,existing,existing,t_default,existing
The Girl Who Killed to Save.md,WL-WORK-3224,T4,T4 全球现代主义时代,R7 非洲文学,M3.1 现代主义 / Modernism,G5 戏剧,QH5 权力、制度与秩序,★,existing,existing,existing,existing,mechanism,existing
The Good House.md,WL-WORK-0534,T6,T6 当代全球文学,R5 北美文学,M5 战后与当代美学范式,G3 小说,QT4 恐怖与哥特,△,existing,existing,existing,existing,existing,existing
The Headless Horseman.md,WL-WORK-0535,T3,T3 19世纪现代文学体系,R4 欧洲文学,M2 19世纪文学思潮,G3 小说,QT5 冒险与探索叙事,★,existing,existing,existing,existing,existing,existing
The Hollow Hills.md,WL-WORK-2382,T5,T5 二战后多极文学,R4 欧洲文学,M5 战后与当代美学范式,G3 小说,QT8 英雄、边疆与法外者文化传统 | QT8.2 欧洲骑士,△,existing,existing,existing,existing,existing,existing
The Imago Sequence.md,WL-WORK-0536,T6,T6 当代全球文学,R5 北美文学,M5 战后与当代美学范式,G3 小说,QT4 恐怖与哥特,★,existing,existing,existing,existing,existing,existing
The In Crowd.md,WL-WORK-3151,T6,T6 当代全球文学,R4 欧洲文学,M5 战后与当代美学范式,G3 小说,QH3 身份、身体与归属,△,existing,existing,existing,existing,t_default,existing
The Kiss Quotient.md,WL-WORK-1989,T6,T6 当代全球文学,R5 北美文学,M5 战后与当代美学范式,G3 小说,QH2.1 爱情与欲望,★,existing,existing,existing,existing,existing,existing
The Last Child.md,WL-WORK-3136,T6,T6 当代全球文学,R5 北美文学,M5 战后与当代美学范式,G3 小说,QH3 身份、身体与归属,△,existing,existing,existing,existing,t_default,existing
The Last Enchantment.md,WL-WORK-2387,T5,T5 二战后多极文学,R4 欧洲文学,M5 战后与当代美学范式,G3 小说,QT8 英雄、边疆与法外者文化传统 | QT8.2 欧洲骑士,△,existing,existing,existing,existing,existing,existing
The Light of Western Stars.md,WL-WORK-2391,T4,T4 全球现代主义时代,R5 北美文学,M3 现代主义与先锋派,G3 小说,QT8 英雄、边疆与法外者文化传统 | QT8.5 西部,△,existing,existing,existing,existing,existing,existing
The Lion of Damascus.md,WL-WORK-2392,T4,T4 全球现代主义时代,R4 欧洲文学,M3 现代主义与先锋派,G3 小说,QT8 英雄、边疆与法外者文化传统 | QT8.4 欧洲剑客,△,existing,existing,existing,existing,existing,existing
The Lone Star Ranger.md,WL-WORK-2393,T4,T4 全球现代主义时代,R5 北美文学,M3 现代主义与先锋派,G3 小说,QT8 英雄、边疆与法外者文化传统 | QT8.5 西部,△,existing,existing,existing,existing,existing,existing
The Maracot Deep.md,WL-WORK-0541,T4,T4 全球现代主义时代,R4 欧洲文学,M2 19世纪文学思潮,G3 小说,QT5 冒险与探索叙事,△,existing,existing,existing,existing,existing,existing
The Merry Adventures of Robin Hood.md,WL-WORK-2395,T3,T3 19世纪现代文学体系,R5 北美文学,M3 现代主义与先锋派,G3 小说,QT8 英雄、边疆与法外者文化传统 | QT8.7 侠盗,△,existing,existing,existing,existing,existing,existing
The Middle Passage.md,WL-WORK-1376,T5,T5 二战后多极文学,R6 拉丁美洲与加勒比,M5 战后与当代美学范式,G6 纪实与文学非虚构,QT14 旅行与游记,△,existing,author_model,existing,existing,existing,existing
The Night Watchman.md,WL-WORK-0949,T6,T6 当代全球文学,R5 北美文学,M5 战后与当代美学范式,G3 小说,QT7 历史叙事,△,existing,existing,existing,existing,existing,existing
The Old Ways.md,WL-WORK-1378,T6,T6 当代全球文学,R4 欧洲文学,M5 战后与当代美学范式,G6 纪实与文学非虚构,QT14 旅行与游记,★,existing,existing,existing,existing,existing,existing
The Only Good Indians.md,WL-WORK-0542,T6,T6 当代全球文学,R5 北美文学,M5 战后与当代美学范式,G3 小说,QT4 恐怖与哥特,△,existing,existing,existing,existing,existing,existing
The Oregon Trail.md,WL-WORK-2396,T3,T3 19世纪现代文学体系,R5 北美文学,M2 19世纪文学思潮,G3 小说,QT8 英雄、边疆与法外者文化传统 | QT8.5 西部,△,existing,existing,existing,existing,existing,existing
The Pirate.md,WL-WORK-2397,T3,T3 19世纪现代文学体系,R4 欧洲文学,M2 19世纪文学思潮,G3 小说,QT8 英雄、边疆与法外者文化传统 | QT8.8 海盗,△,existing,existing,existing,existing,existing,existing
The Principal Navigations.md,WL-WORK-1379,T2,T2 早期现代文学,R4 欧洲文学,M1 早期现代思想与美学,G6 纪实与文学非虚构,QT14 旅行与游记,△,existing,existing,existing,existing,existing,existing
The Promise.md,WL-WORK-3078,T6,T6 当代全球文学,R7 非洲文学,M5 战后与当代美学范式,G3 小说,QH3 身份、身体与归属,△,existing,existing,existing,existing,mechanism,existing
The Rainbow Trail.md,WL-WORK-2401,T4,T4 全球现代主义时代,R5 北美文学,M3 现代主义与先锋派,G3 小说,QT8 英雄、边疆与法外者文化传统 | QT8.5 西部,△,existing,existing,existing,existing,existing,existing
The Reformatory.md,WL-WORK-0545,T6,T6 当代全球文学,R5 北美文学,M5 战后与当代美学范式,G3 小说,QT4 恐怖与哥特,△,existing,existing,existing,existing,existing,existing
The Return of the Soldier.md,WL-WORK-1991,T4,T4 全球现代主义时代,R4 欧洲文学,M3 现代主义与先锋派,G3 小说,QH6 战争、暴力与创伤,△,existing,existing,existing,existing,existing,existing
The Ritual.md,WL-WORK-0546,T6,T6 当代全球文学,R4 欧洲文学,M5 战后与当代美学范式,G3 小说,QT4 恐怖与哥特,★,existing,existing,existing,existing,existing,existing
The Road to Oxiana.md,WL-WORK-1380,T4,T4 全球现代主义时代,R4 欧洲文学,M3 现代主义与先锋派,G6 纪实与文学非虚构,QT14 旅行与游记,★,existing,existing,existing,existing,existing,existing
The Rover.md,WL-WORK-2402,T4,T4 全球现代主义时代,R4 欧洲文学,M3 现代主义与先锋派,G3 小说,QT8 英雄、边疆与法外者文化传统 | QT8.8 海盗,△,existing,existing,existing,existing,existing,existing
The Scar.md,WL-WORK-2404,T6,T6 当代全球文学,R4 欧洲文学,M5 战后与当代美学范式,G3 小说,QT8 英雄、边疆与法外者文化传统 | QT8.8 海盗,△,existing,existing,existing,existing,existing,existing
The Sea.md,WL-WORK-3064,T6,T6 当代全球文学,R4 欧洲文学,M5 战后与当代美学范式,G3 小说,QH3 身份、身体与归属,△,existing,existing,existing,existing,t_default,existing
The Shootist.md,WL-WORK-2405,T5,T5 二战后多极文学,R5 北美文学,M5 战后与当代美学范式,G3 小说,QT8 英雄、边疆与法外者文化传统 | QT8.5 西部 | QT8.8 海盗,★,existing,existing,existing,existing,existing,existing
The Sisters Brothers.md,WL-WORK-2406,T6,T6 当代全球文学,R5 北美文学,M5 战后与当代美学范式,G3 小说,QT8 英雄、边疆与法外者文化传统 | QT8.5 西部 | QT8.7 侠盗,★,existing,existing,existing,existing,existing,existing
The Songlines.md,WL-WORK-1381,T6,T6 当代全球文学,R4 欧洲文学,M5 战后与当代美学范式,G6 纪实与文学非虚构,QT14 旅行与游记,△,existing,existing,existing,existing,existing,existing
The Squatter and the Don.md,WL-WORK-2408,T3,T3 19世纪现代文学体系,R5 北美文学,M2 19世纪文学思潮,G3 小说,QT8 英雄、边疆与法外者文化传统 | QT8.5 西部,★,existing,existing,existing,existing,existing,existing
The Store.md,WL-WORK-2970,T4,T4 全球现代主义时代,R5 北美文学,M3 现代主义与先锋派,G3 小说,QH1 自我、存在与生命,△,existing,existing,existing,existing,t_default,existing
The Story of King Arthur and His Knights.md,WL-WORK-2409,T4,T4 全球现代主义时代,R4 欧洲文学,M3 现代主义与先锋派,G3 小说,QT8 英雄、边疆与法外者文化传统 | QT8.2 欧洲骑士,△,existing,existing,existing,existing,existing,existing
The Story of the Glittering Plain.md,WL-WORK-2410,T4,T4 全球现代主义时代,R4 欧洲文学,M2 19世纪文学思潮,G3 小说,QT8 英雄、边疆与法外者文化传统 | QT8.2 欧洲骑士,△,existing,existing,existing,existing,existing,existing
The Surrendered.md,WL-WORK-1993,T6,T6 当代全球文学,R5 北美文学,M5 战后与当代美学范式,G3 小说,QH6 战争、暴力与创伤,★,existing,existing,existing,existing,existing,existing
The Suspect.md,WL-WORK-3112,T6,T6 当代全球文学,R5 北美文学,M5 战后与当代美学范式,G3 小说,QH3 身份、身体与归属,△,existing,existing,existing,existing,t_default,existing
The Talisman.md,WL-WORK-2412,T3,T3 19世纪现代文学体系,R4 欧洲文学,M2 19世纪文学思潮,G3 小说,QT8 英雄、边疆与法外者文化传统 | QT8.2 欧洲骑士,△,existing,existing,existing,existing,existing,existing
The Tavern Knight.md,WL-WORK-2413,T4,T4 全球现代主义时代,R4 欧洲文学,M3 现代主义与先锋派,G3 小说,QT8 英雄、边疆与法外者文化传统 | QT8.4 欧洲剑客,△,existing,existing,existing,existing,existing,existing
The Town.md,WL-WORK-2983,T5,T5 二战后多极文学,R5 北美文学,M5 战后与当代美学范式,G3 小说,QH6 战争、暴力与创伤,△,existing,existing,existing,existing,mechanism,existing
The Viscount Who Loved Me.md,WL-WORK-1994,T6,T6 当代全球文学,R5 北美文学,M5 战后与当代美学范式,G3 小说,QH2.1 爱情与欲望,★,existing,existing,existing,existing,existing,existing
The White Company.md,WL-WORK-0547,T4,T4 全球现代主义时代,R4 欧洲文学,M2 19世纪文学思潮,G3 小说,QT5 冒险与探索叙事,△,existing,existing,existing,existing,existing,existing
The Winter King.md,WL-WORK-2419,T6,T6 当代全球文学,R4 欧洲文学,M5 战后与当代美学范式,G3 小说,QT8 英雄、边疆与法外者文化传统 | QT8.2 欧洲骑士,△,existing,existing,existing,existing,existing,existing
The Wrecker.md,WL-WORK-0548,T4,T4 全球现代主义时代,R4 欧洲文学,M2 19世纪文学思潮,G3 小说,QT5 冒险与探索叙事,△,existing,existing,existing,existing,existing,existing
The Yellow Birds.md,WL-WORK-1996,T6,T6 当代全球文学,R5 北美文学,M5 战后与当代美学范式,G3 小说,QH6 战争、暴力与创伤,★,existing,existing,existing,existing,existing,existing
Those Across the River.md,WL-WORK-0550,T6,T6 当代全球文学,R5 北美文学,M5 战后与当代美学范式,G3 小说,QT4 恐怖与哥特,◆,existing,existing,existing,existing,existing,existing
Tirant lo Blanc.md,WL-WORK-2422,T1,T1 中古多中心文学世界,R4 欧洲文学,,G3 小说,QT8 英雄、边疆与法外者文化传统 | QT8.2 欧洲骑士,★,existing,existing,not_applicable_pre_modern,existing,existing,existing
Travels through France and Italy.md,WL-WORK-1386,T2,T2 早期现代文学,R4 欧洲文学,M1 早期现代思想与美学,G6 纪实与文学非虚构,QT14 旅行与游记,★,existing,existing,existing,existing,existing,existing
Travels with a Donkey in the Cévennes.md,WL-WORK-1387,T3,T3 19世纪现代文学体系,R4 欧洲文学,M2 19世纪文学思潮,G6 纪实与文学非虚构,QT14 旅行与游记,△,existing,existing,existing,existing,existing,existing
True History of the Kelly Gang.md,WL-WORK-2424,T6,T6 当代全球文学,R9 大洋洲与太平洋,M5 战后与当代美学范式,G3 小说,QT8 英雄、边疆与法外者文化传统 | QT8.7 侠盗,△,existing,existing,existing,existing,existing,existing
Trust.md,WL-WORK-3030,T6,T6 当代全球文学,R5 北美文学,M5 战后与当代美学范式,G3 小说,QH3 身份、身体与归属,△,existing,existing,existing,existing,t_default,existing
Un episodio en la vida del pintor viajero.md,WL-WORK-2425,T6,T6 当代全球文学,R6 拉丁美洲与加勒比,M5 战后与当代美学范式,G3 小说,QT8 英雄、边疆与法外者文化传统 | QT8.6 Gaucho,△,existing,existing,existing,existing,existing,existing
Vision in White.md,WL-WORK-1998,T6,T6 当代全球文学,R5 北美文学,M5 战后与当代美学范式,G3 小说,QH2.1 爱情与欲望,△,existing,existing,existing,existing,existing,existing
Walkaway.md,WL-WORK-0956,T6,T6 当代全球文学,R5 北美文学,M5 战后与当代美学范式,G3 小说,QT6 乌托邦、反乌托邦与社会想象,△,existing,existing,existing,existing,existing,existing
Western Union.md,WL-WORK-2429,T4,T4 全球现代主义时代,R5 北美文学,M3 现代主义与先锋派,G3 小说,QT8 英雄、边疆与法外者文化传统 | QT8.5 西部,△,existing,existing,existing,existing,existing,existing
Willehalm.md,WL-WORK-2430,T1,T1 中古多中心文学世界,R4 欧洲文学,,G3 小说,QT8 英雄、边疆与法外者文化传统 | QT8.2 欧洲骑士,◆,existing,existing,not_applicable_pre_modern,existing,existing,existing
Winter and Night.md,WL-WORK-3129,T6,T6 当代全球文学,R5 北美文学,M5 战后与当代美学范式,G3 小说,QH3 身份、身体与归属,△,existing,existing,existing,existing,t_default,existing
X的悲剧.md,WL-WORK-0041,T4,T4 全球现代主义时代,R5 北美文学,M3 现代主义与先锋派,G3 小说,QT1 推理与犯罪叙事,△,existing,existing,existing,existing,existing,existing
"Yolanda, the Black Corsair's Daughter.md",WL-WORK-2433,T4,T4 全球现代主义时代,R4 欧洲文学,M3 现代主义与先锋派,G3 小说,QT8 英雄、边疆与法外者文化传统 | QT8.8 海盗,△,existing,existing,existing,existing,existing,existing
"Yvain, the Knight of the Lion.md",WL-WORK-2435,T1,T1 中古多中心文学世界,R4 欧洲文学,,G3 小说,QT8 英雄、边疆与法外者文化传统 | QT8.2 欧洲骑士,△,existing,existing,not_applicable_pre_modern,existing,existing,existing
Yvain.md,WL-WORK-2434,T1,T1 中古多中心文学世界,R4 欧洲文学,,G3 小说,QT8 英雄、边疆与法外者文化传统 | QT8.2 欧洲骑士,△,existing,existing,not_applicable_pre_modern,existing,existing,existing
Y的悲剧.md,WL-WORK-0042,T4,T4 全球现代主义时代,R5 北美文学,M3 现代主义与先锋派,G3 小说,QT1 推理与犯罪叙事,△,existing,existing,existing,existing,existing,existing
一个世纪儿的忏悔.md,WL-WORK-M2-505265B436A1,T3,T3 19世纪现代文学体系,R4 欧洲文学,M2 19世纪文学思潮 / 浪漫主义,G3 小说,QH4 社会、阶级与劳动,◆,existing,t_default,existing,t_default,t_default,other_topic
一个背叛日本的日本人.md,WL-WORK-0164,T5,T5 二战后多极文学,R2 东亚文学,M5 战后与当代美学范式,G3 小说,QT1 推理与犯罪叙事,△,existing,existing,existing,existing,existing,existing
一个逃亡黑奴的传记.md,WL-WORK-1545,T5,T5 二战后多极文学,R6 拉丁美洲与加勒比,M5 战后与当代美学范式,G5 生命书写,QH6 战争、暴力与创伤,★,existing,existing,existing,existing,topic_direct,existing
一个陌生女人的来信.md,WL-WORK-2735,T4,T4 全球现代主义时代,R4 欧洲文学,M2 19世纪文学思潮,G3 小说,QH1 自我、存在与生命 | QH2.1 爱情与欲望,△,existing,existing,existing,existing,existing,existing
一个青年艺术家的画像.md,WL-WORK-0961,T4,T4 全球现代主义时代,R4 欧洲文学,M3.1 现代主义 / Modernism,G3 小说,QH2.5 童年与成长,△,existing,existing,existing,existing,existing,existing
一个风景画家的一生.md,WL-WORK-1546,T6,T6 当代全球文学,R6 拉丁美洲与加勒比,M5 战后与当代美学范式,G3 小说,QH3 身份、身体与归属,△,existing,existing,existing,existing,t_default,existing
一九八六年.md,WL-WORK-2786,T6,T6 当代全球文学,R2 东亚文学,M5 战后与当代美学范式,G3 小说,QH6 战争、暴力与创伤 | QH7 历史、记忆与时间,△,existing,existing,existing,existing,existing,existing
一位女士的画像.md,WL-WORK-2003,T3,T3 19世纪现代文学体系,R5 北美文学 | R5 北美文学,M2 19世纪文学思潮 | M2 19世纪文学思潮 / 现实主义,G3 小说,QH2.1 爱情与欲望,◆,existing,existing,existing,existing,existing,existing
一剂毒药.md,WL-WORK-3085,T5,T5 二战后多极文学,R5 北美文学,M5 战后与当代美学范式,G3 小说,QH6 战争、暴力与创伤,△,existing,existing,existing,existing,mechanism,existing
一千英亩.md,WL-WORK-0962,T6,T6 当代全球文学,R5 北美文学,M5 战后与当代美学范式,G3 小说,QH2.3 家庭与家族,★,existing,existing,existing,existing,existing,existing
一千零一夜.md,WL-WORK-0558,T1,T1 中古多中心文学世界,R1 西亚—地中海古老传统,,G3 小说,QT3 奇幻 | QT4 恐怖与哥特 | QT5 冒险与探索叙事,◆,existing,existing,not_applicable_pre_modern,existing,existing,existing
一句顶一万句.md,WL-WORK-2736,T6,T6 当代全球文学,R2 东亚文学,M5 战后与当代美学范式,G3 小说,QH2.3 家庭与家族 | QH4 社会、阶级与劳动,△,existing,existing,existing,existing,existing,existing
一家之死.md,WL-WORK-2986,T5,T5 二战后多极文学,R5 北美文学,M5 战后与当代美学范式,G3 小说,QH6 战争、暴力与创伤,△,existing,existing,existing,existing,mechanism,existing
一无所有.md,WL-WORK-0354,T5,T5 二战后多极文学,R5 北美文学,M5 战后与当代美学范式,G3 小说,QT2 科幻,★,existing,existing,existing,existing,existing,existing
一桩事先张扬的凶杀案.md,WL-WORK-1547,T6,T6 当代全球文学,R6 拉丁美洲与加勒比,M5 战后与当代美学范式,G3 小说,QH4 社会、阶级与劳动 | QH6 战争、暴力与创伤,△,existing,existing,existing,existing,existing,existing
一桩罪案的进展.md,WL-WORK-3089,T5,T5 二战后多极文学,R4 欧洲文学,M5 战后与当代美学范式,G3 小说,QH6 战争、暴力与创伤,△,existing,existing,existing,existing,mechanism,existing
一百个人的十年.md,WL-WORK-2005,T6,T6 当代全球文学,R2 东亚文学,M5 战后与当代美学范式,G6 纪实与文学非虚构,QH6 战争、暴力与创伤 | QH7 历史、记忆与时间,△,existing,existing,existing,existing,existing,existing
一粒麦种.md,WL-WORK-0963,T5,T5 二战后多极文学,R7 非洲文学,M5 战后与当代美学范式 | M4 集体文学运动与文化政治,G3 小说,QT7 历史叙事 | QH6 战争、暴力与创伤,★,existing,existing,existing,existing,existing,existing
一腿跨过一腿.md,WL-WORK-R1-LEG-OVER-LEG,T3,T3 19世纪现代文学体系,R1 西亚—地中海古老传统,M2 19世纪文学思潮,G3 小说,QH4 社会、阶级与劳动,◆,existing,existing,t_default,t_default,t_default,other_topic
一间自己的房间.md,WL-WORK-1548,T4,T4 全球现代主义时代,R4 欧洲文学,M3.1 现代主义 / Modernism,G4 散文与随笔,QH1 自我、存在与生命,△,existing,existing,existing,existing,t_default,existing
七侠五义.md,WL-WORK-2436,T3,T3 19世纪现代文学体系,R2 东亚文学,M2 19世纪文学思潮,G3 小说,QT8 英雄、边疆与法外者文化传统 | QT8.1 武侠,△,existing,existing,existing,existing,existing,existing
七剑下天山.md,WL-WORK-2437,T5,T5 二战后多极文学,R2 东亚文学,M5 战后与当代美学范式,G3 小说,QT8 英雄、边疆与法外者文化传统 | QT8.1 武侠,△,existing,existing,existing,existing,existing,existing
七回死去的男人.md,WL-WORK-0192,T6,T6 当代全球文学,R2 东亚文学,M5 战后与当代美学范式,G3 小说,QT1 推理与犯罪叙事,△,existing,existing,existing,existing,existing,existing
七夏娃.md,WL-WORK-0382,T6,T6 当代全球文学,R5 北美文学,M5 战后与当代美学范式,G3 小说,QT2 科幻,△,existing,existing,existing,existing,existing,existing
七夜雪.md,WL-WORK-2438,T6,T6 当代全球文学,R2 东亚文学,M5 战后与当代美学范式,G3 小说,QT8 英雄、边疆与法外者文化传统 | QT8.1 武侠,△,existing,existing,existing,existing,existing,existing
七月的人民.md,WL-WORK-3200,T6,T6 当代全球文学,R7 非洲文学,M5 战后与当代美学范式,G3 小说,QH3 身份、身体与归属,◆,existing,existing,existing,existing,mechanism,existing
七种武器.md,WL-WORK-2440,T5,T5 二战后多极文学,R2 东亚文学,M5 战后与当代美学范式,G3 小说,QT8 英雄、边疆与法外者文化传统 | QT8.1 武侠,△,existing,existing,existing,existing,existing,existing
万叶集.md,WL-WORK-3179,T1,T1 中古多中心文学世界,R2 东亚文学,,G1 诗歌,QH8 信仰、伦理与超越,◆,existing,existing,not_applicable_pre_modern,existing,t_default,existing
万延元年的足球队.md,WL-WORK-1550,T5,T5 二战后多极文学,R2 东亚文学,M5 战后与当代美学范式,G3 小说,QH6 战争、暴力与创伤,★,existing,existing,existing,existing,topic_direct,existing
万有引力之虹.md,WL-WORK-1551,T5,T5 二战后多极文学,R5 北美文学,M5 战后与当代美学范式 | M5.1 战后思想与美学范式,G3 小说,QH6 战争、暴力与创伤,★,existing,existing,existing,existing,topic_direct,existing
三个火枪手.md,WL-WORK-0559,T3,T3 19世纪现代文学体系,R4 欧洲文学,M2 19世纪文学思潮,G3 小说,QT5 冒险与探索叙事 | QT7 历史叙事 | QT8 英雄、边疆与法外者文化传统 | QT8.2 欧洲骑士 | QT8.4 欧洲剑客,◆,existing,existing,existing,existing,existing,existing
三个骗子.md,WL-WORK-0560,T4,T4 全球现代主义时代,R5 北美文学,M5 战后与当代美学范式,G3 小说,QT4 恐怖与哥特,△,existing,existing,existing,existing,existing,existing
三体.md,WL-WORK-0462,T6,T6 当代全球文学,R2 东亚文学,M5 战后与当代美学范式,G3 小说,QT2 科幻,★,existing,existing,existing,existing,existing,existing
三侠五义.md,WL-WORK-2441,T3,T3 19世纪现代文学体系,R2 东亚文学,M2 19世纪文学思潮,G3 小说,QT8 英雄、边疆与法外者文化传统 | QT8.1 武侠 | QT8.7 侠盗,△,existing,existing,existing,existing,existing,existing
三匹蟹.md,WL-WORK-1553,T5,T5 二战后多极文学,R2 东亚文学,M5 战后与当代美学范式,G3 小说,QH6 战争、暴力与创伤,◆,existing,existing,existing,existing,topic_direct,existing
三口棺材.md,WL-WORK-0032,T4,T4 全球现代主义时代,R5 北美文学,M3 现代主义与先锋派,G3 小说,QT1 推理与犯罪叙事,△,existing,existing,existing,existing,existing,existing
三四郎.md,WL-WORK-0964,T4,T4 全球现代主义时代,R2 东亚文学,M3 现代主义与先锋派,G3 小说,QH2.5 童年与成长,△,existing,existing,existing,existing,existing,existing
三国演义.md,WL-WORK-0965,T2,T2 早期现代文学,R2 东亚文学,M1 早期现代思想与美学,G3 小说,QT7 历史叙事 | QH5 权力、制度与秩序,◆,existing,existing,existing,existing,existing,existing
三国遗事.md,WL-WORK-1391,T1,T1 中古多中心文学世界,R2 东亚文学,,G4 散文与随笔,QT9 神话、传说与民间叙事,★,existing,existing,not_applicable_pre_modern,existing,existing,existing
三尖树时代.md,WL-WORK-0315,T5,T5 二战后多极文学,R4 欧洲文学,M5 战后与当代美学范式,G3 小说,QT2 科幻,△,existing,existing,existing,existing,existing,existing
三生三世十里桃花.md,WL-WORK-2745,T6,T6 当代全球文学,R2 东亚文学,M5 战后与当代美学范式,G3 小说,QT3 奇幻 | QH2.1 爱情与欲望,△,existing,existing,existing,existing,existing,existing
三种生活.md,WL-WORK-1555,T4,T4 全球现代主义时代,R5 北美文学,M3.1 现代主义 / Modernism,G3 小说,QH1 自我、存在与生命,△,existing,existing,existing,existing,t_default,existing
三里湾.md,WL-WORK-1556,T5,T5 二战后多极文学,R2 东亚文学,M5 战后与当代美学范式,G3 小说,QH6 战争、暴力与创伤,★,existing,existing,existing,existing,topic_direct,existing
三颗心与三头狮.md,WL-WORK-0562,T5,T5 二战后多极文学,R5 北美文学,M5 战后与当代美学范式,G3 小说,QT3 奇幻,△,existing,existing,existing,existing,existing,existing
上尉的女儿.md,WL-WORK-0966,T3,T3 19世纪现代文学体系,R4 欧洲文学,M2 19世纪文学思潮,G3 小说,QT7 历史叙事 | QT8 英雄、边疆与法外者文化传统 | QT8.4 欧洲剑客,△,existing,existing,existing,existing,existing,existing
上帝保佑这个傻瓜.md,WL-WORK-3095,T5,T5 二战后多极文学,R5 北美文学,M5 战后与当代美学范式,G3 小说,QH6 战争、暴力与创伤,△,existing,existing,existing,existing,mechanism,existing
上帝的木片.md,WL-WORK-2853,T5,T5 二战后多极文学,R7 非洲文学,M5 战后与当代美学范式,G3 小说,QH5 权力、制度与秩序,◆,existing,existing,existing,existing,mechanism,existing
上海.md,WL-WORK-1557,T4,T4 全球现代主义时代,R2 东亚文学,M3.1 现代主义 / Modernism,G3 小说,QH5 权力、制度与秩序,△,existing,existing,existing,existing,mechanism,existing
下方基地.md,WL-WORK-2907,T6,T6 当代全球文学,R5 北美文学,M5 战后与当代美学范式,G3 小说,QH3 身份、身体与归属,△,existing,existing,existing,existing,t_default,existing
不休止.md,WL-WORK-0345,T5,T5 二战后多极文学,R4 欧洲文学,M5 战后与当代美学范式,G3 小说,QT2 科幻,△,existing,existing,existing,existing,existing,existing
不会笑的数学家.md,WL-WORK-0189,T6,T6 当代全球文学,R2 东亚文学,M5 战后与当代美学范式,G3 小说,QT1 推理与犯罪叙事,△,existing,existing,existing,existing,existing,existing
不可接触者.md,WL-WORK-1560,T4,T4 全球现代主义时代,R3 南亚文学,M3.1 现代主义 / Modernism,G3 小说,QH5 权力、制度与秩序,△,existing,existing,existing,existing,mechanism,existing
不朽者.md,WL-WORK-2901,T5,T5 二战后多极文学,R5 北美文学,M5 战后与当代美学范式,G3 小说,QH6 战争、暴力与创伤,△,existing,existing,existing,existing,mechanism,existing
与拉玛相会.md,WL-WORK-0310,T5,T5 二战后多极文学,R4 欧洲文学,M5 战后与当代美学范式,G3 小说,QT2 科幻,△,existing,existing,existing,existing,existing,existing
丑小鸭.md,WL-WORK-0563,T3,T3 19世纪现代文学体系,R4 欧洲文学,M2 19世纪文学思潮,G3 小说,QT3 奇幻,△,existing,existing,existing,existing,existing,existing
世事如烟.md,WL-WORK-2790,T6,T6 当代全球文学,R2 东亚文学,M5 战后与当代美学范式,G3 小说,QH1 自我、存在与生命,△,existing,existing,existing,existing,existing,existing
世俗的圣歌及其他诗篇.md,WL-WORK-M2-A7B5FBA017F2,T3,T3 19世纪现代文学体系,R6 拉丁美洲与加勒比,M2 19世纪文学思潮 / 拉美 Modernismo,G3 小说,QH4 社会、阶级与劳动,◆,existing,author_model,existing,t_default,t_default,other_topic
世界大战.md,WL-WORK-0276,T4,T4 全球现代主义时代,R4 欧洲文学,M2 19世纪文学思潮,G3 小说,QT2 科幻,△,existing,existing,existing,existing,existing,existing
世界尽头的井.md,WL-WORK-0564,T4,T4 全球现代主义时代,R4 欧洲文学,M2 19世纪文学思潮,G3 小说,QT3 奇幻 | QT8 英雄、边疆与法外者文化传统 | QT8.2 欧洲骑士,△,existing,existing,existing,existing,existing,existing
世界彼端的森林.md,WL-WORK-0565,T4,T4 全球现代主义时代,R4 欧洲文学,M2 19世纪文学思潮,G3 小说,QT3 奇幻 | QT8 英雄、边疆与法外者文化传统 | QT8.2 欧洲骑士,△,existing,existing,existing,existing,existing,existing
世界的词是森林.md,WL-WORK-0355,T5,T5 二战后多极文学,R5 北美文学,M5 战后与当代美学范式,G3 小说,QT2 科幻,△,existing,existing,existing,existing,existing,existing
丛林之书.md,WL-WORK-0566,T4,T4 全球现代主义时代,R4 欧洲文学,M3 现代主义与先锋派,G3 小说,QT5 冒险与探索叙事,△,existing,existing,existing,existing,existing,existing
东方.md,WL-WORK-2856,T5,T5 二战后多极文学,R2 东亚文学,M5 战后与当代美学范式,G3 小说,QH5 权力、制度与秩序,△,existing,existing,existing,existing,mechanism,existing
东方快车谋杀案.md,WL-WORK-0023,T4,T4 全球现代主义时代,R4 欧洲文学,M3 现代主义与先锋派,G3 小说,QT1 推理与犯罪叙事,△,existing,existing,existing,existing,existing,existing
东藏记.md,WL-WORK-2874,T6,T6 当代全球文学,R2 东亚文学,M5 战后与当代美学范式,G3 小说,QH6 战争、暴力与创伤,△,existing,existing,existing,existing,mechanism,existing
两地书.md,WL-WORK-2699,T4,T4 全球现代主义时代,R2 东亚文学,M3 现代主义与先锋派,G5 生命书写,QH2.1 爱情与欲望 | QH7 历史、记忆与时间,△,existing,existing,t_default,existing,existing,existing
两扇门的房子不好守.md,WL-WORK-2442,T2,T2 早期现代文学,R4 欧洲文学,M1 早期现代思想与美学,G3 小说,QT8 英雄、边疆与法外者文化传统 | QT8.4 欧洲剑客,△,existing,existing,existing,existing,existing,existing
严厉的月亮.md,WL-WORK-0303,T5,T5 二战后多极文学,R5 北美文学,M5 战后与当代美学范式,G3 小说,QT2 科幻,△,existing,existing,existing,existing,existing,existing
严密监视的列车.md,WL-WORK-1563,T5,T5 二战后多极文学,R4 欧洲文学,M5 战后与当代美学范式,G3 小说,QH6 战争、暴力与创伤,★,existing,existing,existing,existing,topic_direct,existing
丧钟为谁而鸣.md,WL-WORK-2006,T4,T4 全球现代主义时代,R5 北美文学,M3 现代主义与先锋派,G3 小说,QH6 战争、暴力与创伤,△,existing,existing,existing,existing,existing,existing
个人的体验.md,WL-WORK-1564,T5,T5 二战后多极文学,R2 东亚文学,M5 战后与当代美学范式,G3 小说,QH6 战争、暴力与创伤,★,existing,existing,existing,existing,topic_direct,existing
中国神话传说.md,WL-WORK-1394,T5,T5 二战后多极文学,R2 东亚文学,M5 战后与当代美学范式,G3 小说,QT9 神话、传说与民间叙事,△,existing,existing,existing,existing,existing,existing
中国神话史.md,WL-WORK-1395,T6,T6 当代全球文学,R2 东亚文学,M5 战后与当代美学范式,G3 小说,QT9 神话、传说与民间叙事,△,existing,existing,existing,existing,existing,existing
中性.md,WL-WORK-0970,T6,T6 当代全球文学,R5 北美文学,M5 战后与当代美学范式,G3 小说,QH2.3 家庭与家族,★,existing,existing,existing,existing,existing,existing
中转站.md,WL-WORK-0313,T5,T5 二战后多极文学,R5 北美文学,M5 战后与当代美学范式,G3 小说,QT2 科幻,△,existing,existing,existing,existing,existing,existing
丰乳肥臀.md,WL-WORK-0971,T6,T6 当代全球文学,R2 东亚文学,M5 战后与当代美学范式,G3 小说,QH2.3 家庭与家族,△,existing,existing,existing,existing,existing,existing
丰饶之海.md,WL-WORK-1565,T5,T5 二战后多极文学,R2 东亚文学,M5 战后与当代美学范式,G3 小说,QT8 英雄、边疆与法外者文化传统 | QT8.3 日本武士与剑豪,★,existing,existing,existing,existing,existing,existing
临界·爵迹.md,WL-WORK-2749,T6,T6 当代全球文学,R2 东亚文学,M5 战后与当代美学范式,G3 小说,QT3 奇幻 | QH2.1 爱情与欲望,△,existing,existing,existing,existing,existing,existing
丹尼尔·德隆达.md,WL-WORK-0972,T3,T3 19世纪现代文学体系,R4 欧洲文学,M2 19世纪文学思潮,G3 小说,QH2.3 家庭与家族,△,existing,existing,existing,existing,existing,existing
为母之道.md,WL-WORK-3198,T5,T5 二战后多极文学,R7 非洲文学,M5 战后与当代美学范式,G3 小说,QH5 权力、制度与秩序,◆,existing,existing,existing,existing,mechanism,existing
主角.md,WL-WORK-2889,T6,T6 当代全球文学,R2 东亚文学,M5 战后与当代美学范式,G3 小说,QH6 战争、暴力与创伤,△,existing,existing,existing,existing,mechanism,existing
丽姬娅.md,WL-WORK-0569,T3,T3 19世纪现代文学体系,R5 北美文学,M2 19世纪文学思潮,G3 小说,QT4 恐怖与哥特,△,existing,existing,existing,existing,existing,existing
乌多尔弗的秘密.md,WL-WORK-0570,T2,T2 早期现代文学,R4 欧洲文学,M1 早期现代思想与美学,G3 小说,QT4 恐怖与哥特,△,existing,existing,existing,existing,existing,existing
乌姆拉奥·贾恩·阿达.md,WL-WORK-3178,T4,T4 全球现代主义时代,R3 南亚文学,M3 现代主义与先锋派,G3 小说,QH5 权力、制度与秩序,◆,existing,existing,existing,existing,mechanism,existing
乌尔哀歌.md,WL-WORK-R1-LAMENT-UR,T0,T0 文学源头与古代文学,R1 西亚—地中海古老传统,,G3 小说,QH8 信仰、伦理与超越,◆,existing,existing,not_applicable_pre_modern,t_default,t_default,other_topic
乌托邦.md,WL-WORK-0257,T2,T2 早期现代文学,R4 欧洲文学,M1 早期现代思想与美学,G3 小说,QT2 科幻 | QT6 乌托邦、反乌托邦与社会想象,△,existing,existing,existing,existing,existing,existing
乌有乡消息.md,WL-WORK-0266,T4,T4 全球现代主义时代,R4 欧洲文学,M2 19世纪文学思潮,G3 小说,QT2 科幻 | QT6 乌托邦、反乌托邦与社会想象,△,existing,existing,existing,existing,existing,existing
乐观者的女儿.md,WL-WORK-2996,T5,T5 二战后多极文学,R5 北美文学,M5 战后与当代美学范式,G3 小说,QH6 战争、暴力与创伤,△,existing,existing,existing,existing,mechanism,existing
乔瓦尼的房间.md,WL-WORK-1568,T5,T5 二战后多极文学,R5 北美文学,M5 战后与当代美学范式,G3 小说,QH2.1 爱情与欲望,★,existing,existing,existing,existing,existing,existing
乔纳森·斯特兰奇与诺雷尔先生.md,WL-WORK-0572,T6,T6 当代全球文学,R4 欧洲文学,M5 战后与当代美学范式,G3 小说,QT3 奇幻,★,existing,existing,existing,existing,existing,existing
九三年.md,WL-WORK-0973,T3,T3 19世纪现代文学体系,R4 欧洲文学,M2 19世纪文学思潮 | M2 19世纪文学思潮 / 浪漫主义,G3 小说,QT7 历史叙事,△,existing,existing,existing,existing,existing,existing
九云梦.md,WL-WORK-2820,T2,T2 早期现代文学,R2 东亚文学,M1 早期现代思想与美学,G3 小说,QH5 权力、制度与秩序,◆,existing,existing,existing,existing,t_default,existing
九命幻术师.md,WL-WORK-0573,T6,T6 当代全球文学,R4 欧洲文学,M5 战后与当代美学范式,G3 小说,QT3 奇幻,△,existing,existing,existing,existing,existing,existing
九尾怪猫.md,WL-WORK-0044,T5,T5 二战后多极文学,R5 北美文学,M3 现代主义与先锋派,G3 小说,QT1 推理与犯罪叙事,△,existing,existing,existing,existing,existing,existing
九州·缥缈录.md,WL-WORK-0574,T6,T6 当代全球文学,R2 东亚文学,M5 战后与当代美学范式,G3 小说,QT3 奇幻,△,existing,existing,existing,existing,existing,existing
九曲丧钟.md,WL-WORK-0048,T4,T4 全球现代主义时代,R4 欧洲文学,M3 现代主义与先锋派,G3 小说,QT1 推理与犯罪叙事,△,existing,existing,existing,existing,existing,existing
九狐霸图.md,WL-WORK-0413,T6,T6 当代全球文学,R5 北美文学,M5 战后与当代美学范式,G3 小说,QT2 科幻,△,existing,existing,existing,existing,existing,existing
书剑恩仇录.md,WL-WORK-2444,T5,T5 二战后多极文学,R2 东亚文学,M5 战后与当代美学范式,G3 小说,QT8 英雄、边疆与法外者文化传统 | QT8.1 武侠,△,existing,existing,existing,existing,existing,existing
乾隆皇帝.md,WL-WORK-0974,T6,T6 当代全球文学,R2 东亚文学,M5 战后与当代美学范式,G3 小说,QT7 历史叙事,△,existing,existing,existing,existing,existing,existing
了不起的盖茨比.md,WL-WORK-1569,T4,T4 全球现代主义时代,R5 北美文学 | R5 北美文学,M3.1 现代主义 / Modernism,G3 小说,QH2.1 爱情与欲望 | QH4 社会、阶级与劳动,★,existing,existing,existing,existing,existing,existing
事先准备.md,WL-WORK-0052,T4,T4 全球现代主义时代,R4 欧洲文学,M3 现代主义与先锋派,G3 小说,QT1 推理与犯罪叙事,△,existing,existing,existing,existing,existing,existing
二十年后.md,WL-WORK-0975,T3,T3 19世纪现代文学体系,R4 欧洲文学,M2 19世纪文学思潮,G3 小说,QT7 历史叙事 | QT8 英雄、边疆与法外者文化传统 | QT8.2 欧洲骑士 | QT8.4 欧洲剑客 | QT8.8 海盗,△,existing,existing,existing,existing,existing,existing
二手时间.md,WL-WORK-2007,T6,T6 当代全球文学,R4 欧洲文学,M5 战后与当代美学范式,G6 纪实与文学非虚构,QH5 权力、制度与秩序 | QH7 历史、记忆与时间,△,existing,existing,existing,existing,existing,existing
二月.md,WL-WORK-2684,T4,T4 全球现代主义时代,R2 东亚文学,M4 集体文学运动与文化政治,G3 小说,QH2.1 爱情与欲望 | QH4 社会、阶级与劳动,△,existing,existing,existing,existing,existing,existing
二钱铜币.md,WL-WORK-0146,T4,T4 全球现代主义时代,R2 东亚文学,M3 现代主义与先锋派,G3 小说,QT1 推理与犯罪叙事,△,existing,existing,existing,existing,existing,existing
云使.md,WL-WORK-3176,T0,T0 文学源头与古代文学,R3 南亚文学,,G1 诗歌,QH8 信仰、伦理与超越,◆,existing,existing,not_applicable_pre_modern,existing,t_default,existing
云图.md,WL-WORK-0433,T6,T6 当代全球文学,R4 欧洲文学,M5 战后与当代美学范式,G3 小说,QT2 科幻,★,existing,existing,existing,existing,existing,existing
云海玉弓缘.md,WL-WORK-2445,T5,T5 二战后多极文学,R2 东亚文学,M5 战后与当代美学范式,G3 小说,QT8 英雄、边疆与法外者文化传统 | QT8.1 武侠,△,existing,existing,existing,existing,existing,existing
云街.md,WL-WORK-3211,T6,T6 当代全球文学,R9 大洋洲与太平洋,M5 战后与当代美学范式,G3 小说,QH3 身份、身体与归属,◆,existing,existing,existing,existing,mechanism,existing
云雀之歌.md,WL-WORK-2446,T4,T4 全球现代主义时代,R5 北美文学,M3 现代主义与先锋派,G3 小说,QT8 英雄、边疆与法外者文化传统 | QT8.5 西部,△,existing,existing,existing,existing,existing,existing
五个十二月.md,WL-WORK-3148,T6,T6 当代全球文学,R5 北美文学,M5 战后与当代美学范式,G3 小说,QH3 身份、身体与归属,△,existing,existing,existing,existing,t_default,existing
五个孩子和沙精.md,WL-WORK-0575,T4,T4 全球现代主义时代,R4 欧洲文学,M3 现代主义与先锋派,G3 小说,QT3 奇幻,△,existing,existing,existing,existing,existing,existing
五只小猪.md,WL-WORK-0027,T4,T4 全球现代主义时代,R4 欧洲文学,M3 现代主义与先锋派,G3 小说,QT1 推理与犯罪叙事,△,existing,existing,existing,existing,existing,existing
五号屠场.md,WL-WORK-0351,T5,T5 二战后多极文学,R5 北美文学,M5 战后与当代美学范式,G3 小说,QT2 科幻 | QH6 战争、暴力与创伤 | QH7 历史、记忆与时间,★,existing,existing,existing,existing,existing,existing
亚当，你到过哪里？.md,WL-WORK-2008,T5,T5 二战后多极文学,R4 欧洲文学,M5 战后与当代美学范式,G3 小说,QH6 战争、暴力与创伤,△,existing,existing,existing,existing,existing,existing
亚瑟·戈登·皮姆历险记.md,WL-WORK-0576,T3,T3 19世纪现代文学体系,R5 北美文学,M2 19世纪文学思潮,G3 小说,QT5 冒险与探索叙事,△,existing,existing,existing,existing,existing,existing
亲缘.md,WL-WORK-0360,T5,T5 二战后多极文学,R5 北美文学,M5 战后与当代美学范式,G3 小说,QT2 科幻 | QH2.3 家庭与家族 | QT7 历史叙事,★,existing,existing,existing,existing,existing,existing
人世间.md,WL-WORK-2887,T6,T6 当代全球文学,R2 东亚文学,M5 战后与当代美学范式,G3 小说,QH6 战争、暴力与创伤,△,existing,existing,existing,existing,mechanism,existing
人世间（普拉姆迪亚）.md,WL-WORK-3172,T6,T6 当代全球文学,R8 东南亚文学,M5 战后与当代美学范式,G3 小说,QH3 身份、身体与归属,◆,existing,existing,existing,existing,mechanism,existing
人加.md,WL-WORK-2933,T5,T5 二战后多极文学,R5 北美文学,M5 战后与当代美学范式,G3 小说,QH6 战争、暴力与创伤,△,existing,existing,existing,existing,mechanism,existing
人口1280.md,WL-WORK-0087,T5,T5 二战后多极文学,R5 北美文学,M5 战后与当代美学范式,G3 小说,QT1 推理与犯罪叙事,△,existing,existing,existing,existing,existing,existing
人子.md,WL-WORK-1572,T5,T5 二战后多极文学,R6 拉丁美洲与加勒比,M5 战后与当代美学范式,G3 小说,QH5 权力、制度与秩序,△,existing,existing,existing,existing,mechanism,existing
人性的证明.md,WL-WORK-0166,T5,T5 二战后多极文学,R2 东亚文学,M5 战后与当代美学范式,G3 小说,QT1 推理与犯罪叙事,△,existing,existing,existing,existing,existing,existing
人格转移杀人.md,WL-WORK-0193,T6,T6 当代全球文学,R2 东亚文学,M5 战后与当代美学范式,G3 小说,QT1 推理与犯罪叙事,△,existing,existing,existing,existing,existing,existing
人民公仆.md,WL-WORK-1574,T5,T5 二战后多极文学,R7 非洲文学,M5 战后与当代美学范式 | M4 集体文学运动与文化政治,G3 小说,QH6 战争、暴力与创伤,★,existing,existing,existing,existing,topic_direct,existing
人猿泰山.md,WL-WORK-0578,T4,T4 全球现代主义时代,R5 北美文学,M3 现代主义与先锋派,G3 小说,QT5 冒险与探索叙事,△,existing,existing,existing,existing,existing,existing
人生拼图版.md,WL-WORK-1576,T5,T5 二战后多极文学,R4 欧洲文学,M5 战后与当代美学范式 | M5.1 战后思想与美学范式,G3 小说,QH6 战争、暴力与创伤,★,existing,existing,existing,existing,topic_direct,existing
人生海海.md,WL-WORK-2716,T6,T6 当代全球文学,R2 东亚文学,M5 战后与当代美学范式,G3 小说,QH2.3 家庭与家族 | QH2.5 童年与成长 | QH7 历史、记忆与时间,△,existing,existing,existing,existing,existing,existing
人类之子.md,WL-WORK-0977,T6,T6 当代全球文学,R4 欧洲文学,M5 战后与当代美学范式,G3 小说,QT6 乌托邦、反乌托邦与社会想象,△,existing,existing,existing,existing,existing,existing
人类的群星闪耀时.md,WL-WORK-2715,T4,T4 全球现代主义时代,R4 欧洲文学,M3 现代主义与先锋派,G6 纪实与文学非虚构,QH5 权力、制度与秩序 | QH7 历史、记忆与时间,△,existing,existing,existing,existing,existing,existing
人间失格.md,WL-WORK-0978,T5,T5 二战后多极文学,R2 东亚文学,M5 战后与当代美学范式,G3 小说,QH2.5 童年与成长,◆,existing,existing,existing,existing,existing,existing
人间椅子.md,WL-WORK-0579,T4,T4 全球现代主义时代,R2 东亚文学,M3 现代主义与先锋派,G3 小说,QT4 恐怖与哥特,△,existing,existing,existing,existing,existing,existing
人间王国.md,WL-WORK-0979,T5,T5 二战后多极文学,R6 拉丁美洲与加勒比,M5 战后与当代美学范式 | M5.1 战后思想与美学范式,G3 小说,QT7 历史叙事,◆,existing,existing,existing,existing,existing,existing
人间豹.md,WL-WORK-0580,T4,T4 全球现代主义时代,R2 东亚文学,M3 现代主义与先锋派,G3 小说,QT4 恐怖与哥特,△,existing,existing,existing,existing,existing,existing
人面桃花.md,WL-WORK-0980,T6,T6 当代全球文学,R2 东亚文学,M5 战后与当代美学范式,G3 小说,QT7 历史叙事,△,existing,existing,existing,existing,existing,existing
人鼠之间.md,WL-WORK-2717,T4,T4 全球现代主义时代,R5 北美文学,M2 19世纪文学思潮,G3 小说,QH1 自我、存在与生命 | QH2.5 童年与成长 | QH4 社会、阶级与劳动,△,existing,existing,existing,existing,existing,existing
仁慈之人.md,WL-WORK-0235,T6,T6 当代全球文学,R4 欧洲文学,M5 战后与当代美学范式,G3 小说,QT1 推理与犯罪叙事,△,existing,existing,existing,existing,existing,existing
今天也没变成玩偶呢.md,WL-WORK-2750,T6,T6 当代全球文学,R2 东亚文学,M5 战后与当代美学范式,G3 小说,QT3 奇幻 | QH2.1 爱情与欲望,△,existing,existing,existing,existing,existing,existing
今昔物语集.md,WL-WORK-1398,T1,T1 中古多中心文学世界,R2 东亚文学,,G3 小说,QT9 神话、传说与民间叙事,△,existing,existing,not_applicable_pre_modern,existing,existing,existing
从地球到月球.md,WL-WORK-0268,T3,T3 19世纪现代文学体系,R4 欧洲文学,M2 19世纪文学思潮,G3 小说,QT2 科幻 | QT5 冒险与探索叙事,△,existing,existing,existing,existing,existing,existing
从莫斯科到佩图什基.md,WL-WORK-1579,T5,T5 二战后多极文学,R4 欧洲文学,M5 战后与当代美学范式,G3 小说,QH6 战争、暴力与创伤,★,existing,existing,existing,existing,topic_direct,existing
他人的脸.md,WL-WORK-1580,T5,T5 二战后多极文学,R2 东亚文学,M5 战后与当代美学范式,G3 小说,QH6 战争、暴力与创伤,★,existing,existing,existing,existing,topic_direct,existing
他们宁可正确.md,WL-WORK-2896,T5,T5 二战后多极文学,R5 北美文学,M5 战后与当代美学范式,G3 小说,QH6 战争、暴力与创伤,△,existing,existing,existing,existing,mechanism,existing
他们眼望上苍.md,WL-WORK-1581,T4,T4 全球现代主义时代,R10.2 非洲离散文学 | R5 北美文学 | R5 北美文学,M3.1 现代主义 / Modernism | M4 集体文学运动与文化政治,G3 小说,QH5 权力、制度与秩序,★,existing,existing,existing,existing,mechanism,existing
他的家庭.md,WL-WORK-2958,T4,T4 全球现代主义时代,R5 北美文学,M3 现代主义与先锋派,G3 小说,QH1 自我、存在与生命,△,existing,existing,existing,existing,t_default,existing
以诺一书.md,WL-WORK-1399,T0,T0 文学源头与古代文学,R1 西亚—地中海古老传统,,G3 小说,QT9 神话、传说与民间叙事,△,existing,existing,not_applicable_pre_modern,existing,existing,existing
仪仗队.md,WL-WORK-2982,T5,T5 二战后多极文学,R5 北美文学,M5 战后与当代美学范式,G3 小说,QH6 战争、暴力与创伤,△,existing,existing,existing,existing,mechanism,existing
仲夏夜之梦.md,WL-WORK-2010,T2,T2 早期现代文学,R4 欧洲文学,M1 早期现代思想与美学,G3 小说,QH2.1 爱情与欲望,△,existing,existing,existing,existing,existing,existing
仿生人会梦见电子羊吗？.md,WL-WORK-0329,T5,T5 二战后多极文学,R5 北美文学,M5 战后与当代美学范式,G3 小说,QT2 科幻 | QT6 乌托邦、反乌托邦与社会想象,△,existing,existing,existing,existing,existing,existing
伊万.md,WL-WORK-1400,T1,T1 中古多中心文学世界,R4 欧洲文学,,G3 小说,QT9 神话、传说与民间叙事,△,existing,existing,not_applicable_pre_modern,existing,existing,existing
伊凡·伊里奇之死.md,WL-WORK-2843,T3,T3 19世纪现代文学体系,R4 欧洲文学,M2 19世纪文学思潮,G3 小说,QH4 社会、阶级与劳动,◆,existing,existing,existing,existing,t_default,existing
伊凡·杰尼索维奇的一天.md,WL-WORK-1582,T5,T5 二战后多极文学,R4 欧洲文学,M5 战后与当代美学范式,G3 小说,QH6 战争、暴力与创伤,★,existing,existing,existing,existing,topic_direct,existing
伊利亚特.md,WL-WORK-0581,T0,T0 文学源头与古代文学,R1 西亚—地中海古老传统,,G3 小说,QT3 奇幻 | QT7 历史叙事 | QT9 神话、传说与民间叙事 | QH6 战争、暴力与创伤,★,existing,existing,not_applicable_pre_modern,existing,existing,existing
伊南娜下降冥界.md,WL-WORK-1401,T0,T0 文学源头与古代文学,R1 西亚—地中海古老传统,,G3 小说,QT9 神话、传说与民间叙事,△,existing,existing,not_applicable_pre_modern,existing,existing,existing
伊南娜与杜穆兹.md,WL-WORK-1402,T0,T0 文学源头与古代文学,R1 西亚—地中海古老传统,,G3 小说,QT9 神话、传说与民间叙事,△,existing,existing,not_applicable_pre_modern,existing,existing,existing
伊斯梅利略.md,WL-WORK-M2-7A6E3BA9D5E1,T3,T3 19世纪现代文学体系,R6 拉丁美洲与加勒比,M2 19世纪文学思潮 / 拉美 Modernismo,G3 小说,QH4 社会、阶级与劳动,◆,existing,author_model,existing,t_default,t_default,other_topic
伊本·白图泰游记.md,WL-WORK-T1-RIHLA,T1,T1 中古多中心文学世界,R1 西亚—地中海古老传统,,G4 散文与随笔 | G6 纪实与文学非虚构,QT14 旅行与游记,★,existing,existing,not_applicable_pre_modern,existing,existing,existing
伊甸之东.md,WL-WORK-0983,T5,T5 二战后多极文学,R5 北美文学,M3 现代主义与先锋派,G3 小说,QH2.3 家庭与家族,△,existing,existing,existing,existing,existing,existing
伊豆的舞女.md,WL-WORK-2014,T4,T4 全球现代主义时代,R2 东亚文学,M3 现代主义与先锋派,G3 小说,QH2.1 爱情与欲望,△,existing,existing,existing,existing,existing,existing
休·赛尔温·毛伯利.md,WL-WORK-1584,T4,T4 全球现代主义时代,R5 北美文学,M3.1 现代主义 / Modernism,G1 诗歌,QH1 自我、存在与生命,△,existing,existing,existing,existing,t_default,existing
休战.md,WL-WORK-2015,T5,T5 二战后多极文学,R4 欧洲文学,M5 战后与当代美学范式,G3 小说,QH6 战争、暴力与创伤,△,existing,existing,existing,existing,existing,existing
众王荣耀.md,WL-WORK-1403,T6,T6 当代全球文学,R5 北美文学,M5 战后与当代美学范式,G3 小说,QT9 神话、传说与民间叙事,△,existing,existing,existing,existing,existing,existing
伙计.md,WL-WORK-1585,T5,T5 二战后多极文学,R5 北美文学,M5 战后与当代美学范式,G3 小说,QH6 战争、暴力与创伤,◆,existing,existing,existing,existing,topic_direct,existing
会饮篇.md,WL-WORK-2017,T0,T0 文学源头与古代文学,R1 西亚—地中海古老传统,,G3 小说,QH2.1 爱情与欲望,△,existing,existing,not_applicable_pre_modern,existing,existing,existing
传奇与拿铁.md,WL-WORK-0582,T6,T6 当代全球文学,R5 北美文学,M5 战后与当代美学范式,G3 小说,QT3 奇幻,★,existing,existing,existing,existing,existing,existing
传说（尼玛·尤希吉）.md,WL-WORK-R1-NIMA-AFSANEH,T4,T4 全球现代主义时代,R1 西亚—地中海古老传统,M3 现代主义与先锋派,G3 小说,QH1 自我、存在与生命,◆,existing,existing,t_default,t_default,t_default,other_topic
伤痕.md,WL-WORK-0583,T6,T6 当代全球文学,R4 欧洲文学,M5 战后与当代美学范式,G3 小说,QT3 奇幻,△,existing,existing,existing,existing,existing,existing
伪君子.md,WL-WORK-2830,T2,T2 早期现代文学,R4 欧洲文学,M1 早期现代思想与美学,G2 戏剧,QH5 权力、制度与秩序,◆,existing,existing,existing,existing,existing,existing
伪装.md,WL-WORK-2948,T6,T6 当代全球文学,R5 北美文学,M5 战后与当代美学范式,G3 小说,QH3 身份、身体与归属,△,existing,existing,existing,existing,t_default,existing
但以理书.md,WL-WORK-1404,T0,T0 文学源头与古代文学,R1 西亚—地中海古老传统,,G3 小说,QT9 神话、传说与民间叙事,△,existing,existing,not_applicable_pre_modern,existing,existing,existing
低地.md,WL-WORK-0985,T6,T6 当代全球文学,R10 跨区域文学传统,M5 战后与当代美学范式,G3 小说,QH2.3 家庭与家族,△,existing,topic_direct,existing,existing,existing,existing
体育馆之谜.md,WL-WORK-0203,T6,T6 当代全球文学,R2 东亚文学,M5 战后与当代美学范式,G3 小说,QT1 推理与犯罪叙事,△,existing,existing,existing,existing,existing,existing
何以笙箫默.md,WL-WORK-2018,T6,T6 当代全球文学,R2 东亚文学,M5 战后与当代美学范式,G3 小说,QH2.1 爱情与欲望,△,existing,existing,existing,existing,existing,existing
你一生的故事.md,WL-WORK-0421,T6,T6 当代全球文学,R5 北美文学,M5 战后与当代美学范式,G3 小说,QT2 科幻,△,existing,existing,existing,existing,existing,existing
你在高原.md,WL-WORK-2878,T6,T6 当代全球文学,R2 东亚文学,M5 战后与当代美学范式,G3 小说,QH6 战争、暴力与创伤,△,existing,existing,existing,existing,mechanism,existing
你往何处去.md,WL-WORK-0986,T4,T4 全球现代主义时代,R4 欧洲文学,M2 19世纪文学思潮,G3 小说,QT7 历史叙事,△,existing,existing,existing,existing,existing,existing
佩伽纳诸神.md,WL-WORK-0585,T4,T4 全球现代主义时代,R4 欧洲文学,M3 现代主义与先锋派,G3 小说,QT3 奇幻,△,existing,existing,existing,existing,existing,existing
佩利亚斯与梅丽桑德.md,WL-WORK-M2-3C2840501067,T3,T3 19世纪现代文学体系,R4 欧洲文学,M2 19世纪文学思潮 / 象征主义,G3 小说,QH4 社会、阶级与劳动,◆,existing,t_default,existing,t_default,t_default,other_topic
佩尔西瓦尔.md,WL-WORK-1407,T1,T1 中古多中心文学世界,R4 欧洲文学,,G3 小说,QT9 神话、传说与民间叙事,△,existing,existing,not_applicable_pre_modern,existing,existing,existing
佩德罗·巴拉莫.md,WL-WORK-0987,T5,T5 二战后多极文学,R6 拉丁美洲与加勒比,M5 战后与当代美学范式 | M5.1 战后思想与美学范式,G3 小说,QH2.3 家庭与家族 | QH7 历史、记忆与时间,★,existing,existing,existing,existing,existing,existing
使命.md,WL-WORK-1587,T4,T4 全球现代主义时代,R4 欧洲文学,M3.1 现代主义 / Modernism,G1 诗歌,QH1 自我、存在与生命,△,existing,existing,existing,existing,t_default,existing
使女的故事.md,WL-WORK-0363,T6,T6 当代全球文学,R5 北美文学 | R5 北美文学,M4 政治、民族与文化运动 | M5 战后与当代美学范式,G3 小说,QT2 科幻 | QT6 乌托邦、反乌托邦与社会想象 | QH3.1 性别与身体 | QH5 权力、制度与秩序,★,existing,existing,existing,existing,existing,existing
侠客行.md,WL-WORK-2449,T5,T5 二战后多极文学,R2 东亚文学,M5 战后与当代美学范式,G3 小说,QT8 英雄、边疆与法外者文化传统 | QT8.1 武侠,△,existing,existing,existing,existing,existing,existing
俄狄浦斯王.md,WL-WORK-1408,T0,T0 文学源头与古代文学,R1 西亚—地中海古老传统,,G3 小说,QT9 神话、传说与民间叙事,★,existing,existing,not_applicable_pre_modern,existing,existing,existing
俄瑞斯忒亚.md,WL-WORK-2809,T0,T0 文学源头与古代文学,R4 欧洲文学,,G2 戏剧,QH8 信仰、伦理与超越,◆,existing,existing,not_applicable_pre_modern,existing,t_default,existing
俗世奇人.md,WL-WORK-2720,T6,T6 当代全球文学,R2 东亚文学,M5 战后与当代美学范式,G3 小说,QH4 社会、阶级与劳动,△,existing,existing,t_default,existing,existing,existing
俗丽之夜.md,WL-WORK-0049,T4,T4 全球现代主义时代,R4 欧洲文学,M3 现代主义与先锋派,G3 小说,QT1 推理与犯罪叙事,△,existing,existing,existing,existing,existing,existing
俘虏记.md,WL-WORK-1589,T5,T5 二战后多极文学,R2 东亚文学,M5 战后与当代美学范式,G3 小说,QH6 战争、暴力与创伤,★,existing,existing,existing,existing,existing,existing
保罗·策兰诗选.md,WL-WORK-3154,T5,T5 二战后多极文学,R4 欧洲文学,M5 战后与当代美学范式,G1 诗歌,QH6 战争、暴力与创伤,◆,existing,existing,existing,existing,mechanism,existing
信号员.md,WL-WORK-0587,T3,T3 19世纪现代文学体系,R4 欧洲文学,M2 19世纪文学思潮,G3 小说,QT4 恐怖与哥特,△,existing,existing,existing,existing,existing,existing
修桶人.md,WL-WORK-2993,T5,T5 二战后多极文学,R5 北美文学,M5 战后与当代美学范式,G3 小说,QH6 战争、暴力与创伤,△,existing,existing,existing,existing,mechanism,existing
倚天屠龙记.md,WL-WORK-2450,T5,T5 二战后多极文学,R2 东亚文学,M5 战后与当代美学范式,G3 小说,QT8 英雄、边疆与法外者文化传统 | QT8.1 武侠,△,existing,existing,existing,existing,existing,existing
倾城之恋.md,WL-WORK-1590,T4,T4 全球现代主义时代,R2 东亚文学,M3.1 现代主义 / Modernism,G3 小说,QH2.1 爱情与欲望,△,existing,existing,existing,existing,existing,existing
假面的告白.md,WL-WORK-0990,T5,T5 二战后多极文学,R2 东亚文学,M5 战后与当代美学范式,G3 小说,QH2.5 童年与成长,△,existing,existing,existing,existing,existing,existing
偌大.md,WL-WORK-2963,T4,T4 全球现代主义时代,R5 北美文学,M3 现代主义与先锋派,G3 小说,QH1 自我、存在与生命,△,existing,existing,existing,existing,t_default,existing
傲慢与偏见.md,WL-WORK-0992,T3,T3 19世纪现代文学体系,R4 欧洲文学,M2 19世纪文学思潮,G3 小说,QH2.1 爱情与欲望 | QH2.3 家庭与家族 | QH4 社会、阶级与劳动,★,existing,existing,existing,existing,existing,existing
傻子出国记.md,WL-WORK-1410,T3,T3 19世纪现代文学体系,R5 北美文学,M2 19世纪文学思潮,G6 纪实与文学非虚构,QT14 旅行与游记,△,existing,existing,existing,existing,existing,existing
像少年啦飞驰.md,WL-WORK-2730,T6,T6 当代全球文学,R2 东亚文学,M5 战后与当代美学范式,G3 小说,QH2.3 家庭与家族 | QH2.5 童年与成长,△,existing,existing,existing,existing,existing,existing
儒林外史.md,WL-WORK-2815,T2,T2 早期现代文学,R2 东亚文学,M1 早期现代思想与美学,G3 小说,QH5 权力、制度与秩序,◆,existing,existing,existing,existing,existing,existing
儿子与情人.md,WL-WORK-0993,T4,T4 全球现代主义时代,R4 欧洲文学,M3.1 现代主义 / Modernism,G3 小说,QH2.5 童年与成长,★,existing,existing,existing,existing,existing,existing
儿子们.md,WL-WORK-0994,T4,T4 全球现代主义时代,R5 北美文学,M3 现代主义与先锋派,G3 小说,QH2.3 家庭与家族,△,existing,existing,existing,existing,existing,existing
儿子的大玩偶.md,WL-WORK-1591,T5,T5 二战后多极文学,R2 东亚文学,M5 战后与当代美学范式,G3 小说,QH6 战争、暴力与创伤,★,existing,existing,existing,existing,topic_direct,existing
元年春之祭.md,WL-WORK-0249,T6,T6 当代全球文学,R2 东亚文学,M5 战后与当代美学范式,G3 小说,QT1 推理与犯罪叙事,△,existing,existing,existing,existing,existing,existing
元素周期表.md,WL-WORK-2739,T5,T5 二战后多极文学,R4 欧洲文学,M5 战后与当代美学范式,G5 生命书写 | G6 纪实与文学非虚构,QH6 战争、暴力与创伤 | QH7 历史、记忆与时间,△,existing,existing,existing,existing,existing,existing
兄弟.md,WL-WORK-2772,T6,T6 当代全球文学,R2 东亚文学,M5 战后与当代美学范式,G3 小说,QH2.3 家庭与家族 | QH4 社会、阶级与劳动 | QH7 历史、记忆与时间,△,existing,existing,existing,existing,existing,existing
先知.md,WL-WORK-3193,T4,T4 全球现代主义时代,R5 北美文学,M3 现代主义与先锋派,G4 散文与随笔,QH1 自我、存在与生命,◆,existing,existing,existing,existing,t_default,existing
先知之歌.md,WL-WORK-3080,T6,T6 当代全球文学,R4 欧洲文学,M5 战后与当代美学范式,G3 小说,QH3 身份、身体与归属,△,existing,existing,existing,existing,t_default,existing
光明王.md,WL-WORK-0347,T5,T5 二战后多极文学,R5 北美文学,M5 战后与当代美学范式,G3 小说,QT2 科幻,△,existing,existing,existing,existing,existing,existing
克拉丽莎.md,WL-WORK-2020,T2,T2 早期现代文学,R4 欧洲文学,M1 早期现代思想与美学,G3 小说,QH2.1 爱情与欲望,△,existing,existing,existing,existing,existing,existing
克拉拉与太阳.md,WL-WORK-0432,T6,T6 当代全球文学,R4 欧洲文学,M5 战后与当代美学范式,G3 小说,QT2 科幻,△,existing,existing,existing,existing,existing,existing
克苏鲁的呼唤.md,WL-WORK-0589,T4,T4 全球现代主义时代,R5 北美文学,M3 现代主义与先锋派,G3 小说,QT4 恐怖与哥特,△,existing,existing,existing,existing,existing,existing
克莱芙王妃.md,WL-WORK-0995,T2,T2 早期现代文学,R4 欧洲文学,M1 早期现代思想与美学,G3 小说,QH2.5 童年与成长 | QT7 历史叙事,◆,existing,existing,existing,existing,existing,existing
克里希纳普尔围城.md,WL-WORK-3039,T5,T5 二战后多极文学,R4 欧洲文学,M5 战后与当代美学范式,G3 小说,QH6 战争、暴力与创伤,△,existing,existing,existing,existing,mechanism,existing
克里斯丁·拉夫朗斯达特.md,WL-WORK-3217,T4,T4 全球现代主义时代,R4 欧洲文学,M3 现代主义与先锋派,G3 小说,QH1 自我、存在与生命,◆,existing,existing,existing,existing,t_default,existing
克里斯汀.md,WL-WORK-0590,T6,T6 当代全球文学,R5 北美文学,M5 战后与当代美学范式,G3 小说,QT4 恐怖与哥特,△,existing,existing,existing,existing,existing,existing
克里斯汀·拉夫兰斯女.md,WL-WORK-0996,T4,T4 全球现代主义时代,R4 欧洲文学,M3 现代主义与先锋派,G3 小说,QT7 历史叙事,△,existing,existing,existing,existing,existing,existing
兔子富了.md,WL-WORK-3002,T6,T6 当代全球文学,R5 北美文学,M5 战后与当代美学范式,G3 小说,QH3 身份、身体与归属,△,existing,existing,existing,existing,t_default,existing
兔子歇了.md,WL-WORK-3008,T6,T6 当代全球文学,R5 北美文学,M5 战后与当代美学范式,G3 小说,QH3 身份、身体与归属,△,existing,existing,existing,existing,t_default,existing
全系统红.md,WL-WORK-0419,T6,T6 当代全球文学,R5 北美文学,M5 战后与当代美学范式,G3 小说,QT2 科幻,△,existing,existing,existing,existing,existing,existing
全部成为F.md,WL-WORK-0188,T6,T6 当代全球文学,R2 东亚文学,M5 战后与当代美学范式,G3 小说,QT1 推理与犯罪叙事,△,existing,existing,existing,existing,existing,existing
八墓村.md,WL-WORK-0154,T5,T5 二战后多极文学,R2 东亚文学,M5 战后与当代美学范式,G3 小说,QT1 推理与犯罪叙事,△,existing,existing,existing,existing,existing,existing
公主与哥布林.md,WL-WORK-0592,T3,T3 19世纪现代文学体系,R4 欧洲文学,M2 19世纪文学思潮,G3 小说,QT3 奇幻,△,existing,existing,existing,existing,existing,existing
公民文斯.md,WL-WORK-3132,T6,T6 当代全球文学,R5 北美文学,M5 战后与当代美学范式,G3 小说,QH3 身份、身体与归属,△,existing,existing,existing,existing,t_default,existing
公羊的节日.md,WL-WORK-0997,T6,T6 当代全球文学,R6 拉丁美洲与加勒比,M5 战后与当代美学范式,G3 小说,QT7 历史叙事,△,existing,existing,existing,existing,existing,existing
六个寻找作者的剧中人.md,WL-WORK-1592,T4,T4 全球现代主义时代,R4 欧洲文学,M3.1 现代主义 / Modernism,G2 戏剧,QH1 自我、存在与生命,△,existing,existing,existing,existing,t_default,existing
兰克玛之剑.md,WL-WORK-0593,T5,T5 二战后多极文学,R5 北美文学,M5 战后与当代美学范式,G3 小说,QT3 奇幻,△,existing,existing,existing,existing,existing,existing
兰斯洛特.md,WL-WORK-1412,T1,T1 中古多中心文学世界,R4 欧洲文学,,G3 小说,QT9 神话、传说与民间叙事,△,existing,existing,not_applicable_pre_modern,existing,existing,existing
兰斯洛特：大车骑士.md,WL-WORK-2022,T1,T1 中古多中心文学世界,R4 欧洲文学,,G3 小说,QH2.1 爱情与欲望,△,existing,existing,not_applicable_pre_modern,existing,existing,existing
关于女儿.md,WL-WORK-2690,T6,T6 当代全球文学,R2 东亚文学,M5 战后与当代美学范式,G3 小说,QH2.3 家庭与家族 | QH3.1 性别与身体,△,existing,existing,existing,existing,existing,existing
关原.md,WL-WORK-2455,T5,T5 二战后多极文学,R2 东亚文学,M5 战后与当代美学范式,G3 小说,QT8 英雄、边疆与法外者文化传统 | QT8.3 日本武士与剑豪,△,existing,existing,existing,existing,existing,existing
其主之声.md,WL-WORK-0334,T5,T5 二战后多极文学,R4 欧洲文学,M5 战后与当代美学范式,G3 小说,QT2 科幻,△,existing,existing,existing,existing,existing,existing
内塔尼亚胡一家.md,WL-WORK-3029,T6,T6 当代全球文学,R5 北美文学,M5 战后与当代美学范式,G3 小说,QH3 身份、身体与归属,△,existing,existing,existing,existing,t_default,existing
再见，冥王星.md,WL-WORK-2760,T6,T6 当代全球文学,R2 东亚文学,M5 战后与当代美学范式,G3 小说,QH2.1 爱情与欲望 | QH2.3 家庭与家族 | QH2.5 童年与成长,△,existing,existing,existing,existing,existing,existing
再见，吾爱.md,WL-WORK-0076,T4,T4 全球现代主义时代,R5 北美文学,M3 现代主义与先锋派,G3 小说,QT1 推理与犯罪叙事,△,existing,existing,existing,existing,existing,existing
再见，哥伦布.md,WL-WORK-1594,T5,T5 二战后多极文学,R5 北美文学,M5 战后与当代美学范式,G3 小说,QH6 战争、暴力与创伤,★,existing,existing,existing,existing,topic_direct,existing
写在身体上.md,WL-WORK-2023,T6,T6 当代全球文学,R4 欧洲文学,M5 战后与当代美学范式,G3 小说,QH2.1 爱情与欲望,△,existing,existing,existing,existing,existing,existing
冬天里的春天.md,WL-WORK-2859,T6,T6 当代全球文学,R2 东亚文学,M5 战后与当代美学范式,G3 小说,QH6 战争、暴力与创伤,△,existing,existing,existing,existing,mechanism,existing
冬王.md,WL-WORK-0594,T6,T6 当代全球文学,R4 欧洲文学,M5 战后与当代美学范式,G3 小说,QT3 奇幻,△,existing,existing,existing,existing,existing,existing
冰是睡着的水.md,WL-WORK-2770,T6,T6 当代全球文学,R2 东亚文学,M5 战后与当代美学范式,G3 小说,QH6 战争、暴力与创伤,△,existing,existing,existing,existing,existing,existing
冰菓.md,WL-WORK-0199,T6,T6 当代全球文学,R2 东亚文学,M5 战后与当代美学范式,G3 小说,QT1 推理与犯罪叙事,△,existing,existing,existing,existing,existing,existing
冰雨的风暴.md,WL-WORK-0595,T6,T6 当代全球文学,R5 北美文学,M5 战后与当代美学范式,G3 小说,QT3 奇幻,△,existing,existing,existing,existing,existing,existing
冰雪女王.md,WL-WORK-0596,T3,T3 19世纪现代文学体系,R4 欧洲文学,M2 19世纪文学思潮,G3 小说,QT3 奇幻,△,existing,existing,existing,existing,existing,existing
冲击波骑士.md,WL-WORK-0998,T5,T5 二战后多极文学,R4 欧洲文学,M5 战后与当代美学范式,G3 小说,QT6 乌托邦、反乌托邦与社会想象,△,existing,existing,existing,existing,existing,existing
冷肉.md,WL-WORK-1596,T5,T5 二战后多极文学,R3 南亚文学,M5 战后与当代美学范式,G3 小说,QH6 战争、暴力与创伤,◆,existing,existing,existing,existing,topic_direct,existing
凉生我们可不可以不忧伤.md,WL-WORK-2748,T6,T6 当代全球文学,R2 东亚文学,M5 战后与当代美学范式,G3 小说,QH2.1 爱情与欲望 | QH2.3 家庭与家族 | QH2.5 童年与成长,△,existing,existing,existing,existing,existing,existing
凡人修仙传.md,WL-WORK-0597,T6,T6 当代全球文学,R2 东亚文学,M5 战后与当代美学范式,G3 小说,QT3 奇幻 | QT8 英雄、边疆与法外者文化传统 | QT8.1 武侠,△,existing,existing,existing,existing,existing,existing
凤凰剑.md,WL-WORK-0598,T4,T4 全球现代主义时代,R5 北美文学,M3 现代主义与先锋派,G3 小说,QT3 奇幻,△,existing,existing,existing,existing,existing,existing
凯恩舰哗变.md,WL-WORK-2025,T5,T5 二战后多极文学,R5 北美文学,M5 战后与当代美学范式,G3 小说,QH6 战争、暴力与创伤,★,existing,existing,existing,existing,existing,existing
凯瑟琳·安·波特短篇小说集.md,WL-WORK-2992,T5,T5 二战后多极文学,R5 北美文学,M5 战后与当代美学范式,G3 小说,QH6 战争、暴力与创伤,△,existing,existing,existing,existing,mechanism,existing
凯雷特史诗.md,WL-WORK-1413,T0,T0 文学源头与古代文学,R1 西亚—地中海古老传统,,G3 小说,QT9 神话、传说与民间叙事,△,existing,existing,not_applicable_pre_modern,existing,existing,existing
凶人邸谜案.md,WL-WORK-0207,T6,T6 当代全球文学,R2 东亚文学,M5 战后与当代美学范式,G3 小说,QT1 推理与犯罪叙事,△,existing,existing,existing,existing,existing,existing
出埃及记.md,WL-WORK-1414,T0,T0 文学源头与古代文学,R1 西亚—地中海古老传统,,G3 小说,QT9 神话、传说与民间叙事,◆,existing,existing,not_applicable_pre_modern,existing,existing,existing
出租.md,WL-WORK-1000,T4,T4 全球现代主义时代,R4 欧洲文学,M3 现代主义与先锋派,G3 小说,QH2.3 家庭与家族,△,existing,existing,existing,existing,existing,existing
击剑大师.md,WL-WORK-2458,T6,T6 当代全球文学,R4 欧洲文学,M5 战后与当代美学范式,G3 小说,QT8 英雄、边疆与法外者文化传统 | QT8.4 欧洲剑客,△,existing,existing,existing,existing,existing,existing
刀锋本身.md,WL-WORK-0600,T6,T6 当代全球文学,R4 欧洲文学,M5 战后与当代美学范式,G3 小说,QT3 奇幻,△,existing,existing,existing,existing,existing,existing
分家.md,WL-WORK-1002,T4,T4 全球现代主义时代,R5 北美文学,M3 现代主义与先锋派,G3 小说,QH2.3 家庭与家族,△,existing,existing,existing,existing,existing,existing
分裂的天空.md,WL-WORK-1597,T5,T5 二战后多极文学,R4 欧洲文学,M5 战后与当代美学范式,G3 小说,QH6 战争、暴力与创伤,★,existing,existing,existing,existing,topic_direct,existing
切尔诺贝利的悲鸣.md,WL-WORK-2026,T6,T6 当代全球文学,R4 欧洲文学,M5 战后与当代美学范式,G6 纪实与文学非虚构,QH6 战争、暴力与创伤 | QH7 历史、记忆与时间,△,existing,existing,existing,existing,existing,existing
列王的纷争.md,WL-WORK-0601,T6,T6 当代全球文学,R5 北美文学,M5 战后与当代美学范式,G3 小说,QT3 奇幻,△,existing,existing,existing,existing,existing,existing
列王纪.md,WL-WORK-1416,T1,T1 中古多中心文学世界,R1 西亚—地中海古老传统,,G1 诗歌,QT9 神话、传说与民间叙事 | QH6 战争、暴力与创伤,★,existing,existing,not_applicable_pre_modern,existing,existing,existing
列车正点到达.md,WL-WORK-1598,T5,T5 二战后多极文学,R4 欧洲文学,M5 战后与当代美学范式,G3 小说,QH6 战争、暴力与创伤,★,existing,existing,existing,existing,topic_direct,existing
创世记.md,WL-WORK-1004,T0,T0 文学源头与古代文学,R1 西亚—地中海古老传统,,G3 小说,QH2.3 家庭与家族 | QT9 神话、传说与民间叙事,★,existing,existing,not_applicable_pre_modern,existing,existing,existing
创业史.md,WL-WORK-1599,T5,T5 二战后多极文学,R2 东亚文学,M5 战后与当代美学范式,G3 小说,QH6 战争、暴力与创伤,★,existing,existing,existing,existing,topic_direct,existing
利器.md,WL-WORK-0130,T6,T6 当代全球文学,R5 北美文学,M5 战后与当代美学范式,G3 小说,QT1 推理与犯罪叙事,△,existing,existing,existing,existing,existing,existing
利维坦觉醒.md,WL-WORK-0410,T6,T6 当代全球文学,R5 北美文学,M5 战后与当代美学范式,G3 小说,QT2 科幻,△,existing,existing,existing,existing,existing,existing
别名格蕾丝.md,WL-WORK-1005,T6,T6 当代全球文学,R5 北美文学,M5 战后与当代美学范式,G3 小说,QT7 历史叙事,△,existing,existing,existing,existing,existing,existing
别让我走.md,WL-WORK-0431,T6,T6 当代全球文学,R4 欧洲文学,M5 战后与当代美学范式,G3 小说,QT2 科幻 | QH2.5 童年与成长 | QT6 乌托邦、反乌托邦与社会想象,★,existing,existing,existing,existing,existing,existing
到灯塔去.md,WL-WORK-1006,T4,T4 全球现代主义时代,R4 欧洲文学,M3.1 现代主义 / Modernism,G3 小说,QH2.3 家庭与家族 | QH7 历史、记忆与时间,★,existing,existing,existing,existing,existing,existing
刺客学徒.md,WL-WORK-0603,T6,T6 当代全球文学,R5 北美文学,M5 战后与当代美学范式,G3 小说,QT3 奇幻,△,existing,existing,existing,existing,existing,existing
刺青杀人事件.md,WL-WORK-0157,T5,T5 二战后多极文学,R2 东亚文学,M5 战后与当代美学范式,G3 小说,QT1 推理与犯罪叙事,△,existing,existing,existing,existing,existing,existing
刽子手之歌.md,WL-WORK-3000,T5,T5 二战后多极文学,R5 北美文学,M5 战后与当代美学范式,G3 小说,QH6 战争、暴力与创伤,△,existing,existing,existing,existing,mechanism,existing
前赤壁赋.md,WL-WORK-1418,T1,T1 中古多中心文学世界,R2 东亚文学,,G6 纪实与文学非虚构,QT14 旅行与游记,△,existing,existing,not_applicable_pre_modern,existing,existing,existing
剑与恶魔.md,WL-WORK-0604,T5,T5 二战后多极文学,R5 北美文学,M5 战后与当代美学范式,G3 小说,QT3 奇幻,△,existing,existing,existing,existing,existing,existing
剑客商卖.md,WL-WORK-2459,T5,T5 二战后多极文学,R2 东亚文学,M5 战后与当代美学范式,G3 小说,QT8 英雄、边疆与法外者文化传统 | QT8.3 日本武士与剑豪,△,existing,existing,existing,existing,existing,existing
剑气珠光.md,WL-WORK-2460,T4,T4 全球现代主义时代,R2 东亚文学,M3 现代主义与先锋派,G3 小说,QT8 英雄、边疆与法外者文化传统 | QT8.1 武侠,△,existing,existing,existing,existing,existing,existing
剑海鹰扬.md,WL-WORK-2461,T5,T5 二战后多极文学,R2 东亚文学,M5 战后与当代美学范式,G3 小说,QT8 英雄、边疆与法外者文化传统 | QT8.1 武侠,△,existing,existing,existing,existing,existing,existing
剧毒.md,WL-WORK-0046,T4,T4 全球现代主义时代,R4 欧洲文学,M3 现代主义与先锋派,G3 小说,QT1 推理与犯罪叙事,△,existing,existing,existing,existing,existing,existing
副本.md,WL-WORK-0396,T6,T6 当代全球文学,R4 欧洲文学,M5 战后与当代美学范式,G3 小说,QT2 科幻 | QT6 乌托邦、反乌托邦与社会想象,△,existing,existing,existing,existing,existing,existing
力量.md,WL-WORK-2950,T6,T6 当代全球文学,R5 北美文学,M5 战后与当代美学范式,G3 小说,QH3 身份、身体与归属,△,existing,existing,existing,existing,t_default,existing
劝导.md,WL-WORK-2027,T3,T3 19世纪现代文学体系,R4 欧洲文学,M2 19世纪文学思潮,G3 小说,QH2.1 爱情与欲望,△,existing,existing,existing,existing,existing,existing
功名十字路.md,WL-WORK-2462,T5,T5 二战后多极文学,R2 东亚文学,M5 战后与当代美学范式,G3 小说,QT8 英雄、边疆与法外者文化传统 | QT8.3 日本武士与剑豪,△,existing,existing,existing,existing,existing,existing
加勒比女王.md,WL-WORK-2463,T4,T4 全球现代主义时代,R4 欧洲文学,M3 现代主义与先锋派,G3 小说,QT8 英雄、边疆与法外者文化传统 | QT8.4 欧洲剑客 | QT8.8 海盗,△,existing,existing,existing,existing,existing,existing
加尔顿案件.md,WL-WORK-0089,T5,T5 二战后多极文学,R5 北美文学,M5 战后与当代美学范式,G3 小说,QT1 推理与犯罪叙事,△,existing,existing,existing,existing,existing,existing
加布里埃拉.md,WL-WORK-3207,T5,T5 二战后多极文学,R6 拉丁美洲与加勒比,M5 战后与当代美学范式,G3 小说,QH5 权力、制度与秩序,◆,existing,existing,existing,existing,mechanism,existing
加速.md,WL-WORK-0397,T6,T6 当代全球文学,R4 欧洲文学,M5 战后与当代美学范式,G3 小说,QT2 科幻,△,existing,existing,existing,existing,existing,existing
动物农场.md,WL-WORK-2683,T5,T5 二战后多极文学,R4 欧洲文学,M4 政治、民族与文化运动,G3 小说,QT2 科幻 | QT6 乌托邦、反乌托邦与社会想象 | QH5 权力、制度与秩序,◆,existing,existing,existing,existing,existing,existing
劳儿之劫.md,WL-WORK-1602,T5,T5 二战后多极文学,R4 欧洲文学,M5 战后与当代美学范式,G3 小说,QH6 战争、暴力与创伤,★,existing,existing,existing,existing,topic_direct,existing
勒内.md,WL-WORK-M2-62EF7614199C,T3,T3 19世纪现代文学体系,R4 欧洲文学,M2 19世纪文学思潮 / 浪漫主义,G3 小说,QH4 社会、阶级与劳动,◆,existing,t_default,existing,t_default,t_default,other_topic
包法利夫人.md,WL-WORK-2028,T3,T3 19世纪现代文学体系,R4 欧洲文学,M2 19世纪文学思潮 | M2 19世纪文学思潮 / 现实主义,G3 小说,QH2.1 爱情与欲望 | QH4 社会、阶级与劳动,★,existing,existing,existing,existing,existing,existing
化身博士.md,WL-WORK-0605,T3,T3 19世纪现代文学体系,R4 欧洲文学,M2 19世纪文学思潮,G3 小说,QT4 恐怖与哥特,◆,existing,existing,existing,existing,existing,existing
北上.md,WL-WORK-1007,T6,T6 当代全球文学,R2 东亚文学,M5 战后与当代美学范式,G3 小说,QT7 历史叙事,◆,existing,existing,existing,existing,existing,existing
北京折叠.md,WL-WORK-0466,T6,T6 当代全球文学,R2 东亚文学,M5 战后与当代美学范式,G3 小说,QT2 科幻 | QT6 乌托邦、反乌托邦与社会想象 | QH4 社会、阶级与劳动,△,existing,existing,existing,existing,existing,existing
北欧众神.md,WL-WORK-0606,T6,T6 当代全球文学,R4 欧洲文学,M5 战后与当代美学范式,G3 小说,QT3 奇幻,△,existing,existing,existing,existing,existing,existing
北迁季节.md,WL-WORK-1603,T5,T5 二战后多极文学,R7 非洲文学,M5 战后与当代美学范式,G3 小说,QH6 战争、暴力与创伤,★,existing,existing,existing,existing,topic_direct,existing
北风的背后.md,WL-WORK-0607,T3,T3 19世纪现代文学体系,R4 欧洲文学,M2 19世纪文学思潮,G3 小说,QT3 奇幻,△,existing,existing,existing,existing,existing,existing
医者之战.md,WL-WORK-2938,T6,T6 当代全球文学,R5 北美文学,M5 战后与当代美学范式,G3 小说,QH3 身份、身体与归属,△,existing,existing,existing,existing,t_default,existing
十二国记：月之影 影之海.md,WL-WORK-0608,T6,T6 当代全球文学,R2 东亚文学,M5 战后与当代美学范式,G3 小说,QT3 奇幻,△,existing,existing,existing,existing,existing,existing
十八岁出门远行.md,WL-WORK-2783,T6,T6 当代全球文学,R2 东亚文学,M5 战后与当代美学范式,G3 小说,QH1 自我、存在与生命,△,existing,existing,existing,existing,existing,existing
十字军骑士.md,WL-WORK-2465,T3,T3 19世纪现代文学体系,R4 欧洲文学,M2 19世纪文学思潮,G3 小说,QT8 英雄、边疆与法外者文化传统 | QT8.4 欧洲剑客,△,existing,existing,existing,existing,existing,existing
十字架上的魔鬼.md,WL-WORK-3197,T6,T6 当代全球文学,R7 非洲文学,M5 战后与当代美学范式,G3 小说,QH3 身份、身体与归属,◆,existing,existing,existing,existing,mechanism,existing
十日谈.md,WL-WORK-2813,T1,T1 中古多中心文学世界,R4 欧洲文学,M1 早期现代思想与美学,G3 小说,QH8 信仰、伦理与超越,◆,existing,existing,existing,existing,mechanism,existing
十月国度.md,WL-WORK-0609,T5,T5 二战后多极文学,R5 北美文学,M5 战后与当代美学范式,G3 小说,QT4 恐怖与哥特,△,existing,existing,existing,existing,existing,existing
十角馆事件.md,WL-WORK-0179,T6,T6 当代全球文学,R2 东亚文学,M5 战后与当代美学范式,G3 小说,QT1 推理与犯罪叙事,△,existing,existing,existing,existing,existing,existing
千禧年人.md,WL-WORK-1008,T6,T6 当代全球文学,R4 欧洲文学,M5 战后与当代美学范式,G3 小说,QT6 乌托邦、反乌托邦与社会想象,△,existing,existing,existing,existing,existing,existing
千里江山图.md,WL-WORK-2894,T6,T6 当代全球文学,R2 东亚文学,M5 战后与当代美学范式,G3 小说,QH6 战争、暴力与创伤,△,existing,existing,existing,existing,mechanism,existing
午夜之子.md,WL-WORK-0611,T6,T6 当代全球文学,R3 南亚文学,M5 战后与当代美学范式 | M5.1 战后思想与美学范式,G3 小说,QT3 奇幻 | QH2.5 童年与成长 | QH2.3 家庭与家族 | QT7 历史叙事 | QH7 历史、记忆与时间,★,existing,existing,existing,existing,existing,existing
午夜凶铃.md,WL-WORK-0612,T6,T6 当代全球文学,R2 东亚文学,M5 战后与当代美学范式,G3 小说,QT4 恐怖与哥特,△,existing,existing,existing,existing,existing,existing
半生缘.md,WL-WORK-2029,T5,T5 二战后多极文学,R2 东亚文学,M5 战后与当代美学范式,G3 小说,QH2.1 爱情与欲望,△,existing,existing,existing,existing,existing,existing
半落.md,WL-WORK-0175,T6,T6 当代全球文学,R2 东亚文学,M5 战后与当代美学范式,G3 小说,QT1 推理与犯罪叙事,△,existing,existing,existing,existing,existing,existing
半轮黄日.md,WL-WORK-1009,T6,T6 当代全球文学,R7 非洲文学,M5 战后与当代美学范式,G3 小说,QH2.3 家庭与家族 | QT7 历史叙事 | QH6 战争、暴力与创伤 | QH7 历史、记忆与时间,★,existing,existing,existing,existing,existing,existing
华冈青洲之妻.md,WL-WORK-1010,T5,T5 二战后多极文学,R2 东亚文学,M5 战后与当代美学范式,G3 小说,QH2.3 家庭与家族,△,existing,existing,existing,existing,existing,existing
华夏集.md,WL-WORK-1605,T4,T4 全球现代主义时代,R5 北美文学,M3.1 现代主义 / Modernism,G1 诗歌,QH1 自我、存在与生命,△,existing,existing,existing,existing,t_default,existing
华氏451.md,WL-WORK-0319,T5,T5 二战后多极文学,R5 北美文学,M5 战后与当代美学范式,G3 小说,QT2 科幻 | QT6 乌托邦、反乌托邦与社会想象,★,existing,existing,existing,existing,existing,existing
华胥引.md,WL-WORK-2747,T6,T6 当代全球文学,R2 东亚文学,M5 战后与当代美学范式,G3 小说,QT3 奇幻 | QH2.1 爱情与欲望,△,existing,existing,existing,existing,existing,existing
卖牛奶的台维.md,WL-WORK-3194,T4,T4 全球现代主义时代,R4 欧洲文学,M3 现代主义与先锋派,G3 小说,QH1 自我、存在与生命,◆,existing,existing,existing,existing,t_default,existing
南太平洋故事.md,WL-WORK-2981,T5,T5 二战后多极文学,R5 北美文学,M5 战后与当代美学范式,G3 小说,QH6 战争、暴力与创伤,△,existing,existing,existing,existing,mechanism,existing
南方.md,WL-WORK-2468,T5,T5 二战后多极文学,R6 拉丁美洲与加勒比,M3 现代主义与先锋派,G3 小说,QT8 英雄、边疆与法外者文化传统 | QT8.6 Gaucho | QT8.7 侠盗,△,existing,existing,existing,existing,existing,existing
南方与北方.md,WL-WORK-2030,T3,T3 19世纪现代文学体系,R4 欧洲文学,M2 19世纪文学思潮,G3 小说,QH2.1 爱情与欲望,△,existing,existing,existing,existing,existing,existing
占星术杀人魔法.md,WL-WORK-0176,T6,T6 当代全球文学,R2 东亚文学,M5 战后与当代美学范式,G3 小说,QT1 推理与犯罪叙事,△,existing,existing,existing,existing,existing,existing
占有.md,WL-WORK-1012,T6,T6 当代全球文学,R4 欧洲文学,M5 战后与当代美学范式,G3 小说,QT7 历史叙事,★,existing,existing,existing,existing,existing,existing
卡卡温罗摩衍那.md,WL-WORK-1420,T1,T1 中古多中心文学世界,R3 南亚文学 | R8 东南亚文学,,G3 小说,QT9 神话、传说与民间叙事,△,existing,existing,not_applicable_pre_modern,existing,existing,existing
卡拉贾奥兰诗歌.md,WL-WORK-R1-KARACAOGLAN,T2,T2 早期现代文学,R1 西亚—地中海古老传统,M1 早期现代思想与美学,G1 诗歌,QH5 权力、制度与秩序,△,existing,existing,t_default,title,t_default,conservative_default
卡拉马佐夫兄弟.md,WL-WORK-2842,T3,T3 19世纪现代文学体系,R4 欧洲文学,M2 19世纪文学思潮 | M2 19世纪文学思潮 / 现实主义,G3 小说,QH4 社会、阶级与劳动,◆,existing,existing,existing,existing,t_default,existing
卡特里奥娜.md,WL-WORK-2469,T4,T4 全球现代主义时代,R4 欧洲文学,M2 19世纪文学思潮,G3 小说,QT5 冒险与探索叙事 | QT8 英雄、边疆与法外者文化传统 | QT8.4 欧洲剑客,△,existing,existing,existing,existing,existing,existing
卡瓦利与克雷的神奇冒险.md,WL-WORK-3017,T6,T6 当代全球文学,R5 北美文学 | R5 北美文学,M5 战后与当代美学范式,G3 小说,QH3 身份、身体与归属,△,existing,existing,existing,existing,t_default,existing
卡皮斯特拉诺的诅咒.md,WL-WORK-2470,T4,T4 全球现代主义时代,R4 欧洲文学,M3 现代主义与先锋派,G3 小说,QT8 英雄、边疆与法外者文化传统 | QT8.4 欧洲剑客 | QT8.2 欧洲骑士,△,existing,existing,t_default,existing,existing,existing
卡米拉.md,WL-WORK-0615,T3,T3 19世纪现代文学体系,R4 欧洲文学,M2 19世纪文学思潮,G3 小说,QT4 恐怖与哥特,△,existing,existing,existing,existing,existing,existing
卡里来和笛木乃.md,WL-WORK-T1-KALILA,T1,T1 中古多中心文学世界,R1 西亚—地中海古老传统,,G4 散文与随笔,QT9 神话、传说与民间叙事,★,existing,existing,not_applicable_pre_modern,existing,existing,existing
卡门.md,WL-WORK-2471,T3,T3 19世纪现代文学体系,R4 欧洲文学,M2 19世纪文学思潮,G3 小说,QT8 英雄、边疆与法外者文化传统 | QT8.7 侠盗,△,existing,existing,existing,existing,existing,existing
卡马亚尼.md,WL-WORK-R3-52950682,T4,T4 全球现代主义时代,R3 南亚文学,M3 现代主义与先锋派,G3 小说,QH1 自我、存在与生命,◆,existing,existing,t_default,t_default,t_default,other_topic
卢济塔尼亚人之歌.md,WL-WORK-3168,T2,T2 早期现代文学,R4 欧洲文学,M1 早期现代思想与美学,G1 诗歌,QH8 信仰、伦理与超越,◆,existing,existing,existing,existing,mechanism,existing
卫兵！卫兵！.md,WL-WORK-0616,T6,T6 当代全球文学,R4 欧洲文学,M5 战后与当代美学范式,G3 小说,QT3 奇幻,△,existing,existing,existing,existing,existing,existing
印卡王室述评.md,WL-WORK-1606,T2,T2 早期现代文学,R6 拉丁美洲与加勒比,M1 早期现代思想与美学,G6 纪实与文学非虚构,QH5 权力、制度与秩序,★,existing,existing,existing,existing,existing,existing
印度之行.md,WL-WORK-1607,T4,T4 全球现代主义时代,R4 欧洲文学,M3.1 现代主义 / Modernism | M4 集体文学运动与文化政治,G3 小说,QH1 自我、存在与生命,◆,existing,existing,existing,existing,t_default,existing
印斯茅斯的阴霾.md,WL-WORK-0617,T4,T4 全球现代主义时代,R5 北美文学,M3 现代主义与先锋派,G3 小说,QT4 恐怖与哥特,△,existing,existing,existing,existing,existing,existing
危险关系.md,WL-WORK-2031,T2,T2 早期现代文学,R4 欧洲文学,M1 早期现代思想与美学,G3 小说,QH2.1 爱情与欲望,◆,existing,existing,existing,existing,existing,existing
危险幻象.md,WL-WORK-0367,T5,T5 二战后多极文学,R5 北美文学,M5 战后与当代美学范式,G3 小说,QT2 科幻,△,existing,existing,existing,existing,existing,existing
厄舍府的倒塌.md,WL-WORK-0618,T3,T3 19世纪现代文学体系,R5 北美文学,M2 19世纪文学思潮,G3 小说,QT4 恐怖与哥特,△,existing,existing,existing,existing,existing,existing
历史.md,WL-WORK-1422,T0,T0 文学源头与古代文学,R4 欧洲文学,M5 战后与当代美学范式,G3 小说,QH6 战争、暴力与创伤 | QT14 旅行与游记,△,existing,existing,existing,existing,existing,existing
历史的天空.md,WL-WORK-2872,T6,T6 当代全球文学,R2 东亚文学,M5 战后与当代美学范式,G3 小说,QH6 战争、暴力与创伤,△,existing,existing,existing,existing,mechanism,existing
历史（希罗多德）.md,WL-WORK-R1-HERODOTUS-HISTORIES,T0,T0 文学源头与古代文学,R1 西亚—地中海古老传统,,G3 小说,QH8 信仰、伦理与超越,◆,existing,existing,not_applicable_pre_modern,t_default,t_default,other_topic
历史（莫兰特）.md,WL-WORK-3162,T5,T5 二战后多极文学,R4 欧洲文学,M5 战后与当代美学范式,G3 小说,QH6 战争、暴力与创伤,◆,existing,existing,existing,existing,mechanism,existing
厌世者.md,WL-WORK-2831,T2,T2 早期现代文学,R4 欧洲文学,M1 早期现代思想与美学,G2 戏剧,QH8 信仰、伦理与超越,◆,existing,existing,existing,existing,mechanism,existing
原始人.md,WL-WORK-2917,T6,T6 当代全球文学,R5 北美文学,M5 战后与当代美学范式,G3 小说,QH3 身份、身体与归属,△,existing,existing,existing,existing,t_default,existing
厨房.md,WL-WORK-2032,T6,T6 当代全球文学,R2 东亚文学,M5 战后与当代美学范式,G3 小说,QH2.1 爱情与欲望,△,existing,existing,existing,existing,existing,existing
去你四散的身躯.md,WL-WORK-2903,T5,T5 二战后多极文学,R5 北美文学,M5 战后与当代美学范式,G3 小说,QH6 战争、暴力与创伤,△,existing,existing,existing,existing,mechanism,existing
去卡拉的使命.md,WL-WORK-1609,T5,T5 二战后多极文学,R7 非洲文学,M5 战后与当代美学范式,G3 小说,QH6 战争、暴力与创伤,◆,existing,existing,existing,existing,topic_direct,existing
去吧，摩西.md,WL-WORK-1014,T4,T4 全球现代主义时代,R5 北美文学,M3 现代主义与先锋派,G3 小说,QH2.3 家庭与家族,△,existing,existing,existing,existing,existing,existing
去斯万家那边.md,WL-WORK-1610,T4,T4 全球现代主义时代,R4 欧洲文学,M3.1 现代主义 / Modernism,G3 小说,QH7 历史、记忆与时间,△,existing,existing,existing,existing,existing,existing
双城记.md,WL-WORK-1015,T3,T3 19世纪现代文学体系,R4 欧洲文学,M2 19世纪文学思潮,G3 小说,QT7 历史叙事 | QH5 权力、制度与秩序 | QH6 战争、暴力与创伤,★,existing,existing,existing,existing,existing,existing
双头恶魔.md,WL-WORK-0185,T6,T6 当代全球文学,R2 东亚文学,M5 战后与当代美学范式,G3 小说,QT1 推理与犯罪叙事,△,existing,existing,existing,existing,existing,existing
双星.md,WL-WORK-0304,T5,T5 二战后多极文学,R5 北美文学,M5 战后与当代美学范式,G3 小说,QT2 科幻,△,existing,existing,existing,existing,existing,existing
双重赔偿.md,WL-WORK-0079,T4,T4 全球现代主义时代,R5 北美文学,M3 现代主义与先锋派,G3 小说,QT1 推理与犯罪叙事,△,existing,existing,existing,existing,existing,existing
反叛者.md,WL-WORK-R3-17459640,T4,T4 全球现代主义时代,R3 南亚文学,M3 现代主义与先锋派,G3 小说,QH1 自我、存在与生命,◆,existing,existing,t_default,t_default,t_default,other_topic
发光体.md,WL-WORK-3070,T6,T6 当代全球文学,R9 大洋洲与太平洋,M5 战后与当代美学范式,G3 小说,QH3 身份、身体与归属,△,existing,existing,existing,existing,mechanism,existing
发条女孩.md,WL-WORK-0427,T6,T6 当代全球文学,R5 北美文学,M5 战后与当代美学范式,G3 小说,QT2 科幻 | QT6 乌托邦、反乌托邦与社会想象,△,existing,existing,existing,existing,existing,existing
变.md,WL-WORK-1611,T5,T5 二战后多极文学,R4 欧洲文学,M5 战后与当代美学范式 | M5.1 战后思想与美学范式,G3 小说,QH6 战争、暴力与创伤,★,existing,existing,existing,existing,topic_direct,existing
变形记.md,WL-WORK-1423,T0,T0 文学源头与古代文学,R1 西亚—地中海古老传统,,G1 诗歌,QT9 神话、传说与民间叙事,★,existing,existing,not_applicable_pre_modern,existing,existing,existing
变形记（卡夫卡）.md,WL-WORK-2845,T4,T4 全球现代主义时代,R4 欧洲文学,M3.1 现代主义 / Modernism,G3 小说,QH1 自我、存在与生命,◆,existing,existing,existing,existing,existing,existing
变革时代.md,WL-WORK-2932,T5,T5 二战后多极文学,R5 北美文学,M5 战后与当代美学范式,G3 小说,QH6 战争、暴力与创伤,△,existing,existing,existing,existing,mechanism,existing
古今和歌集.md,WL-WORK-3180,T1,T1 中古多中心文学世界,R2 东亚文学,,G1 诗歌,QH8 信仰、伦理与超越,◆,existing,existing,not_applicable_pre_modern,existing,t_default,existing
古兰经.md,WL-WORK-R1-QURAN,T1,T1 中古多中心文学世界,R1 西亚—地中海古老传统,,G3 小说,QH8 信仰、伦理与超越,◆,existing,existing,not_applicable_pre_modern,t_default,t_default,other_topic
古典爱情.md,WL-WORK-2788,T6,T6 当代全球文学,R2 东亚文学,M5 战后与当代美学范式,G3 小说,QH2.1 爱情与欲望 | QH6 战争、暴力与创伤,△,existing,existing,existing,existing,existing,existing
古拉格群岛.md,WL-WORK-1612,T5,T5 二战后多极文学,R4 欧洲文学,M5 战后与当代美学范式,G6 纪实与文学非虚构,QH6 战争、暴力与创伤,★,existing,existing,existing,existing,topic_direct,existing
古文物专家的鬼故事.md,WL-WORK-0620,T4,T4 全球现代主义时代,R4 欧洲文学,M3 现代主义与先锋派,G3 小说,QT4 恐怖与哥特,△,existing,existing,existing,existing,existing,existing
古斯特少尉.md,WL-WORK-1613,T4,T4 全球现代主义时代,R4 欧洲文学,M3.1 现代主义 / Modernism,G3 小说,QH1 自我、存在与生命,△,existing,existing,existing,existing,t_default,existing
古舟子咏.md,WL-WORK-M2-6E4EC00F3A93,T3,T3 19世纪现代文学体系,R4 欧洲文学,M2 19世纪文学思潮 / 浪漫主义,G3 小说,QH4 社会、阶级与劳动,◆,existing,t_default,existing,t_default,t_default,other_topic
古鲁·格兰特·萨希卜.md,WL-WORK-R3-62607531,T2,T2 早期现代文学,R3 南亚文学,M1 早期现代思想与美学,G3 小说,QH5 权力、制度与秩序,◆,existing,existing,t_default,t_default,t_default,other_topic
可以吃的女人.md,WL-WORK-1614,T5,T5 二战后多极文学,R5 北美文学,M5 战后与当代美学范式,G3 小说,QH6 战争、暴力与创伤,★,existing,existing,existing,existing,topic_direct,existing
可以筑巢的人.md,WL-WORK-2956,T6,T6 当代全球文学,R5 北美文学,M5 战后与当代美学范式,G3 小说,QH3 身份、身体与归属,△,existing,existing,existing,existing,t_default,existing
台北人.md,WL-WORK-1615,T5,T5 二战后多极文学,R2 东亚文学,M3.1 现代主义 / Modernism,G3 小说,QH3.5 迁徙与流亡 | QH7 历史、记忆与时间,★,existing,existing,existing,existing,existing,existing
史记.md,WL-WORK-1017,T0,T0 文学源头与古代文学,R2 东亚文学,,G3 小说,QT7 历史叙事 | QT8 英雄、边疆与法外者文化传统 | QT8.1 武侠 | QT8.7 侠盗,★,existing,existing,not_applicable_pre_modern,existing,existing,existing
史记·刺客列传.md,WL-WORK-2474,T0,T0 文学源头与古代文学,R2 东亚文学,,G3 小说,QT8 英雄、边疆与法外者文化传统 | QT8.1 武侠 | QT8.7 侠盗,△,existing,existing,not_applicable_pre_modern,existing,existing,existing
史记·游侠列传.md,WL-WORK-2475,T0,T0 文学源头与古代文学,R2 东亚文学,,G3 小说,QT8 英雄、边疆与法外者文化传统 | QT8.1 武侠 | QT8.7 侠盗,△,existing,existing,not_applicable_pre_modern,existing,existing,existing
叶甫盖尼·奥涅金.md,WL-WORK-M2-0FD416E4AD62,T3,T3 19世纪现代文学体系,R4 欧洲文学,M2 19世纪文学思潮 / 浪漫主义,G3 小说,QH4 社会、阶级与劳动,◆,existing,author_model,existing,t_default,t_default,other_topic
叶隐入门.md,WL-WORK-2477,T5,T5 二战后多极文学,R2 东亚文学,M5 战后与当代美学范式,G3 小说,QT8 英雄、边疆与法外者文化传统 | QT8.3 日本武士与剑豪,△,existing,existing,existing,existing,existing,existing
合成人.md,WL-WORK-0393,T6,T6 当代全球文学,R5 北美文学,M5 战后与当代美学范式,G3 小说,QT2 科幻,△,existing,existing,existing,existing,existing,existing
吉尔伽美什史诗.md,WL-WORK-1425,T0,T0 文学源头与古代文学,R1 西亚—地中海古老传统,,G3 小说,QT9 神话、传说与民间叙事,★,existing,existing,not_applicable_pre_modern,existing,existing,existing
吉普赛谣曲.md,WL-WORK-3157,T4,T4 全球现代主义时代,R4 欧洲文学,M3 现代主义与先锋派,G1 诗歌,QH1 自我、存在与生命,◆,existing,existing,existing,existing,t_default,existing
吉檀迦利.md,WL-WORK-2823,T4,T4 全球现代主义时代,R3 南亚文学,M3 现代主义与先锋派,G1 诗歌,QH5 权力、制度与秩序,★,existing,existing,existing,existing,mechanism,existing
吉迪恩之火.md,WL-WORK-3090,T5,T5 二战后多极文学,R4 欧洲文学,M5 战后与当代美学范式,G3 小说,QH6 战争、暴力与创伤,△,existing,existing,existing,existing,mechanism,existing
同名人.md,WL-WORK-1018,T6,T6 当代全球文学,R10 跨区域文学传统,M5 战后与当代美学范式,G3 小说,QH2.5 童年与成长 | QH2.3 家庭与家族,△,existing,topic_direct,existing,existing,existing,existing
同情者.md,WL-WORK-2034,T6,T6 当代全球文学,R5 北美文学 | R8 东南亚文学 | R5 北美文学 | R8 东南亚文学,M5 战后与当代美学范式,G3 小说,QH6 战争、暴力与创伤,★,existing,existing,existing,existing,existing,existing
名为和平的荒芜.md,WL-WORK-2926,T6,T6 当代全球文学,R5 北美文学,M5 战后与当代美学范式,G3 小说,QH3 身份、身体与归属,△,existing,existing,existing,existing,t_default,existing
名为帝国的记忆.md,WL-WORK-0412,T6,T6 当代全球文学,R5 北美文学,M5 战后与当代美学范式,G3 小说,QT2 科幻,△,existing,existing,existing,existing,existing,existing
名利场.md,WL-WORK-2035,T3,T3 19世纪现代文学体系,R4 欧洲文学,M2 19世纪文学思潮 | M2 19世纪文学思潮 / 现实主义,G3 小说,QH6 战争、暴力与创伤,◆,existing,existing,existing,existing,existing,existing
后水浒传.md,WL-WORK-2478,T2,T2 早期现代文学,R2 东亚文学,M1 早期现代思想与美学,G3 小说,QT8 英雄、边疆与法外者文化传统 | QT8.7 侠盗,△,existing,existing,existing,existing,existing,existing
后赤壁赋.md,WL-WORK-1426,T1,T1 中古多中心文学世界,R2 东亚文学,,G6 纪实与文学非虚构,QT14 旅行与游记,△,existing,existing,not_applicable_pre_modern,existing,existing,existing
向加泰罗尼亚致敬.md,WL-WORK-2036,T4,T4 全球现代主义时代,R4 欧洲文学,M5 战后与当代美学范式,G3 小说,QH6 战争、暴力与创伤,△,existing,existing,existing,existing,existing,existing
向导.md,WL-WORK-1616,T5,T5 二战后多极文学,R3 南亚文学,M5 战后与当代美学范式,G3 小说,QH6 战争、暴力与创伤,★,existing,existing,existing,existing,topic_direct,existing
向苍天呼吁.md,WL-WORK-1019,T5,T5 二战后多极文学,R5 北美文学 | R5 北美文学,M5 战后与当代美学范式,G3 小说,QH2.5 童年与成长,★,existing,existing,existing,existing,existing,existing
吕意·布拉斯.md,WL-WORK-2479,T3,T3 19世纪现代文学体系,R4 欧洲文学,M2 19世纪文学思潮,G3 小说,QT8 英雄、边疆与法外者文化传统 | QT8.4 欧洲剑客,△,existing,existing,existing,existing,existing,existing
吕西斯特拉忒.md,WL-WORK-T0-LYSISTRATA,T0,T0 文学源头与古代文学,R1 西亚—地中海古老传统,,G3 小说,QH8 信仰、伦理与超越,◆,existing,existing,not_applicable_pre_modern,t_default,t_default,other_topic
启示空间.md,WL-WORK-0407,T6,T6 当代全球文学,R4 欧洲文学,M5 战后与当代美学范式,G3 小说,QT2 科幻,△,existing,existing,existing,existing,existing,existing
吸血鬼莱斯特.md,WL-WORK-0623,T6,T6 当代全球文学,R5 北美文学,M5 战后与当代美学范式,G3 小说,QT4 恐怖与哥特,△,existing,existing,existing,existing,existing,existing
吹哨吧，我就来.md,WL-WORK-0624,T4,T4 全球现代主义时代,R4 欧洲文学,M3 现代主义与先锋派,G3 小说,QT4 恐怖与哥特,△,existing,existing,existing,existing,existing,existing
告别马焦拉.md,WL-WORK-1618,T5,T5 二战后多极文学,R4 欧洲文学,M5 战后与当代美学范式,G3 小说,QH6 战争、暴力与创伤,★,existing,existing,existing,existing,topic_direct,existing
呐喊.md,WL-WORK-1619,T4,T4 全球现代主义时代,R2 东亚文学,M3.1 现代主义 / Modernism,G3 小说,QH4 社会、阶级与劳动 | QH5 权力、制度与秩序,★,existing,existing,existing,existing,existing,existing
呼吸.md,WL-WORK-0422,T6,T6 当代全球文学,R5 北美文学,M5 战后与当代美学范式,G3 小说,QT2 科幻,△,existing,existing,existing,existing,existing,existing
呼吸课.md,WL-WORK-3006,T6,T6 当代全球文学,R5 北美文学,M5 战后与当代美学范式,G3 小说,QH3 身份、身体与归属,△,existing,existing,existing,existing,t_default,existing
呼啸山庄.md,WL-WORK-1020,T3,T3 19世纪现代文学体系,R4 欧洲文学,M2 19世纪文学思潮,G3 小说,QH2.1 爱情与欲望 | QH2.3 家庭与家族,★,existing,existing,existing,existing,existing,existing
和泉式部日记.md,WL-WORK-2037,T1,T1 中古多中心文学世界,R2 东亚文学,,G3 小说,QH2.1 爱情与欲望,△,existing,existing,not_applicable_pre_modern,existing,existing,existing
和解者之爪.md,WL-WORK-2934,T6,T6 当代全球文学,R5 北美文学,M5 战后与当代美学范式,G3 小说,QH3 身份、身体与归属,△,existing,existing,existing,existing,t_default,existing
哈克贝利·费恩历险记.md,WL-WORK-0625,T3,T3 19世纪现代文学体系,R5 北美文学 | R5 北美文学,M2 19世纪文学思潮 | M2 19世纪文学思潮 / 现实主义,G3 小说,QT5 冒险与探索叙事 | QH2.5 童年与成长,◆,existing,existing,existing,existing,existing,existing
哈利·波特与凤凰社.md,WL-WORK-0626,T6,T6 当代全球文学,R4 欧洲文学,M5 战后与当代美学范式,G3 小说,QT3 奇幻 | QH2.3 家庭与家族 | QH5 权力、制度与秩序,△,existing,existing,existing,existing,existing,existing
哈利·波特与密室.md,WL-WORK-2661,T6,T6 当代全球文学,R4 欧洲文学,M5 战后与当代美学范式,G3 小说,QT3 奇幻 | QH2.3 家庭与家族 | QH5 权力、制度与秩序,△,existing,existing,existing,existing,existing,existing
哈利·波特与死亡圣器.md,WL-WORK-2664,T6,T6 当代全球文学,R4 欧洲文学,M5 战后与当代美学范式,G3 小说,QT3 奇幻 | QH2.3 家庭与家族 | QH5 权力、制度与秩序,△,existing,existing,existing,existing,existing,existing
哈利·波特与混血王子.md,WL-WORK-2663,T6,T6 当代全球文学,R4 欧洲文学,M5 战后与当代美学范式,G3 小说,QT3 奇幻 | QH2.3 家庭与家族 | QH5 权力、制度与秩序,△,existing,existing,existing,existing,existing,existing
哈利·波特与火焰杯.md,WL-WORK-2662,T6,T6 当代全球文学,R4 欧洲文学,M5 战后与当代美学范式,G3 小说,QT3 奇幻 | QH2.3 家庭与家族 | QH5 权力、制度与秩序,△,existing,existing,existing,existing,existing,existing
哈利·波特与阿兹卡班的囚徒.md,WL-WORK-0627,T6,T6 当代全球文学,R4 欧洲文学,M5 战后与当代美学范式,G3 小说,QT3 奇幻 | QH2.3 家庭与家族 | QH5 权力、制度与秩序,△,existing,existing,existing,existing,existing,existing
哈利·波特与魔法石.md,WL-WORK-0628,T6,T6 当代全球文学,R4 欧洲文学,M5 战后与当代美学范式,G3 小说,QT3 奇幻 | QH2.3 家庭与家族 | QH5 权力、制度与秩序,△,existing,existing,existing,existing,existing,existing
哈吉·穆拉特.md,WL-WORK-2038,T3,T3 19世纪现代文学体系,R4 欧洲文学,M2 19世纪文学思潮,G3 小说,QH6 战争、暴力与创伤,△,existing,existing,existing,existing,existing,existing
哈姆雷特.md,WL-WORK-2825,T2,T2 早期现代文学,R4 欧洲文学,M1 早期现代思想与美学,G2 戏剧,QH5 权力、制度与秩序,★,existing,existing,existing,existing,t_default,existing
哈尔的移动城堡.md,WL-WORK-0629,T6,T6 当代全球文学,R4 欧洲文学,M5 战后与当代美学范式,G3 小说,QT3 奇幻,△,existing,existing,existing,existing,existing,existing
哈德良回忆录.md,WL-WORK-1022,T5,T5 二战后多极文学,R4 欧洲文学,M5 战后与当代美学范式,G3 小说,QT7 历史叙事,◆,existing,existing,existing,existing,existing,existing
哈特拉斯船长历险记.md,WL-WORK-0630,T3,T3 19世纪现代文学体系,R4 欧洲文学,M2 19世纪文学思潮,G3 小说,QT5 冒险与探索叙事,△,existing,existing,existing,existing,existing,existing
哈菲兹诗集.md,WL-WORK-R1-HAFEZ-DIVAN,T1,T1 中古多中心文学世界,R1 西亚—地中海古老传统,,G1 诗歌,QH8 信仰、伦理与超越,◆,existing,existing,not_applicable_pre_modern,title,t_default,other_topic
哈里里玛卡梅集.md,WL-WORK-3188,T1,T1 中古多中心文学世界,R1 西亚—地中海古老传统,,G3 小说,QH8 信仰、伦理与超越,◆,existing,existing,not_applicable_pre_modern,existing,mechanism,existing
哑舍.md,WL-WORK-2746,T6,T6 当代全球文学,R2 东亚文学,M5 战后与当代美学范式,G3 小说,QT3 奇幻 | QH2.1 爱情与欲望 | QH7 历史、记忆与时间,△,existing,existing,existing,existing,existing,existing
哭泣吧，亲爱的祖国.md,WL-WORK-3201,T5,T5 二战后多极文学,R7 非洲文学,M5 战后与当代美学范式,G3 小说,QH5 权力、制度与秩序,◆,existing,existing,existing,existing,mechanism,existing
唐璜.md,WL-WORK-M2-0910E69A00DB,T3,T3 19世纪现代文学体系,R4 欧洲文学,M2 19世纪文学思潮 / 浪漫主义,G3 小说,QH4 社会、阶级与劳动,◆,existing,t_default,existing,t_default,t_default,other_topic
啊，拓荒者！.md,WL-WORK-2481,T4,T4 全球现代主义时代,R5 北美文学,M3 现代主义与先锋派,G3 小说,QT8 英雄、边疆与法外者文化传统 | QT8.5 西部,△,existing,existing,existing,existing,existing,existing
喀耳刻.md,WL-WORK-0631,T6,T6 当代全球文学,R5 北美文学,M5 战后与当代美学范式,G3 小说,QT3 奇幻,△,existing,existing,existing,existing,existing,existing
喜鹊谋杀案.md,WL-WORK-0142,T6,T6 当代全球文学,R4 欧洲文学,M5 战后与当代美学范式,G3 小说,QT1 推理与犯罪叙事,△,existing,existing,existing,existing,existing,existing
喝眼泪的鸟.md,WL-WORK-0632,T6,T6 当代全球文学,R2 东亚文学,M5 战后与当代美学范式,G3 小说,QT3 奇幻,△,existing,existing,existing,existing,existing,existing
喧哗与骚动.md,WL-WORK-1025,T4,T4 全球现代主义时代,R5 北美文学 | R5 北美文学,M3.1 现代主义 / Modernism,G3 小说,QH2.5 童年与成长 | QH2.3 家庭与家族 | QH7 历史、记忆与时间,★,existing,existing,existing,existing,existing,existing
嘲笑鸟.md,WL-WORK-1026,T6,T6 当代全球文学,R5 北美文学,M5 战后与当代美学范式,G3 小说,QT6 乌托邦、反乌托邦与社会想象,△,existing,existing,existing,existing,existing,existing
嚎叫.md,WL-WORK-1622,T5,T5 二战后多极文学,R5 北美文学,M5 战后与当代美学范式 | M4 集体文学运动与文化政治,G1 诗歌,QH6 战争、暴力与创伤,★,existing,existing,existing,existing,topic_direct,existing
四世同堂.md,WL-WORK-1027,T5,T5 二战后多极文学,R2 东亚文学,M2 19世纪文学思潮,G3 小说,QH2.3 家庭与家族 | QH6 战争、暴力与创伤 | QH7 历史、记忆与时间,◆,existing,existing,existing,existing,existing,existing
四个四重奏.md,WL-WORK-1623,T4,T4 全球现代主义时代,R4 欧洲文学,M3.1 现代主义 / Modernism,G1 诗歌,QH1 自我、存在与生命,△,existing,existing,existing,existing,t_default,existing
四十五卫士.md,WL-WORK-2482,T3,T3 19世纪现代文学体系,R4 欧洲文学,M2 19世纪文学思潮,G3 小说,QT8 英雄、边疆与法外者文化传统 | QT8.4 欧洲剑客,△,existing,existing,existing,existing,existing,existing
四月三日事件.md,WL-WORK-2785,T6,T6 当代全球文学,R2 东亚文学,M5 战后与当代美学范式,G3 小说,QH1 自我、存在与生命,△,existing,existing,existing,existing,existing,existing
四朝代.md,WL-WORK-3174,T5,T5 二战后多极文学,R8 东南亚文学,M5 战后与当代美学范式,G3 小说,QH5 权力、制度与秩序,◆,existing,existing,existing,existing,mechanism,existing
四签名.md,WL-WORK-0010,T4,T4 全球现代主义时代,R4 欧洲文学,M2 19世纪文学思潮,G3 小说,QT1 推理与犯罪叙事,△,existing,existing,existing,existing,existing,existing
回响.md,WL-WORK-2895,T6,T6 当代全球文学,R2 东亚文学,M5 战后与当代美学范式,G3 小说,QH6 战争、暴力与创伤,△,existing,existing,existing,existing,mechanism,existing
回旋余地.md,WL-WORK-2998,T5,T5 二战后多极文学,R5 北美文学,M5 战后与当代美学范式,G3 小说,QH6 战争、暴力与创伤,△,existing,existing,existing,existing,mechanism,existing
回顾：2000—1887.md,WL-WORK-0265,T3,T3 19世纪现代文学体系,R5 北美文学,M2 19世纪文学思潮,G3 小说,QT2 科幻 | QT6 乌托邦、反乌托邦与社会想象,△,existing,existing,existing,existing,existing,existing
园丁之犬.md,WL-WORK-2483,T2,T2 早期现代文学,R4 欧洲文学,M1 早期现代思想与美学,G3 小说,QT8 英雄、边疆与法外者文化传统 | QT8.4 欧洲剑客,△,existing,existing,existing,existing,existing,existing
围城.md,WL-WORK-2039,T5,T5 二战后多极文学,R2 东亚文学,M5 战后与当代美学范式,G3 小说,QH2.1 爱情与欲望 | QH6 战争、暴力与创伤,◆,existing,existing,existing,existing,existing,existing
国王的人马.md,WL-WORK-2980,T5,T5 二战后多极文学,R5 北美文学,M5 战后与当代美学范式,G3 小说,QH6 战争、暴力与创伤,△,existing,existing,existing,existing,mechanism,existing
国王的赎金.md,WL-WORK-0101,T5,T5 二战后多极文学,R5 北美文学,M5 战后与当代美学范式,G3 小说,QT1 推理与犯罪叙事,△,existing,existing,existing,existing,existing,existing
国王的黄金.md,WL-WORK-2485,T6,T6 当代全球文学,R4 欧洲文学,M5 战后与当代美学范式,G3 小说,QT8 英雄、边疆与法外者文化传统 | QT8.4 欧洲剑客,△,existing,existing,existing,existing,existing,existing
国盗物语.md,WL-WORK-1029,T5,T5 二战后多极文学,R2 东亚文学,M5 战后与当代美学范式,G3 小说,QT7 历史叙事 | QT8 英雄、边疆与法外者文化传统 | QT8.3 日本武士与剑豪,△,existing,existing,existing,existing,existing,existing
图像诗.md,WL-WORK-1625,T4,T4 全球现代主义时代,R4 欧洲文学,M3.1 现代主义 / Modernism,G1 诗歌,QH1 自我、存在与生命,△,existing,existing,existing,existing,t_default,existing
土地.md,WL-WORK-1031,T5,T5 二战后多极文学,R2 东亚文学,M5 战后与当代美学范式,G3 小说,QH2.3 家庭与家族,◆,existing,existing,existing,existing,existing,existing
土星之环.md,WL-WORK-1429,T6,T6 当代全球文学,R4 欧洲文学,M5 战后与当代美学范式,G6 纪实与文学非虚构,QT14 旅行与游记,△,existing,existing,existing,existing,existing,existing
土生子.md,WL-WORK-1626,T4,T4 全球现代主义时代,R5 北美文学 | R5 北美文学,M3.1 现代主义 / Modernism,G3 小说,QH1 自我、存在与生命,△,existing,existing,existing,existing,t_default,existing
圣女的救济.md,WL-WORK-0213,T6,T6 当代全球文学,R2 东亚文学,M5 战后与当代美学范式,G3 小说,QT1 推理与犯罪叙事,△,existing,existing,existing,existing,existing,existing
圣彼得节的奇迹.md,WL-WORK-0133,T5,T5 二战后多极文学,R4 欧洲文学,M5 战后与当代美学范式,G3 小说,QT1 推理与犯罪叙事,△,existing,existing,existing,existing,existing,existing
圣徒与疯子的城市.md,WL-WORK-0633,T6,T6 当代全球文学,R5 北美文学,M5 战后与当代美学范式,G3 小说,QT3 奇幻 | QT4 恐怖与哥特,△,existing,existing,existing,existing,existing,existing
圣殿春秋.md,WL-WORK-1032,T6,T6 当代全球文学,R4 欧洲文学,M5 战后与当代美学范式,G3 小说,QT7 历史叙事,△,existing,existing,existing,existing,existing,existing
圣诞颂歌.md,WL-WORK-0634,T3,T3 19世纪现代文学体系,R4 欧洲文学,M2 19世纪文学思潮,G3 小说,QT4 恐怖与哥特,△,existing,existing,existing,existing,existing,existing
圣路易斯雷大桥.md,WL-WORK-2966,T4,T4 全球现代主义时代,R5 北美文学,M3 现代主义与先锋派,G3 小说,QH1 自我、存在与生命,△,existing,existing,existing,existing,t_default,existing
圣骨疑云.md,WL-WORK-1033,T5,T5 二战后多极文学,R4 欧洲文学,M5 战后与当代美学范式,G3 小说,QT7 历史叙事,△,existing,existing,existing,existing,existing,existing
在人间.md,WL-WORK-1034,T4,T4 全球现代主义时代,R4 欧洲文学,M3 现代主义与先锋派,G3 小说,QH2.5 童年与成长,△,existing,existing,existing,existing,existing,existing
在别人中间.md,WL-WORK-2922,T6,T6 当代全球文学,R5 北美文学,M5 战后与当代美学范式,G3 小说,QH3 身份、身体与归属,△,existing,existing,existing,existing,t_default,existing
在我们的时代里.md,WL-WORK-1628,T4,T4 全球现代主义时代,R5 北美文学,M3.1 现代主义 / Modernism,G3 小说,QH1 自我、存在与生命,△,existing,existing,existing,existing,t_default,existing
在我们的生命里.md,WL-WORK-2976,T4,T4 全球现代主义时代,R5 北美文学,M3 现代主义与先锋派,G3 小说,QH1 自我、存在与生命,△,existing,existing,existing,existing,t_default,existing
在我皮肤的城堡里.md,WL-WORK-1629,T5,T5 二战后多极文学,R6 拉丁美洲与加勒比,M5 战后与当代美学范式,G3 小说,QH6 战争、暴力与创伤,★,existing,existing,existing,existing,topic_direct,existing
在细雨中呼喊.md,WL-WORK-2740,T6,T6 当代全球文学,R2 东亚文学,M5 战后与当代美学范式,G3 小说,QH2.3 家庭与家族 | QH2.5 童年与成长 | QH7 历史、记忆与时间,△,existing,existing,existing,existing,existing,existing
在自由的国度.md,WL-WORK-3037,T5,T5 二战后多极文学,R6 拉丁美洲与加勒比,M5 战后与当代美学范式,G3 小说,QH5 权力、制度与秩序,△,existing,existing,existing,existing,mechanism,existing
在路上.md,WL-WORK-1630,T5,T5 二战后多极文学,R5 北美文学,M5 战后与当代美学范式 | M4 集体文学运动与文化政治,G3 小说,QH6 战争、暴力与创伤,★,existing,existing,existing,existing,topic_direct,existing
地下室手记.md,WL-WORK-1631,T3,T3 19世纪现代文学体系,R4 欧洲文学,M3.1 现代主义 / Modernism,G3 小说,QH4 社会、阶级与劳动,△,existing,existing,existing,existing,t_default,existing
地下铁道.md,WL-WORK-1035,T6,T6 当代全球文学,R5 北美文学,M5 战后与当代美学范式,G3 小说,QT7 历史叙事,△,existing,existing,existing,existing,existing,existing
地心游记.md,WL-WORK-0267,T3,T3 19世纪现代文学体系,R4 欧洲文学,M2 19世纪文学思潮,G3 小说,QT2 科幻 | QT5 冒险与探索叙事,△,existing,existing,existing,existing,existing,existing
地海古墓.md,WL-WORK-0635,T5,T5 二战后多极文学,R5 北美文学,M5 战后与当代美学范式,G3 小说,QT3 奇幻,△,existing,existing,existing,existing,existing,existing
地海孤雏.md,WL-WORK-2939,T6,T6 当代全球文学,R5 北美文学,M5 战后与当代美学范式,G3 小说,QH3 身份、身体与归属,△,existing,existing,existing,existing,t_default,existing
地海巫师.md,WL-WORK-0636,T5,T5 二战后多极文学,R5 北美文学,M5 战后与当代美学范式,G3 小说,QT3 奇幻,△,existing,existing,existing,existing,existing,existing
地狱之心.md,WL-WORK-0637,T6,T6 当代全球文学,R4 欧洲文学,M5 战后与当代美学范式,G3 小说,QT4 恐怖与哥特,△,existing,existing,existing,existing,existing,existing
地狱屋.md,WL-WORK-0638,T5,T5 二战后多极文学,R5 北美文学,M5 战后与当代美学范式,G3 小说,QT4 恐怖与哥特,△,existing,existing,existing,existing,existing,existing
坂上之云.md,WL-WORK-1036,T5,T5 二战后多极文学,R2 东亚文学,M5 战后与当代美学范式,G3 小说,QT7 历史叙事 | QT8 英雄、边疆与法外者文化传统 | QT8.3 日本武士与剑豪,△,existing,existing,existing,existing,existing,existing
坎塔普拉.md,WL-WORK-1632,T4,T4 全球现代主义时代,R3 南亚文学,M3.1 现代主义 / Modernism,G3 小说,QH5 权力、制度与秩序,△,existing,existing,existing,existing,mechanism,existing
坎特伯雷故事集.md,WL-WORK-2812,T1,T1 中古多中心文学世界,R4 欧洲文学,,G1 诗歌,QH8 信仰、伦理与超越,★,existing,existing,not_applicable_pre_modern,existing,t_default,existing
坏小孩.md,WL-WORK-0244,T6,T6 当代全球文学,R2 东亚文学,M5 战后与当代美学范式,G3 小说,QT1 推理与犯罪叙事,△,existing,existing,existing,existing,existing,existing
坟场之书.md,WL-WORK-2920,T6,T6 当代全球文学,R4 欧洲文学,M5 战后与当代美学范式,G3 小说,QH3 身份、身体与归属,△,existing,existing,existing,existing,t_default,existing
坠落的女人.md,WL-WORK-2936,T6,T6 当代全球文学,R5 北美文学,M5 战后与当代美学范式,G3 小说,QH3 身份、身体与归属,△,existing,existing,existing,existing,t_default,existing
埃努玛·埃利什.md,WL-WORK-1432,T0,T0 文学源头与古代文学,R1 西亚—地中海古老传统,,G3 小说,QT9 神话、传说与民间叙事,★,existing,existing,not_applicable_pre_modern,existing,existing,existing
埃及亡灵书.md,WL-WORK-1433,T0,T0 文学源头与古代文学,R1 西亚—地中海古老传统,,G3 小说,QT9 神话、传说与民间叙事,★,existing,existing,not_applicable_pre_modern,existing,existing,existing
埃及十字架之谜.md,WL-WORK-0040,T4,T4 全球现代主义时代,R5 北美文学,M3 现代主义与先锋派,G3 小说,QT1 推理与犯罪叙事,△,existing,existing,existing,existing,existing,existing
埃拉史诗.md,WL-WORK-1434,T0,T0 文学源头与古代文学,R1 西亚—地中海古老传统,,G3 小说,QT9 神话、传说与民间叙事,△,existing,existing,not_applicable_pre_modern,existing,existing,existing
埃涅阿斯纪.md,WL-WORK-0640,T0,T0 文学源头与古代文学,R1 西亚—地中海古老传统,,G3 小说,QT5 冒险与探索叙事 | QT7 历史叙事 | QT9 神话、传说与民间叙事 | QH6 战争、暴力与创伤 | QT8 英雄、边疆与法外者文化传统 | QT8.8 海盗,★,existing,existing,not_applicable_pre_modern,existing,existing,existing
城与城.md,WL-WORK-0424,T6,T6 当代全球文学,R4 欧洲文学,M5 战后与当代美学范式,G3 小说,QT2 科幻,△,existing,existing,existing,existing,existing,existing
城堡.md,WL-WORK-1635,T4,T4 全球现代主义时代,R4 欧洲文学,M3.1 现代主义 / Modernism,G3 小说,QH1 自我、存在与生命,◆,existing,existing,existing,existing,t_default,existing
城塞.md,WL-WORK-2487,T5,T5 二战后多极文学,R2 东亚文学,M5 战后与当代美学范式,G3 小说,QT8 英雄、边疆与法外者文化传统 | QT8.3 日本武士与剑豪,△,existing,existing,existing,existing,existing,existing
城市.md,WL-WORK-0312,T5,T5 二战后多极文学,R5 北美文学,M5 战后与当代美学范式,G3 小说,QT2 科幻,△,existing,existing,existing,existing,existing,existing
城市与狗.md,WL-WORK-1039,T5,T5 二战后多极文学,R6 拉丁美洲与加勒比,M5 战后与当代美学范式 | M4 集体文学运动与文化政治,G3 小说,QH2.5 童年与成长,★,existing,existing,existing,existing,existing,existing
城市与群星.md,WL-WORK-0308,T5,T5 二战后多极文学,R4 欧洲文学,M5 战后与当代美学范式,G3 小说,QT2 科幻,△,existing,existing,existing,existing,existing,existing
基列家书.md,WL-WORK-1040,T6,T6 当代全球文学,R5 北美文学,M5 战后与当代美学范式,G3 小说,QH2.3 家庭与家族,△,existing,existing,existing,existing,existing,existing
基地.md,WL-WORK-0295,T5,T5 二战后多极文学,R5 北美文学,M5 战后与当代美学范式,G3 小说,QT2 科幻,△,existing,existing,existing,existing,existing,existing
基地与帝国.md,WL-WORK-0296,T5,T5 二战后多极文学,R5 北美文学,M5 战后与当代美学范式,G3 小说,QT2 科幻,△,existing,existing,existing,existing,existing,existing
基地边缘.md,WL-WORK-2908,T6,T6 当代全球文学,R5 北美文学,M5 战后与当代美学范式,G3 小说,QH3 身份、身体与归属,△,existing,existing,existing,existing,t_default,existing
基督山伯爵.md,WL-WORK-0641,T3,T3 19世纪现代文学体系,R4 欧洲文学,M2 19世纪文学思潮,G3 小说,QT5 冒险与探索叙事 | QT7 历史叙事 | QT8.4 欧洲剑客 | QT8.7 侠盗 | QT8.8 海盗 | QH5 权力、制度与秩序,◆,existing,existing,existing,existing,existing,existing
堂卡斯穆罗.md,WL-WORK-1636,T4,T4 全球现代主义时代,R6 拉丁美洲与加勒比,M3 现代主义与先锋派,G3 小说,QH5 权力、制度与秩序,◆,existing,existing,existing,existing,mechanism,existing
堂吉诃德.md,WL-WORK-1042,T2,T2 早期现代文学,R4 欧洲文学,M1 早期现代思想与美学,G3 小说,QT8.2 欧洲骑士 | QT8.4 欧洲剑客 | QH1 自我、存在与生命 | QH2.5 童年与成长,★,existing,existing,existing,existing,existing,existing
堺事件.md,WL-WORK-2488,T4,T4 全球现代主义时代,R2 东亚文学,M3 现代主义与先锋派,G3 小说,QT8 英雄、边疆与法外者文化传统 | QT8.3 日本武士与剑豪,△,existing,existing,existing,existing,existing,existing
塔拉斯·布尔巴.md,WL-WORK-1043,T3,T3 19世纪现代文学体系,R4 欧洲文学,M2 19世纪文学思潮,G3 小说,QT7 历史叙事,△,existing,existing,existing,existing,existing,existing
塔玛斯.md,WL-WORK-1639,T5,T5 二战后多极文学,R3 南亚文学,M5 战后与当代美学范式,G3 小说,QH6 战争、暴力与创伤,◆,existing,existing,existing,existing,topic_direct,existing
塞伯鲁斯的第五颗头.md,WL-WORK-0365,T5,T5 二战后多极文学,R5 北美文学,M5 战后与当代美学范式,G3 小说,QT2 科幻,△,existing,existing,existing,existing,existing,existing
塞瓦斯托波尔纪事.md,WL-WORK-2043,T3,T3 19世纪现代文学体系,R4 欧洲文学,M2 19世纪文学思潮,G3 小说,QH6 战争、暴力与创伤,△,existing,existing,existing,existing,existing,existing
士兵归来.md,WL-WORK-1045,T4,T4 全球现代主义时代,R4 欧洲文学,M3 现代主义与先锋派,G3 小说,QT7 历史叙事,△,existing,existing,existing,existing,existing,existing
处决笔记.md,WL-WORK-3149,T6,T6 当代全球文学,R5 北美文学,M5 战后与当代美学范式,G3 小说,QH3 身份、身体与归属,△,existing,existing,existing,existing,t_default,existing
复仇.md,WL-WORK-0643,T6,T6 当代全球文学,R2 东亚文学,M5 战后与当代美学范式,G3 小说,QT4 恐怖与哥特,△,existing,existing,existing,existing,existing,existing
复活者.md,WL-WORK-3130,T6,T6 当代全球文学,R4 欧洲文学,M5 战后与当代美学范式,G3 小说,QH3 身份、身体与归属,△,existing,existing,existing,existing,t_default,existing
夏之花.md,WL-WORK-1641,T5,T5 二战后多极文学,R2 东亚文学,M5 战后与当代美学范式,G3 小说,QH6 战争、暴力与创伤,★,existing,existing,existing,existing,topic_direct,existing
夏日花.md,WL-WORK-2045,T5,T5 二战后多极文学,R2 东亚文学,M5 战后与当代美学范式,G3 小说,QH6 战争、暴力与创伤,△,existing,existing,existing,existing,existing,existing
夏有乔木雅望天堂.md,WL-WORK-2759,T6,T6 当代全球文学,R2 东亚文学,M5 战后与当代美学范式,G3 小说,QH2.1 爱情与欲望 | QH2.3 家庭与家族,△,existing,existing,existing,existing,existing,existing
夏至未至.md,WL-WORK-2757,T6,T6 当代全球文学,R2 东亚文学,M5 战后与当代美学范式,G3 小说,QH2.1 爱情与欲望 | QH2.3 家庭与家族 | QH2.5 童年与成长,△,existing,existing,existing,existing,existing,existing
多情剑客无情剑.md,WL-WORK-2490,T5,T5 二战后多极文学,R2 东亚文学,M5 战后与当代美学范式,G3 小说,QT8 英雄、边疆与法外者文化传统 | QT8.1 武侠,△,existing,existing,existing,existing,existing,existing
多拉·布吕代.md,WL-WORK-2046,T6,T6 当代全球文学,R4 欧洲文学,M5 战后与当代美学范式,G3 小说,QH7 历史、记忆与时间,△,existing,existing,existing,existing,existing,existing
多晚了，多晚.md,WL-WORK-3057,T6,T6 当代全球文学,R4 欧洲文学,M5 战后与当代美学范式,G3 小说,QH3 身份、身体与归属,△,existing,existing,existing,existing,t_default,existing
夜之国.md,WL-WORK-0644,T4,T4 全球现代主义时代,R4 欧洲文学,M3 现代主义与先锋派,G3 小说,QT4 恐怖与哥特,△,existing,existing,existing,existing,existing,existing
夜之彼端.md,WL-WORK-0645,T6,T6 当代全球文学,R6 拉丁美洲与加勒比,M5 战后与当代美学范式,G3 小说,QT4 恐怖与哥特,△,existing,existing,existing,existing,existing,existing
夜幕下的大军.md,WL-WORK-1642,T5,T5 二战后多极文学,R5 北美文学,M5 战后与当代美学范式,G6 纪实与文学非虚构,QH6 战争、暴力与创伤,★,existing,existing,existing,existing,topic_direct,existing
夜晚的潜水艇.md,WL-WORK-2734,T6,T6 当代全球文学,R2 东亚文学,M5 战后与当代美学范式,G3 小说,QH1 自我、存在与生命,△,existing,existing,existing,existing,existing,existing
夜色下的七杀.md,WL-WORK-1047,T6,T6 当代全球文学,R5 北美文学,M5 战后与当代美学范式,G3 小说,QT7 历史叙事,△,existing,t_default,existing,existing,existing,existing
夜莺尸衣.md,WL-WORK-0103,T5,T5 二战后多极文学,R4 欧洲文学,M5 战后与当代美学范式,G3 小说,QT1 推理与犯罪叙事,△,existing,existing,existing,existing,existing,existing
夜访吸血鬼.md,WL-WORK-0647,T5,T5 二战后多极文学,R5 北美文学,M5 战后与当代美学范式,G3 小说,QT4 恐怖与哥特,△,existing,existing,existing,existing,existing,existing
夜颂.md,WL-WORK-M2-FFD645560805,T3,T3 19世纪现代文学体系,R4 欧洲文学,M2 19世纪文学思潮 / 浪漫主义,G3 小说,QH4 社会、阶级与劳动,◆,existing,t_default,existing,t_default,t_default,other_topic
大使城.md,WL-WORK-0423,T6,T6 当代全球文学,R4 欧洲文学,M5 战后与当代美学范式,G3 小说,QT2 科幻,△,existing,existing,existing,existing,existing,existing
大卫·科波菲尔.md,WL-WORK-1048,T3,T3 19世纪现代文学体系,R4 欧洲文学,M2 19世纪文学思潮,G3 小说,QH2.5 童年与成长,◆,existing,existing,existing,existing,existing,existing
大唐双龙传.md,WL-WORK-2491,T6,T6 当代全球文学,R2 东亚文学,M5 战后与当代美学范式,G3 小说,QT8 英雄、边疆与法外者文化传统 | QT8.1 武侠,△,existing,existing,existing,existing,existing,existing
大唐游侠传.md,WL-WORK-2492,T5,T5 二战后多极文学,R2 东亚文学,M5 战后与当代美学范式,G3 小说,QT8 英雄、边疆与法外者文化传统 | QT8.1 武侠,△,existing,existing,existing,existing,existing,existing
大地.md,WL-WORK-1049,T4,T4 全球现代主义时代,R5 北美文学,M3 现代主义与先锋派,G3 小说,QH2.3 家庭与家族,△,existing,existing,existing,existing,existing,existing
大地永存.md,WL-WORK-0325,T5,T5 二战后多极文学,R5 北美文学,M5 战后与当代美学范式,G3 小说,QT2 科幻 | QT6 乌托邦、反乌托邦与社会想象,△,existing,existing,existing,existing,existing,existing
大师和玛格丽特.md,WL-WORK-1647,T5,T5 二战后多极文学,R4 欧洲文学,M3.1 现代主义 / Modernism,G3 小说,QH6 战争、暴力与创伤,◆,existing,existing,existing,existing,mechanism,existing
大时代.md,WL-WORK-2897,T5,T5 二战后多极文学,R5 北美文学,M5 战后与当代美学范式,G3 小说,QH6 战争、暴力与创伤,△,existing,existing,existing,existing,mechanism,existing
大沙漠.md,WL-WORK-2495,T5,T5 二战后多极文学,R2 东亚文学,M5 战后与当代美学范式,G3 小说,QT8 英雄、边疆与法外者文化传统 | QT8.1 武侠,△,existing,existing,existing,existing,existing,existing
大海啊，大海.md,WL-WORK-3045,T5,T5 二战后多极文学,R4 欧洲文学,M5 战后与当代美学范式,G3 小说,QH6 战争、暴力与创伤,△,existing,existing,existing,existing,mechanism,existing
大神潘.md,WL-WORK-0648,T4,T4 全球现代主义时代,R5 北美文学,M5 战后与当代美学范式,G3 小说,QT3 奇幻 | QT4 恐怖与哥特,△,existing,existing,existing,existing,existing,existing
大草原.md,WL-WORK-0649,T3,T3 19世纪现代文学体系,R5 北美文学,M2 19世纪文学思潮,G3 小说,QT5 冒险与探索叙事 | QT8 英雄、边疆与法外者文化传统 | QT8.5 西部,△,existing,existing,existing,existing,existing,existing
天上的鸟儿.md,WL-WORK-2952,T6,T6 当代全球文学,R5 北美文学,M5 战后与当代美学范式,G3 小说,QH3 身份、身体与归属,△,existing,existing,existing,existing,t_default,existing
天堂的喷泉.md,WL-WORK-0311,T5,T5 二战后多极文学,R4 欧洲文学,M5 战后与当代美学范式,G3 小说,QT2 科幻,△,existing,existing,existing,existing,existing,existing
天才寓言.md,WL-WORK-1052,T6,T6 当代全球文学,R5 北美文学,M5 战后与当代美学范式,G3 小说,QT6 乌托邦、反乌托邦与社会想象,△,existing,existing,existing,existing,existing,existing
天才雷普利.md,WL-WORK-0085,T5,T5 二战后多极文学,R5 北美文学,M5 战后与当代美学范式,G3 小说,QT1 推理与犯罪叙事,△,existing,existing,existing,existing,existing,existing
天渊.md,WL-WORK-0406,T6,T6 当代全球文学,R5 北美文学,M5 战后与当代美学范式,G3 小说,QT2 科幻,△,existing,existing,existing,existing,existing,existing
天狼星.md,WL-WORK-0292,T4,T4 全球现代主义时代,R4 欧洲文学,M3 现代主义与先锋派,G3 小说,QT2 科幻,△,existing,existing,existing,existing,existing,existing
天真与经验之歌.md,WL-WORK-M2-5D055DDB13AE,T3,T3 19世纪现代文学体系,R4 欧洲文学,M2 19世纪文学思潮 / 浪漫主义,G3 小说,QH4 社会、阶级与劳动,◆,existing,t_default,existing,t_default,t_default,other_topic
天空的孤儿.md,WL-WORK-0306,T5,T5 二战后多极文学,R5 北美文学,M5 战后与当代美学范式,G3 小说,QT2 科幻,△,existing,existing,existing,existing,existing,existing
天行者.md,WL-WORK-2879,T6,T6 当代全球文学,R2 东亚文学,M5 战后与当代美学范式,G3 小说,QH6 战争、暴力与创伤,△,existing,existing,existing,existing,mechanism,existing
天钧.md,WL-WORK-0356,T5,T5 二战后多极文学,R5 北美文学,M5 战后与当代美学范式,G3 小说,QT2 科幻,△,existing,existing,existing,existing,existing,existing
天龙八部.md,WL-WORK-2498,T5,T5 二战后多极文学,R2 东亚文学,M5 战后与当代美学范式,G3 小说,QT8 英雄、边疆与法外者文化传统 | QT8.1 武侠,△,existing,existing,existing,existing,existing,existing
太平广记.md,WL-WORK-T1-TAIPING-GUANGJI,T1,T1 中古多中心文学世界,R2 东亚文学,,G4 散文与随笔,QT9 神话、传说与民间叙事,★,existing,existing,not_applicable_pre_modern,existing,existing,existing
太白金星有点烦.md,WL-WORK-2766,T6,T6 当代全球文学,R2 东亚文学,M5 战后与当代美学范式,G3 小说,QT7 历史叙事 | QH5 权力、制度与秩序 | QH8 信仰、伦理与超越,△,existing,existing,existing,existing,existing,existing
太空商人.md,WL-WORK-0339,T5,T5 二战后多极文学,R5 北美文学,M5 战后与当代美学范式,G3 小说,QT2 科幻 | QT6 乌托邦、反乌托邦与社会想象,△,existing,existing,existing,existing,existing,existing
太阁记.md,WL-WORK-2499,T4,T4 全球现代主义时代,R2 东亚文学,M3 现代主义与先锋派,G3 小说,QT8 英雄、边疆与法外者文化传统 | QT8.3 日本武士与剑豪,△,existing,existing,existing,existing,existing,existing
太阳下的人们.md,WL-WORK-2047,T5,T5 二战后多极文学,R1 西亚—地中海古老传统,M5 战后与当代美学范式,G3 小说,QH6 战争、暴力与创伤,★,existing,existing,existing,existing,existing,existing
太阳之屋.md,WL-WORK-0408,T6,T6 当代全球文学,R4 欧洲文学,M5 战后与当代美学范式,G3 小说,QT2 科幻,△,existing,existing,existing,existing,existing,existing
太阳传说.md,WL-WORK-1436,T2,T2 早期现代文学,R6 拉丁美洲与加勒比,M1 早期现代思想与美学,G3 小说,QT9 神话、传说与民间叙事,△,existing,existing,t_default,existing,existing,existing
太阳照常升起.md,WL-WORK-1648,T4,T4 全球现代主义时代,R5 北美文学,M3.1 现代主义 / Modernism,G3 小说,QH2.1 爱情与欲望,★,existing,existing,existing,existing,existing,existing
失乐园.md,WL-WORK-2049,T6,T6 当代全球文学,R2 东亚文学,M5 战后与当代美学范式,G3 小说,QH2.1 爱情与欲望,△,existing,existing,t_default,existing,existing,existing
失乐园（弥尔顿）.md,WL-WORK-T2-PARADISE-LOST,T2,T2 早期现代文学,R4 欧洲文学,M1 早期现代思想与美学,G1 诗歌,QH8 信仰、伦理与超越,★,existing,existing,existing,existing,existing,existing
失明症漫记.md,WL-WORK-2849,T6,T6 当代全球文学,R4 欧洲文学,M5 战后与当代美学范式,G3 小说,QH3 身份、身体与归属,★,existing,existing,existing,existing,t_default,existing
失窃的信.md,WL-WORK-0008,T3,T3 19世纪现代文学体系,R5 北美文学,M2 19世纪文学思潮,G3 小说,QT1 推理与犯罪叙事,△,existing,existing,existing,existing,existing,existing
失落的世界.md,WL-WORK-0650,T4,T4 全球现代主义时代,R4 欧洲文学,M2 19世纪文学思潮,G3 小说,QT5 冒险与探索叙事,△,existing,existing,existing,existing,existing,existing
失落的继承.md,WL-WORK-3065,T6,T6 当代全球文学,R3 南亚文学,M5 战后与当代美学范式,G3 小说,QH3 身份、身体与归属,△,existing,existing,existing,existing,mechanism,existing
失踪的足迹.md,WL-WORK-0651,T5,T5 二战后多极文学,R6 拉丁美洲与加勒比,M5 战后与当代美学范式,G3 小说,QT5 冒险与探索叙事,△,existing,existing,existing,existing,existing,existing
夺牛长征记.md,WL-WORK-1437,T1,T1 中古多中心文学世界,R4 欧洲文学,,G3 小说,QT9 神话、传说与民间叙事,△,existing,existing,not_applicable_pre_modern,existing,existing,existing
奇兰巴兰书.md,WL-WORK-1438,T2,T2 早期现代文学,R6 拉丁美洲与加勒比,M1 早期现代思想与美学,G3 小说,QT9 神话、传说与民间叙事,△,existing,existing,t_default,existing,existing,existing
奎勒备忘录.md,WL-WORK-3093,T5,T5 二战后多极文学,R4 欧洲文学,M5 战后与当代美学范式,G3 小说,QH6 战争、暴力与创伤,△,existing,existing,existing,existing,mechanism,existing
契诃夫短篇小说选.md,WL-WORK-2712,T4,T4 全球现代主义时代,R4 欧洲文学,M2 19世纪文学思潮,G3 小说,QH1 自我、存在与生命 | QH4 社会、阶级与劳动,◆,existing,existing,existing,existing,existing,existing
奔马.md,WL-WORK-2501,T5,T5 二战后多极文学,R2 东亚文学,M5 战后与当代美学范式,G3 小说,QT8 英雄、边疆与法外者文化传统 | QT8.3 日本武士与剑豪,△,existing,existing,existing,existing,existing,existing
奥丽芙·基特里奇.md,WL-WORK-3021,T6,T6 当代全球文学,R5 北美文学,M5 战后与当代美学范式,G3 小说,QH3 身份、身体与归属,△,existing,existing,existing,existing,t_default,existing
奥之细道.md,WL-WORK-1440,T2,T2 早期现代文学,R2 东亚文学,M1 早期现代思想与美学,G6 纪实与文学非虚构,QT14 旅行与游记,★,existing,existing,existing,existing,existing,existing
奥吉·马奇历险记.md,WL-WORK-1653,T5,T5 二战后多极文学,R5 北美文学,M5 战后与当代美学范式,G3 小说,QH6 战争、暴力与创伤,★,existing,existing,existing,existing,topic_direct,existing
奥尔拉.md,WL-WORK-0652,T3,T3 19世纪现代文学体系,R4 欧洲文学,M2 19世纪文学思潮,G3 小说,QT4 恐怖与哥特,△,existing,existing,existing,existing,existing,existing
奥德赛.md,WL-WORK-0653,T0,T0 文学源头与古代文学,R1 西亚—地中海古老传统,,G3 小说,QT3 奇幻 | QT5 冒险与探索叙事 | QT9 神话、传说与民间叙事 | QH6 战争、暴力与创伤 | QT8 英雄、边疆与法外者文化传统 | QT8.8 海盗,★,existing,existing,not_applicable_pre_modern,existing,existing,existing
奥拉.md,WL-WORK-1655,T5,T5 二战后多极文学,R6 拉丁美洲与加勒比,M5 战后与当代美学范式,G3 小说,QH5 权力、制度与秩序,△,existing,existing,existing,existing,mechanism,existing
奥斯卡·瓦奥短暂而奇妙的一生.md,WL-WORK-1056,T6,T6 当代全球文学,R10 跨区域文学传统 | R5 北美文学,M5 战后与当代美学范式,G3 小说,QH2.5 童年与成长 | QH2.3 家庭与家族,◆,existing,existing,existing,existing,existing,existing
奥斯卡与露辛达.md,WL-WORK-3054,T6,T6 当代全球文学,R9 大洋洲与太平洋,M5 战后与当代美学范式,G3 小说,QH3 身份、身体与归属,△,existing,existing,existing,existing,mechanism,existing
奥斯特利茨.md,WL-WORK-2050,T6,T6 当代全球文学,R4 欧洲文学,M5 战后与当代美学范式,G3 小说,QH7 历史、记忆与时间,△,existing,existing,existing,existing,existing,existing
奥秘匕首.md,WL-WORK-0655,T6,T6 当代全球文学,R4 欧洲文学,M5 战后与当代美学范式,G3 小说,QT3 奇幻,△,existing,existing,existing,existing,existing,existing
奥赛罗.md,WL-WORK-2828,T2,T2 早期现代文学,R4 欧洲文学,M1 早期现代思想与美学,G2 戏剧,QH8 信仰、伦理与超越,◆,existing,existing,existing,existing,mechanism,existing
奥麦罗斯.md,WL-WORK-3209,T6,T6 当代全球文学,R6 拉丁美洲与加勒比,M5 战后与当代美学范式,G1 诗歌,QH3 身份、身体与归属,◆,existing,existing,existing,existing,t_default,existing
女人的房间.md,WL-WORK-1657,T5,T5 二战后多极文学,R5 北美文学,M5 战后与当代美学范式,G3 小说,QH6 战争、暴力与创伤,◆,existing,existing,existing,existing,topic_direct,existing
女仆.md,WL-WORK-1658,T5,T5 二战后多极文学,R4 欧洲文学,M5 战后与当代美学范式,G2 戏剧,QH6 战争、暴力与创伤,◆,existing,existing,existing,existing,topic_direct,existing
女孩们的沉默.md,WL-WORK-0656,T6,T6 当代全球文学,R4 欧洲文学,M5 战后与当代美学范式,G3 小说,QT3 奇幻 | QT7 历史叙事,△,existing,existing,existing,existing,existing,existing
女孩，女人，其他.md,WL-WORK-3076,T6,T6 当代全球文学,R4 欧洲文学,M5 战后与当代美学范式,G3 小说,QH3 身份、身体与归属,△,existing,existing,existing,existing,t_default,existing
女巫的预言.md,WL-WORK-1441,T1,T1 中古多中心文学世界,R4 欧洲文学,,G3 小说,QT9 神话、传说与民间叙事,△,existing,existing,not_applicable_pre_modern,existing,existing,existing
女巫角.md,WL-WORK-0034,T4,T4 全球现代主义时代,R5 北美文学,M3 现代主义与先锋派,G3 小说,QT1 推理与犯罪叙事,△,existing,existing,existing,existing,existing,existing
女性男人.md,WL-WORK-1659,T5,T5 二战后多极文学,R5 北美文学,M5 战后与当代美学范式,G3 小说,QH6 战争、暴力与创伤,★,existing,existing,existing,existing,topic_direct,existing
女王蜂.md,WL-WORK-0156,T5,T5 二战后多极文学,R2 东亚文学,M5 战后与当代美学范式,G3 小说,QT1 推理与犯罪叙事,△,existing,existing,existing,existing,existing,existing
女神颂.md,WL-WORK-1442,T0,T0 文学源头与古代文学,R3 南亚文学,,G3 小说,QT9 神话、传说与民间叙事,△,existing,existing,not_applicable_pre_modern,existing,existing,existing
女英雄书简.md,WL-WORK-1443,T0,T0 文学源头与古代文学,R1 西亚—地中海古老传统,,G3 小说,QT9 神话、传说与民间叙事 | QH2.1 爱情与欲望,△,existing,existing,not_applicable_pre_modern,existing,existing,existing
女雕塑家.md,WL-WORK-3120,T6,T6 当代全球文学,R4 欧洲文学,M5 战后与当代美学范式,G3 小说,QH3 身份、身体与归属,△,existing,existing,existing,existing,t_default,existing
女面.md,WL-WORK-1660,T5,T5 二战后多极文学,R2 东亚文学,M5 战后与当代美学范式,G3 小说,QH6 战争、暴力与创伤,★,existing,existing,existing,existing,topic_direct,existing
她.md,WL-WORK-0658,T3,T3 19世纪现代文学体系,R4 欧洲文学,M2 19世纪文学思潮,G3 小说,QT4 恐怖与哥特 | QT5 冒险与探索叙事,△,existing,existing,existing,existing,existing,existing
她乡.md,WL-WORK-1059,T4,T4 全球现代主义时代,R5 北美文学,M3 现代主义与先锋派,G3 小说,QT6 乌托邦、反乌托邦与社会想象,△,existing,existing,existing,existing,existing,existing
她对此感到厌烦.md,WL-WORK-2751,T6,T6 当代全球文学,R2 东亚文学,M5 战后与当代美学范式,G3 小说,QT3 奇幻 | QH2.1 爱情与欲望,△,existing,existing,existing,existing,existing,existing
她的烟雾永恒升起.md,WL-WORK-0359,T5,T5 二战后多极文学,R5 北美文学,M5 战后与当代美学范式,G3 小说,QT2 科幻,△,existing,existing,existing,existing,existing,existing
好兵.md,WL-WORK-1661,T4,T4 全球现代主义时代,R4 欧洲文学,M3.1 现代主义 / Modernism,G3 小说,QH1 自我、存在与生命,△,existing,existing,existing,existing,t_default,existing
好兵帅克.md,WL-WORK-0660,T4,T4 全球现代主义时代,R4 欧洲文学,M3 现代主义与先锋派,G3 小说,QT5 冒险与探索叙事 | QH6 战争、暴力与创伤,◆,existing,existing,existing,existing,existing,existing
好色一代男.md,WL-WORK-T2-KOSHOKU-ICHIDAI-OTOKO,T2,T2 早期现代文学,R2 东亚文学,M1 早期现代思想与美学,G3 小说,QH2.1 爱情与欲望,★,existing,existing,existing,existing,existing,existing
如今在十一月.md,WL-WORK-2972,T4,T4 全球现代主义时代,R5 北美文学,M3 现代主义与先锋派,G3 小说,QH1 自我、存在与生命,△,existing,existing,existing,existing,t_default,existing
如果在冬夜，一个旅人.md,WL-WORK-1662,T5,T5 二战后多极文学,R4 欧洲文学,M5 战后与当代美学范式,G3 小说,QH6 战争、暴力与创伤,◆,existing,existing,existing,existing,topic_direct,existing
如果我死在战区.md,WL-WORK-1663,T5,T5 二战后多极文学,R5 北美文学,M5 战后与当代美学范式,G5 生命书写,QH6 战争、暴力与创伤,◆,existing,existing,existing,existing,topic_direct,existing
如果这是一个人.md,WL-WORK-1664,T5,T5 二战后多极文学,R4 欧洲文学,M5 战后与当代美学范式,G3 小说,QH6 战争、暴力与创伤 | QH7 历史、记忆与时间,★,existing,existing,existing,existing,existing,existing
如此漫长的信.md,WL-WORK-2051,T5,T5 二战后多极文学,R7 非洲文学,M5 战后与当代美学范式,G3 小说,QH2.1 爱情与欲望,★,existing,existing,existing,existing,existing,existing
姆温多史诗.md,WL-WORK-1444,T5,T5 二战后多极文学,R7 非洲文学,M5 战后与当代美学范式,G3 小说,QT9 神话、传说与民间叙事,△,existing,existing,t_default,existing,existing,existing
姑获鸟之夏.md,WL-WORK-0190,T6,T6 当代全球文学,R2 东亚文学,M5 战后与当代美学范式,G3 小说,QT1 推理与犯罪叙事,△,existing,existing,existing,existing,existing,existing
威尼斯之死.md,WL-WORK-1665,T4,T4 全球现代主义时代,R4 欧洲文学,M3.1 现代主义 / Modernism,G3 小说,QH1 自我、存在与生命,△,existing,existing,existing,existing,t_default,existing
威廉·迈斯特的学习时代.md,WL-WORK-1061,T2,T2 早期现代文学,R4 欧洲文学,M2 19世纪文学思潮,G3 小说,QH2.5 童年与成长,△,existing,existing,existing,existing,existing,existing
威廉·迈斯特的漫游时代.md,WL-WORK-1062,T3,T3 19世纪现代文学体系,R4 欧洲文学,M2 19世纪文学思潮,G3 小说,QH2.5 童年与成长,△,existing,existing,existing,existing,existing,existing
威弗利.md,WL-WORK-0661,T3,T3 19世纪现代文学体系,R4 欧洲文学,M2 19世纪文学思潮,G3 小说,QT5 冒险与探索叙事 | QT7 历史叙事,△,existing,existing,existing,existing,existing,existing
娜娜.md,WL-WORK-1063,T3,T3 19世纪现代文学体系,R4 欧洲文学,M2 19世纪文学思潮 | M2 19世纪文学思潮 / 自然主义,G3 小说,QH2.3 家庭与家族,△,existing,existing,existing,existing,existing,existing
嫉妒.md,WL-WORK-1666,T5,T5 二战后多极文学,R4 欧洲文学,M5 战后与当代美学范式 | M5.1 战后思想与美学范式,G3 小说,QH6 战争、暴力与创伤,★,existing,existing,existing,existing,topic_direct,existing
嫌疑人X的献身.md,WL-WORK-0211,T6,T6 当代全球文学,R2 东亚文学,M5 战后与当代美学范式,G3 小说,QT1 推理与犯罪叙事,△,existing,existing,existing,existing,existing,existing
子夜.md,WL-WORK-2817,T4,T4 全球现代主义时代,R2 东亚文学,M3 现代主义与先锋派 | M4 集体文学运动与文化政治,G3 小说,QH5 权力、制度与秩序,◆,existing,existing,existing,existing,mechanism,existing
孟菲斯之召.md,WL-WORK-3005,T6,T6 当代全球文学,R5 北美文学,M5 战后与当代美学范式,G3 小说,QH3 身份、身体与归属,△,existing,existing,existing,existing,t_default,existing
孤儿大师之子.md,WL-WORK-3024,T6,T6 当代全球文学,R5 北美文学,M5 战后与当代美学范式,G3 小说,QH3 身份、身体与归属,△,existing,existing,existing,existing,t_default,existing
孤岛之谜.md,WL-WORK-0184,T6,T6 当代全球文学,R2 东亚文学,M5 战后与当代美学范式,G3 小说,QT1 推理与犯罪叙事,△,existing,existing,existing,existing,existing,existing
孤岛之鬼.md,WL-WORK-0150,T4,T4 全球现代主义时代,R2 东亚文学,M3 现代主义与先锋派,G3 小说,QT1 推理与犯罪叙事,△,existing,existing,existing,existing,existing,existing
孤独的伦敦人.md,WL-WORK-1667,T5,T5 二战后多极文学,R6 拉丁美洲与加勒比,M5 战后与当代美学范式,G3 小说,QH6 战争、暴力与创伤,★,existing,existing,existing,existing,topic_direct,existing
孤鸽镇.md,WL-WORK-2502,T6,T6 当代全球文学,R5 北美文学,M5 战后与当代美学范式,G3 小说,QT8 英雄、边疆与法外者文化传统 | QT8.5 西部,△,existing,existing,existing,existing,existing,existing
孩子，你别哭.md,WL-WORK-1064,T5,T5 二战后多极文学,R7 非洲文学,M5 战后与当代美学范式 | M4 集体文学运动与文化政治,G3 小说,QH2.5 童年与成长 | QH6 战争、暴力与创伤,△,existing,existing,existing,existing,existing,existing
孪生兄弟.md,WL-WORK-R1-MENAECHMI,T0,T0 文学源头与古代文学,R1 西亚—地中海古老传统,,G3 小说,QH8 信仰、伦理与超越,◆,existing,existing,not_applicable_pre_modern,t_default,t_default,other_topic
孽子.md,WL-WORK-2706,T6,T6 当代全球文学,R2 东亚文学,M3.1 现代主义 / Modernism,G3 小说,QH2.3 家庭与家族 | QH3.1 性别与身体,△,existing,existing,existing,existing,existing,existing
它.md,WL-WORK-0663,T6,T6 当代全球文学,R5 北美文学,M5 战后与当代美学范式,G3 小说,QT4 恐怖与哥特,△,existing,existing,existing,existing,existing,existing
宇宙云雀.md,WL-WORK-0288,T4,T4 全球现代主义时代,R5 北美文学,M3 现代主义与先锋派,G3 小说,QT2 科幻,△,existing,existing,existing,existing,existing,existing
宇宙奇趣全集.md,WL-WORK-1669,T5,T5 二战后多极文学,R4 欧洲文学,M5 战后与当代美学范式,G3 小说,QH6 战争、暴力与创伤,★,existing,existing,existing,existing,topic_direct,existing
守产人.md,WL-WORK-3040,T5,T5 二战后多极文学,R7 非洲文学,M5 战后与当代美学范式,G3 小说,QH5 权力、制度与秩序,△,existing,existing,existing,existing,mechanism,existing
守夜.md,WL-WORK-1065,T6,T6 当代全球文学,R4 欧洲文学,M5 战后与当代美学范式,G3 小说,QT7 历史叙事,△,existing,existing,existing,existing,existing,existing
守屋人.md,WL-WORK-2991,T5,T5 二战后多极文学,R5 北美文学,M5 战后与当代美学范式,G3 小说,QH6 战争、暴力与创伤,△,existing,existing,existing,existing,mechanism,existing
安伯森家族.md,WL-WORK-2959,T4,T4 全球现代主义时代,R5 北美文学,M3 现代主义与先锋派,G3 小说,QH1 自我、存在与生命,△,existing,existing,existing,existing,t_default,existing
安妮日记.md,WL-WORK-1066,T5,T5 二战后多极文学,R4 欧洲文学,M5 战后与当代美学范式,G3 小说,QT7 历史叙事 | QH6 战争、暴力与创伤,★,existing,existing,existing,existing,existing,existing
安娜·卡列尼娜.md,WL-WORK-1067,T3,T3 19世纪现代文学体系,R4 欧洲文学,M2 19世纪文学思潮 | M2 19世纪文学思潮 / 现实主义,G3 小说,QH2.3 家庭与家族 | QH2.1 爱情与欲望,★,existing,existing,existing,existing,existing,existing
安尼尔的鬼魂.md,WL-WORK-R3-62546819,T6,T6 当代全球文学,R3 南亚文学,M5 战后与当代美学范式,G3 小说,QH3 身份、身体与归属,◆,existing,existing,t_default,t_default,t_default,other_topic
安徒生童话.md,WL-WORK-0664,T3,T3 19世纪现代文学体系,R4 欧洲文学,M2 19世纪文学思潮,G3 小说,QT3 奇幻,◆,existing,existing,existing,existing,existing,existing
安德森维尔.md,WL-WORK-2985,T5,T5 二战后多极文学,R5 北美文学,M5 战后与当代美学范式,G3 小说,QH6 战争、暴力与创伤,△,existing,existing,existing,existing,mechanism,existing
安德的游戏.md,WL-WORK-0414,T6,T6 当代全球文学,R5 北美文学,M5 战后与当代美学范式,G3 小说,QT2 科幻,△,existing,existing,existing,existing,existing,existing
安息角.md,WL-WORK-2503,T5,T5 二战后多极文学,R5 北美文学,M5 战后与当代美学范式,G3 小说,QT8 英雄、边疆与法外者文化传统 | QT8.5 西部,★,existing,existing,existing,existing,existing,existing
安提戈涅.md,WL-WORK-1445,T0,T0 文学源头与古代文学,R1 西亚—地中海古老传统,,G3 小说,QT9 神话、传说与民间叙事,◆,existing,existing,not_applicable_pre_modern,existing,existing,existing
安珀志：安珀九王子.md,WL-WORK-0665,T5,T5 二战后多极文学,R5 北美文学,M5 战后与当代美学范式,G3 小说,QT3 奇幻,△,existing,existing,existing,existing,existing,existing
安静的场所.md,WL-WORK-0165,T5,T5 二战后多极文学,R2 东亚文学,M5 战后与当代美学范式,G3 小说,QT1 推理与犯罪叙事,△,existing,existing,existing,existing,existing,existing
宝剑金钗.md,WL-WORK-2504,T4,T4 全球现代主义时代,R2 东亚文学,M3 现代主义与先锋派,G3 小说,QT8 英雄、边疆与法外者文化传统 | QT8.1 武侠,△,existing,existing,existing,existing,existing,existing
宝水.md,WL-WORK-2892,T6,T6 当代全球文学,R2 东亚文学,M5 战后与当代美学范式,G3 小说,QH6 战争、暴力与创伤,△,existing,existing,existing,existing,mechanism,existing
宠儿.md,WL-WORK-0666,T6,T6 当代全球文学,R10.2 非洲离散文学 | R5 北美文学 | R5 北美文学,M5 战后与当代美学范式 | M5.1 战后思想与美学范式,G3 小说,QT4 恐怖与哥特 | QH2.3 家庭与家族 | QT7 历史叙事 | QH7 历史、记忆与时间,◆,existing,existing,existing,existing,existing,award
宠物公墓.md,WL-WORK-0667,T6,T6 当代全球文学,R5 北美文学,M5 战后与当代美学范式,G3 小说,QT4 恐怖与哥特,△,existing,existing,existing,existing,existing,existing
审判.md,WL-WORK-1671,T4,T4 全球现代主义时代,R4 欧洲文学,M3.1 现代主义 / Modernism,G3 小说,QH5 权力、制度与秩序,★,existing,existing,existing,existing,mechanism,existing
宫本武藏.md,WL-WORK-1068,T4,T4 全球现代主义时代,R2 东亚文学,M3 现代主义与先锋派,G3 小说,QT7 历史叙事 | QT8 英雄、边疆与法外者文化传统 | QT8.3 日本武士与剑豪 | QT8.6 Gaucho,△,existing,existing,existing,existing,existing,existing
宫间街.md,WL-WORK-1069,T5,T5 二战后多极文学,R1 西亚—地中海古老传统,M5 战后与当代美学范式,G3 小说,QH2.3 家庭与家族,★,existing,existing,existing,existing,existing,existing
宰娜卜.md,WL-WORK-R1-ZAYNAB,T4,T4 全球现代主义时代,R1 西亚—地中海古老传统,M3 现代主义与先锋派,G3 小说,QH1 自我、存在与生命,◆,existing,existing,t_default,existing,t_default,other_topic
家.md,WL-WORK-1070,T4,T4 全球现代主义时代,R2 东亚文学,M3 现代主义与先锋派,G3 小说,QH2.5 童年与成长 | QH2.3 家庭与家族,★,existing,existing,existing,existing,existing,existing
家园.md,WL-WORK-1071,T6,T6 当代全球文学,R5 北美文学,M5 战后与当代美学范式,G3 小说,QH2.3 家庭与家族,△,existing,existing,existing,existing,existing,existing
家庭与世界.md,WL-WORK-1672,T4,T4 全球现代主义时代,R3 南亚文学,M3.1 现代主义 / Modernism | M4 集体文学运动与文化政治,G3 小说,QH5 权力、制度与秩序,◆,existing,existing,existing,existing,mechanism,existing
宿命论者雅克和他的主人.md,WL-WORK-3156,T2,T2 早期现代文学,R4 欧洲文学,M1 早期现代思想与美学,G3 小说,QH8 信仰、伦理与超越,◆,existing,existing,existing,existing,mechanism,existing
密使.md,WL-WORK-2053,T6,T6 当代全球文学,R2 东亚文学,M5 战后与当代美学范式,G3 小说,QH7 历史、记忆与时间,△,existing,existing,existing,existing,existing,existing
密室里的记忆.md,WL-WORK-1073,T6,T6 当代全球文学,R2 东亚文学,M5 战后与当代美学范式,G3 小说,QT6 乌托邦、反乌托邦与社会想象,△,existing,existing,existing,existing,existing,existing
密西西比河上的生活.md,WL-WORK-1446,T3,T3 19世纪现代文学体系,R5 北美文学,M2 19世纪文学思潮,G6 纪实与文学非虚构,QT14 旅行与游记,△,existing,existing,existing,existing,existing,existing
寒冷的红日出.md,WL-WORK-3115,T6,T6 当代全球文学,R5 北美文学,M5 战后与当代美学范式,G3 小说,QH3 身份、身体与归属,△,existing,existing,existing,existing,t_default,existing
寒颤.md,WL-WORK-0090,T5,T5 二战后多极文学,R5 北美文学,M5 战后与当代美学范式,G3 小说,QT1 推理与犯罪叙事,△,existing,existing,existing,existing,existing,existing
寓言（福克纳）.md,WL-WORK-2984,T5,T5 二战后多极文学,R5 北美文学,M5 战后与当代美学范式,G3 小说,QH6 战争、暴力与创伤,△,existing,existing,existing,existing,mechanism,existing
寻秦记.md,WL-WORK-2505,T6,T6 当代全球文学,R2 东亚文学,M5 战后与当代美学范式,G3 小说,QT8 英雄、边疆与法外者文化传统 | QT8.1 武侠,△,existing,existing,existing,existing,existing,existing
射雕英雄传.md,WL-WORK-2506,T5,T5 二战后多极文学,R2 东亚文学,M5 战后与当代美学范式,G3 小说,QT8.1 武侠 | QT8.3 日本武士与剑豪 | QT8.6 Gaucho | QH5 权力、制度与秩序,△,existing,existing,existing,existing,existing,existing
将军吟.md,WL-WORK-2857,T6,T6 当代全球文学,R2 东亚文学,M5 战后与当代美学范式,G3 小说,QH6 战争、暴力与创伤,△,existing,existing,existing,existing,mechanism,existing
将军底头.md,WL-WORK-1676,T4,T4 全球现代主义时代,R2 东亚文学,M3.1 现代主义 / Modernism,G3 小说,QH5 权力、制度与秩序,△,existing,existing,existing,existing,mechanism,existing
将军族.md,WL-WORK-1677,T5,T5 二战后多极文学,R2 东亚文学,M5 战后与当代美学范式,G3 小说,QH6 战争、暴力与创伤,★,existing,existing,existing,existing,topic_direct,existing
小五义.md,WL-WORK-2507,T3,T3 19世纪现代文学体系,R2 东亚文学,M2 19世纪文学思潮,G3 小说,QT8 英雄、边疆与法外者文化传统 | QT8.1 武侠,△,existing,existing,existing,existing,existing,existing
小妇人.md,WL-WORK-1074,T3,T3 19世纪现代文学体系,R5 北美文学,M2 19世纪文学思潮,G3 小说,QH2.5 童年与成长 | QH2.3 家庭与家族,◆,existing,existing,existing,existing,existing,existing
小时代.md,WL-WORK-2752,T6,T6 当代全球文学,R2 东亚文学,M5 战后与当代美学范式,G3 小说,QH2.1 爱情与欲望 | QH4 社会、阶级与劳动,△,existing,existing,existing,existing,existing,existing
小王子.md,WL-WORK-2731,T4,T4 全球现代主义时代,R4 欧洲文学,M3 现代主义与先锋派,G3 小说,QH1 自我、存在与生命 | QH2.3 家庭与家族 | QH2.5 童年与成长,◆,existing,existing,existing,existing,existing,existing
小眼睛.md,WL-WORK-1075,T6,T6 当代全球文学,R6 拉丁美洲与加勒比,M5 战后与当代美学范式,G3 小说,QT6 乌托邦、反乌托邦与社会想象,△,existing,existing,existing,existing,existing,existing
小神们.md,WL-WORK-0670,T6,T6 当代全球文学,R4 欧洲文学,M5 战后与当代美学范式,G3 小说,QT3 奇幻,△,existing,existing,existing,existing,existing,existing
小酒店.md,WL-WORK-1076,T3,T3 19世纪现代文学体系,R4 欧洲文学,M2 19世纪文学思潮 | M2 19世纪文学思潮 / 自然主义,G3 小说,QH2.3 家庭与家族,△,existing,existing,existing,existing,existing,existing
小陌生人.md,WL-WORK-0671,T6,T6 当代全球文学,R4 欧洲文学,M5 战后与当代美学范式,G3 小说,QT4 恐怖与哥特,△,existing,existing,existing,existing,existing,existing
少年.md,WL-WORK-1077,T3,T3 19世纪现代文学体系,R4 欧洲文学,M2 19世纪文学思潮,G3 小说,QH2.5 童年与成长,△,existing,existing,existing,existing,existing,existing
少年Pi的奇幻漂流.md,WL-WORK-2054,T6,T6 当代全球文学,R5 北美文学,M5 战后与当代美学范式,G3 小说,QH1 自我、存在与生命 | QH8 信仰、伦理与超越,△,existing,t_default,existing,existing,existing,existing
少年天子.md,WL-WORK-1078,T6,T6 当代全球文学,R2 东亚文学,M5 战后与当代美学范式,G3 小说,QT7 历史叙事,△,existing,existing,existing,existing,existing,existing
少年特尔勒斯的困惑.md,WL-WORK-1079,T4,T4 全球现代主义时代,R4 欧洲文学,M3 现代主义与先锋派,G3 小说,QH2.5 童年与成长,△,existing,existing,existing,existing,existing,existing
少年维特的烦恼.md,WL-WORK-2055,T2,T2 早期现代文学,R4 欧洲文学,M1 早期现代思想与美学,G3 小说,QH2.1 爱情与欲望,◆,existing,existing,existing,existing,existing,existing
少年艺术家的画像.md,WL-WORK-1080,T4,T4 全球现代主义时代,R4 欧洲文学,M3 现代主义与先锋派,G3 小说,QH2.5 童年与成长,△,existing,existing,existing,existing,existing,existing
尘埃落定.md,WL-WORK-1081,T6,T6 当代全球文学,R2 东亚文学,M5 战后与当代美学范式,G3 小说,QT7 历史叙事,△,existing,existing,existing,existing,existing,existing
尤利西斯.md,WL-WORK-1678,T4,T4 全球现代主义时代,R4 欧洲文学,M3.1 现代主义 / Modernism,G3 小说,QH1 自我、存在与生命,★,existing,existing,existing,existing,mechanism,existing
尤努斯·埃姆雷诗集.md,WL-WORK-R1-YUNUS-EMRE,T1,T1 中古多中心文学世界,R1 西亚—地中海古老传统,,G1 诗歌,QH8 信仰、伦理与超越,◆,existing,existing,not_applicable_pre_modern,title,t_default,other_topic
尤比克.md,WL-WORK-0330,T5,T5 二战后多极文学,R5 北美文学,M5 战后与当代美学范式,G3 小说,QT2 科幻,△,existing,existing,existing,existing,existing,existing
尸人庄谜案.md,WL-WORK-0205,T6,T6 当代全球文学,R2 东亚文学,M5 战后与当代美学范式,G3 小说,QT1 推理与犯罪叙事,△,existing,existing,existing,existing,existing,existing
尸体之城.md,WL-WORK-2056,T5,T5 二战后多极文学,R2 东亚文学,M5 战后与当代美学范式,G3 小说,QH6 战争、暴力与创伤,△,existing,existing,existing,existing,existing,existing
尸体之街.md,WL-WORK-1679,T5,T5 二战后多极文学,R2 东亚文学,M5 战后与当代美学范式,G3 小说,QH6 战争、暴力与创伤,★,existing,existing,existing,existing,topic_direct,existing
尸鬼.md,WL-WORK-0672,T6,T6 当代全球文学,R2 东亚文学,M5 战后与当代美学范式,G3 小说,QT4 恐怖与哥特,△,existing,existing,existing,existing,existing,existing
尼伯龙根之歌.md,WL-WORK-0673,T1,T1 中古多中心文学世界,R4 欧洲文学,,G3 小说,QT3 奇幻 | QH2.3 家庭与家族 | QT7 历史叙事 | QT9 神话、传说与民间叙事 | QH6 战争、暴力与创伤 | QT8 英雄、边疆与法外者文化传统 | QT8.2 欧洲骑士,◆,existing,existing,not_applicable_pre_modern,existing,existing,existing
尼罗河上的惨案.md,WL-WORK-0026,T4,T4 全球现代主义时代,R4 欧洲文学,M3 现代主义与先锋派,G3 小说,QT1 推理与犯罪叙事,△,existing,existing,existing,existing,existing,existing
尼雅尔萨迦.md,WL-WORK-1082,T1,T1 中古多中心文学世界,R4 欧洲文学,,G3 小说,QH2.3 家庭与家族,◆,existing,existing,not_applicable_pre_modern,existing,existing,existing
局外人.md,WL-WORK-1083,T4,T4 全球现代主义时代,R4 欧洲文学,M3.1 现代主义 / Modernism | M5.1 战后思想与美学范式,G3 小说,QH1 自我、存在与生命,◆,existing,existing,existing,existing,existing,existing
屠宰场之舞.md,WL-WORK-3118,T6,T6 当代全球文学,R5 北美文学,M5 战后与当代美学范式,G3 小说,QH3 身份、身体与归属,△,existing,existing,existing,existing,t_default,existing
山海经.md,WL-WORK-1448,T0,T0 文学源头与古代文学,R2 东亚文学,,G3 小说,QT9 神话、传说与民间叙事,△,existing,existing,not_applicable_pre_modern,existing,existing,existing
山音.md,WL-WORK-3158,T5,T5 二战后多极文学,R2 东亚文学,M5 战后与当代美学范式,G3 小说,QH5 权力、制度与秩序,◆,existing,existing,existing,existing,mechanism,existing
岁时记.md,WL-WORK-1449,T0,T0 文学源头与古代文学,R1 西亚—地中海古老传统,,G3 小说,QT9 神话、传说与民间叙事,△,existing,existing,not_applicable_pre_modern,existing,existing,existing
岛上书店.md,WL-WORK-2762,T6,T6 当代全球文学,R5 北美文学,M5 战后与当代美学范式,G3 小说,QH1 自我、存在与生命 | QH2.5 童年与成长,△,existing,existing,existing,existing,existing,existing
岭南摭怪.md,WL-WORK-1450,T1,T1 中古多中心文学世界,R2 东亚文学,,G3 小说,QT9 神话、传说与民间叙事,△,existing,existing,not_applicable_pre_modern,existing,existing,existing
崩溃.md,WL-WORK-2057,T4,T4 全球现代主义时代,R4 欧洲文学,M2 19世纪文学思潮,G3 小说,QH6 战争、暴力与创伤,△,existing,existing,existing,existing,existing,existing
工作与时日.md,WL-WORK-1451,T0,T0 文学源头与古代文学,R1 西亚—地中海古老传统,,G1 诗歌,QT9 神话、传说与民间叙事,◆,existing,existing,not_applicable_pre_modern,existing,existing,existing
巨人传.md,WL-WORK-3164,T2,T2 早期现代文学,R4 欧洲文学,M1 早期现代思想与美学,G3 小说,QH8 信仰、伦理与超越,◆,existing,existing,existing,existing,mechanism,existing
巨石苍穹.md,WL-WORK-0674,T6,T6 当代全球文学,R5 北美文学,M5 战后与当代美学范式,G3 小说,QT3 奇幻,△,existing,existing,existing,existing,existing,existing
差分机.md,WL-WORK-0440,T6,T6 当代全球文学,R5 北美文学,M5 战后与当代美学范式,G3 小说,QT2 科幻,△,existing,existing,existing,existing,existing,existing
已故的乔治·阿普利.md,WL-WORK-2974,T4,T4 全球现代主义时代,R5 北美文学,M3 现代主义与先锋派,G3 小说,QH1 自我、存在与生命,△,existing,existing,existing,existing,t_default,existing
已故的帕斯卡尔.md,WL-WORK-1681,T4,T4 全球现代主义时代,R4 欧洲文学,M3.1 现代主义 / Modernism,G3 小说,QH1 自我、存在与生命,△,existing,existing,existing,existing,t_default,existing
已知的世界.md,WL-WORK-3019,T6,T6 当代全球文学,R5 北美文学,M5 战后与当代美学范式,G3 小说,QH3 身份、身体与归属,△,existing,existing,existing,existing,t_default,existing
巴兰特雷少爷.md,WL-WORK-2509,T3,T3 19世纪现代文学体系,R4 欧洲文学,M2 19世纪文学思潮,G3 小说,QT8 英雄、边疆与法外者文化传统 | QT8.4 欧洲剑客,△,existing,existing,existing,existing,existing,existing
巴别-17.md,WL-WORK-0348,T5,T5 二战后多极文学,R5 北美文学,M5 战后与当代美学范式,G3 小说,QT2 科幻,△,existing,existing,existing,existing,existing,existing
巴别塔.md,WL-WORK-0675,T6,T6 当代全球文学,R5 北美文学,M5 战后与当代美学范式,G3 小说,QT3 奇幻,△,existing,existing,existing,existing,existing,existing
巴力神话组诗.md,WL-WORK-1452,T0,T0 文学源头与古代文学,R1 西亚—地中海古老传统,,G3 小说,QT9 神话、传说与民间叙事,△,existing,existing,not_applicable_pre_modern,existing,existing,existing
巴基斯坦列车.md,WL-WORK-1683,T5,T5 二战后多极文学,R3 南亚文学,M5 战后与当代美学范式,G3 小说,QH6 战争、暴力与创伤,★,existing,existing,existing,existing,topic_direct,existing
巴基诗集.md,WL-WORK-R1-BAKI-DIVAN,T2,T2 早期现代文学,R1 西亚—地中海古老传统,M1 早期现代思想与美学,G1 诗歌,QH5 权力、制度与秩序,◆,existing,existing,t_default,title,t_default,other_topic
巴布尔回忆录.md,WL-WORK-T2-BABURNAMA,T2,T2 早期现代文学,R3 南亚文学,M1 早期现代思想与美学,G6 纪实与文学非虚构,QH5 权力、制度与秩序,◆,existing,existing,existing,existing,existing,existing
巴拉耶.md,WL-WORK-2913,T6,T6 当代全球文学,R5 北美文学,M5 战后与当代美学范式,G3 小说,QH3 身份、身体与归属,△,existing,existing,existing,existing,t_default,existing
巴斯克维尔的猎犬.md,WL-WORK-0013,T4,T4 全球现代主义时代,R4 欧洲文学,M2 19世纪文学思潮,G3 小说,QT1 推理与犯罪叙事,△,existing,existing,existing,existing,existing,existing
巴斯蒂.md,WL-WORK-1684,T5,T5 二战后多极文学,R3 南亚文学,M5 战后与当代美学范式,G3 小说,QH6 战争、暴力与创伤,★,existing,existing,existing,existing,topic_direct,existing
巴比伦神义论.md,WL-WORK-R1-BABYLONIAN-THEODICY,T0,T0 文学源头与古代文学,R1 西亚—地中海古老传统,,G3 小说,QH8 信仰、伦理与超越,◆,existing,existing,not_applicable_pre_modern,t_default,t_default,other_topic
巴里公主.md,WL-WORK-1454,T4,T4 全球现代主义时代,R2 东亚文学,M3 现代主义与先锋派,G3 小说,QT9 神话、传说与民间叙事,△,existing,existing,t_default,existing,existing,existing
巴黎圣母院.md,WL-WORK-1086,T3,T3 19世纪现代文学体系,R4 欧洲文学,M2 19世纪文学思潮 | M2 19世纪文学思潮 / 浪漫主义,G3 小说,QT7 历史叙事,△,existing,existing,existing,existing,existing,existing
布兰航海记.md,WL-WORK-1455,T1,T1 中古多中心文学世界,R4 欧洲文学,,G3 小说,QT9 神话、传说与民间叙事,△,existing,existing,not_applicable_pre_modern,existing,existing,existing
布拉斯·库巴斯死后的回忆.md,WL-WORK-1686,T3,T3 19世纪现代文学体系,R6 拉丁美洲与加勒比,M2 19世纪文学思潮,G3 小说,QH5 权力、制度与秩序,◆,existing,existing,existing,existing,mechanism,existing
布拉热洛纳子爵.md,WL-WORK-1087,T3,T3 19世纪现代文学体系,R4 欧洲文学,M2 19世纪文学思潮,G3 小说,QT7 历史叙事 | QT8 英雄、边疆与法外者文化传统 | QT8.2 欧洲骑士 | QT8.4 欧洲剑客 | QT8.8 海盗,△,existing,existing,existing,existing,existing,existing
布登勃洛克一家.md,WL-WORK-1088,T4,T4 全球现代主义时代,R4 欧洲文学,M3 现代主义与先锋派,G3 小说,QH2.5 童年与成长 | QH2.3 家庭与家族,◆,existing,existing,existing,existing,existing,existing
布衣神相.md,WL-WORK-2510,T6,T6 当代全球文学,R2 东亚文学,M5 战后与当代美学范式,G3 小说,QT8 英雄、边疆与法外者文化传统 | QT8.1 武侠,△,existing,existing,existing,existing,existing,existing
布雷达的太阳.md,WL-WORK-2511,T6,T6 当代全球文学,R4 欧洲文学,M5 战后与当代美学范式,G3 小说,QT8 英雄、边疆与法外者文化传统 | QT8.4 欧洲剑客,△,existing,existing,existing,existing,existing,existing
希尔·兰贾.md,WL-WORK-R3-94628411,T2,T2 早期现代文学,R3 南亚文学,M1 早期现代思想与美学,G3 小说,QH5 权力、制度与秩序,◆,existing,existing,t_default,t_default,t_default,other_topic
希尔德的梯子.md,WL-WORK-0379,T6,T6 当代全球文学,R9 大洋洲与太平洋,M5 战后与当代美学范式,G3 小说,QT2 科幻,△,existing,existing,existing,existing,existing,existing
希波吕托斯.md,WL-WORK-1456,T0,T0 文学源头与古代文学,R1 西亚—地中海古老传统,,G3 小说,QT9 神话、传说与民间叙事,△,existing,existing,not_applicable_pre_modern,existing,existing,existing
希腊人佐巴.md,WL-WORK-2850,T5,T5 二战后多极文学,R4 欧洲文学,M3 现代主义与先锋派,G3 小说,QH6 战争、暴力与创伤,◆,existing,existing,existing,existing,mechanism,existing
希腊棺材之谜.md,WL-WORK-0038,T4,T4 全球现代主义时代,R5 北美文学,M3 现代主义与先锋派,G3 小说,QT1 推理与犯罪叙事,△,existing,existing,existing,existing,existing,existing
帕尔马修道院.md,WL-WORK-2060,T3,T3 19世纪现代文学体系,R4 欧洲文学,M2 19世纪文学思潮,G3 小说,QH6 战争、暴力与创伤,△,existing,existing,existing,existing,existing,existing
帕梅拉.md,WL-WORK-2061,T2,T2 早期现代文学,R4 欧洲文学,M1 早期现代思想与美学,G3 小说,QH2.1 爱情与欲望,△,existing,existing,existing,existing,existing,existing
帕迪·克拉克哈哈哈.md,WL-WORK-3056,T6,T6 当代全球文学,R4 欧洲文学,M5 战后与当代美学范式,G3 小说,QH3 身份、身体与归属,△,existing,existing,existing,existing,t_default,existing
帝国瀑布.md,WL-WORK-3018,T6,T6 当代全球文学,R5 北美文学,M5 战后与当代美学范式,G3 小说,QH3 身份、身体与归属,△,existing,existing,existing,existing,t_default,existing
席斯矩阵.md,WL-WORK-0391,T6,T6 当代全球文学,R5 北美文学,M5 战后与当代美学范式,G3 小说,QT2 科幻 | QT6 乌托邦、反乌托邦与社会想象,△,existing,existing,existing,existing,existing,existing
帷幕.md,WL-WORK-0031,T5,T5 二战后多极文学,R4 欧洲文学,M3 现代主义与先锋派,G3 小说,QT1 推理与犯罪叙事,△,existing,existing,existing,existing,existing,existing
平凡的世界.md,WL-WORK-2711,T6,T6 当代全球文学,R2 东亚文学,M2 19世纪文学思潮,G3 小说,QH2.3 家庭与家族 | QH2.5 童年与成长 | QH4 社会、阶级与劳动,△,existing,existing,existing,existing,existing,existing
平凡的恩典.md,WL-WORK-3140,T6,T6 当代全球文学,R5 北美文学,M5 战后与当代美学范式,G3 小说,QH3 身份、身体与归属,△,existing,existing,existing,existing,t_default,existing
平原上的城市.md,WL-WORK-2514,T6,T6 当代全球文学,R5 北美文学,M5 战后与当代美学范式,G3 小说,QT8 英雄、边疆与法外者文化传统 | QT8.5 西部,△,existing,existing,existing,existing,existing,existing
平家物语.md,WL-WORK-1091,T1,T1 中古多中心文学世界,R2 东亚文学,,G3 小说,QT7 历史叙事 | QH6 战争、暴力与创伤 | QT8 英雄、边疆与法外者文化传统 | QT8.3 日本武士与剑豪 | QT8.4 欧洲剑客,◆,existing,existing,not_applicable_pre_modern,existing,existing,existing
平面国.md,WL-WORK-0264,T3,T3 19世纪现代文学体系,R4 欧洲文学,M2 19世纪文学思潮,G3 小说,QT2 科幻 | QH5 权力、制度与秩序,△,existing,existing,existing,existing,existing,existing
年轻的古德曼·布朗.md,WL-WORK-0680,T3,T3 19世纪现代文学体系,R5 北美文学,M2 19世纪文学思潮,G3 小说,QT4 恐怖与哥特,△,existing,existing,existing,existing,existing,existing
并非出于仇恨.md,WL-WORK-3173,T5,T5 二战后多极文学,R8 东南亚文学,M5 战后与当代美学范式,G3 小说,QH5 权力、制度与秩序,◆,existing,existing,existing,existing,mechanism,existing
幻城.md,WL-WORK-2753,T6,T6 当代全球文学,R2 东亚文学,M5 战后与当代美学范式,G3 小说,QT3 奇幻 | QH2.1 爱情与欲望,△,existing,existing,existing,existing,existing,existing
幻影女郎.md,WL-WORK-0080,T4,T4 全球现代主义时代,R5 北美文学,M3 现代主义与先锋派,G3 小说,QT1 推理与犯罪叙事,△,existing,existing,existing,existing,existing,existing
幻想世界旅游者指南.md,WL-WORK-0681,T6,T6 当代全球文学,R4 欧洲文学,M5 战后与当代美学范式,G3 小说,QT3 奇幻,△,existing,existing,existing,existing,existing,existing
幻想曲.md,WL-WORK-0682,T3,T3 19世纪现代文学体系,R4 欧洲文学,M2 19世纪文学思潮,G3 小说,QT3 奇幻,△,existing,existing,existing,existing,existing,existing
幻梦之海.md,WL-WORK-0683,T6,T6 当代全球文学,R4 欧洲文学,M5 战后与当代美学范式,G3 小说,QT3 奇幻,△,existing,existing,existing,existing,existing,existing
幻灭.md,WL-WORK-1093,T3,T3 19世纪现代文学体系,R4 欧洲文学,M2 19世纪文学思潮 | M2 19世纪文学思潮 / 现实主义,G3 小说,QH2.5 童年与成长,◆,existing,existing,existing,existing,existing,existing
幽灵小姐.md,WL-WORK-2515,T2,T2 早期现代文学,R4 欧洲文学,M1 早期现代思想与美学,G3 小说,QT8 英雄、边疆与法外者文化传统 | QT8.4 欧洲剑客,△,existing,existing,existing,existing,existing,existing
幽灵海盗.md,WL-WORK-0685,T4,T4 全球现代主义时代,R4 欧洲文学,M3 现代主义与先锋派,G3 小说,QT4 恐怖与哥特,△,existing,existing,existing,existing,existing,existing
幽灵路.md,WL-WORK-1095,T6,T6 当代全球文学,R4 欧洲文学,M5 战后与当代美学范式,G3 小说,QT7 历史叙事,△,existing,existing,existing,existing,existing,existing
广告杀人事件.md,WL-WORK-0047,T4,T4 全球现代主义时代,R4 欧洲文学,M3 现代主义与先锋派,G3 小说,QT1 推理与犯罪叙事,△,existing,existing,existing,existing,existing,existing
广场.md,WL-WORK-1689,T5,T5 二战后多极文学,R2 东亚文学,M5 战后与当代美学范式,G3 小说,QH6 战争、暴力与创伤,★,existing,existing,existing,existing,existing,existing
广岛.md,WL-WORK-2062,T5,T5 二战后多极文学,R5 北美文学,M3 现代主义与先锋派,G3 小说,QH6 战争、暴力与创伤,△,existing,existing,existing,existing,existing,existing
广岛札记.md,WL-WORK-2063,T5,T5 二战后多极文学,R2 东亚文学,M5 战后与当代美学范式,G3 小说,QH6 战争、暴力与创伤,△,existing,existing,existing,existing,existing,existing
广阔腹地：条条小径.md,WL-WORK-1691,T5,T5 二战后多极文学,R6 拉丁美洲与加勒比,M5 战后与当代美学范式,G3 小说,QH5 权力、制度与秩序,△,existing,existing,existing,existing,mechanism,existing
庄子.md,WL-WORK-T0-ZHUANGZI,T0,T0 文学源头与古代文学,R2 东亚文学,,G4 散文与随笔,QH8 信仰、伦理与超越,◆,existing,existing,not_applicable_pre_modern,existing,t_default,existing
床上抽烟有危险.md,WL-WORK-0686,T6,T6 当代全球文学,R6 拉丁美洲与加勒比,M5 战后与当代美学范式,G3 小说,QT4 恐怖与哥特,△,existing,existing,existing,existing,existing,existing
序曲.md,WL-WORK-M2-89D3E895D396,T3,T3 19世纪现代文学体系,R4 欧洲文学,M2 19世纪文学思潮 / 浪漫主义,G3 小说,QH4 社会、阶级与劳动,◆,existing,t_default,existing,t_default,t_default,other_topic
序曲中的死亡.md,WL-WORK-0055,T4,T4 全球现代主义时代,R9 大洋洲与太平洋,M3 现代主义与先锋派,G3 小说,QT1 推理与犯罪叙事,△,existing,existing,existing,existing,existing,existing
库萨里.md,WL-WORK-T1-KUZARI,T1,T1 中古多中心文学世界,R1 西亚—地中海古老传统,,G4 散文与随笔,QH8 信仰、伦理与超越,★,existing,existing,not_applicable_pre_modern,existing,mechanism,existing
应物兄.md,WL-WORK-2890,T6,T6 当代全球文学,R2 东亚文学,M5 战后与当代美学范式,G3 小说,QH6 战争、暴力与创伤,△,existing,existing,existing,existing,mechanism,existing
庞贝.md,WL-WORK-1096,T6,T6 当代全球文学,R4 欧洲文学,M5 战后与当代美学范式,G3 小说,QT7 历史叙事,△,existing,existing,existing,existing,existing,existing
庭院深深.md,WL-WORK-2064,T5,T5 二战后多极文学,R2 东亚文学,M5 战后与当代美学范式,G3 小说,QH2.1 爱情与欲望,△,existing,existing,existing,existing,existing,existing
康涅狄格美国佬在亚瑟王朝.md,WL-WORK-2517,T3,T3 19世纪现代文学体系,R4 欧洲文学,M2 19世纪文学思潮,G3 小说,QT8 英雄、边疆与法外者文化传统 | QT8.2 欧洲骑士,△,existing,existing,existing,existing,existing,existing
康熙大帝.md,WL-WORK-1097,T6,T6 当代全球文学,R2 东亚文学,M5 战后与当代美学范式,G3 小说,QT7 历史叙事,△,existing,existing,existing,existing,existing,existing
开往伍德斯托克的末班车.md,WL-WORK-0105,T5,T5 二战后多极文学,R4 欧洲文学,M5 战后与当代美学范式,G3 小说,QT1 推理与犯罪叙事,△,existing,existing,existing,existing,existing,existing
开往巴基斯坦的列车.md,WL-WORK-T5-TRAIN-PAKISTAN,T5,T5 二战后多极文学,R3 南亚文学,M5 战后与当代美学范式,G3 小说,QH6 战争、暴力与创伤 | QH7 历史、记忆与时间 | QT7 历史叙事,★,existing,existing,existing,existing,existing,existing
开罗三部曲.md,WL-WORK-2852,T5,T5 二战后多极文学,R1 西亚—地中海古老传统,M3 现代主义与先锋派,G3 小说,QH2.3 家庭与家族,◆,existing,existing,existing,existing,existing,existing
异乡异客.md,WL-WORK-0302,T5,T5 二战后多极文学,R5 北美文学,M5 战后与当代美学范式,G3 小说,QT2 科幻,△,existing,existing,existing,existing,existing,existing
异山馨香.md,WL-WORK-3009,T6,T6 当代全球文学,R5 北美文学,M5 战后与当代美学范式,G3 小说,QH3 身份、身体与归属,△,existing,existing,existing,existing,t_default,existing
异常.md,WL-WORK-0173,T6,T6 当代全球文学,R2 东亚文学,M5 战后与当代美学范式,G3 小说,QT1 推理与犯罪叙事,△,existing,existing,existing,existing,existing,existing
异邦骑士.md,WL-WORK-0178,T6,T6 当代全球文学,R2 东亚文学,M5 战后与当代美学范式,G3 小说,QT1 推理与犯罪叙事,△,existing,existing,existing,existing,existing,existing
弗兰德公路.md,WL-WORK-1692,T5,T5 二战后多极文学,R4 欧洲文学,M5 战后与当代美学范式 | M5.1 战后思想与美学范式,G3 小说,QH6 战争、暴力与创伤,★,existing,existing,existing,existing,topic_direct,existing
弗兰肯斯坦.md,WL-WORK-0262,T3,T3 19世纪现代文学体系,R4 欧洲文学,M2 19世纪文学思潮 | M2 19世纪文学思潮 / 浪漫主义,G3 小说,QT2 科幻 | QT4 恐怖与哥特,★,existing,existing,existing,existing,existing,existing
弗农·小神.md,WL-WORK-3062,T6,T6 当代全球文学,R9 大洋洲与太平洋,M5 战后与当代美学范式,G3 小说,QH3 身份、身体与归属,△,existing,existing,existing,existing,mechanism,existing
弗拉卡斯上尉.md,WL-WORK-2519,T3,T3 19世纪现代文学体系,R4 欧洲文学,M2 19世纪文学思潮,G3 小说,QT8 英雄、边疆与法外者文化传统 | QT8.4 欧洲剑客,★,existing,existing,existing,existing,existing,existing
弗洛斯河上的磨坊.md,WL-WORK-1099,T3,T3 19世纪现代文学体系,R4 欧洲文学,M2 19世纪文学思潮,G3 小说,QH2.5 童年与成长 | QH2.3 家庭与家族,△,existing,existing,existing,existing,existing,existing
弗莱德丽卡.md,WL-WORK-2065,T5,T5 二战后多极文学,R4 欧洲文学,M3 现代主义与先锋派,G3 小说,QH2.1 爱情与欲望,△,existing,existing,existing,existing,existing,existing
张居正.md,WL-WORK-2870,T6,T6 当代全球文学,R2 东亚文学,M5 战后与当代美学范式,G3 小说,QH6 战争、暴力与创伤,△,existing,existing,existing,existing,mechanism,existing
归乡.md,WL-WORK-1101,T6,T6 当代全球文学,R10.2 非洲离散文学 | R5 北美文学 | R7 非洲文学,M5 战后与当代美学范式,G3 小说,QH2.3 家庭与家族 | QT7 历史叙事 | QH7 历史、记忆与时间,★,existing,existing,existing,existing,existing,existing
归来.md,WL-WORK-2066,T4,T4 全球现代主义时代,R4 欧洲文学,M3 现代主义与先锋派,G3 小说,QH6 战争、暴力与创伤,△,existing,existing,existing,existing,existing,existing
当且仅当雪是白的.md,WL-WORK-0250,T6,T6 当代全球文学,R2 东亚文学,M5 战后与当代美学范式,G3 小说,QT1 推理与犯罪叙事,△,existing,existing,existing,existing,existing,existing
当睡者醒来时.md,WL-WORK-0278,T4,T4 全球现代主义时代,R4 欧洲文学,M2 19世纪文学思潮,G3 小说,QT2 科幻 | QT6 乌托邦、反乌托邦与社会想象,△,existing,existing,existing,existing,existing,existing
当选者.md,WL-WORK-3036,T5,T5 二战后多极文学,R4 欧洲文学,M5 战后与当代美学范式,G3 小说,QH6 战争、暴力与创伤,△,existing,existing,existing,existing,mechanism,existing
彩画集.md,WL-WORK-1694,T3,T3 19世纪现代文学体系,R4 欧洲文学,M3.1 现代主义 / Modernism | M2 19世纪文学思潮 / 象征主义,G1 诗歌,QH4 社会、阶级与劳动,△,existing,existing,existing,existing,t_default,existing
彩虹尽头.md,WL-WORK-2919,T6,T6 当代全球文学,R5 北美文学,M5 战后与当代美学范式,G3 小说,QH3 身份、身体与归属,△,existing,existing,existing,existing,t_default,existing
影子.md,WL-WORK-0690,T3,T3 19世纪现代文学体系,R4 欧洲文学,M2 19世纪文学思潮,G3 小说,QT3 奇幻,△,existing,existing,existing,existing,existing,existing
彷徨.md,WL-WORK-1695,T4,T4 全球现代主义时代,R2 东亚文学,M3.1 现代主义 / Modernism,G3 小说,QH1 自我、存在与生命 | QH4 社会、阶级与劳动,◆,existing,existing,existing,existing,existing,existing
彼得·潘.md,WL-WORK-0691,T4,T4 全球现代主义时代,R4 欧洲文学,M3 现代主义与先锋派,G3 小说,QT3 奇幻 | QT8 英雄、边疆与法外者文化传统 | QT8.8 海盗,△,existing,existing,existing,existing,existing,existing
彼得便士.md,WL-WORK-3101,T5,T5 二战后多极文学,R9 大洋洲与太平洋,M5 战后与当代美学范式,G3 小说,QH5 权力、制度与秩序,△,existing,existing,existing,existing,mechanism,existing
往事.md,WL-WORK-3196,T5,T5 二战后多极文学,R1 西亚—地中海古老传统,M3 现代主义与先锋派,G3 小说,QH5 权力、制度与秩序,◆,existing,existing,existing,existing,mechanism,existing
往事与刑罚.md,WL-WORK-2792,T6,T6 当代全球文学,R2 东亚文学,M5 战后与当代美学范式,G3 小说,QH5 权力、制度与秩序 | QH6 战争、暴力与创伤,△,existing,existing,existing,existing,existing,existing
征服新西班牙信史.md,WL-WORK-1697,T2,T2 早期现代文学,R6 拉丁美洲与加勒比,M1 早期现代思想与美学,G6 纪实与文学非虚构,QH5 权力、制度与秩序,◆,existing,existing,existing,existing,existing,existing
征服者罗比尔.md,WL-WORK-0272,T3,T3 19世纪现代文学体系,R4 欧洲文学,M2 19世纪文学思潮,G3 小说,QT2 科幻,△,existing,existing,existing,existing,existing,existing
律师事务所.md,WL-WORK-0120,T6,T6 当代全球文学,R5 北美文学,M5 战后与当代美学范式,G3 小说,QT1 推理与犯罪叙事,△,existing,existing,existing,existing,existing,existing
徒然草.md,WL-WORK-3181,T1,T1 中古多中心文学世界,R2 东亚文学,,G4 散文与随笔,QH8 信仰、伦理与超越,◆,existing,existing,not_applicable_pre_modern,existing,mechanism,existing
微型巨人.md,WL-WORK-0261,T2,T2 早期现代文学,R4 欧洲文学,M1 早期现代思想与美学,G3 小说,QT2 科幻,△,existing,existing,existing,existing,existing,existing
微微一笑很倾城.md,WL-WORK-2067,T6,T6 当代全球文学,R2 东亚文学,M5 战后与当代美学范式,G3 小说,QH2.1 爱情与欲望,△,existing,existing,existing,existing,existing,existing
微暗的火.md,WL-WORK-2068,T5,T5 二战后多极文学,R5 北美文学,M5 战后与当代美学范式 | M5.1 战后思想与美学范式,G3 小说,QH6 战争、暴力与创伤,△,existing,author_model,existing,existing,topic_direct,existing
微物之神.md,WL-WORK-1103,T6,T6 当代全球文学,R3 南亚文学,M5 战后与当代美学范式,G3 小说,QH2.3 家庭与家族,★,existing,existing,existing,existing,existing,existing
微笑的警察.md,WL-WORK-3098,T5,T5 二战后多极文学,R4 欧洲文学,M5 战后与当代美学范式,G3 小说,QH6 战争、暴力与创伤,△,existing,existing,existing,existing,mechanism,existing
德伯家的苔丝.md,WL-WORK-2069,T4,T4 全球现代主义时代,R4 欧洲文学,M3 现代主义与先锋派,G3 小说,QH2.1 爱情与欲望,◆,existing,existing,existing,existing,existing,existing
德古拉.md,WL-WORK-0692,T4,T4 全球现代主义时代,R4 欧洲文学,M3 现代主义与先锋派,G3 小说,QT4 恐怖与哥特,◆,existing,existing,existing,existing,existing,existing
德德·科尔库特之书.md,WL-WORK-R1-DEDE-KORKUT,T1,T1 中古多中心文学世界,R1 西亚—地中海古老传统,,G1 诗歌与韵文,QH6 战争、暴力与创伤,◆,existing,existing,not_applicable_pre_modern,existing,existing,other_topic
德米安.md,WL-WORK-1104,T4,T4 全球现代主义时代,R4 欧洲文学,M3 现代主义与先锋派,G3 小说,QH2.5 童年与成长,△,existing,existing,existing,existing,existing,existing
德里纳河上的桥.md,WL-WORK-3215,T5,T5 二战后多极文学,R4 欧洲文学,M3 现代主义与先锋派,G3 小说,QH5 权力、制度与秩序,◆,existing,existing,existing,existing,mechanism,existing
德里黄昏.md,WL-WORK-1698,T4,T4 全球现代主义时代,R3 南亚文学,M3.1 现代主义 / Modernism,G3 小说,QH5 权力、制度与秩序,△,existing,existing,existing,existing,mechanism,existing
心.md,WL-WORK-1105,T4,T4 全球现代主义时代,R2 东亚文学,M3 现代主义与先锋派,G3 小说,QH2.5 童年与成长,◆,existing,existing,existing,existing,existing,existing
心理测验.md,WL-WORK-0148,T4,T4 全球现代主义时代,R2 东亚文学,M3 现代主义与先锋派,G3 小说,QT1 推理与犯罪叙事,△,existing,existing,existing,existing,existing,existing
心理罪：教化场.md,WL-WORK-0248,T6,T6 当代全球文学,R2 东亚文学,M5 战后与当代美学范式,G3 小说,QT1 推理与犯罪叙事,△,existing,existing,existing,existing,existing,existing
心理罪：画像.md,WL-WORK-0247,T6,T6 当代全球文学,R2 东亚文学,M5 战后与当代美学范式,G3 小说,QT1 推理与犯罪叙事,△,existing,existing,existing,existing,existing,existing
忠告与同意.md,WL-WORK-2988,T5,T5 二战后多极文学,R5 北美文学,M5 战后与当代美学范式,G3 小说,QH6 战争、暴力与创伤,△,existing,existing,existing,existing,mechanism,existing
忧国.md,WL-WORK-2523,T5,T5 二战后多极文学,R2 东亚文学,M5 战后与当代美学范式,G3 小说,QT8 英雄、边疆与法外者文化传统 | QT8.3 日本武士与剑豪,△,existing,existing,existing,existing,existing,existing
怀中羔羊.md,WL-WORK-2971,T4,T4 全球现代主义时代,R5 北美文学,M3 现代主义与先锋派,G3 小说,QH1 自我、存在与生命,△,existing,existing,existing,existing,t_default,existing
怀特先生的忏悔.md,WL-WORK-3125,T6,T6 当代全球文学,R5 北美文学,M5 战后与当代美学范式,G3 小说,QH3 身份、身体与归属,△,existing,existing,existing,existing,t_default,existing
思宫街.md,WL-WORK-1109,T5,T5 二战后多极文学,R1 西亚—地中海古老传统,M5 战后与当代美学范式,G3 小说,QH2.3 家庭与家族,△,existing,existing,existing,existing,existing,existing
急需病例.md,WL-WORK-3096,T5,T5 二战后多极文学,R5 北美文学,M5 战后与当代美学范式,G3 小说,QH6 战争、暴力与创伤,△,existing,existing,existing,existing,mechanism,existing
怪屋.md,WL-WORK-0029,T5,T5 二战后多极文学,R4 欧洲文学,M3 现代主义与先锋派,G3 小说,QT1 推理与犯罪叙事,△,existing,existing,existing,existing,existing,existing
总统先生.md,WL-WORK-1699,T5,T5 二战后多极文学,R6 拉丁美洲与加勒比,M5 战后与当代美学范式,G3 小说,QH5 权力、制度与秩序,◆,existing,existing,existing,existing,mechanism,existing
恋情的终结.md,WL-WORK-2071,T5,T5 二战后多极文学,R4 欧洲文学,M5 战后与当代美学范式,G3 小说,QH2.1 爱情与欲望,△,existing,existing,existing,existing,existing,existing
恋爱中的女人.md,WL-WORK-1110,T4,T4 全球现代主义时代,R4 欧洲文学,M3.1 现代主义 / Modernism,G3 小说,QH2.3 家庭与家族,△,existing,existing,existing,existing,existing,existing
恐怖谷.md,WL-WORK-0014,T3,T3 19世纪现代文学体系,R4 欧洲文学,M2 19世纪文学思潮,G3 小说,QT1 推理与犯罪叙事,△,existing,existing,existing,existing,existing,existing
恐惧拉斯维加斯.md,WL-WORK-1700,T5,T5 二战后多极文学,R5 北美文学,M5 战后与当代美学范式,G6 纪实与文学非虚构,QH6 战争、暴力与创伤,◆,existing,existing,existing,existing,topic_direct,existing
恩典岁月.md,WL-WORK-2969,T4,T4 全球现代主义时代,R5 北美文学,M3 现代主义与先锋派,G3 小说,QH1 自我、存在与生命,△,existing,existing,existing,existing,t_default,existing
恩基与宁玛赫.md,WL-WORK-1459,T0,T0 文学源头与古代文学,R1 西亚—地中海古老传统,,G3 小说,QT9 神话、传说与民间叙事,△,existing,existing,not_applicable_pre_modern,existing,existing,existing
恩基与宁胡尔萨格.md,WL-WORK-1460,T0,T0 文学源头与古代文学,R1 西亚—地中海古老传统,,G3 小说,QT9 神话、传说与民间叙事,△,existing,existing,not_applicable_pre_modern,existing,existing,existing
恰卡.md,WL-WORK-3206,T4,T4 全球现代主义时代,R7 非洲文学,M3 现代主义与先锋派,G3 小说,QH5 权力、制度与秩序,◆,existing,existing,existing,existing,mechanism,existing
恰尔德·哈洛尔德游记.md,WL-WORK-M2-711289AC2296,T3,T3 19世纪现代文学体系,R4 欧洲文学,M2 19世纪文学思潮 / 浪漫主义,G6 纪实与文学非虚构,QH4 社会、阶级与劳动,◆,existing,t_default,existing,title,t_default,other_topic
恶之花.md,WL-WORK-1701,T3,T3 19世纪现代文学体系,R4 欧洲文学,M3.1 现代主义 / Modernism | M2 19世纪文学思潮 / 象征主义,G1 诗歌,QH4 社会、阶级与劳动,★,existing,existing,existing,existing,t_default,existing
恶心.md,WL-WORK-1702,T4,T4 全球现代主义时代,R4 欧洲文学,M3 现代主义与先锋派 | M5.1 战后思想与美学范式,G3 小说,QH6 战争、暴力与创伤,◆,existing,existing,existing,existing,topic_direct,existing
恶意.md,WL-WORK-0210,T6,T6 当代全球文学,R2 东亚文学,M5 战后与当代美学范式,G3 小说,QT1 推理与犯罪叙事,△,existing,existing,existing,existing,existing,existing
恶意预谋.md,WL-WORK-0051,T4,T4 全球现代主义时代,R4 欧洲文学,M3 现代主义与先锋派,G3 小说,QT1 推理与犯罪叙事,△,existing,existing,existing,existing,existing,existing
恶时辰.md,WL-WORK-1703,T5,T5 二战后多极文学,R6 拉丁美洲与加勒比,M5 战后与当代美学范式,G3 小说,QH5 权力、制度与秩序 | QH6 战争、暴力与创伤,△,existing,existing,existing,existing,existing,existing
恶棍来访.md,WL-WORK-3023,T6,T6 当代全球文学,R5 北美文学,M5 战后与当代美学范式,G3 小说,QH3 身份、身体与归属,△,existing,existing,existing,existing,t_default,existing
恶灵附身.md,WL-WORK-3195,T4,T4 全球现代主义时代,R4 欧洲文学,M3 现代主义与先锋派,G2 戏剧,QH1 自我、存在与生命,◆,existing,existing,existing,existing,t_default,existing
恶魔们.md,WL-WORK-M2-9D4C48CE34C6,T3,T3 19世纪现代文学体系,R4 欧洲文学,M2 19世纪文学思潮 / 颓废主义,G3 小说,QH4 社会、阶级与劳动,◆,existing,t_default,existing,t_default,t_default,other_topic
恶魔吹着笛子来.md,WL-WORK-0155,T5,T5 二战后多极文学,R2 东亚文学,M5 战后与当代美学范式,G3 小说,QT1 推理与犯罪叙事,△,existing,existing,existing,existing,existing,existing
恶魔铜头.md,WL-WORK-3031,T6,T6 当代全球文学,R5 北美文学,M5 战后与当代美学范式,G3 小说,QH3 身份、身体与归属,△,existing,existing,existing,existing,t_default,existing
悉达多.md,WL-WORK-1112,T4,T4 全球现代主义时代,R4 欧洲文学,M3 现代主义与先锋派,G3 小说,QH1 自我、存在与生命 | QH2.5 童年与成长 | QH8 信仰、伦理与超越,△,existing,existing,t_default,existing,existing,existing
悠悠岁月.md,WL-WORK-2072,T6,T6 当代全球文学,R4 欧洲文学,M5 战后与当代美学范式,G3 小说,QH7 历史、记忆与时间,△,existing,existing,existing,existing,existing,existing
悬诗.md,WL-WORK-3187,T1,T1 中古多中心文学世界,R1 西亚—地中海古老传统,,G1 诗歌,QH8 信仰、伦理与超越,◆,existing,existing,not_applicable_pre_modern,existing,t_default,existing
悲伤的边缘.md,WL-WORK-2989,T5,T5 二战后多极文学,R5 北美文学,M5 战后与当代美学范式,G3 小说,QH6 战争、暴力与创伤,△,existing,existing,existing,existing,mechanism,existing
悲伤逆流成河.md,WL-WORK-2755,T6,T6 当代全球文学,R2 东亚文学,M5 战后与当代美学范式,G3 小说,QH2.1 爱情与欲望 | QH2.3 家庭与家族 | QH2.5 童年与成长,△,existing,existing,existing,existing,existing,existing
悲惨世界.md,WL-WORK-2525,T3,T3 19世纪现代文学体系,R4 欧洲文学,M2 19世纪文学思潮,G3 小说,QT8 英雄、边疆与法外者文化传统 | QT8.7 侠盗,★,existing,existing,existing,existing,existing,existing
悲观主义者塞义德的奇异事件.md,WL-WORK-1704,T5,T5 二战后多极文学,R1 西亚—地中海古老传统,M5 战后与当代美学范式,G3 小说,QH6 战争、暴力与创伤,★,existing,existing,existing,existing,topic_direct,existing
情书.md,WL-WORK-2713,T6,T6 当代全球文学,R2 东亚文学,M5 战后与当代美学范式,G3 小说,QH2.1 爱情与欲望 | QH7 历史、记忆与时间,△,existing,existing,existing,existing,existing,existing
情感教育.md,WL-WORK-1113,T3,T3 19世纪现代文学体系,R4 欧洲文学,M2 19世纪文学思潮 | M2 19世纪文学思潮 / 现实主义,G3 小说,QH2.5 童年与成长,◆,existing,existing,existing,existing,existing,existing
惶然录.md,WL-WORK-1705,T6,T6 当代全球文学,R4 欧洲文学,M3.1 现代主义 / Modernism,G5 生命书写,QH3 身份、身体与归属,◆,existing,existing,existing,existing,t_default,existing
意图集.md,WL-WORK-M2-78D9745342E8,T3,T3 19世纪现代文学体系,R4 欧洲文学,M2 19世纪文学思潮 / 唯美主义,G3 小说,QH4 社会、阶级与劳动,◆,existing,author_model,existing,t_default,t_default,other_topic
意大利人.md,WL-WORK-0697,T2,T2 早期现代文学,R7 非洲文学 | R4 欧洲文学,M1 早期现代思想与美学,G3 小说,QT4 恐怖与哥特,△,existing,existing,existing,existing,existing,existing
意大利游记.md,WL-WORK-1461,T3,T3 19世纪现代文学体系,R4 欧洲文学,M2 19世纪文学思潮,G6 纪实与文学非虚构,QT14 旅行与游记,△,existing,existing,existing,existing,existing,existing
愚者的片尾.md,WL-WORK-0200,T6,T6 当代全球文学,R2 东亚文学,M5 战后与当代美学范式,G3 小说,QT1 推理与犯罪叙事,△,existing,existing,existing,existing,existing,existing
感伤旅行.md,WL-WORK-1462,T2,T2 早期现代文学,R4 欧洲文学,M1 早期现代思想与美学,G6 纪实与文学非虚构,QT14 旅行与游记,△,existing,existing,existing,existing,existing,existing
愤怒的回顾.md,WL-WORK-1706,T5,T5 二战后多极文学,R4 欧洲文学,M5 战后与当代美学范式,G2 戏剧,QH6 战争、暴力与创伤,★,existing,existing,existing,existing,topic_direct,existing
愤怒的葡萄.md,WL-WORK-2847,T4,T4 全球现代主义时代,R5 北美文学 | R5 北美文学,M3 现代主义与先锋派,G3 小说,QH1 自我、存在与生命,★,existing,existing,existing,existing,t_default,existing
戈丹.md,WL-WORK-2824,T4,T4 全球现代主义时代,R3 南亚文学,M3 现代主义与先锋派,G3 小说,QH5 权力、制度与秩序,★,existing,existing,existing,existing,mechanism,existing
我不可能只是仰望着你.md,WL-WORK-2724,T6,T6 当代全球文学,R5 北美文学,M5 战后与当代美学范式,G3 小说,QH2.1 爱情与欲望 | QH6 战争、暴力与创伤,△,existing,existing,existing,existing,existing,existing
我与地坛.md,WL-WORK-2727,T6,T6 当代全球文学,R2 东亚文学,M5 战后与当代美学范式,G4 散文与随笔 | G5 生命书写,QH1 自我、存在与生命 | QH7 历史、记忆与时间,△,existing,existing,existing,existing,existing,existing
我们.md,WL-WORK-0283,T4,T4 全球现代主义时代,R4 欧洲文学,M3.1 现代主义 / Modernism | M4 政治、民族与文化运动,G3 小说,QT2 科幻 | QT6 乌托邦、反乌托邦与社会想象 | QH5 权力、制度与秩序,★,existing,existing,existing,existing,existing,existing
我们一直住在城堡里.md,WL-WORK-0698,T5,T5 二战后多极文学,R5 北美文学,M5 战后与当代美学范式,G3 小说,QT4 恐怖与哥特,△,existing,existing,existing,existing,existing,existing
我们中的一个.md,WL-WORK-2961,T4,T4 全球现代主义时代,R5 北美文学,M3 现代主义与先锋派,G3 小说,QH1 自我、存在与生命,△,existing,existing,existing,existing,t_default,existing
我们仨.md,WL-WORK-2726,T6,T6 当代全球文学,R2 东亚文学,M5 战后与当代美学范式,G5 生命书写,QH2.3 家庭与家族 | QH7 历史、记忆与时间,△,existing,existing,existing,existing,existing,existing
我们在奥斯维辛.md,WL-WORK-1707,T5,T5 二战后多极文学,R4 欧洲文学,M5 战后与当代美学范式,G5 生命书写,QH6 战争、暴力与创伤,★,existing,existing,existing,existing,topic_direct,existing
我们在火中失去的东西.md,WL-WORK-0699,T6,T6 当代全球文学,R6 拉丁美洲与加勒比,M5 战后与当代美学范式,G3 小说,QT4 恐怖与哥特,△,existing,existing,existing,existing,existing,existing
我们街区的孩子们.md,WL-WORK-1710,T5,T5 二战后多极文学,R1 西亚—地中海古老传统,M5 战后与当代美学范式,G3 小说,QH6 战争、暴力与创伤,★,existing,existing,existing,existing,topic_direct,existing
我内心的恶魔.md,WL-WORK-0086,T5,T5 二战后多极文学,R5 北美文学,M5 战后与当代美学范式,G3 小说,QT1 推理与犯罪叙事,△,existing,existing,existing,existing,existing,existing
我弥留之际.md,WL-WORK-1711,T4,T4 全球现代主义时代,R5 北美文学,M3.1 现代主义 / Modernism,G3 小说,QH1 自我、存在与生命,◆,existing,existing,existing,existing,t_default,existing
我是传奇.md,WL-WORK-0323,T5,T5 二战后多极文学,R5 北美文学,M5 战后与当代美学范式,G3 小说,QT2 科幻 | QT4 恐怖与哥特,△,existing,existing,existing,existing,existing,existing
我是猫.md,WL-WORK-3182,T4,T4 全球现代主义时代,R2 东亚文学,M3 现代主义与先锋派,G3 小说,QH5 权力、制度与秩序,◆,existing,existing,existing,existing,mechanism,existing
我没有自己的名字.md,WL-WORK-2805,T6,T6 当代全球文学,R2 东亚文学,M5 战后与当代美学范式,G3 小说,QH1 自我、存在与生命 | QH4 社会、阶级与劳动,△,existing,existing,existing,existing,existing,existing
我的名字叫红.md,WL-WORK-3192,T6,T6 当代全球文学,R1 西亚—地中海古老传统,M5 战后与当代美学范式,G3 小说,QH3 身份、身体与归属,★,existing,existing,existing,existing,mechanism,existing
我的大学.md,WL-WORK-1114,T4,T4 全球现代主义时代,R4 欧洲文学,M3 现代主义与先锋派,G3 小说,QH2.5 童年与成长,△,existing,existing,existing,existing,existing,existing
我的安东妮亚.md,WL-WORK-2526,T4,T4 全球现代主义时代,R5 北美文学,M3 现代主义与先锋派,G3 小说,QT8 英雄、边疆与法外者文化传统 | QT8.5 西部,△,existing,existing,existing,existing,existing,existing
我的帝王生涯.md,WL-WORK-1115,T6,T6 当代全球文学,R2 东亚文学,M5 战后与当代美学范式,G3 小说,QT7 历史叙事,△,existing,existing,existing,existing,existing,existing
我眼中的恶魔.md,WL-WORK-0127,T5,T5 二战后多极文学,R4 欧洲文学,M5 战后与当代美学范式,G3 小说,QT1 推理与犯罪叙事,△,existing,existing,existing,existing,existing,existing
我胆小如鼠.md,WL-WORK-2725,T6,T6 当代全球文学,R2 东亚文学,M5 战后与当代美学范式,G3 小说,QH1 自我、存在与生命 | QH2.3 家庭与家族 | QH2.5 童年与成长,△,existing,existing,existing,existing,existing,existing
我，克劳狄乌斯.md,WL-WORK-1116,T4,T4 全球现代主义时代,R4 欧洲文学,M3 现代主义与先锋派,G3 小说,QT7 历史叙事,△,existing,existing,existing,existing,existing,existing
我，机器人.md,WL-WORK-0294,T5,T5 二战后多极文学,R5 北美文学,M5 战后与当代美学范式,G3 小说,QT2 科幻,△,existing,existing,existing,existing,existing,existing
我，至高无上者.md,WL-WORK-1712,T5,T5 二战后多极文学,R6 拉丁美洲与加勒比,M5 战后与当代美学范式,G3 小说,QH6 战争、暴力与创伤,★,existing,existing,existing,existing,topic_direct,existing
战争与和平.md,WL-WORK-1118,T3,T3 19世纪现代文学体系,R4 欧洲文学,M2 19世纪文学思潮 | M2 19世纪文学思潮 / 现实主义,G3 小说,QH2.3 家庭与家族 | QT7 历史叙事 | QH6 战争、暴力与创伤,★,existing,existing,existing,existing,existing,existing
战争中没有女性.md,WL-WORK-2073,T6,T6 当代全球文学,R4 欧洲文学,M5 战后与当代美学范式,G3 小说,QH6 战争、暴力与创伤,△,existing,existing,existing,existing,existing,existing
战争和人.md,WL-WORK-2865,T6,T6 当代全球文学,R2 东亚文学,M5 战后与当代美学范式,G3 小说,QH6 战争、暴力与创伤,△,existing,existing,existing,existing,mechanism,existing
战舰武藏.md,WL-WORK-1119,T5,T5 二战后多极文学,R2 东亚文学,M5 战后与当代美学范式,G3 小说,QT7 历史叙事,△,existing,existing,existing,existing,existing,existing
房思琪的初恋乐园.md,WL-WORK-2685,T6,T6 当代全球文学,R2 东亚文学,M5 战后与当代美学范式,G3 小说,QH2.5 童年与成长 | QH3.1 性别与身体 | QH6 战争、暴力与创伤,△,existing,existing,existing,existing,existing,existing
所有我们看不见的光.md,WL-WORK-1121,T6,T6 当代全球文学,R5 北美文学,M5 战后与当代美学范式,G3 小说,QT7 历史叙事,★,existing,existing,existing,existing,existing,existing
所罗门之歌.md,WL-WORK-1122,T5,T5 二战后多极文学,R5 北美文学,M5 战后与当代美学范式 | M5.1 战后思想与美学范式,G3 小说,QH2.5 童年与成长 | QH2.3 家庭与家族,△,existing,existing,existing,existing,existing,existing
所罗门王的宝藏.md,WL-WORK-0702,T3,T3 19世纪现代文学体系,R4 欧洲文学,M2 19世纪文学思潮,G3 小说,QT5 冒险与探索叙事,△,existing,existing,existing,existing,existing,existing
所罗门的伪证.md,WL-WORK-0171,T6,T6 当代全球文学,R2 东亚文学,M5 战后与当代美学范式,G3 小说,QT1 推理与犯罪叙事,△,existing,existing,existing,existing,existing,existing
手机.md,WL-WORK-2719,T6,T6 当代全球文学,R2 东亚文学,M5 战后与当代美学范式,G3 小说,QH2.3 家庭与家族 | QH4 社会、阶级与劳动,△,existing,existing,existing,existing,existing,existing
扎哈克.md,WL-WORK-1463,T1,T1 中古多中心文学世界,R1 西亚—地中海古老传统,,G3 小说,QT9 神话、传说与民间叙事,△,existing,existing,not_applicable_pre_modern,existing,existing,existing
打开.md,WL-WORK-1715,T5,T5 二战后多极文学,R3 南亚文学,M5 战后与当代美学范式,G3 小说,QH6 战争、暴力与创伤,★,existing,existing,existing,existing,topic_direct,existing
托巴·泰克·辛.md,WL-WORK-1716,T5,T5 二战后多极文学,R3 南亚文学,M5 战后与当代美学范式,G3 小说,QH6 战争、暴力与创伤,★,existing,existing,existing,existing,topic_direct,existing
托巴·泰克·辛格.md,WL-WORK-R3-18161939,T5,T5 二战后多极文学,R3 南亚文学,M5 战后与当代美学范式,G3 小说,QH6 战争、暴力与创伤,◆,existing,existing,t_default,t_default,t_default,other_topic
扶桑.md,WL-WORK-2687,T6,T6 当代全球文学,R2 东亚文学,M5 战后与当代美学范式,G3 小说,QT7 历史叙事 | QH2.3 家庭与家族 | QH3.1 性别与身体 | QH3.5 迁徙与流亡,△,existing,existing,existing,existing,existing,existing
抉择.md,WL-WORK-2867,T6,T6 当代全球文学,R2 东亚文学,M5 战后与当代美学范式,G3 小说,QH6 战争、暴力与创伤,△,existing,existing,existing,existing,mechanism,existing
抒情歌谣集.md,WL-WORK-M2-8235CD5AE924,T3,T3 19世纪现代文学体系,R4 欧洲文学,M2 19世纪文学思潮 / 浪漫主义,G3 小说,QH4 社会、阶级与劳动,◆,existing,t_default,existing,t_default,t_default,other_topic
抓住我：杀了我.md,WL-WORK-3104,T5,T5 二战后多极文学,R5 北美文学,M5 战后与当代美学范式,G3 小说,QH6 战争、暴力与创伤,△,existing,existing,existing,existing,mechanism,existing
抛售.md,WL-WORK-3072,T6,T6 当代全球文学,R5 北美文学,M5 战后与当代美学范式,G3 小说,QH3 身份、身体与归属,△,existing,existing,existing,existing,t_default,existing
护身符的故事.md,WL-WORK-0705,T4,T4 全球现代主义时代,R4 欧洲文学,M3 现代主义与先锋派,G3 小说,QT3 奇幻,△,existing,existing,existing,existing,existing,existing
押沙龙，押沙龙！.md,WL-WORK-1123,T4,T4 全球现代主义时代,R5 北美文学,M3.1 现代主义 / Modernism,G3 小说,QH2.3 家庭与家族,◆,existing,existing,existing,existing,existing,existing
抽签.md,WL-WORK-0706,T5,T5 二战后多极文学,R5 北美文学,M5 战后与当代美学范式,G3 小说,QT4 恐怖与哥特,△,existing,existing,existing,existing,existing,existing
拉布拉瓦.md,WL-WORK-3110,T6,T6 当代全球文学,R5 北美文学,M5 战后与当代美学范式,G3 小说,QH3 身份、身体与归属,△,existing,existing,existing,existing,t_default,existing
拉德茨基进行曲.md,WL-WORK-3218,T4,T4 全球现代主义时代,R4 欧洲文学,M3 现代主义与先锋派,G3 小说,QH1 自我、存在与生命,◆,existing,existing,existing,existing,t_default,existing
拉格泰姆时代.md,WL-WORK-1126,T5,T5 二战后多极文学,R5 北美文学,M5 战后与当代美学范式,G3 小说,QT7 历史叙事,△,existing,existing,existing,existing,existing,existing
拉玛坚.md,WL-WORK-1465,T2,T2 早期现代文学,R8 东南亚文学,M1 早期现代思想与美学,G3 小说,QT9 神话、传说与民间叙事,△,existing,existing,t_default,existing,existing,existing
拉脱维亚人彼得.md,WL-WORK-0227,T5,T5 二战后多极文学,R4 欧洲文学,M5 战后与当代美学范式,G3 小说,QT1 推理与犯罪叙事,△,existing,existing,existing,existing,existing,existing
拉莫娜.md,WL-WORK-2528,T3,T3 19世纪现代文学体系,R5 北美文学,M2 19世纪文学思潮,G3 小说,QT8 英雄、边疆与法外者文化传统 | QT8.5 西部,★,existing,existing,existing,existing,existing,existing
拍卖第四十九批.md,WL-WORK-1718,T5,T5 二战后多极文学,R5 北美文学,M5 战后与当代美学范式 | M5.1 战后思想与美学范式,G3 小说,QH6 战争、暴力与创伤,★,existing,existing,existing,existing,topic_direct,existing
拓荒者.md,WL-WORK-2529,T3,T3 19世纪现代文学体系,R5 北美文学,M2 19世纪文学思潮,G3 小说,QT8 英雄、边疆与法外者文化传统 | QT8.5 西部,△,existing,existing,existing,existing,existing,existing
拷刑者之影.md,WL-WORK-0366,T6,T6 当代全球文学,R5 北美文学,M5 战后与当代美学范式,G3 小说,QT2 科幻,△,existing,existing,existing,existing,existing,existing
挪威的森林.md,WL-WORK-1128,T6,T6 当代全球文学,R2 东亚文学,M5 战后与当代美学范式,G3 小说,QH2.1 爱情与欲望 | QH2.3 家庭与家族 | QH2.5 童年与成长,★,existing,existing,existing,existing,existing,existing
排列城市.md,WL-WORK-0377,T6,T6 当代全球文学,R9 大洋洲与太平洋,M5 战后与当代美学范式,G3 小说,QT2 科幻,△,existing,existing,existing,existing,existing,existing
掠夺者.md,WL-WORK-2990,T5,T5 二战后多极文学,R5 北美文学,M5 战后与当代美学范式,G3 小说,QH6 战争、暴力与创伤,△,existing,existing,existing,existing,mechanism,existing
探索者.md,WL-WORK-2949,T6,T6 当代全球文学,R5 北美文学,M5 战后与当代美学范式,G3 小说,QH3 身份、身体与归属,△,existing,existing,existing,existing,t_default,existing
探路者.md,WL-WORK-2530,T3,T3 19世纪现代文学体系,R5 北美文学,M2 19世纪文学思潮,G3 小说,QT8 英雄、边疆与法外者文化传统 | QT8.5 西部,△,existing,existing,existing,existing,existing,existing
接触.md,WL-WORK-0420,T6,T6 当代全球文学,R5 北美文学,M5 战后与当代美学范式,G3 小说,QT2 科幻,△,existing,existing,existing,existing,existing,existing
推冰.md,WL-WORK-0384,T6,T6 当代全球文学,R4 欧洲文学,M5 战后与当代美学范式,G3 小说,QT2 科幻,△,existing,existing,existing,existing,existing,existing
推拿.md,WL-WORK-2881,T6,T6 当代全球文学,R2 东亚文学,M5 战后与当代美学范式,G3 小说,QH6 战争、暴力与创伤,△,existing,existing,existing,existing,mechanism,existing
提升之战.md,WL-WORK-2910,T6,T6 当代全球文学,R5 北美文学,M5 战后与当代美学范式,G3 小说,QH3 身份、身体与归属,△,existing,existing,existing,existing,t_default,existing
提嘉娜.md,WL-WORK-0707,T6,T6 当代全球文学,R5 北美文学,M5 战后与当代美学范式,G3 小说,QT3 奇幻,△,existing,existing,existing,existing,existing,existing
提审亡魂.md,WL-WORK-3069,T6,T6 当代全球文学,R4 欧洲文学,M5 战后与当代美学范式,G3 小说,QH3 身份、身体与归属,△,existing,existing,existing,existing,t_default,existing
摆渡人.md,WL-WORK-2761,T6,T6 当代全球文学,R4 欧洲文学,M5 战后与当代美学范式,G3 小说,QH1 自我、存在与生命 | QH2.1 爱情与欲望 | QH2.5 童年与成长,△,existing,existing,existing,existing,existing,existing
摩天楼.md,WL-WORK-0344,T5,T5 二战后多极文学,R4 欧洲文学,M5 战后与当代美学范式,G3 小说,QT2 科幻 | QT6 乌托邦、反乌托邦与社会想象,△,existing,existing,existing,existing,existing,existing
摩诃婆罗多.md,WL-WORK-1130,T0,T0 文学源头与古代文学,R3 南亚文学,,G3 小说,QH2.3 家庭与家族 | QT9 神话、传说与民间叙事 | QH6 战争、暴力与创伤,★,existing,existing,not_applicable_pre_modern,existing,existing,existing
撒冷镇.md,WL-WORK-0709,T5,T5 二战后多极文学,R5 北美文学,M5 战后与当代美学范式,G3 小说,QT4 恐怖与哥特,△,existing,existing,existing,existing,existing,existing
撞车.md,WL-WORK-0343,T5,T5 二战后多极文学,R4 欧洲文学,M5 战后与当代美学范式,G3 小说,QT2 科幻,△,existing,existing,existing,existing,existing,existing
播种者寓言.md,WL-WORK-0362,T6,T6 当代全球文学,R5 北美文学,M5 战后与当代美学范式,G3 小说,QT2 科幻 | QT6 乌托邦、反乌托邦与社会想象,△,existing,existing,existing,existing,existing,existing
故事新编·铸剑.md,WL-WORK-2531,T4,T4 全球现代主义时代,R2 东亚文学,M3 现代主义与先锋派,G3 小说,QT8 英雄、边疆与法外者文化传统 | QT8.1 武侠,△,existing,existing,existing,existing,existing,existing
救命之距.md,WL-WORK-0710,T6,T6 当代全球文学,R6 拉丁美洲与加勒比,M5 战后与当代美学范式,G3 小说,QT4 恐怖与哥特,△,existing,existing,existing,existing,existing,existing
散宜生.md,WL-WORK-0378,T6,T6 当代全球文学,R9 大洋洲与太平洋,M5 战后与当代美学范式,G3 小说,QT2 科幻,△,existing,existing,existing,existing,existing,existing
散文埃达.md,WL-WORK-1466,T1,T1 中古多中心文学世界,R4 欧洲文学,,G3 小说,QT9 神话、传说与民间叙事,△,existing,existing,not_applicable_pre_modern,existing,existing,existing
敦威治恐怖事件.md,WL-WORK-0711,T4,T4 全球现代主义时代,R5 北美文学,M3 现代主义与先锋派,G3 小说,QT4 恐怖与哥特,△,existing,existing,existing,existing,existing,existing
敦煌.md,WL-WORK-1131,T5,T5 二战后多极文学,R2 东亚文学,M5 战后与当代美学范式,G3 小说,QT7 历史叙事 | QT8 英雄、边疆与法外者文化传统 | QT8.3 日本武士与剑豪,△,existing,existing,existing,existing,existing,existing
文城.md,WL-WORK-2723,T6,T6 当代全球文学,R2 东亚文学,M5 战后与当代美学范式,G3 小说,QT7 历史叙事 | QH2.3 家庭与家族 | QH7 历史、记忆与时间,△,existing,existing,existing,existing,existing,existing
文艺复兴史研究.md,WL-WORK-M2-0E26901E8DC0,T3,T3 19世纪现代文学体系,R4 欧洲文学,M2 19世纪文学思潮 / 唯美主义,G3 小说,QH4 社会、阶级与劳动,◆,existing,t_default,existing,t_default,t_default,other_topic
斗罗大陆.md,WL-WORK-2742,T6,T6 当代全球文学,R2 东亚文学,M5 战后与当代美学范式,G3 小说,QT3 奇幻 | QT8 英雄、边疆与法外者文化传统,△,existing,existing,existing,existing,existing,existing
斜屋犯罪.md,WL-WORK-0177,T6,T6 当代全球文学,R2 东亚文学,M5 战后与当代美学范式,G3 小说,QT1 推理与犯罪叙事,△,existing,existing,existing,existing,existing,existing
斜阳.md,WL-WORK-1721,T5,T5 二战后多极文学,R2 东亚文学,M5 战后与当代美学范式,G3 小说,QH6 战争、暴力与创伤,★,existing,existing,existing,existing,topic_direct,existing
断剑.md,WL-WORK-0712,T5,T5 二战后多极文学,R5 北美文学,M5 战后与当代美学范式,G3 小说,QT3 奇幻,△,existing,existing,existing,existing,existing,existing
断背山.md,WL-WORK-2532,T6,T6 当代全球文学,R5 北美文学,M5 战后与当代美学范式,G3 小说,QT8 英雄、边疆与法外者文化传统 | QT8.5 西部,△,existing,existing,existing,existing,existing,existing
斯兰.md,WL-WORK-0314,T4,T4 全球现代主义时代,R5 北美文学,M5 战后与当代美学范式,G3 小说,QT2 科幻,△,existing,existing,existing,existing,existing,existing
斯卡拉穆什.md,WL-WORK-2533,T4,T4 全球现代主义时代,R4 欧洲文学,M3 现代主义与先锋派,G3 小说,QT8 英雄、边疆与法外者文化传统 | QT8.2 欧洲骑士 | QT8.4 欧洲剑客,△,existing,existing,existing,existing,existing,existing
斯大林格勒.md,WL-WORK-2075,T5,T5 二战后多极文学,R4 欧洲文学,M5 战后与当代美学范式,G3 小说,QH6 战争、暴力与创伤,△,existing,existing,existing,existing,existing,existing
斯居戴里小姐.md,WL-WORK-0001,T3,T3 19世纪现代文学体系,R4 欧洲文学,M2 19世纪文学思潮,G3 小说,QT1 推理与犯罪叙事,△,existing,existing,existing,existing,existing,existing
斯泰尔斯庄园奇案.md,WL-WORK-0028,T4,T4 全球现代主义时代,R4 欧洲文学,M3 现代主义与先锋派,G3 小说,QT1 推理与犯罪叙事,△,existing,existing,existing,existing,existing,existing
斯瓦米和朋友.md,WL-WORK-R3-63964577,T4,T4 全球现代主义时代,R3 南亚文学,M3 现代主义与先锋派,G3 小说,QH1 自我、存在与生命,◆,existing,existing,t_default,t_default,t_default,other_topic
斯里拉玛传.md,WL-WORK-1467,T1,T1 中古多中心文学世界,R3 南亚文学,,G3 小说,QT9 神话、传说与民间叙事,△,existing,existing,not_applicable_pre_modern,existing,existing,existing
新·平家物语.md,WL-WORK-2534,T5,T5 二战后多极文学,R2 东亚文学,M3 现代主义与先锋派,G3 小说,QT8 英雄、边疆与法外者文化传统 | QT8.3 日本武士与剑豪,△,existing,existing,existing,existing,existing,existing
新一天之歌.md,WL-WORK-2953,T6,T6 当代全球文学,R5 北美文学,M5 战后与当代美学范式,G3 小说,QH3 身份、身体与归属,△,existing,existing,existing,existing,t_default,existing
新书太阁记.md,WL-WORK-1133,T4,T4 全球现代主义时代,R2 东亚文学,M3 现代主义与先锋派,G3 小说,QT7 历史叙事 | QT8 英雄、边疆与法外者文化传统 | QT8.3 日本武士与剑豪,△,existing,existing,existing,existing,existing,existing
新参者.md,WL-WORK-0214,T6,T6 当代全球文学,R2 东亚文学,M5 战后与当代美学范式,G3 小说,QT1 推理与犯罪叙事,△,existing,existing,existing,existing,existing,existing
新大西岛.md,WL-WORK-0258,T2,T2 早期现代文学,R4 欧洲文学,M2 19世纪文学思潮,G3 小说,QT2 科幻 | QT6 乌托邦、反乌托邦与社会想象,△,existing,existing,existing,existing,existing,existing
新奥尔良哀歌.md,WL-WORK-3117,T6,T6 当代全球文学,R5 北美文学,M5 战后与当代美学范式,G3 小说,QH3 身份、身体与归属,△,existing,existing,existing,existing,t_default,existing
新星.md,WL-WORK-0349,T5,T5 二战后多极文学,R5 北美文学,M5 战后与当代美学范式,G3 小说,QT2 科幻,△,existing,existing,existing,existing,existing,existing
新爱洛伊丝.md,WL-WORK-2077,T2,T2 早期现代文学,R4 欧洲文学,M1 早期现代思想与美学,G3 小说,QH2.1 爱情与欲望,△,existing,existing,existing,existing,existing,existing
新编五代史平话.md,WL-WORK-T1-WUDAI-PINGHUA,T1,T1 中古多中心文学世界,R2 东亚文学,,G4 散文与随笔,QT7 历史叙事,◆,existing,existing,not_applicable_pre_modern,existing,existing,existing
新选组血风录.md,WL-WORK-2535,T5,T5 二战后多极文学,R2 东亚文学,M5 战后与当代美学范式,G3 小说,QT8 英雄、边疆与法外者文化传统 | QT8.3 日本武士与剑豪,△,existing,existing,existing,existing,existing,existing
方尖碑之门.md,WL-WORK-0714,T6,T6 当代全球文学,R5 北美文学,M5 战后与当代美学范式,G3 小说,QT3 奇幻,△,existing,existing,existing,existing,existing,existing
方法论.md,WL-WORK-1723,T5,T5 二战后多极文学,R6 拉丁美洲与加勒比,M5 战后与当代美学范式,G3 小说,QH5 权力、制度与秩序,△,existing,existing,existing,existing,mechanism,existing
施疗室里.md,WL-WORK-1724,T4,T4 全球现代主义时代,R2 东亚文学,M3.1 现代主义 / Modernism,G3 小说,QH5 权力、制度与秩序,△,existing,existing,existing,existing,mechanism,existing
旅行书（埃夫利亚·切莱比）.md,WL-WORK-T2-SEYAHATNAME,T2,T2 早期现代文学,R1 西亚—地中海古老传统,M1 早期现代思想与美学,G6 纪实与文学非虚构,QT14 旅行与游记,★,existing,existing,existing,existing,existing,existing
族长的秋天.md,WL-WORK-1725,T5,T5 二战后多极文学,R6 拉丁美洲与加勒比,M5 战后与当代美学范式 | M5.1 战后思想与美学范式,G3 小说,QH6 战争、暴力与创伤,◆,existing,existing,existing,existing,topic_direct,existing
无人生还.md,WL-WORK-0024,T4,T4 全球现代主义时代,R4 欧洲文学,M3 现代主义与先锋派,G3 小说,QT1 推理与犯罪叙事 | QH1 自我、存在与生命,△,existing,existing,existing,existing,existing,existing
无名的裘德.md,WL-WORK-1135,T4,T4 全球现代主义时代,R4 欧洲文学,M3 现代主义与先锋派 | M2 19世纪文学思潮 / 自然主义,G3 小说,QH2.5 童年与成长 | QH2.1 爱情与欲望,△,existing,existing,existing,existing,existing,existing
无命运的人生.md,WL-WORK-2079,T5,T5 二战后多极文学,R4 欧洲文学,M5 战后与当代美学范式,G3 小说,QH6 战争、暴力与创伤,◆,existing,existing,existing,existing,existing,existing
无声告白.md,WL-WORK-2728,T6,T6 当代全球文学,R5 北美文学,M5 战后与当代美学范式,G3 小说,QH2.3 家庭与家族 | QH3.3 种族与族群,△,existing,existing,existing,existing,existing,existing
无字.md,WL-WORK-2871,T6,T6 当代全球文学,R2 东亚文学,M5 战后与当代美学范式,G3 小说,QH6 战争、暴力与创伤,△,existing,existing,existing,existing,mechanism,existing
无尽世界.md,WL-WORK-1136,T6,T6 当代全球文学,R4 欧洲文学,M5 战后与当代美学范式,G3 小说,QT7 历史叙事,△,existing,existing,existing,existing,existing,existing
无敌号.md,WL-WORK-0335,T5,T5 二战后多极文学,R4 欧洲文学,M5 战后与当代美学范式,G3 小说,QT2 科幻,△,existing,existing,existing,existing,existing,existing
无有乡.md,WL-WORK-0715,T6,T6 当代全球文学,R4 欧洲文学,M5 战后与当代美学范式,G3 小说,QT3 奇幻,△,existing,existing,existing,existing,existing,existing
无根之木.md,WL-WORK-0716,T6,T6 当代全球文学,R5 北美文学,M5 战后与当代美学范式,G3 小说,QT3 奇幻,△,existing,existing,existing,existing,existing,existing
无言浪漫曲.md,WL-WORK-M2-EBEE0B19F3AC,T3,T3 19世纪现代文学体系,R4 欧洲文学,M2 19世纪文学思潮 / 象征主义,G3 小说,QH4 社会、阶级与劳动,◆,existing,t_default,existing,t_default,t_default,other_topic
无证之罪.md,WL-WORK-0243,T6,T6 当代全球文学,R2 东亚文学,M5 战后与当代美学范式,G3 小说,QT1 推理与犯罪叙事,△,existing,existing,existing,existing,existing,existing
无面杀手.md,WL-WORK-0220,T6,T6 当代全球文学,R4 欧洲文学,M5 战后与当代美学范式,G3 小说,QT1 推理与犯罪叙事,△,existing,existing,existing,existing,existing,existing
日瓦戈医生.md,WL-WORK-1730,T5,T5 二战后多极文学,R4 欧洲文学,M5 战后与当代美学范式,G3 小说,QH2.1 爱情与欲望,★,existing,existing,existing,existing,existing,existing
早安，午夜.md,WL-WORK-1731,T4,T4 全球现代主义时代,R6 拉丁美洲与加勒比,M3.1 现代主义 / Modernism,G3 小说,QH5 权力、制度与秩序,△,existing,existing,existing,existing,mechanism,existing
早秋.md,WL-WORK-2965,T4,T4 全球现代主义时代,R5 北美文学,M3 现代主义与先锋派,G3 小说,QH1 自我、存在与生命,△,existing,existing,existing,existing,t_default,existing
时代景观.md,WL-WORK-0371,T6,T6 当代全球文学,R5 北美文学,M5 战后与当代美学范式,G3 小说,QT2 科幻,△,existing,existing,existing,existing,existing,existing
时时刻刻.md,WL-WORK-3015,T6,T6 当代全球文学,R5 北美文学,M5 战后与当代美学范式,G3 小说,QH3 身份、身体与归属,△,existing,existing,existing,existing,t_default,existing
时间.md,WL-WORK-2718,T5,T5 二战后多极文学,R2 东亚文学,M5 战后与当代美学范式,G3 小说,QH6 战争、暴力与创伤 | QH7 历史、记忆与时间,△,existing,existing,existing,existing,existing,existing
时间之子.md,WL-WORK-0385,T6,T6 当代全球文学,R4 欧洲文学,M5 战后与当代美学范式,G3 小说,QT2 科幻,△,existing,existing,existing,existing,existing,existing
时间回旋.md,WL-WORK-0380,T6,T6 当代全球文学,R5 北美文学,M5 战后与当代美学范式,G3 小说,QT2 科幻,△,existing,existing,existing,existing,existing,existing
时间机器.md,WL-WORK-0273,T4,T4 全球现代主义时代,R4 欧洲文学,M2 19世纪文学思潮,G3 小说,QT2 科幻 | QT6 乌托邦、反乌托邦与社会想象,△,existing,existing,existing,existing,existing,existing
时间的女儿.md,WL-WORK-0058,T5,T5 二战后多极文学,R4 欧洲文学,M5 战后与当代美学范式,G3 小说,QT1 推理与犯罪叙事,△,existing,existing,existing,existing,existing,existing
时间调校研究所.md,WL-WORK-3190,T5,T5 二战后多极文学,R1 西亚—地中海古老传统,M5 战后与当代美学范式,G3 小说,QH5 权力、制度与秩序,◆,existing,existing,existing,existing,mechanism,existing
时间边缘的女人.md,WL-WORK-0358,T5,T5 二战后多极文学,R5 北美文学,M5 战后与当代美学范式,G3 小说,QT2 科幻 | QT6 乌托邦、反乌托邦与社会想象,△,existing,existing,existing,existing,existing,existing
昆丁·达沃德.md,WL-WORK-0718,T3,T3 19世纪现代文学体系,R4 欧洲文学,M2 19世纪文学思潮,G3 小说,QT5 冒险与探索叙事,△,existing,existing,existing,existing,existing,existing
昆仑.md,WL-WORK-2537,T6,T6 当代全球文学,R2 东亚文学,M5 战后与当代美学范式,G3 小说,QT8 英雄、边疆与法外者文化传统 | QT8.1 武侠,△,existing,existing,existing,existing,existing,existing
昆廷·达沃德.md,WL-WORK-2539,T3,T3 19世纪现代文学体系,R4 欧洲文学,M2 19世纪文学思潮,G3 小说,QT8 英雄、边疆与法外者文化传统 | QT8.4 欧洲剑客,△,existing,existing,existing,existing,existing,existing
明亮之门的圣人.md,WL-WORK-2955,T6,T6 当代全球文学,R3 南亚文学,M5 战后与当代美学范式,G3 小说,QH3 身份、身体与归属,△,existing,existing,existing,existing,mechanism,existing
明亮的夜晚.md,WL-WORK-2702,T6,T6 当代全球文学,R2 东亚文学,M5 战后与当代美学范式,G3 小说,QH2.3 家庭与家族 | QH2.5 童年与成长 | QH3.1 性别与身体,△,existing,existing,existing,existing,existing,existing
昔日甜鸟歌唱处.md,WL-WORK-2904,T5,T5 二战后多极文学,R5 北美文学,M5 战后与当代美学范式,G3 小说,QH6 战争、暴力与创伤,△,existing,existing,existing,existing,mechanism,existing
星之彩.md,WL-WORK-0719,T4,T4 全球现代主义时代,R5 北美文学,M3 现代主义与先锋派,G3 小说,QT4 恐怖与哥特,△,existing,existing,existing,existing,existing,existing
星期一开始于星期六.md,WL-WORK-0338,T5,T5 二战后多极文学,R4 欧洲文学,M5 战后与当代美学范式,G3 小说,QT2 科幻,△,existing,existing,existing,existing,existing,existing
星潮汹涌.md,WL-WORK-2909,T6,T6 当代全球文学,R5 北美文学,M5 战后与当代美学范式,G3 小说,QH3 身份、身体与归属,△,existing,existing,existing,existing,t_default,existing
星船伞兵.md,WL-WORK-0301,T5,T5 二战后多极文学,R5 北美文学,M5 战后与当代美学范式,G3 小说,QT2 科幻,△,existing,existing,existing,existing,existing,existing
星辰时刻.md,WL-WORK-1732,T5,T5 二战后多极文学,R6 拉丁美洲与加勒比,M5 战后与当代美学范式,G3 小说,QH6 战争、暴力与创伤,★,existing,existing,existing,existing,topic_direct,existing
春.md,WL-WORK-1139,T4,T4 全球现代主义时代,R2 东亚文学,M3 现代主义与先锋派,G3 小说,QH2.3 家庭与家族,△,existing,existing,existing,existing,existing,existing
春桃.md,WL-WORK-2681,T4,T4 全球现代主义时代,R2 东亚文学,M3 现代主义与先锋派,G3 小说,QH2.1 爱情与欲望 | QH4 社会、阶级与劳动,△,existing,existing,t_default,existing,existing,existing
春雪.md,WL-WORK-1733,T5,T5 二战后多极文学,R2 东亚文学,M5 战后与当代美学范式,G3 小说,QH6 战争、暴力与创伤,★,existing,existing,existing,existing,topic_direct,existing
春香传.md,WL-WORK-2819,T2,T2 早期现代文学,R2 东亚文学,M1 早期现代思想与美学,G3 小说,QH2.1 爱情与欲望,◆,existing,existing,existing,existing,existing,existing
普塔霍特普教谕.md,WL-WORK-R1-PTAHHOTEP,T0,T0 文学源头与古代文学,R1 西亚—地中海古老传统,,G3 小说,QH8 信仰、伦理与超越,◆,existing,existing,not_applicable_pre_modern,t_default,t_default,other_topic
智利之夜.md,WL-WORK-2082,T6,T6 当代全球文学,R6 拉丁美洲与加勒比,M5 战后与当代美学范式,G3 小说,QH7 历史、记忆与时间,△,existing,existing,existing,existing,existing,existing
暗夜呢喃.md,WL-WORK-0721,T4,T4 全球现代主义时代,R5 北美文学,M3 现代主义与先锋派,G3 小说,QT4 恐怖与哥特,△,existing,existing,existing,existing,existing,existing
暗算.md,WL-WORK-2671,T6,T6 当代全球文学,R2 东亚文学,M5 战后与当代美学范式,G3 小说,QT1 推理与犯罪叙事 | QH5 权力、制度与秩序,△,existing,existing,existing,existing,existing,existing
暗适应的眼睛.md,WL-WORK-3113,T6,T6 当代全球文学,R4 欧洲文学,M5 战后与当代美学范式,G3 小说,QH3 身份、身体与归属,△,existing,existing,existing,existing,t_default,existing
暗黑扫描仪.md,WL-WORK-0331,T5,T5 二战后多极文学,R5 北美文学,M5 战后与当代美学范式,G3 小说,QT2 科幻,△,existing,existing,existing,existing,existing,existing
暧昧的冒险.md,WL-WORK-1734,T5,T5 二战后多极文学,R7 非洲文学,M5 战后与当代美学范式,G3 小说,QH6 战争、暴力与创伤,★,existing,existing,existing,existing,topic_direct,existing
暮鼓晨钟——少年康熙.md,WL-WORK-1141,T6,T6 当代全球文学,R2 东亚文学,M5 战后与当代美学范式,G3 小说,QT7 历史叙事,△,existing,existing,existing,existing,existing,existing
暴风上尉.md,WL-WORK-2540,T4,T4 全球现代主义时代,R4 欧洲文学,M3 现代主义与先锋派,G3 小说,QT8 英雄、边疆与法外者文化传统 | QT8.4 欧洲剑客,△,existing,existing,existing,existing,existing,existing
暴风雨.md,WL-WORK-2829,T2,T2 早期现代文学,R4 欧洲文学,M1 早期现代思想与美学,G2 戏剧,QH8 信仰、伦理与超越,◆,existing,existing,existing,existing,mechanism,existing
更不必说那条狗.md,WL-WORK-2916,T6,T6 当代全球文学,R5 北美文学,M5 战后与当代美学范式,G3 小说,QH3 身份、身体与归属,△,existing,existing,existing,existing,t_default,existing
曼斯菲尔德庄园.md,WL-WORK-1144,T3,T3 19世纪现代文学体系,R4 欧洲文学,M2 19世纪文学思潮,G3 小说,QH2.3 家庭与家族 | QH2.1 爱情与欲望,△,existing,existing,existing,existing,existing,existing
曼波王演奏情歌.md,WL-WORK-3007,T6,T6 当代全球文学,R5 北美文学,M5 战后与当代美学范式,G3 小说,QH3 身份、身体与归属,△,existing,existing,existing,existing,t_default,existing
曾根崎心中.md,WL-WORK-T2-SONEZAKI,T2,T2 早期现代文学,R2 东亚文学,M1 早期现代思想与美学,G2 戏剧,QH2.1 爱情与欲望,◆,existing,existing,existing,existing,existing,existing
最初登上月球的人.md,WL-WORK-0277,T4,T4 全球现代主义时代,R4 欧洲文学,M2 19世纪文学思潮,G3 小说,QT2 科幻,△,existing,existing,existing,existing,existing,existing
最后一个人.md,WL-WORK-0263,T3,T3 19世纪现代文学体系,R4 欧洲文学,M2 19世纪文学思潮,G3 小说,QT2 科幻 | QT4 恐怖与哥特,△,existing,existing,existing,existing,existing,existing
最后一个莫希干人.md,WL-WORK-0723,T3,T3 19世纪现代文学体系,R5 北美文学,M2 19世纪文学思潮,G3 小说,QT5 冒险与探索叙事 | QT7 历史叙事 | QT8 英雄、边疆与法外者文化传统 | QT8.5 西部,△,existing,existing,existing,existing,existing,existing
最后一战.md,WL-WORK-0724,T5,T5 二战后多极文学,R4 欧洲文学,M5 战后与当代美学范式,G3 小说,QT3 奇幻,△,existing,existing,existing,existing,existing,existing
最后一颗子弹留给我.md,WL-WORK-2769,T6,T6 当代全球文学,R2 东亚文学,M5 战后与当代美学范式,G3 小说,QH6 战争、暴力与创伤,△,existing,existing,existing,existing,existing,existing
最后和最初的人.md,WL-WORK-0285,T4,T4 全球现代主义时代,R4 欧洲文学,M3 现代主义与先锋派,G3 小说,QT2 科幻,△,existing,existing,existing,existing,existing,existing
最后的吩咐.md,WL-WORK-3058,T6,T6 当代全球文学,R4 欧洲文学,M5 战后与当代美学范式,G3 小说,QH3 身份、身体与归属,△,existing,existing,existing,existing,t_default,existing
最后的见证者.md,WL-WORK-2083,T6,T6 当代全球文学,R4 欧洲文学,M5 战后与当代美学范式,G3 小说,QH6 战争、暴力与创伤,△,existing,existing,existing,existing,existing,existing
最后的酒.md,WL-WORK-1145,T5,T5 二战后多极文学,R4 欧洲文学,M5 战后与当代美学范式,G3 小说,QT7 历史叙事,△,existing,existing,existing,existing,existing,existing
最明净的地区.md,WL-WORK-1737,T5,T5 二战后多极文学,R6 拉丁美洲与加勒比,M5 战后与当代美学范式,G3 小说,QH5 权力、制度与秩序,△,existing,existing,existing,existing,mechanism,existing
最蓝的眼睛.md,WL-WORK-1146,T5,T5 二战后多极文学,R5 北美文学,M5 战后与当代美学范式,G3 小说,QH2.5 童年与成长,★,existing,existing,existing,existing,existing,existing
最遥远的海岸.md,WL-WORK-0725,T5,T5 二战后多极文学,R5 北美文学,M5 战后与当代美学范式,G3 小说,QT3 奇幻,△,existing,existing,existing,existing,existing,existing
月亮与太阳.md,WL-WORK-2944,T6,T6 当代全球文学,R5 北美文学,M5 战后与当代美学范式,G3 小说,QH3 身份、身体与归属,△,existing,existing,existing,existing,t_default,existing
月亮与篝火.md,WL-WORK-1738,T5,T5 二战后多极文学,R2 东亚文学,M5 战后与当代美学范式,G3 小说,QH6 战争、暴力与创伤,★,existing,existing,existing,existing,topic_direct,existing
月亮宝石.md,WL-WORK-0003,T3,T3 19世纪现代文学体系,R4 欧洲文学,M2 19世纪文学思潮,G3 小说,QT1 推理与犯罪叙事,△,existing,existing,existing,existing,existing,existing
月亮是个严厉的主人.md,WL-WORK-2902,T5,T5 二战后多极文学,R5 北美文学,M5 战后与当代美学范式,G3 小说,QH6 战争、暴力与创伤,△,existing,existing,existing,existing,mechanism,existing
月亮虎.md,WL-WORK-3053,T6,T6 当代全球文学,R4 欧洲文学,M5 战后与当代美学范式,G3 小说,QH3 身份、身体与归属,△,existing,existing,existing,existing,t_default,existing
月光游戏.md,WL-WORK-0183,T6,T6 当代全球文学,R2 东亚文学,M5 战后与当代美学范式,G3 小说,QT1 推理与犯罪叙事,△,existing,existing,existing,existing,existing,existing
月心.md,WL-WORK-0727,T6,T6 当代全球文学,R5 北美文学,M5 战后与当代美学范式,G3 小说,QT3 奇幻,△,existing,existing,existing,existing,existing,existing
有事要交代.md,WL-WORK-3035,T5,T5 二战后多极文学,R4 欧洲文学,M5 战后与当代美学范式,G3 小说,QH6 战争、暴力与创伤,△,existing,existing,existing,existing,mechanism,existing
有产业的人.md,WL-WORK-1147,T4,T4 全球现代主义时代,R4 欧洲文学,M3 现代主义与先锋派,G3 小说,QH2.3 家庭与家族,△,existing,existing,existing,existing,existing,existing
有人居住的星球.md,WL-WORK-1148,T5,T5 二战后多极文学,R4 欧洲文学,M5 战后与当代美学范式,G3 小说,QT6 乌托邦、反乌托邦与社会想象,△,existing,existing,existing,existing,existing,existing
有匪.md,WL-WORK-2543,T6,T6 当代全球文学,R2 东亚文学,M5 战后与当代美学范式,G3 小说,QT8 英雄、边疆与法外者文化传统 | QT8.1 武侠,△,existing,existing,existing,existing,existing,existing
有翼之暗.md,WL-WORK-0194,T6,T6 当代全球文学,R2 东亚文学,M5 战后与当代美学范式,G3 小说,QT1 推理与犯罪叙事,△,existing,existing,existing,existing,existing,existing
朝花夕拾.md,WL-WORK-2679,T4,T4 全球现代主义时代,R2 东亚文学,M3 现代主义与先锋派,G5 生命书写,QH2.3 家庭与家族 | QH7 历史、记忆与时间,△,existing,existing,t_default,existing,existing,existing
未完的传说.md,WL-WORK-0728,T6,T6 当代全球文学,R4 欧洲文学,M5 战后与当代美学范式,G3 小说,QT3 奇幻,△,existing,existing,existing,existing,existing,existing
未来世界.md,WL-WORK-0291,T4,T4 全球现代主义时代,R4 欧洲文学,M2 19世纪文学思潮,G3 小说,QT2 科幻,△,existing,existing,existing,existing,existing,existing
未来事务部.md,WL-WORK-0428,T6,T6 当代全球文学,R5 北美文学,M5 战后与当代美学范式,G3 小说,QT2 科幻,△,existing,existing,existing,existing,existing,existing
未来故乡的活神.md,WL-WORK-1152,T6,T6 当代全球文学,R5 北美文学,M5 战后与当代美学范式,G3 小说,QT6 乌托邦、反乌托邦与社会想象,△,existing,existing,existing,existing,existing,existing
末日之书.md,WL-WORK-0438,T6,T6 当代全球文学,R5 北美文学,M5 战后与当代美学范式,G3 小说,QT2 科幻,△,existing,existing,existing,existing,existing,existing
本巴.md,WL-WORK-2893,T6,T6 当代全球文学,R2 东亚文学,M5 战后与当代美学范式,G3 小说,QH6 战争、暴力与创伤,△,existing,existing,existing,existing,mechanism,existing
本生经.md,WL-WORK-1471,T0,T0 文学源头与古代文学,R3 南亚文学,,G3 小说,QT9 神话、传说与民间叙事,△,existing,existing,not_applicable_pre_modern,existing,existing,existing
本达希申.md,WL-WORK-1472,T1,T1 中古多中心文学世界,R1 西亚—地中海古老传统,,G3 小说,QT9 神话、传说与民间叙事,△,existing,existing,not_applicable_pre_modern,existing,existing,existing
本阵杀人事件.md,WL-WORK-0151,T5,T5 二战后多极文学,R2 东亚文学,M5 战后与当代美学范式,G3 小说,QT1 推理与犯罪叙事,△,existing,existing,existing,existing,existing,existing
朱莉小姐.md,WL-WORK-1741,T3,T3 19世纪现代文学体系,R4 欧洲文学,M3.1 现代主义 / Modernism | M2 19世纪文学思潮 / 自然主义,G2 戏剧,QH4 社会、阶级与劳动,△,existing,existing,existing,existing,t_default,existing
朴素的诗.md,WL-WORK-M2-036D05D7F635,T3,T3 19世纪现代文学体系,R6 拉丁美洲与加勒比,M2 19世纪文学思潮 / 拉美 Modernismo,G3 小说,QH4 社会、阶级与劳动,◆,existing,author_model,existing,t_default,t_default,other_topic
机器人大师.md,WL-WORK-0333,T5,T5 二战后多极文学,R4 欧洲文学,M5 战后与当代美学范式,G3 小说,QT2 科幻,△,existing,existing,existing,existing,existing,existing
机器人短篇全集.md,WL-WORK-2666,T5,T5 二战后多极文学,R5 北美文学,M5 战后与当代美学范式,G3 小说,QT2 科幻 | QH1 自我、存在与生命,△,existing,existing,existing,existing,existing,existing
机器停止运转.md,WL-WORK-0279,T4,T4 全球现代主义时代,R4 欧洲文学,M3 现代主义与先锋派,G3 小说,QT2 科幻 | QT6 乌托邦、反乌托邦与社会想象,△,existing,existing,existing,existing,existing,existing
机器岛.md,WL-WORK-0271,T4,T4 全球现代主义时代,R4 欧洲文学,M2 19世纪文学思潮,G3 小说,QT2 科幻,△,existing,existing,existing,existing,existing,existing
机械.md,WL-WORK-1742,T4,T4 全球现代主义时代,R2 东亚文学,M3.1 现代主义 / Modernism,G3 小说,QH5 权力、制度与秩序,△,existing,existing,existing,existing,mechanism,existing
杀戮天使.md,WL-WORK-1153,T5,T5 二战后多极文学,R5 北美文学,M5 战后与当代美学范式,G3 小说,QT7 历史叙事,★,existing,existing,existing,existing,existing,existing
杀戮时刻.md,WL-WORK-0119,T6,T6 当代全球文学,R5 北美文学,M5 战后与当代美学范式,G3 小说,QT1 推理与犯罪叙事,△,existing,existing,existing,existing,existing,existing
杀死一只知更鸟.md,WL-WORK-1154,T5,T5 二战后多极文学,R5 北美文学,M5 战后与当代美学范式,G3 小说,QH2.3 家庭与家族 | QH2.5 童年与成长 | QH3.3 种族与族群,★,existing,existing,existing,existing,existing,existing
杀鹿人.md,WL-WORK-0730,T3,T3 19世纪现代文学体系,R5 北美文学,M2 19世纪文学思潮,G3 小说,QT5 冒险与探索叙事 | QT8 英雄、边疆与法外者文化传统 | QT8.5 西部,△,existing,existing,existing,existing,existing,existing
权力的游戏.md,WL-WORK-0731,T6,T6 当代全球文学,R5 北美文学,M5 战后与当代美学范式,G3 小说,QT3 奇幻,△,existing,existing,existing,existing,existing,existing
权力问题.md,WL-WORK-3202,T5,T5 二战后多极文学,R7 非洲文学,M5 战后与当代美学范式,G3 小说,QH5 权力、制度与秩序,◆,existing,existing,existing,existing,mechanism,existing
李尔王.md,WL-WORK-2827,T2,T2 早期现代文学,R4 欧洲文学,M1 早期现代思想与美学,G2 戏剧,QH8 信仰、伦理与超越,◆,existing,existing,existing,existing,mechanism,existing
李白诗选.md,WL-WORK-3183,T1,T1 中古多中心文学世界,R2 东亚文学,,G1 诗歌,QH8 信仰、伦理与超越,◆,existing,existing,not_applicable_pre_modern,existing,t_default,existing
李自成.md,WL-WORK-1156,T6,T6 当代全球文学,R2 东亚文学,M5 战后与当代美学范式,G3 小说,QT7 历史叙事,★,existing,existing,existing,existing,existing,existing
杜伊诺哀歌.md,WL-WORK-1743,T4,T4 全球现代主义时代,R4 欧洲文学,M3.1 现代主义 / Modernism,G1 诗歌,QH1 自我、存在与生命,△,existing,existing,existing,existing,t_default,existing
杜甫诗选.md,WL-WORK-3184,T1,T1 中古多中心文学世界,R2 东亚文学,,G1 诗歌,QH8 信仰、伦理与超越,◆,existing,existing,not_applicable_pre_modern,existing,t_default,existing
来不及说我爱你.md,WL-WORK-2084,T6,T6 当代全球文学,R2 东亚文学,M5 战后与当代美学范式,G3 小说,QH2.1 爱情与欲望,△,existing,existing,existing,existing,existing,existing
来世.md,WL-WORK-1157,T6,T6 当代全球文学,R5 北美文学,M5 战后与当代美学范式,G3 小说,QT7 历史叙事,△,existing,t_default,existing,existing,existing,existing
杨家将.md,WL-WORK-2733,T2,T2 早期现代文学,R2 东亚文学,M1 早期现代思想与美学,G3 小说,QT7 历史叙事 | QT8 英雄、边疆与法外者文化传统 | QH5 权力、制度与秩序,△,existing,existing,existing,existing,existing,existing
杯雪.md,WL-WORK-2545,T6,T6 当代全球文学,R2 东亚文学,M5 战后与当代美学范式,G3 小说,QT8 英雄、边疆与法外者文化传统 | QT8.1 武侠,△,existing,existing,existing,existing,existing,existing
杰克.md,WL-WORK-1158,T6,T6 当代全球文学,R5 北美文学,M5 战后与当代美学范式,G3 小说,QH2.3 家庭与家族,△,existing,existing,existing,existing,existing,existing
杰夫代特先生和他的儿子们.md,WL-WORK-1159,T6,T6 当代全球文学,R1 西亚—地中海古老传统,M5 战后与当代美学范式,G3 小说,QH2.3 家庭与家族,△,existing,existing,existing,existing,existing,existing
杰拉德准将历险记.md,WL-WORK-2546,T4,T4 全球现代主义时代,R4 欧洲文学,M2 19世纪文学思潮,G3 小说,QT8 英雄、边疆与法外者文化传统 | QT8.4 欧洲剑客,△,existing,existing,existing,existing,existing,existing
杰米·麦克菲特斯的旅行.md,WL-WORK-2987,T5,T5 二战后多极文学,R5 北美文学,M5 战后与当代美学范式,G3 小说,QH6 战争、暴力与创伤,△,existing,existing,existing,existing,mechanism,existing
杰米妮·拉瑟都.md,WL-WORK-M2-AD2374EACD38,T3,T3 19世纪现代文学体系,R4 欧洲文学,M2 19世纪文学思潮 / 自然主义,G3 小说,QH4 社会、阶级与劳动,◆,existing,t_default,existing,t_default,t_default,other_topic
杰里科之死.md,WL-WORK-0106,T6,T6 当代全球文学,R4 欧洲文学,M5 战后与当代美学范式,G3 小说,QT1 推理与犯罪叙事,△,existing,existing,existing,existing,existing,existing
松迪亚塔史诗.md,WL-WORK-1473,T1,T1 中古多中心文学世界,R7 非洲文学,,G3 小说,QT9 神话、传说与民间叙事,★,existing,existing,not_applicable_pre_modern,existing,existing,existing
极光.md,WL-WORK-0383,T6,T6 当代全球文学,R5 北美文学,M5 战后与当代美学范式,G3 小说,QT2 科幻,△,existing,existing,existing,existing,existing,existing
枕草子.md,WL-WORK-2810,T1,T1 中古多中心文学世界,R2 东亚文学,,G4 散文与随笔,QH8 信仰、伦理与超越,◆,existing,existing,not_applicable_pre_modern,existing,t_default,existing
林加拉密码.md,WL-WORK-3100,T5,T5 二战后多极文学,R5 北美文学,M5 战后与当代美学范式,G3 小说,QH6 战争、暴力与创伤,△,existing,existing,existing,existing,mechanism,existing
林孔内特与科尔塔迪略.md,WL-WORK-2547,T2,T2 早期现代文学,R4 欧洲文学,M1 早期现代思想与美学,G3 小说,QT8 英雄、边疆与法外者文化传统 | QT8.7 侠盗,△,existing,existing,existing,existing,existing,existing
林家铺子.md,WL-WORK-2771,T4,T4 全球现代主义时代,R2 东亚文学,M2 19世纪文学思潮,G3 小说,QH4 社会、阶级与劳动 | QH5 权力、制度与秩序,△,existing,existing,existing,existing,existing,existing
林海雪原.md,WL-WORK-1745,T5,T5 二战后多极文学,R2 东亚文学,M5 战后与当代美学范式 | M4 集体文学运动与文化政治,G3 小说,QH6 战争、暴力与创伤,★,existing,existing,existing,existing,topic_direct,existing
林肯在中阴.md,WL-WORK-3073,T6,T6 当代全球文学,R5 北美文学,M5 战后与当代美学范式,G3 小说,QH3 身份、身体与归属,△,existing,existing,existing,existing,t_default,existing
果园.md,WL-WORK-3166,T1,T1 中古多中心文学世界,R1 西亚—地中海古老传统,,G1 诗歌,QH8 信仰、伦理与超越,◆,existing,existing,not_applicable_pre_modern,existing,t_default,existing
枭之城.md,WL-WORK-2548,T5,T5 二战后多极文学,R2 东亚文学,M5 战后与当代美学范式,G3 小说,QT8 英雄、边疆与法外者文化传统 | QT8.3 日本武士与剑豪,△,existing,existing,existing,existing,existing,existing
柏林亚历山大广场.md,WL-WORK-1746,T4,T4 全球现代主义时代,R4 欧洲文学,M3.1 现代主义 / Modernism,G3 小说,QH1 自我、存在与生命,◆,existing,existing,existing,existing,t_default,existing
柏林谍影.md,WL-WORK-0253,T5,T5 二战后多极文学,R4 欧洲文学,M5 战后与当代美学范式,G3 小说,QT1 推理与犯罪叙事,△,existing,existing,existing,existing,existing,existing
柏青哥.md,WL-WORK-1160,T6,T6 当代全球文学,R5 北美文学,M5 战后与当代美学范式,G3 小说,QH2.3 家庭与家族 | QH7 历史、记忆与时间,◆,existing,t_default,existing,existing,existing,existing
某种绝望的荣耀.md,WL-WORK-2928,T6,T6 当代全球文学,R4 欧洲文学,M5 战后与当代美学范式,G3 小说,QH3 身份、身体与归属,△,existing,existing,existing,existing,t_default,existing
染血之室.md,WL-WORK-0732,T5,T5 二战后多极文学,R4 欧洲文学,M5 战后与当代美学范式,G3 小说,QT3 奇幻,★,existing,existing,existing,existing,existing,existing
查塔姆学校事件.md,WL-WORK-3123,T6,T6 当代全球文学,R5 北美文学,M5 战后与当代美学范式,G3 小说,QH3 身份、身体与归属,△,existing,existing,existing,existing,t_default,existing
查尔斯·迪克斯特·瓦德事件.md,WL-WORK-0733,T4,T4 全球现代主义时代,R5 北美文学,M3 现代主义与先锋派,G3 小说,QT4 恐怖与哥特,△,existing,existing,existing,existing,existing,existing
查泰莱夫人的情人.md,WL-WORK-2085,T4,T4 全球现代主义时代,R4 欧洲文学,M3 现代主义与先锋派,G3 小说,QH2.1 爱情与欲望,△,existing,existing,existing,existing,existing,existing
查理九世时代轶事.md,WL-WORK-1161,T3,T3 19世纪现代文学体系,R4 欧洲文学,M2 19世纪文学思潮,G3 小说,QT7 历史叙事 | QT8 英雄、边疆与法外者文化传统 | QT8.4 欧洲剑客,△,existing,existing,existing,existing,existing,existing
柳树.md,WL-WORK-0735,T4,T4 全球现代主义时代,R4 欧洲文学,M3 现代主义与先锋派,G3 小说,QT3 奇幻 | QT4 恐怖与哥特,△,existing,existing,existing,existing,existing,existing
柳生忍法帖.md,WL-WORK-2549,T5,T5 二战后多极文学,R2 东亚文学,M5 战后与当代美学范式,G3 小说,QT8 英雄、边疆与法外者文化传统 | QT8.3 日本武士与剑豪,△,existing,existing,existing,existing,existing,existing
柳生武艺帐.md,WL-WORK-2550,T5,T5 二战后多极文学,R2 东亚文学,M5 战后与当代美学范式,G3 小说,QT8 英雄、边疆与法外者文化传统 | QT8.3 日本武士与剑豪,△,existing,existing,existing,existing,existing,existing
树语.md,WL-WORK-3027,T6,T6 当代全球文学,R5 北美文学,M5 战后与当代美学范式,G3 小说,QH3 身份、身体与归属,△,existing,existing,existing,existing,t_default,existing
格兰奇·科普兰的第三次生命.md,WL-WORK-1747,T5,T5 二战后多极文学,R5 北美文学,M5 战后与当代美学范式,G3 小说,QH6 战争、暴力与创伤,◆,existing,existing,existing,existing,topic_direct,existing
格兰特船长的儿女.md,WL-WORK-0736,T3,T3 19世纪现代文学体系,R4 欧洲文学,M2 19世纪文学思潮,G3 小说,QT5 冒险与探索叙事,△,existing,existing,existing,existing,existing,existing
格列佛游记.md,WL-WORK-0260,T2,T2 早期现代文学,R4 欧洲文学,M1 早期现代思想与美学,G3 小说,QT2 科幻 | QT5 冒险与探索叙事 | QT6 乌托邦、反乌托邦与社会想象 | QH5 权力、制度与秩序,★,existing,existing,existing,existing,existing,existing
格林家杀人事件.md,WL-WORK-0065,T4,T4 全球现代主义时代,R5 北美文学,M3 现代主义与先锋派,G3 小说,QT1 推理与犯罪叙事,△,existing,existing,existing,existing,existing,existing
格萨尔王传.md,WL-WORK-1474,T1,T1 中古多中心文学世界,R2 东亚文学 | R3 南亚文学,,G3 小说,QT9 神话、传说与民间叙事,△,existing,existing,not_applicable_pre_modern,existing,existing,existing
格里姆斯克里布.md,WL-WORK-0738,T5,T5 二战后多极文学,R4 欧洲文学,M5 战后与当代美学范式,G3 小说,QT4 恐怖与哥特,△,existing,existing,existing,existing,existing,existing
桃花扇.md,WL-WORK-2816,T2,T2 早期现代文学,R2 东亚文学,M1 早期现代思想与美学,G2 戏剧,QH2.1 爱情与欲望,◆,existing,existing,existing,existing,existing,existing
桤木心.md,WL-WORK-0739,T4,T4 全球现代主义时代,R4 欧洲文学,M3 现代主义与先锋派,G3 小说,QT4 恐怖与哥特,△,existing,existing,existing,existing,existing,existing
梅尔尼波内的艾尔利克.md,WL-WORK-0740,T5,T5 二战后多极文学,R4 欧洲文学,M5 战后与当代美学范式,G3 小说,QT3 奇幻,△,existing,existing,existing,existing,existing,existing
梅森和迪克逊.md,WL-WORK-1164,T6,T6 当代全球文学,R5 北美文学,M5 战后与当代美学范式,G3 小说,QT7 历史叙事,△,existing,existing,existing,existing,existing,existing
梅赛德斯先生.md,WL-WORK-3141,T6,T6 当代全球文学,R5 北美文学,M5 战后与当代美学范式,G3 小说,QH3 身份、身体与归属,△,existing,existing,existing,existing,t_default,existing
梅雨之夕.md,WL-WORK-1749,T4,T4 全球现代主义时代,R2 东亚文学,M3.1 现代主义 / Modernism,G3 小说,QH5 权力、制度与秩序,△,existing,existing,existing,existing,mechanism,existing
梦寻秘境卡达斯.md,WL-WORK-0741,T4,T4 全球现代主义时代,R5 北美文学,M3 现代主义与先锋派,G3 小说,QT3 奇幻 | QT4 恐怖与哥特,△,existing,existing,existing,existing,existing,existing
梦游之地.md,WL-WORK-3203,T6,T6 当代全球文学,R7 非洲文学,M5 战后与当代美学范式 | M5.1 战后思想与美学范式,G3 小说,QH6 战争、暴力与创伤,◆,existing,existing,existing,existing,topic_direct,existing
梦游者.md,WL-WORK-1752,T4,T4 全球现代主义时代,R4 欧洲文学,M3.1 现代主义 / Modernism,G3 小说,QH1 自我、存在与生命,△,existing,existing,existing,existing,t_default,existing
梦的故事.md,WL-WORK-1753,T4,T4 全球现代主义时代,R4 欧洲文学,M3.1 现代主义 / Modernism,G3 小说,QH1 自我、存在与生命,△,existing,existing,existing,existing,t_default,existing
梦蛇.md,WL-WORK-2905,T5,T5 二战后多极文学,R5 北美文学,M5 战后与当代美学范式,G3 小说,QH6 战争、暴力与创伤,△,existing,existing,existing,existing,mechanism,existing
梦里花落知多少.md,WL-WORK-2756,T6,T6 当代全球文学,R2 东亚文学,M5 战后与当代美学范式,G3 小说,QH2.1 爱情与欲望 | QH2.3 家庭与家族 | QH2.5 童年与成长,△,existing,existing,existing,existing,existing,existing
梨俱吠陀.md,WL-WORK-1475,T0,T0 文学源头与古代文学,R3 南亚文学,,G3 小说,QT9 神话、传说与民间叙事,★,existing,existing,not_applicable_pre_modern,existing,existing,existing
棋手.md,WL-WORK-R3-60276207,T4,T4 全球现代主义时代,R3 南亚文学,M3 现代主义与先锋派,G3 小说,QH1 自我、存在与生命,◆,existing,existing,t_default,t_default,t_default,other_topic
棕榈酒鬼.md,WL-WORK-1754,T5,T5 二战后多极文学,R7 非洲文学,M5 战后与当代美学范式,G3 小说,QH6 战争、暴力与创伤,★,existing,existing,existing,existing,topic_direct,existing
森林深处.md,WL-WORK-0113,T6,T6 当代全球文学,R4 欧洲文学,M5 战后与当代美学范式,G3 小说,QT1 推理与犯罪叙事,△,existing,existing,existing,existing,existing,existing
棺椁铭文.md,WL-WORK-1476,T0,T0 文学源头与古代文学,R1 西亚—地中海古老传统,,G3 小说,QT9 神话、传说与民间叙事,△,existing,existing,not_applicable_pre_modern,existing,existing,existing
楚留香：血海飘香.md,WL-WORK-2551,T5,T5 二战后多极文学,R2 东亚文学,M5 战后与当代美学范式,G3 小说,QT8 英雄、边疆与法外者文化传统 | QT8.1 武侠,△,existing,existing,existing,existing,existing,existing
楚辞.md,WL-WORK-2814,T0,T0 文学源头与古代文学,R2 东亚文学,,G1 诗歌,QT9 神话、传说与民间叙事,★,existing,existing,not_applicable_pre_modern,existing,existing,existing
楚辞·九歌.md,WL-WORK-1477,T0,T0 文学源头与古代文学,R2 东亚文学,,G3 小说,QT9 神话、传说与民间叙事 | QH2.1 爱情与欲望,△,existing,existing,not_applicable_pre_modern,existing,existing,existing
楚辞·天问.md,WL-WORK-1478,T0,T0 文学源头与古代文学,R2 东亚文学,,G3 小说,QT9 神话、传说与民间叙事,△,existing,existing,not_applicable_pre_modern,existing,existing,existing
楼兰.md,WL-WORK-1165,T5,T5 二战后多极文学,R2 东亚文学,M5 战后与当代美学范式,G3 小说,QT7 历史叙事,△,existing,existing,existing,existing,existing,existing
榕树叶.md,WL-WORK-3214,T5,T5 二战后多极文学,R9 大洋洲与太平洋,M5 战后与当代美学范式,G3 小说,QH5 权力、制度与秩序,◆,existing,existing,existing,existing,mechanism,existing
樅ノ木は残った.md,WL-WORK-2553,T5,T5 二战后多极文学,R2 东亚文学,M5 战后与当代美学范式,G3 小说,QT8 英雄、边疆与法外者文化传统 | QT8.3 日本武士与剑豪,△,existing,existing,existing,existing,existing,existing
模仿犯.md,WL-WORK-0170,T6,T6 当代全球文学,R2 东亚文学,M5 战后与当代美学范式,G3 小说,QT1 推理与犯罪叙事,△,existing,existing,existing,existing,existing,existing
模仿者.md,WL-WORK-1755,T5,T5 二战后多极文学,R6 拉丁美洲与加勒比,M5 战后与当代美学范式,G3 小说,QH6 战争、暴力与创伤,★,existing,author_model,existing,existing,topic_direct,existing
橘子不是唯一的水果.md,WL-WORK-1166,T6,T6 当代全球文学,R4 欧洲文学,M5 战后与当代美学范式,G3 小说,QH2.5 童年与成长 | QH2.1 爱情与欲望,△,existing,existing,existing,existing,existing,existing
橡树之战.md,WL-WORK-0742,T6,T6 当代全球文学,R5 北美文学,M5 战后与当代美学范式,G3 小说,QT3 奇幻,△,existing,existing,existing,existing,existing,existing
檀香刑.md,WL-WORK-1167,T6,T6 当代全球文学,R2 东亚文学,M5 战后与当代美学范式,G3 小说,QT7 历史叙事,△,existing,existing,existing,existing,existing,existing
欢乐英雄.md,WL-WORK-2554,T5,T5 二战后多极文学,R2 东亚文学,M5 战后与当代美学范式,G3 小说,QT8 英雄、边疆与法外者文化传统 | QT8.1 武侠,△,existing,existing,existing,existing,existing,existing
欧·亨利短篇小说选.md,WL-WORK-2709,T4,T4 全球现代主义时代,R5 北美文学,M3 现代主义与先锋派,G3 小说,QH2.1 爱情与欲望 | QH4 社会、阶级与劳动,△,existing,existing,existing,existing,existing,existing
欧仁·奥涅金.md,WL-WORK-2837,T3,T3 19世纪现代文学体系,R4 欧洲文学,M2 19世纪文学思潮,G1 诗歌,QH2.1 爱情与欲望,◆,existing,existing,existing,existing,existing,existing
欧那尼.md,WL-WORK-2555,T3,T3 19世纪现代文学体系,R4 欧洲文学,M2 19世纪文学思潮 | M2 19世纪文学思潮 / 浪漫主义,G3 小说,QT8 英雄、边疆与法外者文化传统 | QT8.4 欧洲剑客,△,existing,existing,existing,existing,existing,existing
歌门鬼城.md,WL-WORK-0743,T5,T5 二战后多极文学,R4 欧洲文学,M5 战后与当代美学范式,G3 小说,QT3 奇幻,△,existing,existing,existing,existing,existing,existing
武器浮生录.md,WL-WORK-0404,T6,T6 当代全球文学,R4 欧洲文学,M5 战后与当代美学范式,G3 小说,QT2 科幻,△,existing,existing,existing,existing,existing,existing
武士.md,WL-WORK-1169,T6,T6 当代全球文学,R2 东亚文学,M5 战后与当代美学范式,G3 小说,QT7 历史叙事 | QT8 英雄、边疆与法外者文化传统 | QT8.3 日本武士与剑豪,△,existing,existing,existing,existing,existing,existing
武士的一分.md,WL-WORK-2556,T5,T5 二战后多极文学,R2 东亚文学,M5 战后与当代美学范式,G3 小说,QT8 英雄、边疆与法外者文化传统 | QT8.3 日本武士与剑豪,△,existing,existing,existing,existing,existing,existing
武州公秘话.md,WL-WORK-2559,T4,T4 全球现代主义时代,R2 东亚文学,M3 现代主义与先锋派,G3 小说,QT8 英雄、边疆与法外者文化传统 | QT8.3 日本武士与剑豪,△,existing,existing,existing,existing,existing,existing
歪曲的枢纽.md,WL-WORK-0035,T4,T4 全球现代主义时代,R5 北美文学,M3 现代主义与先锋派,G3 小说,QT1 推理与犯罪叙事,△,existing,existing,existing,existing,existing,existing
死亡与国王的侍从.md,WL-WORK-1756,T5,T5 二战后多极文学,R7 非洲文学,M5 战后与当代美学范式,G2 戏剧,QH6 战争、暴力与创伤,★,existing,existing,existing,existing,topic_direct,existing
死亡与快乐女人.md,WL-WORK-3091,T5,T5 二战后多极文学,R4 欧洲文学,M5 战后与当代美学范式,G3 小说,QH6 战争、暴力与创伤,△,existing,existing,existing,existing,mechanism,existing
死亡叙述.md,WL-WORK-2787,T6,T6 当代全球文学,R2 东亚文学,M5 战后与当代美学范式,G3 小说,QH1 自我、存在与生命 | QH6 战争、暴力与创伤,△,existing,existing,existing,existing,existing,existing
死亡地带.md,WL-WORK-0744,T5,T5 二战后多极文学,R5 北美文学,M5 战后与当代美学范式,G3 小说,QT4 恐怖与哥特,△,existing,existing,existing,existing,existing,existing
死人躺下.md,WL-WORK-0054,T4,T4 全球现代主义时代,R9 大洋洲与太平洋,M3 现代主义与先锋派,G3 小说,QT1 推理与犯罪叙事,△,existing,existing,existing,existing,existing,existing
死神学徒.md,WL-WORK-0746,T6,T6 当代全球文学,R4 欧洲文学,M5 战后与当代美学范式,G3 小说,QT3 奇幻,△,existing,existing,existing,existing,existing,existing
死神永生.md,WL-WORK-0464,T6,T6 当代全球文学,R2 东亚文学,M5 战后与当代美学范式,G3 小说,QT2 科幻,△,existing,existing,existing,existing,existing,existing
死者代言人.md,WL-WORK-0415,T6,T6 当代全球文学,R5 北美文学,M5 战后与当代美学范式,G3 小说,QT2 科幻,△,existing,existing,existing,existing,existing,existing
死魂灵.md,WL-WORK-2838,T3,T3 19世纪现代文学体系,R4 欧洲文学,M2 19世纪文学思潮 | M2 19世纪文学思潮 / 现实主义,G3 小说,QH4 社会、阶级与劳动,★,existing,existing,existing,existing,t_default,existing
母亲的快乐.md,WL-WORK-1170,T5,T5 二战后多极文学,R7 非洲文学,M5 战后与当代美学范式,G3 小说,QH2.3 家庭与家族,△,existing,existing,existing,existing,existing,existing
毒巧克力命案.md,WL-WORK-0050,T4,T4 全球现代主义时代,R4 欧洲文学,M3 现代主义与先锋派,G3 小说,QT1 推理与犯罪叙事,△,existing,existing,existing,existing,existing,existing
毒木圣经.md,WL-WORK-0747,T6,T6 当代全球文学,R5 北美文学,M5 战后与当代美学范式,G3 小说,QT5 冒险与探索叙事 | QH2.3 家庭与家族,△,existing,existing,existing,existing,existing,existing
比林斯盖浅滩.md,WL-WORK-3109,T6,T6 当代全球文学,R5 北美文学,M5 战后与当代美学范式,G3 小说,QH3 身份、身体与归属,△,existing,existing,existing,existing,t_default,existing
毕司沃斯先生的房子.md,WL-WORK-1759,T5,T5 二战后多极文学,R6 拉丁美洲与加勒比,M5 战后与当代美学范式,G3 小说,QH6 战争、暴力与创伤,★,existing,existing,existing,existing,topic_direct,existing
毗湿奴往世书.md,WL-WORK-1479,T0,T0 文学源头与古代文学,R3 南亚文学,,G3 小说,QT9 神话、传说与民间叙事,△,existing,existing,not_applicable_pre_modern,existing,existing,existing
水之乡.md,WL-WORK-1173,T6,T6 当代全球文学,R4 欧洲文学,M5 战后与当代美学范式,G3 小说,QT7 历史叙事,△,existing,existing,existing,existing,existing,existing
水刀子.md,WL-WORK-1174,T6,T6 当代全球文学,R5 北美文学,M5 战后与当代美学范式,G3 小说,QT6 乌托邦、反乌托邦与社会想象,△,existing,existing,existing,existing,existing,existing
水族馆之谜.md,WL-WORK-0204,T6,T6 当代全球文学,R2 东亚文学,M5 战后与当代美学范式,G3 小说,QT1 推理与犯罪叙事,△,existing,existing,existing,existing,existing,existing
水晶洞.md,WL-WORK-0748,T5,T5 二战后多极文学,R4 欧洲文学,M5 战后与当代美学范式,G3 小说,QT3 奇幻,△,existing,existing,existing,existing,existing,existing
水泥金发女郎.md,WL-WORK-0110,T6,T6 当代全球文学,R5 北美文学,M5 战后与当代美学范式,G3 小说,QT1 推理与犯罪叙事,△,existing,existing,existing,existing,existing,existing
水浒传.md,WL-WORK-1175,T2,T2 早期现代文学,R2 东亚文学,M1 早期现代思想与美学,G3 小说,QT7 历史叙事 | QT8.1 武侠 | QT8.7 侠盗 | QH5 权力、制度与秩序,◆,existing,existing,existing,existing,existing,existing
水浒后传.md,WL-WORK-2563,T2,T2 早期现代文学,R2 东亚文学,M1 早期现代思想与美学,G3 小说,QT8 英雄、边疆与法外者文化传统 | QT8.7 侠盗,△,existing,existing,existing,existing,existing,existing
水车馆事件.md,WL-WORK-0180,T6,T6 当代全球文学,R2 东亚文学,M5 战后与当代美学范式,G3 小说,QT1 推理与犯罪叙事,△,existing,existing,existing,existing,existing,existing
永世.md,WL-WORK-0373,T6,T6 当代全球文学,R5 北美文学,M5 战后与当代美学范式,G3 小说,QT2 科幻,△,existing,existing,existing,existing,existing,existing
永久和平.md,WL-WORK-2915,T6,T6 当代全球文学,R5 北美文学,M5 战后与当代美学范式,G3 小说,QH3 身份、身体与归属,△,existing,existing,existing,existing,t_default,existing
永别了，武器.md,WL-WORK-1176,T4,T4 全球现代主义时代,R5 北美文学,M3 现代主义与先锋派,G3 小说,QT7 历史叙事 | QH2.1 爱情与欲望 | QH6 战争、暴力与创伤,◆,existing,existing,existing,existing,existing,existing
永恒的终结.md,WL-WORK-0299,T5,T5 二战后多极文学,R5 北美文学,M5 战后与当代美学范式,G3 小说,QT2 科幻,△,existing,existing,existing,existing,existing,existing
永远的战争.md,WL-WORK-0416,T5,T5 二战后多极文学,R5 北美文学,M5 战后与当代美学范式,G3 小说,QT2 科幻,△,existing,existing,existing,existing,existing,existing
江南三部曲.md,WL-WORK-2882,T6,T6 当代全球文学,R2 东亚文学,M5 战后与当代美学范式,G3 小说,QH6 战争、暴力与创伤,△,existing,existing,existing,existing,mechanism,existing
江湖夜雨十年灯.md,WL-WORK-2564,T5,T5 二战后多极文学,R2 东亚文学,M5 战后与当代美学范式,G3 小说,QT8 英雄、边疆与法外者文化传统 | QT8.1 武侠,△,existing,existing,existing,existing,existing,existing
汤姆·琼斯.md,WL-WORK-1178,T2,T2 早期现代文学,R4 欧洲文学,M1 早期现代思想与美学,G3 小说,QH2.5 童年与成长,◆,existing,existing,existing,existing,existing,existing
汤姆·索亚历险记.md,WL-WORK-0751,T3,T3 19世纪现代文学体系,R5 北美文学,M2 19世纪文学思潮,G3 小说,QT5 冒险与探索叙事,△,existing,existing,existing,existing,existing,existing
汤姆叔叔的小屋.md,WL-WORK-T3-UNCLE-TOM,T3,T3 19世纪现代文学体系,R5 北美文学,M2 19世纪文学思潮,G3 小说,QH4 社会、阶级与劳动 | QH5 权力、制度与秩序,★,existing,existing,existing,existing,existing,existing
沃尔松格萨迦.md,WL-WORK-0752,T1,T1 中古多中心文学世界,R4 欧洲文学,,G3 小说,QT3 奇幻 | QT9 神话、传说与民间叙事,△,existing,existing,not_applicable_pre_modern,existing,existing,existing
沃尔游戏.md,WL-WORK-2912,T6,T6 当代全球文学,R5 北美文学,M5 战后与当代美学范式,G3 小说,QH3 身份、身体与归属,△,existing,existing,existing,existing,t_default,existing
沃斯.md,WL-WORK-3210,T5,T5 二战后多极文学,R9 大洋洲与太平洋,M5 战后与当代美学范式,G3 小说,QH5 权力、制度与秩序,◆,existing,existing,existing,existing,mechanism,existing
沉睡谷传奇.md,WL-WORK-0753,T3,T3 19世纪现代文学体系,R5 北美文学,M2 19世纪文学思潮,G3 小说,QT4 恐怖与哥特,△,existing,existing,existing,existing,existing,existing
沉重的翅膀.md,WL-WORK-2861,T6,T6 当代全球文学,R2 东亚文学,M5 战后与当代美学范式,G3 小说,QH6 战争、暴力与创伤,△,existing,existing,existing,existing,mechanism,existing
沉静的美国人.md,WL-WORK-2087,T5,T5 二战后多极文学,R4 欧洲文学,M5 战后与当代美学范式,G3 小说,QH6 战争、暴力与创伤,△,existing,existing,existing,existing,existing,existing
沉默.md,WL-WORK-1179,T5,T5 二战后多极文学,R2 东亚文学,M5 战后与当代美学范式,G3 小说,QT7 历史叙事 | QT8 英雄、边疆与法外者文化传统 | QT8.3 日本武士与剑豪,◆,existing,existing,existing,existing,existing,existing
沉默的羔羊.md,WL-WORK-0125,T6,T6 当代全球文学,R5 北美文学,M5 战后与当代美学范式,G3 小说,QT1 推理与犯罪叙事,△,existing,existing,existing,existing,existing,existing
沙丘.md,WL-WORK-0327,T5,T5 二战后多极文学,R5 北美文学,M5 战后与当代美学范式,G3 小说,QT2 科幻,★,existing,existing,existing,existing,existing,existing
沙人.md,WL-WORK-0754,T3,T3 19世纪现代文学体系,R4 欧洲文学,M2 19世纪文学思潮 | M2 19世纪文学思潮 / 浪漫主义,G3 小说,QT4 恐怖与哥特,△,existing,existing,existing,existing,existing,existing
沙恭达罗.md,WL-WORK-2088,T0,T0 文学源头与古代文学,R3 南亚文学,,G2 戏剧,QH2.1 爱情与欲望,◆,existing,existing,not_applicable_pre_modern,existing,existing,existing
沙滩船长.md,WL-WORK-1180,T4,T4 全球现代主义时代,R6 拉丁美洲与加勒比,M5 战后与当代美学范式,G3 小说,QH2.5 童年与成长,△,existing,existing,existing,existing,existing,existing
没有个性的人.md,WL-WORK-1761,T4,T4 全球现代主义时代,R4 欧洲文学,M3.1 现代主义 / Modernism,G3 小说,QH1 自我、存在与生命,◆,existing,existing,existing,existing,t_default,existing
没有人给他写信的上校.md,WL-WORK-1763,T5,T5 二战后多极文学,R6 拉丁美洲与加勒比,M5 战后与当代美学范式,G3 小说,QH1 自我、存在与生命 | QH5 权力、制度与秩序,★,existing,existing,existing,existing,existing,existing
没有界限的地方.md,WL-WORK-1764,T5,T5 二战后多极文学,R6 拉丁美洲与加勒比,M5 战后与当代美学范式,G3 小说,QH5 权力、制度与秩序,△,existing,existing,existing,existing,mechanism,existing
沧浪之水.md,WL-WORK-2676,T6,T6 当代全球文学,R2 东亚文学,M5 战后与当代美学范式,G3 小说,QH2.5 童年与成长 | QH4 社会、阶级与劳动 | QH5 权力、制度与秩序,△,existing,existing,existing,existing,existing,existing
沧海.md,WL-WORK-2566,T6,T6 当代全球文学,R2 东亚文学,M5 战后与当代美学范式,G3 小说,QT8 英雄、边疆与法外者文化传统 | QT8.1 武侠,△,existing,existing,existing,existing,existing,existing
河边的错误.md,WL-WORK-2692,T6,T6 当代全球文学,R2 东亚文学,M5 战后与当代美学范式,G3 小说,QT1 推理与犯罪叙事 | QH1 自我、存在与生命 | QH5 权力、制度与秩序,△,existing,existing,existing,existing,existing,existing
泄密的心.md,WL-WORK-0756,T3,T3 19世纪现代文学体系,R5 北美文学,M2 19世纪文学思潮,G3 小说,QT4 恐怖与哥特,△,existing,existing,existing,existing,existing,existing
法兰柴思事件.md,WL-WORK-0059,T5,T5 二战后多极文学,R4 欧洲文学,M5 战后与当代美学范式,G3 小说,QT1 推理与犯罪叙事,△,existing,existing,existing,existing,existing,existing
法国中尉的女人.md,WL-WORK-1183,T5,T5 二战后多极文学,R4 欧洲文学,M5 战后与当代美学范式 | M5.1 战后思想与美学范式,G3 小说,QT7 历史叙事,★,existing,existing,existing,existing,existing,existing
法官和他的刽子手.md,WL-WORK-0236,T5,T5 二战后多极文学,R4 欧洲文学,M5 战后与当代美学范式,G3 小说,QT1 推理与犯罪叙事,△,existing,existing,existing,existing,existing,existing
法昆多.md,WL-WORK-1765,T3,T3 19世纪现代文学体系,R6 拉丁美洲与加勒比,M2 19世纪文学思潮,G6 纪实与文学非虚构 | G3 小说,QH5 权力、制度与秩序 | QT8 英雄、边疆与法外者文化传统 | QT8.6 Gaucho,★,existing,existing,existing,existing,existing,existing
波斯少年.md,WL-WORK-1184,T5,T5 二战后多极文学,R4 欧洲文学,M5 战后与当代美学范式,G3 小说,QT7 历史叙事,△,existing,existing,existing,existing,existing,existing
波波尔·乌.md,WL-WORK-1481,T2,T2 早期现代文学,R6 拉丁美洲与加勒比,M1 早期现代思想与美学,G4 散文与随笔,QT9 神话、传说与民间叙事,★,existing,existing,t_default,existing,existing,existing
波蒂基.md,WL-WORK-3213,T6,T6 当代全球文学,R9 大洋洲与太平洋,M5 战后与当代美学范式,G3 小说,QH3 身份、身体与归属,◆,existing,existing,existing,existing,mechanism,existing
泰特斯·格罗恩.md,WL-WORK-0757,T5,T5 二战后多极文学,R4 欧洲文学,M5 战后与当代美学范式,G3 小说,QT3 奇幻,△,existing,existing,existing,existing,existing,existing
泰蕾丝·拉甘.md,WL-WORK-M2-BEFE973B35DC,T3,T3 19世纪现代文学体系,R4 欧洲文学,M2 19世纪文学思潮 / 自然主义,G3 小说,QH4 社会、阶级与劳动,◆,existing,t_default,existing,t_default,t_default,other_topic
泽诺的意识.md,WL-WORK-1767,T4,T4 全球现代主义时代,R4 欧洲文学,M3.1 现代主义 / Modernism,G3 小说,QH1 自我、存在与生命,◆,existing,existing,existing,existing,mechanism,existing
洛丽塔.md,WL-WORK-2090,T5,T5 二战后多极文学,R5 北美文学,M5 战后与当代美学范式,G3 小说,QH6 战争、暴力与创伤,★,existing,existing,existing,existing,mechanism,existing
洛城机密.md,WL-WORK-0097,T6,T6 当代全球文学,R5 北美文学,M5 战后与当代美学范式,G3 小说,QT1 推理与犯罪叙事,△,existing,existing,existing,existing,existing,existing
洛基斯.md,WL-WORK-0758,T3,T3 19世纪现代文学体系,R4 欧洲文学,M2 19世纪文学思潮,G3 小说,QT4 恐怖与哥特,△,existing,existing,existing,existing,existing,existing
洛基的争吵.md,WL-WORK-1482,T1,T1 中古多中心文学世界,R4 欧洲文学,,G3 小说,QT9 神话、传说与民间叙事,△,existing,existing,not_applicable_pre_modern,existing,existing,existing
洛斯奇尔的提琴.md,WL-WORK-3220,T3,T3 19世纪现代文学体系,R4 欧洲文学,M2 19世纪文学思潮,G3 小说,QH4 社会、阶级与劳动,△,existing,existing,existing,existing,t_default,existing
洛阳女儿行.md,WL-WORK-2567,T6,T6 当代全球文学,R2 东亚文学,M5 战后与当代美学范式,G3 小说,QT8 英雄、边疆与法外者文化传统 | QT8.1 武侠,△,existing,existing,existing,existing,existing,existing
洪堡的礼物.md,WL-WORK-2997,T5,T5 二战后多极文学,R5 北美文学,M5 战后与当代美学范式,G3 小说,QH6 战争、暴力与创伤,△,existing,existing,existing,existing,mechanism,existing
洪水之年.md,WL-WORK-1185,T6,T6 当代全球文学,R5 北美文学,M5 战后与当代美学范式,G3 小说,QT6 乌托邦、反乌托邦与社会想象,△,existing,existing,existing,existing,existing,existing
洪流.md,WL-WORK-1186,T3,T3 19世纪现代文学体系,R4 欧洲文学,M2 19世纪文学思潮,G3 小说,QT7 历史叙事 | QT8 英雄、边疆与法外者文化传统 | QT8.4 欧洲剑客,△,existing,existing,existing,existing,existing,existing
活着.md,WL-WORK-1187,T6,T6 当代全球文学,R2 东亚文学,M5 战后与当代美学范式,G3 小说,QH2.3 家庭与家族 | QH7 历史、记忆与时间,★,existing,existing,existing,existing,existing,existing
流浪地球.md,WL-WORK-0461,T6,T6 当代全球文学,R2 东亚文学,M5 战后与当代美学范式,G3 小说,QT2 科幻,△,existing,existing,existing,existing,existing,existing
流浪者.md,WL-WORK-2900,T5,T5 二战后多极文学,R5 北美文学,M5 战后与当代美学范式,G3 小说,QH6 战争、暴力与创伤,△,existing,existing,existing,existing,mechanism,existing
流浪苍穹.md,WL-WORK-0467,T6,T6 当代全球文学,R2 东亚文学,M5 战后与当代美学范式,G3 小说,QT2 科幻,△,existing,existing,existing,existing,existing,existing
浅草红团.md,WL-WORK-1769,T4,T4 全球现代主义时代,R2 东亚文学,M3.1 现代主义 / Modernism,G3 小说,QH5 权力、制度与秩序,△,existing,existing,existing,existing,mechanism,existing
浮云.md,WL-WORK-T3-UKIGUMO,T3,T3 19世纪现代文学体系,R2 东亚文学,M2 19世纪文学思潮 | M2 19世纪文学思潮 / 现实主义,G3 小说,QH1 自我、存在与生命 | QH4 社会、阶级与劳动,★,existing,existing,existing,existing,existing,existing
浮士德.md,WL-WORK-2834,T3,T3 19世纪现代文学体系,R4 欧洲文学,M1 早期现代思想与美学 | M2 19世纪文学思潮 / 浪漫主义,G1 诗歌,QH4 社会、阶级与劳动,◆,existing,existing,existing,existing,t_default,existing
浮现.md,WL-WORK-1770,T5,T5 二战后多极文学,R5 北美文学 | R5 北美文学,M5 战后与当代美学范式,G3 小说,QH6 战争、暴力与创伤,★,existing,existing,existing,existing,topic_direct,existing
浮生六记.md,WL-WORK-2688,T2,T2 早期现代文学,R2 东亚文学,M1 早期现代思想与美学,G5 生命书写,QH2.1 爱情与欲望 | QH7 历史、记忆与时间,△,existing,existing,existing,existing,existing,existing
海与毒药.md,WL-WORK-1188,T5,T5 二战后多极文学,R2 东亚文学,M5 战后与当代美学范式,G3 小说,QT7 历史叙事,△,existing,existing,existing,existing,existing,existing
海伯利安.md,WL-WORK-0401,T6,T6 当代全球文学,R5 北美文学,M5 战后与当代美学范式,G3 小说,QT2 科幻,△,existing,existing,existing,existing,existing,existing
海伯利安的陨落.md,WL-WORK-0402,T6,T6 当代全球文学,R5 北美文学,M5 战后与当代美学范式,G3 小说,QT2 科幻,△,existing,existing,existing,existing,existing,existing
海底两万里.md,WL-WORK-0269,T3,T3 19世纪现代文学体系,R4 欧洲文学,M2 19世纪文学思潮,G3 小说,QT2 科幻 | QT5 冒险与探索叙事,△,existing,existing,existing,existing,existing,existing
海法归来.md,WL-WORK-1772,T5,T5 二战后多极文学,R1 西亚—地中海古老传统,M5 战后与当代美学范式,G3 小说,QH6 战争、暴力与创伤,★,existing,existing,existing,existing,topic_direct,existing
海浪.md,WL-WORK-1773,T4,T4 全球现代主义时代,R4 欧洲文学,M3.1 现代主义 / Modernism,G3 小说,QH1 自我、存在与生命,△,existing,existing,existing,existing,t_default,existing
海滩上.md,WL-WORK-0324,T5,T5 二战后多极文学,R9 大洋洲与太平洋,M5 战后与当代美学范式,G3 小说,QT2 科幻 | QT6 乌托邦、反乌托邦与社会想象,△,existing,existing,existing,existing,existing,existing
海狼.md,WL-WORK-0760,T4,T4 全球现代主义时代,R5 北美文学,M3 现代主义与先锋派,G3 小说,QT5 冒险与探索叙事 | QT8 英雄、边疆与法外者文化传统 | QT8.8 海盗,△,existing,existing,existing,existing,existing,existing
海的女儿.md,WL-WORK-0761,T3,T3 19世纪现代文学体系,R4 欧洲文学,M2 19世纪文学思潮,G3 小说,QT3 奇幻,△,existing,existing,existing,existing,existing,existing
海边的卡夫卡.md,WL-WORK-2691,T6,T6 当代全球文学,R2 东亚文学,M5 战后与当代美学范式,G3 小说,QH1 自我、存在与生命 | QH2.3 家庭与家族 | QH2.5 童年与成长,△,existing,existing,existing,existing,existing,existing
海鸥.md,WL-WORK-1774,T4,T4 全球现代主义时代,R4 欧洲文学,M3.1 现代主义 / Modernism,G2 戏剧,QH1 自我、存在与生命,△,existing,existing,existing,existing,t_default,existing
海鹰.md,WL-WORK-2568,T4,T4 全球现代主义时代,R4 欧洲文学,M3 现代主义与先锋派,G3 小说,QT8 英雄、边疆与法外者文化传统 | QT8.4 欧洲剑客 | QT8.8 海盗,△,existing,existing,existing,existing,existing,existing
涂脂抹粉的小嘴.md,WL-WORK-1775,T5,T5 二战后多极文学,R6 拉丁美洲与加勒比,M5 战后与当代美学范式,G3 小说,QH5 权力、制度与秩序,△,existing,existing,existing,existing,mechanism,existing
消失的爱人.md,WL-WORK-0129,T6,T6 当代全球文学,R5 北美文学,M5 战后与当代美学范式,G3 小说,QT1 推理与犯罪叙事,△,existing,existing,existing,existing,existing,existing
消逝的足迹.md,WL-WORK-1776,T5,T5 二战后多极文学,R6 拉丁美洲与加勒比,M5 战后与当代美学范式 | M5.1 战后思想与美学范式,G3 小说,QH6 战争、暴力与创伤,★,existing,existing,existing,existing,topic_direct,existing
涉外事务.md,WL-WORK-3004,T6,T6 当代全球文学,R5 北美文学,M5 战后与当代美学范式,G3 小说,QH3 身份、身体与归属,△,existing,existing,existing,existing,t_default,existing
淫秽的夜鸟.md,WL-WORK-1777,T5,T5 二战后多极文学,R6 拉丁美洲与加勒比,M5 战后与当代美学范式,G3 小说,QH6 战争、暴力与创伤,★,existing,existing,existing,existing,topic_direct,existing
深渊上的火.md,WL-WORK-0405,T6,T6 当代全球文学,R5 北美文学,M5 战后与当代美学范式,G3 小说,QT2 科幻,△,existing,existing,existing,existing,existing,existing
混凝土岛.md,WL-WORK-1193,T5,T5 二战后多极文学,R4 欧洲文学,M5 战后与当代美学范式,G3 小说,QT6 乌托邦、反乌托邦与社会想象,△,existing,existing,existing,existing,existing,existing
淹没的世界.md,WL-WORK-0342,T5,T5 二战后多极文学,R4 欧洲文学,M5 战后与当代美学范式,G3 小说,QT2 科幻 | QT6 乌托邦、反乌托邦与社会想象,△,existing,existing,existing,existing,existing,existing
清教徒.md,WL-WORK-1195,T3,T3 19世纪现代文学体系,R4 欧洲文学,M2 19世纪文学思潮,G3 小说,QT7 历史叙事,△,existing,existing,existing,existing,existing,existing
温室.md,WL-WORK-0346,T5,T5 二战后多极文学,R4 欧洲文学,M5 战后与当代美学范式,G3 小说,QT2 科幻,△,existing,existing,existing,existing,existing,existing
温柔的纽扣.md,WL-WORK-1779,T4,T4 全球现代主义时代,R5 北美文学,M3.1 现代主义 / Modernism,G1 诗歌,QH1 自我、存在与生命,△,existing,existing,existing,existing,t_default,existing
温迪戈.md,WL-WORK-0762,T4,T4 全球现代主义时代,R4 欧洲文学,M3 现代主义与先锋派,G3 小说,QT4 恐怖与哥特,△,existing,existing,existing,existing,existing,existing
游戏玩家.md,WL-WORK-0403,T6,T6 当代全球文学,R4 欧洲文学,M5 战后与当代美学范式,G3 小说,QT2 科幻,△,existing,existing,existing,existing,existing,existing
湖中女士.md,WL-WORK-0077,T4,T4 全球现代主义时代,R5 北美文学,M3 现代主义与先锋派,G3 小说,QT1 推理与犯罪叙事,△,existing,existing,existing,existing,existing,existing
湖光山色.md,WL-WORK-2877,T6,T6 当代全球文学,R2 东亚文学,M5 战后与当代美学范式,G3 小说,QH6 战争、暴力与创伤,△,existing,existing,existing,existing,mechanism,existing
湖滨旅馆.md,WL-WORK-3050,T6,T6 当代全球文学,R4 欧洲文学,M5 战后与当代美学范式,G3 小说,QH3 身份、身体与归属,△,existing,existing,existing,existing,t_default,existing
湮灭.md,WL-WORK-0426,T6,T6 当代全球文学,R5 北美文学,M5 战后与当代美学范式,G3 小说,QT2 科幻 | QT4 恐怖与哥特,△,existing,existing,existing,existing,existing,existing
湿婆往世书.md,WL-WORK-1484,T1,T1 中古多中心文学世界,R3 南亚文学,,G3 小说,QT9 神话、传说与民间叙事,△,existing,existing,not_applicable_pre_modern,existing,existing,existing
源氏物语.md,WL-WORK-1196,T1,T1 中古多中心文学世界,R2 东亚文学,,G3 小说,QH2.3 家庭与家族 | QH2.1 爱情与欲望,★,existing,existing,not_applicable_pre_modern,existing,existing,existing
满愿.md,WL-WORK-0201,T6,T6 当代全球文学,R2 东亚文学,M5 战后与当代美学范式,G3 小说,QT1 推理与犯罪叙事,△,existing,existing,existing,existing,existing,existing
漂亮朋友.md,WL-WORK-2836,T3,T3 19世纪现代文学体系,R4 欧洲文学,M2 19世纪文学思潮,G3 小说,QH4 社会、阶级与劳动,◆,existing,existing,existing,existing,t_default,existing
漫长的告别.md,WL-WORK-0074,T5,T5 二战后多极文学,R5 北美文学,M3 现代主义与先锋派,G3 小说,QT1 推理与犯罪叙事,△,existing,existing,existing,existing,existing,existing
潘多拉之星.md,WL-WORK-0409,T6,T6 当代全球文学,R4 欧洲文学,M5 战后与当代美学范式,G3 小说,QT2 科幻,△,existing,existing,existing,existing,existing,existing
潜入沉船.md,WL-WORK-1781,T5,T5 二战后多极文学,R5 北美文学,M5 战后与当代美学范式,G1 诗歌,QH6 战争、暴力与创伤,★,existing,existing,existing,existing,topic_direct,existing
潮汐站.md,WL-WORK-2940,T6,T6 当代全球文学,R5 北美文学,M5 战后与当代美学范式,G3 小说,QH3 身份、身体与归属,△,existing,existing,existing,existing,t_default,existing
濒临狂野的心.md,WL-WORK-1199,T4,T4 全球现代主义时代,R6 拉丁美洲与加勒比,M5 战后与当代美学范式,G3 小说,QH2.5 童年与成长,△,existing,existing,existing,existing,existing,existing
火与剑.md,WL-WORK-1200,T3,T3 19世纪现代文学体系,R4 欧洲文学,M2 19世纪文学思潮,G3 小说,QT7 历史叙事 | QT8 英雄、边疆与法外者文化传统 | QT8.4 欧洲剑客,△,existing,existing,existing,existing,existing,existing
火之河.md,WL-WORK-1782,T5,T5 二战后多极文学,R3 南亚文学,M5 战后与当代美学范式,G3 小说,QH6 战争、暴力与创伤,★,existing,existing,existing,existing,topic_direct,existing
火星公主.md,WL-WORK-0287,T4,T4 全球现代主义时代,R5 北美文学,M3 现代主义与先锋派,G3 小说,QT2 科幻 | QT5 冒险与探索叙事,△,existing,existing,existing,existing,existing,existing
火星奥德赛.md,WL-WORK-0290,T4,T4 全球现代主义时代,R5 北美文学,M3 现代主义与先锋派,G3 小说,QT2 科幻,△,existing,existing,existing,existing,existing,existing
火星编年史.md,WL-WORK-0318,T5,T5 二战后多极文学,R5 北美文学,M5 战后与当代美学范式,G3 小说,QT2 科幻,△,existing,existing,existing,existing,existing,existing
火河.md,WL-WORK-3177,T5,T5 二战后多极文学,R3 南亚文学,M5 战后与当代美学范式,G3 小说,QH5 权力、制度与秩序,◆,existing,existing,existing,existing,mechanism,existing
火潮.md,WL-WORK-1201,T6,T6 当代全球文学,R3 南亚文学,M5 战后与当代美学范式,G3 小说,QT7 历史叙事,△,existing,existing,existing,existing,existing,existing
火车.md,WL-WORK-0168,T6,T6 当代全球文学,R2 东亚文学,M5 战后与当代美学范式,G3 小说,QT1 推理与犯罪叙事,△,existing,existing,existing,existing,existing,existing
火车怪客.md,WL-WORK-0084,T5,T5 二战后多极文学,R5 北美文学,M5 战后与当代美学范式,G3 小说,QT1 推理与犯罪叙事,△,existing,existing,existing,existing,existing,existing
火车正点.md,WL-WORK-2093,T5,T5 二战后多极文学,R4 欧洲文学,M5 战后与当代美学范式,G3 小说,QH6 战争、暴力与创伤,△,existing,existing,existing,existing,existing,existing
灯火管制／一切安全.md,WL-WORK-2921,T6,T6 当代全球文学,R5 北美文学,M5 战后与当代美学范式,G3 小说,QH3 身份、身体与归属,△,existing,existing,existing,existing,t_default,existing
灵魂圣骑士.md,WL-WORK-2918,T6,T6 当代全球文学,R5 北美文学,M5 战后与当代美学范式,G3 小说,QH3 身份、身体与归属,△,existing,existing,existing,existing,t_default,existing
灾难之城.md,WL-WORK-0043,T4,T4 全球现代主义时代,R5 北美文学,M3 现代主义与先锋派,G3 小说,QT1 推理与犯罪叙事,△,existing,existing,existing,existing,existing,existing
灿烂千阳.md,WL-WORK-2675,T6,T6 当代全球文学,R5 北美文学,M5 战后与当代美学范式,G3 小说,QH3.1 性别与身体 | QH6 战争、暴力与创伤,△,existing,t_default,existing,existing,existing,existing
点与线.md,WL-WORK-0161,T5,T5 二战后多极文学,R2 东亚文学,M5 战后与当代美学范式,G3 小说,QT1 推理与犯罪叙事,△,existing,existing,existing,existing,existing,existing
炽焰世界.md,WL-WORK-0259,T2,T2 早期现代文学,R4 欧洲文学,M2 19世纪文学思潮,G3 小说,QT2 科幻,△,existing,existing,existing,existing,existing,existing
烈日下的人们.md,WL-WORK-1783,T5,T5 二战后多极文学,R1 西亚—地中海古老传统,M5 战后与当代美学范式,G3 小说,QH6 战争、暴力与创伤,★,existing,existing,existing,existing,topic_direct,existing
烟中之虎.md,WL-WORK-0057,T5,T5 二战后多极文学,R4 欧洲文学,M3 现代主义与先锋派,G3 小说,QT1 推理与犯罪叙事,△,existing,existing,existing,existing,existing,existing
烟河.md,WL-WORK-1203,T6,T6 当代全球文学,R3 南亚文学,M5 战后与当代美学范式,G3 小说,QT7 历史叙事,△,existing,existing,existing,existing,existing,existing
热与尘.md,WL-WORK-3042,T5,T5 二战后多极文学,R3 南亚文学,M5 战后与当代美学范式,G3 小说,QH5 权力、制度与秩序,△,existing,existing,existing,existing,mechanism,existing
热夜之梦.md,WL-WORK-0765,T6,T6 当代全球文学,R5 北美文学,M5 战后与当代美学范式,G3 小说,QT4 恐怖与哥特,△,existing,existing,existing,existing,existing,existing
燃烧吧剑.md,WL-WORK-1205,T5,T5 二战后多极文学,R2 东亚文学,M5 战后与当代美学范式,G3 小说,QT7 历史叙事 | QT8 英雄、边疆与法外者文化传统 | QT8.3 日本武士与剑豪,△,existing,existing,existing,existing,existing,existing
燃烧的原野.md,WL-WORK-1784,T5,T5 二战后多极文学,R6 拉丁美洲与加勒比,M5 战后与当代美学范式,G3 小说,QH4 社会、阶级与劳动 | QH7 历史、记忆与时间,★,existing,existing,existing,existing,existing,existing
燃烧的女孩.md,WL-WORK-1206,T6,T6 当代全球文学,R5 北美文学,M5 战后与当代美学范式,G3 小说,QT6 乌托邦、反乌托邦与社会想象,△,existing,existing,existing,existing,existing,existing
爱与痛的边缘.md,WL-WORK-2754,T6,T6 当代全球文学,R2 东亚文学,M5 战后与当代美学范式,G3 小说,QH2.1 爱情与欲望 | QH2.3 家庭与家族 | QH2.5 童年与成长,△,existing,existing,existing,existing,existing,existing
爱丽丝·亚当斯.md,WL-WORK-2960,T4,T4 全球现代主义时代,R5 北美文学,M3 现代主义与先锋派,G3 小说,QH1 自我、存在与生命,△,existing,existing,existing,existing,t_default,existing
爱丽丝梦游仙境.md,WL-WORK-0768,T3,T3 19世纪现代文学体系,R4 欧洲文学,M2 19世纪文学思潮,G3 小说,QT3 奇幻,◆,existing,existing,existing,existing,existing,existing
爱丽丝镜中奇遇.md,WL-WORK-0769,T3,T3 19世纪现代文学体系,R4 欧洲文学,M2 19世纪文学思潮,G3 小说,QT3 奇幻,△,existing,existing,existing,existing,existing,existing
爱伦·坡短篇小说全集.md,WL-WORK-3163,T3,T3 19世纪现代文学体系,R5 北美文学,M2 19世纪文学思潮,G3 小说,QH5 权力、制度与秩序,◆,existing,existing,existing,existing,mechanism,existing
爱因斯坦交叉.md,WL-WORK-2930,T5,T5 二战后多极文学,R5 北美文学,M5 战后与当代美学范式,G3 小说,QH6 战争、暴力与创伤,△,existing,existing,existing,existing,mechanism,existing
爱尔兰诸族入侵记.md,WL-WORK-1485,T1,T1 中古多中心文学世界,R4 欧洲文学,,G3 小说,QT9 神话、传说与民间叙事,△,existing,existing,not_applicable_pre_modern,existing,existing,existing
爱弥儿.md,WL-WORK-1207,T2,T2 早期现代文学,R4 欧洲文学,M1 早期现代思想与美学,G3 小说,QH2.5 童年与成长,△,existing,existing,existing,existing,existing,existing
爱玛.md,WL-WORK-2094,T3,T3 19世纪现代文学体系,R4 欧洲文学,M2 19世纪文学思潮,G3 小说,QH2.1 爱情与欲望,◆,existing,existing,existing,existing,existing,existing
爱的教育.md,WL-WORK-2670,T3,T3 19世纪现代文学体系,R4 欧洲文学,M2 19世纪文学思潮,G3 小说,QH2.3 家庭与家族 | QH2.5 童年与成长,△,existing,existing,existing,existing,existing,existing
爱的艺术.md,WL-WORK-2095,T0,T0 文学源头与古代文学,R1 西亚—地中海古老传统,,G3 小说,QH2.1 爱情与欲望,△,existing,existing,not_applicable_pre_modern,existing,existing,existing
爱经.md,WL-WORK-2096,T0,T0 文学源头与古代文学,R1 西亚—地中海古老传统,,G3 小说,QH2.1 爱情与欲望,△,existing,existing,not_applicable_pre_modern,existing,existing,existing
爱药.md,WL-WORK-1208,T6,T6 当代全球文学,R5 北美文学 | R5 北美文学,M5 战后与当代美学范式,G3 小说,QH2.3 家庭与家族,△,existing,existing,existing,existing,existing,existing
父与子.md,WL-WORK-1209,T3,T3 19世纪现代文学体系,R4 欧洲文学,M2 19世纪文学思潮 | M2 19世纪文学思潮 / 现实主义,G3 小说,QH2.3 家庭与家族,★,existing,existing,existing,existing,existing,existing
牛棚杂忆.md,WL-WORK-2708,T6,T6 当代全球文学,R2 东亚文学,M5 战后与当代美学范式,G5 生命书写 | G6 纪实与文学非虚构,QH5 权力、制度与秩序 | QH7 历史、记忆与时间,△,existing,existing,existing,existing,existing,existing
牛虻.md,WL-WORK-2707,T3,T3 19世纪现代文学体系,R4 欧洲文学,M2 19世纪文学思潮,G3 小说,QH2.1 爱情与欲望 | QH2.5 童年与成长 | QH5 权力、制度与秩序,△,existing,existing,existing,existing,existing,existing
牟那·马丹.md,WL-WORK-R3-94730002,T4,T4 全球现代主义时代,R3 南亚文学,M3 现代主义与先锋派,G3 小说,QH1 自我、存在与生命,◆,existing,existing,t_default,t_default,t_default,other_topic
牡丹亭.md,WL-WORK-2097,T2,T2 早期现代文学,R2 东亚文学,M1 早期现代思想与美学,G2 戏剧,QH2.1 爱情与欲望,★,existing,existing,existing,existing,existing,existing
牧师的黑面纱.md,WL-WORK-0770,T3,T3 19世纪现代文学体系,R5 北美文学,M2 19世纪文学思潮,G3 小说,QT4 恐怖与哥特,△,existing,existing,existing,existing,existing,existing
牧童歌.md,WL-WORK-2098,T1,T1 中古多中心文学世界,R3 南亚文学,,G1 诗歌,QH2.1 爱情与欲望,◆,existing,existing,not_applicable_pre_modern,existing,existing,existing
物.md,WL-WORK-1789,T5,T5 二战后多极文学,R4 欧洲文学,M5 战后与当代美学范式,G3 小说,QH6 战争、暴力与创伤,★,existing,existing,existing,existing,topic_direct,existing
牵风记.md,WL-WORK-2888,T6,T6 当代全球文学,R2 东亚文学,M5 战后与当代美学范式,G3 小说,QH6 战争、暴力与创伤,△,existing,existing,existing,existing,mechanism,existing
特哈努.md,WL-WORK-0771,T6,T6 当代全球文学,R5 北美文学,M5 战后与当代美学范式,G3 小说,QT3 奇幻,△,existing,existing,existing,existing,existing,existing
特拉特洛尔科之夜.md,WL-WORK-1790,T5,T5 二战后多极文学,R6 拉丁美洲与加勒比,M5 战后与当代美学范式,G6 纪实与文学非虚构,QH6 战争、暴力与创伤,★,existing,existing,existing,existing,topic_direct,existing
犬神家族.md,WL-WORK-0153,T5,T5 二战后多极文学,R2 东亚文学,M5 战后与当代美学范式,G3 小说,QT1 推理与犯罪叙事,△,existing,existing,existing,existing,existing,existing
犹大·哈列维诗歌.md,WL-WORK-R1-JUDAH-HALEVI-POEMS,T1,T1 中古多中心文学世界,R1 西亚—地中海古老传统,,G1 诗歌,QH8 信仰、伦理与超越,△,existing,existing,not_applicable_pre_modern,title,t_default,conservative_default
犹大之窗.md,WL-WORK-0033,T4,T4 全球现代主义时代,R5 北美文学,M3 现代主义与先锋派,G3 小说,QT1 推理与犯罪叙事,△,existing,existing,existing,existing,existing,existing
犹太警察工会.md,WL-WORK-0437,T6,T6 当代全球文学,R5 北美文学,M5 战后与当代美学范式,G3 小说,QT2 科幻,△,existing,existing,existing,existing,existing,existing
狄吉尼斯·阿克里塔斯.md,WL-WORK-T1-DIGENES,T1,T1 中古多中心文学世界,R4 欧洲文学,,G1 诗歌,QH6 战争、暴力与创伤,◆,existing,existing,not_applicable_pre_modern,existing,existing,existing
独眼少女.md,WL-WORK-0195,T6,T6 当代全球文学,R2 东亚文学,M5 战后与当代美学范式,G3 小说,QT1 推理与犯罪叙事,△,existing,existing,existing,existing,existing,existing
独立之阳.md,WL-WORK-3205,T5,T5 二战后多极文学,R7 非洲文学,M5 战后与当代美学范式,G3 小说,QH5 权力、制度与秩序,◆,existing,existing,existing,existing,mechanism,existing
独立日.md,WL-WORK-3012,T6,T6 当代全球文学,R5 北美文学,M5 战后与当代美学范式,G3 小说,QH3 身份、身体与归属,△,existing,existing,existing,existing,t_default,existing
独立的人们.md,WL-WORK-3159,T4,T4 全球现代主义时代,R4 欧洲文学,M3 现代主义与先锋派,G3 小说,QH1 自我、存在与生命,◆,existing,existing,existing,existing,t_default,existing
独立的太阳.md,WL-WORK-1793,T5,T5 二战后多极文学,R7 非洲文学,M5 战后与当代美学范式,G3 小说,QH6 战争、暴力与创伤,★,existing,existing,existing,existing,topic_direct,existing
狮子、女巫和魔衣橱.md,WL-WORK-0772,T5,T5 二战后多极文学,R4 欧洲文学,M5 战后与当代美学范式,G3 小说,QT3 奇幻,△,existing,existing,existing,existing,existing,existing
狱门岛.md,WL-WORK-0152,T5,T5 二战后多极文学,R2 东亚文学,M5 战后与当代美学范式,G3 小说,QT1 推理与犯罪叙事,△,existing,existing,existing,existing,existing,existing
狼厅.md,WL-WORK-1211,T6,T6 当代全球文学,R4 欧洲文学,M5 战后与当代美学范式,G3 小说,QT7 历史叙事,★,existing,existing,existing,existing,existing,existing
狼牙.md,WL-WORK-2768,T6,T6 当代全球文学,R2 东亚文学,M5 战后与当代美学范式,G3 小说,QH6 战争、暴力与创伤,△,existing,existing,existing,existing,existing,existing
猎水牛的猎人.md,WL-WORK-2957,T6,T6 当代全球文学,R5 北美文学,M5 战后与当代美学范式,G3 小说,QH3 身份、身体与归属,△,existing,existing,existing,existing,t_default,existing
猫城记.md,WL-WORK-0452,T4,T4 全球现代主义时代,R2 东亚文学,M3 现代主义与先锋派,G3 小说,QT2 科幻 | QT6 乌托邦、反乌托邦与社会想象,△,existing,existing,existing,existing,existing,existing
猫头鹰在哭泣.md,WL-WORK-3212,T5,T5 二战后多极文学,R9 大洋洲与太平洋,M5 战后与当代美学范式,G3 小说,QH5 权力、制度与秩序,◆,existing,existing,existing,existing,mechanism,existing
猫头鹰谋杀案.md,WL-WORK-0143,T6,T6 当代全球文学,R4 欧洲文学,M5 战后与当代美学范式,G3 小说,QT1 推理与犯罪叙事,△,existing,existing,existing,existing,existing,existing
猫的摇篮.md,WL-WORK-0352,T5,T5 二战后多极文学,R5 北美文学,M5 战后与当代美学范式,G3 小说,QT2 科幻,△,existing,existing,existing,existing,existing,existing
献给艾米丽的一朵玫瑰.md,WL-WORK-0773,T4,T4 全球现代主义时代,R5 北美文学,M3 现代主义与先锋派,G3 小说,QT4 恐怖与哥特,△,existing,existing,existing,existing,existing,existing
献给荒野机器人的赞美诗.md,WL-WORK-0430,T6,T6 当代全球文学,R5 北美文学,M5 战后与当代美学范式,G3 小说,QT2 科幻,△,existing,existing,existing,existing,existing,existing
献给阿尔吉侬的花束.md,WL-WORK-0326,T5,T5 二战后多极文学,R5 北美文学,M5 战后与当代美学范式,G3 小说,QT2 科幻 | QH1 自我、存在与生命,★,existing,existing,existing,existing,existing,existing
猴山之梦.md,WL-WORK-1794,T5,T5 二战后多极文学,R6 拉丁美洲与加勒比,M5 战后与当代美学范式,G2 戏剧,QH6 战争、暴力与创伤,★,existing,existing,existing,existing,topic_direct,existing
玉米人.md,WL-WORK-1795,T5,T5 二战后多极文学,R6 拉丁美洲与加勒比,M5 战后与当代美学范式 | M5.1 战后思想与美学范式,G3 小说,QH6 战争、暴力与创伤,△,existing,existing,existing,existing,topic_direct,existing
玉钗盟.md,WL-WORK-2572,T5,T5 二战后多极文学,R2 东亚文学,M5 战后与当代美学范式,G3 小说,QT8 英雄、边疆与法外者文化传统 | QT8.1 武侠,△,existing,existing,existing,existing,existing,existing
王者之路.md,WL-WORK-0774,T6,T6 当代全球文学,R5 北美文学,M5 战后与当代美学范式,G3 小说,QT3 奇幻,△,existing,existing,existing,existing,existing,existing
玛丽·罗热疑案.md,WL-WORK-0007,T3,T3 19世纪现代文学体系,R5 北美文学,M2 19世纪文学思潮,G3 小说,QT1 推理与犯罪叙事,△,existing,existing,existing,existing,existing,existing
玛戈王后.md,WL-WORK-1212,T3,T3 19世纪现代文学体系,R4 欧洲文学,M2 19世纪文学思潮,G3 小说,QT7 历史叙事 | QT8 英雄、边疆与法外者文化传统 | QT8.4 欧洲剑客,△,existing,existing,existing,existing,existing,existing
玛斯纳维.md,WL-WORK-3165,T1,T1 中古多中心文学世界,R1 西亚—地中海古老传统,,G1 诗歌,QH8 信仰、伦理与超越,★,existing,existing,not_applicable_pre_modern,existing,mechanism,existing
玩偶.md,WL-WORK-3216,T3,T3 19世纪现代文学体系,R4 欧洲文学,M2 19世纪文学思潮,G3 小说,QH4 社会、阶级与劳动,◆,existing,existing,existing,existing,t_default,existing
玩偶之家.md,WL-WORK-2722,T3,T3 19世纪现代文学体系,R4 欧洲文学,M2 19世纪文学思潮,G2 戏剧,QH2.1 爱情与欲望 | QH2.3 家庭与家族 | QH3.1 性别与身体,◆,existing,existing,existing,existing,existing,existing
玩笑.md,WL-WORK-1797,T5,T5 二战后多极文学,R4 欧洲文学,M5 战后与当代美学范式,G3 小说,QH6 战争、暴力与创伤,★,existing,existing,existing,existing,topic_direct,existing
环形世界.md,WL-WORK-0369,T5,T5 二战后多极文学,R5 北美文学,M5 战后与当代美学范式,G3 小说,QT2 科幻,△,existing,existing,existing,existing,existing,existing
环游地球八十天.md,WL-WORK-0775,T3,T3 19世纪现代文学体系,R4 欧洲文学,M2 19世纪文学思潮,G3 小说,QT5 冒险与探索叙事 | QT14 旅行与游记,△,existing,existing,existing,existing,existing,existing
现实一种.md,WL-WORK-2789,T6,T6 当代全球文学,R2 东亚文学,M5 战后与当代美学范式,G3 小说,QH2.3 家庭与家族 | QH6 战争、暴力与创伤,△,existing,existing,existing,existing,existing,existing
玻璃宫.md,WL-WORK-R3-05252991,T6,T6 当代全球文学,R3 南亚文学,M5 战后与当代美学范式,G3 小说,QH3 身份、身体与归属,◆,existing,existing,t_default,t_default,t_default,other_topic
玻璃杯中的黑暗.md,WL-WORK-0776,T3,T3 19世纪现代文学体系,R4 欧洲文学,M2 19世纪文学思潮,G3 小说,QT4 恐怖与哥特,△,existing,existing,existing,existing,existing,existing
玻璃钥匙.md,WL-WORK-0072,T4,T4 全球现代主义时代,R5 北美文学,M3 现代主义与先锋派,G3 小说,QT1 推理与犯罪叙事,△,existing,existing,existing,existing,existing,existing
珀涅罗珀记.md,WL-WORK-0777,T6,T6 当代全球文学,R5 北美文学,M5 战后与当代美学范式,G3 小说,QT3 奇幻,△,existing,existing,existing,existing,existing,existing
珀迪多街车站.md,WL-WORK-0425,T6,T6 当代全球文学,R4 欧洲文学,M5 战后与当代美学范式,G3 小说,QT2 科幻 | QT3 奇幻 | QT4 恐怖与哥特,△,existing,existing,existing,existing,existing,existing
班森杀人事件.md,WL-WORK-0064,T4,T4 全球现代主义时代,R5 北美文学,M3 现代主义与先锋派,G3 小说,QT1 推理与犯罪叙事,△,existing,existing,existing,existing,existing,existing
球状闪电.md,WL-WORK-0460,T6,T6 当代全球文学,R2 东亚文学,M5 战后与当代美学范式,G3 小说,QT2 科幻,△,existing,existing,existing,existing,existing,existing
理想国.md,WL-WORK-1213,T0,T0 文学源头与古代文学,R1 西亚—地中海古老传统,,G3 小说,QT6 乌托邦、反乌托邦与社会想象,△,existing,existing,not_applicable_pre_modern,existing,existing,existing
理智与情感.md,WL-WORK-1214,T3,T3 19世纪现代文学体系,R4 欧洲文学,M2 19世纪文学思潮,G3 小说,QH2.3 家庭与家族 | QH2.1 爱情与欲望,△,existing,existing,existing,existing,existing,existing
理由.md,WL-WORK-0169,T6,T6 当代全球文学,R2 东亚文学,M5 战后与当代美学范式,G3 小说,QT1 推理与犯罪叙事,△,existing,existing,existing,existing,existing,existing
琥珀望远镜.md,WL-WORK-0778,T6,T6 当代全球文学,R4 欧洲文学,M5 战后与当代美学范式,G3 小说,QT3 奇幻,△,existing,existing,existing,existing,existing,existing
琴声如诉.md,WL-WORK-1798,T5,T5 二战后多极文学,R4 欧洲文学,M5 战后与当代美学范式,G3 小说,QH6 战争、暴力与创伤,◆,existing,existing,existing,existing,topic_direct,existing
琼·斯塔福德短篇小说集.md,WL-WORK-2995,T5,T5 二战后多极文学,R5 北美文学,M5 战后与当代美学范式,G3 小说,QH6 战争、暴力与创伤,△,existing,existing,existing,existing,mechanism,existing
瓦夫苏鲁特尼尔之歌.md,WL-WORK-1487,T1,T1 中古多中心文学世界,R4 欧洲文学,,G3 小说,QT9 神话、传说与民间叙事,△,existing,existing,not_applicable_pre_modern,existing,existing,existing
瓦解.md,WL-WORK-1215,T5,T5 二战后多极文学,R7 非洲文学,M5 战后与当代美学范式 | M4 集体文学运动与文化政治,G3 小说,QT7 历史叙事,★,existing,existing,existing,existing,existing,existing
甘十九妹.md,WL-WORK-2574,T5,T5 二战后多极文学,R2 东亚文学,M5 战后与当代美学范式,G3 小说,QT8 英雄、边疆与法外者文化传统 | QT8.1 武侠,△,existing,existing,existing,existing,existing,existing
甘露街.md,WL-WORK-1216,T5,T5 二战后多极文学,R1 西亚—地中海古老传统,M5 战后与当代美学范式,G3 小说,QH2.3 家庭与家族,△,existing,existing,existing,existing,existing,existing
生命册.md,WL-WORK-2884,T6,T6 当代全球文学,R2 东亚文学,M5 战后与当代美学范式,G3 小说,QH6 战争、暴力与创伤,△,existing,existing,existing,existing,mechanism,existing
生态乌托邦.md,WL-WORK-0487,T5,T5 二战后多极文学,R5 北美文学,M5 战后与当代美学范式,G3 小说,QT2 科幻,△,existing,existing,existing,existing,existing,existing
生死疲劳.md,WL-WORK-1218,T6,T6 当代全球文学,R2 东亚文学,M5 战后与当代美学范式,G3 小说,QH2.3 家庭与家族 | QH7 历史、记忆与时间,△,existing,existing,existing,existing,existing,existing
生活与命运.md,WL-WORK-1219,T6,T6 当代全球文学,R4 欧洲文学,M5 战后与当代美学范式,G3 小说,QT7 历史叙事 | QH6 战争、暴力与创伤,△,existing,existing,existing,existing,existing,existing
生活在别处.md,WL-WORK-1803,T5,T5 二战后多极文学,R4 欧洲文学,M5 战后与当代美学范式,G3 小说,QH6 战争、暴力与创伤,★,existing,existing,existing,existing,topic_direct,existing
生活是我的姐妹.md,WL-WORK-1804,T4,T4 全球现代主义时代,R4 欧洲文学,M3.1 现代主义 / Modernism,G1 诗歌,QH1 自我、存在与生命,△,existing,existing,existing,existing,t_default,existing
甲贺忍法帖.md,WL-WORK-2576,T5,T5 二战后多极文学,R2 东亚文学,M5 战后与当代美学范式,G3 小说,QT8 英雄、边疆与法外者文化传统 | QT8.3 日本武士与剑豪,△,existing,existing,existing,existing,existing,existing
申诉.md,WL-WORK-0145,T6,T6 当代全球文学,R4 欧洲文学,M5 战后与当代美学范式,G3 小说,QT1 推理与犯罪叙事,△,existing,existing,existing,existing,existing,existing
画眉鸟.md,WL-WORK-2577,T5,T5 二战后多极文学,R2 东亚文学,M5 战后与当代美学范式,G3 小说,QT8 英雄、边疆与法外者文化传统 | QT8.1 武侠,△,existing,existing,existing,existing,existing,existing
留下.md,WL-WORK-3044,T5,T5 二战后多极文学,R4 欧洲文学,M5 战后与当代美学范式,G3 小说,QH6 战争、暴力与创伤,△,existing,existing,existing,existing,mechanism,existing
疯狂山脉.md,WL-WORK-0293,T4,T4 全球现代主义时代,R5 北美文学,M3 现代主义与先锋派,G3 小说,QT2 科幻 | QT4 恐怖与哥特 | QT5 冒险与探索叙事,△,existing,existing,existing,existing,existing,existing
疯癫亚当.md,WL-WORK-1220,T6,T6 当代全球文学,R5 北美文学,M5 战后与当代美学范式,G3 小说,QT6 乌托邦、反乌托邦与社会想象,△,existing,existing,existing,existing,existing,existing
疾病解读人.md,WL-WORK-3016,T6,T6 当代全球文学,R5 北美文学 | R5 北美文学,M5 战后与当代美学范式,G3 小说,QH3 身份、身体与归属,△,existing,existing,existing,existing,t_default,existing
病隙碎笔.md,WL-WORK-2674,T6,T6 当代全球文学,R2 东亚文学,M5 战后与当代美学范式,G4 散文与随笔 | G5 生命书写,QH1 自我、存在与生命 | QH7 历史、记忆与时间 | QH8 信仰、伦理与超越,△,existing,existing,existing,existing,existing,existing
痛苦.md,WL-WORK-2104,T6,T6 当代全球文学,R4 欧洲文学,M5 战后与当代美学范式,G3 小说,QH6 战争、暴力与创伤,△,existing,existing,existing,existing,existing,existing
痴人之爱.md,WL-WORK-1807,T4,T4 全球现代主义时代,R2 东亚文学,M3.1 现代主义 / Modernism,G3 小说,QH5 权力、制度与秩序,△,existing,existing,existing,existing,mechanism,existing
瘦子.md,WL-WORK-0073,T4,T4 全球现代主义时代,R5 北美文学,M3 现代主义与先锋派,G3 小说,QT1 推理与犯罪叙事,△,existing,existing,existing,existing,existing,existing
瘦子麦麦德.md,WL-WORK-3191,T5,T5 二战后多极文学,R1 西亚—地中海古老传统,M5 战后与当代美学范式,G3 小说,QH5 权力、制度与秩序,◆,existing,existing,existing,existing,mechanism,existing
癌症楼.md,WL-WORK-1808,T5,T5 二战后多极文学,R4 欧洲文学,M5 战后与当代美学范式,G3 小说,QH6 战争、暴力与创伤,◆,existing,existing,existing,existing,topic_direct,existing
白卫军.md,WL-WORK-1222,T4,T4 全球现代主义时代,R4 欧洲文学,M5 战后与当代美学范式,G3 小说,QH2.3 家庭与家族,△,existing,existing,existing,existing,existing,existing
白发魔女传.md,WL-WORK-2579,T5,T5 二战后多极文学,R2 东亚文学,M5 战后与当代美学范式,G3 小说,QT8 英雄、边疆与法外者文化传统 | QT8.1 武侠,△,existing,existing,existing,existing,existing,existing
白夜行.md,WL-WORK-0212,T6,T6 当代全球文学,R2 东亚文学,M5 战后与当代美学范式,G3 小说,QT1 推理与犯罪叙事 | QH1 自我、存在与生命 | QH4 社会、阶级与劳动,△,existing,existing,existing,existing,existing,existing
白昼之光.md,WL-WORK-3092,T5,T5 二战后多极文学,R4 欧洲文学,M5 战后与当代美学范式,G3 小说,QH6 战争、暴力与创伤,△,existing,existing,existing,existing,mechanism,existing
白牙.md,WL-WORK-0784,T4,T4 全球现代主义时代,R9 大洋洲与太平洋 | R5 北美文学,M3 现代主义与先锋派,G3 小说,QT5 冒险与探索叙事,△,existing,existing,existing,existing,existing,existing
白狼.md,WL-WORK-2580,T3,T3 19世纪现代文学体系,R4 欧洲文学,M2 19世纪文学思潮,G3 小说,QT8 英雄、边疆与法外者文化传统 | QT8.4 欧洲剑客,◆,existing,existing,existing,existing,existing,existing
白痴.md,WL-WORK-2840,T3,T3 19世纪现代文学体系,R4 欧洲文学,M2 19世纪文学思潮,G3 小说,QH4 社会、阶级与劳动,◆,existing,existing,existing,existing,t_default,existing
白色人.md,WL-WORK-0785,T4,T4 全球现代主义时代,R5 北美文学,M5 战后与当代美学范式,G3 小说,QT4 恐怖与哥特,△,existing,existing,existing,existing,existing,existing
白虎.md,WL-WORK-3067,T6,T6 当代全球文学,R3 南亚文学,M5 战后与当代美学范式,G3 小说,QH3 身份、身体与归属,△,existing,existing,existing,existing,mechanism,existing
白衣女人.md,WL-WORK-0002,T3,T3 19世纪现代文学体系,R4 欧洲文学,M2 19世纪文学思潮,G3 小说,QT1 推理与犯罪叙事,△,existing,existing,existing,existing,existing,existing
白门柳.md,WL-WORK-1223,T6,T6 当代全球文学,R2 东亚文学,M5 战后与当代美学范式,G3 小说,QT7 历史叙事,★,existing,existing,existing,existing,existing,existing
白马啸西风.md,WL-WORK-2581,T5,T5 二战后多极文学,R2 东亚文学,M5 战后与当代美学范式,G3 小说,QT8 英雄、边疆与法外者文化传统 | QT8.1 武侠,△,existing,existing,existing,existing,existing,existing
白鲸.md,WL-WORK-T3-MOBY-DICK,T3,T3 19世纪现代文学体系,R5 北美文学 | R5 北美文学,M2 19世纪文学思潮 | M2 19世纪文学思潮 / 超验主义,G3 小说,QT5 冒险与探索叙事 | QH1 自我、存在与生命 | QH7 自然、环境与地方,★,existing,existing,existing,existing,existing,existing
白鹿原.md,WL-WORK-1224,T6,T6 当代全球文学,R2 东亚文学,M5 战后与当代美学范式,G3 小说,QH2.3 家庭与家族 | QH7 历史、记忆与时间,◆,existing,existing,existing,existing,existing,existing
百年孤独.md,WL-WORK-1225,T5,T5 二战后多极文学,R6 拉丁美洲与加勒比,M5 战后与当代美学范式 | M5.1 战后思想与美学范式 | M4 集体文学运动与文化政治,G3 小说,QH2.3 家庭与家族 | QH2.5 童年与成长 | QH7 历史、记忆与时间,★,existing,existing,existing,existing,existing,existing
皇家刺客.md,WL-WORK-0786,T6,T6 当代全球文学,R5 北美文学,M5 战后与当代美学范式,G3 小说,QT3 奇幻,△,existing,existing,existing,existing,existing,existing
皮囊.md,WL-WORK-2710,T6,T6 当代全球文学,R2 东亚文学,M5 战后与当代美学范式,G5 生命书写,QH2.3 家庭与家族 | QH7 历史、记忆与时间,△,existing,existing,existing,existing,existing,existing
盐城.md,WL-WORK-3189,T6,T6 当代全球文学,R1 西亚—地中海古老传统,M5 战后与当代美学范式,G3 小说,QH3 身份、身体与归属,◆,existing,existing,existing,existing,mechanism,existing
盐的代价.md,WL-WORK-2106,T5,T5 二战后多极文学,R5 北美文学,M5 战后与当代美学范式,G3 小说,QH2.1 爱情与欲望,△,existing,existing,existing,existing,existing,existing
盗墓笔记.md,WL-WORK-2741,T6,T6 当代全球文学,R2 东亚文学,M5 战后与当代美学范式,G3 小说,QT3 奇幻 | QT5 冒险与探索叙事 | QT8 英雄、边疆与法外者文化传统,△,existing,existing,existing,existing,existing,existing
盘龙.md,WL-WORK-0787,T6,T6 当代全球文学,R2 东亚文学,M5 战后与当代美学范式,G3 小说,QT3 奇幻,△,existing,existing,existing,existing,existing,existing
盛世.md,WL-WORK-1226,T6,T6 当代全球文学,R2 东亚文学,M5 战后与当代美学范式,G3 小说,QT6 乌托邦、反乌托邦与社会想象,△,existing,existing,existing,existing,existing,existing
盛世：中国2013年.md,WL-WORK-1227,T6,T6 当代全球文学,R2 东亚文学,M5 战后与当代美学范式,G3 小说,QT6 乌托邦、反乌托邦与社会想象,△,existing,existing,existing,existing,existing,existing
目送.md,WL-WORK-2704,T6,T6 当代全球文学,R2 东亚文学,M5 战后与当代美学范式,G4 散文与随笔,QH2.3 家庭与家族 | QH7 历史、记忆与时间,△,existing,existing,existing,existing,existing,existing
盲刺客.md,WL-WORK-3061,T6,T6 当代全球文学,R5 北美文学,M5 战后与当代美学范式,G3 小说,QH3 身份、身体与归属,△,existing,existing,existing,existing,t_default,existing
盲剑.md,WL-WORK-2582,T5,T5 二战后多极文学,R2 东亚文学,M5 战后与当代美学范式,G3 小说,QT8 英雄、边疆与法外者文化传统 | QT8.3 日本武士与剑豪,△,existing,existing,existing,existing,existing,existing
盲枭.md,WL-WORK-1812,T4,T4 全球现代主义时代,R1 西亚—地中海古老传统,M3.1 现代主义 / Modernism,G3 小说,QH1 自我、存在与生命,★,existing,existing,existing,existing,mechanism,existing
盲视.md,WL-WORK-0381,T6,T6 当代全球文学,R5 北美文学,M5 战后与当代美学范式,G3 小说,QT2 科幻,△,existing,existing,existing,existing,existing,existing
直到死亡将我们分开.md,WL-WORK-0037,T4,T4 全球现代主义时代,R5 北美文学,M3 现代主义与先锋派,G3 小说,QT1 推理与犯罪叙事,△,existing,existing,existing,existing,existing,existing
相似者.md,WL-WORK-0114,T6,T6 当代全球文学,R4 欧洲文学,M5 战后与当代美学范式,G3 小说,QT1 推理与犯罪叙事,△,existing,existing,existing,existing,existing,existing
看不见的人.md,WL-WORK-1228,T5,T5 二战后多极文学,R10.2 非洲离散文学 | R5 北美文学 | R5 北美文学,M5 战后与当代美学范式,G3 小说,QH2.5 童年与成长 | QH4 社会、阶级与劳动,★,existing,existing,existing,existing,existing,existing
看不见的城市.md,WL-WORK-1813,T5,T5 二战后多极文学,R4 欧洲文学,M5 战后与当代美学范式,G3 小说,QH6 战争、暴力与创伤,★,existing,existing,existing,existing,topic_direct,existing
真主并非必须.md,WL-WORK-1229,T6,T6 当代全球文学,R7 非洲文学,M5 战后与当代美学范式,G3 小说,QH2.5 童年与成长 | QH6 战争、暴力与创伤,△,existing,existing,existing,existing,existing,existing
真名实姓.md,WL-WORK-0387,T6,T6 当代全球文学,R5 北美文学,M5 战后与当代美学范式,G3 小说,QT2 科幻,△,existing,existing,existing,existing,existing,existing
真田太平记.md,WL-WORK-2583,T6,T6 当代全球文学,R2 东亚文学,M5 战后与当代美学范式,G3 小说,QT8 英雄、边疆与法外者文化传统 | QT8.3 日本武士与剑豪,△,existing,existing,existing,existing,existing,existing
真空地带.md,WL-WORK-2107,T5,T5 二战后多极文学,R2 东亚文学,M5 战后与当代美学范式,G3 小说,QH6 战争、暴力与创伤,△,existing,existing,existing,existing,existing,existing
眼前的野兽.md,WL-WORK-3084,T5,T5 二战后多极文学,R5 北美文学,M5 战后与当代美学范式,G3 小说,QH6 战争、暴力与创伤,△,existing,existing,existing,existing,mechanism,existing
石天空.md,WL-WORK-2923,T6,T6 当代全球文学,R5 北美文学,M5 战后与当代美学范式,G3 小说,QH3 身份、身体与归属,△,existing,existing,existing,existing,t_default,existing
石头日记.md,WL-WORK-3011,T6,T6 当代全球文学,R5 北美文学,M5 战后与当代美学范式,G3 小说,QH3 身份、身体与归属,△,existing,existing,existing,existing,t_default,existing
石头的审判.md,WL-WORK-0126,T5,T5 二战后多极文学,R4 欧洲文学,M5 战后与当代美学范式,G3 小说,QT1 推理与犯罪叙事,△,existing,existing,existing,existing,existing,existing
石钟山记.md,WL-WORK-1489,T1,T1 中古多中心文学世界,R2 东亚文学,,G6 纪实与文学非虚构,QT14 旅行与游记,△,existing,existing,not_applicable_pre_modern,existing,existing,existing
砂器.md,WL-WORK-0163,T5,T5 二战后多极文学,R2 东亚文学,M5 战后与当代美学范式,G3 小说,QT1 推理与犯罪叙事,△,existing,existing,existing,existing,existing,existing
砂女.md,WL-WORK-1815,T5,T5 二战后多极文学,R2 东亚文学,M5 战后与当代美学范式,G3 小说,QH1 自我、存在与生命,★,existing,existing,existing,existing,existing,existing
破狱.md,WL-WORK-1230,T6,T6 当代全球文学,R2 东亚文学,M5 战后与当代美学范式,G3 小说,QT7 历史叙事,△,existing,existing,existing,existing,existing,existing
碧血剑.md,WL-WORK-2584,T5,T5 二战后多极文学,R2 东亚文学,M5 战后与当代美学范式,G3 小说,QT8 英雄、边疆与法外者文化传统 | QT8.1 武侠,△,existing,existing,existing,existing,existing,existing
社会毒瘤.md,WL-WORK-3171,T3,T3 19世纪现代文学体系,R8 东南亚文学,M2 19世纪文学思潮,G3 小说,QH5 权力、制度与秩序 | QH9 殖民、迁徙与身份,★,existing,existing,existing,existing,existing,existing
祖国.md,WL-WORK-0436,T6,T6 当代全球文学,R4 欧洲文学,M5 战后与当代美学范式,G3 小说,QT2 科幻 | QT7 历史叙事,△,existing,existing,existing,existing,existing,existing
神人克劳狄乌斯.md,WL-WORK-1231,T4,T4 全球现代主义时代,R4 欧洲文学,M3 现代主义与先锋派,G3 小说,QT7 历史叙事,△,existing,existing,existing,existing,existing,existing
神们自己.md,WL-WORK-0300,T5,T5 二战后多极文学,R5 北美文学,M5 战后与当代美学范式,G3 小说,QT2 科幻,△,existing,existing,existing,existing,existing,existing
神圣的饥饿.md,WL-WORK-3055,T6,T6 当代全球文学,R4 欧洲文学,M5 战后与当代美学范式,G3 小说,QH3 身份、身体与归属,△,existing,existing,existing,existing,t_default,existing
神曲.md,WL-WORK-2811,T1,T1 中古多中心文学世界,R4 欧洲文学,,G1 诗歌,QH8 信仰、伦理与超越,★,existing,existing,not_applicable_pre_modern,existing,t_default,existing
神的木片.md,WL-WORK-1816,T5,T5 二战后多极文学,R7 非洲文学,M5 战后与当代美学范式 | M4 集体文学运动与文化政治,G3 小说,QH6 战争、暴力与创伤,★,existing,existing,existing,existing,topic_direct,existing
神秘岛.md,WL-WORK-0270,T3,T3 19世纪现代文学体系,R4 欧洲文学,M2 19世纪文学思潮,G3 小说,QT2 科幻 | QT5 冒险与探索叙事,△,existing,existing,existing,existing,existing,existing
神秘河.md,WL-WORK-0098,T6,T6 当代全球文学,R5 北美文学,M5 战后与当代美学范式,G3 小说,QT1 推理与犯罪叙事,△,existing,existing,existing,existing,existing,existing
神箭.md,WL-WORK-1817,T5,T5 二战后多极文学,R7 非洲文学,M5 战后与当代美学范式 | M4 集体文学运动与文化政治,G3 小说,QH6 战争、暴力与创伤,★,existing,existing,existing,existing,topic_direct,existing
神经漫游者.md,WL-WORK-0388,T6,T6 当代全球文学,R5 北美文学,M5 战后与当代美学范式,G3 小说,QT2 科幻 | QT6 乌托邦、反乌托邦与社会想象,△,existing,existing,existing,existing,existing,existing
神谱.md,WL-WORK-1490,T0,T0 文学源头与古代文学,R1 西亚—地中海古老传统,,G1 诗歌,QT9 神话、传说与民间叙事,◆,existing,existing,not_applicable_pre_modern,existing,existing,existing
神雕侠侣.md,WL-WORK-2585,T5,T5 二战后多极文学,R2 东亚文学,M5 战后与当代美学范式,G3 小说,QT8 英雄、边疆与法外者文化传统 | QT8.1 武侠,△,existing,existing,existing,existing,existing,existing
禁卫军之树.md,WL-WORK-3133,T6,T6 当代全球文学,R4 欧洲文学,M5 战后与当代美学范式,G3 小说,QH3 身份、身体与归属,△,existing,existing,existing,existing,t_default,existing
禁忌之恋.md,WL-WORK-R1-ASK-I-MEMNU,T4,T4 全球现代主义时代,R1 西亚—地中海古老传统,M3 现代主义与先锋派,G3 小说,QH1 自我、存在与生命,◆,existing,existing,t_default,t_default,t_default,other_topic
禁闭.md,WL-WORK-1818,T4,T4 全球现代主义时代,R4 欧洲文学,M5 战后与当代美学范式 | M5.1 战后思想与美学范式,G2 戏剧,QH6 战争、暴力与创伤,△,existing,existing,existing,existing,topic_direct,existing
禁闭岛.md,WL-WORK-0099,T6,T6 当代全球文学,R5 北美文学,M5 战后与当代美学范式,G3 小说,QT1 推理与犯罪叙事,△,existing,existing,existing,existing,existing,existing
福.md,WL-WORK-0791,T6,T6 当代全球文学,R7 非洲文学,M5 战后与当代美学范式,G3 小说,QT5 冒险与探索叙事,△,existing,existing,existing,existing,existing,existing
福尔图娜塔和哈辛塔.md,WL-WORK-M2-F5E4543D5D1C,T3,T3 19世纪现代文学体系,R4 欧洲文学,M2 19世纪文学思潮 / 现实主义,G3 小说,QH4 社会、阶级与劳动,◆,existing,t_default,existing,t_default,t_default,other_topic
福尔摩斯探案集.md,WL-WORK-2665,T4,T4 全球现代主义时代,R4 欧洲文学,M2 19世纪文学思潮,G3 小说,QT1 推理与犯罪叙事 | QH1 自我、存在与生命,△,existing,existing,existing,existing,existing,existing
福尔摩斯探案集·冒险史.md,WL-WORK-0011,T4,T4 全球现代主义时代,R4 欧洲文学,M2 19世纪文学思潮,G3 小说,QT1 推理与犯罪叙事,△,existing,existing,existing,existing,existing,existing
福尔摩斯探案集·回忆录.md,WL-WORK-0012,T4,T4 全球现代主义时代,R4 欧洲文学,M2 19世纪文学思潮,G3 小说,QT1 推理与犯罪叙事,△,existing,existing,existing,existing,existing,existing
离婚.md,WL-WORK-2697,T4,T4 全球现代主义时代,R2 东亚文学,M2 19世纪文学思潮,G3 小说,QH2.1 爱情与欲望 | QH2.3 家庭与家族 | QH4 社会、阶级与劳动,△,existing,existing,existing,existing,existing,existing
秀拉.md,WL-WORK-1819,T5,T5 二战后多极文学,R5 北美文学,M5 战后与当代美学范式,G3 小说,QH6 战争、暴力与创伤,★,existing,existing,existing,existing,topic_direct,existing
私酒贩的女儿.md,WL-WORK-3119,T6,T6 当代全球文学,R5 北美文学,M5 战后与当代美学范式,G3 小说,QH3 身份、身体与归属,△,existing,existing,existing,existing,t_default,existing
秃头歌女.md,WL-WORK-1820,T5,T5 二战后多极文学,R4 欧洲文学,M5 战后与当代美学范式 | M5.1 战后思想与美学范式,G2 戏剧,QH6 战争、暴力与创伤,★,existing,existing,existing,existing,topic_direct,existing
秋.md,WL-WORK-1235,T4,T4 全球现代主义时代,R2 东亚文学,M3 现代主义与先锋派,G3 小说,QH2.3 家庭与家族,△,existing,existing,existing,existing,existing,existing
科西嘉兄弟.md,WL-WORK-2586,T3,T3 19世纪现代文学体系,R4 欧洲文学,M2 19世纪文学思潮,G3 小说,QT8 英雄、边疆与法外者文化传统 | QT8.4 欧洲剑客,△,existing,existing,existing,existing,existing,existing
科雷马故事.md,WL-WORK-1821,T5,T5 二战后多极文学,R4 欧洲文学,M5 战后与当代美学范式,G3 小说,QH6 战争、暴力与创伤,★,existing,existing,existing,existing,topic_direct,existing
秦腔.md,WL-WORK-2875,T6,T6 当代全球文学,R2 东亚文学,M5 战后与当代美学范式,G3 小说,QH6 战争、暴力与创伤,△,existing,existing,existing,existing,mechanism,existing
移动火星.md,WL-WORK-2941,T6,T6 当代全球文学,R5 北美文学,M5 战后与当代美学范式,G3 小说,QH3 身份、身体与归属,△,existing,existing,existing,existing,t_default,existing
移动靶.md,WL-WORK-0088,T5,T5 二战后多极文学,R5 北美文学,M5 战后与当代美学范式,G3 小说,QT1 推理与犯罪叙事,△,existing,existing,existing,existing,existing,existing
移居北方的时节.md,WL-WORK-2851,T5,T5 二战后多极文学,R1 西亚—地中海古老传统,M5 战后与当代美学范式,G3 小说,QH5 权力、制度与秩序,◆,existing,existing,existing,existing,mechanism,existing
穆斯林的葬礼.md,WL-WORK-2705,T6,T6 当代全球文学,R2 东亚文学,M5 战后与当代美学范式,G3 小说,QH2.3 家庭与家族 | QH3.3 种族与族群,△,existing,existing,existing,existing,existing,existing
穿绿裤子的唐·希尔.md,WL-WORK-2587,T2,T2 早期现代文学,R4 欧洲文学,M1 早期现代思想与美学,G3 小说,QT8 英雄、边疆与法外者文化传统 | QT8.4 欧洲剑客,△,existing,existing,existing,existing,existing,existing
穿越.md,WL-WORK-2588,T6,T6 当代全球文学,R8 东南亚文学 | R5 北美文学,M5 战后与当代美学范式,G3 小说,QT8 英雄、边疆与法外者文化传统 | QT8.5 西部,△,existing,existing,existing,existing,existing,existing
窗外.md,WL-WORK-2108,T5,T5 二战后多极文学,R2 东亚文学,M5 战后与当代美学范式,G3 小说,QH2.1 爱情与欲望,△,existing,existing,existing,existing,existing,existing
窗边的小豆豆.md,WL-WORK-2680,T6,T6 当代全球文学,R2 东亚文学,M5 战后与当代美学范式,G3 小说 | G5 生命书写,QH2.3 家庭与家族 | QH2.5 童年与成长,△,existing,existing,existing,existing,existing,existing
站在桑给巴尔.md,WL-WORK-1239,T5,T5 二战后多极文学,R4 欧洲文学,M5 战后与当代美学范式,G3 小说,QT6 乌托邦、反乌托邦与社会想象,△,existing,existing,existing,existing,existing,existing
章鱼.md,WL-WORK-M2-A53123CA7A84,T3,T3 19世纪现代文学体系,R4 欧洲文学,M2 19世纪文学思潮 / 自然主义,G3 小说,QH4 社会、阶级与劳动,◆,existing,t_default,existing,t_default,t_default,other_topic
童年.md,WL-WORK-1240,T4,T4 全球现代主义时代,R4 欧洲文学,M3 现代主义与先锋派,G3 小说,QH2.5 童年与成长,△,existing,existing,existing,existing,existing,existing
童年·少年·青年.md,WL-WORK-1241,T3,T3 19世纪现代文学体系,R4 欧洲文学,M2 19世纪文学思潮,G3 小说,QH2.5 童年与成长,△,existing,existing,existing,existing,existing,existing
童年的终结.md,WL-WORK-0307,T5,T5 二战后多极文学,R4 欧洲文学,M5 战后与当代美学范式,G3 小说,QT2 科幻,△,existing,existing,existing,existing,existing,existing
竹林中.md,WL-WORK-2109,T4,T4 全球现代主义时代,R2 东亚文学,M3 现代主义与先锋派,G3 小说,QH5 权力、制度与秩序,△,existing,existing,existing,existing,mechanism,existing
笑傲江湖.md,WL-WORK-2589,T5,T5 二战后多极文学,R2 东亚文学,M5 战后与当代美学范式,G3 小说,QT8 英雄、边疆与法外者文化传统 | QT8.1 武侠 | QT8.7 侠盗,△,existing,existing,existing,existing,existing,existing
笑孩.md,WL-WORK-2968,T4,T4 全球现代主义时代,R5 北美文学,M3 现代主义与先锋派,G3 小说,QH1 自我、存在与生命,△,existing,existing,existing,existing,t_default,existing
笑忘录.md,WL-WORK-2110,T5,T5 二战后多极文学,R4 欧洲文学,M5 战后与当代美学范式,G3 小说,QH7 历史、记忆与时间,△,existing,existing,existing,existing,existing,existing
笨伯联盟.md,WL-WORK-3001,T6,T6 当代全球文学,R5 北美文学,M5 战后与当代美学范式,G3 小说,QH3 身份、身体与归属,△,existing,existing,existing,existing,t_default,existing
第一圈.md,WL-WORK-1824,T5,T5 二战后多极文学,R4 欧洲文学,M5 战后与当代美学范式,G3 小说,QH6 战争、暴力与创伤,◆,existing,existing,existing,existing,topic_direct,existing
第一梦（索尔·胡安娜）.md,WL-WORK-T2-PRIMERO-SUENO,T2,T2 早期现代文学,R6 拉丁美洲与加勒比,M1 早期现代思想与美学,G1 诗歌,QH1 自我、存在与生命 | QH8 信仰、伦理与超越,◆,existing,existing,existing,existing,existing,existing
第一炉香.md,WL-WORK-2111,T4,T4 全球现代主义时代,R2 东亚文学,M5 战后与当代美学范式,G3 小说,QH2.1 爱情与欲望,△,existing,existing,existing,existing,existing,existing
第七天.md,WL-WORK-2682,T6,T6 当代全球文学,R2 东亚文学,M5 战后与当代美学范式,G3 小说,QH1 自我、存在与生命 | QH2.3 家庭与家族 | QH7 历史、记忆与时间,△,existing,existing,existing,existing,existing,existing
第二个太阳.md,WL-WORK-2864,T6,T6 当代全球文学,R2 东亚文学,M5 战后与当代美学范式,G3 小说,QH6 战争、暴力与创伤,△,existing,existing,existing,existing,mechanism,existing
第二十二条军规.md,WL-WORK-0792,T5,T5 二战后多极文学,R5 北美文学 | R5 北美文学,M5 战后与当代美学范式,G3 小说,QT5 冒险与探索叙事 | QT7 历史叙事 | QH6 战争、暴力与创伤,★,existing,existing,existing,existing,existing,existing
第二基地.md,WL-WORK-0297,T5,T5 二战后多极文学,R5 北美文学,M5 战后与当代美学范式,G3 小说,QT2 科幻,△,existing,existing,existing,existing,existing,existing
第五季.md,WL-WORK-0481,T6,T6 当代全球文学,R5 北美文学,M5 战后与当代美学范式,G3 小说,QT2 科幻 | QT3 奇幻,△,existing,existing,existing,existing,existing,existing
第十一站.md,WL-WORK-0434,T6,T6 当代全球文学,R5 北美文学,M5 战后与当代美学范式,G3 小说,QT2 科幻 | QT6 乌托邦、反乌托邦与社会想象,△,existing,existing,existing,existing,existing,existing
第十二夜.md,WL-WORK-2112,T2,T2 早期现代文学,R4 欧洲文学,M1 早期现代思想与美学,G3 小说,QH2.1 爱情与欲望,△,existing,existing,existing,existing,existing,existing
第四间冰期.md,WL-WORK-0441,T5,T5 二战后多极文学,R2 东亚文学,M5 战后与当代美学范式,G3 小说,QT2 科幻 | QT6 乌托邦、反乌托邦与社会想象,△,existing,existing,existing,existing,existing,existing
等待戈多.md,WL-WORK-1825,T5,T5 二战后多极文学,R4 欧洲文学,M5 战后与当代美学范式 | M5.1 战后思想与美学范式,G2 戏剧,QH6 战争、暴力与创伤,★,existing,existing,existing,existing,topic_direct,existing
等待的岁月.md,WL-WORK-1242,T2,T2 早期现代文学,R2 东亚文学,M1 早期现代思想与美学,G3 小说,QH2.3 家庭与家族,△,existing,existing,existing,existing,existing,existing
等待野蛮人.md,WL-WORK-3199,T6,T6 当代全球文学,R7 非洲文学,M5 战后与当代美学范式,G3 小说,QH3 身份、身体与归属,◆,existing,existing,existing,existing,mechanism,existing
简·布罗迪小姐的青春.md,WL-WORK-1827,T5,T5 二战后多极文学,R4 欧洲文学,M5 战后与当代美学范式,G3 小说,QH6 战争、暴力与创伤,★,existing,existing,existing,existing,topic_direct,existing
简·爱.md,WL-WORK-1243,T3,T3 19世纪现代文学体系,R4 欧洲文学,M2 19世纪文学思潮,G3 小说,QH2.1 爱情与欲望 | QH2.3 家庭与家族 | QH2.5 童年与成长,★,existing,existing,existing,existing,existing,existing
米德尔马契.md,WL-WORK-1244,T3,T3 19世纪现代文学体系,R4 欧洲文学,M2 19世纪文学思潮 | M2 19世纪文学思潮 / 现实主义,G3 小说,QH2.3 家庭与家族 | QH2.1 爱情与欲望,◆,existing,existing,existing,existing,existing,existing
米德洛锡安的心.md,WL-WORK-1245,T3,T3 19世纪现代文学体系,R4 欧洲文学,M2 19世纪文学思潮,G3 小说,QT7 历史叙事,△,existing,existing,existing,existing,existing,existing
米泽丽.md,WL-WORK-0794,T6,T6 当代全球文学,R5 北美文学,M5 战后与当代美学范式,G3 小说,QT4 恐怖与哥特,△,existing,existing,existing,existing,existing,existing
米示拿.md,WL-WORK-R1-MISHNAH,T0,T0 文学源头与古代文学,R1 西亚—地中海古老传统,,G3 小说,QH8 信仰、伦理与超越,◆,existing,existing,not_applicable_pre_modern,t_default,t_default,other_topic
精灵宝钻.md,WL-WORK-0796,T5,T5 二战后多极文学,R4 欧洲文学,M5 战后与当代美学范式,G3 小说,QT3 奇幻,△,existing,existing,existing,existing,existing,existing
精灵王之女.md,WL-WORK-0797,T4,T4 全球现代主义时代,R4 欧洲文学,M3 现代主义与先锋派,G3 小说,QT3 奇幻,△,existing,existing,existing,existing,existing,existing
素食者.md,WL-WORK-2721,T6,T6 当代全球文学,R2 东亚文学,M5 战后与当代美学范式,G3 小说,QH1 自我、存在与生命 | QH3.1 性别与身体,◆,existing,existing,existing,existing,existing,existing
索列姆之歌.md,WL-WORK-1491,T1,T1 中古多中心文学世界,R4 欧洲文学,,G3 小说,QT9 神话、传说与民间叙事,△,existing,existing,not_applicable_pre_modern,existing,existing,existing
索拉里斯星.md,WL-WORK-0332,T5,T5 二战后多极文学,R4 欧洲文学,M5 战后与当代美学范式,G3 小说,QT2 科幻,△,existing,existing,existing,existing,existing,existing
紫丁香庄事件.md,WL-WORK-0160,T5,T5 二战后多极文学,R2 东亚文学,M5 战后与当代美学范式,G3 小说,QT1 推理与犯罪叙事,△,existing,existing,existing,existing,existing,existing
紫电青霜.md,WL-WORK-2591,T5,T5 二战后多极文学,R2 东亚文学,M5 战后与当代美学范式,G3 小说,QT8 英雄、边疆与法外者文化传统 | QT8.1 武侠,△,existing,existing,existing,existing,existing,existing
紫线镇尼巡逻队.md,WL-WORK-3147,T6,T6 当代全球文学,R3 南亚文学,M5 战后与当代美学范式,G3 小说,QH3 身份、身体与归属,△,existing,existing,existing,existing,mechanism,existing
紫色姐妹花.md,WL-WORK-1247,T6,T6 当代全球文学,R5 北美文学,M5 战后与当代美学范式,G3 小说,QH2.5 童年与成长,◆,existing,existing,existing,existing,existing,existing
紫色木槿.md,WL-WORK-1248,T6,T6 当代全球文学,R7 非洲文学,M5 战后与当代美学范式,G3 小说,QH2.5 童年与成长,△,existing,existing,existing,existing,existing,existing
紫艾草骑士.md,WL-WORK-2592,T4,T4 全球现代主义时代,R5 北美文学,M3 现代主义与先锋派,G3 小说,QT8 英雄、边疆与法外者文化传统 | QT8.5 西部,△,existing,existing,existing,existing,existing,existing
繁花.md,WL-WORK-2885,T6,T6 当代全球文学,R2 东亚文学,M5 战后与当代美学范式,G3 小说,QH6 战争、暴力与创伤,△,existing,existing,existing,existing,mechanism,existing
红与黑.md,WL-WORK-1250,T3,T3 19世纪现代文学体系,R4 欧洲文学,M2 19世纪文学思潮 | M2 19世纪文学思潮 / 现实主义,G3 小说,QH2.5 童年与成长,★,existing,existing,existing,existing,existing,existing
红姐妹玛丽.md,WL-WORK-2967,T4,T4 全球现代主义时代,R5 北美文学,M3 现代主义与先锋派,G3 小说,QH1 自我、存在与生命,△,existing,existing,existing,existing,t_default,existing
红字.md,WL-WORK-1251,T3,T3 19世纪现代文学体系,R5 北美文学 | R5 北美文学,M2 19世纪文学思潮 | M2 19世纪文学思潮 / 超验主义,G3 小说,QT7 历史叙事,★,existing,existing,existing,existing,existing,existing
红屋骑士.md,WL-WORK-2593,T3,T3 19世纪现代文学体系,R4 欧洲文学,M2 19世纪文学思潮,G3 小说,QT8 英雄、边疆与法外者文化传统 | QT8.4 欧洲剑客,△,existing,existing,existing,existing,existing,existing
红拂夜奔.md,WL-WORK-2693,T6,T6 当代全球文学,R2 东亚文学,M5 战后与当代美学范式,G3 小说,QH5 权力、制度与秩序,△,existing,existing,existing,existing,existing,existing
红楼梦.md,WL-WORK-1252,T2,T2 早期现代文学,R2 东亚文学,M1 早期现代思想与美学,G3 小说,QH2.1 爱情与欲望 | QH2.3 家庭与家族 | QH2.5 童年与成长,★,existing,existing,existing,existing,existing,existing
红死病的假面.md,WL-WORK-0798,T3,T3 19世纪现代文学体系,R5 北美文学,M2 19世纪文学思潮,G3 小说,QT4 恐怖与哥特,△,existing,existing,existing,existing,existing,existing
红火星.md,WL-WORK-0374,T6,T6 当代全球文学,R5 北美文学,M5 战后与当代美学范式,G3 小说,QT2 科幻,△,existing,existing,existing,existing,existing,existing
红玫瑰与白玫瑰.md,WL-WORK-2114,T4,T4 全球现代主义时代,R2 东亚文学,M5 战后与当代美学范式,G3 小说,QH2.1 爱情与欲望,△,existing,existing,existing,existing,existing,existing
红色尖叫.md,WL-WORK-3121,T6,T6 当代全球文学,R5 北美文学,M5 战后与当代美学范式,G3 小说,QH3 身份、身体与归属,△,existing,existing,existing,existing,t_default,existing
红色收获.md,WL-WORK-0070,T4,T4 全球现代主义时代,R5 北美文学,M3 现代主义与先锋派,G3 小说,QT1 推理与犯罪叙事,△,existing,existing,existing,existing,existing,existing
红衫.md,WL-WORK-0486,T6,T6 当代全球文学,R5 北美文学,M5 战后与当代美学范式,G3 小说,QT2 科幻,△,existing,existing,existing,existing,existing,existing
红钉.md,WL-WORK-0799,T4,T4 全球现代主义时代,R5 北美文学,M3 现代主义与先锋派,G3 小说,QT3 奇幻,△,existing,existing,existing,existing,existing,existing
红高粱家族.md,WL-WORK-1255,T6,T6 当代全球文学,R2 东亚文学,M5 战后与当代美学范式 | M5.1 战后思想与美学范式,G3 小说,QT7 历史叙事 | QH6 战争、暴力与创伤,△,existing,existing,existing,existing,existing,existing
红龙.md,WL-WORK-0124,T6,T6 当代全球文学,R5 北美文学,M5 战后与当代美学范式,G3 小说,QT1 推理与犯罪叙事,△,existing,existing,existing,existing,existing,existing
约伯记.md,WL-WORK-1492,T0,T0 文学源头与古代文学,R1 西亚—地中海古老传统,,G3 小说,QT9 神话、传说与民间叙事,★,existing,existing,not_applicable_pre_modern,existing,existing,existing
约婚夫妇.md,WL-WORK-1256,T3,T3 19世纪现代文学体系,R4 欧洲文学,M2 19世纪文学思潮,G3 小说,QT7 历史叙事,◆,existing,existing,existing,existing,existing,existing
约翰·契弗短篇小说集.md,WL-WORK-2999,T5,T5 二战后多极文学,R5 北美文学,M5 战后与当代美学范式,G3 小说,QH6 战争、暴力与创伤,△,existing,existing,existing,existing,mechanism,existing
纪之川.md,WL-WORK-1257,T5,T5 二战后多极文学,R2 东亚文学,M5 战后与当代美学范式,G3 小说,QH2.3 家庭与家族,△,existing,existing,existing,existing,existing,existing
纯洁的血.md,WL-WORK-2596,T6,T6 当代全球文学,R4 欧洲文学,M5 战后与当代美学范式,G3 小说,QT8 英雄、边疆与法外者文化传统 | QT8.4 欧洲剑客,△,existing,existing,existing,existing,existing,existing
纯真年代.md,WL-WORK-2116,T4,T4 全球现代主义时代,R5 北美文学,M3 现代主义与先锋派,G3 小说,QH2.1 爱情与欲望,★,existing,existing,existing,existing,existing,existing
纳特·特纳的自白.md,WL-WORK-2994,T5,T5 二战后多极文学,R5 北美文学,M5 战后与当代美学范式,G3 小说,QH6 战争、暴力与创伤,△,existing,existing,existing,existing,mechanism,existing
纺银.md,WL-WORK-0800,T6,T6 当代全球文学,R5 北美文学,M5 战后与当代美学范式,G3 小说,QT3 奇幻,△,existing,existing,existing,existing,existing,existing
纽约2140.md,WL-WORK-0429,T6,T6 当代全球文学,R5 北美文学,M5 战后与当代美学范式,G3 小说,QT2 科幻,△,existing,existing,existing,existing,existing,existing
纽约诗人.md,WL-WORK-1829,T4,T4 全球现代主义时代,R4 欧洲文学,M3.1 现代主义 / Modernism,G1 诗歌,QH1 自我、存在与生命,△,existing,existing,existing,existing,t_default,existing
组织部来了个年轻人.md,WL-WORK-1830,T5,T5 二战后多极文学,R2 东亚文学,M5 战后与当代美学范式,G3 小说,QH6 战争、暴力与创伤,◆,existing,existing,existing,existing,topic_direct,existing
细雪.md,WL-WORK-1258,T5,T5 二战后多极文学,R2 东亚文学,M3 现代主义与先锋派,G3 小说,QH2.3 家庭与家族,◆,existing,existing,existing,existing,existing,existing
织工.md,WL-WORK-0801,T6,T6 当代全球文学,R4 欧洲文学,M5 战后与当代美学范式 | M2 19世纪文学思潮 / 自然主义,G3 小说,QT3 奇幻,△,existing,existing,existing,existing,existing,existing
终极实验.md,WL-WORK-2942,T6,T6 当代全球文学,R5 北美文学,M5 战后与当代美学范式,G3 小说,QH3 身份、身体与归属,△,existing,existing,existing,existing,t_default,existing
终结的感觉.md,WL-WORK-2118,T6,T6 当代全球文学,R4 欧洲文学,M5 战后与当代美学范式,G3 小说,QH7 历史、记忆与时间,△,existing,existing,existing,existing,existing,existing
绑架.md,WL-WORK-0802,T3,T3 19世纪现代文学体系,R4 欧洲文学,M2 19世纪文学思潮,G3 小说,QT5 冒险与探索叙事 | QT8 英雄、边疆与法外者文化传统 | QT8.4 欧洲剑客,△,existing,existing,existing,existing,existing,existing
结局.md,WL-WORK-2597,T5,T5 二战后多极文学,R6 拉丁美洲与加勒比,M3 现代主义与先锋派,G3 小说,QT8 英雄、边疆与法外者文化传统 | QT8.6 Gaucho | QT8.7 侠盗,△,existing,existing,existing,existing,existing,existing
给樱桃以性别.md,WL-WORK-2689,T6,T6 当代全球文学,R4 欧洲文学,M5 战后与当代美学范式,G3 小说,QH2.1 爱情与欲望 | QH3.1 性别与身体,△,existing,existing,existing,existing,existing,existing
绝代双骄.md,WL-WORK-2598,T5,T5 二战后多极文学,R2 东亚文学,M5 战后与当代美学范式,G3 小说,QT8 英雄、边疆与法外者文化传统 | QT8.1 武侠,△,existing,existing,existing,existing,existing,existing
续小五义.md,WL-WORK-2600,T3,T3 19世纪现代文学体系,R2 东亚文学,M2 19世纪文学思潮,G3 小说,QT8 英雄、边疆与法外者文化传统 | QT8.1 武侠,△,existing,existing,existing,existing,existing,existing
绳结与十字架.md,WL-WORK-0111,T6,T6 当代全球文学,R4 欧洲文学,M5 战后与当代美学范式,G3 小说,QT1 推理与犯罪叙事,△,existing,existing,existing,existing,existing,existing
维吉尔之死.md,WL-WORK-1832,T5,T5 二战后多极文学,R4 欧洲文学,M3.1 现代主义 / Modernism,G3 小说,QH6 战争、暴力与创伤,△,existing,existing,existing,existing,mechanism,existing
维纳斯先生.md,WL-WORK-M2-F68585117B0F,T3,T3 19世纪现代文学体系,R4 欧洲文学,M2 19世纪文学思潮 / 颓废主义,G3 小说,QH4 社会、阶级与劳动,◆,existing,t_default,existing,t_default,t_default,other_topic
绿山墙的安妮.md,WL-WORK-1259,T4,T4 全球现代主义时代,R5 北美文学 | R5 北美文学,M3 现代主义与先锋派,G3 小说,QH2.5 童年与成长,◆,existing,existing,existing,existing,existing,existing
绿房子.md,WL-WORK-1833,T5,T5 二战后多极文学,R6 拉丁美洲与加勒比,M5 战后与当代美学范式 | M4 集体文学运动与文化政治,G3 小说,QH5 权力、制度与秩序,△,existing,existing,existing,existing,mechanism,existing
绿火星.md,WL-WORK-0375,T6,T6 当代全球文学,R5 北美文学,M5 战后与当代美学范式,G3 小说,QT2 科幻,△,existing,existing,existing,existing,existing,existing
绿茶.md,WL-WORK-0804,T3,T3 19世纪现代文学体系,R4 欧洲文学,M2 19世纪文学思潮,G3 小说,QT4 恐怖与哥特,△,existing,existing,existing,existing,existing,existing
缓流.md,WL-WORK-2943,T6,T6 当代全球文学,R4 欧洲文学,M5 战后与当代美学范式,G3 小说,QH3 身份、身体与归属,△,existing,existing,existing,existing,t_default,existing
编年史（塔西佗）.md,WL-WORK-R1-TACITUS-ANNALS,T0,T0 文学源头与古代文学,R1 西亚—地中海古老传统,,G3 小说,QH8 信仰、伦理与超越,◆,existing,existing,not_applicable_pre_modern,t_default,t_default,other_topic
缩小的人.md,WL-WORK-0806,T5,T5 二战后多极文学,R5 北美文学,M5 战后与当代美学范式,G3 小说,QT4 恐怖与哥特,△,existing,existing,existing,existing,existing,existing
网络效应.md,WL-WORK-2925,T6,T6 当代全球文学,R5 北美文学,M5 战后与当代美学范式,G3 小说,QH3 身份、身体与归属,△,existing,existing,existing,existing,t_default,existing
罗兰之歌.md,WL-WORK-1262,T1,T1 中古多中心文学世界,R4 欧洲文学,,G3 小说,QT7 历史叙事 | QH6 战争、暴力与创伤 | QT8 英雄、边疆与法外者文化传统 | QT8.2 欧洲骑士 | QT8.4 欧洲剑客,★,existing,existing,not_applicable_pre_modern,existing,existing,existing
罗密欧与朱丽叶.md,WL-WORK-2119,T2,T2 早期现代文学,R4 欧洲文学,M1 早期现代思想与美学,G3 小说,QH2.1 爱情与欲望,◆,existing,existing,existing,existing,existing,existing
罗布·罗伊.md,WL-WORK-1263,T3,T3 19世纪现代文学体系,R4 欧洲文学,M2 19世纪文学思潮,G3 小说,QT7 历史叙事 | QT8 英雄、边疆与法外者文化传统 | QT8.7 侠盗,△,existing,existing,existing,existing,existing,existing
罗摩功行录.md,WL-WORK-T2-RAMCHARITMANAS,T2,T2 早期现代文学,R3 南亚文学,M1 早期现代思想与美学,G1 诗歌,QH8 信仰、伦理与超越,★,existing,existing,existing,existing,existing,existing
罗摩衍那.md,WL-WORK-1493,T0,T0 文学源头与古代文学,R3 南亚文学,,G3 小说,QT9 神话、传说与民间叙事,★,existing,existing,not_applicable_pre_modern,existing,existing,existing
罗斯玛丽的婴儿.md,WL-WORK-0808,T5,T5 二战后多极文学,R5 北美文学,M5 战后与当代美学范式,G3 小说,QT4 恐怖与哥特,△,existing,existing,existing,existing,existing,existing
罗杰疑案.md,WL-WORK-0022,T4,T4 全球现代主义时代,R4 欧洲文学,M3 现代主义与先锋派,G3 小说,QT1 推理与犯罪叙事,△,existing,existing,existing,existing,existing,existing
罗生门·鼻.md,WL-WORK-2818,T4,T4 全球现代主义时代,R2 东亚文学,M3 现代主义与先锋派,G3 小说,QH5 权力、制度与秩序,◆,existing,existing,existing,existing,mechanism,existing
罗马帽子之谜.md,WL-WORK-0039,T4,T4 全球现代主义时代,R5 北美文学,M3 现代主义与先锋派,G3 小说,QT1 推理与犯罪叙事,△,existing,existing,existing,existing,existing,existing
罪与罚.md,WL-WORK-2839,T3,T3 19世纪现代文学体系,R4 欧洲文学,M2 19世纪文学思潮 | M2 19世纪文学思潮 / 现实主义,G3 小说,QH4 社会、阶级与劳动,★,existing,existing,existing,existing,t_default,existing
罪恶之谋.md,WL-WORK-0104,T5,T5 二战后多极文学,R4 欧洲文学,M5 战后与当代美学范式,G3 小说,QT1 推理与犯罪叙事,△,existing,existing,existing,existing,existing,existing
羊群抬头.md,WL-WORK-1265,T5,T5 二战后多极文学,R4 欧洲文学,M5 战后与当代美学范式,G3 小说,QT6 乌托邦、反乌托邦与社会想象,△,existing,existing,existing,existing,existing,existing
羊脂球.md,WL-WORK-2120,T3,T3 19世纪现代文学体系,R4 欧洲文学,M2 19世纪文学思潮,G3 小说,QH6 战争、暴力与创伤,△,existing,existing,existing,existing,existing,existing
美丽新世界.md,WL-WORK-0284,T4,T4 全球现代主义时代,R4 欧洲文学,M4 政治、民族与文化运动,G3 小说,QT2 科幻 | QT6 乌托邦、反乌托邦与社会想象 | QH5 权力、制度与秩序,★,existing,existing,existing,existing,existing,existing
美丽线.md,WL-WORK-3063,T6,T6 当代全球文学,R4 欧洲文学,M5 战后与当代美学范式,G3 小说,QH3 身份、身体与归属,△,existing,existing,existing,existing,t_default,existing
美丽者尚未诞生.md,WL-WORK-1834,T5,T5 二战后多极文学,R7 非洲文学,M5 战后与当代美学范式,G3 小说,QH6 战争、暴力与创伤,★,existing,existing,existing,existing,topic_direct,existing
美国众神.md,WL-WORK-0809,T6,T6 当代全球文学,R4 欧洲文学,M5 战后与当代美学范式,G3 小说,QT3 奇幻,△,existing,existing,existing,existing,existing,existing
美国佬.md,WL-WORK-1266,T6,T6 当代全球文学,R10.2 非洲离散文学 | R7 非洲文学,M5 战后与当代美学范式,G3 小说,QH2.5 童年与成长,★,existing,existing,existing,existing,existing,existing
美国牧歌.md,WL-WORK-3014,T6,T6 当代全球文学,R5 北美文学,M5 战后与当代美学范式,G3 小说,QH3 身份、身体与归属,△,existing,existing,existing,existing,t_default,existing
美国纪行.md,WL-WORK-1495,T3,T3 19世纪现代文学体系,R4 欧洲文学,M2 19世纪文学思潮,G6 纪实与文学非虚构,QT14 旅行与游记,△,existing,existing,existing,existing,existing,existing
美狄亚.md,WL-WORK-1496,T0,T0 文学源头与古代文学,R1 西亚—地中海古老传统,,G3 小说,QT9 神话、传说与民间叙事,◆,existing,existing,not_applicable_pre_modern,existing,existing,existing
羚羊与秧鸡.md,WL-WORK-0364,T6,T6 当代全球文学,R5 北美文学,M5 战后与当代美学范式,G3 小说,QT2 科幻 | QT6 乌托邦、反乌托邦与社会想象,△,existing,existing,existing,existing,existing,existing
群山回唱.md,WL-WORK-2714,T6,T6 当代全球文学,R5 北美文学,M5 战后与当代美学范式,G3 小说,QH2.3 家庭与家族 | QH6 战争、暴力与创伤,△,existing,t_default,existing,existing,existing,existing
群星，我的归宿.md,WL-WORK-0321,T5,T5 二战后多极文学,R5 北美文学,M5 战后与当代美学范式,G3 小说,QT2 科幻,△,existing,existing,existing,existing,existing,existing
群魔.md,WL-WORK-2841,T3,T3 19世纪现代文学体系,R4 欧洲文学,M2 19世纪文学思潮,G3 小说,QH4 社会、阶级与劳动,◆,existing,existing,existing,existing,t_default,existing
羽化.md,WL-WORK-0812,T6,T6 当代全球文学,R5 北美文学,M5 战后与当代美学范式,G3 小说,QT4 恐怖与哥特,△,existing,existing,existing,existing,existing,existing
老人与古人的谈话.md,WL-WORK-1497,T0,T0 文学源头与古代文学,R4 欧洲文学,,G3 小说,QT9 神话、传说与民间叙事,△,existing,existing,not_applicable_pre_modern,existing,existing,existing
老人与海.md,WL-WORK-0814,T5,T5 二战后多极文学,R5 北美文学,M3.1 现代主义 / Modernism,G3 小说,QT5 冒险与探索叙事 | QH1 自我、存在与生命,◆,existing,existing,existing,existing,existing,existing
老人的战争.md,WL-WORK-0417,T6,T6 当代全球文学,R5 北美文学,M5 战后与当代美学范式,G3 小说,QT2 科幻,△,existing,existing,existing,existing,existing,existing
老保姆的故事.md,WL-WORK-0815,T3,T3 19世纪现代文学体系,R4 欧洲文学,M2 19世纪文学思潮,G3 小说,QT4 恐怖与哥特,△,existing,existing,existing,existing,existing,existing
老实人.md,WL-WORK-2122,T2,T2 早期现代文学,R4 欧洲文学,M1 早期现代思想与美学,G3 小说,QH6 战争、暴力与创伤 | QH5 权力、制度与秩序,◆,existing,existing,existing,existing,existing,existing
老师好美.md,WL-WORK-2767,T6,T6 当代全球文学,R2 东亚文学,M5 战后与当代美学范式,G2 戏剧,QH2.3 家庭与家族 | QH2.5 童年与成长 | QH3.1 性别与身体,△,existing,existing,existing,existing,existing,existing
老无所依.md,WL-WORK-2601,T6,T6 当代全球文学,R5 北美文学,M5 战后与当代美学范式,G3 小说,QT8 英雄、边疆与法外者文化传统 | QT8.5 西部,△,existing,existing,existing,existing,existing,existing
老魔鬼.md,WL-WORK-3052,T6,T6 当代全球文学,R4 欧洲文学,M5 战后与当代美学范式,G3 小说,QH3 身份、身体与归属,△,existing,existing,existing,existing,t_default,existing
耳语之人.md,WL-WORK-0036,T5,T5 二战后多极文学,R5 北美文学,M3 现代主义与先锋派,G3 小说,QT1 推理与犯罪叙事,△,existing,existing,existing,existing,existing,existing
耶户伙伴.md,WL-WORK-2602,T3,T3 19世纪现代文学体系,R4 欧洲文学,M2 19世纪文学思潮,G3 小说,QT8 英雄、边疆与法外者文化传统 | QT8.4 欧洲剑客,△,existing,existing,existing,existing,existing,existing
耻.md,WL-WORK-3060,T6,T6 当代全球文学,R7 非洲文学,M5 战后与当代美学范式,G3 小说,QH3 身份、身体与归属,★,existing,existing,existing,existing,mechanism,existing
聊斋志异.md,WL-WORK-0816,T2,T2 早期现代文学,R2 东亚文学,M1 早期现代思想与美学,G3 小说,QT4 恐怖与哥特,◆,existing,existing,existing,existing,existing,existing
聪明的恋人.md,WL-WORK-2604,T2,T2 早期现代文学,R4 欧洲文学,M1 早期现代思想与美学,G3 小说,QT8 英雄、边疆与法外者文化传统 | QT8.4 欧洲剑客,△,existing,existing,existing,existing,existing,existing
肯尼尔沃思堡.md,WL-WORK-1269,T3,T3 19世纪现代文学体系,R4 欧洲文学,M2 19世纪文学思潮,G3 小说,QT7 历史叙事,△,existing,existing,existing,existing,existing,existing
能干的麦克劳林一家.md,WL-WORK-2962,T4,T4 全球现代主义时代,R5 北美文学,M3 现代主义与先锋派,G3 小说,QH1 自我、存在与生命,△,existing,existing,existing,existing,t_default,existing
能言善辩的农夫.md,WL-WORK-R1-ELOQUENT-PEASANT,T0,T0 文学源头与古代文学,R1 西亚—地中海古老传统,,G3 小说,QH8 信仰、伦理与超越,◆,existing,existing,not_applicable_pre_modern,t_default,t_default,other_topic
能面杀人事件.md,WL-WORK-0158,T5,T5 二战后多极文学,R2 东亚文学,M5 战后与当代美学范式,G3 小说,QT1 推理与犯罪叙事,△,existing,existing,existing,existing,existing,existing
脚镯记.md,WL-WORK-3175,T1,T1 中古多中心文学世界,R3 南亚文学,,G1 诗歌,QH8 信仰、伦理与超越,◆,existing,existing,not_applicable_pre_modern,existing,t_default,existing
自动钢琴.md,WL-WORK-1270,T5,T5 二战后多极文学,R5 北美文学,M5 战后与当代美学范式,G3 小说,QT6 乌托邦、反乌托邦与社会想象,△,existing,existing,existing,existing,existing,existing
自然.md,WL-WORK-M2-D63F619942B9,T3,T3 19世纪现代文学体系,R4 欧洲文学,M2 19世纪文学思潮 / 超验主义,G3 小说,QH4 社会、阶级与劳动,◆,existing,t_default,existing,t_default,t_default,other_topic
自由坠落.md,WL-WORK-2937,T6,T6 当代全球文学,R5 北美文学,M5 战后与当代美学范式,G3 小说,QH3 身份、身体与归属,△,existing,existing,existing,existing,t_default,existing
致命教育.md,WL-WORK-0817,T6,T6 当代全球文学,R5 北美文学,M5 战后与当代美学范式,G3 小说,QT3 奇幻,△,existing,existing,existing,existing,existing,existing
致我们终将逝去的青春.md,WL-WORK-2123,T6,T6 当代全球文学,R2 东亚文学,M5 战后与当代美学范式,G3 小说,QH2.1 爱情与欲望,△,existing,existing,existing,existing,existing,existing
致青春.md,WL-WORK-2758,T6,T6 当代全球文学,R2 东亚文学,M5 战后与当代美学范式,G3 小说,QH2.1 爱情与欲望 | QH2.3 家庭与家族 | QH2.5 童年与成长,△,existing,existing,existing,existing,existing,existing
舒吉·贝恩.md,WL-WORK-3077,T6,T6 当代全球文学,R4 欧洲文学,M5 战后与当代美学范式,G3 小说,QH3 身份、身体与归属,△,existing,existing,existing,existing,t_default,existing
航运新闻.md,WL-WORK-3010,T6,T6 当代全球文学,R5 北美文学,M5 战后与当代美学范式,G3 小说,QH3 身份、身体与归属,△,existing,existing,existing,existing,t_default,existing
船长血.md,WL-WORK-2605,T4,T4 全球现代主义时代,R4 欧洲文学,M3 现代主义与先锋派,G3 小说,QT8 英雄、边疆与法外者文化传统 | QT8.2 欧洲骑士 | QT8.4 欧洲剑客 | QT8.8 海盗,△,existing,existing,existing,existing,existing,existing
船难水手的故事.md,WL-WORK-1499,T0,T0 文学源头与古代文学,R1 西亚—地中海古老传统,,G3 小说,QT9 神话、传说与民间叙事,△,existing,existing,not_applicable_pre_modern,existing,existing,existing
良心个案.md,WL-WORK-2898,T5,T5 二战后多极文学,R5 北美文学,M5 战后与当代美学范式,G3 小说,QH6 战争、暴力与创伤,△,existing,existing,existing,existing,mechanism,existing
艳阳天.md,WL-WORK-1839,T5,T5 二战后多极文学,R2 东亚文学,M5 战后与当代美学范式,G3 小说,QH6 战争、暴力与创伤,★,existing,existing,existing,existing,topic_direct,existing
艾凡赫.md,WL-WORK-0818,T3,T3 19世纪现代文学体系,R4 欧洲文学,M2 19世纪文学思潮 | M2 19世纪文学思潮 / 浪漫主义,G3 小说,QT5 冒险与探索叙事 | QT7 历史叙事 | QT8 英雄、边疆与法外者文化传统 | QT8.2 欧洲骑士 | QT8.7 侠盗,△,existing,existing,existing,existing,existing,existing
芋虫.md,WL-WORK-0819,T4,T4 全球现代主义时代,R2 东亚文学,M3 现代主义与先锋派,G3 小说,QT4 恐怖与哥特,△,existing,existing,existing,existing,existing,existing
芙蓉镇.md,WL-WORK-2858,T6,T6 当代全球文学,R2 东亚文学,M5 战后与当代美学范式,G3 小说,QH6 战争、暴力与创伤,△,existing,existing,existing,existing,mechanism,existing
芬克勒问题.md,WL-WORK-3068,T6,T6 当代全球文学,R4 欧洲文学,M5 战后与当代美学范式,G3 小说,QH3 身份、身体与归属,△,existing,existing,existing,existing,t_default,existing
芬尼根的守灵夜.md,WL-WORK-1841,T4,T4 全球现代主义时代,R4 欧洲文学,M3.1 现代主义 / Modernism,G3 小说,QH1 自我、存在与生命,△,existing,existing,existing,existing,t_default,existing
花千骨.md,WL-WORK-2744,T6,T6 当代全球文学,R2 东亚文学,M5 战后与当代美学范式,G3 小说,QT3 奇幻 | QH2.1 爱情与欲望,△,existing,existing,existing,existing,existing,existing
芳华.md,WL-WORK-2125,T6,T6 当代全球文学,R2 东亚文学,M5 战后与当代美学范式,G3 小说,QH2.1 爱情与欲望 | QH7 历史、记忆与时间,△,existing,existing,existing,existing,existing,existing
芽むしり仔撃ち ／ 摘芽弃子.md,WL-WORK-1272,T5,T5 二战后多极文学,R2 东亚文学,M5 战后与当代美学范式,G3 小说,QH2.5 童年与成长,△,existing,existing,existing,existing,existing,existing
苏乌尚.md,WL-WORK-R1-SAVUSHUN,T5,T5 二战后多极文学,R1 西亚—地中海古老传统,M5 战后与当代美学范式,G3 小说,QH6 战争、暴力与创伤,△,existing,existing,t_default,t_default,t_default,conservative_default
苔丝.md,WL-WORK-M2-BC0CFCDA33D7,T3,T3 19世纪现代文学体系,R4 欧洲文学,M2 19世纪文学思潮 / 自然主义,G3 小说,QH4 社会、阶级与劳动,◆,existing,author_model,existing,t_default,t_default,other_topic
苦力.md,WL-WORK-1843,T4,T4 全球现代主义时代,R3 南亚文学,M3.1 现代主义 / Modernism,G3 小说,QH5 权力、制度与秩序,△,existing,existing,existing,existing,mechanism,existing
苦行记.md,WL-WORK-1501,T3,T3 19世纪现代文学体系,R5 北美文学,M2 19世纪文学思潮,G3 小说,QT8 英雄、边疆与法外者文化传统 | QT8.5 西部 | QT14 旅行与游记,△,existing,existing,existing,existing,existing,existing
英国病人.md,WL-WORK-1273,T6,T6 当代全球文学,R5 北美文学,M5 战后与当代美学范式,G3 小说,QT7 历史叙事 | QH2.1 爱情与欲望,★,existing,existing,existing,existing,existing,existing
英格林萨迦.md,WL-WORK-1502,T1,T1 中古多中心文学世界,R4 欧洲文学,,G3 小说,QT9 神话、传说与民间叙事,△,existing,existing,not_applicable_pre_modern,existing,existing,existing
英雄们.md,WL-WORK-0821,T6,T6 当代全球文学,R4 欧洲文学,M5 战后与当代美学范式,G3 小说,QT3 奇幻,△,existing,existing,existing,existing,existing,existing
英雄无泪.md,WL-WORK-2607,T5,T5 二战后多极文学,R2 东亚文学,M5 战后与当代美学范式,G3 小说,QT8 英雄、边疆与法外者文化传统 | QT8.1 武侠,△,existing,existing,existing,existing,existing,existing
英雄时代.md,WL-WORK-2873,T6,T6 当代全球文学,R2 东亚文学,M5 战后与当代美学范式,G3 小说,QH6 战争、暴力与创伤,△,existing,existing,existing,existing,mechanism,existing
苹果车.md,WL-WORK-3219,T4,T4 全球现代主义时代,R4 欧洲文学,M3 现代主义与先锋派,G2 戏剧,QH1 自我、存在与生命,△,existing,existing,existing,existing,t_default,existing
茫茫黑夜漫游.md,WL-WORK-1844,T4,T4 全球现代主义时代,R4 欧洲文学,M3.1 现代主义 / Modernism,G3 小说,QH1 自我、存在与生命,◆,existing,existing,existing,existing,t_default,existing
茶人三部曲.md,WL-WORK-2869,T6,T6 当代全球文学,R2 东亚文学,M5 战后与当代美学范式,G3 小说,QH6 战争、暴力与创伤,△,existing,existing,existing,existing,mechanism,existing
茶馆.md,WL-WORK-2678,T5,T5 二战后多极文学,R2 东亚文学,M2 19世纪文学思潮,G2 戏剧,QH2.3 家庭与家族 | QH4 社会、阶级与劳动 | QH7 历史、记忆与时间,◆,existing,existing,existing,existing,existing,existing
荆棘与玫瑰之庭.md,WL-WORK-0823,T6,T6 当代全球文学,R5 北美文学,M5 战后与当代美学范式,G3 小说,QT3 奇幻,△,existing,existing,existing,existing,existing,existing
荆棘丛.md,WL-WORK-3111,T6,T6 当代全球文学,R5 北美文学,M5 战后与当代美学范式,G3 小说,QH3 身份、身体与归属,△,existing,existing,existing,existing,t_default,existing
荆棘之城.md,WL-WORK-1274,T6,T6 当代全球文学,R4 欧洲文学,M5 战后与当代美学范式,G3 小说,QT7 历史叙事,△,existing,existing,existing,existing,existing,existing
草.md,WL-WORK-2677,T6,T6 当代全球文学,R2 东亚文学,M5 战后与当代美学范式,G3 小说,QH2.3 家庭与家族 | QH2.5 童年与成长,△,existing,existing,existing,existing,existing,existing
草原上的火焰.md,WL-WORK-1275,T3,T3 19世纪现代文学体系,R4 欧洲文学,M2 19世纪文学思潮,G3 小说,QT7 历史叙事 | QT8 英雄、边疆与法外者文化传统 | QT8.4 欧洲剑客,△,existing,existing,existing,existing,existing,existing
草叶集.md,WL-WORK-3167,T3,T3 19世纪现代文学体系,R5 北美文学 | R5 北美文学,M2 19世纪文学思潮 | M2 19世纪文学思潮 / 超验主义,G1 诗歌,QH1 自我、存在与生命 | QH7 自然、环境与地方,★,existing,existing,existing,existing,existing,existing
荒凉山庄.md,WL-WORK-2835,T3,T3 19世纪现代文学体系,R4 欧洲文学,M2 19世纪文学思潮 | M2 19世纪文学思潮 / 现实主义,G3 小说,QH4 社会、阶级与劳动,◆,existing,existing,existing,existing,t_default,existing
荒原.md,WL-WORK-1845,T4,T4 全球现代主义时代,R4 欧洲文学,M3.1 现代主义 / Modernism,G1 诗歌,QH1 自我、存在与生命,★,existing,existing,existing,existing,t_default,existing
荒原狼.md,WL-WORK-1276,T4,T4 全球现代主义时代,R4 欧洲文学,M3 现代主义与先锋派,G3 小说,QH2.5 童年与成长,△,existing,existing,existing,existing,existing,existing
荒野侦探.md,WL-WORK-1846,T6,T6 当代全球文学,R6 拉丁美洲与加勒比,M5 战后与当代美学范式,G3 小说,QH3 身份、身体与归属,△,existing,existing,existing,existing,t_default,existing
荨麻与骨头.md,WL-WORK-2927,T6,T6 当代全球文学,R5 北美文学,M5 战后与当代美学范式,G3 小说,QH3 身份、身体与归属,△,existing,existing,existing,existing,t_default,existing
荷兰人.md,WL-WORK-1847,T5,T5 二战后多极文学,R5 北美文学,M5 战后与当代美学范式,G2 戏剧,QH6 战争、暴力与创伤,★,existing,existing,existing,existing,topic_direct,existing
荷马颂歌.md,WL-WORK-1503,T0,T0 文学源头与古代文学,R1 西亚—地中海古老传统,,G3 小说,QT9 神话、传说与民间叙事,△,existing,existing,not_applicable_pre_modern,existing,existing,existing
荷鲁斯与塞特之争.md,WL-WORK-1504,T0,T0 文学源头与古代文学,R1 西亚—地中海古老传统,,G3 小说,QT9 神话、传说与民间叙事,△,existing,existing,not_applicable_pre_modern,existing,existing,existing
莉莉丝.md,WL-WORK-0825,T4,T4 全球现代主义时代,R4 欧洲文学,M2 19世纪文学思潮,G3 小说,QT3 奇幻,△,existing,existing,existing,existing,existing,existing
莎乐美.md,WL-WORK-M2-C96C61511958,T3,T3 19世纪现代文学体系,R4 欧洲文学,M2 19世纪文学思潮 / 颓废主义,G3 小说,QH4 社会、阶级与劳动,◆,existing,author_model,existing,t_default,t_default,other_topic
莎士比亚十四行诗.md,WL-WORK-2126,T2,T2 早期现代文学,R4 欧洲文学,M1 早期现代思想与美学,G3 小说,QH2.1 爱情与欲望,△,existing,existing,existing,existing,existing,existing
莫敲骨头.md,WL-WORK-3083,T5,T5 二战后多极文学,R9 大洋洲与太平洋,M5 战后与当代美学范式,G3 小说,QH5 权力、制度与秩序,△,existing,existing,existing,existing,mechanism,existing
莫格街凶杀案.md,WL-WORK-0006,T3,T3 19世纪现代文学体系,R5 北美文学,M2 19世纪文学思潮,G3 小说,QT1 推理与犯罪叙事,△,existing,existing,existing,existing,existing,existing
莫泊桑短篇小说精选.md,WL-WORK-2703,T3,T3 19世纪现代文学体系,R4 欧洲文学,M2 19世纪文学思潮,G3 小说,QH2.1 爱情与欲望 | QH4 社会、阶级与劳动,△,existing,existing,existing,existing,existing,existing
莫洛博士岛.md,WL-WORK-0274,T4,T4 全球现代主义时代,R4 欧洲文学,M2 19世纪文学思潮,G3 小说,QT2 科幻 | QT4 恐怖与哥特 | QT6 乌托邦、反乌托邦与社会想象,△,existing,existing,existing,existing,existing,existing
莫雷尔的发明.md,WL-WORK-0469,T4,T4 全球现代主义时代,R6 拉丁美洲与加勒比,M3 现代主义与先锋派 | M5.1 战后思想与美学范式,G3 小说,QT2 科幻,◆,existing,existing,existing,existing,existing,existing
莫雷拉.md,WL-WORK-0826,T3,T3 19世纪现代文学体系,R5 北美文学,M2 19世纪文学思潮,G3 小说,QT4 恐怖与哥特,△,existing,existing,existing,existing,existing,existing
莱博维茨的赞歌.md,WL-WORK-0322,T5,T5 二战后多极文学,R5 北美文学,M5 战后与当代美学范式,G3 小说,QT2 科幻 | QT6 乌托邦、反乌托邦与社会想象,△,existing,existing,existing,existing,existing,existing
莱奥帕尔迪诗选.md,WL-WORK-3160,T3,T3 19世纪现代文学体系,R4 欧洲文学,M2 19世纪文学思潮,G1 诗歌,QH4 社会、阶级与劳动,◆,existing,existing,existing,existing,t_default,existing
莱拉.md,WL-WORK-1278,T6,T6 当代全球文学,R5 北美文学,M5 战后与当代美学范式,G3 小说,QH2.3 家庭与家族,△,existing,existing,existing,existing,existing,existing
莱拉与马吉农（福祖里）.md,WL-WORK-R1-FUZULI-LAYLA-MAJNUN,T2,T2 早期现代文学,R1 西亚—地中海古老传统,M1 早期现代思想与美学,G1 诗歌与韵文,QH2.1 爱情与欲望,◆,existing,existing,t_default,existing,existing,other_topic
莱拉和马吉农.md,WL-WORK-2127,T1,T1 中古多中心文学世界,R1 西亚—地中海古老传统,,G3 小说,QH2.1 爱情与欲望,◆,existing,existing,not_applicable_pre_modern,existing,existing,existing
莱茵黄金路线.md,WL-WORK-3106,T5,T5 二战后多极文学,R5 北美文学,M5 战后与当代美学范式,G3 小说,QH6 战争、暴力与创伤,△,existing,existing,existing,existing,mechanism,existing
萌芽.md,WL-WORK-1279,T3,T3 19世纪现代文学体系,R4 欧洲文学,M2 19世纪文学思潮 | M2 19世纪文学思潮 / 自然主义,G3 小说,QH2.3 家庭与家族,◆,existing,existing,existing,existing,existing,existing
萍踪侠影录.md,WL-WORK-2609,T5,T5 二战后多极文学,R2 东亚文学,M5 战后与当代美学范式,G3 小说,QT8 英雄、边疆与法外者文化传统 | QT8.1 武侠,△,existing,existing,existing,existing,existing,existing
萨兰丁之歌.md,WL-WORK-0827,T6,T6 当代全球文学,R5 北美文学,M5 战后与当代美学范式,G3 小说,QT3 奇幻,△,existing,existing,existing,existing,existing,existing
萨加拉纳.md,WL-WORK-1851,T5,T5 二战后多极文学,R6 拉丁美洲与加勒比,M5 战后与当代美学范式,G3 小说,QH5 权力、制度与秩序,△,existing,existing,existing,existing,mechanism,existing
萨福诗歌.md,WL-WORK-R1-SAPPHO,T0,T0 文学源头与古代文学,R1 西亚—地中海古老传统,,G1 诗歌,QH8 信仰、伦理与超越,◆,existing,existing,not_applicable_pre_modern,title,t_default,other_topic
萨维尔.md,WL-WORK-3043,T5,T5 二战后多极文学,R4 欧洲文学,M5 战后与当代美学范式,G3 小说,QH6 战争、暴力与创伤,△,existing,existing,existing,existing,mechanism,existing
萨蒂利孔.md,WL-WORK-T0-SATYRICON,T0,T0 文学源头与古代文学,R4 欧洲文学,,G3 小说,QH8 信仰、伦理与超越,◆,existing,existing,not_applicable_pre_modern,existing,t_default,existing
蒙娜丽莎超速档.md,WL-WORK-0390,T6,T6 当代全球文学,R5 北美文学,M5 战后与当代美学范式,G3 小说,QT2 科幻,△,existing,existing,existing,existing,existing,existing
蒙普拉森之虎.md,WL-WORK-2610,T4,T4 全球现代主义时代,R4 欧洲文学,M3 现代主义与先锋派,G3 小说,QT8 英雄、边疆与法外者文化传统 | QT8.4 欧洲剑客,△,existing,existing,existing,existing,existing,existing
蒙梭罗夫人.md,WL-WORK-1281,T3,T3 19世纪现代文学体系,R4 欧洲文学,M2 19世纪文学思潮,G3 小说,QT7 历史叙事 | QT8 英雄、边疆与法外者文化传统 | QT8.4 欧洲剑客,△,existing,existing,existing,existing,existing,existing
蒙田随笔.md,WL-WORK-3161,T2,T2 早期现代文学,R4 欧洲文学,M1 早期现代思想与美学,G4 散文与随笔,QH8 信仰、伦理与超越,◆,existing,existing,existing,existing,mechanism,existing
蓝圈人.md,WL-WORK-0234,T6,T6 当代全球文学,R4 欧洲文学,M5 战后与当代美学范式,G3 小说,QT1 推理与犯罪叙事,△,existing,existing,existing,existing,existing,existing
蓝房间.md,WL-WORK-0229,T5,T5 二战后多极文学,R4 欧洲文学,M5 战后与当代美学范式,G3 小说,QT1 推理与犯罪叙事,△,existing,existing,existing,existing,existing,existing
蓝火星.md,WL-WORK-0376,T6,T6 当代全球文学,R5 北美文学,M5 战后与当代美学范式,G3 小说,QT2 科幻,△,existing,existing,existing,existing,existing,existing
蓝色含羞草.md,WL-WORK-R3-97308318,T5,T5 二战后多极文学,R3 南亚文学,M5 战后与当代美学范式,G3 小说,QH6 战争、暴力与创伤,◆,existing,existing,t_default,t_default,t_default,other_topic
蓝衣魔鬼.md,WL-WORK-0093,T6,T6 当代全球文学,R5 北美文学,M5 战后与当代美学范式,G3 小说,QT1 推理与犯罪叙事,△,existing,existing,existing,existing,existing,existing
蓝鸟，蓝鸟.md,WL-WORK-3144,T6,T6 当代全球文学,R5 北美文学,M5 战后与当代美学范式,G3 小说,QH3 身份、身体与归属,△,existing,existing,existing,existing,t_default,existing
蓼喰虫.md,WL-WORK-1855,T4,T4 全球现代主义时代,R2 东亚文学,M3.1 现代主义 / Modernism,G3 小说,QH5 权力、制度与秩序,△,existing,existing,existing,existing,mechanism,existing
蔷薇园.md,WL-WORK-3186,T1,T1 中古多中心文学世界,R1 西亚—地中海古老传统,,G4 散文与随笔,QH8 信仰、伦理与超越,◆,existing,existing,not_applicable_pre_modern,existing,mechanism,existing
薄伽梵往世书.md,WL-WORK-1505,T1,T1 中古多中心文学世界,R3 南亚文学,,G3 小说,QT9 神话、传说与民间叙事,△,existing,existing,not_applicable_pre_modern,existing,existing,existing
薄伽梵歌.md,WL-WORK-1506,T0,T0 文学源头与古代文学,R3 南亚文学,,G3 小说,QT9 神话、传说与民间叙事 | QH6 战争、暴力与创伤,△,existing,existing,not_applicable_pre_modern,existing,existing,existing
藻海无边.md,WL-WORK-1282,T5,T5 二战后多极文学,R6 拉丁美洲与加勒比,M5 战后与当代美学范式,G3 小说,QH2.5 童年与成长,★,existing,existing,existing,existing,existing,existing
虚构集.md,WL-WORK-0470,T4,T4 全球现代主义时代,R6 拉丁美洲与加勒比,M3.1 现代主义 / Modernism | M5.1 战后思想与美学范式,G3 小说,QT2 科幻,★,existing,existing,existing,existing,existing,existing
虹.md,WL-WORK-1283,T4,T4 全球现代主义时代,R4 欧洲文学,M3.1 现代主义 / Modernism,G3 小说,QH2.5 童年与成长 | QH2.3 家庭与家族,△,existing,existing,existing,existing,existing,existing
蛇与绳.md,WL-WORK-1856,T5,T5 二战后多极文学,R3 南亚文学,M5 战后与当代美学范式,G3 小说,QH6 战争、暴力与创伤,◆,existing,existing,existing,existing,topic_direct,existing
蛙.md,WL-WORK-2880,T6,T6 当代全球文学,R2 东亚文学,M5 战后与当代美学范式,G3 小说,QH6 战争、暴力与创伤,△,existing,existing,existing,existing,mechanism,existing
蛛巢小径.md,WL-WORK-1857,T5,T5 二战后多极文学,R4 欧洲文学,M5 战后与当代美学范式,G3 小说,QH6 战争、暴力与创伤,★,existing,existing,existing,existing,topic_direct,existing
蛮王柯南.md,WL-WORK-0830,T4,T4 全球现代主义时代,R5 北美文学,M3 现代主义与先锋派,G3 小说,QT3 奇幻,△,existing,existing,existing,existing,existing,existing
蛹.md,WL-WORK-0316,T5,T5 二战后多极文学,R4 欧洲文学,M5 战后与当代美学范式,G3 小说,QT2 科幻,△,existing,existing,existing,existing,existing,existing
蜘蛛女之吻.md,WL-WORK-1858,T5,T5 二战后多极文学,R6 拉丁美洲与加勒比,M5 战后与当代美学范式,G3 小说,QH2.1 爱情与欲望,★,existing,existing,existing,existing,existing,existing
蝇王.md,WL-WORK-0832,T5,T5 二战后多极文学,R4 欧洲文学,M5 战后与当代美学范式,G3 小说,QT5 冒险与探索叙事,★,existing,existing,existing,existing,existing,existing
蝉时雨.md,WL-WORK-2613,T6,T6 当代全球文学,R2 东亚文学,M5 战后与当代美学范式,G3 小说,QT8 英雄、边疆与法外者文化传统 | QT8.3 日本武士与剑豪,△,existing,existing,existing,existing,existing,existing
蝴蝶梦.md,WL-WORK-2130,T4,T4 全球现代主义时代,R4 欧洲文学,M3 现代主义与先锋派,G3 小说,QH2.1 爱情与欲望,△,existing,existing,existing,existing,existing,existing
蝾螈战争.md,WL-WORK-0282,T4,T4 全球现代主义时代,R4 欧洲文学,M3 现代主义与先锋派,G3 小说,QT2 科幻 | QT6 乌托邦、反乌托邦与社会想象,△,existing,existing,existing,existing,existing,existing
螺丝在拧紧.md,WL-WORK-0833,T4,T4 全球现代主义时代,R5 北美文学,M3.1 现代主义 / Modernism,G3 小说,QT4 恐怖与哥特,△,existing,existing,existing,existing,existing,existing
螺旋.md,WL-WORK-0834,T6,T6 当代全球文学,R2 东亚文学,M5 战后与当代美学范式,G3 小说,QT4 恐怖与哥特,△,existing,existing,existing,existing,existing,existing
血书.md,WL-WORK-0836,T6,T6 当代全球文学,R4 欧洲文学,M5 战后与当代美学范式,G3 小说,QT4 恐怖与哥特,△,existing,existing,existing,existing,existing,existing
血婚.md,WL-WORK-1860,T4,T4 全球现代主义时代,R4 欧洲文学,M3.1 现代主义 / Modernism,G2 戏剧,QH1 自我、存在与生命,△,existing,existing,existing,existing,t_default,existing
血字的研究.md,WL-WORK-0009,T3,T3 19世纪现代文学体系,R4 欧洲文学,M2 19世纪文学思潮,G3 小说,QT1 推理与犯罪叙事,△,existing,existing,existing,existing,existing,existing
血海飘香.md,WL-WORK-2614,T5,T5 二战后多极文学,R2 东亚文学,M5 战后与当代美学范式,G3 小说,QT8 英雄、边疆与法外者文化传统 | QT8.1 武侠,△,existing,existing,existing,existing,existing,existing
血色子午线.md,WL-WORK-2615,T6,T6 当代全球文学,R5 北美文学 | R5 北美文学,M5 战后与当代美学范式,G3 小说,QT8 英雄、边疆与法外者文化传统 | QT8.5 西部 | QT8.7 侠盗,△,existing,existing,existing,existing,existing,existing
血色花瓣.md,WL-WORK-1861,T5,T5 二战后多极文学,R7 非洲文学,M5 战后与当代美学范式 | M4 集体文学运动与文化政治,G3 小说,QH6 战争、暴力与创伤,★,existing,existing,existing,existing,topic_direct,existing
血音乐.md,WL-WORK-0372,T6,T6 当代全球文学,R5 北美文学,M5 战后与当代美学范式,G3 小说,QT2 科幻,△,existing,existing,existing,existing,existing,existing
街角魔族.md,WL-WORK-0837,T6,T6 当代全球文学,R4 欧洲文学,M5 战后与当代美学范式,G3 小说,QT3 奇幻,△,existing,existing,existing,existing,existing,existing
补锅匠.md,WL-WORK-3022,T6,T6 当代全球文学,R5 北美文学,M5 战后与当代美学范式,G3 小说,QH3 身份、身体与归属,△,existing,existing,existing,existing,t_default,existing
被嫌弃的松子的一生.md,WL-WORK-2673,T6,T6 当代全球文学,R2 东亚文学,M5 战后与当代美学范式,G3 小说,QH1 自我、存在与生命 | QH2.5 童年与成长 | QH3.1 性别与身体,△,existing,existing,existing,existing,existing,existing
被掩埋的巨人.md,WL-WORK-2131,T6,T6 当代全球文学,R4 欧洲文学,M5 战后与当代美学范式,G3 小说,QH7 历史、记忆与时间 | QT8 英雄、边疆与法外者文化传统 | QT8.2 欧洲骑士,△,existing,existing,existing,existing,existing,existing
被毁灭的人.md,WL-WORK-0320,T5,T5 二战后多极文学,R5 北美文学,M5 战后与当代美学范式,G3 小说,QT2 科幻,△,existing,existing,existing,existing,existing,existing
被玷污的杯子.md,WL-WORK-2929,T6,T6 当代全球文学,R5 北美文学,M5 战后与当代美学范式,G3 小说,QH3 身份、身体与归属,△,existing,existing,existing,existing,t_default,existing
被禁锢的头脑.md,WL-WORK-1863,T5,T5 二战后多极文学,R4 欧洲文学,M5 战后与当代美学范式,G4 散文与随笔,QH6 战争、暴力与创伤,★,existing,existing,existing,existing,topic_direct,existing
裸体午餐.md,WL-WORK-1864,T5,T5 二战后多极文学,R5 北美文学,M5 战后与当代美学范式 | M4 集体文学运动与文化政治,G3 小说,QH6 战争、暴力与创伤,◆,existing,existing,existing,existing,topic_direct,existing
裸者与死者.md,WL-WORK-1284,T5,T5 二战后多极文学,R5 北美文学,M5 战后与当代美学范式,G3 小说,QT7 历史叙事 | QH6 战争、暴力与创伤,△,existing,existing,existing,existing,existing,existing
西厢记.md,WL-WORK-2132,T1,T1 中古多中心文学世界,R2 东亚文学,,G3 小说,QH2.1 爱情与欲望,◆,existing,existing,not_applicable_pre_modern,existing,existing,existing
西游记.md,WL-WORK-0838,T2,T2 早期现代文学,R2 东亚文学,M1 早期现代思想与美学,G3 小说,QT3 奇幻 | QT5 冒险与探索叙事 | QT8 英雄、边疆与法外者文化传统 | QT9 神话、传说与民间叙事 | QH8 信仰、伦理与超越,★,existing,existing,existing,existing,existing,existing
西线无战事.md,WL-WORK-1285,T4,T4 全球现代主义时代,R4 欧洲文学,M2 19世纪文学思潮,G3 小说,QT7 历史叙事 | QH6 战争、暴力与创伤 | QH7 历史、记忆与时间,△,existing,existing,existing,existing,existing,existing
西行之路.md,WL-WORK-2616,T5,T5 二战后多极文学,R5 北美文学,M5 战后与当代美学范式,G3 小说,QT8 英雄、边疆与法外者文化传统 | QT8.5 西部,★,existing,existing,existing,existing,existing,existing
西马龙玫瑰.md,WL-WORK-3124,T6,T6 当代全球文学,R5 北美文学,M5 战后与当代美学范式,G3 小说,QH3 身份、身体与归属,△,existing,existing,existing,existing,t_default,existing
覆雨翻云.md,WL-WORK-2617,T6,T6 当代全球文学,R2 东亚文学,M5 战后与当代美学范式,G3 小说,QT8 英雄、边疆与法外者文化传统 | QT8.1 武侠,△,existing,existing,existing,existing,existing,existing
观众.md,WL-WORK-1869,T5,T5 二战后多极文学,R4 欧洲文学,M5 战后与当代美学范式,G2 戏剧,QH6 战争、暴力与创伤,★,existing,existing,existing,existing,topic_direct,existing
觉醒.md,WL-WORK-1286,T4,T4 全球现代主义时代,R5 北美文学 | R5 北美文学,M3 现代主义与先锋派,G3 小说,QH2.5 童年与成长,◆,existing,existing,existing,existing,existing,existing
角中蜜.md,WL-WORK-2973,T4,T4 全球现代主义时代,R5 北美文学,M3 现代主义与先锋派,G3 小说,QH1 自我、存在与生命,△,existing,existing,existing,existing,t_default,existing
解密.md,WL-WORK-2695,T6,T6 当代全球文学,R2 东亚文学,M5 战后与当代美学范式,G3 小说,QT1 推理与犯罪叙事 | QH5 权力、制度与秩序,△,existing,existing,existing,existing,existing,existing
解忧杂货店.md,WL-WORK-2763,T6,T6 当代全球文学,R2 东亚文学,M5 战后与当代美学范式,G3 小说,QT1 推理与犯罪叙事 | QH1 自我、存在与生命,△,existing,existing,existing,existing,existing,existing
解放了的普罗米修斯.md,WL-WORK-M2-863500B70957,T3,T3 19世纪现代文学体系,R4 欧洲文学,M2 19世纪文学思潮 / 浪漫主义,G3 小说,QH4 社会、阶级与劳动,◆,existing,t_default,existing,t_default,t_default,other_topic
解放了的耶路撒冷.md,WL-WORK-2618,T2,T2 早期现代文学,R4 欧洲文学,M1 早期现代思想与美学,G3 小说,QT8 英雄、边疆与法外者文化传统 | QT8.2 欧洲骑士,★,existing,existing,existing,existing,existing,existing
警察讨厌鬼.md,WL-WORK-0100,T5,T5 二战后多极文学,R5 北美文学,M5 战后与当代美学范式,G3 小说,QT1 推理与犯罪叙事,△,existing,existing,existing,existing,existing,existing
计算星辰.md,WL-WORK-2924,T6,T6 当代全球文学,R5 北美文学,M5 战后与当代美学范式,G3 小说,QH3 身份、身体与归属,△,existing,existing,existing,existing,t_default,existing
让开！让开！.md,WL-WORK-0341,T5,T5 二战后多极文学,R5 北美文学,M5 战后与当代美学范式,G3 小说,QT2 科幻 | QT6 乌托邦、反乌托邦与社会想象,△,existing,existing,existing,existing,existing,existing
让我死在他的脚步里.md,WL-WORK-3142,T6,T6 当代全球文学,R5 北美文学,M5 战后与当代美学范式,G3 小说,QH3 身份、身体与归属,△,existing,existing,existing,existing,t_default,existing
记忆传授人.md,WL-WORK-0483,T6,T6 当代全球文学,R5 北美文学,M5 战后与当代美学范式,G3 小说,QT2 科幻 | QT6 乌托邦、反乌托邦与社会想象,△,existing,existing,existing,existing,existing,existing
记忆警察.md,WL-WORK-1287,T6,T6 当代全球文学,R2 东亚文学,M5 战后与当代美学范式,G3 小说,QT6 乌托邦、反乌托邦与社会想象,△,existing,existing,existing,existing,existing,existing
许三观卖血记.md,WL-WORK-2732,T6,T6 当代全球文学,R2 东亚文学,M5 战后与当代美学范式,G3 小说,QH2.3 家庭与家族 | QH4 社会、阶级与劳动 | QH7 历史、记忆与时间,△,existing,existing,existing,existing,existing,existing
许茂和他的女儿们.md,WL-WORK-2855,T6,T6 当代全球文学,R2 东亚文学,M5 战后与当代美学范式,G3 小说,QH6 战争、暴力与创伤,△,existing,existing,existing,existing,mechanism,existing
论公民的不服从.md,WL-WORK-M2-704A2B38283C,T3,T3 19世纪现代文学体系,R4 欧洲文学,M2 19世纪文学思潮 / 超验主义,G3 小说,QH4 社会、阶级与劳动,◆,existing,t_default,existing,t_default,t_default,other_topic
论演说家.md,WL-WORK-R1-DE-ORATORE,T0,T0 文学源头与古代文学,R1 西亚—地中海古老传统,,G3 小说,QH8 信仰、伦理与超越,△,existing,existing,not_applicable_pre_modern,t_default,t_default,conservative_default
论自助.md,WL-WORK-M2-447AE02E286F,T3,T3 19世纪现代文学体系,R4 欧洲文学,M2 19世纪文学思潮 / 超验主义,G3 小说,QH4 社会、阶级与劳动,◆,existing,t_default,existing,t_default,t_default,other_topic
论语.md,WL-WORK-T0-ANALECTS,T0,T0 文学源头与古代文学,R2 东亚文学,,G4 散文与随笔,QH8 信仰、伦理与超越,◆,existing,existing,not_applicable_pre_modern,existing,t_default,existing
讽刺诗（尤维纳利斯）.md,WL-WORK-R1-JUVENAL-SATIRES,T0,T0 文学源头与古代文学,R1 西亚—地中海古老传统,,G3 小说,QH8 信仰、伦理与超越,△,existing,existing,not_applicable_pre_modern,t_default,t_default,conservative_default
证言.md,WL-WORK-3075,T6,T6 当代全球文学,R5 北美文学,M5 战后与当代美学范式,G3 小说,QH3 身份、身体与归属,△,existing,existing,existing,existing,t_default,existing
诗与歌谣.md,WL-WORK-M2-9920C8DE9A4D,T3,T3 19世纪现代文学体系,R4 欧洲文学,M2 19世纪文学思潮 / 唯美主义,G3 小说,QH4 社会、阶级与劳动,◆,existing,t_default,existing,t_default,t_default,other_topic
诗体埃达.md,WL-WORK-1508,T1,T1 中古多中心文学世界,R4 欧洲文学,,G3 小说,QT9 神话、传说与民间叙事,△,existing,existing,not_applicable_pre_modern,existing,existing,existing
诗章.md,WL-WORK-1871,T4,T4 全球现代主义时代,R5 北美文学,M3.1 现代主义 / Modernism,G1 诗歌,QH1 自我、存在与生命,△,existing,existing,existing,existing,t_default,existing
诗经.md,WL-WORK-2133,T0,T0 文学源头与古代文学,R2 东亚文学,,G3 小说,QH2.1 爱情与欲望,★,existing,existing,not_applicable_pre_modern,existing,existing,existing
诠释者.md,WL-WORK-1872,T5,T5 二战后多极文学,R7 非洲文学,M5 战后与当代美学范式,G3 小说,QH6 战争、暴力与创伤,★,existing,existing,existing,existing,topic_direct,existing
请到我们的毒气室来，女士们先生们.md,WL-WORK-2134,T5,T5 二战后多极文学,R4 欧洲文学,M5 战后与当代美学范式,G3 小说,QH6 战争、暴力与创伤,△,existing,existing,existing,existing,existing,existing
诺斯托罗莫.md,WL-WORK-3155,T4,T4 全球现代主义时代,R4 欧洲文学,M3 现代主义与先锋派,G3 小说,QH1 自我、存在与生命,◆,existing,existing,existing,existing,t_default,existing
诺桑觉寺.md,WL-WORK-2135,T3,T3 19世纪现代文学体系,R4 欧洲文学,M2 19世纪文学思潮,G3 小说,QH2.1 爱情与欲望,△,existing,existing,existing,existing,existing,existing
诺言.md,WL-WORK-0237,T5,T5 二战后多极文学,R4 欧洲文学,M5 战后与当代美学范式,G3 小说,QT1 推理与犯罪叙事,△,existing,existing,existing,existing,existing,existing
谁的尸体？.md,WL-WORK-0045,T4,T4 全球现代主义时代,R4 欧洲文学,M3 现代主义与先锋派,G3 小说,QT1 推理与犯罪叙事,△,existing,existing,existing,existing,existing,existing
谋杀启事.md,WL-WORK-0030,T5,T5 二战后多极文学,R4 欧洲文学,M3 现代主义与先锋派,G3 小说,QT1 推理与犯罪叙事,△,existing,existing,existing,existing,existing,existing
象塔.md,WL-WORK-0842,T4,T4 全球现代主义时代,R5 北美文学,M3 现代主义与先锋派,G3 小说,QT3 奇幻,△,existing,existing,existing,existing,existing,existing
豹.md,WL-WORK-2846,T5,T5 二战后多极文学,R4 欧洲文学,M5 战后与当代美学范式,G3 小说,QH6 战争、暴力与创伤,◆,existing,existing,existing,existing,mechanism,existing
豺狼的日子.md,WL-WORK-3099,T5,T5 二战后多极文学,R4 欧洲文学,M5 战后与当代美学范式,G3 小说,QH6 战争、暴力与创伤,△,existing,existing,existing,existing,mechanism,existing
贝克特三部曲.md,WL-WORK-3153,T5,T5 二战后多极文学,R4 欧洲文学,M5 战后与当代美学范式,G3 小说,QH6 战争、暴力与创伤,◆,existing,existing,existing,existing,mechanism,existing
贝奥武夫.md,WL-WORK-0843,T1,T1 中古多中心文学世界,R4 欧洲文学,,G3 小说,QT3 奇幻 | QT9 神话、传说与民间叙事 | QH6 战争、暴力与创伤 | QT8 英雄、边疆与法外者文化传统 | QT8.2 欧洲骑士,★,existing,existing,not_applicable_pre_modern,existing,existing,existing
贝姨.md,WL-WORK-1290,T3,T3 19世纪现代文学体系,R4 欧洲文学,M2 19世纪文学思潮,G3 小说,QH2.3 家庭与家族,△,existing,existing,existing,existing,existing,existing
贝蕾妮丝.md,WL-WORK-0844,T3,T3 19世纪现代文学体系,R5 北美文学,M2 19世纪文学思潮,G3 小说,QT4 恐怖与哥特,△,existing,existing,existing,existing,existing,existing
负重前行.md,WL-WORK-2136,T6,T6 当代全球文学,R5 北美文学,M5 战后与当代美学范式,G3 小说,QH6 战争、暴力与创伤 | QH7 历史、记忆与时间,△,existing,existing,existing,existing,existing,existing
费尔迪杜凯.md,WL-WORK-1876,T4,T4 全球现代主义时代,R4 欧洲文学,M3.1 现代主义 / Modernism,G3 小说,QH1 自我、存在与生命,◆,existing,existing,existing,existing,t_default,existing
费德尔.md,WL-WORK-2832,T2,T2 早期现代文学,R4 欧洲文学,M1 早期现代思想与美学,G2 戏剧,QH8 信仰、伦理与超越,◆,existing,existing,existing,existing,mechanism,existing
贺拉斯颂歌.md,WL-WORK-T0-HORACE-ODES,T0,T0 文学源头与古代文学,R1 西亚—地中海古老传统,,G3 小说,QH8 信仰、伦理与超越,◆,existing,existing,not_applicable_pre_modern,t_default,t_default,other_topic
赎罪.md,WL-WORK-1293,T6,T6 当代全球文学,R4 欧洲文学,M5 战后与当代美学范式,G3 小说,QT7 历史叙事 | QH2.1 爱情与欲望,★,existing,existing,existing,existing,existing,existing
赛汀.md,WL-WORK-2911,T6,T6 当代全球文学,R5 北美文学,M5 战后与当代美学范式,G3 小说,QH3 身份、身体与归属,△,existing,existing,existing,existing,t_default,existing
赫罗尔夫·克拉基萨迦.md,WL-WORK-1510,T1,T1 中古多中心文学世界,R4 欧洲文学,,G3 小说,QT9 神话、传说与民间叙事,△,existing,existing,not_applicable_pre_modern,existing,existing,existing
走向悲伤.md,WL-WORK-3122,T6,T6 当代全球文学,R4 欧洲文学,M5 战后与当代美学范式,G3 小说,QH3 身份、身体与归属,△,existing,existing,existing,existing,t_default,existing
超越人类.md,WL-WORK-0317,T5,T5 二战后多极文学,R5 北美文学,M5 战后与当代美学范式,G3 小说,QT2 科幻,△,existing,existing,existing,existing,existing,existing
超越时间之影.md,WL-WORK-0846,T4,T4 全球现代主义时代,R5 北美文学,M3 现代主义与先锋派,G3 小说,QT4 恐怖与哥特,△,existing,existing,existing,existing,existing,existing
路.md,WL-WORK-0435,T6,T6 当代全球文学,R5 北美文学,M5 战后与当代美学范式,G3 小说,QT2 科幻 | QT6 乌托邦、反乌托邦与社会想象,★,existing,existing,existing,existing,existing,existing
路边野餐.md,WL-WORK-0336,T5,T5 二战后多极文学,R4 欧洲文学,M5 战后与当代美学范式,G3 小说,QT2 科幻,△,existing,existing,existing,existing,existing,existing
跳房子.md,WL-WORK-1877,T5,T5 二战后多极文学,R6 拉丁美洲与加勒比,M5 战后与当代美学范式 | M5.1 战后思想与美学范式 | M4 集体文学运动与文化政治,G3 小说,QH6 战争、暴力与创伤,★,existing,existing,existing,existing,topic_direct,existing
轻舔丝绒.md,WL-WORK-1296,T6,T6 当代全球文学,R4 欧洲文学,M5 战后与当代美学范式,G3 小说,QT7 历史叙事 | QH2.1 爱情与欲望 | QH2.5 童年与成长 | QH3.1 性别与身体,△,existing,existing,existing,existing,existing,existing
辛努赫传.md,WL-WORK-T0-SINUHE,T0,T0 文学源头与古代文学,R1 西亚—地中海古老传统,,G3 小说,QH8 信仰、伦理与超越,★,existing,existing,not_applicable_pre_modern,existing,t_default,existing
辛德勒方舟.md,WL-WORK-3048,T6,T6 当代全球文学,R9 大洋洲与太平洋,M5 战后与当代美学范式,G3 小说,QH3 身份、身体与归属,△,existing,existing,existing,existing,mechanism,existing
边城.md,WL-WORK-2138,T4,T4 全球现代主义时代,R2 东亚文学,M3 现代主义与先锋派,G3 小说,QH2.1 爱情与欲望,★,existing,existing,existing,existing,existing,existing
边城浪子.md,WL-WORK-2620,T5,T5 二战后多极文学,R2 东亚文学,M5 战后与当代美学范式,G3 小说,QT8 英雄、边疆与法外者文化传统 | QT8.1 武侠,△,existing,existing,existing,existing,existing,existing
边境之屋.md,WL-WORK-0848,T4,T4 全球现代主义时代,R4 欧洲文学,M3 现代主义与先锋派,G3 小说,QT4 恐怖与哥特,△,existing,existing,existing,existing,existing,existing
边荒传说.md,WL-WORK-2621,T6,T6 当代全球文学,R2 东亚文学,M5 战后与当代美学范式,G3 小说,QT8 英雄、边疆与法外者文化传统 | QT8.1 武侠,△,existing,existing,existing,existing,existing,existing
达·芬奇密码.md,WL-WORK-2764,T6,T6 当代全球文学,R5 北美文学,M5 战后与当代美学范式,G3 小说,QT1 推理与犯罪叙事 | QT5 冒险与探索叙事 | QH8 信仰、伦理与超越,△,existing,existing,existing,existing,existing,existing
达尔文电台.md,WL-WORK-2945,T6,T6 当代全球文学,R5 北美文学,M5 战后与当代美学范式,G3 小说,QH3 身份、身体与归属,△,existing,existing,existing,existing,t_default,existing
达尔格伦.md,WL-WORK-0350,T5,T5 二战后多极文学,R5 北美文学,M5 战后与当代美学范式,G3 小说,QT2 科幻,△,existing,existing,existing,existing,existing,existing
达洛维夫人.md,WL-WORK-1878,T4,T4 全球现代主义时代,R4 欧洲文学,M3.1 现代主义 / Modernism,G3 小说,QH1 自我、存在与生命,★,existing,existing,existing,existing,mechanism,existing
过于喧嚣的孤独.md,WL-WORK-1879,T5,T5 二战后多极文学,R4 欧洲文学,M5 战后与当代美学范式,G3 小说,QH6 战争、暴力与创伤,★,existing,existing,existing,existing,topic_direct,existing
迈克尔·K的生活与时代.md,WL-WORK-3049,T6,T6 当代全球文学,R7 非洲文学,M5 战后与当代美学范式,G3 小说,QH3 身份、身体与归属,△,existing,existing,existing,existing,mechanism,existing
这完美的一天.md,WL-WORK-1297,T5,T5 二战后多极文学,R5 北美文学,M5 战后与当代美学范式,G3 小说,QT6 乌托邦、反乌托邦与社会想象,△,existing,existing,existing,existing,existing,existing
这是不是个人.md,WL-WORK-1298,T5,T5 二战后多极文学,R4 欧洲文学,M5 战后与当代美学范式,G3 小说,QT7 历史叙事,△,existing,existing,existing,existing,existing,existing
这样你就输掉时间战争.md,WL-WORK-0439,T6,T6 当代全球文学,R5 北美文学,M5 战后与当代美学范式,G3 小说,QT2 科幻,△,existing,existing,existing,existing,existing,existing
这边风景.md,WL-WORK-2883,T6,T6 当代全球文学,R2 东亚文学,M5 战后与当代美学范式,G3 小说,QH6 战争、暴力与创伤,△,existing,existing,existing,existing,mechanism,existing
进入盛夏之门.md,WL-WORK-0305,T5,T5 二战后多极文学,R5 北美文学,M5 战后与当代美学范式,G3 小说,QT2 科幻,△,existing,existing,existing,existing,existing,existing
进军.md,WL-WORK-1299,T6,T6 当代全球文学,R5 北美文学,M5 战后与当代美学范式,G3 小说,QT7 历史叙事,△,existing,existing,existing,existing,existing,existing
远大前程.md,WL-WORK-1300,T3,T3 19世纪现代文学体系,R4 欧洲文学,M2 19世纪文学思潮 | M2 19世纪文学思潮 / 现实主义,G3 小说,QH2.5 童年与成长 | QH4 社会、阶级与劳动,◆,existing,existing,existing,existing,existing,existing
远航.md,WL-WORK-1301,T4,T4 全球现代主义时代,R4 欧洲文学,M3 现代主义与先锋派,G3 小说,QH2.5 童年与成长,△,existing,existing,existing,existing,existing,existing
连城诀.md,WL-WORK-2623,T5,T5 二战后多极文学,R2 东亚文学,M5 战后与当代美学范式,G3 小说,QT8 英雄、边疆与法外者文化传统 | QT8.1 武侠,△,existing,existing,existing,existing,existing,existing
迪米特里奥斯之棺.md,WL-WORK-0252,T4,T4 全球现代主义时代,R4 欧洲文学,M5 战后与当代美学范式,G3 小说,QT1 推理与犯罪叙事 | QT5 冒险与探索叙事,△,existing,existing,existing,existing,existing,existing
迷失在开心馆.md,WL-WORK-1881,T5,T5 二战后多极文学,R5 北美文学,M5 战后与当代美学范式,G3 小说,QH6 战争、暴力与创伤,◆,existing,existing,existing,existing,topic_direct,existing
迷宫中的将军.md,WL-WORK-1302,T6,T6 当代全球文学,R6 拉丁美洲与加勒比,M5 战后与当代美学范式,G3 小说,QT7 历史叙事,△,existing,existing,existing,existing,existing,existing
迷宫馆事件.md,WL-WORK-0181,T6,T6 当代全球文学,R2 东亚文学,M5 战后与当代美学范式,G3 小说,QT1 推理与犯罪叙事,△,existing,existing,existing,existing,existing,existing
迷雾.md,WL-WORK-0850,T6,T6 当代全球文学,R5 北美文学,M5 战后与当代美学范式,G3 小说,QT4 恐怖与哥特,△,existing,existing,existing,existing,existing,existing
迷雾之子：最后帝国.md,WL-WORK-0851,T6,T6 当代全球文学,R5 北美文学,M5 战后与当代美学范式,G3 小说,QT3 奇幻,△,existing,existing,existing,existing,existing,existing
追忆似水年华.md,WL-WORK-1303,T4,T4 全球现代主义时代,R4 欧洲文学,M3 现代主义与先锋派,G3 小说,QH2.5 童年与成长,★,existing,existing,existing,existing,existing,existing
追风筝的人.md,WL-WORK-2140,T6,T6 当代全球文学,R5 北美文学,M5 战后与当代美学范式,G3 小说,QH2.3 家庭与家族 | QH6 战争、暴力与创伤,★,existing,t_default,existing,existing,existing,existing
逆水寒.md,WL-WORK-2624,T6,T6 当代全球文学,R2 东亚文学,M5 战后与当代美学范式,G3 小说,QT8 英雄、边疆与法外者文化传统 | QT8.1 武侠,△,existing,existing,existing,existing,existing,existing
通往北方的窄路.md,WL-WORK-3071,T6,T6 当代全球文学,R9 大洋洲与太平洋,M5 战后与当代美学范式,G3 小说,QH3 身份、身体与归属,△,existing,existing,existing,existing,mechanism,existing
通过仪式.md,WL-WORK-2931,T5,T5 二战后多极文学,R5 北美文学,M5 战后与当代美学范式,G3 小说,QH6 战争、暴力与创伤,△,existing,existing,existing,existing,mechanism,existing
通过礼仪.md,WL-WORK-3047,T5,T5 二战后多极文学,R4 欧洲文学,M5 战后与当代美学范式,G3 小说,QH6 战争、暴力与创伤,△,existing,existing,existing,existing,mechanism,existing
造星者.md,WL-WORK-0286,T4,T4 全球现代主义时代,R4 欧洲文学,M3 现代主义与先锋派,G3 小说,QT2 科幻,△,existing,existing,existing,existing,existing,existing
逸乐.md,WL-WORK-M2-AEC6B8C0BADF,T3,T3 19世纪现代文学体系,R4 欧洲文学,M2 19世纪文学思潮 / 颓废主义,G3 小说,QH4 社会、阶级与劳动,◆,existing,t_default,existing,t_default,t_default,other_topic
道德剧.md,WL-WORK-1304,T6,T6 当代全球文学,R4 欧洲文学,M5 战后与当代美学范式,G3 小说,QT7 历史叙事,△,existing,existing,existing,existing,existing,existing
道林·格雷的画像.md,WL-WORK-0852,T4,T4 全球现代主义时代,R4 欧洲文学,M3 现代主义与先锋派 | M2 19世纪文学思潮 / 唯美主义,G3 小说,QT4 恐怖与哥特,◆,existing,existing,existing,existing,existing,existing
道路之歌.md,WL-WORK-R3-78781253,T4,T4 全球现代主义时代,R3 南亚文学,M3 现代主义与先锋派,G3 小说,QH1 自我、存在与生命,◆,existing,existing,t_default,t_default,t_default,other_topic
遮住她的脸.md,WL-WORK-0102,T5,T5 二战后多极文学,R4 欧洲文学,M5 战后与当代美学范式,G3 小说,QT1 推理与犯罪叙事,△,existing,existing,existing,existing,existing,existing
邪恶东西悄然来.md,WL-WORK-0854,T5,T5 二战后多极文学,R5 北美文学,M5 战后与当代美学范式,G3 小说,QT4 恐怖与哥特,△,existing,existing,existing,existing,existing,existing
邮差总按两遍铃.md,WL-WORK-0078,T4,T4 全球现代主义时代,R5 北美文学,M3 现代主义与先锋派,G3 小说,QT1 推理与犯罪叙事,△,existing,existing,existing,existing,existing,existing
都市风流.md,WL-WORK-2863,T6,T6 当代全球文学,R2 东亚文学,M5 战后与当代美学范式,G3 小说,QH6 战争、暴力与创伤,△,existing,existing,existing,existing,mechanism,existing
都柏林人.md,WL-WORK-1886,T4,T4 全球现代主义时代,R4 欧洲文学,M3.1 现代主义 / Modernism,G3 小说,QH1 自我、存在与生命,◆,existing,existing,existing,existing,t_default,existing
酒吧长谈.md,WL-WORK-1887,T5,T5 二战后多极文学,R6 拉丁美洲与加勒比,M5 战后与当代美学范式 | M4 集体文学运动与文化政治,G3 小说,QH5 权力、制度与秩序,◆,existing,existing,existing,existing,mechanism,existing
酒神的伴侣.md,WL-WORK-1511,T0,T0 文学源头与古代文学,R1 西亚—地中海古老传统,,G3 小说,QT9 神话、传说与民间叙事,△,existing,existing,not_applicable_pre_modern,existing,existing,existing
酒神的女信徒.md,WL-WORK-1512,T0,T0 文学源头与古代文学,R1 西亚—地中海古老传统,,G3 小说,QT9 神话、传说与民间叙事,△,existing,existing,not_applicable_pre_modern,existing,existing,existing
醇酒集.md,WL-WORK-1888,T4,T4 全球现代主义时代,R4 欧洲文学,M3.1 现代主义 / Modernism,G1 诗歌,QH1 自我、存在与生命,△,existing,existing,existing,existing,t_default,existing
里加之犬.md,WL-WORK-0221,T6,T6 当代全球文学,R4 欧洲文学,M5 战后与当代美学范式,G3 小说,QT1 推理与犯罪叙事,△,existing,existing,existing,existing,existing,existing
里斯本之夜.md,WL-WORK-2698,T5,T5 二战后多极文学,R4 欧洲文学,M3 现代主义与先锋派,G3 小说,QH6 战争、暴力与创伤 | QH7 历史、记忆与时间,△,existing,existing,existing,existing,existing,existing
重力任务.md,WL-WORK-0368,T5,T5 二战后多极文学,R5 北美文学,M5 战后与当代美学范式,G3 小说,QT2 科幻,△,existing,existing,existing,existing,existing,existing
重现的时光.md,WL-WORK-1889,T4,T4 全球现代主义时代,R4 欧洲文学,M3.1 现代主义 / Modernism,G3 小说,QH1 自我、存在与生命,△,existing,existing,existing,existing,t_default,existing
重生.md,WL-WORK-1305,T6,T6 当代全球文学,R4 欧洲文学,M5 战后与当代美学范式,G3 小说,QT7 历史叙事,△,existing,existing,existing,existing,existing,existing
重返海法.md,WL-WORK-2141,T5,T5 二战后多极文学,R1 西亚—地中海古老传统,M5 战后与当代美学范式,G3 小说,QH6 战争、暴力与创伤,△,existing,existing,existing,existing,existing,existing
野性的呼唤.md,WL-WORK-0855,T4,T4 全球现代主义时代,R5 北美文学,M3 现代主义与先锋派,G3 小说,QT5 冒险与探索叙事,△,existing,existing,existing,existing,existing,existing
野性的证明.md,WL-WORK-0167,T5,T5 二战后多极文学,R2 东亚文学,M5 战后与当代美学范式,G3 小说,QT1 推理与犯罪叙事,△,existing,existing,existing,existing,existing,existing
野火.md,WL-WORK-1306,T5,T5 二战后多极文学,R2 东亚文学,M5 战后与当代美学范式,G3 小说,QT7 历史叙事 | QH6 战争、暴力与创伤,★,existing,existing,existing,existing,existing,existing
野草.md,WL-WORK-1890,T4,T4 全球现代主义时代,R2 东亚文学,M3.1 现代主义 / Modernism,G1 诗歌,QH5 权力、制度与秩序,△,existing,existing,existing,existing,mechanism,existing
量子玫瑰.md,WL-WORK-2946,T6,T6 当代全球文学,R5 北美文学,M5 战后与当代美学范式,G3 小说,QH3 身份、身体与归属,△,existing,existing,existing,existing,t_default,existing
量子窃贼.md,WL-WORK-0400,T6,T6 当代全球文学,R4 欧洲文学,M5 战后与当代美学范式,G3 小说,QT2 科幻,△,existing,existing,existing,existing,existing,existing
金云翘传.md,WL-WORK-3170,T3,T3 19世纪现代文学体系,R8 东南亚文学,M2 19世纪文学思潮,G1 诗歌,QH5 权力、制度与秩序,◆,existing,existing,existing,existing,mechanism,existing
金剑雕翎.md,WL-WORK-2627,T5,T5 二战后多极文学,R2 东亚文学,M5 战后与当代美学范式,G3 小说,QT8 英雄、边疆与法外者文化传统 | QT8.1 武侠,△,existing,existing,existing,existing,existing,existing
金姆.md,WL-WORK-0856,T4,T4 全球现代主义时代,R4 欧洲文学,M3 现代主义与先锋派,G3 小说,QT5 冒险与探索叙事 | QH2.5 童年与成长,△,existing,existing,existing,existing,existing,existing
金字塔铭文.md,WL-WORK-1513,T0,T0 文学源头与古代文学,R1 西亚—地中海古老传统,,G3 小说,QT9 神话、传说与民间叙事,△,existing,existing,not_applicable_pre_modern,existing,existing,existing
金山.md,WL-WORK-M2-02EDC379E702,T3,T3 19世纪现代文学体系,R6 拉丁美洲与加勒比,M2 19世纪文学思潮 / 拉美 Modernismo,G3 小说,QH4 社会、阶级与劳动,◆,existing,author_model,existing,t_default,t_default,other_topic
金瓶梅.md,WL-WORK-1307,T2,T2 早期现代文学,R2 东亚文学,M1 早期现代思想与美学,G3 小说,QH2.3 家庭与家族,★,existing,existing,existing,existing,existing,existing
金翅雀.md,WL-WORK-3025,T6,T6 当代全球文学,R5 北美文学,M5 战后与当代美学范式,G3 小说,QH3 身份、身体与归属,△,existing,existing,existing,existing,t_default,existing
金色平原的故事.md,WL-WORK-0857,T4,T4 全球现代主义时代,R4 欧洲文学,M2 19世纪文学思潮,G3 小说,QT3 奇幻,△,existing,existing,existing,existing,existing,existing
金色笔记.md,WL-WORK-1892,T5,T5 二战后多极文学,R7 非洲文学,M5 战后与当代美学范式,G3 小说,QH6 战争、暴力与创伤,★,existing,existing,existing,existing,topic_direct,existing
金钱.md,WL-WORK-1309,T4,T4 全球现代主义时代,R4 欧洲文学,M2 19世纪文学思潮,G3 小说,QH2.3 家庭与家族,△,existing,existing,existing,existing,existing,existing
金银岛.md,WL-WORK-0858,T3,T3 19世纪现代文学体系,R4 欧洲文学,M2 19世纪文学思潮,G3 小说,QT5 冒险与探索叙事 | QT8 英雄、边疆与法外者文化传统 | QT8.4 欧洲剑客 | QT8.8 海盗,◆,existing,existing,existing,existing,existing,existing
金锁记.md,WL-WORK-1893,T4,T4 全球现代主义时代,R2 东亚文学,M3.1 现代主义 / Modernism,G3 小说,QH2.3 家庭与家族 | QH3.1 性别与身体,△,existing,existing,existing,existing,existing,existing
金阁寺.md,WL-WORK-1894,T5,T5 二战后多极文学,R2 东亚文学,M5 战后与当代美学范式,G3 小说,QH6 战争、暴力与创伤,★,existing,existing,existing,existing,topic_direct,existing
金陵十三钗.md,WL-WORK-1310,T6,T6 当代全球文学,R2 东亚文学,M5 战后与当代美学范式,G3 小说,QT7 历史叙事 | QH6 战争、暴力与创伤 | QH7 历史、记忆与时间,△,existing,existing,existing,existing,existing,existing
金驴记.md,WL-WORK-R1-GOLDEN-ASS,T0,T0 文学源头与古代文学,R1 西亚—地中海古老传统,,G3 小说,QH8 信仰、伦理与超越,◆,existing,existing,not_applicable_pre_modern,t_default,t_default,other_topic
针眼.md,WL-WORK-3105,T5,T5 二战后多极文学,R4 欧洲文学,M5 战后与当代美学范式,G3 小说,QH6 战争、暴力与创伤,△,existing,existing,existing,existing,mechanism,existing
钟形罩.md,WL-WORK-1311,T5,T5 二战后多极文学,R5 北美文学,M5 战后与当代美学范式,G3 小说,QH2.5 童年与成长,★,existing,existing,existing,existing,existing,existing
钟表馆事件.md,WL-WORK-0182,T6,T6 当代全球文学,R2 东亚文学,M5 战后与当代美学范式,G3 小说,QT1 推理与犯罪叙事,△,existing,existing,existing,existing,existing,existing
钟鼓楼.md,WL-WORK-2862,T6,T6 当代全球文学,R2 东亚文学,M5 战后与当代美学范式,G3 小说,QH6 战争、暴力与创伤,△,existing,existing,existing,existing,mechanism,existing
钢穴.md,WL-WORK-0298,T5,T5 二战后多极文学,R5 北美文学,M5 战后与当代美学范式,G3 小说,QT2 科幻,△,existing,existing,existing,existing,existing,existing
钢铁是怎样炼成的.md,WL-WORK-1312,T4,T4 全球现代主义时代,R4 欧洲文学,M4 政治、民族与文化运动 | M4 集体文学运动与文化政治,G3 小说,QH2.3 家庭与家族 | QH2.5 童年与成长 | QH5 权力、制度与秩序,△,existing,existing,existing,existing,existing,existing
钻石年代.md,WL-WORK-0395,T6,T6 当代全球文学,R5 北美文学,M5 战后与当代美学范式,G3 小说,QT2 科幻,△,existing,existing,existing,existing,existing,existing
铁手骑士葛兹·冯·贝利欣根.md,WL-WORK-2628,T2,T2 早期现代文学,R4 欧洲文学,M2 19世纪文学思潮,G3 小说,QT8 英雄、边疆与法外者文化传统 | QT8.7 侠盗,△,existing,existing,existing,existing,existing,existing
铁皮鼓.md,WL-WORK-2143,T5,T5 二战后多极文学,R4 欧洲文学,M5 战后与当代美学范式 | M5.1 战后思想与美学范式,G3 小说,QH6 战争、暴力与创伤 | QH7 历史、记忆与时间,★,existing,existing,existing,existing,existing,existing
铁草.md,WL-WORK-3003,T6,T6 当代全球文学,R5 北美文学,M5 战后与当代美学范式,G3 小说,QH3 身份、身体与归属,△,existing,existing,existing,existing,t_default,existing
铁蹄.md,WL-WORK-0280,T4,T4 全球现代主义时代,R5 北美文学,M3 现代主义与先锋派,G3 小说,QT2 科幻 | QT6 乌托邦、反乌托邦与社会想象,△,existing,existing,existing,existing,existing,existing
铁骑银瓶.md,WL-WORK-2629,T5,T5 二战后多极文学,R2 东亚文学,M5 战后与当代美学范式,G3 小说,QT8 英雄、边疆与法外者文化传统 | QT8.1 武侠,△,existing,existing,existing,existing,existing,existing
银河巡警.md,WL-WORK-0289,T4,T4 全球现代主义时代,R5 北美文学,M3 现代主义与先锋派,G3 小说,QT2 科幻,△,existing,existing,existing,existing,existing,existing
银河系漫游指南.md,WL-WORK-0485,T5,T5 二战后多极文学,R4 欧洲文学,M5 战后与当代美学范式,G3 小说,QT2 科幻 | QH1 自我、存在与生命,△,existing,existing,existing,existing,existing,existing
银河铁道之夜.md,WL-WORK-2737,T4,T4 全球现代主义时代,R2 东亚文学,M3.1 现代主义 / Modernism,G3 小说,QT3 奇幻 | QH1 自我、存在与生命 | QH8 信仰、伦理与超越,△,existing,existing,existing,existing,existing,existing
锁匠.md,WL-WORK-3137,T6,T6 当代全球文学,R5 北美文学,M5 战后与当代美学范式,G3 小说,QH3 身份、身体与归属,△,existing,existing,existing,existing,t_default,existing
锅匠，裁缝，士兵，间谍.md,WL-WORK-0254,T5,T5 二战后多极文学,R4 欧洲文学,M5 战后与当代美学范式,G3 小说,QT1 推理与犯罪叙事,△,existing,existing,existing,existing,existing,existing
锌皮娃娃兵.md,WL-WORK-2145,T6,T6 当代全球文学,R4 欧洲文学,M5 战后与当代美学范式,G6 纪实与文学非虚构,QH6 战争、暴力与创伤 | QH7 历史、记忆与时间,△,existing,existing,existing,existing,existing,existing
锡安之爱.md,WL-WORK-R1-AHAVAT-ZION,T3,T3 19世纪现代文学体系,R1 西亚—地中海古老传统,M2 19世纪文学思潮,G3 小说,QH4 社会、阶级与劳动,◆,existing,existing,t_default,existing,t_default,other_topic
镇尼大师.md,WL-WORK-2954,T6,T6 当代全球文学,R5 北美文学,M5 战后与当代美学范式,G3 小说,QH3 身份、身体与归属,△,existing,existing,existing,existing,t_default,existing
镍童.md,WL-WORK-3028,T6,T6 当代全球文学,R5 北美文学,M5 战后与当代美学范式,G3 小说,QH3 身份、身体与归属,△,existing,existing,existing,existing,t_default,existing
镜与光.md,WL-WORK-1313,T6,T6 当代全球文学,R4 欧洲文学,M5 战后与当代美学范式,G3 小说,QT7 历史叙事,△,existing,existing,existing,existing,existing,existing
镜中舞.md,WL-WORK-2914,T6,T6 当代全球文学,R5 北美文学,M5 战后与当代美学范式,G3 小说,QH3 身份、身体与归属,△,existing,existing,existing,existing,t_default,existing
镜影.md,WL-WORK-0392,T6,T6 当代全球文学,R5 北美文学,M5 战后与当代美学范式,G3 小说,QT2 科幻,△,existing,existing,existing,existing,existing,existing
镜花缘.md,WL-WORK-T3-JINGHUA-YUAN,T3,T3 19世纪现代文学体系,R2 东亚文学,M2 19世纪文学思潮,G3 小说,QT5 冒险与探索叙事 | QT6 乌托邦、反乌托邦与社会想象,◆,existing,existing,existing,existing,existing,existing
长夜难明.md,WL-WORK-0245,T6,T6 当代全球文学,R2 东亚文学,M5 战后与当代美学范式,G3 小说,QT1 推理与犯罪叙事,△,existing,existing,existing,existing,existing,existing
长安古意.md,WL-WORK-2630,T6,T6 当代全球文学,R2 东亚文学,M5 战后与当代美学范式,G3 小说,QT8 英雄、边疆与法外者文化传统 | QT8.1 武侠,△,existing,existing,existing,existing,existing,existing
长恨歌.md,WL-WORK-2868,T6,T6 当代全球文学,R2 东亚文学,M5 战后与当代美学范式,G3 小说,QH6 战争、暴力与创伤,△,existing,existing,existing,existing,mechanism,existing
长日将尽.md,WL-WORK-2146,T6,T6 当代全球文学,R4 欧洲文学,M5 战后与当代美学范式,G3 小说,QH7 历史、记忆与时间,★,existing,existing,existing,existing,existing,existing
长眠不醒.md,WL-WORK-0075,T4,T4 全球现代主义时代,R5 北美文学,M3 现代主义与先锋派,G3 小说,QT1 推理与犯罪叙事,△,existing,existing,existing,existing,existing,existing
门中眼.md,WL-WORK-1314,T6,T6 当代全球文学,R4 欧洲文学,M5 战后与当代美学范式,G3 小说,QT7 历史叙事,△,existing,existing,existing,existing,existing,existing
门外.md,WL-WORK-1896,T5,T5 二战后多极文学,R4 欧洲文学,M5 战后与当代美学范式,G2 戏剧,QH6 战争、暴力与创伤,★,existing,existing,existing,existing,topic_direct,existing
门户.md,WL-WORK-0340,T5,T5 二战后多极文学,R5 北美文学,M5 战后与当代美学范式,G3 小说,QT2 科幻,△,existing,existing,existing,existing,existing,existing
闪灵.md,WL-WORK-0859,T5,T5 二战后多极文学,R5 北美文学,M5 战后与当代美学范式,G3 小说,QT4 恐怖与哥特,△,existing,existing,existing,existing,existing,existing
队列之末.md,WL-WORK-1315,T4,T4 全球现代主义时代,R4 欧洲文学,M3 现代主义与先锋派,G3 小说,QT7 历史叙事,△,existing,existing,existing,existing,existing,existing
阳光下的葡萄干.md,WL-WORK-1897,T5,T5 二战后多极文学,R5 北美文学,M5 战后与当代美学范式,G2 戏剧,QH6 战争、暴力与创伤,★,existing,existing,existing,existing,topic_direct,existing
阴兽.md,WL-WORK-0149,T4,T4 全球现代主义时代,R2 东亚文学,M3 现代主义与先锋派,G3 小说,QT1 推理与犯罪叙事,△,existing,existing,existing,existing,existing,existing
阴暗的绘画.md,WL-WORK-1898,T5,T5 二战后多极文学,R2 东亚文学,M5 战后与当代美学范式,G3 小说,QH6 战争、暴力与创伤,★,existing,existing,existing,existing,topic_direct,existing
阿伽门农.md,WL-WORK-T0-AGAMEMNON,T0,T0 文学源头与古代文学,R4 欧洲文学,,G2 戏剧,QH8 信仰、伦理与超越,◆,existing,existing,not_applicable_pre_modern,existing,t_default,existing
阿克塞尔.md,WL-WORK-M2-8E745F2BC670,T3,T3 19世纪现代文学体系,R4 欧洲文学,M2 19世纪文学思潮 / 象征主义,G3 小说,QH4 社会、阶级与劳动,◆,existing,t_default,existing,t_default,t_default,other_topic
阿卡特史诗.md,WL-WORK-1514,T0,T0 文学源头与古代文学,R1 西亚—地中海古老传统,,G3 小说,QT9 神话、传说与民间叙事,△,existing,existing,not_applicable_pre_modern,existing,existing,existing
阿喀琉斯之歌.md,WL-WORK-0863,T6,T6 当代全球文学,R5 北美文学,M5 战后与当代美学范式,G3 小说,QT3 奇幻,△,existing,existing,existing,existing,existing,existing
阿尔-拉桑的雄狮.md,WL-WORK-0864,T6,T6 当代全球文学,R5 北美文学,M5 战后与当代美学范式,G3 小说,QT3 奇幻,△,existing,existing,existing,existing,existing,existing
阿尔戈船英雄纪.md,WL-WORK-0865,T0,T0 文学源头与古代文学,R1 西亚—地中海古老传统,,G3 小说,QT5 冒险与探索叙事 | QT9 神话、传说与民间叙事,◆,existing,existing,not_applicable_pre_modern,existing,existing,other_topic
阿尔特米奥·克罗斯之死.md,WL-WORK-1318,T5,T5 二战后多极文学,R6 拉丁美洲与加勒比,M5 战后与当代美学范式 | M4 集体文学运动与文化政治,G3 小说,QT7 历史叙事,★,existing,existing,existing,existing,existing,existing
阿拉特里斯特上尉.md,WL-WORK-2631,T6,T6 当代全球文学,R4 欧洲文学,M5 战后与当代美学范式,G3 小说,QT8 英雄、边疆与法外者文化传统 | QT8.4 欧洲剑客,△,existing,existing,existing,existing,existing,existing
阿特拉哈西斯史诗.md,WL-WORK-1516,T0,T0 文学源头与古代文学,R1 西亚—地中海古老传统,,G3 小说,QT9 神话、传说与民间叙事,△,existing,existing,not_applicable_pre_modern,existing,existing,existing
阿维斯塔.md,WL-WORK-1517,T0,T0 文学源头与古代文学,R1 西亚—地中海古老传统,,G3 小说,QT9 神话、传说与民间叙事,△,existing,existing,not_applicable_pre_modern,existing,existing,existing
阿罗史密斯.md,WL-WORK-2964,T4,T4 全球现代主义时代,R5 北美文学,M3 现代主义与先锋派,G3 小说,QH1 自我、存在与生命,△,existing,existing,existing,existing,t_default,existing
阿莱夫.md,WL-WORK-1902,T5,T5 二战后多极文学,R6 拉丁美洲与加勒比,M5 战后与当代美学范式 | M5.1 战后思想与美学范式,G3 小说,QH6 战争、暴力与创伤,★,existing,existing,existing,existing,topic_direct,existing
阿蒙蒂亚多酒桶.md,WL-WORK-0867,T3,T3 19世纪现代文学体系,R5 北美文学,M2 19世纪文学思潮,G3 小说,QT4 恐怖与哥特,△,existing,existing,existing,existing,existing,existing
阿达诺之钟.md,WL-WORK-2979,T4,T4 全球现代主义时代,R5 北美文学,M3 现代主义与先锋派,G3 小说,QH1 自我、存在与生命,△,existing,existing,existing,existing,t_default,existing
阿部一族.md,WL-WORK-2632,T4,T4 全球现代主义时代,R2 东亚文学,M3 现代主义与先锋派,G3 小说,QT8 英雄、边疆与法外者文化传统 | QT8.3 日本武士与剑豪,△,existing,existing,existing,existing,existing,existing
阿难陀寺.md,WL-WORK-R3-37264822,T3,T3 19世纪现代文学体系,R3 南亚文学,M4 集体文学运动与文化政治,G3 小说,QH4 社会、阶级与劳动,◆,existing,existing,existing,t_default,t_default,other_topic
附属正义.md,WL-WORK-0411,T6,T6 当代全球文学,R5 北美文学,M5 战后与当代美学范式,G3 小说,QT2 科幻,△,existing,existing,existing,existing,existing,existing
陆小凤传奇：金鹏王朝.md,WL-WORK-2633,T5,T5 二战后多极文学,R2 东亚文学,M5 战后与当代美学范式,G3 小说,QT8 英雄、边疆与法外者文化传统 | QT8.1 武侠,△,existing,existing,existing,existing,existing,existing
陆犯焉识.md,WL-WORK-2147,T6,T6 当代全球文学,R2 东亚文学,M5 战后与当代美学范式,G3 小说,QH5 权力、制度与秩序 | QH7 历史、记忆与时间,△,existing,existing,existing,existing,existing,existing
陌生人日记.md,WL-WORK-3146,T6,T6 当代全球文学,R4 欧洲文学,M5 战后与当代美学范式,G3 小说,QH3 身份、身体与归属,△,existing,existing,existing,existing,t_default,existing
陌生人肖像.md,WL-WORK-1904,T5,T5 二战后多极文学,R4 欧洲文学,M5 战后与当代美学范式,G3 小说,QH6 战争、暴力与创伤,★,existing,existing,existing,existing,topic_direct,existing
除时间外没有敌人.md,WL-WORK-2935,T6,T6 当代全球文学,R5 北美文学,M5 战后与当代美学范式,G3 小说,QH3 身份、身体与归属,△,existing,existing,existing,existing,t_default,existing
陶渊明诗选.md,WL-WORK-3185,T0,T0 文学源头与古代文学,R2 东亚文学,,G1 诗歌,QH8 信仰、伦理与超越,◆,existing,existing,not_applicable_pre_modern,existing,t_default,existing
陷坑与钟摆.md,WL-WORK-0868,T3,T3 19世纪现代文学体系,R5 北美文学,M2 19世纪文学思潮,G3 小说,QT4 恐怖与哥特,△,existing,existing,existing,existing,existing,existing
隐剑孤影抄.md,WL-WORK-2634,T5,T5 二战后多极文学,R2 东亚文学,M5 战后与当代美学范式,G3 小说,QT8 英雄、边疆与法外者文化传统 | QT8.3 日本武士与剑豪,△,existing,existing,existing,existing,existing,existing
隐剑秋风抄.md,WL-WORK-2635,T5,T5 二战后多极文学,R2 东亚文学,M5 战后与当代美学范式,G3 小说,QT8 英雄、边疆与法外者文化传统 | QT8.3 日本武士与剑豪,△,existing,existing,existing,existing,existing,existing
隐形人.md,WL-WORK-0275,T4,T4 全球现代主义时代,R4 欧洲文学,M2 19世纪文学思潮,G3 小说,QT2 科幻 | QT4 恐怖与哥特,△,existing,existing,existing,existing,existing,existing
隐形墨水.md,WL-WORK-2738,T6,T6 当代全球文学,R4 欧洲文学,M5 战后与当代美学范式,G2 戏剧,QH7 历史、记忆与时间,△,existing,existing,existing,existing,existing,existing
难做的神.md,WL-WORK-0337,T5,T5 二战后多极文学,R4 欧洲文学,M5 战后与当代美学范式,G3 小说,QT2 科幻,△,existing,existing,existing,existing,existing,existing
难逃劫数.md,WL-WORK-2791,T6,T6 当代全球文学,R2 东亚文学,M5 战后与当代美学范式,G3 小说,QH1 自我、存在与生命 | QH6 战争、暴力与创伤,△,existing,existing,existing,existing,existing,existing
雇员们.md,WL-WORK-0482,T6,T6 当代全球文学,R4 欧洲文学,M5 战后与当代美学范式,G3 小说,QT2 科幻,◆,existing,existing,existing,existing,existing,existing
雌性男人.md,WL-WORK-0357,T5,T5 二战后多极文学,R5 北美文学,M5 战后与当代美学范式,G3 小说,QT2 科幻,△,existing,existing,existing,existing,existing,existing
雍正皇帝.md,WL-WORK-1320,T6,T6 当代全球文学,R2 东亚文学,M5 战后与当代美学范式,G3 小说,QT7 历史叙事,△,existing,existing,existing,existing,existing,existing
雨国之王.md,WL-WORK-3094,T5,T5 二战后多极文学,R4 欧洲文学,M5 战后与当代美学范式,G3 小说,QH6 战争、暴力与创伤,△,existing,existing,existing,existing,mechanism,existing
雨月物语.md,WL-WORK-0869,T2,T2 早期现代文学,R2 东亚文学,M1 早期现代思想与美学,G3 小说,QT4 恐怖与哥特,◆,existing,existing,existing,existing,existing,existing
雪.md,WL-WORK-M2-7D742A7F9F36,T3,T3 19世纪现代文学体系,R4 欧洲文学,M2 19世纪文学思潮 / 拉美 Modernismo,G3 小说,QH4 社会、阶级与劳动,◆,existing,t_default,existing,t_default,t_default,other_topic
雪中悍刀行.md,WL-WORK-2636,T6,T6 当代全球文学,R2 东亚文学,M5 战后与当代美学范式,G3 小说,QT8 英雄、边疆与法外者文化传统 | QT8.1 武侠,△,existing,existing,existing,existing,existing,existing
雪后.md,WL-WORK-2906,T6,T6 当代全球文学,R5 北美文学,M5 战后与当代美学范式,G3 小说,QH3 身份、身体与归属,△,existing,existing,existing,existing,t_default,existing
雪国.md,WL-WORK-1906,T4,T4 全球现代主义时代,R2 东亚文学,M3.1 现代主义 / Modernism,G3 小说,QH2.1 爱情与欲望,◆,existing,existing,existing,existing,existing,existing
雪山大地.md,WL-WORK-2891,T6,T6 当代全球文学,R2 东亚文学,M5 战后与当代美学范式,G3 小说,QH6 战争、暴力与创伤,△,existing,existing,existing,existing,mechanism,existing
雪山飞狐.md,WL-WORK-2638,T5,T5 二战后多极文学,R2 东亚文学,M5 战后与当代美学范式,G3 小说,QT8 英雄、边疆与法外者文化传统 | QT8.1 武侠,△,existing,existing,existing,existing,existing,existing
雪崩.md,WL-WORK-0394,T6,T6 当代全球文学,R5 北美文学,M5 战后与当代美学范式,G3 小说,QT2 科幻 | QT6 乌托邦、反乌托邦与社会想象,△,existing,existing,existing,existing,existing,existing
零伯爵.md,WL-WORK-0389,T6,T6 当代全球文学,R5 北美文学,M5 战后与当代美学范式,G3 小说,QT2 科幻,△,existing,existing,existing,existing,existing,existing
零的焦点.md,WL-WORK-0162,T5,T5 二战后多极文学,R2 东亚文学,M5 战后与当代美学范式,G3 小说,QT1 推理与犯罪叙事,△,existing,existing,existing,existing,existing,existing
雷雨.md,WL-WORK-2696,T4,T4 全球现代主义时代,R2 东亚文学,M3.1 现代主义 / Modernism,G2 戏剧,QH2.3 家庭与家族 | QH3.1 性别与身体,△,existing,existing,existing,existing,existing,existing
雾都孤儿.md,WL-WORK-1321,T3,T3 19世纪现代文学体系,R4 欧洲文学,M2 19世纪文学思潮,G3 小说,QH2.5 童年与成长,△,existing,existing,existing,existing,existing,existing
震荡波骑士.md,WL-WORK-0386,T5,T5 二战后多极文学,R4 欧洲文学,M5 战后与当代美学范式,G3 小说,QT2 科幻,△,existing,existing,existing,existing,existing,existing
霍乱时期的爱情.md,WL-WORK-2149,T6,T6 当代全球文学,R6 拉丁美洲与加勒比,M5 战后与当代美学范式,G3 小说,QH2.1 爱情与欲望,★,existing,existing,existing,existing,existing,existing
霍夫曼博士的地狱欲望机器.md,WL-WORK-1908,T5,T5 二战后多极文学,R4 欧洲文学,M5 战后与当代美学范式,G3 小说,QH6 战争、暴力与创伤,◆,existing,existing,existing,existing,topic_direct,existing
霍比特人.md,WL-WORK-0871,T4,T4 全球现代主义时代,R4 欧洲文学,M3 现代主义与先锋派,G3 小说,QT3 奇幻,△,existing,existing,existing,existing,existing,existing
露水的主人.md,WL-WORK-3208,T4,T4 全球现代主义时代,R6 拉丁美洲与加勒比,M3 现代主义与先锋派,G3 小说,QH5 权力、制度与秩序,◆,existing,existing,existing,existing,mechanism,existing
霸王别姬.md,WL-WORK-2672,T6,T6 当代全球文学,R2 东亚文学,M5 战后与当代美学范式,G3 小说,QH2.1 爱情与欲望 | QH3.1 性别与身体,△,existing,existing,existing,existing,existing,existing
青年.md,WL-WORK-1322,T4,T4 全球现代主义时代,R2 东亚文学,M3 现代主义与先锋派,G3 小说,QH2.5 童年与成长,△,existing,existing,existing,existing,existing,existing
青春之歌.md,WL-WORK-1324,T5,T5 二战后多极文学,R2 东亚文学,M5 战后与当代美学范式,G3 小说,QH2.5 童年与成长,◆,existing,existing,existing,existing,existing,existing
青铜骑士.md,WL-WORK-3221,T3,T3 19世纪现代文学体系,R4 欧洲文学,M2 19世纪文学思潮,G1 诗歌,QH4 社会、阶级与劳动,△,existing,existing,existing,existing,t_default,existing
靠近野心的心.md,WL-WORK-1909,T4,T4 全球现代主义时代,R6 拉丁美洲与加勒比,M3.1 现代主义 / Modernism,G3 小说,QH5 权力、制度与秩序,△,existing,existing,existing,existing,mechanism,existing
鞭手.md,WL-WORK-3107,T5,T5 二战后多极文学,R4 欧洲文学,M5 战后与当代美学范式,G3 小说,QH6 战争、暴力与创伤,△,existing,existing,existing,existing,mechanism,existing
项狄传.md,WL-WORK-2833,T2,T2 早期现代文学,R4 欧洲文学,M1 早期现代思想与美学,G3 小说,QH8 信仰、伦理与超越,◆,existing,existing,existing,existing,mechanism,existing
项链.md,WL-WORK-2729,T3,T3 19世纪现代文学体系,R4 欧洲文学,M2 19世纪文学思潮,G3 小说,QH2.1 爱情与欲望 | QH4 社会、阶级与劳动,△,existing,existing,existing,existing,existing,existing
顺河入海.md,WL-WORK-3145,T6,T6 当代全球文学,R5 北美文学,M5 战后与当代美学范式,G3 小说,QH3 身份、身体与归属,△,existing,existing,existing,existing,t_default,existing
额尔古纳河右岸.md,WL-WORK-2876,T6,T6 当代全球文学,R2 东亚文学,M5 战后与当代美学范式,G3 小说,QH6 战争、暴力与创伤,△,existing,existing,existing,existing,mechanism,existing
风土记.md,WL-WORK-1518,T1,T1 中古多中心文学世界,R2 东亚文学,,G3 小说,QT9 神话、传说与民间叙事,△,existing,existing,not_applicable_pre_modern,existing,existing,existing
风声.md,WL-WORK-2686,T6,T6 当代全球文学,R2 东亚文学,M5 战后与当代美学范式,G3 小说,QT1 推理与犯罪叙事 | QH5 权力、制度与秩序 | QH6 战争、暴力与创伤,△,existing,existing,existing,existing,existing,existing
风暴使者.md,WL-WORK-0874,T5,T5 二战后多极文学,R4 欧洲文学,M5 战后与当代美学范式,G3 小说,QT3 奇幻,△,existing,existing,existing,existing,existing,existing
风林火山.md,WL-WORK-1329,T5,T5 二战后多极文学,R2 东亚文学,M5 战后与当代美学范式,G3 小说,QT7 历史叙事 | QT8 英雄、边疆与法外者文化传统 | QT8.3 日本武士与剑豪,△,existing,existing,existing,existing,existing,existing
飘.md,WL-WORK-1330,T4,T4 全球现代主义时代,R5 北美文学,M3 现代主义与先锋派,G3 小说,QH2.3 家庭与家族,△,existing,existing,existing,existing,existing,existing
飞燕惊龙.md,WL-WORK-2640,T5,T5 二战后多极文学,R2 东亚文学,M5 战后与当代美学范式,G3 小说,QT8 英雄、边疆与法外者文化传统 | QT8.1 武侠,△,existing,existing,existing,existing,existing,existing
飞狐外传.md,WL-WORK-2641,T5,T5 二战后多极文学,R2 东亚文学,M5 战后与当代美学范式,G3 小说,QT8 英雄、边疆与法外者文化传统 | QT8.1 武侠,△,existing,existing,existing,existing,existing,existing
饥饿.md,WL-WORK-1913,T4,T4 全球现代主义时代,R4 欧洲文学,M3.1 现代主义 / Modernism,G3 小说,QH1 自我、存在与生命,◆,existing,existing,existing,existing,mechanism,existing
饥饿游戏.md,WL-WORK-0484,T6,T6 当代全球文学,R5 北美文学,M5 战后与当代美学范式,G3 小说,QT2 科幻 | QT6 乌托邦、反乌托邦与社会想象,△,existing,existing,existing,existing,existing,existing
饥饿的路.md,WL-WORK-2854,T6,T6 当代全球文学,R7 非洲文学,M5 战后与当代美学范式,G3 小说,QH3 身份、身体与归属,◆,existing,existing,existing,existing,mechanism,existing
饮马黄河.md,WL-WORK-2642,T5,T5 二战后多极文学,R2 东亚文学,M5 战后与当代美学范式,G3 小说,QT8 英雄、边疆与法外者文化传统 | QT8.1 武侠,△,existing,existing,existing,existing,existing,existing
饺子.md,WL-WORK-2694,T6,T6 当代全球文学,R2 东亚文学,M5 战后与当代美学范式,G3 小说,QH2.1 爱情与欲望 | QH3.1 性别与身体,△,existing,existing,existing,existing,existing,existing
首尔，1964年冬.md,WL-WORK-1914,T5,T5 二战后多极文学,R2 东亚文学,M5 战后与当代美学范式,G3 小说,QH6 战争、暴力与创伤,★,existing,existing,existing,existing,topic_direct,existing
马丁·德雷斯勒.md,WL-WORK-3013,T6,T6 当代全球文学,R5 北美文学,M5 战后与当代美学范式,G3 小说,QH3 身份、身体与归属,△,existing,existing,existing,existing,t_default,existing
马丁·菲耶罗.md,WL-WORK-1915,T3,T3 19世纪现代文学体系,R6 拉丁美洲与加勒比,M2 19世纪文学思潮,G1 诗歌,QT8 英雄、边疆与法外者文化传统 | QT8.6 Gaucho | QT8.7 侠盗,★,existing,existing,existing,existing,existing,existing
马亚一家.md,WL-WORK-3169,T3,T3 19世纪现代文学体系,R4 欧洲文学,M2 19世纪文学思潮 | M2 19世纪文学思潮 / 现实主义,G3 小说,QH4 社会、阶级与劳动,◆,existing,existing,existing,existing,t_default,existing
马利·阿尔梅达的七个月亮.md,WL-WORK-3079,T6,T6 当代全球文学,R3 南亚文学,M5 战后与当代美学范式,G3 小说,QH3 身份、身体与归属,△,existing,existing,existing,existing,mechanism,existing
马奇.md,WL-WORK-3020,T6,T6 当代全球文学,R5 北美文学,M5 战后与当代美学范式,G3 小说,QH3 身份、身体与归属,△,existing,existing,existing,existing,t_default,existing
马尔特手记.md,WL-WORK-1917,T4,T4 全球现代主义时代,R4 欧洲文学,M3.1 现代主义 / Modernism,G3 小说,QH1 自我、存在与生命,△,existing,existing,existing,existing,t_default,existing
马尔科姆·X自传.md,WL-WORK-1918,T5,T5 二战后多极文学,R5 北美文学,M5 战后与当代美学范式,G5 生命书写,QH6 战争、暴力与创伤,★,existing,existing,existing,existing,topic_direct,existing
马来西亚海盗.md,WL-WORK-2643,T4,T4 全球现代主义时代,R4 欧洲文学,M3 现代主义与先锋派,G3 小说,QT8 英雄、边疆与法外者文化传统 | QT8.4 欧洲剑客,△,existing,existing,existing,existing,existing,existing
马永贝.md,WL-WORK-3204,T6,T6 当代全球文学,R7 非洲文学,M5 战后与当代美学范式,G3 小说,QH3 身份、身体与归属,◆,existing,existing,existing,existing,mechanism,existing
马耳他之鹰.md,WL-WORK-0071,T4,T4 全球现代主义时代,R5 北美文学,M3 现代主义与先锋派,G3 小说,QT1 推理与犯罪叙事,△,existing,existing,existing,existing,existing,existing
马鸣风萧萧.md,WL-WORK-2644,T5,T5 二战后多极文学,R2 东亚文学,M5 战后与当代美学范式,G3 小说,QT8 英雄、边疆与法外者文化传统 | QT8.1 武侠,△,existing,existing,existing,existing,existing,existing
驱魔人.md,WL-WORK-0877,T5,T5 二战后多极文学,R5 北美文学,M5 战后与当代美学范式,G3 小说,QT4 恐怖与哥特,△,existing,existing,existing,existing,existing,existing
驿站.md,WL-WORK-2899,T5,T5 二战后多极文学,R5 北美文学,M5 战后与当代美学范式,G3 小说,QH6 战争、暴力与创伤,△,existing,existing,existing,existing,mechanism,existing
骆驼祥子.md,WL-WORK-2700,T4,T4 全球现代主义时代,R2 东亚文学,M2 19世纪文学思潮,G3 小说,QH1 自我、存在与生命 | QH2.5 童年与成长 | QH4 社会、阶级与劳动,★,existing,existing,existing,existing,existing,existing
骏马.md,WL-WORK-2646,T6,T6 当代全球文学,R5 北美文学,M5 战后与当代美学范式,G3 小说,QT8 英雄、边疆与法外者文化传统 | QT8.5 西部,△,existing,existing,existing,existing,existing,existing
骑虎.md,WL-WORK-1332,T4,T4 全球现代主义时代,R4 欧洲文学,M3 现代主义与先锋派,G3 小说,QH2.3 家庭与家族,△,existing,existing,existing,existing,existing,existing
骚动之秋.md,WL-WORK-2866,T6,T6 当代全球文学,R2 东亚文学,M5 战后与当代美学范式,G3 小说,QH6 战争、暴力与创伤,△,existing,existing,existing,existing,mechanism,existing
骨人.md,WL-WORK-3051,T6,T6 当代全球文学,R9 大洋洲与太平洋,M5 战后与当代美学范式,G3 小说,QH3 身份、身体与归属,◆,existing,existing,existing,existing,mechanism,existing
高人的箴言.md,WL-WORK-1519,T0,T0 文学源头与古代文学,R4 欧洲文学,,G3 小说,QT9 神话、传说与民间叙事,△,existing,existing,not_applicable_pre_modern,existing,existing,existing
高堡奇人.md,WL-WORK-0328,T5,T5 二战后多极文学,R5 北美文学,M5 战后与当代美学范式,G3 小说,QT2 科幻 | QT7 历史叙事,★,existing,existing,existing,existing,existing,existing
高文爵士与绿骑士.md,WL-WORK-0878,T1,T1 中古多中心文学世界,R4 欧洲文学,,G3 小说,QT3 奇幻 | QT9 神话、传说与民间叙事 | QT8 英雄、边疆与法外者文化传统 | QT8.2 欧洲骑士,△,existing,existing,not_applicable_pre_modern,existing,existing,existing
高老头.md,WL-WORK-1333,T3,T3 19世纪现代文学体系,R4 欧洲文学,M2 19世纪文学思潮 | M2 19世纪文学思潮 / 现实主义,G3 小说,QH2.3 家庭与家族 | QH4 社会、阶级与劳动,◆,existing,existing,existing,existing,existing,existing
鬼妈妈.md,WL-WORK-0879,T6,T6 当代全球文学,R4 欧洲文学,M5 战后与当代美学范式,G3 小说,QT4 恐怖与哥特,△,existing,existing,existing,existing,existing,existing
鬼屋.md,WL-WORK-0880,T5,T5 二战后多极文学,R5 北美文学,M5 战后与当代美学范式,G3 小说,QT4 恐怖与哥特,△,existing,existing,existing,existing,existing,existing
鬼平犯科帐.md,WL-WORK-2649,T5,T5 二战后多极文学,R2 东亚文学,M5 战后与当代美学范式,G3 小说,QT8 英雄、边疆与法外者文化传统 | QT8.3 日本武士与剑豪,△,existing,existing,existing,existing,existing,existing
魍魉之匣.md,WL-WORK-0191,T6,T6 当代全球文学,R2 东亚文学,M5 战后与当代美学范式,G3 小说,QT1 推理与犯罪叙事,△,existing,existing,existing,existing,existing,existing
魔女嘉莉.md,WL-WORK-0881,T5,T5 二战后多极文学,R5 北美文学,M5 战后与当代美学范式,G3 小说,QT4 恐怖与哥特,△,existing,existing,existing,existing,existing,existing
魔山.md,WL-WORK-1334,T4,T4 全球现代主义时代,R4 欧洲文学,M3.1 现代主义 / Modernism,G3 小说,QH2.5 童年与成长,★,existing,existing,existing,existing,existing,existing
魔戒：双塔奇兵.md,WL-WORK-0882,T5,T5 二战后多极文学,R4 欧洲文学,M5 战后与当代美学范式,G3 小说,QT3 奇幻,△,existing,existing,existing,existing,existing,existing
魔戒：王者归来.md,WL-WORK-0883,T5,T5 二战后多极文学,R4 欧洲文学,M5 战后与当代美学范式,G3 小说,QT3 奇幻,△,existing,existing,existing,existing,existing,existing
魔戒：魔戒同盟.md,WL-WORK-0884,T5,T5 二战后多极文学,R4 欧洲文学,M5 战后与当代美学范式,G3 小说,QT3 奇幻,△,existing,existing,existing,existing,existing,existing
魔法师的外甥.md,WL-WORK-0886,T5,T5 二战后多极文学,R4 欧洲文学,M5 战后与当代美学范式,G3 小说,QT3 奇幻,△,existing,existing,existing,existing,existing,existing
魔法的颜色.md,WL-WORK-0887,T6,T6 当代全球文学,R4 欧洲文学,M5 战后与当代美学范式,G3 小说,QT3 奇幻,△,existing,existing,existing,existing,existing,existing
魔界转生.md,WL-WORK-2650,T5,T5 二战后多极文学,R2 东亚文学,M5 战后与当代美学范式,G3 小说,QT8 英雄、边疆与法外者文化传统 | QT8.3 日本武士与剑豪,△,existing,existing,existing,existing,existing,existing
魔眼之匣谜案.md,WL-WORK-0206,T6,T6 当代全球文学,R2 东亚文学,M5 战后与当代美学范式,G3 小说,QT1 推理与犯罪叙事,△,existing,existing,existing,existing,existing,existing
魔鬼的药水.md,WL-WORK-0888,T3,T3 19世纪现代文学体系,R4 欧洲文学,M2 19世纪文学思潮,G3 小说,QT4 恐怖与哥特,△,existing,existing,existing,existing,existing,existing
鲁拜集.md,WL-WORK-2821,T1,T1 中古多中心文学世界,R1 西亚—地中海古老传统,,G1 诗歌,QH8 信仰、伦理与超越,◆,existing,existing,not_applicable_pre_modern,existing,t_default,existing
鲁斯塔姆与苏赫拉布.md,WL-WORK-1520,T1,T1 中古多中心文学世界,R1 西亚—地中海古老传统,,G3 小说,QT9 神话、传说与民间叙事,△,existing,existing,not_applicable_pre_modern,existing,existing,existing
鲁滨逊漂流记.md,WL-WORK-0889,T2,T2 早期现代文学,R4 欧洲文学,M1 早期现代思想与美学,G3 小说,QT5 冒险与探索叙事 | QT8.8 海盗 | QH1 自我、存在与生命 | QH2.5 童年与成长,★,existing,existing,existing,existing,existing,existing
鲍里斯·戈都诺夫.md,WL-WORK-1335,T3,T3 19世纪现代文学体系,R4 欧洲文学,M2 19世纪文学思潮,G3 小说,QT7 历史叙事,△,existing,existing,existing,existing,existing,existing
鲍里斯·达维多维奇之墓.md,WL-WORK-1923,T5,T5 二战后多极文学,R4 欧洲文学,M5 战后与当代美学范式,G3 小说,QH6 战争、暴力与创伤,★,existing,existing,existing,existing,topic_direct,existing
鲜血梅花.md,WL-WORK-2652,T6,T6 当代全球文学,R2 东亚文学,M5 战后与当代美学范式,G3 小说,QT8.1 武侠 | QH1 自我、存在与生命,△,existing,existing,existing,existing,existing,existing
鸟的会议.md,WL-WORK-2822,T1,T1 中古多中心文学世界,R1 西亚—地中海古老传统,,G1 诗歌,QH8 信仰、伦理与超越,◆,existing,existing,not_applicable_pre_modern,existing,t_default,existing
鸦之死.md,WL-WORK-1926,T5,T5 二战后多极文学,R2 东亚文学,M5 战后与当代美学范式,G3 小说,QH6 战争、暴力与创伤,★,existing,existing,existing,existing,topic_direct,existing
鸦片战争.md,WL-WORK-0891,T6,T6 当代全球文学,R5 北美文学,M5 战后与当代美学范式,G3 小说,QT3 奇幻,△,existing,existing,existing,existing,existing,existing
鹤.md,WL-WORK-1927,T5,T5 二战后多极文学,R2 东亚文学,M5 战后与当代美学范式,G3 小说,QH6 战争、暴力与创伤,★,existing,existing,existing,existing,topic_direct,existing
鹤惊昆仑.md,WL-WORK-2653,T4,T4 全球现代主义时代,R2 东亚文学,M3 现代主义与先锋派,G3 小说,QT8 英雄、边疆与法外者文化传统 | QT8.1 武侠,△,existing,existing,existing,existing,existing,existing
鹿苑长春.md,WL-WORK-2975,T4,T4 全球现代主义时代,R5 北美文学,M3 现代主义与先锋派,G3 小说,QH1 自我、存在与生命,△,existing,existing,existing,existing,t_default,existing
鹿鼎记.md,WL-WORK-2655,T5,T5 二战后多极文学,R2 东亚文学,M5 战后与当代美学范式,G3 小说,QT8 英雄、边疆与法外者文化传统 | QT8.1 武侠 | QT8.2 欧洲骑士 | QT8.4 欧洲剑客 | QT8.7 侠盗,△,existing,existing,existing,existing,existing,existing
麦克梯格.md,WL-WORK-M2-1F595071EBD7,T3,T3 19世纪现代文学体系,R4 欧洲文学,M2 19世纪文学思潮 / 自然主义,G3 小说,QH4 社会、阶级与劳动,◆,existing,t_default,existing,t_default,t_default,other_topic
麦克白.md,WL-WORK-2826,T2,T2 早期现代文学,R4 欧洲文学,M1 早期现代思想与美学,G2 戏剧,QH8 信仰、伦理与超越,◆,existing,existing,existing,existing,mechanism,existing
麦泽廷钢版画.md,WL-WORK-0893,T4,T4 全球现代主义时代,R4 欧洲文学,M3 现代主义与先锋派,G3 小说,QT4 恐怖与哥特,△,existing,existing,existing,existing,existing,existing
麦琪姑娘.md,WL-WORK-M2-CDA212861CD7,T3,T3 19世纪现代文学体系,R4 欧洲文学,M2 19世纪文学思潮 / 自然主义,G3 小说,QH4 社会、阶级与劳动,◆,existing,t_default,existing,t_default,t_default,other_topic
麦琪的礼物.md,WL-WORK-2701,T4,T4 全球现代主义时代,R5 北美文学,M3 现代主义与先锋派,G3 小说,QH2.1 爱情与欲望,△,existing,existing,existing,existing,existing,existing
麦田里的守望者.md,WL-WORK-1337,T5,T5 二战后多极文学,R5 北美文学,M5 战后与当代美学范式,G3 小说,QH2.5 童年与成长,◆,existing,existing,existing,existing,existing,existing
黄昏清兵卫.md,WL-WORK-2656,T6,T6 当代全球文学,R2 东亚文学,M5 战后与当代美学范式,G3 小说,QT8 英雄、边疆与法外者文化传统 | QT8.3 日本武士与剑豪,△,existing,existing,existing,existing,existing,existing
黄昏里的男孩.md,WL-WORK-2808,T6,T6 当代全球文学,R2 东亚文学,M5 战后与当代美学范式,G3 小说,QH1 自我、存在与生命 | QH2.3 家庭与家族 | QH2.5 童年与成长,△,existing,existing,existing,existing,existing,existing
黄河东流去.md,WL-WORK-2860,T6,T6 当代全球文学,R2 东亚文学,M5 战后与当代美学范式,G3 小说,QH6 战争、暴力与创伤,△,existing,existing,existing,existing,mechanism,existing
黄狗.md,WL-WORK-0228,T5,T5 二战后多极文学,R4 欧洲文学,M5 战后与当代美学范式,G3 小说,QT1 推理与犯罪叙事,△,existing,existing,existing,existing,existing,existing
黄色墙纸.md,WL-WORK-0894,T4,T4 全球现代主义时代,R5 北美文学,M3 现代主义与先锋派,G3 小说,QT4 恐怖与哥特,△,existing,existing,existing,existing,existing,existing
黄色紧身衣骑士.md,WL-WORK-2657,T6,T6 当代全球文学,R4 欧洲文学,M5 战后与当代美学范式,G3 小说,QT8 英雄、边疆与法外者文化传统 | QT8.4 欧洲剑客,△,existing,existing,existing,existing,existing,existing
黄金罗盘.md,WL-WORK-0896,T6,T6 当代全球文学,R4 欧洲文学,M5 战后与当代美学范式,G3 小说,QT3 奇幻,△,existing,existing,existing,existing,existing,existing
黄雀记.md,WL-WORK-2886,T6,T6 当代全球文学,R2 东亚文学,M5 战后与当代美学范式,G3 小说,QH6 战争、暴力与创伤,△,existing,existing,existing,existing,mechanism,existing
黎凡特海盗.md,WL-WORK-2658,T6,T6 当代全球文学,R4 欧洲文学,M5 战后与当代美学范式,G3 小说,QT8 英雄、边疆与法外者文化传统 | QT8.4 欧洲剑客,△,existing,existing,existing,existing,existing,existing
黎明.md,WL-WORK-0361,T6,T6 当代全球文学,R5 北美文学,M5 战后与当代美学范式,G3 小说,QT2 科幻,△,existing,existing,existing,existing,existing,existing
黎明前的几小时.md,WL-WORK-3088,T5,T5 二战后多极文学,R4 欧洲文学,M5 战后与当代美学范式,G3 小说,QH6 战争、暴力与创伤,△,existing,existing,existing,existing,mechanism,existing
黑与蓝.md,WL-WORK-0112,T6,T6 当代全球文学,R4 欧洲文学,M5 战后与当代美学范式,G3 小说,QT1 推理与犯罪叙事,△,existing,existing,existing,existing,existing,existing
黑夜有千只眼.md,WL-WORK-0082,T5,T5 二战后多极文学,R5 北美文学,M3 现代主义与先锋派,G3 小说,QT1 推理与犯罪叙事,△,existing,existing,existing,existing,existing,existing
黑孩子.md,WL-WORK-1338,T5,T5 二战后多极文学,R7 非洲文学 | R5 北美文学,M3 现代主义与先锋派,G3 小说,QH2.5 童年与成长,△,existing,existing,existing,existing,existing,existing
黑暗中的旅程.md,WL-WORK-2978,T4,T4 全球现代主义时代,R5 北美文学,M3 现代主义与先锋派,G3 小说,QH1 自我、存在与生命,△,existing,existing,existing,existing,t_default,existing
黑暗塔I：枪侠.md,WL-WORK-0901,T6,T6 当代全球文学,R5 北美文学,M5 战后与当代美学范式,G3 小说,QT3 奇幻 | QT8 英雄、边疆与法外者文化传统 | QT8.5 西部,△,existing,existing,existing,existing,existing,existing
黑暗森林.md,WL-WORK-0463,T6,T6 当代全球文学,R2 东亚文学,M5 战后与当代美学范式,G3 小说,QT2 科幻,△,existing,existing,existing,existing,existing,existing
黑暗的左手.md,WL-WORK-0353,T5,T5 二战后多极文学,R5 北美文学,M5 战后与当代美学范式,G3 小说,QT2 科幻,★,existing,existing,existing,existing,existing,existing
黑暗的心.md,WL-WORK-0903,T4,T4 全球现代主义时代,R4 欧洲文学,M3.1 现代主义 / Modernism,G3 小说,QT5 冒险与探索叙事,◆,existing,existing,existing,existing,existing,existing
黑暗的速度.md,WL-WORK-2947,T6,T6 当代全球文学,R5 北美文学,M5 战后与当代美学范式,G3 小说,QH3 身份、身体与归属,△,existing,existing,existing,existing,t_default,existing
黑杜德利庄园的罪恶.md,WL-WORK-0056,T4,T4 全球现代主义时代,R4 欧洲文学,M3 现代主义与先锋派,G3 小说,QT1 推理与犯罪叙事,△,existing,existing,existing,existing,existing,existing
黑樱桃蓝调.md,WL-WORK-3116,T6,T6 当代全球文学,R5 北美文学,M5 战后与当代美学范式,G3 小说,QH3 身份、身体与归属,△,existing,existing,existing,existing,t_default,existing
黑海岸女王.md,WL-WORK-0904,T4,T4 全球现代主义时代,R5 北美文学,M3 现代主义与先锋派,G3 小说,QT3 奇幻,△,existing,existing,existing,existing,existing,existing
黑海盗.md,WL-WORK-2659,T4,T4 全球现代主义时代,R4 欧洲文学,M3 现代主义与先锋派,G3 小说,QT8 英雄、边疆与法外者文化传统 | QT8.4 欧洲剑客 | QT8.8 海盗,△,existing,existing,existing,existing,existing,existing
黑牢城.md,WL-WORK-0202,T6,T6 当代全球文学,R2 东亚文学,M5 战后与当代美学范式,G3 小说,QT1 推理与犯罪叙事,△,existing,existing,existing,existing,existing,existing
黑猫.md,WL-WORK-0905,T3,T3 19世纪现代文学体系,R5 北美文学,M2 19世纪文学思潮,G3 小说,QT4 恐怖与哥特,△,existing,existing,existing,existing,existing,existing
黑珍珠.md,WL-WORK-M2-4738F239713C,T3,T3 19世纪现代文学体系,R4 欧洲文学,M2 19世纪文学思潮 / 拉美 Modernismo,G3 小说,QH4 社会、阶级与劳动,◆,existing,t_default,existing,t_default,t_default,other_topic
黑箭.md,WL-WORK-0906,T3,T3 19世纪现代文学体系,R4 欧洲文学,M2 19世纪文学思潮,G3 小说,QT5 冒险与探索叙事 | QT8 英雄、边疆与法外者文化传统 | QT8.4 欧洲剑客 | QT8.8 海盗,△,existing,existing,existing,existing,existing,existing
黑羊.md,WL-WORK-2150,T5,T5 二战后多极文学,R4 欧洲文学,M3 现代主义与先锋派,G3 小说,QH2.1 爱情与欲望,△,existing,existing,existing,existing,existing,existing
黑色回声.md,WL-WORK-0109,T6,T6 当代全球文学,R5 北美文学,M5 战后与当代美学范式,G3 小说,QT1 推理与犯罪叙事,△,existing,existing,existing,existing,existing,existing
黑色大丽花.md,WL-WORK-0096,T6,T6 当代全球文学,R5 北美文学,M5 战后与当代美学范式,G3 小说,QT1 推理与犯罪叙事,△,existing,existing,existing,existing,existing,existing
黑色皮箱.md,WL-WORK-0159,T5,T5 二战后多极文学,R2 东亚文学,M5 战后与当代美学范式,G3 小说,QT1 推理与犯罪叙事,△,existing,existing,existing,existing,existing,existing
黑衣新娘.md,WL-WORK-0081,T4,T4 全球现代主义时代,R5 北美文学,M3 现代主义与先锋派,G3 小说,QT1 推理与犯罪叙事,△,existing,existing,existing,existing,existing,existing
黑豹，红狼.md,WL-WORK-0909,T6,T6 当代全球文学,R5 北美文学,M5 战后与当代美学范式,G3 小说,QT3 奇幻,△,existing,t_default,existing,existing,existing,existing
黑雨.md,WL-WORK-1339,T5,T5 二战后多极文学,R2 东亚文学,M5 战后与当代美学范式,G3 小说,QT7 历史叙事 | QH6 战争、暴力与创伤,◆,existing,existing,existing,existing,existing,existing
鼠疫.md,WL-WORK-1929,T5,T5 二战后多极文学,R4 欧洲文学,M5 战后与当代美学范式 | M5.1 战后思想与美学范式,G3 小说,QH6 战争、暴力与创伤,★,existing,existing,existing,existing,topic_direct,existing
齿轮.md,WL-WORK-1930,T4,T4 全球现代主义时代,R2 东亚文学,M3.1 现代主义 / Modernism,G3 小说,QH5 权力、制度与秩序,△,existing,existing,existing,existing,mechanism,existing
龙族.md,WL-WORK-2743,T6,T6 当代全球文学,R2 东亚文学,M5 战后与当代美学范式,G3 小说,QT3 奇幻 | QT8 英雄、边疆与法外者文化传统 | QH2.3 家庭与家族,△,existing,existing,existing,existing,existing,existing
龙牙.md,WL-WORK-2977,T4,T4 全球现代主义时代,R5 北美文学,M3 现代主义与先锋派,G3 小说,QH1 自我、存在与生命,△,existing,existing,existing,existing,t_default,existing
龙虎斗京华.md,WL-WORK-2660,T4,T4 全球现代主义时代,R2 东亚文学,M3 现代主义与先锋派,G3 小说,QT8 英雄、边疆与法外者文化传统 | QT8.1 武侠,△,existing,existing,existing,existing,existing,existing
龙蛋.md,WL-WORK-0370,T6,T6 当代全球文学,R5 北美文学,M5 战后与当代美学范式,G3 小说,QT2 科幻,△,existing,existing,existing,existing,existing,existing
龙马行.md,WL-WORK-1341,T5,T5 二战后多极文学,R2 东亚文学,M5 战后与当代美学范式,G3 小说,QT7 历史叙事 | QT8 英雄、边疆与法外者文化传统 | QT8.3 日本武士与剑豪,△,existing,existing,existing,existing,existing,existing
