file,title,author,year,current_t,current_axis_t,suggested_t_by_year,status,reason,verification_status,id
1988：我想和这个世界谈谈.md,1988：我想和这个世界谈谈,韩寒,,T6,T6 当代全球文学,,REVIEW,缺少可机器读取的 year；需要按成书/定稿/首次发表史人工核验,个人补录,WL-WORK-2667
1Q84.md,1Q84,村上春树,,T6,T6 当代全球文学,,REVIEW,缺少可机器读取的 year；需要按成书/定稿/首次发表史人工核验,个人补录,WL-WORK-2668
2312.md,2312,金·斯坦利·罗宾逊,,T6,T6 当代全球文学,,REVIEW,缺少可机器读取的 year；需要按成书/定稿/首次发表史人工核验,需复核,WL-WORK-2951
24个比利.md,24个比利,丹尼尔·凯斯,,T6,T6 当代全球文学,,REVIEW,缺少可机器读取的 year；需要按成书/定稿/首次发表史人工核验,个人补录,WL-WORK-2765
2666.md,2666,波拉尼奥,,T6,T6 当代全球文学,,REVIEW,缺少可机器读取的 year；需要按成书/定稿/首次发表史人工核验,自动通过,WL-WORK-1522
64.md,64,横山秀夫,,T6,T6 当代全球文学,,REVIEW,缺少可机器读取的 year；需要按成书/定稿/首次发表史人工核验,自动通过,WL-WORK-0174
82年生的金智英.md,82年生的金智英,赵南柱,,T6,T6 当代全球文学,,REVIEW,缺少可机器读取的 year；需要按成书/定稿/首次发表史人工核验,个人补录,WL-WORK-2669
A Boy's Own Story.md,A Boy's Own Story,埃德蒙·怀特,,T6,T6 当代全球文学,,REVIEW,缺少可机器读取的 year；需要按成书/定稿/首次发表史人工核验,自动通过,WL-WORK-0913
A Court of Thorns and Roses.md,A Court of Thorns and Roses,萨拉·J.马斯,,T6,T6 当代全球文学,,REVIEW,缺少可机器读取的 year；需要按成书/定稿/首次发表史人工核验,自动通过,WL-WORK-1933
A Gentleman of France.md,A Gentleman of France,斯坦利·韦曼,,T6,T6 当代全球文学,,REVIEW,缺少可机器读取的 year；需要按成书/定稿/首次发表史人工核验,自动通过,WL-WORK-2153
A Head Full of Ghosts.md,A Head Full of Ghosts,保罗·特朗布莱,2015,T6,T6 当代全球文学,T6,PASS,按 year 与正式 T 轴范围一致,自动通过,WL-WORK-0489
A Hunger Like No Other.md,A Hunger Like No Other,克雷斯莉·科尔,2006,T6,T6 当代全球文学,T6,PASS,按 year 与正式 T 轴范围一致,自动通过,WL-WORK-1934
A Knight's Own Book of Chivalry.md,A Knight's Own Book of Chivalry,若弗鲁瓦·德·沙尔尼,,T6,T6 当代全球文学,,REVIEW,缺少可机器读取的 year；需要按成书/定稿/首次发表史人工核验,自动通过,WL-WORK-2155
A Long Way Gone.md,A Long Way Gone,伊斯梅尔·比亚,,T6,T6 当代全球文学,,REVIEW,缺少可机器读取的 year；需要按成书/定稿/首次发表史人工核验,自动通过,WL-WORK-1935
A Princess in Theory.md,A Princess in Theory,艾莉莎·科尔,2018,T6,T6 当代全球文学,T6,PASS,按 year 与正式 T 轴范围一致,自动通过,WL-WORK-1936
A Small Place.md,A Small Place,牙买加·金凯德,1988,T6,T6 当代全球文学,T6,PASS,按 year 与正式 T 轴范围一致,自动通过,WL-WORK-1343
All You Need Is Kill.md,All You Need Is Kill,樱坂洋,,T6,T6 当代全球文学,,REVIEW,缺少可机器读取的 year；需要按成书/定稿/首次发表史人工核验,自动通过,WL-WORK-0418
Almanac of the Dead.md,Almanac of the Dead,莱斯利·马蒙·西尔科,,T6,T6 当代全球文学,,REVIEW,缺少可机器读取的 year；需要按成书/定稿/首次发表史人工核验,自动通过,WL-WORK-2159
Always Only You.md,Always Only You,克洛伊·利泽,2020,T6,T6 当代全球文学,T6,PASS,按 year 与正式 T 轴范围一致,自动通过,WL-WORK-1939
Ambiguity Machines and Other Stories.md,Ambiguity Machines and Other Stories,万达娜·辛格,,T6,T6 当代全球文学,,REVIEW,缺少可机器读取的 year；需要按成书/定稿/首次发表史人工核验,自动通过,WL-WORK-0477
Amsterdam.md,Amsterdam,伊恩·麦克尤恩,,T6,T6 当代全球文学,,REVIEW,缺少可机器读取的 year；需要按成书/定稿/首次发表史人工核验,需复核,WL-WORK-3059
Angel Down.md,Angel Down,丹尼尔·克劳斯,,T6,T6 当代全球文学,,REVIEW,缺少可机器读取的 year；需要按成书/定稿/首次发表史人工核验,需复核,WL-WORK-3034
Anything for Billy.md,Anything for Billy,拉里·麦克默特里,,T6,T6 当代全球文学,,REVIEW,缺少可机器读取的 year；需要按成书/定稿/首次发表史人工核验,自动通过,WL-WORK-2161
As the Earth Turns Silver.md,As the Earth Turns Silver,Alison Wong,2009,T6,T6 当代全球文学,T6,PASS,按 year 与正式 T 轴范围一致,手工核验,WL-WORK-R9-VERIFIED3-AS-THE-EARTH-TURNS-SILVER
Aspremont.md,Aspremont,佚名,,T6,T6 当代全球文学,,REVIEW,缺少可机器读取的 year；需要按成书/定稿/首次发表史人工核验,自动通过,WL-WORK-2162
Audition.md,Audition,村上龙,,T6,T6 当代全球文学,,REVIEW,缺少可机器读取的 year；需要按成书/定稿/首次发表史人工核验,自动通过,WL-WORK-0493
Ayesha at Last.md,Ayesha at Last,乌兹玛·贾拉勒丁,2018,T6,T6 当代全球文学,T6,PASS,按 year 与正式 T 轴范围一致,自动通过,WL-WORK-1942
A代表不在场证明.md,A代表不在场证明,苏·格拉夫顿,,T6,T6 当代全球文学,,REVIEW,缺少可机器读取的 year；需要按成书/定稿/首次发表史人工核验,自动通过,WL-WORK-0095
Beach Read.md,Beach Read,埃米莉·亨利,,T6,T6 当代全球文学,,REVIEW,缺少可机器读取的 year；需要按成书/定稿/首次发表史人工核验,自动通过,WL-WORK-1944
Before I Let Go.md,Before I Let Go,肯尼迪·瑞安,2022,T6,T6 当代全球文学,T6,PASS,按 year 与正式 T 轴范围一致,自动通过,WL-WORK-1945
Before She Sleeps.md,Before She Sleeps,比娜·沙阿,2018,T6,T6 当代全球文学,T6,PASS,按 year 与正式 T 轴范围一致,自动通过,WL-WORK-0916
Before the Fall.md,Before the Fall,诺亚·霍利,,T6,T6 当代全球文学,,REVIEW,缺少可机器读取的 year；需要按成书/定稿/首次发表史人工核验,需复核,WL-WORK-3143
Beirut Blues.md,Beirut Blues,哈南·谢赫,1992,T6,T6 当代全球文学,T6,PASS,按 year 与正式 T 轴范围一致,自动通过,WL-WORK-1946
Bet Me.md,Bet Me,珍妮弗·克鲁西,2004,T6,T6 当代全球文学,T6,PASS,按 year 与正式 T 轴范围一致,自动通过,WL-WORK-1947
Between the Woods and the Water.md,Between the Woods and the Water,帕特里克·利·弗莫尔,1986,T6,T6 当代全球文学,T6,PASS,按 year 与正式 T 轴范围一致,自动通过,WL-WORK-1350
"Black Leopard, Red Wolf.md","Black Leopard, Red Wolf",马龙·詹姆斯,,T6,T6 当代全球文学,,REVIEW,缺少可机器读取的 year；需要按成书/定稿/首次发表史人工核验,自动通过,WL-WORK-2173
Black Stone.md,Black Stone,Grace Mera Molisa,1983,T6,T6 当代全球文学,T6,PASS,按 year 与正式 T 轴范围一致,手工核验,WL-WORK-R9-VERIFIED2-BLACK-STONE-POEMS
Blue Heaven.md,Blue Heaven,C.J.博克斯,,T6,T6 当代全球文学,,REVIEW,缺少可机器读取的 year；需要按成书/定稿/首次发表史人工核验,需复核,WL-WORK-3135
Bones.md,Bones,简·伯克,,T6,T6 当代全球文学,,REVIEW,缺少可机器读取的 year；需要按成书/定稿/首次发表史人工核验,需复核,WL-WORK-3126
Book Lovers.md,Book Lovers,埃米莉·亨利,,T6,T6 当代全球文学,,REVIEW,缺少可机器读取的 year；需要按成书/定稿/首次发表史人工核验,自动通过,WL-WORK-1949
Borderlands ／ La Frontera.md,Borderlands / La Frontera,格洛丽亚·安扎尔杜亚,,T6,T6 当代全球文学,,REVIEW,缺少可机器读取的 year；需要按成书/定稿/首次发表史人工核验,自动通过,WL-WORK-2175
Boyfriend Material.md,Boyfriend Material,亚历克西斯·霍尔,,T6,T6 当代全球文学,,REVIEW,缺少可机器读取的 year；需要按成书/定稿/首次发表史人工核验,自动通过,WL-WORK-1950
Brut.md,Brut,亚瑟王出现,,T6,T6 当代全球文学,,REVIEW,缺少可机器读取的 year；需要按成书/定稿/首次发表史人工核验,自动通过,WL-WORK-2176
California Girl.md,California Girl,T.杰斐逊·帕克,,T6,T6 当代全球文学,,REVIEW,缺少可机器读取的 year；需要按成书/定稿/首次发表史人工核验,需复核,WL-WORK-3131
Certain Dark Things.md,Certain Dark Things,西尔维娅·莫雷诺-加西亚,,T6,T6 当代全球文学,,REVIEW,缺少可机器读取的 year；需要按成书/定稿/首次发表史人工核验,自动通过,WL-WORK-0495
"Changó, el gran putas.md","Changó, el gran putas",曼努埃尔·萨帕塔·奥利韦利亚,,T6,T6 当代全球文学,,REVIEW,缺少可机器读取的 year；需要按成书/定稿/首次发表史人工核验,自动通过,WL-WORK-1525
China Iron历险记.md,China Iron历险记,加夫列拉·卡贝松·卡马拉,,T6,T6 当代全球文学,,REVIEW,缺少可机器读取的 year；需要按成书/定稿/首次发表史人工核验,自动通过,WL-WORK-1526
Cielitos.md,Cielitos,巴托洛梅·伊达尔戈,,T6,T6 当代全球文学,,REVIEW,缺少可机器读取的 year；需要按成书/定稿/首次发表史人工核验,自动通过,WL-WORK-2184
Close Range.md,Close Range,安妮·普鲁,,T6,T6 当代全球文学,,REVIEW,缺少可机器读取的 year；需要按成书/定稿/首次发表史人工核验,自动通过,WL-WORK-2186
Cockfight.md,Cockfight,玛丽亚·费尔南达·安普埃罗,,T6,T6 当代全球文学,,REVIEW,缺少可机器读取的 year；需要按成书/定稿/首次发表史人工核验,自动通过,WL-WORK-0496
Comanche Moon.md,Comanche Moon,拉里·麦克默特里,,T6,T6 当代全球文学,,REVIEW,缺少可机器读取的 year；需要按成书/定稿/首次发表史人工核验,自动通过,WL-WORK-2189
Cracking India.md,Cracking India,巴普西·西德瓦,1988,T6,T6 当代全球文学,T6,PASS,按 year 与正式 T 轴范围一致,自动通过,WL-WORK-0919
Cryptonomicon.md,Cryptonomicon,尼尔·斯蒂芬森,,T6,T6 当代全球文学,,REVIEW,缺少可机器读取的 year；需要按成书/定稿/首次发表史人工核验,自动通过,WL-WORK-0920
Cycle of the Werewolf.md,Cycle of the Werewolf,斯蒂芬·金,,T6,T6 当代全球文学,,REVIEW,缺少可机器读取的 year；需要按成书/定稿/首次发表史人工核验,自动通过,WL-WORK-0497
"Dark Continent, My Black Arse.md","Dark Continent, My Black Arse",西赫勒·库马洛,2007,T6,T6 当代全球文学,T6,PASS,按 year 与正式 T 轴范围一致,自动通过,WL-WORK-1353
Dark Fire.md,Dark Fire,C.J.桑瑟姆,2004,T6,T6 当代全球文学,T6,PASS,按 year 与正式 T 轴范围一致,自动通过,WL-WORK-0921
Dark Lover.md,Dark Lover,J.R.沃德,,T6,T6 当代全球文学,,REVIEW,缺少可机器读取的 year；需要按成书/定稿/首次发表史人工核验,自动通过,WL-WORK-1952
Dauka Puran.md,Dauka Puran,Subramani,2001,T6,T6 当代全球文学,T6,PASS,按 year 与正式 T 轴范围一致,手工核验,WL-WORK-R9-VERIFIED3-AUK-PUR-N
Dead in the West.md,Dead in the West,乔·R.兰斯代尔,1986,T6,T6 当代全球文学,T6,PASS,按 year 与正式 T 轴范围一致,自动通过,WL-WORK-2196
Dead Man's Walk.md,Dead Man's Walk,拉里·麦克默特里,,T6,T6 当代全球文学,,REVIEW,缺少可机器读取的 year；需要按成书/定稿/首次发表史人工核验,自动通过,WL-WORK-2197
Delilah Green Doesn't Care.md,Delilah Green Doesn't Care,阿什莉·赫林·布莱克,2022,T6,T6 当代全球文学,T6,PASS,按 year 与正式 T 轴范围一致,自动通过,WL-WORK-1953
Destination Biafra.md,Destination Biafra,布奇·埃梅切塔,,T6,T6 当代全球文学,,REVIEW,缺少可机器读取的 year；需要按成书/定稿/首次发表史人工核验,自动通过,WL-WORK-1954
Destry Rides Again.md,Destry Rides Again,马克斯·布兰德,,T6,T6 当代全球文学,,REVIEW,缺少可机器读取的 year；需要按成书/定稿/首次发表史人工核验,自动通过,WL-WORK-2200
Devil in Winter.md,Devil in Winter,丽莎·克莱帕斯,2006,T6,T6 当代全球文学,T6,PASS,按 year 与正式 T 轴范围一致,自动通过,WL-WORK-1955
Diné Bahaneʼ：纳瓦霍创世故事.md,Diné Bahaneʼ：纳瓦霍创世故事,佚名,1984,T6,T6 当代全球文学,T6,PASS,按 year 与正式 T 轴范围一致,自动通过,WL-WORK-1354
Dire le vrai.md,Dire le vrai,Déwé Gorodé、Nicolas Kurtovitch,1999,T6,T6 当代全球文学,T6,PASS,按 year 与正式 T 轴范围一致,手工核验,WL-WORK-R9-VERIFIED2-DIRE-LE-VRAI
Diálogos patrióticos.md,Diálogos patrióticos,巴托洛梅·伊达尔戈,,T6,T6 当代全球文学,,REVIEW,缺少可机器读取的 year；需要按成书/定稿/首次发表史人工核验,自动通过,WL-WORK-2201
Don Segundo Sombra.md,Don Segundo Sombra,里卡多·吉拉尔德斯,,T6,T6 当代全球文学,,REVIEW,缺少可机器读取的 year；需要按成书/定稿/首次发表史人工核验,自动通过,WL-WORK-2202
Down River.md,Down River,约翰·哈特,,T6,T6 当代全球文学,,REVIEW,缺少可机器读取的 year；需要按成书/定稿/首次发表史人工核验,需复核,WL-WORK-3134
Dragon Raja.md,Dragon Raja,李英道,,T6,T6 当代全球文学,,REVIEW,缺少可机器读取的 year；需要按成书/定稿/首次发表史人工核验,自动通过,WL-WORK-0498
Dreaming in Cuban.md,Dreaming in Cuban,克里斯蒂娜·加西亚,1992,T6,T6 当代全球文学,T6,PASS,按 year 与正式 T 轴范围一致,自动通过,WL-WORK-0923
Dungeon Crawler Carl.md,Dungeon Crawler Carl,马特·丁尼曼,2020,T6,T6 当代全球文学,T6,PASS,按 year 与正式 T 轴范围一致,自动通过,WL-WORK-0499
Déwé Gorodé诗选.md,Déwé Gorodé诗选,Déwé Gorodé,,T6,T6 当代全球文学,,REVIEW,缺少可机器读取的 year；需要按成书/定稿/首次发表史人工核验,书目清理V1：作者已核定，其他字段按现有证据保留,WL-WORK-R9-046
El guacho Martín Fierro.md,El guacho Martín Fierro,法里尼亚,,T6,T6 当代全球文学,,REVIEW,缺少可机器读取的 year；需要按成书/定稿/首次发表史人工核验,自动通过,WL-WORK-2206
El inglés de los güesos.md,El inglés de los güesos,贝尼托·林奇,,T6,T6 当代全球文学,,REVIEW,缺少可机器读取的 year；需要按成书/定稿/首次发表史人工核验,自动通过,WL-WORK-2207
El Martín Fierro.md,El Martín Fierro,博尔赫斯 / 玛格丽塔·格雷罗,,T6,T6 当代全球文学,,REVIEW,缺少可机器读取的 year；需要按成书/定稿/首次发表史人工核验,自动通过,WL-WORK-2208
El matadero ／ 屠场.md,El matadero / 屠场,埃斯特万·埃切维里亚,,T6,T6 当代全球文学,,REVIEW,缺少可机器读取的 year；需要按成书/定稿/首次发表史人工核验,自动通过,WL-WORK-2209
El payador.md,El payador,莱奥波尔多·卢贡内斯,,T6,T6 当代全球文学,,REVIEW,缺少可机器读取的 year；需要按成书/定稿/首次发表史人工核验,自动通过,WL-WORK-2211
El romance de un gaucho.md,El romance de un gaucho,贝尼托·林奇,,T6,T6 当代全球文学,,REVIEW,缺少可机器读取的 year；需要按成书/定稿/首次发表史人工核验,自动通过,WL-WORK-2212
Eldorado.md,Eldorado,奥希兹男爵夫人,,T6,T6 当代全球文学,,REVIEW,缺少可机器读取的 year；需要按成书/定稿/首次发表史人工核验,自动通过,WL-WORK-2215
"Ema, la cautiva.md","Ema, la cautiva",塞萨尔·艾拉,,T6,T6 当代全球文学,,REVIEW,缺少可机器读取的 year；需要按成书/定稿/首次发表史人工核验,自动通过,WL-WORK-2216
Enemy of God.md,Enemy of God,伯纳德·康威尔,,T6,T6 当代全球文学,,REVIEW,缺少可机器读取的 year；需要按成书/定稿/首次发表史人工核验,自动通过,WL-WORK-2217
Excalibur.md,Excalibur,伯纳德·康威尔,,T6,T6 当代全球文学,,REVIEW,缺少可机器读取的 year；需要按成书/定稿/首次发表史人工核验,自动通过,WL-WORK-2222
Exquisite Corpse.md,Exquisite Corpse,波比·Z.布赖特,,T6,T6 当代全球文学,,REVIEW,缺少可机器读取的 year；需要按成书/定稿/首次发表史人工核验,自动通过,WL-WORK-0500
Fausto.md,Fausto,埃斯塔尼斯劳·德尔·坎波,,T6,T6 当代全球文学,,REVIEW,缺少可机器读取的 year；需要按成书/定稿/首次发表史人工核验,自动通过,WL-WORK-2225
Feed.md,Feed,M.T.安德森,,T6,T6 当代全球文学,,REVIEW,缺少可机器读取的 year；需要按成书/定稿/首次发表史人工核验,自动通过,WL-WORK-0925
Fierabras.md,Fierabras,佚名,,T6,T6 当代全球文学,,REVIEW,缺少可机器读取的 year；需要按成书/定稿/首次发表史人工核验,自动通过,WL-WORK-2226
Flags on the Bayou.md,Flags on the Bayou,詹姆斯·李·伯克,,T6,T6 当代全球文学,,REVIEW,缺少可机器读取的 year；需要按成书/定稿/首次发表史人工核验,需复核,WL-WORK-3150
Flashman.md,Flashman,乔治·麦克唐纳·弗雷泽,,T6,T6 当代全球文学,,REVIEW,缺少可机器读取的 year；需要按成书/定稿/首次发表史人工核验,自动通过,WL-WORK-2227
Flesh.md,Flesh,戴维·萨莱,,T6,T6 当代全球文学,,REVIEW,缺少可机器读取的 year；需要按成书/定稿/首次发表史人工核验,需复核,WL-WORK-3082
Fools Crow.md,Fools Crow,詹姆斯·韦尔奇,,T6,T6 当代全球文学,,REVIEW,缺少可机器读取的 year；需要按成书/定稿/首次发表史人工核验,自动通过,WL-WORK-0926
Forbidden.md,Forbidden,贝弗利·詹金斯,2016,T6,T6 当代全球文学,T6,PASS,按 year 与正式 T 轴范围一致,自动通过,WL-WORK-1958
Fourth Wing.md,Fourth Wing,丽贝卡·亚罗斯,,T6,T6 当代全球文学,,REVIEW,缺少可机器读取的 year；需要按成书/定稿/首次发表史人工核验,自动通过,WL-WORK-1959
From Unincorporated Territory [Hacha].md,From Unincorporated Territory [Hacha],Craig Santos Perez,2008,T6,T6 当代全球文学,T6,PASS,按 year 与正式 T 轴范围一致,手工核验,WL-WORK-R9-VERIFIED2-FROM-UNINCORPORATED-TERRITORY-HACHA
Games of Command.md,Games of Command,林妮娅·辛克莱,2007,T6,T6 当代全球文学,T6,PASS,按 year 与正式 T 轴范围一致,自动通过,WL-WORK-1960
"Get a Life, Chloe Brown.md","Get a Life, Chloe Brown",塔莉娅·希伯特,2019,T6,T6 当代全球文学,T6,PASS,按 year 与正式 T 轴范围一致,自动通过,WL-WORK-1961
Girart de Roussillon.md,Girart de Roussillon,佚名,,T6,T6 当代全球文学,,REVIEW,缺少可机器读取的 year；需要按成书/定稿/首次发表史人工核验,自动通过,WL-WORK-2233
Gnomon.md,Gnomon,尼克·哈卡维,2017,T6,T6 当代全球文学,T6,PASS,按 year 与正式 T 轴范围一致,自动通过,WL-WORK-0928
God's Country.md,God's Country,珀西瓦尔·埃弗里特,,T6,T6 当代全球文学,,REVIEW,缺少可机器读取的 year；需要按成书/定稿/首次发表史人工核验,自动通过,WL-WORK-2234
Gone.md,Gone,莫·海德,,T6,T6 当代全球文学,,REVIEW,缺少可机器读取的 year；需要按成书/定稿/首次发表史人工核验,需复核,WL-WORK-3138
Grito de Gloria.md,Grito de Gloria,阿塞韦多·迪亚斯,,T6,T6 当代全球文学,,REVIEW,缺少可机器读取的 year；需要按成书/定稿/首次发表史人工核验,自动通过,WL-WORK-2236
Hembemba -  Rivers of the Forest.md,Hembemba: Rivers of the Forest,Steven Edmund Winduo,2000,T6,T6 当代全球文学,T6,PASS,按 year 与正式 T 轴范围一致,手工核验,WL-WORK-R9-VERIFIED3-HEMBEMBA-RIVERS-OF-THE-FOREST
Hembemba - Rivers of the Forest.md,Hembemba: Rivers of the Forest,Steven Edmund Winduo,2000,T6,T6 当代全球文学,T6,PASS,按 year 与正式 T 轴范围一致,手工核验,WL-WORK-R9-VERIFIED3-HEMBEMBA-RIVERS-OF-THE-FOREST
Hood.md,Hood,斯蒂芬·R.劳黑德,2006,T6,T6 当代全球文学,T6,PASS,按 year 与正式 T 轴范围一致,自动通过,WL-WORK-2240
How Much of These Hills Is Gold.md,How Much of These Hills Is Gold,张沧畔,,T6,T6 当代全球文学,,REVIEW,缺少可机器读取的 year；需要按成书/定稿/首次发表史人工核验,自动通过,WL-WORK-2244
How the Soldier Repairs the Gramophone.md,How the Soldier Repairs the Gramophone,萨沙·斯塔尼希奇,,T6,T6 当代全球文学,,REVIEW,缺少可机器读取的 year；需要按成书/定稿/首次发表史人工核验,自动通过,WL-WORK-1965
Human Sacrifices.md,Human Sacrifices,玛丽亚·费尔南达·安普埃罗,,T6,T6 当代全球文学,,REVIEW,缺少可机器读取的 year；需要按成书/定稿/首次发表史人工核验,自动通过,WL-WORK-0503
Huon de Bordeaux.md,Huon de Bordeaux,佚名,,T6,T6 当代全球文学,,REVIEW,缺少可机器读取的 year；需要按成书/定稿/首次发表史人工核验,自动通过,WL-WORK-2245
I Will Repay.md,I Will Repay,奥希兹男爵夫人,,T6,T6 当代全球文学,,REVIEW,缺少可机器读取的 year；需要按成书/定稿/首次发表史人工核验,自动通过,WL-WORK-2246
I'm Waiting for You and Other Stories.md,I'm Waiting for You and Other Stories,金宝英,,T6,T6 当代全球文学,,REVIEW,缺少可机器读取的 year；需要按成书/定稿/首次发表史人工核验,自动通过,WL-WORK-0480
Iep Jāltok.md,Iep Jāltok,Kathy Jetñil-Kijiner,2017,T6,T6 当代全球文学,T6,PASS,按 year 与正式 T 轴范围一致,手工核验,WL-WORK-R9-VERIFIED2-IEP-J-LTOK-POEMS-FROM-A-MARSHALLESE
Imperium.md,Imperium,罗伯特·哈里斯,,T6,T6 当代全球文学,,REVIEW,缺少可机器读取的 year；需要按成书/定稿/首次发表史人工核验,自动通过,WL-WORK-0929
In an Antique Land.md,In an Antique Land,阿米塔夫·高希,,T6,T6 当代全球文学,,REVIEW,缺少可机器读取的 year；需要按成书/定稿/首次发表史人工核验,自动通过,WL-WORK-1355
In the Distance.md,In the Distance,埃尔南·迪亚斯,,T6,T6 当代全球文学,,REVIEW,缺少可机器读取的 year；需要按成书/定稿/首次发表史人工核验,自动通过,WL-WORK-2247
In the Miso Soup.md,In the Miso Soup,村上龙,,T6,T6 当代全球文学,,REVIEW,缺少可机器读取的 year；需要按成书/定稿/首次发表史人工核验,自动通过,WL-WORK-0504
Indigo.md,Indigo,贝弗利·詹金斯,1996,T6,T6 当代全球文学,T6,PASS,按 year 与正式 T 轴范围一致,自动通过,WL-WORK-1969
Inland.md,Inland,特娅·奥布雷赫特,2019,T6,T6 当代全球文学,T6,PASS,按 year 与正式 T 轴范围一致,自动通过,WL-WORK-2248
invert 城塚翡翠倒叙集.md,invert 城塚翡翠倒叙集,相泽沙呼,,T6,T6 当代全球文学,,REVIEW,缺少可机器读取的 year；需要按成书/定稿/首次发表史人工核验,自动通过,WL-WORK-0209
Ismael.md,Ismael,阿塞韦多·迪亚斯,,T6,T6 当代全球文学,,REVIEW,缺少可机器读取的 year；需要按成书/定稿/首次发表史人工核验,自动通过,WL-WORK-2249
It Had to Be You.md,It Had to Be You,诺拉·罗伯茨,,T6,T6 当代全球文学,,REVIEW,缺少可机器读取的 year；需要按成书/定稿/首次发表史人工核验,自动通过,WL-WORK-1970
James.md,James,珀西瓦尔·埃弗里特,,T6,T6 当代全球文学,,REVIEW,缺少可机器读取的 year；需要按成书/定稿/首次发表史人工核验,需复核,WL-WORK-3033
Jawbone.md,Jawbone,莫妮卡·奥赫达,,T6,T6 当代全球文学,,REVIEW,缺少可机器读取的 year；需要按成书/定稿/首次发表史人工核验,自动通过,WL-WORK-0505
Jennifer Government.md,Jennifer Government,马克斯·巴里,,T6,T6 当代全球文学,,REVIEW,缺少可机器读取的 year；需要按成书/定稿/首次发表史人工核验,自动通过,WL-WORK-0931
Juan Moreira.md,Juan Moreira,爱德华多·古铁雷斯,,T6,T6 当代全球文学,,REVIEW,缺少可机器读取的 year；需要按成书/定稿/首次发表史人工核验,自动通过,WL-WORK-2255
Just Like Home.md,Just Like Home,萨拉·盖利,,T6,T6 当代全球文学,,REVIEW,缺少可机器读取的 year；需要按成书/定稿/首次发表史人工核验,自动通过,WL-WORK-0506
Kalpa Imperial.md,Kalpa Imperial,安赫利卡·戈罗迪舍尔,,T6,T6 当代全球文学,,REVIEW,缺少可机器读取的 year；需要按成书/定稿/首次发表史人工核验,自动通过,WL-WORK-0472
La cautiva.md,La cautiva,埃斯特万·埃切维里亚,,T6,T6 当代全球文学,,REVIEW,缺少可机器读取的 year；需要按成书/定稿/首次发表史人工核验,自动通过,WL-WORK-2258
La guerra gaucha.md,La guerra gaucha,莱奥波尔多·卢贡内斯,,T6,T6 当代全球文学,,REVIEW,缺少可机器读取的 year；需要按成书/定稿/首次发表史人工核验,自动通过,WL-WORK-2259
La liebre.md,La liebre,塞萨尔·艾拉,,T6,T6 当代全球文学,,REVIEW,缺少可机器读取的 year；需要按成书/定稿/首次发表史人工核验,自动通过,WL-WORK-2260
Las aventuras de la China Iron.md,Las aventuras de la China Iron,加布里埃拉·卡贝松·卡马拉,,T6,T6 当代全球文学,,REVIEW,缺少可机器读取的 year；需要按成书/定稿/首次发表史人工核验,自动通过,WL-WORK-2267
Last of the Breed.md,Last of the Breed,路易斯·拉穆尔,,T6,T6 当代全球文学,,REVIEW,缺少可机器读取的 year；需要按成书/定稿/首次发表史人工核验,自动通过,WL-WORK-2268
Le Capitan.md,Le Capitan,米歇尔·泽瓦科,,T6,T6 当代全球文学,,REVIEW,缺少可机器读取的 year；需要按成书/定稿/首次发表史人工核验,自动通过,WL-WORK-2269
Legion.md,Legion,威廉·彼得·布拉蒂,,T6,T6 当代全球文学,,REVIEW,缺少可机器读取的 year；需要按成书/定稿/首次发表史人工核验,自动通过,WL-WORK-0507
Lendas do Sul.md,Lendas do Sul,西蒙斯·洛佩斯·内托,,T6,T6 当代全球文学,,REVIEW,缺少可机器读取的 year；需要按成书/定稿/首次发表史人工核验,自动通过,WL-WORK-2271
Less.md,Less,安德鲁·肖恩·格里尔,,T6,T6 当代全球文学,,REVIEW,缺少可机器读取的 year；需要按成书/定稿/首次发表史人工核验,需复核,WL-WORK-3026
Little Big Man.md,Little Big Man,托马斯·伯杰,,T6,T6 当代全球文学,,REVIEW,缺少可机器读取的 year；需要按成书/定稿/首次发表史人工核验,自动通过,WL-WORK-2273
Little Brother.md,Little Brother,科里·多克托罗,,T6,T6 当代全球文学,,REVIEW,缺少可机器读取的 year；需要按成书/定稿/首次发表史人工核验,自动通过,WL-WORK-0935
Live by Night.md,Live by Night,丹尼斯·勒翰,,T6,T6 当代全球文学,,REVIEW,缺少可机器读取的 year；需要按成书/定稿/首次发表史人工核验,需复核,WL-WORK-3139
Lone Women.md,Lone Women,维克多·拉瓦勒,,T6,T6 当代全球文学,,REVIEW,缺少可机器读取的 year；需要按成书/定稿/首次发表史人工核验,自动通过,WL-WORK-2274
Looking for Transwonderland／ Travels in Nigeria.md,Looking for Transwonderland: Travels in Nigeria,努·萨罗-维瓦,,T6,T6 当代全球文学,,REVIEW,缺少可机器读取的 year；需要按成书/定稿/首次发表史人工核验,自动通过,WL-WORK-1361
Los caranchos de La Florida.md,Los caranchos de La Florida,贝尼托·林奇,,T6,T6 当代全球文学,,REVIEW,缺少可机器读取的 year；需要按成书/定稿/首次发表史人工核验,自动通过,WL-WORK-2277
Los tres gauchos orientales.md,Los tres gauchos orientales,安东尼奥·卢西奇,,T6,T6 当代全球文学,,REVIEW,缺少可机器读取的 year；需要按成书/定稿/首次发表史人工核验,自动通过,WL-WORK-2278
Lumpérica.md,Lumpérica,迪亚梅拉·埃尔蒂特,,T6,T6 当代全球文学,,REVIEW,缺少可机器读取的 year；需要按成书/定稿/首次发表史人工核验,自动通过,WL-WORK-1535
L’Homme-lézard.md,L’Homme-lézard,Claudine Jacques,2002,T6,T6 当代全球文学,T6,PASS,按 year 与正式 T 轴范围一致,手工核验,WL-WORK-R9-VERIFIED3-L-HOMME-L-ZARD
L’île des rêves écrasés.md,L’île des rêves écrasés,Chantal T. Spitz,1991,T6,T6 当代全球文学,T6,PASS,按 year 与正式 T 轴范围一致,手工核验,WL-WORK-R9-VERIFIED2-L-LE-DES-R-VES-CRAS-S
Malaeska.md,Malaeska,安·S.斯蒂芬斯,,T6,T6 当代全球文学,,REVIEW,缺少可机器读取的 year；需要按成书/定稿/首次发表史人工核验,自动通过,WL-WORK-2280
medium 灵媒侦探城塚翡翠.md,medium 灵媒侦探城塚翡翠,相泽沙呼,,T6,T6 当代全球文学,,REVIEW,缺少可机器读取的 year；需要按成书/定稿/首次发表史人工核验,自动通过,WL-WORK-0208
Milkman.md,Milkman,安娜·伯恩斯,,T6,T6 当代全球文学,,REVIEW,缺少可机器读取的 year；需要按成书/定稿/首次发表史人工核验,需复核,WL-WORK-3074
Mongrels.md,Mongrels,斯蒂芬·格雷厄姆·琼斯,,T6,T6 当代全球文学,,REVIEW,缺少可机器读取的 year；需要按成书/定稿/首次发表史人工核验,自动通过,WL-WORK-0511
Moxyland.md,Moxyland,劳伦·博克斯,,T6,T6 当代全球文学,,REVIEW,缺少可机器读取的 year；需要按成书/定稿/首次发表史人工核验,自动通过,WL-WORK-0398
My Soul to Keep.md,My Soul to Keep,塔纳纳里夫·杜,,T6,T6 当代全球文学,,REVIEW,缺少可机器读取的 year；需要按成书/定稿/首次发表史人工核验,自动通过,WL-WORK-0514
My Urohs.md,My Urohs,Emelihter Kihleng,2008,T6,T6 当代全球文学,T6,PASS,按 year 与正式 T 轴范围一致,手工核验,WL-WORK-R9-VERIFIED2-MY-UROHS
Nativa.md,Nativa,阿塞韦多·迪亚斯,,T6,T6 当代全球文学,,REVIEW,缺少可机器读取的 year；需要按成书/定稿/首次发表史人工核验,自动通过,WL-WORK-2289
Nervous Conditions.md,Nervous Conditions,齐齐·丹加雷姆加,1988,T6,T6 当代全球文学,T6,PASS,按 year 与正式 T 轴范围一致,自动通过,WL-WORK-0936
News of the World.md,News of the World,波莱特·贾尔斯,,T6,T6 当代全球文学,,REVIEW,缺少可机器读取的 year；需要按成书/定稿/首次发表史人工核验,自动通过,WL-WORK-2290
Nexus.md,Nexus,拉梅兹·纳姆,,T6,T6 当代全球文学,,REVIEW,缺少可机器读取的 year；需要按成书/定稿/首次发表史人工核验,自动通过,WL-WORK-0399
Night Watch.md,Night Watch,杰恩·安妮·菲利普斯,,T6,T6 当代全球文学,,REVIEW,缺少可机器读取的 year；需要按成书/定稿/首次发表史人工核验,需复核,WL-WORK-3032
No-No Boy.md,No-No Boy,约翰·冈田,,T6,T6 当代全球文学,,REVIEW,缺少可机器读取的 year；需要按成书/定稿/首次发表史人工核验,自动通过,WL-WORK-0937
Old Bones.md,Old Bones,亚伦·埃尔金斯,,T6,T6 当代全球文学,,REVIEW,缺少可机器读取的 year；需要按成书/定稿/首次发表史人工核验,需复核,WL-WORK-3114
Old Jules.md,Old Jules,玛丽·桑多兹,,T6,T6 当代全球文学,,REVIEW,缺少可机器读取的 year；需要按成书/定稿/首次发表史人工核验,自动通过,WL-WORK-2293
Open Season.md,Open Season,C.J.博克斯,,T6,T6 当代全球文学,,REVIEW,缺少可机器读取的 year；需要按成书/定稿/首次发表史人工核验,自动通过,WL-WORK-2295
Orbital.md,Orbital,萨曼莎·哈维,,T6,T6 当代全球文学,,REVIEW,缺少可机器读取的 year；需要按成书/定稿/首次发表史人工核验,需复核,WL-WORK-3081
OUT.md,OUT,桐野夏生,,T6,T6 当代全球文学,,REVIEW,缺少可机器读取的 year；需要按成书/定稿/首次发表史人工核验,自动通过,WL-WORK-0172
Outlawed.md,Outlawed,安娜·诺斯,,T6,T6 当代全球文学,,REVIEW,缺少可机器读取的 year；需要按成书/定稿/首次发表史人工核验,自动通过,WL-WORK-2297
Paradise Sky.md,Paradise Sky,乔·R.兰斯代尔,,T6,T6 当代全球文学,,REVIEW,缺少可机器读取的 year；需要按成书/定稿/首次发表史人工核验,自动通过,WL-WORK-2300
Paulino Lucero.md,Paulino Lucero,阿斯卡苏比,,T6,T6 当代全球文学,,REVIEW,缺少可机器读取的 year；需要按成书/定稿/首次发表史人工核验,自动通过,WL-WORK-2302
People of the Book.md,People of the Book,杰拉尔丁·布鲁克斯,,T6,T6 当代全球文学,,REVIEW,缺少可机器读取的 year；需要按成书/定稿/首次发表史人工核验,自动通过,WL-WORK-0938
Peregrine's Progress.md,Peregrine's Progress,杰弗里·法诺尔,,T6,T6 当代全球文学,,REVIEW,缺少可机器读取的 year；需要按成书/定稿/首次发表史人工核验,自动通过,WL-WORK-2305
Peregrine.md,Peregrine,威廉·拜尔,,T6,T6 当代全球文学,,REVIEW,缺少可机器读取的 year；需要按成书/定稿/首次发表史人工核验,需复核,WL-WORK-3108
Pirate Freedom.md,Pirate Freedom,吉恩·沃尔夫,,T6,T6 当代全球文学,,REVIEW,缺少可机器读取的 year；需要按成书/定稿/首次发表史人工核验,自动通过,WL-WORK-2308
QualityLand.md,QualityLand,马克-乌韦·克林,,T6,T6 当代全球文学,,REVIEW,缺少可机器读取的 year；需要按成书/定稿/首次发表史人工核验,自动通过,WL-WORK-0939
Ramrod.md,Ramrod,卢克·肖特,,T6,T6 当代全球文学,,REVIEW,缺少可机器读取的 year；需要按成书/定稿/首次发表史人工核验,自动通过,WL-WORK-2312
Raoul de Cambrai.md,Raoul de Cambrai,佚名,,T6,T6 当代全球文学,,REVIEW,缺少可机器读取的 year；需要按成书/定稿/首次发表史人工核验,自动通过,WL-WORK-2313
Renaud de Montauban ／ The Four Sons of Aymon.md,Renaud de Montauban / The Four Sons of Aymon,佚名,,T6,T6 当代全球文学,,REVIEW,缺少可机器读取的 year；需要按成书/定稿/首次发表史人工核验,自动通过,WL-WORK-2314
Reservation Blues.md,Reservation Blues,谢尔曼·阿莱克西,,T6,T6 当代全球文学,,REVIEW,缺少可机器读取的 year；需要按成书/定稿/首次发表史人工核验,自动通过,WL-WORK-2315
Ride the River.md,Ride the River,路易斯·拉穆尔,,T6,T6 当代全球文学,,REVIEW,缺少可机器读取的 year；需要按成书/定稿/首次发表史人工核验,自动通过,WL-WORK-2316
Riders of the Silences.md,Riders of the Silences,马克斯·布兰德,,T6,T6 当代全球文学,,REVIEW,缺少可机器读取的 year；需要按成书/定稿/首次发表史人工核验,自动通过,WL-WORK-2317
Ring Shout.md,Ring Shout,P.杰利·克拉克,,T6,T6 当代全球文学,,REVIEW,缺少可机器读取的 year；需要按成书/定稿/首次发表史人工核验,自动通过,WL-WORK-0516
Roman d'Alexandre.md,Roman d'Alexandre,佚名,,T6,T6 当代全球文学,,REVIEW,缺少可机器读取的 year；需要按成书/定稿/首次发表史人工核验,自动通过,WL-WORK-2328
Roman d'Enéas.md,Roman d'Enéas,佚名,,T6,T6 当代全球文学,,REVIEW,缺少可机器读取的 year；需要按成书/定稿/首次发表史人工核验,自动通过,WL-WORK-2329
Roman de Thèbes.md,Roman de Thèbes,佚名,,T6,T6 当代全球文学,,REVIEW,缺少可机器读取的 year；需要按成书/定稿/首次发表史人工核验,自动通过,WL-WORK-2332
Roman de Troie.md,Roman de Troie,伯努瓦·德·圣莫尔,,T6,T6 当代全球文学,,REVIEW,缺少可机器读取的 year；需要按成书/定稿/首次发表史人工核验,自动通过,WL-WORK-2333
Ronggeng Dukuh Paruk.md,Ronggeng Dukuh Paruk,Ahmad Tohari,1982,T6,T6 当代全球文学,T6,PASS,按 year 与正式 T 轴范围一致,手工核验,WL-WORK-R8-VERIFIED-RONGGENG-DUKUH-PARUK
Ru.md,Ru,Kim Thúy,,T6,T6 当代全球文学,,REVIEW,缺少可机器读取的 year；需要按成书/定稿/首次发表史人工核验,结构补全待书目核验,WL-WORK-R5-039
Russian Folk Belief.md,Russian Folk Belief,琳达·伊万尼茨,,T6,T6 当代全球文学,,REVIEW,缺少可机器读取的 year；需要按成书/定稿/首次发表史人工核验,自动通过,WL-WORK-1369
Santos Vega o los mellizos de la Flor.md,Santos Vega o los mellizos de la Flor,阿斯卡苏比,,T6,T6 当代全球文学,,REVIEW,缺少可机器读取的 year；需要按成书/定稿/首次发表史人工核验,自动通过,WL-WORK-2337
Santos Vega.md,Santos Vega,拉斐尔·奥夫利加多,,T6,T6 当代全球文学,,REVIEW,缺少可机器读取的 year；需要按成书/定稿/首次发表史人工核验,自动通过,WL-WORK-2336
Sarajevo Marlboro.md,Sarajevo Marlboro,米连科·耶尔戈维奇,,T6,T6 当代全球文学,,REVIEW,缺少可机器读取的 year；需要按成书/定稿/首次发表史人工核验,自动通过,WL-WORK-1980
Seth Jones.md,Seth Jones,爱德华·S.埃利斯,,T6,T6 当代全球文学,,REVIEW,缺少可机器读取的 year；需要按成书/定稿/首次发表史人工核验,自动通过,WL-WORK-2338
Shards of Honor.md,Shards of Honor,洛伊斯·麦克马斯特·比约德,,T6,T6 当代全球文学,,REVIEW,缺少可机器读取的 year；需要按成书/定稿/首次发表史人工核验,自动通过,WL-WORK-1981
Shark Dialogues.md,Shark Dialogues,Kiana Davenport,1994,T6,T6 当代全球文学,T6,PASS,按 year 与正式 T 轴范围一致,手工核验,WL-WORK-R9-VERIFIED2-SHARK-DIALOGUES
Sharpe's Eagle.md,Sharpe's Eagle,伯纳德·康威尔,,T6,T6 当代全球文学,,REVIEW,缺少可机器读取的 year；需要按成书/定稿/首次发表史人工核验,自动通过,WL-WORK-0943
Silent Joe.md,Silent Joe,T.杰斐逊·帕克,,T6,T6 当代全球文学,,REVIEW,缺少可机器读取的 year；需要按成书/定稿/首次发表史人工核验,需复核,WL-WORK-3128
Simon Dale.md,Simon Dale,安东尼·霍普,,T6,T6 当代全球文学,,REVIEW,缺少可机器读取的 year；需要按成书/定稿/首次发表史人工核验,自动通过,WL-WORK-2340
Slave to Sensation.md,Slave to Sensation,纳莉妮·辛格,,T6,T6 当代全球文学,,REVIEW,缺少可机器读取的 year；需要按成书/定稿/首次发表史人工核验,自动通过,WL-WORK-1982
Slogum House.md,Slogum House,玛丽·桑多兹,,T6,T6 当代全球文学,,REVIEW,缺少可机器读取的 year；需要按成书/定稿/首次发表史人工核验,自动通过,WL-WORK-2343
So Far from God.md,So Far from God,安娜·卡斯蒂略,,T6,T6 当代全球文学,,REVIEW,缺少可机器读取的 year；需要按成书/定稿/首次发表史人工核验,自动通过,WL-WORK-2345
State of Emergency.md,State of Emergency,Jeremy Tiang,2017,T6,T6 当代全球文学,T6,PASS,按 year 与正式 T 轴范围一致,手工核验,WL-WORK-R8-VERIFIED-STATE-OF-EMERGENCY
Streets of Laredo.md,Streets of Laredo,拉里·麦克默特里,,T6,T6 当代全球文学,,REVIEW,缺少可机器读取的 year；需要按成书/定稿/首次发表史人工核验,自动通过,WL-WORK-2347
Sun and Saddle Leather.md,Sun and Saddle Leather,查尔斯·巴杰·克拉克,,T6,T6 当代全球文学,,REVIEW,缺少可机器读取的 year；需要按成书/定稿/首次发表史人工核验,自动通过,WL-WORK-2348
Sundown.md,Sundown,约翰·约瑟夫·马修斯,,T6,T6 当代全球文学,,REVIEW,缺少可机器读取的 year；需要按成书/定稿/首次发表史人工核验,自动通过,WL-WORK-2349
Sword at Sunset.md,Sword at Sunset,罗斯玛丽·萨克利夫,,T6,T6 当代全球文学,,REVIEW,缺少可机器读取的 year；需要按成书/定稿/首次发表史人工核验,自动通过,WL-WORK-2350
Sóngoro cosongo.md,Sóngoro cosongo,尼古拉斯·纪廉,,T6,T6 当代全球文学,,REVIEW,缺少可机器读取的 year；需要按成书/定稿/首次发表史人工核验,自动通过,WL-WORK-1539
Territory.md,Territory,艾玛·布尔,,T6,T6 当代全球文学,,REVIEW,缺少可机器读取的 year；需要按成书/定稿/首次发表史人工核验,自动通过,WL-WORK-2352
That Old Ace in the Hole.md,That Old Ace in the Hole,安妮·普鲁,,T6,T6 当代全球文学,,REVIEW,缺少可机器读取的 year；需要按成书/定稿/首次发表史人工核验,自动通过,WL-WORK-2353
The Absolutely True Diary of a Part-Time Indian.md,The Absolutely True Diary of a Part-Time Indian,谢尔曼·阿莱克西,,T6,T6 当代全球文学,,REVIEW,缺少可机器读取的 year；需要按成书/定稿/首次发表史人工核验,自动通过,WL-WORK-0946
The Alternative.md,The Alternative,John Saunana,1980,T6,T6 当代全球文学,,BOUNDARY,year=1980 恰落在 T 轴操作性断点，需要人工确认归属口径,手工核验,WL-WORK-R9-VERIFIED2-THE-ALTERNATIVE
The Amateur Gentleman.md,The Amateur Gentleman,杰弗里·法诺尔,,T6,T6 当代全球文学,,REVIEW,缺少可机器读取的 year；需要按成书/定稿/首次发表史人工核验,自动通过,WL-WORK-2359
The Assassination of Jesse James by the Coward Robert Ford.md,The Assassination of Jesse James by the Coward Robert Ford,罗恩·汉森,,T6,T6 当代全球文学,,REVIEW,缺少可机器读取的 year；需要按成书/定稿/首次发表史人工核验,自动通过,WL-WORK-2360
The Assassination of Jesse James.md,The Assassination of Jesse James...,罗恩·汉森,,T6,T6 当代全球文学,,REVIEW,缺少可机器读取的 year；需要按成书/定稿/首次发表史人工核验,自动通过,WL-WORK-2361
The Ballad of Black Tom.md,The Ballad of Black Tom,维克多·拉瓦勒,,T6,T6 当代全球文学,,REVIEW,缺少可机器读取的 year；需要按成书/定稿/首次发表史人工核验,自动通过,WL-WORK-0524
The Big Empty.md,The Big Empty,罗伯特·克雷斯,,T6,T6 当代全球文学,,REVIEW,缺少可机器读取的 year；需要按成书/定稿/首次发表史人工核验,需复核,WL-WORK-3152
The Blessing Way.md,The Blessing Way,托尼·希勒曼,,T6,T6 当代全球文学,,REVIEW,缺少可机器读取的 year；需要按成书/定稿/首次发表史人工核验,自动通过,WL-WORK-2363
The Bottoms.md,The Bottoms,乔·R·兰斯代尔,,T6,T6 当代全球文学,,REVIEW,缺少可机器读取的 year；需要按成书/定稿/首次发表史人工核验,需复核,WL-WORK-3127
The Brave Cowboy.md,The Brave Cowboy,爱德华·艾比,,T6,T6 当代全球文学,,REVIEW,缺少可机器读取的 year；需要按成书/定稿/首次发表史人工核验,自动通过,WL-WORK-2367
The Cold Dish.md,The Cold Dish,克雷格·约翰逊,,T6,T6 当代全球文学,,REVIEW,缺少可机器读取的 year；需要按成书/定稿/首次发表史人工核验,自动通过,WL-WORK-2370
The Conquest.md,The Conquest,奥斯卡·米肖,,T6,T6 当代全球文学,,REVIEW,缺少可机器读取的 year；需要按成书/定稿/首次发表史人工核验,自动通过,WL-WORK-2372
The Damnation Game.md,The Damnation Game,克莱夫·巴克,,T6,T6 当代全球文学,,REVIEW,缺少可机器读取的 year；需要按成书/定稿/首次发表史人工核验,自动通过,WL-WORK-0530
The Day the Cowboys Quit.md,The Day the Cowboys Quit,埃尔默·凯尔顿,,T6,T6 当代全球文学,,REVIEW,缺少可机器读取的 year；需要按成书/定稿/首次发表史人工核验,自动通过,WL-WORK-2375
The Elusive Pimpernel.md,The Elusive Pimpernel,奥希兹男爵夫人,,T6,T6 当代全球文学,,REVIEW,缺少可机器读取的 year；需要按成书/定稿/首次发表史人工核验,自动通过,WL-WORK-2378
The Gathering.md,The Gathering,安妮·恩莱特,,T6,T6 当代全球文学,,REVIEW,缺少可机器读取的 year；需要按成书/定稿/首次发表史人工核验,需复核,WL-WORK-3066
The Gaucho Genre.md,The Gaucho Genre,约瑟菲娜·卢德梅尔,,T6,T6 当代全球文学,,REVIEW,缺少可机器读取的 year；需要按成书/定稿/首次发表史人工核验,自动通过,WL-WORK-2379
The Good House.md,The Good House,塔纳纳里夫·杜,,T6,T6 当代全球文学,,REVIEW,缺少可机器读取的 year；需要按成书/定稿/首次发表史人工核验,自动通过,WL-WORK-0534
The Good Old Boys.md,The Good Old Boys,埃尔默·凯尔顿,,T6,T6 当代全球文学,,REVIEW,缺少可机器读取的 year；需要按成书/定稿/首次发表史人工核验,自动通过,WL-WORK-2380
The Hanging Tree.md,The Hanging Tree,多萝西·M.约翰逊,,T6,T6 当代全球文学,,REVIEW,缺少可机器读取的 year；需要按成书/定稿/首次发表史人工核验,自动通过,WL-WORK-2381
The Homesteader.md,The Homesteader,奥斯卡·米肖,,T6,T6 当代全球文学,,REVIEW,缺少可机器读取的 year；需要按成书/定稿/首次发表史人工核验,自动通过,WL-WORK-2383
The House of the Wolf.md,The House of the Wolf,斯坦利·韦曼,,T6,T6 当代全球文学,,REVIEW,缺少可机器读取的 year；需要按成书/定稿/首次发表史人工核验,自动通过,WL-WORK-2384
The Hummingbird's Daughter.md,The Hummingbird's Daughter,路易斯·阿尔贝托·乌雷亚,,T6,T6 当代全球文学,,REVIEW,缺少可机器读取的 year；需要按成书/定稿/首次发表史人工核验,自动通过,WL-WORK-2385
The Imago Sequence.md,The Imago Sequence,莱尔德·巴伦,,T6,T6 当代全球文学,,REVIEW,缺少可机器读取的 year；需要按成书/定稿/首次发表史人工核验,自动通过,WL-WORK-0536
The In Crowd.md,The In Crowd,夏洛特·瓦塞尔,,T6,T6 当代全球文学,,REVIEW,缺少可机器读取的 year；需要按成书/定稿/首次发表史人工核验,需复核,WL-WORK-3151
The Jump-Off Creek.md,The Jump-Off Creek,莫莉·格洛斯,,T6,T6 当代全球文学,,REVIEW,缺少可机器读取的 year；需要按成书/定稿/首次发表史人工核验,自动通过,WL-WORK-2386
The Kiss Quotient.md,The Kiss Quotient,海伦·黄,,T6,T6 当代全球文学,,REVIEW,缺少可机器读取的 year；需要按成书/定稿/首次发表史人工核验,自动通过,WL-WORK-1989
The Last Child.md,The Last Child,约翰·哈特,,T6,T6 当代全球文学,,REVIEW,缺少可机器读取的 year；需要按成书/定稿/首次发表史人工核验,需复核,WL-WORK-3136
The Last Good Kiss.md,The Last Good Kiss,詹姆斯·克拉姆利,,T6,T6 当代全球文学,,REVIEW,缺少可机器读取的 year；需要按成书/定稿/首次发表史人工核验,自动通过,WL-WORK-2388
The Led-Horse Claim.md,The Led-Horse Claim,玛丽·哈洛克·富特,,T6,T6 当代全球文学,,REVIEW,缺少可机器读取的 year；需要按成书/定稿/首次发表史人工核验,自动通过,WL-WORK-2389
The Life and Adventures of Nat Love.md,The Life and Adventures of Nat Love,纳特·洛夫,,T6,T6 当代全球文学,,REVIEW,缺少可机器读取的 year；需要按成书/定稿/首次发表史人工核验,自动通过,WL-WORK-2390
The Man Who Shot Liberty Valance.md,The Man Who Shot Liberty Valance,多萝西·M.约翰逊,,T6,T6 当代全球文学,,REVIEW,缺少可机器读取的 year；需要按成书/定稿/首次发表史人工核验,自动通过,WL-WORK-2394
The Matriarch.md,The Matriarch,Witi Ihimaera,1986,T6,T6 当代全球文学,T6,PASS,按 year 与正式 T 轴范围一致,手工核验,WL-WORK-R9-VERIFIED1-THE-MATRIARCH
The Night Watchman.md,The Night Watchman,路易丝·厄德里奇,,T6,T6 当代全球文学,,REVIEW,缺少可机器读取的 year；需要按成书/定稿/首次发表史人工核验,自动通过,WL-WORK-0949
The Old Ways.md,The Old Ways,罗伯特·麦克法伦,,T6,T6 当代全球文学,,REVIEW,缺少可机器读取的 year；需要按成书/定稿/首次发表史人工核验,自动通过,WL-WORK-1378
The Only Good Indians.md,The Only Good Indians,斯蒂芬·格雷厄姆·琼斯,,T6,T6 当代全球文学,,REVIEW,缺少可机器读取的 year；需要按成书/定稿/首次发表史人工核验,自动通过,WL-WORK-0542
The Promise.md,The Promise,达蒙·加尔古特,,T6,T6 当代全球文学,,REVIEW,缺少可机器读取的 year；需要按成书/定稿/首次发表史人工核验,需复核,WL-WORK-3078
The Purple Land.md,The Purple Land,W.H.赫德森,,T6,T6 当代全球文学,,REVIEW,缺少可机器读取的 year；需要按成书/定稿/首次发表史人工核验,自动通过,WL-WORK-2399
The Pyrates.md,The Pyrates,乔治·麦克唐纳·弗雷泽,,T6,T6 当代全球文学,,REVIEW,缺少可机器读取的 year；需要按成书/定稿/首次发表史人工核验,自动通过,WL-WORK-2400
The Reformatory.md,The Reformatory,塔纳纳里夫·杜,,T6,T6 当代全球文学,,REVIEW,缺少可机器读取的 year；需要按成书/定稿/首次发表史人工核验,自动通过,WL-WORK-0545
The Ritual.md,The Ritual,亚当·内维尔,,T6,T6 当代全球文学,,REVIEW,缺少可机器读取的 year；需要按成书/定稿/首次发表史人工核验,自动通过,WL-WORK-0546
The Scar.md,The Scar,查纳·米耶维,,T6,T6 当代全球文学,,REVIEW,缺少可机器读取的 year；需要按成书/定稿/首次发表史人工核验,自动通过,WL-WORK-2404
The Sea.md,The Sea,约翰·班维尔,,T6,T6 当代全球文学,,REVIEW,缺少可机器读取的 year；需要按成书/定稿/首次发表史人工核验,需复核,WL-WORK-3064
The Sisters Brothers.md,The Sisters Brothers,帕特里克·德威特,,T6,T6 当代全球文学,,REVIEW,缺少可机器读取的 year；需要按成书/定稿/首次发表史人工核验,自动通过,WL-WORK-2406
The Six-Gun Tarot.md,The Six-Gun Tarot,R.S.贝尔彻,,T6,T6 当代全球文学,,REVIEW,缺少可机器读取的 year；需要按成书/定稿/首次发表史人工核验,自动通过,WL-WORK-2407
The Songlines.md,The Songlines,布鲁斯·查特文,,T6,T6 当代全球文学,,REVIEW,缺少可机器读取的 year；需要按成书/定稿/首次发表史人工核验,自动通过,WL-WORK-1381
The Surrendered.md,The Surrendered,李昌来,,T6,T6 当代全球文学,,REVIEW,缺少可机器读取的 year；需要按成书/定稿/首次发表史人工核验,自动通过,WL-WORK-1993
The Surrounded.md,The Surrounded,达西·麦克尼克尔,,T6,T6 当代全球文学,,REVIEW,缺少可机器读取的 year；需要按成书/定稿/首次发表史人工核验,自动通过,WL-WORK-2411
The Suspect.md,The Suspect,L.R.赖特,,T6,T6 当代全球文学,,REVIEW,缺少可机器读取的 year；需要按成书/定稿/首次发表史人工核验,需复核,WL-WORK-3112
The Thousand Crimes of Ming Tsu.md,The Thousand Crimes of Ming Tsu,汤姆·林,,T6,T6 当代全球文学,,REVIEW,缺少可机器读取的 year；需要按成书/定稿/首次发表史人工核验,自动通过,WL-WORK-2414
The Time It Never Rained.md,The Time It Never Rained,埃尔默·凯尔顿,,T6,T6 当代全球文学,,REVIEW,缺少可机器读取的 year；需要按成书/定稿/首次发表史人工核验,自动通过,WL-WORK-2415
The Underdogs ／ Los de abajo.md,The Underdogs / Los de abajo,马里亚诺·阿苏埃拉,,T6,T6 当代全球文学,,REVIEW,缺少可机器读取的 year；需要按成书/定稿/首次发表史人工核验,自动通过,WL-WORK-2416
The Untamed.md,The Untamed,马克斯·布兰德,,T6,T6 当代全球文学,,REVIEW,缺少可机器读取的 year；需要按成书/定稿/首次发表史人工核验,自动通过,WL-WORK-2417
The Viscount Who Loved Me.md,The Viscount Who Loved Me,朱莉娅·奎因,,T6,T6 当代全球文学,,REVIEW,缺少可机器读取的 year；需要按成书/定稿/首次发表史人工核验,自动通过,WL-WORK-1994
The Winter King.md,The Winter King,伯纳德·康威尔,,T6,T6 当代全球文学,,REVIEW,缺少可机器读取的 year；需要按成书/定稿/首次发表史人工核验,自动通过,WL-WORK-2419
The Wounded Sea.md,The Wounded Sea,Satendra Pratap Nandan,1991,T6,T6 当代全球文学,T6,PASS,按 year 与正式 T 轴范围一致,手工核验,WL-WORK-R9-VERIFIED3-THE-WOUNDED-SEA
The Yellow Birds.md,The Yellow Birds,凯文·鲍尔斯,,T6,T6 当代全球文学,,REVIEW,缺少可机器读取的 year；需要按成书/定稿/首次发表史人工核验,自动通过,WL-WORK-1996
These Thousand Hills.md,These Thousand Hills,A.B.格思里,,T6,T6 当代全球文学,,REVIEW,缺少可机器读取的 year；需要按成书/定稿/首次发表史人工核验,自动通过,WL-WORK-2421
This One Summer.md,This One Summer,玉木真理子 / 吉莉安·玉木,,T6,T6 当代全球文学,,REVIEW,缺少可机器读取的 year；需要按成书/定稿/首次发表史人工核验,自动通过,WL-WORK-0954
Those Across the River.md,Those Across the River,克里斯托弗·比尔曼,,T6,T6 当代全球文学,,REVIEW,缺少可机器读取的 year；需要按成书/定稿/首次发表史人工核验,自动通过,WL-WORK-0550
Torto Arado.md,Torto Arado,伊塔马尔·维埃拉·儒尼奥尔,,T6,T6 当代全球文学,,REVIEW,缺少可机器读取的 year；需要按成书/定稿/首次发表史人工核验,自动通过,WL-WORK-1544
Tristan.md,Tristan,贝鲁尔,,T6,T6 当代全球文学,,REVIEW,缺少可机器读取的 year；需要按成书/定稿/首次发表史人工核验,自动通过,WL-WORK-2423
True History of the Kelly Gang.md,True History of the Kelly Gang,彼得·凯里,,T6,T6 当代全球文学,,REVIEW,缺少可机器读取的 year；需要按成书/定稿/首次发表史人工核验,自动通过,WL-WORK-2424
Trust.md,Trust,埃尔南·迪亚斯,,T6,T6 当代全球文学,,REVIEW,缺少可机器读取的 year；需要按成书/定稿/首次发表史人工核验,需复核,WL-WORK-3030
Un episodio en la vida del pintor viajero.md,Un episodio en la vida del pintor viajero,塞萨尔·艾拉,,T6,T6 当代全球文学,,REVIEW,缺少可机器读取的 year；需要按成书/定稿/首次发表史人工核验,自动通过,WL-WORK-2425
Under the Feet of Jesus.md,Under the Feet of Jesus,海伦娜·玛丽亚·比拉蒙特斯,,T6,T6 当代全球文学,,REVIEW,缺少可机器读取的 year；需要按成书/定稿/首次发表史人工核验,自动通过,WL-WORK-2426
Under the Red Robe.md,Under the Red Robe,斯坦利·韦曼,,T6,T6 当代全球文学,,REVIEW,缺少可机器读取的 year；需要按成书/定稿/首次发表史人工核验,自动通过,WL-WORK-2427
Vision in White.md,Vision in White,诺拉·罗伯茨,,T6,T6 当代全球文学,,REVIEW,缺少可机器读取的 year；需要按成书/定稿/首次发表史人工核验,自动通过,WL-WORK-1998
Walkaway.md,Walkaway,科里·多克托罗,,T6,T6 当代全球文学,,REVIEW,缺少可机器读取的 year；需要按成书/定稿/首次发表史人工核验,自动通过,WL-WORK-0956
Warlock.md,Warlock,奥克利·霍尔,,T6,T6 当代全球文学,,REVIEW,缺少可机器读取的 year；需要按成书/定稿/首次发表史人工核验,自动通过,WL-WORK-2428
Wild Dogs Under My Skirt.md,Wild Dogs Under My Skirt,Tusiata Avia,2004,T6,T6 当代全球文学,T6,PASS,按 year 与正式 T 轴范围一致,手工核验,WL-WORK-R9-VERIFIED2-WILD-DOGS-UNDER-MY-SKIRT
Winter and Night.md,Winter and Night,S.J.罗赞,,T6,T6 当代全球文学,,REVIEW,缺少可机器读取的 year；需要按成书/定稿/首次发表史人工核验,需复核,WL-WORK-3129
Winter in the Blood.md,Winter in the Blood,詹姆斯·韦尔奇,,T6,T6 当代全球文学,,REVIEW,缺少可机器读取的 year；需要按成书/定稿/首次发表史人工核验,自动通过,WL-WORK-2431
ລູກຜູ້ຊາຍ.md,ລູກຜູ້ຊາຍ,Dūangsai Lūangphasī,2000,T6,T6 当代全球文学,T6,PASS,按 year 与正式 T 轴范围一致,手工核验,WL-WORK-R8-VERIFIED2-
一个奴隶女孩生活中的事件.md,一个奴隶女孩生活中的事件,Harriet Jacobs,,T6,T6 当代全球文学,,REVIEW,缺少可机器读取的 year；需要按成书/定稿/首次发表史人工核验,结构补全待书目核验,WL-WORK-R5-017
一个奴隶的自传.md,一个奴隶的自传,,,T6,T6 当代全球文学,,REVIEW,缺少可机器读取的 year；需要按成书/定稿/首次发表史人工核验,,WL-WORK-R6-018
一个风景画家的一生.md,一个风景画家的一生,塞萨尔·艾拉,,T6,T6 当代全球文学,,REVIEW,缺少可机器读取的 year；需要按成书/定稿/首次发表史人工核验,自动通过,WL-WORK-1546
一九八六年.md,一九八六年,余华,1987,T6,T6 当代全球文学,T6,PASS,按 year 与正式 T 轴范围一致,个人补录,WL-WORK-2786
一千英亩.md,一千英亩,简·斯迈利,1991,T6,T6 当代全球文学,T6,PASS,按 year 与正式 T 轴范围一致,自动通过,WL-WORK-0962
一句顶一万句.md,一句顶一万句,刘震云,,T6,T6 当代全球文学,,REVIEW,缺少可机器读取的 year；需要按成书/定稿/首次发表史人工核验,个人补录,WL-WORK-2736
一条非洲长河.md,一条非洲长河,,,T6,T6 当代全球文学,,REVIEW,缺少可机器读取的 year；需要按成书/定稿/首次发表史人工核验,,WL-WORK-R7-025
一桩事先张扬的凶杀案.md,一桩事先张扬的凶杀案,加西亚·马尔克斯,,T6,T6 当代全球文学,,REVIEW,缺少可机器读取的 year；需要按成书/定稿/首次发表史人工核验,自动通过,WL-WORK-1547
一百个人的十年.md,一百个人的十年,冯骥才,,T6,T6 当代全球文学,,REVIEW,缺少可机器读取的 year；需要按成书/定稿/首次发表史人工核验,自动通过,WL-WORK-2005
七回死去的男人.md,七回死去的男人,西泽保彦,,T6,T6 当代全球文学,,REVIEW,缺少可机器读取的 year；需要按成书/定稿/首次发表史人工核验,自动通过,WL-WORK-0192
七夏娃.md,七夏娃,尼尔·斯蒂芬森,,T6,T6 当代全球文学,,REVIEW,缺少可机器读取的 year；需要按成书/定稿/首次发表史人工核验,自动通过,WL-WORK-0382
七夜雪.md,七夜雪,沧月,,T6,T6 当代全球文学,,REVIEW,缺少可机器读取的 year；需要按成书/定稿/首次发表史人工核验,自动通过,WL-WORK-2438
七月的人民.md,七月的人民,纳丁·戈迪默,,T6,T6 当代全球文学,,REVIEW,缺少可机器读取的 year；需要按成书/定稿/首次发表史人工核验,需复核,WL-WORK-3200
七杀碑.md,七杀碑,朱贞木,,T6,T6 当代全球文学,,REVIEW,缺少可机器读取的 year；需要按成书/定稿/首次发表史人工核验,自动通过,WL-WORK-2439
七杀简史.md,七杀简史,Marlon James,,T6,T6 当代全球文学,,REVIEW,缺少可机器读取的 year；需要按成书/定稿/首次发表史人工核验,,WL-WORK-R6-031
七百咏.md,七百咏,传哈拉,,T6,T6 当代全球文学,,REVIEW,缺少可机器读取的 year；需要按成书/定稿/首次发表史人工核验,手工核验,WL-WORK-R3-08852616
万火归一.md,万火归一,胡利奥·科塔萨尔,,T6,T6 当代全球文学,,REVIEW,缺少可机器读取的 year；需要按成书/定稿/首次发表史人工核验,自动通过,WL-WORK-1552
三个忧郁的老虎.md,三个忧郁的老虎,,,T6,T6 当代全球文学,,REVIEW,缺少可机器读取的 year；需要按成书/定稿/首次发表史人工核验,,WL-WORK-R6-021
三体.md,三体,刘慈欣,,T6,T6 当代全球文学,,REVIEW,缺少可机器读取的 year；需要按成书/定稿/首次发表史人工核验,自动通过,WL-WORK-0462
三生三世十里桃花.md,三生三世十里桃花,唐七公子,,T6,T6 当代全球文学,,REVIEW,缺少可机器读取的 year；需要按成书/定稿/首次发表史人工核验,个人补录,WL-WORK-2745
三界经.md,三界经,立泰王（Lithai）,,T6,T6 当代全球文学,,REVIEW,缺少可机器读取的 year；需要按成书/定稿/首次发表史人工核验,书目清理V1：作者已核定，其他字段按现有证据保留,WL-WORK-R8-009
上帝之城.md,上帝之城,,,T6,T6 当代全球文学,,REVIEW,缺少可机器读取的 year；需要按成书/定稿/首次发表史人工核验,,WL-WORK-R6-017
下方基地.md,下方基地,C.J.切瑞,,T6,T6 当代全球文学,,REVIEW,缺少可机器读取的 year；需要按成书/定稿/首次发表史人工核验,需复核,WL-WORK-2907
下面的人们.md,下面的人们,马里亚诺·阿苏埃拉,,T6,T6 当代全球文学,,REVIEW,缺少可机器读取的 year；需要按成书/定稿/首次发表史人工核验,自动通过,WL-WORK-1558
下颚骨.md,下颚骨,莫妮卡·奥赫达,,T6,T6 当代全球文学,,REVIEW,缺少可机器读取的 year；需要按成书/定稿/首次发表史人工核验,自动通过,WL-WORK-1559
不会笑的数学家.md,不会笑的数学家,森博嗣,,T6,T6 当代全球文学,,REVIEW,缺少可机器读取的 year；需要按成书/定稿/首次发表史人工核验,自动通过,WL-WORK-0189
不列颠诸王史.md,不列颠诸王史,蒙茅斯的杰弗里,,T6,T6 当代全球文学,,REVIEW,缺少可机器读取的 year；需要按成书/定稿/首次发表史人工核验,自动通过,WL-WORK-1392
与麻烦共处.md,与麻烦共处,唐娜·哈拉维,,T6,T6 当代全球文学,,REVIEW,缺少可机器读取的 year；需要按成书/定稿/首次发表史人工核验,metadata_pending,WL-WORK-3269
世事如烟.md,世事如烟,余华,1988,T6,T6 当代全球文学,T6,PASS,按 year 与正式 T 轴范围一致,个人补录,WL-WORK-2790
世界尽头的征兆.md,世界尽头的征兆,墨西哥与美墨边境,,T6,T6 当代全球文学,,REVIEW,缺少可机器读取的 year；需要按成书/定稿/首次发表史人工核验,自动通过,WL-WORK-1561
世界尽头的自杀者.md,世界尽头的自杀者,莱拉·格雷罗,,T6,T6 当代全球文学,,REVIEW,缺少可机器读取的 year；需要按成书/定稿/首次发表史人工核验,自动通过,WL-WORK-1562
世界是宽广而陌生的.md,世界是宽广而陌生的,,,T6,T6 当代全球文学,,REVIEW,缺少可机器读取的 year；需要按成书/定稿/首次发表史人工核验,,WL-WORK-R6-008
世界的词语是森林.md,世界的词语是森林,厄休拉·勒古恩,,T6,T6 当代全球文学,,REVIEW,缺少可机器读取的 year；需要按成书/定稿/首次发表史人工核验,metadata_pending,WL-WORK-3241
世说新语.md,世说新语,刘义庆,,T6,T6 当代全球文学,,REVIEW,缺少可机器读取的 year；需要按成书/定稿/首次发表史人工核验,手工核验,WL-WORK-R2-GAP-02
东藏记.md,东藏记,宗璞,,T6,T6 当代全球文学,,REVIEW,缺少可机器读取的 year；需要按成书/定稿/首次发表史人工核验,需复核,WL-WORK-2874
中国神话史.md,中国神话史,袁珂,,T6,T6 当代全球文学,,REVIEW,缺少可机器读取的 year；需要按成书/定稿/首次发表史人工核验,自动通过,WL-WORK-1395
中性.md,中性,杰弗里·尤金尼德斯,2002,T6,T6 当代全球文学,T6,PASS,按 year 与正式 T 轴范围一致,自动通过,WL-WORK-0970
丰乳肥臀.md,丰乳肥臀,莫言,,T6,T6 当代全球文学,,REVIEW,缺少可机器读取的 year；需要按成书/定稿/首次发表史人工核验,自动通过,WL-WORK-0971
临界·爵迹.md,临界·爵迹,郭敬明,,T6,T6 当代全球文学,,REVIEW,缺少可机器读取的 year；需要按成书/定稿/首次发表史人工核验,个人补录,WL-WORK-2749
为了赖子.md,为了赖子,法月纶太郎,,T6,T6 当代全球文学,,REVIEW,缺少可机器读取的 year；需要按成书/定稿/首次发表史人工核验,自动通过,WL-WORK-0186
为兰卡斯击鼓.md,为兰卡斯击鼓,曼努埃尔·斯科尔萨,,T6,T6 当代全球文学,,REVIEW,缺少可机器读取的 year；需要按成书/定稿/首次发表史人工核验,自动通过,WL-WORK-1566
主角.md,主角,陈彦,,T6,T6 当代全球文学,,REVIEW,缺少可机器读取的 year；需要按成书/定稿/首次发表史人工核验,需复核,WL-WORK-2889
义经记.md,义经记,佚名,,T6,T6 当代全球文学,,REVIEW,缺少可机器读取的 year；需要按成书/定稿/首次发表史人工核验,自动通过,WL-WORK-2443
乌哲鲁诗选.md,乌哲鲁诗选,Oodgeroo Noonuccal,,T6,T6 当代全球文学,,REVIEW,缺少可机器读取的 year；需要按成书/定稿/首次发表史人工核验,书目清理V1：作者已核定，其他字段按现有证据保留,WL-WORK-R9-008
乌腾迪·瓦·坦布卡.md,乌腾迪·瓦·坦布卡,,,T6,T6 当代全球文学,,REVIEW,缺少可机器读取的 year；需要按成书/定稿/首次发表史人工核验,,WL-WORK-R7-016
乔纳森·斯特兰奇与诺雷尔先生.md,乔纳森·斯特兰奇与诺雷尔先生,苏珊娜·克拉克,2004,T6,T6 当代全球文学,T6,PASS,按 year 与正式 T 轴范围一致,自动通过,WL-WORK-0572
九命幻术师.md,九命幻术师,戴安娜·韦恩·琼斯,,T6,T6 当代全球文学,,REVIEW,缺少可机器读取的 year；需要按成书/定稿/首次发表史人工核验,自动通过,WL-WORK-0573
九州·缥缈录.md,九州·缥缈录,江南,,T6,T6 当代全球文学,,REVIEW,缺少可机器读取的 year；需要按成书/定稿/首次发表史人工核验,自动通过,WL-WORK-0574
九狐霸图.md,九狐霸图,尹河利,,T6,T6 当代全球文学,,REVIEW,缺少可机器读取的 year；需要按成书/定稿/首次发表史人工核验,自动通过,WL-WORK-0413
乾隆皇帝.md,乾隆皇帝,二月河,,T6,T6 当代全球文学,,REVIEW,缺少可机器读取的 year；需要按成书/定稿/首次发表史人工核验,自动通过,WL-WORK-0974
二十首情诗和一支绝望的歌.md,二十首情诗和一支绝望的歌,巴勃罗·聂鲁达,,T6,T6 当代全球文学,,REVIEW,缺少可机器读取的 year；需要按成书/定稿/首次发表史人工核验,自动通过,WL-WORK-1570
二十首情诗和一首绝望的歌.md,二十首情诗和一首绝望的歌,,,T6,T6 当代全球文学,,REVIEW,缺少可机器读取的 year；需要按成书/定稿/首次发表史人工核验,,WL-WORK-R6-011
二手时间.md,二手时间,阿列克谢耶维奇,,T6,T6 当代全球文学,,REVIEW,缺少可机器读取的 year；需要按成书/定稿/首次发表史人工核验,自动通过,WL-WORK-2007
云图.md,云图,大卫·米切尔,,T6,T6 当代全球文学,,REVIEW,缺少可机器读取的 year；需要按成书/定稿/首次发表史人工核验,自动通过,WL-WORK-0433
云街.md,云街,蒂姆·温顿,,T6,T6 当代全球文学,,REVIEW,缺少可机器读取的 year；需要按成书/定稿/首次发表史人工核验,需复核,WL-WORK-3211
云雀（科斯托拉尼）.md,云雀（科斯托拉尼）,科斯托拉尼·德若,,T6,T6 当代全球文学,,REVIEW,缺少可机器读取的 year；需要按成书/定稿/首次发表史人工核验,structural_backfill_v1,WL-WORK-R4-云雀科斯托拉尼
五个十二月.md,五个十二月,詹姆斯·凯斯特尔,,T6,T6 当代全球文学,,REVIEW,缺少可机器读取的 year；需要按成书/定稿/首次发表史人工核验,需复核,WL-WORK-3148
五卷书.md,五卷书,传 Vishnu Sharma,,T6,T6 当代全球文学,,REVIEW,缺少可机器读取的 year；需要按成书/定稿/首次发表史人工核验,手工核验,WL-WORK-R3-28282329
五轮书.md,五轮书,宫本武藏,,T6,T6 当代全球文学,,REVIEW,缺少可机器读取的 year；需要按成书/定稿/首次发表史人工核验,自动通过,WL-WORK-2447
亚瑟王之死.md,亚瑟王之死,托马斯·马洛礼,,T6,T6 当代全球文学,,REVIEW,缺少可机器读取的 year；需要按成书/定稿/首次发表史人工核验,自动通过,WL-WORK-0577
亚瓦尔节.md,亚瓦尔节,何塞·玛丽亚·阿格达斯,,T6,T6 当代全球文学,,REVIEW,缺少可机器读取的 year；需要按成书/定稿/首次发表史人工核验,自动通过,WL-WORK-1571
人世间.md,人世间,梁晓声,,T6,T6 当代全球文学,,REVIEW,缺少可机器读取的 year；需要按成书/定稿/首次发表史人工核验,需复核,WL-WORK-2887
人世间（普拉姆迪亚）.md,人世间,普拉姆迪亚·阿南达·杜尔,,T6,T6 当代全球文学,,REVIEW,缺少可机器读取的 year；需要按成书/定稿/首次发表史人工核验,需复核,WL-WORK-3172
人工呼吸.md,人工呼吸,里卡多·皮格利亚,,T6,T6 当代全球文学,,REVIEW,缺少可机器读取的 year；需要按成书/定稿/首次发表史人工核验,自动通过,WL-WORK-1573
人格转移杀人.md,人格转移杀人,西泽保彦,,T6,T6 当代全球文学,,REVIEW,缺少可机器读取的 year；需要按成书/定稿/首次发表史人工核验,自动通过,WL-WORK-0193
人民的玫瑰.md,人民的玫瑰,卡洛斯·德鲁蒙德·德·安德拉德,,T6,T6 当代全球文学,,REVIEW,缺少可机器读取的 year；需要按成书/定稿/首次发表史人工核验,自动通过,WL-WORK-1575
人民的部长.md,人民的部长,,,T6,T6 当代全球文学,,REVIEW,缺少可机器读取的 year；需要按成书/定稿/首次发表史人工核验,,WL-WORK-R7-017
人生海海.md,人生海海,麦家,,T6,T6 当代全球文学,,REVIEW,缺少可机器读取的 year；需要按成书/定稿/首次发表史人工核验,个人补录,WL-WORK-2716
人类之子.md,人类之子,P.D.詹姆斯,,T6,T6 当代全球文学,,REVIEW,缺少可机器读取的 year；需要按成书/定稿/首次发表史人工核验,自动通过,WL-WORK-0977
人类材料.md,人类材料,罗德里戈·雷伊·罗萨,,T6,T6 当代全球文学,,REVIEW,缺少可机器读取的 year；需要按成书/定稿/首次发表史人工核验,自动通过,WL-WORK-1577
人类的诗.md,人类的诗,塞萨尔·巴列霍,,T6,T6 当代全球文学,,REVIEW,缺少可机器读取的 year；需要按成书/定稿/首次发表史人工核验,自动通过,WL-WORK-1578
人面桃花.md,人面桃花,格非,,T6,T6 当代全球文学,,REVIEW,缺少可机器读取的 year；需要按成书/定稿/首次发表史人工核验,自动通过,WL-WORK-0980
什么是什么.md,什么是什么,Dave Eggers,,T6,T6 当代全球文学,,REVIEW,缺少可机器读取的 year；需要按成书/定稿/首次发表史人工核验,待书目核验,WL-WORK-R10-034
仁慈之人.md,仁慈之人,弗雷德·瓦尔加斯,,T6,T6 当代全球文学,,REVIEW,缺少可机器读取的 year；需要按成书/定稿/首次发表史人工核验,自动通过,WL-WORK-0235
今天也没变成玩偶呢.md,今天也没变成玩偶呢,花花了,,T6,T6 当代全球文学,,REVIEW,缺少可机器读取的 year；需要按成书/定稿/首次发表史人工核验,个人补录,WL-WORK-2750
伊万·杰尼索维奇的一天.md,伊万·杰尼索维奇的一天,亚历山大·索尔仁尼琴,,T6,T6 当代全球文学,,REVIEW,缺少可机器读取的 year；需要按成书/定稿/首次发表史人工核验,structural_backfill_v1,WL-WORK-R4-伊万杰尼索维奇的一天
伊克巴尔诗选.md,伊克巴尔诗选,穆罕默德·伊克巴尔,,T6,T6 当代全球文学,,REVIEW,缺少可机器读取的 year；需要按成书/定稿/首次发表史人工核验,手工核验,WL-WORK-R3-92957645
伊拉塞玛.md,伊拉塞玛,若泽·德·阿伦卡尔,,T6,T6 当代全球文学,,REVIEW,缺少可机器读取的 year；需要按成书/定稿/首次发表史人工核验,自动通过,WL-WORK-1583
伊拉塞马.md,伊拉塞马,,,T6,T6 当代全球文学,,REVIEW,缺少可机器读取的 year；需要按成书/定稿/首次发表史人工核验,,WL-WORK-R6-014
众王荣耀.md,众王荣耀,乔治·R.R.马丁,,T6,T6 当代全球文学,,REVIEW,缺少可机器读取的 year；需要按成书/定稿/首次发表史人工核验,自动通过,WL-WORK-1403
传奇与拿铁.md,传奇与拿铁,特拉维斯·鲍德里,,T6,T6 当代全球文学,,REVIEW,缺少可机器读取的 year；需要按成书/定稿/首次发表史人工核验,自动通过,WL-WORK-0582
传奇漫录.md,传奇漫录,阮屿（Nguyễn Dữ）,,T6,T6 当代全球文学,,REVIEW,缺少可机器读取的 year；需要按成书/定稿/首次发表史人工核验,书目清理V1：作者已核定，其他字段按现有证据保留,WL-WORK-R8-002
伤痕.md,伤痕,查纳·米耶维,,T6,T6 当代全球文学,,REVIEW,缺少可机器读取的 year；需要按成书/定稿/首次发表史人工核验,自动通过,WL-WORK-0583
伪装.md,伪装,乔·霍尔德曼,,T6,T6 当代全球文学,,REVIEW,缺少可机器读取的 year；需要按成书/定稿/首次发表史人工核验,需复核,WL-WORK-2948
伯格的女儿.md,伯格的女儿,,,T6,T6 当代全球文学,,REVIEW,缺少可机器读取的 year；需要按成书/定稿/首次发表史人工核验,,WL-WORK-R7-031
低地.md,低地,裘帕·拉希莉,,T6,T6 当代全球文学,,REVIEW,缺少可机器读取的 year；需要按成书/定稿/首次发表史人工核验,自动通过,WL-WORK-0985
体育馆之谜.md,体育馆之谜,青崎有吾,,T6,T6 当代全球文学,,REVIEW,缺少可机器读取的 year；需要按成书/定稿/首次发表史人工核验,自动通过,WL-WORK-0203
何以笙箫默.md,何以笙箫默,顾漫,,T6,T6 当代全球文学,,REVIEW,缺少可机器读取的 year；需要按成书/定稿/首次发表史人工核验,自动通过,WL-WORK-2018
何塞·马蒂诗选.md,何塞·马蒂诗选,,,T6,T6 当代全球文学,,REVIEW,缺少可机器读取的 year；需要按成书/定稿/首次发表史人工核验,,WL-WORK-R6-019
佛罗伦萨手抄本.md,佛罗伦萨手抄本,萨阿贡,,T6,T6 当代全球文学,,REVIEW,缺少可机器读取的 year；需要按成书/定稿/首次发表史人工核验,自动通过,WL-WORK-1406
你一生的故事.md,你一生的故事,姜峯楠,,T6,T6 当代全球文学,,REVIEW,缺少可机器读取的 year；需要按成书/定稿/首次发表史人工核验,自动通过,WL-WORK-0421
你在高原.md,你在高原,张炜,,T6,T6 当代全球文学,,REVIEW,缺少可机器读取的 year；需要按成书/定稿/首次发表史人工核验,需复核,WL-WORK-2878
使女的故事.md,使女的故事,玛格丽特·阿特伍德,,T6,T6 当代全球文学,,REVIEW,缺少可机器读取的 year；需要按成书/定稿/首次发表史人工核验,自动通过,WL-WORK-0363
俗世奇人.md,俗世奇人,冯骥才,,T6,T6 当代全球文学,,REVIEW,缺少可机器读取的 year；需要按成书/定稿/首次发表史人工核验,个人补录,WL-WORK-2720
俗世的吟唱.md,俗世的吟唱,鲁文·达里奥,,T6,T6 当代全球文学,,REVIEW,缺少可机器读取的 year；需要按成书/定稿/首次发表史人工核验,自动通过,WL-WORK-1588
保元物语.md,保元物语,佚名,,T6,T6 当代全球文学,,REVIEW,缺少可机器读取的 year；需要按成书/定稿/首次发表史人工核验,自动通过,WL-WORK-0988
假名手本忠臣藏.md,假名手本忠臣藏,四十七浪人,,T6,T6 当代全球文学,,REVIEW,缺少可机器读取的 year；需要按成书/定稿/首次发表史人工核验,自动通过,WL-WORK-2451
偷拳.md,偷拳,白羽,,T6,T6 当代全球文学,,REVIEW,缺少可机器读取的 year；需要按成书/定稿/首次发表史人工核验,自动通过,WL-WORK-2452
像少年啦飞驰.md,像少年啦飞驰,韩寒,,T6,T6 当代全球文学,,REVIEW,缺少可机器读取的 year；需要按成书/定稿/首次发表史人工核验,个人补录,WL-WORK-2730
儿女英雄传.md,儿女英雄传,文康,,T6,T6 当代全球文学,,REVIEW,缺少可机器读取的 year；需要按成书/定稿/首次发表史人工核验,自动通过,WL-WORK-2453
元年春之祭.md,元年春之祭,陆秋槎,,T6,T6 当代全球文学,,REVIEW,缺少可机器读取的 year；需要按成书/定稿/首次发表史人工核验,自动通过,WL-WORK-0249
兄弟.md,兄弟,余华,2005,T6,T6 当代全球文学,T6,PASS,按 year 与正式 T 轴范围一致,个人补录,WL-WORK-2772
先知之歌.md,先知之歌,保罗·林奇,,T6,T6 当代全球文学,,REVIEW,缺少可机器读取的 year；需要按成书/定稿/首次发表史人工核验,需复核,WL-WORK-3080
克拉拉与太阳.md,克拉拉与太阳,石黑一雄,,T6,T6 当代全球文学,,REVIEW,缺少可机器读取的 year；需要按成书/定稿/首次发表史人工核验,自动通过,WL-WORK-0432
克里斯汀.md,克里斯汀,斯蒂芬·金,,T6,T6 当代全球文学,,REVIEW,缺少可机器读取的 year；需要按成书/定稿/首次发表史人工核验,自动通过,WL-WORK-0590
兔子富了.md,兔子富了,约翰·厄普代克,,T6,T6 当代全球文学,,REVIEW,缺少可机器读取的 year；需要按成书/定稿/首次发表史人工核验,需复核,WL-WORK-3002
兔子歇了.md,兔子歇了,约翰·厄普代克,,T6,T6 当代全球文学,,REVIEW,缺少可机器读取的 year；需要按成书/定稿/首次发表史人工核验,需复核,WL-WORK-3008
兔子证明栅栏.md,兔子证明栅栏,Doris Pilkington Garimara,,T6,T6 当代全球文学,,REVIEW,缺少可机器读取的 year；需要按成书/定稿/首次发表史人工核验,书目清理V1：作者已核定，其他字段按现有证据保留,WL-WORK-R9-005
全系统红.md,全系统红,玛莎·威尔斯,,T6,T6 当代全球文学,,REVIEW,缺少可机器读取的 year；需要按成书/定稿/首次发表史人工核验,自动通过,WL-WORK-0419
全部成为F.md,全部成为F,森博嗣,,T6,T6 当代全球文学,,REVIEW,缺少可机器读取的 year；需要按成书/定稿/首次发表史人工核验,自动通过,WL-WORK-0188
全面混乱.md,全面混乱,让-克洛德·伊佐,,T6,T6 当代全球文学,,REVIEW,缺少可机器读取的 year；需要按成书/定稿/首次发表史人工核验,自动通过,WL-WORK-0240
公主新娘.md,公主新娘,威廉·戈德曼,,T6,T6 当代全球文学,,REVIEW,缺少可机器读取的 year；需要按成书/定稿/首次发表史人工核验,自动通过,WL-WORK-2454
公民文斯.md,公民文斯,杰斯·沃尔特,,T6,T6 当代全球文学,,REVIEW,缺少可机器读取的 year；需要按成书/定稿/首次发表史人工核验,需复核,WL-WORK-3132
公羊的节日.md,公羊的节日,巴尔加斯·略萨,,T6,T6 当代全球文学,,REVIEW,缺少可机器读取的 year；需要按成书/定稿/首次发表史人工核验,自动通过,WL-WORK-0997
关于女儿.md,关于女儿,金惠珍,,T6,T6 当代全球文学,,REVIEW,缺少可机器读取的 year；需要按成书/定稿/首次发表史人工核验,个人补录,WL-WORK-2690
关系书.md,关系书,埃尔南·科尔特斯,,T6,T6 当代全球文学,,REVIEW,缺少可机器读取的 year；需要按成书/定稿/首次发表史人工核验,自动通过,WL-WORK-1593
兵法家传书.md,兵法家传书,柳生宗矩,,T6,T6 当代全球文学,,REVIEW,缺少可机器读取的 year；需要按成书/定稿/首次发表史人工核验,自动通过,WL-WORK-2456
内塔尼亚胡一家.md,内塔尼亚胡一家,乔舒亚·科恩,,T6,T6 当代全球文学,,REVIEW,缺少可机器读取的 year；需要按成书/定稿/首次发表史人工核验,需复核,WL-WORK-3029
内景唐人街.md,内景唐人街,Charles Yu,,T6,T6 当代全球文学,,REVIEW,缺少可机器读取的 year；需要按成书/定稿/首次发表史人工核验,结构补全待书目核验,WL-WORK-R5-026
内贾玛.md,内贾玛,,,T6,T6 当代全球文学,,REVIEW,缺少可机器读取的 year；需要按成书/定稿/首次发表史人工核验,,WL-WORK-R7-006
再见，冥王星.md,再见，冥王星,夏茗悠,,T6,T6 当代全球文学,,REVIEW,缺少可机器读取的 year；需要按成书/定稿/首次发表史人工核验,个人补录,WL-WORK-2760
写在身体上.md,写在身体上,珍妮特·温特森,,T6,T6 当代全球文学,,REVIEW,缺少可机器读取的 year；需要按成书/定稿/首次发表史人工核验,自动通过,WL-WORK-2023
军队.md,军队,埃维利奥·罗塞罗,,T6,T6 当代全球文学,,REVIEW,缺少可机器读取的 year；需要按成书/定稿/首次发表史人工核验,自动通过,WL-WORK-1595
冬天里的春天.md,冬天里的春天,李国文,,T6,T6 当代全球文学,,REVIEW,缺少可机器读取的 year；需要按成书/定稿/首次发表史人工核验,需复核,WL-WORK-2859
冬王.md,冬王,伯纳德·康威尔,,T6,T6 当代全球文学,,REVIEW,缺少可机器读取的 year；需要按成书/定稿/首次发表史人工核验,自动通过,WL-WORK-0594
冰是睡着的水.md,冰是睡着的水,刘猛,,T6,T6 当代全球文学,,REVIEW,缺少可机器读取的 year；需要按成书/定稿/首次发表史人工核验,个人补录,WL-WORK-2770
冰菓.md,冰菓,米泽穗信,,T6,T6 当代全球文学,,REVIEW,缺少可机器读取的 year；需要按成书/定稿/首次发表史人工核验,自动通过,WL-WORK-0199
冰雨的风暴.md,冰雨的风暴,乔治·R.R.马丁,,T6,T6 当代全球文学,,REVIEW,缺少可机器读取的 year；需要按成书/定稿/首次发表史人工核验,自动通过,WL-WORK-0595
决战前后.md,决战前后,陆小凤,,T6,T6 当代全球文学,,REVIEW,缺少可机器读取的 year；需要按成书/定稿/首次发表史人工核验,自动通过,WL-WORK-2457
冷山.md,冷山,查尔斯·弗雷泽,,T6,T6 当代全球文学,,REVIEW,缺少可机器读取的 year；需要按成书/定稿/首次发表史人工核验,自动通过,WL-WORK-0999
凉生我们可不可以不忧伤.md,凉生我们可不可以不忧伤,乐小米,,T6,T6 当代全球文学,,REVIEW,缺少可机器读取的 year；需要按成书/定稿/首次发表史人工核验,个人补录,WL-WORK-2748
凡人修仙传.md,凡人修仙传,忘语,,T6,T6 当代全球文学,,REVIEW,缺少可机器读取的 year；需要按成书/定稿/首次发表史人工核验,自动通过,WL-WORK-0597
凶人邸谜案.md,凶人邸谜案,今村昌弘,,T6,T6 当代全球文学,,REVIEW,缺少可机器读取的 year；需要按成书/定稿/首次发表史人工核验,自动通过,WL-WORK-0207
击剑大师.md,击剑大师,阿图罗·佩雷斯-雷维特,,T6,T6 当代全球文学,,REVIEW,缺少可机器读取的 year；需要按成书/定稿/首次发表史人工核验,自动通过,WL-WORK-2458
刀锋本身.md,刀锋本身,乔·阿伯克龙比,,T6,T6 当代全球文学,,REVIEW,缺少可机器读取的 year；需要按成书/定稿/首次发表史人工核验,自动通过,WL-WORK-0600
切割石头.md,切割石头,,,T6,T6 当代全球文学,,REVIEW,缺少可机器读取的 year；需要按成书/定稿/首次发表史人工核验,,WL-WORK-R7-024
切尔诺贝利的悲鸣.md,切尔诺贝利的悲鸣,阿列克谢耶维奇,,T6,T6 当代全球文学,,REVIEW,缺少可机器读取的 year；需要按成书/定稿/首次发表史人工核验,自动通过,WL-WORK-2026
列王的纷争.md,列王的纷争,乔治·R.R.马丁,,T6,T6 当代全球文学,,REVIEW,缺少可机器读取的 year；需要按成书/定稿/首次发表史人工核验,自动通过,WL-WORK-0601
列那狐传奇.md,列那狐传奇,多人/佚名,,T6,T6 当代全球文学,,REVIEW,缺少可机器读取的 year；需要按成书/定稿/首次发表史人工核验,structural_backfill_v1,WL-WORK-R4-列那狐传奇
列那狐威廉版.md,列那狐威廉版,佚名,,T6,T6 当代全球文学,,REVIEW,缺少可机器读取的 year；需要按成书/定稿/首次发表史人工核验,structural_backfill_v1,WL-WORK-R4-列那狐威廉版
利亚姆盖尔.md,利亚姆盖尔,佚名（高棉传统）,,T6,T6 当代全球文学,,REVIEW,缺少可机器读取的 year；需要按成书/定稿/首次发表史人工核验,手工核验,WL-WORK-R8-020
利器.md,利器,吉莉安·弗琳,,T6,T6 当代全球文学,,REVIEW,缺少可机器读取的 year；需要按成书/定稿/首次发表史人工核验,需复核,WL-WORK-0130
利图马在安第斯山.md,利图马在安第斯山,,,T6,T6 当代全球文学,,REVIEW,缺少可机器读取的 year；需要按成书/定稿/首次发表史人工核验,,WL-WORK-R6-009
利维坦觉醒.md,利维坦觉醒,詹姆斯·S.A.科里,,T6,T6 当代全球文学,,REVIEW,缺少可机器读取的 year；需要按成书/定稿/首次发表史人工核验,自动通过,WL-WORK-0410
别名格蕾丝.md,别名格蕾丝,玛格丽特·阿特伍德,,T6,T6 当代全球文学,,REVIEW,缺少可机器读取的 year；需要按成书/定稿/首次发表史人工核验,自动通过,WL-WORK-1005
别让我走.md,别让我走,石黑一雄,,T6,T6 当代全球文学,,REVIEW,缺少可机器读取的 year；需要按成书/定稿/首次发表史人工核验,自动通过,WL-WORK-0431
刺客之夜.md,刺客之夜,戏剧线,,T6,T6 当代全球文学,,REVIEW,缺少可机器读取的 year；需要按成书/定稿/首次发表史人工核验,自动通过,WL-WORK-1600
刺客学徒.md,刺客学徒,罗宾·霍布,,T6,T6 当代全球文学,,REVIEW,缺少可机器读取的 year；需要按成书/定稿/首次发表史人工核验,自动通过,WL-WORK-0603
副本.md,副本,理查德·K.摩根,,T6,T6 当代全球文学,,REVIEW,缺少可机器读取的 year；需要按成书/定稿/首次发表史人工核验,自动通过,WL-WORK-0396
力量.md,力量,厄休拉·勒古恩,,T6,T6 当代全球文学,,REVIEW,缺少可机器读取的 year；需要按成书/定稿/首次发表史人工核验,需复核,WL-WORK-2950
加利卜诗选.md,加利卜诗选,米尔扎·加利卜,,T6,T6 当代全球文学,,REVIEW,缺少可机器读取的 year；需要按成书/定稿/首次发表史人工核验,手工核验,WL-WORK-R3-27302017
加速.md,加速,查尔斯·斯特罗斯,,T6,T6 当代全球文学,,REVIEW,缺少可机器读取的 year；需要按成书/定稿/首次发表史人工核验,自动通过,WL-WORK-0397
动物寓言集 ／ Bestiario.md,动物寓言集 / Bestiario,胡利奥·科塔萨尔,,T6,T6 当代全球文学,,REVIEW,缺少可机器读取的 year；需要按成书/定稿/首次发表史人工核验,自动通过,WL-WORK-1601
北上.md,北上,徐则臣,2018,T6,T6 当代全球文学,T6,PASS,按 year 与正式 T 轴范围一致,自动通过,WL-WORK-1007
北京折叠.md,北京折叠,郝景芳,2012,T6,T6 当代全球文学,T6,PASS,按 year 与正式 T 轴范围一致,自动通过,WL-WORK-0466
北欧众神.md,北欧众神,尼尔·盖曼,,T6,T6 当代全球文学,,REVIEW,缺少可机器读取的 year；需要按成书/定稿/首次发表史人工核验,自动通过,WL-WORK-0606
医者之战.md,医者之战,伊丽莎白·安妮·斯卡伯勒,,T6,T6 当代全球文学,,REVIEW,缺少可机器读取的 year；需要按成书/定稿/首次发表史人工核验,需复核,WL-WORK-2938
医院.md,医院,韩松,,T6,T6 当代全球文学,,REVIEW,缺少可机器读取的 year；需要按成书/定稿/首次发表史人工核验,自动通过,WL-WORK-0459
十二国记：月之影 影之海.md,十二国记：月之影 影之海,小野不由美,,T6,T6 当代全球文学,,REVIEW,缺少可机器读取的 year；需要按成书/定稿/首次发表史人工核验,自动通过,WL-WORK-0608
十二金钱镖.md,十二金钱镖,白羽,,T6,T6 当代全球文学,,REVIEW,缺少可机器读取的 year；需要按成书/定稿/首次发表史人工核验,自动通过,WL-WORK-2464
十五年.md,十五年,拉谢尔·德·凯罗斯,,T6,T6 当代全球文学,,REVIEW,缺少可机器读取的 year；需要按成书/定稿/首次发表史人工核验,自动通过,WL-WORK-1604
十八岁出门远行.md,十八岁出门远行,余华,1987,T6,T6 当代全球文学,T6,PASS,按 year 与正式 T 轴范围一致,个人补录,WL-WORK-2783
十字架上的魔鬼.md,十字架上的魔鬼,恩古吉·瓦·提安哥,,T6,T6 当代全球文学,,REVIEW,缺少可机器读取的 year；需要按成书/定稿/首次发表史人工核验,需复核,WL-WORK-3197
十角馆事件.md,十角馆事件,绫辻行人,,T6,T6 当代全球文学,,REVIEW,缺少可机器读取的 year；需要按成书/定稿/首次发表史人工核验,自动通过,WL-WORK-0179
千禧年人.md,千禧年人,J.G.巴拉德,,T6,T6 当代全球文学,,REVIEW,缺少可机器读取的 year；需要按成书/定稿/首次发表史人工核验,自动通过,WL-WORK-1008
千里江山图.md,千里江山图,孙甘露,,T6,T6 当代全球文学,,REVIEW,缺少可机器读取的 year；需要按成书/定稿/首次发表史人工核验,需复核,WL-WORK-2894
午夜之子.md,午夜之子,萨尔曼·拉什迪,1981,T6,T6 当代全球文学,T6,PASS,按 year 与正式 T 轴范围一致,自动通过,WL-WORK-0611
午夜凶铃.md,午夜凶铃,铃木光司,,T6,T6 当代全球文学,,REVIEW,缺少可机器读取的 year；需要按成书/定稿/首次发表史人工核验,自动通过,WL-WORK-0612
半七捕物帐.md,半七捕物帐,冈本绮堂,,T6,T6 当代全球文学,,REVIEW,缺少可机器读取的 year；需要按成书/定稿/首次发表史人工核验,自动通过,WL-WORK-2466
半落.md,半落,横山秀夫,,T6,T6 当代全球文学,,REVIEW,缺少可机器读取的 year；需要按成书/定稿/首次发表史人工核验,自动通过,WL-WORK-0175
半轮黄日.md,半轮黄日,奇玛曼达·恩戈齐·阿迪奇埃,,T6,T6 当代全球文学,,REVIEW,缺少可机器读取的 year；需要按成书/定稿/首次发表史人工核验,自动通过,WL-WORK-1009
华胥引.md,华胥引,唐七公子,,T6,T6 当代全球文学,,REVIEW,缺少可机器读取的 year；需要按成书/定稿/首次发表史人工核验,个人补录,WL-WORK-2747
卖过去的人.md,卖过去的人,,,T6,T6 当代全球文学,,REVIEW,缺少可机器读取的 year；需要按成书/定稿/首次发表史人工核验,,WL-WORK-R7-036
南国山河.md,南国山河,佚名（传统归李常杰）,,T6,T6 当代全球文学,,REVIEW,缺少可机器读取的 year；需要按成书/定稿/首次发表史人工核验,书目清理V1：传统/编纂作者身份已规范,WL-WORK-R8-001
南总里见八犬传.md,南总里见八犬传,曲亭马琴,,T6,T6 当代全球文学,,REVIEW,缺少可机器读取的 year；需要按成书/定稿/首次发表史人工核验,自动通过,WL-WORK-2467
博尔哈·达科斯塔诗选.md,博尔哈·达科斯塔诗选,Borja da Costa,,T6,T6 当代全球文学,,REVIEW,缺少可机器读取的 year；需要按成书/定稿/首次发表史人工核验,书目清理V1：作者已核定，其他字段按现有证据保留,WL-WORK-R8-047
占星术杀人魔法.md,占星术杀人魔法,岛田庄司,,T6,T6 当代全球文学,,REVIEW,缺少可机器读取的 year；需要按成书/定稿/首次发表史人工核验,自动通过,WL-WORK-0176
占有.md,占有,A.S.拜厄特,1990,T6,T6 当代全球文学,T6,PASS,按 year 与正式 T 轴范围一致,自动通过,WL-WORK-1012
卡尔帕经.md,卡尔帕经,传跋陀罗巴胡,,T6,T6 当代全球文学,,REVIEW,缺少可机器读取的 year；需要按成书/定稿/首次发表史人工核验,手工核验,WL-WORK-R3-73219615
卡比尔诗选.md,卡比尔诗选,卡比尔,,T6,T6 当代全球文学,,REVIEW,缺少可机器读取的 year；需要按成书/定稿/首次发表史人工核验,手工核验,WL-WORK-R3-21204075
卡瓦利与克雷的神奇冒险.md,卡瓦利与克雷的神奇冒险,迈克尔·谢邦,,T6,T6 当代全球文学,,REVIEW,缺少可机器读取的 year；需要按成书/定稿/首次发表史人工核验,需复核,WL-WORK-3017
卡瓦菲诗选.md,卡瓦菲诗选,康斯坦丁·卡瓦菲,,T6,T6 当代全球文学,,REVIEW,缺少可机器读取的 year；需要按成书/定稿/首次发表史人工核验,structural_backfill_v1,WL-WORK-R4-卡瓦菲诗选
卡穆拉斯卡.md,卡穆拉斯卡,Anne Hébert,,T6,T6 当代全球文学,,REVIEW,缺少可机器读取的 year；需要按成书/定稿/首次发表史人工核验,结构补全待书目核验,WL-WORK-R5-037
卡罗琳娜·玛丽亚·德·热苏斯日记.md,卡罗琳娜·玛丽亚·德·热苏斯日记,,,T6,T6 当代全球文学,,REVIEW,缺少可机器读取的 year；需要按成书/定稿/首次发表史人工核验,,WL-WORK-R6-016
卢安达的真正生活.md,卢安达的真正生活,,,T6,T6 当代全球文学,,REVIEW,缺少可机器读取的 year；需要按成书/定稿/首次发表史人工核验,,WL-WORK-R7-035
卧虎藏龙.md,卧虎藏龙,王度庐,,T6,T6 当代全球文学,,REVIEW,缺少可机器读取的 year；需要按成书/定稿/首次发表史人工核验,自动通过,WL-WORK-2472
卫兵！卫兵！.md,卫兵！卫兵！,特里·普拉切特,,T6,T6 当代全球文学,,REVIEW,缺少可机器读取的 year；需要按成书/定稿/首次发表史人工核验,自动通过,WL-WORK-0616
历史的天空.md,历史的天空,徐贵祥,,T6,T6 当代全球文学,,REVIEW,缺少可机器读取的 year；需要按成书/定稿/首次发表史人工核验,需复核,WL-WORK-2872
厌恶.md,厌恶,奥拉西奥·卡斯特利亚诺斯·莫亚,,T6,T6 当代全球文学,,REVIEW,缺少可机器读取的 year；需要按成书/定稿/首次发表史人工核验,自动通过,WL-WORK-1608
原始人.md,原始人,罗伯特·J·索耶,,T6,T6 当代全球文学,,REVIEW,缺少可机器读取的 year；需要按成书/定稿/首次发表史人工核验,需复核,WL-WORK-2917
原野奇侠.md,原野奇侠,杰克·谢弗,,T6,T6 当代全球文学,,REVIEW,缺少可机器读取的 year；需要按成书/定稿/首次发表史人工核验,自动通过,WL-WORK-2473
厨房.md,厨房,吉本芭娜娜,,T6,T6 当代全球文学,,REVIEW,缺少可机器读取的 year；需要按成书/定稿/首次发表史人工核验,自动通过,WL-WORK-2032
双头恶魔.md,双头恶魔,有栖川有栖,,T6,T6 当代全球文学,,REVIEW,缺少可机器读取的 year；需要按成书/定稿/首次发表史人工核验,自动通过,WL-WORK-0185
发光体.md,发光体,埃莉诺·卡顿,,T6,T6 当代全球文学,,REVIEW,缺少可机器读取的 year；需要按成书/定稿/首次发表史人工核验,需复核,WL-WORK-3070
发条女孩.md,发条女孩,保罗·巴奇加卢皮,,T6,T6 当代全球文学,,REVIEW,缺少可机器读取的 year；需要按成书/定稿/首次发表史人工核验,自动通过,WL-WORK-0427
古事记.md,古事记,太安万侣,,T6,T6 当代全球文学,,REVIEW,缺少可机器读取的 year；需要按成书/定稿/首次发表史人工核验,自动通过,WL-WORK-1424
古典爱情.md,古典爱情,余华,1988,T6,T6 当代全球文学,T6,PASS,按 year 与正式 T 轴范围一致,个人补录,WL-WORK-2788
古鲁恩托盖.md,古鲁恩托盖,多人,,T6,T6 当代全球文学,,REVIEW,缺少可机器读取的 year；需要按成书/定稿/首次发表史人工核验,手工核验,WL-WORK-R3-83428312
叫它睡眠.md,叫它睡眠,Henry Roth,,T6,T6 当代全球文学,,REVIEW,缺少可机器读取的 year；需要按成书/定稿/首次发表史人工核验,结构补全待书目核验,WL-WORK-R5-020
可以筑巢的人.md,可以筑巢的人,约翰·威斯韦尔,,T6,T6 当代全球文学,,REVIEW,缺少可机器读取的 year；需要按成书/定稿/首次发表史人工核验,需复核,WL-WORK-2956
叶隐.md,叶隐,山本常朝,,T6,T6 当代全球文学,,REVIEW,缺少可机器读取的 year；需要按成书/定稿/首次发表史人工核验,自动通过,WL-WORK-2476
合成人.md,合成人,帕特·卡迪根,,T6,T6 当代全球文学,,REVIEW,缺少可机器读取的 year；需要按成书/定稿/首次发表史人工核验,自动通过,WL-WORK-0393
同名人.md,同名人,裘帕·拉希莉,,T6,T6 当代全球文学,,REVIEW,缺少可机器读取的 year；需要按成书/定稿/首次发表史人工核验,自动通过,WL-WORK-1018
同情者.md,同情者,阮清越,2015,T6,T6 当代全球文学,T6,PASS,按 year 与正式 T 轴范围一致,自动通过,WL-WORK-2034
名为和平的荒芜.md,名为和平的荒芜,阿卡狄·马丁,,T6,T6 当代全球文学,,REVIEW,缺少可机器读取的 year；需要按成书/定稿/首次发表史人工核验,需复核,WL-WORK-2926
名为帝国的记忆.md,名为帝国的记忆,阿尔卡迪·马丁,,T6,T6 当代全球文学,,REVIEW,缺少可机器读取的 year；需要按成书/定稿/首次发表史人工核验,自动通过,WL-WORK-0412
吞噬者.md,吞噬者,Réjean Ducharme,,T6,T6 当代全球文学,,REVIEW,缺少可机器读取的 year；需要按成书/定稿/首次发表史人工核验,结构补全待书目核验,WL-WORK-R5-038
启示空间.md,启示空间,阿拉斯泰尔·雷诺兹,,T6,T6 当代全球文学,,REVIEW,缺少可机器读取的 year；需要按成书/定稿/首次发表史人工核验,自动通过,WL-WORK-0407
吸血鬼莱斯特.md,吸血鬼莱斯特,安妮·赖斯,,T6,T6 当代全球文学,,REVIEW,缺少可机器读取的 year；需要按成书/定稿/首次发表史人工核验,自动通过,WL-WORK-0623
吹过荒野的风.md,吹过荒野的风,塞尔瓦·阿尔马达,,T6,T6 当代全球文学,,REVIEW,缺少可机器读取的 year；需要按成书/定稿/首次发表史人工核验,自动通过,WL-WORK-1617
呼吸.md,呼吸,姜峯楠,,T6,T6 当代全球文学,,REVIEW,缺少可机器读取的 year；需要按成书/定稿/首次发表史人工核验,自动通过,WL-WORK-0422
呼吸课.md,呼吸课,安妮·泰勒,,T6,T6 当代全球文学,,REVIEW,缺少可机器读取的 year；需要按成书/定稿/首次发表史人工核验,需复核,WL-WORK-3006
呼吸，眼睛，记忆.md,呼吸，眼睛，记忆,,,T6,T6 当代全球文学,,REVIEW,缺少可机器读取的 year；需要按成书/定稿/首次发表史人工核验,,WL-WORK-R6-026
咆哮营的幸运儿.md,咆哮营的幸运儿,布雷特·哈特,,T6,T6 当代全球文学,,REVIEW,缺少可机器读取的 year；需要按成书/定稿/首次发表史人工核验,自动通过,WL-WORK-2480
和解者之爪.md,和解者之爪,吉恩·沃尔夫,,T6,T6 当代全球文学,,REVIEW,缺少可机器读取的 year；需要按成书/定稿/首次发表史人工核验,需复核,WL-WORK-2934
和谐.md,和谐,伊藤计划,,T6,T6 当代全球文学,,REVIEW,缺少可机器读取的 year；需要按成书/定稿/首次发表史人工核验,自动通过,WL-WORK-0448
哀痛的战争.md,哀痛的战争,Bảo Ninh,1991,T6,T6 当代全球文学,T6,PASS,按 year 与正式 T 轴范围一致,手工核验,WL-WORK-R8-006
哈利·波特与凤凰社.md,哈利·波特与凤凰社,J.K.罗琳,,T6,T6 当代全球文学,,REVIEW,缺少可机器读取的 year；需要按成书/定稿/首次发表史人工核验,自动通过,WL-WORK-0626
哈利·波特与密室.md,哈利·波特与密室,J.K.罗琳,,T6,T6 当代全球文学,,REVIEW,缺少可机器读取的 year；需要按成书/定稿/首次发表史人工核验,个人补录,WL-WORK-2661
哈利·波特与死亡圣器.md,哈利·波特与死亡圣器,J.K.罗琳,,T6,T6 当代全球文学,,REVIEW,缺少可机器读取的 year；需要按成书/定稿/首次发表史人工核验,个人补录,WL-WORK-2664
哈利·波特与混血王子.md,哈利·波特与混血王子,J.K.罗琳,,T6,T6 当代全球文学,,REVIEW,缺少可机器读取的 year；需要按成书/定稿/首次发表史人工核验,个人补录,WL-WORK-2663
哈利·波特与火焰杯.md,哈利·波特与火焰杯,J.K.罗琳,,T6,T6 当代全球文学,,REVIEW,缺少可机器读取的 year；需要按成书/定稿/首次发表史人工核验,个人补录,WL-WORK-2662
哈利·波特与阿兹卡班的囚徒.md,哈利·波特与阿兹卡班的囚徒,J.K.罗琳,,T6,T6 当代全球文学,,REVIEW,缺少可机器读取的 year；需要按成书/定稿/首次发表史人工核验,自动通过,WL-WORK-0627
哈利·波特与魔法石.md,哈利·波特与魔法石,J.K.罗琳,,T6,T6 当代全球文学,,REVIEW,缺少可机器读取的 year；需要按成书/定稿/首次发表史人工核验,自动通过,WL-WORK-0628
哈卡瓦蒂.md,哈卡瓦蒂,Rabih Alameddine,,T6,T6 当代全球文学,,REVIEW,缺少可机器读取的 year；需要按成书/定稿/首次发表史人工核验,待书目核验,WL-WORK-R10-030
哈姆扎·凡苏里诗选.md,哈姆扎·凡苏里诗选,Hamzah Fansuri,,T6,T6 当代全球文学,,REVIEW,缺少可机器读取的 year；需要按成书/定稿/首次发表史人工核验,书目清理V1：作者已核定，其他字段按现有证据保留,WL-WORK-R8-029
哈尔的移动城堡.md,哈尔的移动城堡,戴安娜·韦恩·琼斯,,T6,T6 当代全球文学,,REVIEW,缺少可机器读取的 year；需要按成书/定稿/首次发表史人工核验,自动通过,WL-WORK-0629
哈德拉维诗选.md,哈德拉维诗选,,,T6,T6 当代全球文学,,REVIEW,缺少可机器读取的 year；需要按成书/定稿/首次发表史人工核验,,WL-WORK-R7-022
哑舍.md,哑舍,玄色,,T6,T6 当代全球文学,,REVIEW,缺少可机器读取的 year；需要按成书/定稿/首次发表史人工核验,个人补录,WL-WORK-2746
喀耳刻.md,喀耳刻,玛德琳·米勒,,T6,T6 当代全球文学,,REVIEW,缺少可机器读取的 year；需要按成书/定稿/首次发表史人工核验,自动通过,WL-WORK-0631
喜福会.md,喜福会,谭恩美,,T6,T6 当代全球文学,,REVIEW,缺少可机器读取的 year；需要按成书/定稿/首次发表史人工核验,自动通过,WL-WORK-1024
喜鹊谋杀案.md,喜鹊谋杀案,安东尼·霍罗维茨,,T6,T6 当代全球文学,,REVIEW,缺少可机器读取的 year；需要按成书/定稿/首次发表史人工核验,自动通过,WL-WORK-0142
喝眼泪的鸟.md,喝眼泪的鸟,李英道,,T6,T6 当代全球文学,,REVIEW,缺少可机器读取的 year；需要按成书/定稿/首次发表史人工核验,自动通过,WL-WORK-0632
喷火器.md,喷火器,罗伯托·阿尔特,,T6,T6 当代全球文学,,REVIEW,缺少可机器读取的 year；需要按成书/定稿/首次发表史人工核验,自动通过,WL-WORK-1621
嘲笑鸟.md,嘲笑鸟,苏珊·柯林斯,,T6,T6 当代全球文学,,REVIEW,缺少可机器读取的 year；需要按成书/定稿/首次发表史人工核验,自动通过,WL-WORK-1026
四川好人.md,四川好人,贝托尔特·布莱希特,,T6,T6 当代全球文学,,REVIEW,缺少可机器读取的 year；需要按成书/定稿/首次发表史人工核验,structural_backfill_v1,WL-WORK-R4-四川好人
四月三日事件.md,四月三日事件,余华,1987,T6,T6 当代全球文学,T6,PASS,按 year 与正式 T 轴范围一致,个人补录,WL-WORK-2785
回乡笔记.md,回乡笔记,,,T6,T6 当代全球文学,,REVIEW,缺少可机器读取的 year；需要按成书/定稿/首次发表史人工核验,,WL-WORK-R7-012
回响.md,回响,东西,,T6,T6 当代全球文学,,REVIEW,缺少可机器读取的 year；需要按成书/定稿/首次发表史人工核验,需复核,WL-WORK-2895
回家的方式.md,回家的方式,亚历杭德罗·桑布拉,,T6,T6 当代全球文学,,REVIEW,缺少可机器读取的 year；需要按成书/定稿/首次发表史人工核验,自动通过,WL-WORK-1624
国家.md,国家,Lualhati Bautista,1983,T6,T6 当代全球文学,T6,PASS,按 year 与正式 T 轴范围一致,手工核验,WL-WORK-R8-044
国王的荣耀.md,国王的荣耀,,,T6,T6 当代全球文学,,REVIEW,缺少可机器读取的 year；需要按成书/定稿/首次发表史人工核验,,WL-WORK-R7-020
国王的黄金.md,国王的黄金,阿图罗·佩雷斯-雷维特,,T6,T6 当代全球文学,,REVIEW,缺少可机器读取的 year；需要按成书/定稿/首次发表史人工核验,自动通过,WL-WORK-2485
土星之环.md,土星之环,W.G.塞巴尔德,,T6,T6 当代全球文学,,REVIEW,缺少可机器读取的 year；需要按成书/定稿/首次发表史人工核验,自动通过,WL-WORK-1429
圣埃维塔.md,圣埃维塔,托马斯·埃洛伊·马丁内斯,,T6,T6 当代全球文学,,REVIEW,缺少可机器读取的 year；需要按成书/定稿/首次发表史人工核验,自动通过,WL-WORK-1627
圣女的救济.md,圣女的救济,东野圭吾,,T6,T6 当代全球文学,,REVIEW,缺少可机器读取的 year；需要按成书/定稿/首次发表史人工核验,自动通过,WL-WORK-0213
圣徒与疯子的城市.md,圣徒与疯子的城市,杰夫·范德米尔,,T6,T6 当代全球文学,,REVIEW,缺少可机器读取的 year；需要按成书/定稿/首次发表史人工核验,自动通过,WL-WORK-0633
圣殿春秋.md,圣殿春秋,肯·福莱特,,T6,T6 当代全球文学,,REVIEW,缺少可机器读取的 year；需要按成书/定稿/首次发表史人工核验,自动通过,WL-WORK-1032
在他乡.md,在他乡,Jhumpa Lahiri,,T6,T6 当代全球文学,,REVIEW,缺少可机器读取的 year；需要按成书/定稿/首次发表史人工核验,待书目核验,WL-WORK-R10-043
在别人中间.md,在别人中间,乔·沃尔顿,,T6,T6 当代全球文学,,REVIEW,缺少可机器读取的 year；需要按成书/定稿/首次发表史人工核验,需复核,WL-WORK-2922
在地球上我们短暂地绚烂.md,在地球上我们短暂地绚烂,Ocean Vuong,,T6,T6 当代全球文学,,REVIEW,缺少可机器读取的 year；需要按成书/定稿/首次发表史人工核验,待书目核验,WL-WORK-R10-047
在细雨中呼喊.md,在细雨中呼喊,余华,1991,T6,T6 当代全球文学,T6,PASS,按 year 与正式 T 轴范围一致,个人补录,WL-WORK-2740
在那里那里.md,在那里那里,Tommy Orange,,T6,T6 当代全球文学,,REVIEW,缺少可机器读取的 year；需要按成书/定稿/首次发表史人工核验,结构补全待书目核验,WL-WORK-R5-005
地下铁道.md,地下铁道,科尔森·怀特黑德,,T6,T6 当代全球文学,,REVIEW,缺少可机器读取的 year；需要按成书/定稿/首次发表史人工核验,自动通过,WL-WORK-1035
地图.md,地图,,,T6,T6 当代全球文学,,REVIEW,缺少可机器读取的 year；需要按成书/定稿/首次发表史人工核验,,WL-WORK-R7-023
地海孤雏.md,地海孤雏,厄休拉·勒古恩,,T6,T6 当代全球文学,,REVIEW,缺少可机器读取的 year；需要按成书/定稿/首次发表史人工核验,需复核,WL-WORK-2939
地狱之心.md,地狱之心,克莱夫·巴克,,T6,T6 当代全球文学,,REVIEW,缺少可机器读取的 year；需要按成书/定稿/首次发表史人工核验,自动通过,WL-WORK-0637
地铁.md,地铁,韩松,,T6,T6 当代全球文学,,REVIEW,缺少可机器读取的 year；需要按成书/定稿/首次发表史人工核验,自动通过,WL-WORK-0458
坎德拉里奥·奥贝索诗选.md,坎德拉里奥·奥贝索诗选,,,T6,T6 当代全球文学,,REVIEW,缺少可机器读取的 year；需要按成书/定稿/首次发表史人工核验,,WL-WORK-R6-034
坏小孩.md,坏小孩,紫金陈,,T6,T6 当代全球文学,,REVIEW,缺少可机器读取的 year；需要按成书/定稿/首次发表史人工核验,自动通过,WL-WORK-0244
坟场之书.md,坟场之书,尼尔·盖曼,,T6,T6 当代全球文学,,REVIEW,缺少可机器读取的 year；需要按成书/定稿/首次发表史人工核验,需复核,WL-WORK-2920
坠物之声.md,坠物之声,胡安·加布里埃尔·巴斯克斯,,T6,T6 当代全球文学,,REVIEW,缺少可机器读取的 year；需要按成书/定稿/首次发表史人工核验,自动通过,WL-WORK-1633
坠落的女人.md,坠落的女人,帕特·墨菲,,T6,T6 当代全球文学,,REVIEW,缺少可机器读取的 year；需要按成书/定稿/首次发表史人工核验,需复核,WL-WORK-2936
坤昌坤平.md,坤昌坤平,佚名（口传与宫廷整理传统）,,T6,T6 当代全球文学,,REVIEW,缺少可机器读取的 year；需要按成书/定稿/首次发表史人工核验,书目清理V1：传统/编纂作者身份已规范,WL-WORK-R8-008
埃库埃-扬巴-奥.md,埃库埃-扬巴-奥,,,T6,T6 当代全球文学,,REVIEW,缺少可机器读取的 year；需要按成书/定稿/首次发表史人工核验,,WL-WORK-R6-032
埃琳娜知道.md,埃琳娜知道,克劳迪娅·皮涅罗,,T6,T6 当代全球文学,,REVIEW,缺少可机器读取的 year；需要按成书/定稿/首次发表史人工核验,自动通过,WL-WORK-1634
埃罗托克里托斯.md,埃罗托克里托斯,维岑佐斯·科尔纳罗斯,,T6,T6 当代全球文学,,REVIEW,缺少可机器读取的 year；需要按成书/定稿/首次发表史人工核验,structural_backfill_v1,WL-WORK-R4-埃罗托克里托斯
城与城.md,城与城,查纳·米耶维,,T6,T6 当代全球文学,,REVIEW,缺少可机器读取的 year；需要按成书/定稿/首次发表史人工核验,自动通过,WL-WORK-0424
基列家书.md,基列家书,玛丽莲·罗宾逊,,T6,T6 当代全球文学,,REVIEW,缺少可机器读取的 year；需要按成书/定稿/首次发表史人工核验,自动通过,WL-WORK-1040
基因设计师.md,基因设计师,藤井太洋,,T6,T6 当代全球文学,,REVIEW,缺少可机器读取的 year；需要按成书/定稿/首次发表史人工核验,自动通过,WL-WORK-0450
基地边缘.md,基地边缘,艾萨克·阿西莫夫,,T6,T6 当代全球文学,,REVIEW,缺少可机器读取的 year；需要按成书/定稿/首次发表史人工核验,需复核,WL-WORK-2908
堂娜芭芭拉.md,堂娜芭芭拉,罗慕洛·加列戈斯,,T6,T6 当代全球文学,,REVIEW,缺少可机器读取的 year；需要按成书/定稿/首次发表史人工核验,自动通过,WL-WORK-1637
塔拉.md,塔拉,加夫列拉·米斯特拉尔,,T6,T6 当代全球文学,,REVIEW,缺少可机器读取的 year；需要按成书/定稿/首次发表史人工核验,自动通过,WL-WORK-1638
塞西莉亚·巴尔德斯.md,塞西莉亚·巴尔德斯,西里洛·比亚韦德,,T6,T6 当代全球文学,,REVIEW,缺少可机器读取的 year；需要按成书/定稿/首次发表史人工核验,自动通过,WL-WORK-1640
墓地的沉默.md,墓地的沉默,阿尔纳尔杜尔·因德里达松,,T6,T6 当代全球文学,,REVIEW,缺少可机器读取的 year；需要按成书/定稿/首次发表史人工核验,需复核,WL-WORK-0223
壁橱认识论.md,壁橱认识论,伊芙·科索夫斯基·塞奇威克,,T6,T6 当代全球文学,,REVIEW,缺少可机器读取的 year；需要按成书/定稿/首次发表史人工核验,metadata_pending,WL-WORK-3255
壬生义士传.md,壬生义士传,浅田次郎,,T6,T6 当代全球文学,,REVIEW,缺少可机器读取的 year；需要按成书/定稿/首次发表史人工核验,自动通过,WL-WORK-2489
处决笔记.md,处决笔记,丹娅·库卡夫卡,,T6,T6 当代全球文学,,REVIEW,缺少可机器读取的 year；需要按成书/定稿/首次发表史人工核验,需复核,WL-WORK-3149
处容歌.md,处容歌,佚名,,T6,T6 当代全球文学,,REVIEW,缺少可机器读取的 year；需要按成书/定稿/首次发表史人工核验,手工核验,WL-WORK-R2-GAP-05
复仇.md,复仇,小川洋子,,T6,T6 当代全球文学,,REVIEW,缺少可机器读取的 year；需要按成书/定稿/首次发表史人工核验,自动通过,WL-WORK-0643
复活者.md,复活者,伊恩·兰金,,T6,T6 当代全球文学,,REVIEW,缺少可机器读取的 year；需要按成书/定稿/首次发表史人工核验,需复核,WL-WORK-3130
夏有乔木雅望天堂.md,夏有乔木雅望天堂,籽月,,T6,T6 当代全球文学,,REVIEW,缺少可机器读取的 year；需要按成书/定稿/首次发表史人工核验,个人补录,WL-WORK-2759
夏至未至.md,夏至未至,郭敬明,,T6,T6 当代全球文学,,REVIEW,缺少可机器读取的 year；需要按成书/定稿/首次发表史人工核验,个人补录,WL-WORK-2757
夕雾花园.md,夕雾花园,陈团英（Tan Twan Eng）,,T6,T6 当代全球文学,,REVIEW,缺少可机器读取的 year；需要按成书/定稿/首次发表史人工核验,书目清理V1：作者已核定，其他字段按现有证据保留,WL-WORK-R8-054
多拉·布吕代.md,多拉·布吕代,帕特里克·莫迪亚诺,,T6,T6 当代全球文学,,REVIEW,缺少可机器读取的 year；需要按成书/定稿/首次发表史人工核验,自动通过,WL-WORK-2046
多晚了，多晚.md,多晚了，多晚,詹姆斯·凯尔曼,,T6,T6 当代全球文学,,REVIEW,缺少可机器读取的 year；需要按成书/定稿/首次发表史人工核验,需复核,WL-WORK-3057
夜之彼端.md,夜之彼端,玛丽安娜·恩里克斯,,T6,T6 当代全球文学,,REVIEW,缺少可机器读取的 year；需要按成书/定稿/首次发表史人工核验,自动通过,WL-WORK-0645
夜幕降临前.md,夜幕降临前,雷纳尔多·阿雷纳斯,,T6,T6 当代全球文学,,REVIEW,缺少可机器读取的 year；需要按成书/定稿/首次发表史人工核验,自动通过,WL-WORK-1643
夜晚的天空.md,夜晚的天空,,,T6,T6 当代全球文学,,REVIEW,缺少可机器读取的 year；需要按成书/定稿/首次发表史人工核验,,WL-WORK-R6-012
夜晚的潜水艇.md,夜晚的潜水艇,陈春成,,T6,T6 当代全球文学,,REVIEW,缺少可机器读取的 year；需要按成书/定稿/首次发表史人工核验,个人补录,WL-WORK-2734
夜色下的七杀.md,夜色下的七杀,马龙·詹姆斯,,T6,T6 当代全球文学,,REVIEW,缺少可机器读取的 year；需要按成书/定稿/首次发表史人工核验,自动通过,WL-WORK-1047
大使城.md,大使城,查纳·米耶维,,T6,T6 当代全球文学,,REVIEW,缺少可机器读取的 year；需要按成书/定稿/首次发表史人工核验,自动通过,WL-WORK-0423
大史.md,大史,佚名,,T6,T6 当代全球文学,,REVIEW,缺少可机器读取的 year；需要按成书/定稿/首次发表史人工核验,手工核验,WL-WORK-R3-80125468
大唐双龙传.md,大唐双龙传,黄易,,T6,T6 当代全球文学,,REVIEW,缺少可机器读取的 year；需要按成书/定稿/首次发表史人工核验,自动通过,WL-WORK-2491
大地惊雷.md,大地惊雷,查尔斯·波蒂斯,,T6,T6 当代全球文学,,REVIEW,缺少可机器读取的 year；需要按成书/定稿/首次发表史人工核验,自动通过,WL-WORK-2493
大天空.md,大天空,A.B.格思里,,T6,T6 当代全球文学,,REVIEW,缺少可机器读取的 year；需要按成书/定稿/首次发表史人工核验,自动通过,WL-WORK-2494
大菩萨岭.md,大菩萨岭,中里介山,,T6,T6 当代全球文学,,REVIEW,缺少可机器读取的 year；需要按成书/定稿/首次发表史人工核验,自动通过,WL-WORK-2496
大鼻子情圣.md,大鼻子情圣,埃德蒙·罗斯丹,,T6,T6 当代全球文学,,REVIEW,缺少可机器读取的 year；需要按成书/定稿/首次发表史人工核验,自动通过,WL-WORK-2497
天上的鸟儿.md,天上的鸟儿,查理·简·安德斯,,T6,T6 当代全球文学,,REVIEW,缺少可机器读取的 year；需要按成书/定稿/首次发表史人工核验,需复核,WL-WORK-2952
天使在我桌上.md,天使在我桌上,Janet Frame,,T6,T6 当代全球文学,,REVIEW,缺少可机器读取的 year；需要按成书/定稿/首次发表史人工核验,书目清理V1：作者已核定，其他字段按现有证据保留,WL-WORK-R9-015
天才寓言.md,天才寓言,奥克塔维娅·巴特勒,1998,T6,T6 当代全球文学,T6,PASS,按 year 与正式 T 轴范围一致,自动通过,WL-WORK-1052
天渊.md,天渊,弗诺·文奇,,T6,T6 当代全球文学,,REVIEW,缺少可机器读取的 year；需要按成书/定稿/首次发表史人工核验,自动通过,WL-WORK-0406
天行者.md,天行者,刘醒龙,,T6,T6 当代全球文学,,REVIEW,缺少可机器读取的 year；需要按成书/定稿/首次发表史人工核验,需复核,WL-WORK-2879
天赋寓言.md,天赋寓言,奥克塔维娅·巴特勒,,T6,T6 当代全球文学,,REVIEW,缺少可机器读取的 year；需要按成书/定稿/首次发表史人工核验,metadata_pending,WL-WORK-3272
太平记.md,太平记,佚名,,T6,T6 当代全球文学,,REVIEW,缺少可机器读取的 year；需要按成书/定稿/首次发表史人工核验,自动通过,WL-WORK-1053
太白金星有点烦.md,太白金星有点烦,马伯庸,,T6,T6 当代全球文学,,REVIEW,缺少可机器读取的 year；需要按成书/定稿/首次发表史人工核验,个人补录,WL-WORK-2766
太阳之屋.md,太阳之屋,阿拉斯泰尔·雷诺兹,,T6,T6 当代全球文学,,REVIEW,缺少可机器读取的 year；需要按成书/定稿/首次发表史人工核验,自动通过,WL-WORK-0408
太阳石.md,太阳石,奥克塔维奥·帕斯,,T6,T6 当代全球文学,,REVIEW,缺少可机器读取的 year；需要按成书/定稿/首次发表史人工核验,自动通过,WL-WORK-1649
失乐园.md,失乐园,渡边淳一,,T6,T6 当代全球文学,,REVIEW,缺少可机器读取的 year；需要按成书/定稿/首次发表史人工核验,手工核验,WL-WORK-2049
失明症漫记.md,失明症漫记,若泽·萨拉马戈,,T6,T6 当代全球文学,,REVIEW,缺少可机器读取的 year；需要按成书/定稿/首次发表史人工核验,需复核,WL-WORK-2849
失落的继承.md,失落的继承,基兰·德赛,,T6,T6 当代全球文学,,REVIEW,缺少可机器读取的 year；需要按成书/定稿/首次发表史人工核验,需复核,WL-WORK-3065
失重的人.md,失重的人,墨西哥与美墨边境,,T6,T6 当代全球文学,,REVIEW,缺少可机器读取的 year；需要按成书/定稿/首次发表史人工核验,自动通过,WL-WORK-1650
奇侠精忠传.md,奇侠精忠传,赵焕亭,,T6,T6 当代全球文学,,REVIEW,缺少可机器读取的 year；需要按成书/定稿/首次发表史人工核验,自动通过,WL-WORK-2500
奇兰·巴兰之书.md,奇兰·巴兰之书,佚名,,T6,T6 当代全球文学,,REVIEW,缺少可机器读取的 year；需要按成书/定稿/首次发表史人工核验,自动通过,WL-WORK-1651
奇异的力量.md,奇异的力量,莱奥波尔多·卢贡内斯,,T6,T6 当代全球文学,,REVIEW,缺少可机器读取的 year；需要按成书/定稿/首次发表史人工核验,自动通过,WL-WORK-1652
奥丽芙·基特里奇.md,奥丽芙·基特里奇,伊丽莎白·斯特劳特,,T6,T6 当代全球文学,,REVIEW,缺少可机器读取的 year；需要按成书/定稿/首次发表史人工核验,需复核,WL-WORK-3021
奥义书.md,奥义书,佚名,,T6,T6 当代全球文学,,REVIEW,缺少可机器读取的 year；需要按成书/定稿/首次发表史人工核验,手工核验,WL-WORK-R3-04909472
奥兰多.md,奥兰多,弗吉尼亚·伍尔夫,,T6,T6 当代全球文学,,REVIEW,缺少可机器读取的 year；需要按成书/定稿/首次发表史人工核验,metadata_pending,WL-WORK-3258
奥扬泰.md,奥扬泰,安第斯,,T6,T6 当代全球文学,,REVIEW,缺少可机器读取的 year；需要按成书/定稿/首次发表史人工核验,自动通过,WL-WORK-1654
奥斯卡·瓦奥短暂而奇妙的一生.md,奥斯卡·瓦奥短暂而奇妙的一生,朱诺·迪亚斯,2007,T6,T6 当代全球文学,T6,PASS,按 year 与正式 T 轴范围一致,自动通过,WL-WORK-1056
奥斯卡与露辛达.md,奥斯卡与露辛达,彼得·凯里,,T6,T6 当代全球文学,,REVIEW,缺少可机器读取的 year；需要按成书/定稿/首次发表史人工核验,需复核,WL-WORK-3054
奥斯特利茨.md,奥斯特利茨,W.G.塞巴尔德,,T6,T6 当代全球文学,,REVIEW,缺少可机器读取的 year；需要按成书/定稿/首次发表史人工核验,自动通过,WL-WORK-2050
奥秘匕首.md,奥秘匕首,菲利普·普尔曼,,T6,T6 当代全球文学,,REVIEW,缺少可机器读取的 year；需要按成书/定稿/首次发表史人工核验,自动通过,WL-WORK-0655
奥米昆莱的女仆.md,奥米昆莱的女仆,丽塔·印第安纳,,T6,T6 当代全球文学,,REVIEW,缺少可机器读取的 year；需要按成书/定稿/首次发表史人工核验,自动通过,WL-WORK-1656
奥贡·阿比比曼.md,奥贡·阿比比曼,,,T6,T6 当代全球文学,,REVIEW,缺少可机器读取的 year；需要按成书/定稿/首次发表史人工核验,,WL-WORK-R7-002
奥麦罗斯.md,奥麦罗斯,德里克·沃尔科特,,T6,T6 当代全球文学,,REVIEW,缺少可机器读取的 year；需要按成书/定稿/首次发表史人工核验,需复核,WL-WORK-3209
女凶手.md,女凶手,亚历山德罗斯·帕帕迪亚曼蒂斯,,T6,T6 当代全球文学,,REVIEW,缺少可机器读取的 year；需要按成书/定稿/首次发表史人工核验,structural_backfill_v1,WL-WORK-R4-女凶手
女勇士.md,女勇士,Maxine Hong Kingston,,T6,T6 当代全球文学,,REVIEW,缺少可机器读取的 year；需要按成书/定稿/首次发表史人工核验,结构补全待书目核验,WL-WORK-R5-024
女孩们的沉默.md,女孩们的沉默,帕特·巴克,,T6,T6 当代全球文学,,REVIEW,缺少可机器读取的 year；需要按成书/定稿/首次发表史人工核验,自动通过,WL-WORK-0656
女孩，女人，其他.md,女孩，女人，其他,伯纳丁·埃瓦里斯托,,T6,T6 当代全球文学,,REVIEW,缺少可机器读取的 year；需要按成书/定稿/首次发表史人工核验,需复核,WL-WORK-3076
女雕塑家.md,女雕塑家,米内特·沃尔特斯,,T6,T6 当代全球文学,,REVIEW,缺少可机器读取的 year；需要按成书/定稿/首次发表史人工核验,需复核,WL-WORK-3120
她乡——中国女性科幻作品选.md,她乡——中国女性科幻作品选,新生代,,T6,T6 当代全球文学,,REVIEW,缺少可机器读取的 year；需要按成书/定稿/首次发表史人工核验,自动通过,WL-WORK-0468
她对此感到厌烦.md,她对此感到厌烦,妚鹤,,T6,T6 当代全球文学,,REVIEW,缺少可机器读取的 year；需要按成书/定稿/首次发表史人工核验,个人补录,WL-WORK-2751
如果我们无法以光速前行.md,如果我们无法以光速前行,金草叶,,T6,T6 当代全球文学,,REVIEW,缺少可机器读取的 year；需要按成书/定稿/首次发表史人工核验,自动通过,WL-WORK-0479
如果我们梦想太久.md,如果我们梦想太久,Goh Poh Seng,,T6,T6 当代全球文学,,REVIEW,缺少可机器读取的 year；需要按成书/定稿/首次发表史人工核验,书目清理V1：作者已核定，其他字段按现有证据保留,WL-WORK-R8-050
姑获鸟之夏.md,姑获鸟之夏,京极夏彦,,T6,T6 当代全球文学,,REVIEW,缺少可机器读取的 year；需要按成书/定稿/首次发表史人工核验,自动通过,WL-WORK-0190
威兰.md,威兰,Charles Brockden Brown,,T6,T6 当代全球文学,,REVIEW,缺少可机器读取的 year；需要按成书/定稿/首次发表史人工核验,结构补全待书目核验,WL-WORK-R5-012
嫂子们.md,嫂子们,Michel Tremblay,,T6,T6 当代全球文学,,REVIEW,缺少可机器读取的 year；需要按成书/定稿/首次发表史人工核验,结构补全待书目核验,WL-WORK-R5-036
嫌疑人X的献身.md,嫌疑人X的献身,东野圭吾,,T6,T6 当代全球文学,,REVIEW,缺少可机器读取的 year；需要按成书/定稿/首次发表史人工核验,自动通过,WL-WORK-0211
孟菲斯之召.md,孟菲斯之召,彼得·泰勒,,T6,T6 当代全球文学,,REVIEW,缺少可机器读取的 year；需要按成书/定稿/首次发表史人工核验,需复核,WL-WORK-3005
孤儿大师之子.md,孤儿大师之子,亚当·约翰逊,,T6,T6 当代全球文学,,REVIEW,缺少可机器读取的 year；需要按成书/定稿/首次发表史人工核验,需复核,WL-WORK-3024
孤岛之谜.md,孤岛之谜,有栖川有栖,,T6,T6 当代全球文学,,REVIEW,缺少可机器读取的 year；需要按成书/定稿/首次发表史人工核验,自动通过,WL-WORK-0184
孤独的迷宫.md,孤独的迷宫,奥克塔维奥·帕斯,,T6,T6 当代全球文学,,REVIEW,缺少可机器读取的 year；需要按成书/定稿/首次发表史人工核验,自动通过,WL-WORK-1668
孤鸽镇.md,孤鸽镇,拉里·麦克默特里,,T6,T6 当代全球文学,,REVIEW,缺少可机器读取的 year；需要按成书/定稿/首次发表史人工核验,自动通过,WL-WORK-2502
孽子.md,孽子,白先勇,,T6,T6 当代全球文学,,REVIEW,缺少可机器读取的 year；需要按成书/定稿/首次发表史人工核验,个人补录,WL-WORK-2706
它.md,它,斯蒂芬·金,,T6,T6 当代全球文学,,REVIEW,缺少可机器读取的 year；需要按成书/定稿/首次发表史人工核验,自动通过,WL-WORK-0663
守夜.md,守夜,萨拉·沃特斯,,T6,T6 当代全球文学,,REVIEW,缺少可机器读取的 year；需要按成书/定稿/首次发表史人工核验,自动通过,WL-WORK-1065
安妮·布拉德斯特里特诗选.md,安妮·布拉德斯特里特诗选,Anne Bradstreet,,T6,T6 当代全球文学,,REVIEW,缺少可机器读取的 year；需要按成书/定稿/首次发表史人工核验,结构补全待书目核验,WL-WORK-R5-007
安尼尔的鬼魂.md,安尼尔的鬼魂,Michael Ondaatje,2000,T6,T6 当代全球文学,T6,PASS,按 year 与正式 T 轴范围一致,手工核验,WL-WORK-R3-62546819
安德的游戏.md,安德的游戏,奥森·斯科特·卡德,,T6,T6 当代全球文学,,REVIEW,缺少可机器读取的 year；需要按成书/定稿/首次发表史人工核验,自动通过,WL-WORK-0414
安达尔诗歌.md,安达尔诗歌,安达尔,,T6,T6 当代全球文学,,REVIEW,缺少可机器读取的 year；需要按成书/定稿/首次发表史人工核验,手工核验,WL-WORK-R3-00885116
安魂曲（阿赫玛托娃）.md,安魂曲（阿赫玛托娃）,安娜·阿赫玛托娃,,T6,T6 当代全球文学,,REVIEW,缺少可机器读取的 year；需要按成书/定稿/首次发表史人工核验,structural_backfill_v1,WL-WORK-R4-安魂曲阿赫玛托娃
宝水.md,宝水,乔叶,,T6,T6 当代全球文学,,REVIEW,缺少可机器读取的 year；需要按成书/定稿/首次发表史人工核验,需复核,WL-WORK-2892
宠儿.md,宠儿,托妮·莫里森,,T6,T6 当代全球文学,,REVIEW,缺少可机器读取的 year；需要按成书/定稿/首次发表史人工核验,,WL-WORK-0666
宠物公墓.md,宠物公墓,斯蒂芬·金,,T6,T6 当代全球文学,,REVIEW,缺少可机器读取的 year；需要按成书/定稿/首次发表史人工核验,自动通过,WL-WORK-0667
家园.md,家园,玛丽莲·罗宾逊,,T6,T6 当代全球文学,,REVIEW,缺少可机器读取的 year；需要按成书/定稿/首次发表史人工核验,自动通过,WL-WORK-1071
家庭纽带.md,家庭纽带,克拉丽丝·李斯佩克朵,,T6,T6 当代全球文学,,REVIEW,缺少可机器读取的 year；需要按成书/定稿/首次发表史人工核验,自动通过,WL-WORK-1673
宽广的萨尔加索海.md,宽广的萨尔加索海,Jean Rhys,,T6,T6 当代全球文学,,REVIEW,缺少可机器读取的 year；需要按成书/定稿/首次发表史人工核验,,WL-WORK-R6-030
宾蒂.md,宾蒂,恩涅蒂·奥科拉弗,,T6,T6 当代全球文学,,REVIEW,缺少可机器读取的 year；需要按成书/定稿/首次发表史人工核验,自动通过,WL-WORK-0473
寂静的春天.md,寂静的春天,蕾切尔·卡森,,T6,T6 当代全球文学,,REVIEW,缺少可机器读取的 year；需要按成书/定稿/首次发表史人工核验,metadata_pending,WL-WORK-3262
密使.md,密使,小川洋子,,T6,T6 当代全球文学,,REVIEW,缺少可机器读取的 year；需要按成书/定稿/首次发表史人工核验,自动通过,WL-WORK-2053
密室里的记忆.md,密室里的记忆,小川洋子,,T6,T6 当代全球文学,,REVIEW,缺少可机器读取的 year；需要按成书/定稿/首次发表史人工核验,自动通过,WL-WORK-1073
富兰克林自传.md,富兰克林自传,Benjamin Franklin,,T6,T6 当代全球文学,,REVIEW,缺少可机器读取的 year；需要按成书/定稿/首次发表史人工核验,结构补全待书目核验,WL-WORK-R5-010
富足的生命.md,富足的生命,,,T6,T6 当代全球文学,,REVIEW,缺少可机器读取的 year；需要按成书/定稿/首次发表史人工核验,,WL-WORK-R7-029
寒冷的红日出.md,寒冷的红日出,斯图尔特·M·卡明斯基,,T6,T6 当代全球文学,,REVIEW,缺少可机器读取的 year；需要按成书/定稿/首次发表史人工核验,需复核,WL-WORK-3115
寓言集.md,寓言集,胡安·何塞·阿雷奥拉,,T6,T6 当代全球文学,,REVIEW,缺少可机器读取的 year；需要按成书/定稿/首次发表史人工核验,自动通过,WL-WORK-1675
寻秦记.md,寻秦记,黄易,,T6,T6 当代全球文学,,REVIEW,缺少可机器读取的 year；需要按成书/定稿/首次发表史人工核验,自动通过,WL-WORK-2505
将军吟.md,将军吟,莫应丰,,T6,T6 当代全球文学,,REVIEW,缺少可机器读取的 year；需要按成书/定稿/首次发表史人工核验,需复核,WL-WORK-2857
小国.md,小国,,,T6,T6 当代全球文学,,REVIEW,缺少可机器读取的 year；需要按成书/定稿/首次发表史人工核验,,WL-WORK-R7-028
小时代.md,小时代,郭敬明,,T6,T6 当代全球文学,,REVIEW,缺少可机器读取的 year；需要按成书/定稿/首次发表史人工核验,个人补录,WL-WORK-2752
小眼睛.md,小眼睛,萨曼塔·施韦布林,,T6,T6 当代全球文学,,REVIEW,缺少可机器读取的 year；需要按成书/定稿/首次发表史人工核验,自动通过,WL-WORK-1075
小神们.md,小神们,特里·普拉切特,,T6,T6 当代全球文学,,REVIEW,缺少可机器读取的 year；需要按成书/定稿/首次发表史人工核验,自动通过,WL-WORK-0670
小镇艳阳录.md,小镇艳阳录,Stephen Leacock,,T6,T6 当代全球文学,,REVIEW,缺少可机器读取的 year；需要按成书/定稿/首次发表史人工核验,结构补全待书目核验,WL-WORK-R5-029
小陌生人.md,小陌生人,萨拉·沃特斯,,T6,T6 当代全球文学,,REVIEW,缺少可机器读取的 year；需要按成书/定稿/首次发表史人工核验,自动通过,WL-WORK-0671
少年Pi的奇幻漂流.md,少年Pi的奇幻漂流,扬·马特尔,,T6,T6 当代全球文学,,REVIEW,缺少可机器读取的 year；需要按成书/定稿/首次发表史人工核验,自动通过,WL-WORK-2054
少年天子.md,少年天子,凌力,,T6,T6 当代全球文学,,REVIEW,缺少可机器读取的 year；需要按成书/定稿/首次发表史人工核验,自动通过,WL-WORK-1078
少雨之地.md,少雨之地,玛丽·奥斯汀,,T6,T6 当代全球文学,,REVIEW,缺少可机器读取的 year；需要按成书/定稿/首次发表史人工核验,自动通过,WL-WORK-2508
尘埃落定.md,尘埃落定,阿来,,T6,T6 当代全球文学,,REVIEW,缺少可机器读取的 year；需要按成书/定稿/首次发表史人工核验,自动通过,WL-WORK-1081
尤今小说选.md,尤今小说选,尤今,,T6,T6 当代全球文学,,REVIEW,缺少可机器读取的 year；需要按成书/定稿/首次发表史人工核验,书目清理V1：作者已核定，其他字段按现有证据保留,WL-WORK-R8-052
尸人庄谜案.md,尸人庄谜案,今村昌弘,,T6,T6 当代全球文学,,REVIEW,缺少可机器读取的 year；需要按成书/定稿/首次发表史人工核验,自动通过,WL-WORK-0205
尸者的帝国.md,尸者的帝国,伊藤计划 / 圆城塔,,T6,T6 当代全球文学,,REVIEW,缺少可机器读取的 year；需要按成书/定稿/首次发表史人工核验,自动通过,WL-WORK-0449
尸鬼.md,尸鬼,小野不由美,,T6,T6 当代全球文学,,REVIEW,缺少可机器读取的 year；需要按成书/定稿/首次发表史人工核验,自动通过,WL-WORK-0672
尼亚尔萨迦.md,尼亚尔萨迦,佚名,,T6,T6 当代全球文学,,REVIEW,缺少可机器读取的 year；需要按成书/定稿/首次发表史人工核验,structural_backfill_v1,WL-WORK-R4-尼亚尔萨迦
尼凯切.md,尼凯切,,,T6,T6 当代全球文学,,REVIEW,缺少可机器读取的 year；需要按成书/定稿/首次发表史人工核验,,WL-WORK-R7-038
屠场.md,屠场,埃斯特万·埃切维里亚,,T6,T6 当代全球文学,,REVIEW,缺少可机器读取的 year；需要按成书/定稿/首次发表史人工核验,自动通过,WL-WORK-1680
屠宰场之舞.md,屠宰场之舞,劳伦斯·布洛克,,T6,T6 当代全球文学,,REVIEW,缺少可机器读取的 year；需要按成书/定稿/首次发表史人工核验,需复核,WL-WORK-3118
山地花环.md,山地花环,彼得二世·彼得罗维奇-涅戈什,,T6,T6 当代全球文学,,REVIEW,缺少可机器读取的 year；需要按成书/定稿/首次发表史人工核验,structural_backfill_v1,WL-WORK-R4-山地花环
山羊的节日.md,山羊的节日,,,T6,T6 当代全球文学,,REVIEW,缺少可机器读取的 year；需要按成书/定稿/首次发表史人工核验,,WL-WORK-R6-023
岛上书店.md,岛上书店,加·泽文,,T6,T6 当代全球文学,,REVIEW,缺少可机器读取的 year；需要按成书/定稿/首次发表史人工核验,个人补录,WL-WORK-2762
左传.md,左传,左丘明,,T6,T6 当代全球文学,,REVIEW,缺少可机器读取的 year；需要按成书/定稿/首次发表史人工核验,自动通过,WL-WORK-1084
巧克力情人.md,巧克力情人,,,T6,T6 当代全球文学,,REVIEW,缺少可机器读取的 year；需要按成书/定稿/首次发表史人工核验,,WL-WORK-R6-005
巨石苍穹.md,巨石苍穹,N.K.杰米辛,,T6,T6 当代全球文学,,REVIEW,缺少可机器读取的 year；需要按成书/定稿/首次发表史人工核验,自动通过,WL-WORK-0674
差分机.md,差分机,威廉·吉布森 / 布鲁斯·斯特林,,T6,T6 当代全球文学,,REVIEW,缺少可机器读取的 year；需要按成书/定稿/首次发表史人工核验,自动通过,WL-WORK-0440
已知的世界.md,已知的世界,爱德华·P·琼斯,,T6,T6 当代全球文学,,REVIEW,缺少可机器读取的 year；需要按成书/定稿/首次发表史人工核验,需复核,WL-WORK-3019
巴伊·甘纽.md,巴伊·甘纽,阿列科·康斯坦丁诺夫,,T6,T6 当代全球文学,,REVIEW,缺少可机器读取的 year；需要按成书/定稿/首次发表史人工核验,structural_backfill_v1,WL-WORK-R4-巴伊甘纽
巴伦·卡南.md,巴伦·卡南,罗萨里奥·卡斯特利亚诺斯,,T6,T6 当代全球文学,,REVIEW,缺少可机器读取的 year；需要按成书/定稿/首次发表史人工核验,自动通过,WL-WORK-1682
巴别塔.md,巴别塔,匡灵秀,,T6,T6 当代全球文学,,REVIEW,缺少可机器读取的 year；需要按成书/定稿/首次发表史人工核验,自动通过,WL-WORK-0675
巴努巴克塔罗摩衍那.md,巴努巴克塔罗摩衍那,Bhanubhakta Acharya,,T6,T6 当代全球文学,,REVIEW,缺少可机器读取的 year；需要按成书/定稿/首次发表史人工核验,手工核验,WL-WORK-R3-88739342
巴拉耶.md,巴拉耶,洛伊斯·麦克马斯特·比约德,,T6,T6 当代全球文学,,REVIEW,缺少可机器读取的 year；需要按成书/定稿/首次发表史人工核验,需复核,WL-WORK-2913
巴登海姆1939.md,巴登海姆1939,Aharon Appelfeld,,T6,T6 当代全球文学,,REVIEW,缺少可机器读取的 year；需要按成书/定稿/首次发表史人工核验,待书目核验,WL-WORK-R10-011
巴西万岁.md,巴西万岁,若昂·乌巴尔多·里贝罗,,T6,T6 当代全球文学,,REVIEW,缺少可机器读取的 year；需要按成书/定稿/首次发表史人工核验,自动通过,WL-WORK-1685
布兰诗歌.md,布兰诗歌,多人/佚名,,T6,T6 当代全球文学,,REVIEW,缺少可机器读取的 year；需要按成书/定稿/首次发表史人工核验,structural_backfill_v1,WL-WORK-R4-布兰诗歌
布莱·沙阿诗选.md,布莱·沙阿诗选,布莱·沙阿,,T6,T6 当代全球文学,,REVIEW,缺少可机器读取的 year；需要按成书/定稿/首次发表史人工核验,手工核验,WL-WORK-R3-82744467
布衣神相.md,布衣神相,小椴,,T6,T6 当代全球文学,,REVIEW,缺少可机器读取的 year；需要按成书/定稿/首次发表史人工核验,自动通过,WL-WORK-2510
布雷达的太阳.md,布雷达的太阳,阿图罗·佩雷斯-雷维特,,T6,T6 当代全球文学,,REVIEW,缺少可机器读取的 year；需要按成书/定稿/首次发表史人工核验,自动通过,WL-WORK-2511
师父.md,师父,徐皓峰,,T6,T6 当代全球文学,,REVIEW,缺少可机器读取的 year；需要按成书/定稿/首次发表史人工核验,自动通过,WL-WORK-2512
希尔德的梯子.md,希尔德的梯子,格雷格·伊根,,T6,T6 当代全球文学,,REVIEW,缺少可机器读取的 year；需要按成书/定稿/首次发表史人工核验,自动通过,WL-WORK-0379
帕迪·克拉克哈哈哈.md,帕迪·克拉克哈哈哈,罗迪·道伊尔,,T6,T6 当代全球文学,,REVIEW,缺少可机器读取的 year；需要按成书/定稿/首次发表史人工核验,需复核,WL-WORK-3056
帝国瀑布.md,帝国瀑布,理查德·拉索,,T6,T6 当代全球文学,,REVIEW,缺少可机器读取的 year；需要按成书/定稿/首次发表史人工核验,需复核,WL-WORK-3018
席斯矩阵.md,席斯矩阵,布鲁斯·斯特林,,T6,T6 当代全球文学,,REVIEW,缺少可机器读取的 year；需要按成书/定稿/首次发表史人工核验,自动通过,WL-WORK-0391
常识.md,常识,Thomas Paine,,T6,T6 当代全球文学,,REVIEW,缺少可机器读取的 year；需要按成书/定稿/首次发表史人工核验,结构补全待书目核验,WL-WORK-R5-011
干旱的生活.md,干旱的生活,格拉西利亚诺·拉莫斯,,T6,T6 当代全球文学,,REVIEW,缺少可机器读取的 year；需要按成书/定稿/首次发表史人工核验,自动通过,WL-WORK-1687
平凡的世界.md,平凡的世界,路遥,,T6,T6 当代全球文学,,REVIEW,缺少可机器读取的 year；需要按成书/定稿/首次发表史人工核验,个人补录,WL-WORK-2711
平凡的恩典.md,平凡的恩典,威廉·肯特·克鲁格,,T6,T6 当代全球文学,,REVIEW,缺少可机器读取的 year；需要按成书/定稿/首次发表史人工核验,需复核,WL-WORK-3140
平原上的城市.md,平原上的城市,科马克·麦卡锡,,T6,T6 当代全球文学,,REVIEW,缺少可机器读取的 year；需要按成书/定稿/首次发表史人工核验,自动通过,WL-WORK-2514
平治物语.md,平治物语,佚名,,T6,T6 当代全球文学,,REVIEW,缺少可机器读取的 year；需要按成书/定稿/首次发表史人工核验,自动通过,WL-WORK-1092
幻城.md,幻城,郭敬明,,T6,T6 当代全球文学,,REVIEW,缺少可机器读取的 year；需要按成书/定稿/首次发表史人工核验,个人补录,WL-WORK-2753
幻想世界旅游者指南.md,幻想世界旅游者指南,戴安娜·韦恩·琼斯,,T6,T6 当代全球文学,,REVIEW,缺少可机器读取的 year；需要按成书/定稿/首次发表史人工核验,自动通过,WL-WORK-0681
幻梦之海.md,幻梦之海,克莱夫·巴克,,T6,T6 当代全球文学,,REVIEW,缺少可机器读取的 year；需要按成书/定稿/首次发表史人工核验,自动通过,WL-WORK-0683
幽灵路.md,幽灵路,帕特·巴克,,T6,T6 当代全球文学,,REVIEW,缺少可机器读取的 year；需要按成书/定稿/首次发表史人工核验,自动通过,WL-WORK-1095
幽灵鸟.md,幽灵鸟,Lisa Fuller,,T6,T6 当代全球文学,,REVIEW,缺少可机器读取的 year；需要按成书/定稿/首次发表史人工核验,书目清理V1：作者已核定，其他字段按现有证据保留,WL-WORK-R9-010
广漠的世界.md,广漠的世界,西罗·阿莱格里亚,,T6,T6 当代全球文学,,REVIEW,缺少可机器读取的 year；需要按成书/定稿/首次发表史人工核验,自动通过,WL-WORK-1690
床上抽烟有危险.md,床上抽烟有危险,玛丽安娜·恩里克斯,,T6,T6 当代全球文学,,REVIEW,缺少可机器读取的 year；需要按成书/定稿/首次发表史人工核验,自动通过,WL-WORK-0686
应物兄.md,应物兄,李洱,,T6,T6 当代全球文学,,REVIEW,缺少可机器读取的 year；需要按成书/定稿/首次发表史人工核验,需复核,WL-WORK-2890
店员.md,店员,Bernard Malamud,,T6,T6 当代全球文学,,REVIEW,缺少可机器读取的 year；需要按成书/定稿/首次发表史人工核验,结构补全待书目核验,WL-WORK-R5-021
庞贝.md,庞贝,罗伯特·哈里斯,,T6,T6 当代全球文学,,REVIEW,缺少可机器读取的 year；需要按成书/定稿/首次发表史人工核验,自动通过,WL-WORK-1096
座头市物语.md,座头市物语,子母泽宽,,T6,T6 当代全球文学,,REVIEW,缺少可机器读取的 year；需要按成书/定稿/首次发表史人工核验,自动通过,WL-WORK-2516
康熙大帝.md,康熙大帝,二月河,,T6,T6 当代全球文学,,REVIEW,缺少可机器读取的 year；需要按成书/定稿/首次发表史人工核验,自动通过,WL-WORK-1097
开放的城市.md,开放的城市,Teju Cole,,T6,T6 当代全球文学,,REVIEW,缺少可机器读取的 year；需要按成书/定稿/首次发表史人工核验,待书目核验,WL-WORK-R10-045
异山馨香.md,异山馨香,罗伯特·奥伦·巴特勒,,T6,T6 当代全球文学,,REVIEW,缺少可机器读取的 year；需要按成书/定稿/首次发表史人工核验,需复核,WL-WORK-3009
异常.md,异常,桐野夏生,,T6,T6 当代全球文学,,REVIEW,缺少可机器读取的 year；需要按成书/定稿/首次发表史人工核验,自动通过,WL-WORK-0173
异邦骑士.md,异邦骑士,岛田庄司,,T6,T6 当代全球文学,,REVIEW,缺少可机器读取的 year；需要按成书/定稿/首次发表史人工核验,自动通过,WL-WORK-0178
弗农·小神.md,弗农·小神,DBC皮埃尔,,T6,T6 当代全球文学,,REVIEW,缺少可机器读取的 year；需要按成书/定稿/首次发表史人工核验,需复核,WL-WORK-3062
弗吉尼亚人.md,弗吉尼亚人,欧文·威斯特,,T6,T6 当代全球文学,,REVIEW,缺少可机器读取的 year；需要按成书/定稿/首次发表史人工核验,自动通过,WL-WORK-2518
弗雷德里克·道格拉斯自传.md,弗雷德里克·道格拉斯自传,Frederick Douglass,,T6,T6 当代全球文学,,REVIEW,缺少可机器读取的 year；需要按成书/定稿/首次发表史人工核验,结构补全待书目核验,WL-WORK-R5-016
张居正.md,张居正,熊召政,,T6,T6 当代全球文学,,REVIEW,缺少可机器读取的 year；需要按成书/定稿/首次发表史人工核验,需复核,WL-WORK-2870
弹药筒.md,弹药筒,内莉·坎波贝略,,T6,T6 当代全球文学,,REVIEW,缺少可机器读取的 year；需要按成书/定稿/首次发表史人工核验,自动通过,WL-WORK-1693
强盗.md,强盗,席勒,,T6,T6 当代全球文学,,REVIEW,缺少可机器读取的 year；需要按成书/定稿/首次发表史人工核验,自动通过,WL-WORK-2520
归乡.md,归乡,雅·吉亚西,,T6,T6 当代全球文学,,REVIEW,缺少可机器读取的 year；需要按成书/定稿/首次发表史人工核验,自动通过,WL-WORK-1101
当且仅当雪是白的.md,当且仅当雪是白的,陆秋槎,,T6,T6 当代全球文学,,REVIEW,缺少可机器读取的 year；需要按成书/定稿/首次发表史人工核验,自动通过,WL-WORK-0250
彩虹尽头.md,彩虹尽头,弗诺·文奇,,T6,T6 当代全球文学,,REVIEW,缺少可机器读取的 year；需要按成书/定稿/首次发表史人工核验,需复核,WL-WORK-2919
彩虹战士.md,彩虹战士,Andrea Hirata,,T6,T6 当代全球文学,,REVIEW,缺少可机器读取的 year；需要按成书/定稿/首次发表史人工核验,书目清理V1：作者已核定，其他字段按现有证据保留,WL-WORK-R8-039
彭公案.md,彭公案,贪梦道人,,T6,T6 当代全球文学,,REVIEW,缺少可机器读取的 year；需要按成书/定稿/首次发表史人工核验,自动通过,WL-WORK-2521
往事与刑罚.md,往事与刑罚,余华,1989,T6,T6 当代全球文学,T6,PASS,按 year 与正式 T 轴范围一致,个人补录,WL-WORK-2792
律师事务所.md,律师事务所,约翰·格里森姆,,T6,T6 当代全球文学,,REVIEW,缺少可机器读取的 year；需要按成书/定稿/首次发表史人工核验,自动通过,WL-WORK-0120
微微一笑很倾城.md,微微一笑很倾城,顾漫,,T6,T6 当代全球文学,,REVIEW,缺少可机器读取的 year；需要按成书/定稿/首次发表史人工核验,自动通过,WL-WORK-2067
微物之神.md,微物之神,阿兰达蒂·罗易,,T6,T6 当代全球文学,,REVIEW,缺少可机器读取的 year；需要按成书/定稿/首次发表史人工核验,自动通过,WL-WORK-1103
心理罪：教化场.md,心理罪：教化场,雷米,,T6,T6 当代全球文学,,REVIEW,缺少可机器读取的 year；需要按成书/定稿/首次发表史人工核验,自动通过,WL-WORK-0248
心理罪：画像.md,心理罪：画像,雷米,,T6,T6 当代全球文学,,REVIEW,缺少可机器读取的 year；需要按成书/定稿/首次发表史人工核验,自动通过,WL-WORK-0247
忠臣藏.md,忠臣藏,竹田出云 / 三好松洛 / 并木千柳,,T6,T6 当代全球文学,,REVIEW,缺少可机器读取的 year；需要按成书/定稿/首次发表史人工核验,自动通过,WL-WORK-2522
快乐之家.md,快乐之家,艾莉森·贝克德尔,,T6,T6 当代全球文学,,REVIEW,缺少可机器读取的 year；需要按成书/定稿/首次发表史人工核验,metadata_pending,WL-WORK-3261
怀特先生的忏悔.md,怀特先生的忏悔,罗伯特·克拉克,,T6,T6 当代全球文学,,REVIEW,缺少可机器读取的 year；需要按成书/定稿/首次发表史人工核验,需复核,WL-WORK-3125
性别麻烦.md,性别麻烦,朱迪斯·巴特勒,,T6,T6 当代全球文学,,REVIEW,缺少可机器读取的 year；需要按成书/定稿/首次发表史人工核验,metadata_pending,WL-WORK-3253
性史第一卷：认知的意志.md,性史第一卷：认知的意志,米歇尔·福柯,,T6,T6 当代全球文学,,REVIEW,缺少可机器读取的 year；需要按成书/定稿/首次发表史人工核验,metadata_pending,WL-WORK-3252
恰卡赞歌.md,恰卡赞歌,,,T6,T6 当代全球文学,,REVIEW,缺少可机器读取的 year；需要按成书/定稿/首次发表史人工核验,,WL-WORK-R7-003
恶意.md,恶意,东野圭吾,,T6,T6 当代全球文学,,REVIEW,缺少可机器读取的 year；需要按成书/定稿/首次发表史人工核验,自动通过,WL-WORK-0210
恶棍来访.md,恶棍来访,珍妮弗·伊根,,T6,T6 当代全球文学,,REVIEW,缺少可机器读取的 year；需要按成书/定稿/首次发表史人工核验,需复核,WL-WORK-3023
恶魔铜头.md,恶魔铜头,芭芭拉·金索沃,,T6,T6 当代全球文学,,REVIEW,缺少可机器读取的 year；需要按成书/定稿/首次发表史人工核验,需复核,WL-WORK-3031
悠悠岁月.md,悠悠岁月,安妮·埃尔诺,,T6,T6 当代全球文学,,REVIEW,缺少可机器读取的 year；需要按成书/定稿/首次发表史人工核验,自动通过,WL-WORK-2072
悲伤逆流成河.md,悲伤逆流成河,郭敬明,,T6,T6 当代全球文学,,REVIEW,缺少可机器读取的 year；需要按成书/定稿/首次发表史人工核验,个人补录,WL-WORK-2755
情书.md,情书,岩井俊二,,T6,T6 当代全球文学,,REVIEW,缺少可机器读取的 year；需要按成书/定稿/首次发表史人工核验,个人补录,WL-WORK-2713
惶然录.md,惶然录,费尔南多·佩索阿,1982,T6,T6 当代全球文学,T6,PASS,按 year 与正式 T 轴范围一致,自动通过,WL-WORK-1705
愚者的片尾.md,愚者的片尾,米泽穗信,,T6,T6 当代全球文学,,REVIEW,缺少可机器读取的 year；需要按成书/定稿/首次发表史人工核验,自动通过,WL-WORK-0200
慢暴力与穷人的环境主义.md,慢暴力与穷人的环境主义,罗布·尼克松,,T6,T6 当代全球文学,,REVIEW,缺少可机器读取的 year；需要按成书/定稿/首次发表史人工核验,metadata_pending,WL-WORK-3268
我不可能只是仰望着你.md,我不可能只是仰望着你,保拉·麦克莱恩,,T6,T6 当代全球文学,,REVIEW,缺少可机器读取的 year；需要按成书/定稿/首次发表史人工核验,个人补录,WL-WORK-2724
我与地坛.md,我与地坛,史铁生,,T6,T6 当代全球文学,,REVIEW,缺少可机器读取的 year；需要按成书/定稿/首次发表史人工核验,个人补录,WL-WORK-2727
我们从未现代过.md,我们从未现代过,布鲁诺·拉图尔,,T6,T6 当代全球文学,,REVIEW,缺少可机器读取的 year；需要按成书/定稿/首次发表史人工核验,metadata_pending,WL-WORK-3270
我们仨.md,我们仨,杨绛,,T6,T6 当代全球文学,,REVIEW,缺少可机器读取的 year；需要按成书/定稿/首次发表史人工核验,个人补录,WL-WORK-2726
我们在火中失去的东西.md,我们在火中失去的东西,玛丽安娜·恩里克斯,,T6,T6 当代全球文学,,REVIEW,缺少可机器读取的 year；需要按成书/定稿/首次发表史人工核验,自动通过,WL-WORK-0699
我们失去的光.md,我们失去的光,待考,,T6,T6 当代全球文学,,REVIEW,缺少可机器读取的 year；需要按成书/定稿/首次发表史人工核验,自动通过,WL-WORK-1708
我们曾经是海洋.md,我们曾经是海洋,Epeli Hauʻofa,,T6,T6 当代全球文学,,REVIEW,缺少可机器读取的 year；需要按成书/定稿/首次发表史人工核验,书目清理V1：作者已核定，其他字段按现有证据保留,WL-WORK-R9-033
我们的美洲.md,我们的美洲,何塞·马蒂,,T6,T6 当代全球文学,,REVIEW,缺少可机器读取的 year；需要按成书/定稿/首次发表史人工核验,自动通过,WL-WORK-1709
我曾是波多黎各人.md,我曾是波多黎各人,Esmeralda Santiago,,T6,T6 当代全球文学,,REVIEW,缺少可机器读取的 year；需要按成书/定稿/首次发表史人工核验,结构补全待书目核验,WL-WORK-R5-027
我没有自己的名字.md,我没有自己的名字,余华,1995,T6,T6 当代全球文学,T6,PASS,按 year 与正式 T 轴范围一致,个人补录,WL-WORK-2805
我的创伤.md,我的创伤,,,T6,T6 当代全球文学,,REVIEW,缺少可机器读取的 year；需要按成书/定稿/首次发表史人工核验,,WL-WORK-R7-032
我的名字叫红.md,我的名字叫红,奥尔罕·帕慕克,,T6,T6 当代全球文学,,REVIEW,缺少可机器读取的 year；需要按成书/定稿/首次发表史人工核验,需复核,WL-WORK-3192
我的地方.md,我的地方,Sally Morgan,,T6,T6 当代全球文学,,REVIEW,缺少可机器读取的 year；需要按成书/定稿/首次发表史人工核验,书目清理V1：作者已核定，其他字段按现有证据保留,WL-WORK-R9-009
我的帝王生涯.md,我的帝王生涯,苏童,,T6,T6 当代全球文学,,REVIEW,缺少可机器读取的 year；需要按成书/定稿/首次发表史人工核验,自动通过,WL-WORK-1115
我胆小如鼠.md,我胆小如鼠,余华,1996,T6,T6 当代全球文学,T6,PASS,按 year 与正式 T 轴范围一致,个人补录,WL-WORK-2725
我，里戈韦塔·门楚.md,我，里戈韦塔·门楚,里戈韦塔·门楚,,T6,T6 当代全球文学,,REVIEW,缺少可机器读取的 year；需要按成书/定稿/首次发表史人工核验,自动通过,WL-WORK-1713
战争中没有女性.md,战争中没有女性,阿列克谢耶维奇,,T6,T6 当代全球文学,,REVIEW,缺少可机器读取的 year；需要按成书/定稿/首次发表史人工核验,自动通过,WL-WORK-2073
战争和人.md,战争和人,王火,,T6,T6 当代全球文学,,REVIEW,缺少可机器读取的 year；需要按成书/定稿/首次发表史人工核验,需复核,WL-WORK-2865
战国无赖.md,战国无赖,孙晓,,T6,T6 当代全球文学,,REVIEW,缺少可机器读取的 year；需要按成书/定稿/首次发表史人工核验,自动通过,WL-WORK-2527
战斗妖精雪风.md,战斗妖精雪风,神林长平,,T6,T6 当代全球文学,,REVIEW,缺少可机器读取的 year；需要按成书/定稿/首次发表史人工核验,自动通过,WL-WORK-0446
房思琪的初恋乐园.md,房思琪的初恋乐园,林奕含,,T6,T6 当代全球文学,,REVIEW,缺少可机器读取的 year；需要按成书/定稿/首次发表史人工核验,个人补录,WL-WORK-2685
所有我们看不见的光.md,所有我们看不见的光,安东尼·多尔,2014,T6,T6 当代全球文学,T6,PASS,按 year 与正式 T 轴范围一致,自动通过,WL-WORK-1121
所罗门的伪证.md,所罗门的伪证,宫部美雪,,T6,T6 当代全球文学,,REVIEW,缺少可机器读取的 year；需要按成书/定稿/首次发表史人工核验,自动通过,WL-WORK-0171
手机.md,手机,刘震云,,T6,T6 当代全球文学,,REVIEW,缺少可机器读取的 year；需要按成书/定稿/首次发表史人工核验,个人补录,WL-WORK-2719
扶桑.md,扶桑,严歌苓,,T6,T6 当代全球文学,,REVIEW,缺少可机器读取的 year；需要按成书/定稿/首次发表史人工核验,个人补录,WL-WORK-2687
抉择.md,抉择,张平,,T6,T6 当代全球文学,,REVIEW,缺少可机器读取的 year；需要按成书/定稿/首次发表史人工核验,需复核,WL-WORK-2867
抛售.md,抛售,保罗·贝蒂,,T6,T6 当代全球文学,,REVIEW,缺少可机器读取的 year；需要按成书/定稿/首次发表史人工核验,需复核,WL-WORK-3072
拉合尔茶馆的陌生人.md,拉合尔茶馆的陌生人,Mohsin Hamid,,T6,T6 当代全球文学,,REVIEW,缺少可机器读取的 year；需要按成书/定稿/首次发表史人工核验,待书目核验,WL-WORK-R10-024
拉布拉瓦.md,拉布拉瓦,埃尔莫尔·伦纳德,,T6,T6 当代全球文学,,REVIEW,缺少可机器读取的 year；需要按成书/定稿/首次发表史人工核验,需复核,WL-WORK-3110
拉比纳尔·阿奇.md,拉比纳尔·阿奇,,,T6,T6 当代全球文学,,REVIEW,缺少可机器读取的 year；需要按成书/定稿/首次发表史人工核验,,WL-WORK-R6-001
拉比纳尔武士.md,拉比纳尔武士,佚名,,T6,T6 当代全球文学,,REVIEW,缺少可机器读取的 year；需要按成书/定稿/首次发表史人工核验,自动通过,WL-WORK-1717
拉玛衍那卡卡温.md,拉玛衍那卡卡温,佚名,,T6,T6 当代全球文学,,REVIEW,缺少可机器读取的 year；需要按成书/定稿/首次发表史人工核验,书目清理V1：传统/编纂作者身份已规范,WL-WORK-R8-034
拉维诺之歌.md,拉维诺之歌,,,T6,T6 当代全球文学,,REVIEW,缺少可机器读取的 year；需要按成书/定稿/首次发表史人工核验,,WL-WORK-R7-019
拥抱之书.md,拥抱之书,爱德华多·加莱亚诺,,T6,T6 当代全球文学,,REVIEW,缺少可机器读取的 year；需要按成书/定稿/首次发表史人工核验,自动通过,WL-WORK-1719
拷刑者之影.md,拷刑者之影,吉恩·沃尔夫,,T6,T6 当代全球文学,,REVIEW,缺少可机器读取的 year；需要按成书/定稿/首次发表史人工核验,自动通过,WL-WORK-0366
挪威的森林.md,挪威的森林,村上春树,,T6,T6 当代全球文学,,REVIEW,缺少可机器读取的 year；需要按成书/定稿/首次发表史人工核验,自动通过,WL-WORK-1128
排列城市.md,排列城市,格雷格·伊根,,T6,T6 当代全球文学,,REVIEW,缺少可机器读取的 year；需要按成书/定稿/首次发表史人工核验,自动通过,WL-WORK-0377
探索者.md,探索者,杰克·麦克德维特,,T6,T6 当代全球文学,,REVIEW,缺少可机器读取的 year；需要按成书/定稿/首次发表史人工核验,需复核,WL-WORK-2949
接触.md,接触,卡尔·萨根,,T6,T6 当代全球文学,,REVIEW,缺少可机器读取的 year；需要按成书/定稿/首次发表史人工核验,自动通过,WL-WORK-0420
推冰.md,推冰,阿拉斯泰尔·雷诺兹,,T6,T6 当代全球文学,,REVIEW,缺少可机器读取的 year；需要按成书/定稿/首次发表史人工核验,自动通过,WL-WORK-0384
推拿.md,推拿,毕飞宇,,T6,T6 当代全球文学,,REVIEW,缺少可机器读取的 year；需要按成书/定稿/首次发表史人工核验,需复核,WL-WORK-2881
提升之战.md,提升之战,大卫·布林,,T6,T6 当代全球文学,,REVIEW,缺少可机器读取的 year；需要按成书/定稿/首次发表史人工核验,需复核,WL-WORK-2910
提嘉娜.md,提嘉娜,盖伊·加夫里尔·凯,,T6,T6 当代全球文学,,REVIEW,缺少可机器读取的 year；需要按成书/定稿/首次发表史人工核验,自动通过,WL-WORK-0707
提审亡魂.md,提审亡魂,希拉里·曼特尔,,T6,T6 当代全球文学,,REVIEW,缺少可机器读取的 year；需要按成书/定稿/首次发表史人工核验,需复核,WL-WORK-3069
摆渡人.md,摆渡人,克莱儿·麦克福尔,,T6,T6 当代全球文学,,REVIEW,缺少可机器读取的 year；需要按成书/定稿/首次发表史人工核验,个人补录,WL-WORK-2761
摩尔人的叙事.md,摩尔人的叙事,,,T6,T6 当代全球文学,,REVIEW,缺少可机器读取的 year；需要按成书/定稿/首次发表史人工核验,,WL-WORK-R7-010
摩诃婆罗多（泰卢固）.md,摩诃婆罗多（泰卢固）,Nannaya、Tikkana、Errana,,T6,T6 当代全球文学,,REVIEW,缺少可机器读取的 year；需要按成书/定稿/首次发表史人工核验,手工核验,WL-WORK-R3-24427987
撒旦诗篇.md,撒旦诗篇,Salman Rushdie,,T6,T6 当代全球文学,,REVIEW,缺少可机器读取的 year；需要按成书/定稿/首次发表史人工核验,待书目核验,WL-WORK-R10-048
撕裂我的生命.md,撕裂我的生命,安赫莱斯·马斯特雷塔,,T6,T6 当代全球文学,,REVIEW,缺少可机器读取的 year；需要按成书/定稿/首次发表史人工核验,自动通过,WL-WORK-1720
播种者寓言.md,播种者寓言,奥克塔维娅·巴特勒,,T6,T6 当代全球文学,,REVIEW,缺少可机器读取的 year；需要按成书/定稿/首次发表史人工核验,自动通过,WL-WORK-0362
改变.md,改变,,,T6,T6 当代全球文学,,REVIEW,缺少可机器读取的 year；需要按成书/定稿/首次发表史人工核验,,WL-WORK-R7-011
故事海.md,故事海,苏摩提婆,,T6,T6 当代全球文学,,REVIEW,缺少可机器读取的 year；需要按成书/定稿/首次发表史人工核验,手工核验,WL-WORK-R3-56317749
救命之距.md,救命之距,萨曼塔·施韦布林,,T6,T6 当代全球文学,,REVIEW,缺少可机器读取的 year；需要按成书/定稿/首次发表史人工核验,自动通过,WL-WORK-0710
散宜生.md,散宜生,格雷格·伊根,,T6,T6 当代全球文学,,REVIEW,缺少可机器读取的 year；需要按成书/定稿/首次发表史人工核验,自动通过,WL-WORK-0378
文城.md,文城,余华,2021,T6,T6 当代全球文学,T6,PASS,按 year 与正式 T 轴范围一致,个人补录,WL-WORK-2723
斗罗大陆.md,斗罗大陆,唐家三少,,T6,T6 当代全球文学,,REVIEW,缺少可机器读取的 year；需要按成书/定稿/首次发表史人工核验,个人补录,WL-WORK-2742
斜屋犯罪.md,斜屋犯罪,岛田庄司,,T6,T6 当代全球文学,,REVIEW,缺少可机器读取的 year；需要按成书/定稿/首次发表史人工核验,自动通过,WL-WORK-0177
断背山.md,断背山,安妮·普鲁,,T6,T6 当代全球文学,,REVIEW,缺少可机器读取的 year；需要按成书/定稿/首次发表史人工核验,自动通过,WL-WORK-2532
新一天之歌.md,新一天之歌,莎拉·平斯克,,T6,T6 当代全球文学,,REVIEW,缺少可机器读取的 year；需要按成书/定稿/首次发表史人工核验,需复核,WL-WORK-2953
新参者.md,新参者,东野圭吾,,T6,T6 当代全球文学,,REVIEW,缺少可机器读取的 year；需要按成书/定稿/首次发表史人工核验,自动通过,WL-WORK-0214
新奥尔良哀歌.md,新奥尔良哀歌,朱莉·史密斯,,T6,T6 当代全球文学,,REVIEW,缺少可机器读取的 year；需要按成书/定稿/首次发表史人工核验,需复核,WL-WORK-3117
新编年史与良好政府.md,新编年史与良好政府,,,T6,T6 当代全球文学,,REVIEW,缺少可机器读取的 year；需要按成书/定稿/首次发表史人工核验,,WL-WORK-R6-003
新编年史与良政.md,新编年史与良政,瓜曼·波马,,T6,T6 当代全球文学,,REVIEW,缺少可机器读取的 year；需要按成书/定稿/首次发表史人工核验,自动通过,WL-WORK-1722
方尖碑之门.md,方尖碑之门,N.K.杰米辛,,T6,T6 当代全球文学,,REVIEW,缺少可机器读取的 year；需要按成书/定稿/首次发表史人工核验,自动通过,WL-WORK-0714
施公案.md,施公案,佚名,,T6,T6 当代全球文学,,REVIEW,缺少可机器读取的 year；需要按成书/定稿/首次发表史人工核验,自动通过,WL-WORK-2536
无人点灯.md,无人点灯,费利斯贝托·埃尔南德斯,,T6,T6 当代全球文学,,REVIEW,缺少可机器读取的 year；需要按成书/定稿/首次发表史人工核验,自动通过,WL-WORK-1726
无声告白.md,无声告白,伍绮诗,,T6,T6 当代全球文学,,REVIEW,缺少可机器读取的 year；需要按成书/定稿/首次发表史人工核验,个人补录,WL-WORK-2728
无字.md,无字,张洁,,T6,T6 当代全球文学,,REVIEW,缺少可机器读取的 year；需要按成书/定稿/首次发表史人工核验,需复核,WL-WORK-2871
无尽世界.md,无尽世界,肯·福莱特,,T6,T6 当代全球文学,,REVIEW,缺少可机器读取的 year；需要按成书/定稿/首次发表史人工核验,自动通过,WL-WORK-1136
无尽的田野.md,无尽的田野,Nguyễn Ngọc Tư,,T6,T6 当代全球文学,,REVIEW,缺少可机器读取的 year；需要按成书/定稿/首次发表史人工核验,手工核验,WL-WORK-R8-007
无巢鸟.md,无巢鸟,克洛林达·马托,,T6,T6 当代全球文学,,REVIEW,缺少可机器读取的 year；需要按成书/定稿/首次发表史人工核验,自动通过,WL-WORK-1727
无情.md,无情,李光洙,,T6,T6 当代全球文学,,REVIEW,缺少可机器读取的 year；需要按成书/定稿/首次发表史人工核验,手工核验,WL-WORK-R2-GAP-10
无有乡.md,无有乡,尼尔·盖曼,,T6,T6 当代全球文学,,REVIEW,缺少可机器读取的 year；需要按成书/定稿/首次发表史人工核验,自动通过,WL-WORK-0715
无条件投降博物馆.md,无条件投降博物馆,杜布拉夫卡·乌格雷希奇,,T6,T6 当代全球文学,,REVIEW,缺少可机器读取的 year；需要按成书/定稿/首次发表史人工核验,structural_backfill_v1,WL-WORK-R4-无条件投降博物馆
无根之木.md,无根之木,娜奥米·诺维克,,T6,T6 当代全球文学,,REVIEW,缺少可机器读取的 year；需要按成书/定稿/首次发表史人工核验,自动通过,WL-WORK-0716
无糖.md,无糖,Jack Davis,,T6,T6 当代全球文学,,REVIEW,缺少可机器读取的 year；需要按成书/定稿/首次发表史人工核验,书目清理V1：作者已核定，其他字段按现有证据保留,WL-WORK-R9-006
无自然的生态学.md,无自然的生态学,蒂莫西·莫顿,,T6,T6 当代全球文学,,REVIEW,缺少可机器读取的 year；需要按成书/定稿/首次发表史人工核验,metadata_pending,WL-WORK-3266
无言者的话.md,无言者的话,胡利奥·拉蒙·里贝罗,,T6,T6 当代全球文学,,REVIEW,缺少可机器读取的 year；需要按成书/定稿/首次发表史人工核验,自动通过,WL-WORK-1728
无证之罪.md,无证之罪,紫金陈,,T6,T6 当代全球文学,,REVIEW,缺少可机器读取的 year；需要按成书/定稿/首次发表史人工核验,自动通过,WL-WORK-0243
无面杀手.md,无面杀手,亨宁·曼凯尔,,T6,T6 当代全球文学,,REVIEW,缺少可机器读取的 year；需要按成书/定稿/首次发表史人工核验,自动通过,WL-WORK-0220
日本沉没.md,日本沉没,小松左京,,T6,T6 当代全球文学,,REVIEW,缺少可机器读取的 year；需要按成书/定稿/首次发表史人工核验,自动通过,WL-WORK-0442
时代景观.md,时代景观,格雷戈里·本福德,,T6,T6 当代全球文学,,REVIEW,缺少可机器读取的 year；需要按成书/定稿/首次发表史人工核验,自动通过,WL-WORK-0371
时时刻刻.md,时时刻刻,迈克尔·坎宁安,,T6,T6 当代全球文学,,REVIEW,缺少可机器读取的 year；需要按成书/定稿/首次发表史人工核验,需复核,WL-WORK-3015
时间之子.md,时间之子,阿德里安·柴考斯基,,T6,T6 当代全球文学,,REVIEW,缺少可机器读取的 year；需要按成书/定稿/首次发表史人工核验,自动通过,WL-WORK-0385
时间回旋.md,时间回旋,罗伯特·查尔斯·威尔逊,,T6,T6 当代全球文学,,REVIEW,缺少可机器读取的 year；需要按成书/定稿/首次发表史人工核验,自动通过,WL-WORK-0380
昆仑.md,昆仑,凤歌,,T6,T6 当代全球文学,,REVIEW,缺少可机器读取的 year；需要按成书/定稿/首次发表史人工核验,自动通过,WL-WORK-2537
昆仑奴.md,昆仑奴,裴铏,,T6,T6 当代全球文学,,REVIEW,缺少可机器读取的 year；需要按成书/定稿/首次发表史人工核验,自动通过,WL-WORK-2538
明亮之门的圣人.md,明亮之门的圣人,瓦杰拉·钱德拉塞克拉,,T6,T6 当代全球文学,,REVIEW,缺少可机器读取的 year；需要按成书/定稿/首次发表史人工核验,需复核,WL-WORK-2955
明亮的夜晚.md,明亮的夜晚,崔恩荣,,T6,T6 当代全球文学,,REVIEW,缺少可机器读取的 year；需要按成书/定稿/首次发表史人工核验,个人补录,WL-WORK-2702
星潮汹涌.md,星潮汹涌,大卫·布林,,T6,T6 当代全球文学,,REVIEW,缺少可机器读取的 year；需要按成书/定稿/首次发表史人工核验,需复核,WL-WORK-2909
普利茅斯种植园史.md,普利茅斯种植园史,William Bradford,,T6,T6 当代全球文学,,REVIEW,缺少可机器读取的 year；需要按成书/定稿/首次发表史人工核验,结构补全待书目核验,WL-WORK-R5-006
普拉南努鲁.md,普拉南努鲁,多人,,T6,T6 当代全球文学,,REVIEW,缺少可机器读取的 year；需要按成书/定稿/首次发表史人工核验,手工核验,WL-WORK-R3-70109956
普纳穆，普纳穆.md,普纳穆，普纳穆,Witi Ihimaera,,T6,T6 当代全球文学,,REVIEW,缺少可机器读取的 year；需要按成书/定稿/首次发表史人工核验,书目清理V1：作者已核定，其他字段按现有证据保留,WL-WORK-R9-019
智利之夜.md,智利之夜,波拉尼奥,,T6,T6 当代全球文学,,REVIEW,缺少可机器读取的 year；需要按成书/定稿/首次发表史人工核验,自动通过,WL-WORK-2082
暗算.md,暗算,麦家,,T6,T6 当代全球文学,,REVIEW,缺少可机器读取的 year；需要按成书/定稿/首次发表史人工核验,个人补录,WL-WORK-2671
暗适应的眼睛.md,暗适应的眼睛,露丝·伦德尔,,T6,T6 当代全球文学,,REVIEW,缺少可机器读取的 year；需要按成书/定稿/首次发表史人工核验,需复核,WL-WORK-3113
暮鼓晨钟——少年康熙.md,暮鼓晨钟——少年康熙,凌力,,T6,T6 当代全球文学,,REVIEW,缺少可机器读取的 year；需要按成书/定稿/首次发表史人工核验,自动通过,WL-WORK-1141
更不必说那条狗.md,更不必说那条狗,康妮·威利斯,,T6,T6 当代全球文学,,REVIEW,缺少可机器读取的 year；需要按成书/定稿/首次发表史人工核验,需复核,WL-WORK-2916
曼波王演奏情歌.md,曼波王演奏情歌,奥斯卡·希胡埃洛斯,,T6,T6 当代全球文学,,REVIEW,缺少可机器读取的 year；需要按成书/定稿/首次发表史人工核验,需复核,WL-WORK-3007
曼谷苏醒.md,曼谷苏醒,Pitchaya Sudbanthad,,T6,T6 当代全球文学,,REVIEW,缺少可机器读取的 year；需要按成书/定稿/首次发表史人工核验,书目清理V1：作者已核定，其他字段按现有证据保留,WL-WORK-R8-013
曾我物语.md,曾我物语,第二次,,T6,T6 当代全球文学,,REVIEW,缺少可机器读取的 year；需要按成书/定稿/首次发表史人工核验,自动通过,WL-WORK-2541
曾经是勇士.md,曾经是勇士,Alan Duff,,T6,T6 当代全球文学,,REVIEW,缺少可机器读取的 year；需要按成书/定稿/首次发表史人工核验,书目清理V1：作者已核定，其他字段按现有证据保留,WL-WORK-R9-018
曾达的囚徒.md,曾达的囚徒,安东尼·霍普,,T6,T6 当代全球文学,,REVIEW,缺少可机器读取的 year；需要按成书/定稿/首次发表史人工核验,自动通过,WL-WORK-2542
最后一颗子弹留给我.md,最后一颗子弹留给我,刘猛,,T6,T6 当代全球文学,,REVIEW,缺少可机器读取的 year；需要按成书/定稿/首次发表史人工核验,个人补录,WL-WORK-2769
最后的吩咐.md,最后的吩咐,格雷厄姆·斯威夫特,,T6,T6 当代全球文学,,REVIEW,缺少可机器读取的 year；需要按成书/定稿/首次发表史人工核验,需复核,WL-WORK-3058
最后的见证者.md,最后的见证者,阿列克谢耶维奇,,T6,T6 当代全球文学,,REVIEW,缺少可机器读取的 year；需要按成书/定稿/首次发表史人工核验,自动通过,WL-WORK-2083
最后的雾.md,最后的雾,玛丽亚·路易莎·邦巴尔,,T6,T6 当代全球文学,,REVIEW,缺少可机器读取的 year；需要按成书/定稿/首次发表史人工核验,自动通过,WL-WORK-1736
月亮与太阳.md,月亮与太阳,冯达·麦金泰尔,,T6,T6 当代全球文学,,REVIEW,缺少可机器读取的 year；需要按成书/定稿/首次发表史人工核验,需复核,WL-WORK-2944
月亮虎.md,月亮虎,佩内洛普·莱夫利,,T6,T6 当代全球文学,,REVIEW,缺少可机器读取的 year；需要按成书/定稿/首次发表史人工核验,需复核,WL-WORK-3053
月光游戏.md,月光游戏,有栖川有栖,,T6,T6 当代全球文学,,REVIEW,缺少可机器读取的 year；需要按成书/定稿/首次发表史人工核验,自动通过,WL-WORK-0183
月心.md,月心,艾玛·布尔,,T6,T6 当代全球文学,,REVIEW,缺少可机器读取的 year；需要按成书/定稿/首次发表史人工核验,自动通过,WL-WORK-0727
有匪.md,有匪,Priest,,T6,T6 当代全球文学,,REVIEW,缺少可机器读取的 year；需要按成书/定稿/首次发表史人工核验,自动通过,WL-WORK-2543
有翼之暗.md,有翼之暗,麻耶雄嵩,,T6,T6 当代全球文学,,REVIEW,缺少可机器读取的 year；需要按成书/定稿/首次发表史人工核验,自动通过,WL-WORK-0194
未央歌.md,未央歌,鹿桥,,T6,T6 当代全球文学,,REVIEW,缺少可机器读取的 year；需要按成书/定稿/首次发表史人工核验,自动通过,WL-WORK-1150
未完的传说.md,未完的传说,J.R.R.托尔金,,T6,T6 当代全球文学,,REVIEW,缺少可机器读取的 year；需要按成书/定稿/首次发表史人工核验,自动通过,WL-WORK-0728
未来事务部.md,未来事务部,金·斯坦利·罗宾逊,,T6,T6 当代全球文学,,REVIEW,缺少可机器读取的 year；需要按成书/定稿/首次发表史人工核验,自动通过,WL-WORK-0428
未来故乡的活神.md,未来故乡的活神,路易丝·厄德里奇,,T6,T6 当代全球文学,,REVIEW,缺少可机器读取的 year；需要按成书/定稿/首次发表史人工核验,自动通过,WL-WORK-1152
未来的回忆.md,未来的回忆,埃莱娜·加罗,,T6,T6 当代全球文学,,REVIEW,缺少可机器读取的 year；需要按成书/定稿/首次发表史人工核验,自动通过,WL-WORK-1740
末日之书.md,末日之书,康妮·威利斯,,T6,T6 当代全球文学,,REVIEW,缺少可机器读取的 year；需要按成书/定稿/首次发表史人工核验,自动通过,WL-WORK-0438
本巴.md,本巴,刘亮程,,T6,T6 当代全球文学,,REVIEW,缺少可机器读取的 year；需要按成书/定稿/首次发表史人工核验,需复核,WL-WORK-2893
杀戮场的女儿.md,杀戮场的女儿,Loung Ung,2000,T6,T6 当代全球文学,T6,PASS,按 year 与正式 T 轴范围一致,手工核验,WL-WORK-R8-023
杀戮时刻.md,杀戮时刻,约翰·格里森姆,,T6,T6 当代全球文学,,REVIEW,缺少可机器读取的 year；需要按成书/定稿/首次发表史人工核验,自动通过,WL-WORK-0119
权力的游戏.md,权力的游戏,乔治·R.R.马丁,,T6,T6 当代全球文学,,REVIEW,缺少可机器读取的 year；需要按成书/定稿/首次发表史人工核验,自动通过,WL-WORK-0731
李自成.md,李自成,姚雪垠,1999,T6,T6 当代全球文学,T6,PASS,按 year 与正式 T 轴范围一致,自动通过,WL-WORK-1156
杜鹃花.md,杜鹃花,金素月,,T6,T6 当代全球文学,,REVIEW,缺少可机器读取的 year；需要按成书/定稿/首次发表史人工核验,手工核验,WL-WORK-R2-GAP-11
来不及说我爱你.md,来不及说我爱你,匪我思存,,T6,T6 当代全球文学,,REVIEW,缺少可机器读取的 year；需要按成书/定稿/首次发表史人工核验,自动通过,WL-WORK-2084
来世.md,来世,阿卜杜勒拉扎克·古尔纳,,T6,T6 当代全球文学,,REVIEW,缺少可机器读取的 year；需要按成书/定稿/首次发表史人工核验,自动通过,WL-WORK-1157
杭图亚传.md,杭图亚传,佚名,,T6,T6 当代全球文学,,REVIEW,缺少可机器读取的 year；需要按成书/定稿/首次发表史人工核验,书目清理V1：传统/编纂作者身份已规范,WL-WORK-R8-027
杯雪.md,杯雪,小椴,,T6,T6 当代全球文学,,REVIEW,缺少可机器读取的 year；需要按成书/定稿/首次发表史人工核验,自动通过,WL-WORK-2545
杰克.md,杰克,玛丽莲·罗宾逊,,T6,T6 当代全球文学,,REVIEW,缺少可机器读取的 year；需要按成书/定稿/首次发表史人工核验,自动通过,WL-WORK-1158
杰夫代特先生和他的儿子们.md,杰夫代特先生和他的儿子们,奥尔罕·帕慕克,,T6,T6 当代全球文学,,REVIEW,缺少可机器读取的 year；需要按成书/定稿/首次发表史人工核验,自动通过,WL-WORK-1159
杰里科之死.md,杰里科之死,科林·德克斯特,,T6,T6 当代全球文学,,REVIEW,缺少可机器读取的 year；需要按成书/定稿/首次发表史人工核验,自动通过,WL-WORK-0106
松歌.md,松歌,尼古拉斯·纪廉,,T6,T6 当代全球文学,,REVIEW,缺少可机器读取的 year；需要按成书/定稿/首次发表史人工核验,自动通过,WL-WORK-1744
极光.md,极光,金·斯坦利·罗宾逊,,T6,T6 当代全球文学,,REVIEW,缺少可机器读取的 year；需要按成书/定稿/首次发表史人工核验,自动通过,WL-WORK-0383
林肯在中阴.md,林肯在中阴,乔治·桑德斯,,T6,T6 当代全球文学,,REVIEW,缺少可机器读取的 year；需要按成书/定稿/首次发表史人工核验,需复核,WL-WORK-3073
枯竭的生活.md,枯竭的生活,,,T6,T6 当代全球文学,,REVIEW,缺少可机器读取的 year；需要按成书/定稿/首次发表史人工核验,,WL-WORK-R6-015
柏青哥.md,柏青哥,李珉贞,2017,T6,T6 当代全球文学,T6,PASS,按 year 与正式 T 轴范围一致,自动通过,WL-WORK-1160
某种绝望的荣耀.md,某种绝望的荣耀,艾米莉·特什,,T6,T6 当代全球文学,,REVIEW,缺少可机器读取的 year；需要按成书/定稿/首次发表史人工核验,需复核,WL-WORK-2928
查塔姆学校事件.md,查塔姆学校事件,托马斯·H·库克,,T6,T6 当代全球文学,,REVIEW,缺少可机器读取的 year；需要按成书/定稿/首次发表史人工核验,需复核,WL-WORK-3123
查尔亚歌.md,查尔亚歌,多人,,T6,T6 当代全球文学,,REVIEW,缺少可机器读取的 year；需要按成书/定稿/首次发表史人工核验,手工核验,WL-WORK-R3-94594969
树语.md,树语,理查德·鲍尔斯,,T6,T6 当代全球文学,,REVIEW,缺少可机器读取的 year；需要按成书/定稿/首次发表史人工核验,需复核,WL-WORK-3027
格雷戈里奥·德·马托斯诗选.md,格雷戈里奥·德·马托斯诗选,,,T6,T6 当代全球文学,,REVIEW,缺少可机器读取的 year；需要按成书/定稿/首次发表史人工核验,,WL-WORK-R6-013
梅森和迪克逊.md,梅森和迪克逊,托马斯·品钦,,T6,T6 当代全球文学,,REVIEW,缺少可机器读取的 year；需要按成书/定稿/首次发表史人工核验,自动通过,WL-WORK-1164
梅赛德斯先生.md,梅赛德斯先生,斯蒂芬·金,,T6,T6 当代全球文学,,REVIEW,缺少可机器读取的 year；需要按成书/定稿/首次发表史人工核验,需复核,WL-WORK-3141
梦与现实.md,梦与现实,胡安娜·曼努埃拉·戈里蒂,,T6,T6 当代全球文学,,REVIEW,缺少可机器读取的 year；需要按成书/定稿/首次发表史人工核验,自动通过,WL-WORK-1750
梦之共和国.md,梦之共和国,内莉达·皮尼翁,,T6,T6 当代全球文学,,REVIEW,缺少可机器读取的 year；需要按成书/定稿/首次发表史人工核验,自动通过,WL-WORK-1751
梦游之地.md,梦游之地,米亚·科托,,T6,T6 当代全球文学,,REVIEW,缺少可机器读取的 year；需要按成书/定稿/首次发表史人工核验,需复核,WL-WORK-3203
梦游大地.md,梦游大地,,,T6,T6 当代全球文学,,REVIEW,缺少可机器读取的 year；需要按成书/定稿/首次发表史人工核验,,WL-WORK-R7-037
梦里花落知多少.md,梦里花落知多少,郭敬明,,T6,T6 当代全球文学,,REVIEW,缺少可机器读取的 year；需要按成书/定稿/首次发表史人工核验,个人补录,WL-WORK-2756
森林深处.md,森林深处,塔娜·弗兰奇,,T6,T6 当代全球文学,,REVIEW,缺少可机器读取的 year；需要按成书/定稿/首次发表史人工核验,自动通过,WL-WORK-0113
模仿犯.md,模仿犯,宫部美雪,,T6,T6 当代全球文学,,REVIEW,缺少可机器读取的 year；需要按成书/定稿/首次发表史人工核验,自动通过,WL-WORK-0170
模糊的冒险.md,模糊的冒险,,,T6,T6 当代全球文学,,REVIEW,缺少可机器读取的 year；需要按成书/定稿/首次发表史人工核验,,WL-WORK-R7-013
樱桃园.md,樱桃园,安东·契诃夫,,T6,T6 当代全球文学,,REVIEW,缺少可机器读取的 year；需要按成书/定稿/首次发表史人工核验,structural_backfill_v1,WL-WORK-R4-樱桃园
橘子不是唯一的水果.md,橘子不是唯一的水果,珍妮特·温特森,,T6,T6 当代全球文学,,REVIEW,缺少可机器读取的 year；需要按成书/定稿/首次发表史人工核验,自动通过,WL-WORK-1166
橡树之战.md,橡树之战,艾玛·布尔,,T6,T6 当代全球文学,,REVIEW,缺少可机器读取的 year；需要按成书/定稿/首次发表史人工核验,自动通过,WL-WORK-0742
檀香刑.md,檀香刑,莫言,,T6,T6 当代全球文学,,REVIEW,缺少可机器读取的 year；需要按成书/定稿/首次发表史人工核验,自动通过,WL-WORK-1167
歌集（彼特拉克）.md,歌集（彼特拉克）,弗朗切斯科·彼特拉克,,T6,T6 当代全球文学,,REVIEW,缺少可机器读取的 year；需要按成书/定稿/首次发表史人工核验,structural_backfill_v1,WL-WORK-R4-歌集彼特拉克
歌集（海涅）.md,歌集（海涅）,海因里希·海涅,,T6,T6 当代全球文学,,REVIEW,缺少可机器读取的 year；需要按成书/定稿/首次发表史人工核验,structural_backfill_v1,WL-WORK-R4-歌集海涅
武器浮生录.md,武器浮生录,伊恩·M.班克斯,,T6,T6 当代全球文学,,REVIEW,缺少可机器读取的 year；需要按成书/定稿/首次发表史人工核验,自动通过,WL-WORK-0404
武士.md,武士,远藤周作,,T6,T6 当代全球文学,,REVIEW,缺少可机器读取的 year；需要按成书/定稿/首次发表史人工核验,自动通过,WL-WORK-1169
武士道：日本的灵魂.md,武士道：日本的灵魂,新渡户稻造,,T6,T6 当代全球文学,,REVIEW,缺少可机器读取的 year；需要按成书/定稿/首次发表史人工核验,自动通过,WL-WORK-2557
武家义理物语.md,武家义理物语,井原西鹤,,T6,T6 当代全球文学,,REVIEW,缺少可机器读取的 year；需要按成书/定稿/首次发表史人工核验,自动通过,WL-WORK-2558
武田信玄.md,武田信玄,新田次郎,,T6,T6 当代全球文学,,REVIEW,缺少可机器读取的 year；需要按成书/定稿/首次发表史人工核验,自动通过,WL-WORK-2560
武道传来记.md,武道传来记,井原西鹤,,T6,T6 当代全球文学,,REVIEW,缺少可机器读取的 year；需要按成书/定稿/首次发表史人工核验,自动通过,WL-WORK-2561
武道初心集.md,武道初心集,大道寺友山,,T6,T6 当代全球文学,,REVIEW,缺少可机器读取的 year；需要按成书/定稿/首次发表史人工核验,自动通过,WL-WORK-2562
死亡与生命，塞韦里诺.md,死亡与生命，塞韦里诺,若昂·卡布拉尔·德·梅洛·内托,,T6,T6 当代全球文学,,REVIEW,缺少可机器读取的 year；需要按成书/定稿/首次发表史人工核验,自动通过,WL-WORK-1757
死亡叙述.md,死亡叙述,余华,1988,T6,T6 当代全球文学,T6,PASS,按 year 与正式 T 轴范围一致,个人补录,WL-WORK-2787
死神学徒.md,死神学徒,特里·普拉切特,,T6,T6 当代全球文学,,REVIEW,缺少可机器读取的 year；需要按成书/定稿/首次发表史人工核验,自动通过,WL-WORK-0746
死神永生.md,死神永生,刘慈欣,,T6,T6 当代全球文学,,REVIEW,缺少可机器读取的 year；需要按成书/定稿/首次发表史人工核验,自动通过,WL-WORK-0464
死者代言人.md,死者代言人,奥森·斯科特·卡德,,T6,T6 当代全球文学,,REVIEW,缺少可机器读取的 year；需要按成书/定稿/首次发表史人工核验,自动通过,WL-WORK-0415
母狗.md,母狗,皮拉尔·金塔纳,,T6,T6 当代全球文学,,REVIEW,缺少可机器读取的 year；需要按成书/定稿/首次发表史人工核验,自动通过,WL-WORK-1758
母语者.md,母语者,Chang-rae Lee,,T6,T6 当代全球文学,,REVIEW,缺少可机器读取的 year；需要按成书/定稿/首次发表史人工核验,结构补全待书目核验,WL-WORK-R5-025
毒木圣经.md,毒木圣经,芭芭拉·金索沃,,T6,T6 当代全球文学,,REVIEW,缺少可机器读取的 year；需要按成书/定稿/首次发表史人工核验,自动通过,WL-WORK-0747
比利时的悲哀.md,比利时的悲哀,雨果·克劳斯,,T6,T6 当代全球文学,,REVIEW,缺少可机器读取的 year；需要按成书/定稿/首次发表史人工核验,structural_backfill_v1,WL-WORK-R4-比利时的悲哀
比林斯盖浅滩.md,比林斯盖浅滩,里克·博耶,,T6,T6 当代全球文学,,REVIEW,缺少可机器读取的 year；需要按成书/定稿/首次发表史人工核验,需复核,WL-WORK-3109
水之乡.md,水之乡,格雷厄姆·斯威夫特,,T6,T6 当代全球文学,,REVIEW,缺少可机器读取的 year；需要按成书/定稿/首次发表史人工核验,自动通过,WL-WORK-1173
水刀子.md,水刀子,保罗·巴奇加卢皮,,T6,T6 当代全球文学,,REVIEW,缺少可机器读取的 year；需要按成书/定稿/首次发表史人工核验,自动通过,WL-WORK-1174
水族馆之谜.md,水族馆之谜,青崎有吾,,T6,T6 当代全球文学,,REVIEW,缺少可机器读取的 year；需要按成书/定稿/首次发表史人工核验,自动通过,WL-WORK-0204
水泥金发女郎.md,水泥金发女郎,迈克尔·康奈利,,T6,T6 当代全球文学,,REVIEW,缺少可机器读取的 year；需要按成书/定稿/首次发表史人工核验,自动通过,WL-WORK-0110
水车馆事件.md,水车馆事件,绫辻行人,,T6,T6 当代全球文学,,REVIEW,缺少可机器读取的 year；需要按成书/定稿/首次发表史人工核验,自动通过,WL-WORK-0180
永世.md,永世,格雷格·贝尔,,T6,T6 当代全球文学,,REVIEW,缺少可机器读取的 year；需要按成书/定稿/首次发表史人工核验,自动通过,WL-WORK-0373
永久和平.md,永久和平,乔·霍尔德曼,,T6,T6 当代全球文学,,REVIEW,缺少可机器读取的 year；需要按成书/定稿/首次发表史人工核验,需复核,WL-WORK-2915
永恒之王.md,永恒之王,T.H.怀特,,T6,T6 当代全球文学,,REVIEW,缺少可机器读取的 year；需要按成书/定稿/首次发表史人工核验,自动通过,WL-WORK-0749
永恒者.md,永恒者,埃克托尔·赫尔曼·奥斯特尔德,,T6,T6 当代全球文学,,REVIEW,缺少可机器读取的 year；需要按成书/定稿/首次发表史人工核验,自动通过,WL-WORK-0471
江南三部曲.md,江南三部曲,格非,,T6,T6 当代全球文学,,REVIEW,缺少可机器读取的 year；需要按成书/定稿/首次发表史人工核验,需复核,WL-WORK-2882
江湖奇侠传.md,江湖奇侠传,平江不肖生,,T6,T6 当代全球文学,,REVIEW,缺少可机器读取的 year；需要按成书/定稿/首次发表史人工核验,自动通过,WL-WORK-2565
汤姆ás·里维拉作品集.md,汤姆ás·里维拉作品集,Tomás Rivera,,T6,T6 当代全球文学,,REVIEW,缺少可机器读取的 year；需要按成书/定稿/首次发表史人工核验,结构补全待书目核验,WL-WORK-R5-028
沃尔游戏.md,沃尔游戏,洛伊斯·麦克马斯特·比约德,,T6,T6 当代全球文学,,REVIEW,缺少可机器读取的 year；需要按成书/定稿/首次发表史人工核验,需复核,WL-WORK-2912
沉重的翅膀.md,沉重的翅膀,张洁,,T6,T6 当代全球文学,,REVIEW,缺少可机器读取的 year；需要按成书/定稿/首次发表史人工核验,需复核,WL-WORK-2861
沉默的羔羊.md,沉默的羔羊,托马斯·哈里斯,,T6,T6 当代全球文学,,REVIEW,缺少可机器读取的 year；需要按成书/定稿/首次发表史人工核验,自动通过,WL-WORK-0125
沙丽娜.md,沙丽娜,A. Samad Said,,T6,T6 当代全球文学,,REVIEW,缺少可机器读取的 year；需要按成书/定稿/首次发表史人工核验,书目清理V1：作者已核定，其他字段按现有证据保留,WL-WORK-R8-031
沙乡年鉴.md,沙乡年鉴,奥尔多·利奥波德,,T6,T6 当代全球文学,,REVIEW,缺少可机器读取的 year；需要按成书/定稿/首次发表史人工核验,metadata_pending,WL-WORK-3263
沙阿·阿卜杜勒·拉蒂夫诗选.md,沙阿·阿卜杜勒·拉蒂夫诗选,沙阿·阿卜杜勒·拉蒂夫·比泰,,T6,T6 当代全球文学,,REVIEW,缺少可机器读取的 year；需要按成书/定稿/首次发表史人工核验,手工核验,WL-WORK-R3-82573478
没有人会看见我哭泣.md,没有人会看见我哭泣,克里斯蒂娜·里维拉·加尔萨,,T6,T6 当代全球文学,,REVIEW,缺少可机器读取的 year；需要按成书/定稿/首次发表史人工核验,自动通过,WL-WORK-1762
没有墓碑的亡者.md,没有墓碑的亡者,,,T6,T6 当代全球文学,,REVIEW,缺少可机器读取的 year；需要按成书/定稿/首次发表史人工核验,,WL-WORK-R6-025
没有巢的鸟.md,没有巢的鸟,,,T6,T6 当代全球文学,,REVIEW,缺少可机器读取的 year；需要按成书/定稿/首次发表史人工核验,,WL-WORK-R6-006
沧浪之水.md,沧浪之水,阎真,,T6,T6 当代全球文学,,REVIEW,缺少可机器读取的 year；需要按成书/定稿/首次发表史人工核验,个人补录,WL-WORK-2676
沧海.md,沧海,凤歌,,T6,T6 当代全球文学,,REVIEW,缺少可机器读取的 year；需要按成书/定稿/首次发表史人工核验,自动通过,WL-WORK-2566
河边的错误.md,河边的错误,余华,1988,T6,T6 当代全球文学,T6,PASS,按 year 与正式 T 轴范围一致,个人补录,WL-WORK-2692
法句经.md,法句经,佚名,,T6,T6 当代全球文学,,REVIEW,缺少可机器读取的 year；需要按成书/定稿/首次发表史人工核验,手工核验,WL-WORK-R3-02346383
波特诺伊的怨诉.md,波特诺伊的怨诉,Philip Roth,,T6,T6 当代全球文学,,REVIEW,缺少可机器读取的 year；需要按成书/定稿/首次发表史人工核验,结构补全待书目核验,WL-WORK-R5-023
波蒂基.md,波蒂基,帕特里夏·格雷斯,,T6,T6 当代全球文学,,REVIEW,缺少可机器读取的 year；需要按成书/定稿/首次发表史人工核验,需复核,WL-WORK-3213
洛城机密.md,洛城机密,詹姆斯·埃尔罗伊,,T6,T6 当代全球文学,,REVIEW,缺少可机器读取的 year；需要按成书/定稿/首次发表史人工核验,自动通过,WL-WORK-0097
洛阳女儿行.md,洛阳女儿行,小椴,,T6,T6 当代全球文学,,REVIEW,缺少可机器读取的 year；需要按成书/定稿/首次发表史人工核验,自动通过,WL-WORK-2567
洪吉童传.md,洪吉童传,许筠,,T6,T6 当代全球文学,,REVIEW,缺少可机器读取的 year；需要按成书/定稿/首次发表史人工核验,手工核验,WL-WORK-R2-GAP-09
洪水之年.md,洪水之年,玛格丽特·阿特伍德,,T6,T6 当代全球文学,,REVIEW,缺少可机器读取的 year；需要按成书/定稿/首次发表史人工核验,自动通过,WL-WORK-1185
活着.md,活着,余华,1992,T6,T6 当代全球文学,T6,PASS,按 year 与正式 T 轴范围一致,自动通过,WL-WORK-1187
流浪地球.md,流浪地球,刘慈欣,,T6,T6 当代全球文学,,REVIEW,缺少可机器读取的 year；需要按成书/定稿/首次发表史人工核验,自动通过,WL-WORK-0461
流浪苍穹.md,流浪苍穹,郝景芳,,T6,T6 当代全球文学,,REVIEW,缺少可机器读取的 year；需要按成书/定稿/首次发表史人工核验,自动通过,WL-WORK-0467
海伯利安.md,海伯利安,丹·西蒙斯,,T6,T6 当代全球文学,,REVIEW,缺少可机器读取的 year；需要按成书/定稿/首次发表史人工核验,自动通过,WL-WORK-0401
海伯利安的陨落.md,海伯利安的陨落,丹·西蒙斯,,T6,T6 当代全球文学,,REVIEW,缺少可机器读取的 year；需要按成书/定稿/首次发表史人工核验,自动通过,WL-WORK-0402
海边的卡夫卡.md,海边的卡夫卡,村上春树,,T6,T6 当代全球文学,,REVIEW,缺少可机器读取的 year；需要按成书/定稿/首次发表史人工核验,个人补录,WL-WORK-2691
海风下.md,海风下,蕾切尔·卡森,,T6,T6 当代全球文学,,REVIEW,缺少可机器读取的 year；需要按成书/定稿/首次发表史人工核验,metadata_pending,WL-WORK-3271
消失的爱人.md,消失的爱人,吉莉安·弗琳,,T6,T6 当代全球文学,,REVIEW,缺少可机器读取的 year；需要按成书/定稿/首次发表史人工核验,自动通过,WL-WORK-0129
涉外事务.md,涉外事务,艾莉森·卢里,,T6,T6 当代全球文学,,REVIEW,缺少可机器读取的 year；需要按成书/定稿/首次发表史人工核验,需复核,WL-WORK-3004
深沉的河流.md,深沉的河流,何塞·玛丽亚·阿格达斯,,T6,T6 当代全球文学,,REVIEW,缺少可机器读取的 year；需要按成书/定稿/首次发表史人工核验,自动通过,WL-WORK-1192
深河.md,深河,,,T6,T6 当代全球文学,,REVIEW,缺少可机器读取的 year；需要按成书/定稿/首次发表史人工核验,,WL-WORK-R6-007
深渊上的火.md,深渊上的火,弗诺·文奇,,T6,T6 当代全球文学,,REVIEW,缺少可机器读取的 year；需要按成书/定稿/首次发表史人工核验,自动通过,WL-WORK-0405
混乱的仪式.md,混乱的仪式,卡洛斯·蒙西瓦伊斯,,T6,T6 当代全球文学,,REVIEW,缺少可机器读取的 year；需要按成书/定稿/首次发表史人工核验,自动通过,WL-WORK-1778
游戏玩家.md,游戏玩家,伊恩·M.班克斯,,T6,T6 当代全球文学,,REVIEW,缺少可机器读取的 year；需要按成书/定稿/首次发表史人工核验,自动通过,WL-WORK-0403
湖光山色.md,湖光山色,周大新,,T6,T6 当代全球文学,,REVIEW,缺少可机器读取的 year；需要按成书/定稿/首次发表史人工核验,需复核,WL-WORK-2877
湖滨旅馆.md,湖滨旅馆,安妮塔·布鲁克纳,,T6,T6 当代全球文学,,REVIEW,缺少可机器读取的 year；需要按成书/定稿/首次发表史人工核验,需复核,WL-WORK-3050
湮灭.md,湮灭,杰夫·范德米尔,,T6,T6 当代全球文学,,REVIEW,缺少可机器读取的 year；需要按成书/定稿/首次发表史人工核验,自动通过,WL-WORK-0426
满愿.md,满愿,米泽穗信,,T6,T6 当代全球文学,,REVIEW,缺少可机器读取的 year；需要按成书/定稿/首次发表史人工核验,自动通过,WL-WORK-0201
漩涡.md,漩涡,何塞·欧斯塔西奥·里韦拉,,T6,T6 当代全球文学,,REVIEW,缺少可机器读取的 year；需要按成书/定稿/首次发表史人工核验,自动通过,WL-WORK-0763
漫歌.md,漫歌,巴勃罗·聂鲁达,,T6,T6 当代全球文学,,REVIEW,缺少可机器读取的 year；需要按成书/定稿/首次发表史人工核验,自动通过,WL-WORK-1780
漱玉词.md,漱玉词,李清照,,T6,T6 当代全球文学,,REVIEW,缺少可机器读取的 year；需要按成书/定稿/首次发表史人工核验,手工核验,WL-WORK-R2-GAP-03
潘多拉之星.md,潘多拉之星,彼得·F.汉密尔顿,,T6,T6 当代全球文学,,REVIEW,缺少可机器读取的 year；需要按成书/定稿/首次发表史人工核验,自动通过,WL-WORK-0409
潮汐站.md,潮汐站,迈克尔·斯万维克,,T6,T6 当代全球文学,,REVIEW,缺少可机器读取的 year；需要按成书/定稿/首次发表史人工核验,需复核,WL-WORK-2940
火潮.md,火潮,阿米塔夫·高希,,T6,T6 当代全球文学,,REVIEW,缺少可机器读取的 year；需要按成书/定稿/首次发表史人工核验,自动通过,WL-WORK-1201
火车.md,火车,宫部美雪,,T6,T6 当代全球文学,,REVIEW,缺少可机器读取的 year；需要按成书/定稿/首次发表史人工核验,自动通过,WL-WORK-0168
灯火管制／一切安全.md,灯火管制／一切安全,康妮·威利斯,,T6,T6 当代全球文学,,REVIEW,缺少可机器读取的 year；需要按成书/定稿/首次发表史人工核验,需复核,WL-WORK-2921
灵魂圣骑士.md,灵魂圣骑士,洛伊斯·麦克马斯特·比约德,,T6,T6 当代全球文学,,REVIEW,缺少可机器读取的 year；需要按成书/定稿/首次发表史人工核验,需复核,WL-WORK-2918
灿烂千阳.md,灿烂千阳,卡勒德·胡赛尼,,T6,T6 当代全球文学,,REVIEW,缺少可机器读取的 year；需要按成书/定稿/首次发表史人工核验,个人补录,WL-WORK-2675
烟河.md,烟河,阿米塔夫·高希,,T6,T6 当代全球文学,,REVIEW,缺少可机器读取的 year；需要按成书/定稿/首次发表史人工核验,自动通过,WL-WORK-1203
热夜之梦.md,热夜之梦,乔治·R.R.马丁,,T6,T6 当代全球文学,,REVIEW,缺少可机器读取的 year；需要按成书/定稿/首次发表史人工核验,自动通过,WL-WORK-0765
燃烧的女孩.md,燃烧的女孩,苏珊·柯林斯,,T6,T6 当代全球文学,,REVIEW,缺少可机器读取的 year；需要按成书/定稿/首次发表史人工核验,自动通过,WL-WORK-1206
燃烧的银.md,燃烧的银,里卡多·皮格利亚,,T6,T6 当代全球文学,,REVIEW,缺少可机器读取的 year；需要按成书/定稿/首次发表史人工核验,自动通过,WL-WORK-1785
爱与痛的边缘.md,爱与痛的边缘,郭敬明,,T6,T6 当代全球文学,,REVIEW,缺少可机器读取的 year；需要按成书/定稿/首次发表史人工核验,个人补录,WL-WORK-2754
爱到坟墓.md,爱到坟墓,,,T6,T6 当代全球文学,,REVIEW,缺少可机器读取的 year；需要按成书/定稿/首次发表史人工核验,,WL-WORK-R7-021
爱情、疯狂与死亡的故事.md,爱情、疯狂与死亡的故事,短篇小说开始成为超级强项,,T6,T6 当代全球文学,,REVIEW,缺少可机器读取的 year；需要按成书/定稿/首次发表史人工核验,自动通过,WL-WORK-1786
爱情诗.md,爱情诗,伊黛亚·比拉里尼奥,,T6,T6 当代全球文学,,REVIEW,缺少可机器读取的 year；需要按成书/定稿/首次发表史人工核验,自动通过,WL-WORK-1787
爱狗男人.md,爱狗男人,古巴当代,,T6,T6 当代全球文学,,REVIEW,缺少可机器读取的 year；需要按成书/定稿/首次发表史人工核验,自动通过,WL-WORK-1788
爱药.md,爱药,路易丝·厄德里奇,,T6,T6 当代全球文学,,REVIEW,缺少可机器读取的 year；需要按成书/定稿/首次发表史人工核验,自动通过,WL-WORK-1208
牛棚杂忆.md,牛棚杂忆,季羡林,,T6,T6 当代全球文学,,REVIEW,缺少可机器读取的 year；需要按成书/定稿/首次发表史人工核验,个人补录,WL-WORK-2708
牛轭事件.md,牛轭事件,沃尔特·范蒂尔伯格·克拉克,,T6,T6 当代全球文学,,REVIEW,缺少可机器读取的 year；需要按成书/定稿/首次发表史人工核验,自动通过,WL-WORK-2569
牵风记.md,牵风记,徐怀中,,T6,T6 当代全球文学,,REVIEW,缺少可机器读取的 year；需要按成书/定稿/首次发表史人工核验,需复核,WL-WORK-2888
特哈努.md,特哈努,厄休拉·勒古恩,,T6,T6 当代全球文学,,REVIEW,缺少可机器读取的 year；需要按成书/定稿/首次发表史人工核验,自动通过,WL-WORK-0771
犬之力.md,犬之力,托马斯·萨维奇,,T6,T6 当代全球文学,,REVIEW,缺少可机器读取的 year；需要按成书/定稿/首次发表史人工核验,自动通过,WL-WORK-2570
犹太警察工会.md,犹太警察工会,迈克尔·谢邦,,T6,T6 当代全球文学,,REVIEW,缺少可机器读取的 year；需要按成书/定稿/首次发表史人工核验,自动通过,WL-WORK-0437
狄安娜之树.md,狄安娜之树,阿莱杭德拉·皮扎尼克,,T6,T6 当代全球文学,,REVIEW,缺少可机器读取的 year；需要按成书/定稿/首次发表史人工核验,自动通过,WL-WORK-1792
狄金森诗选.md,狄金森诗选,Emily Dickinson,,T6,T6 当代全球文学,,REVIEW,缺少可机器读取的 year；需要按成书/定稿/首次发表史人工核验,结构补全待书目核验,WL-WORK-R5-014
狗食.md,狗食,Jessica Hagedorn,1990,T6,T6 当代全球文学,T6,PASS,按 year 与正式 T 轴范围一致,手工核验,WL-WORK-R8-045
独眼少女.md,独眼少女,麻耶雄嵩,,T6,T6 当代全球文学,,REVIEW,缺少可机器读取的 year；需要按成书/定稿/首次发表史人工核验,自动通过,WL-WORK-0195
独立日.md,独立日,理查德·福特,,T6,T6 当代全球文学,,REVIEW,缺少可机器读取的 year；需要按成书/定稿/首次发表史人工核验,需复核,WL-WORK-3012
独行道.md,独行道,宫本武藏,,T6,T6 当代全球文学,,REVIEW,缺少可机器读取的 year；需要按成书/定稿/首次发表史人工核验,自动通过,WL-WORK-2571
狮皮之下.md,狮皮之下,Michael Ondaatje,,T6,T6 当代全球文学,,REVIEW,缺少可机器读取的 year；需要按成书/定稿/首次发表史人工核验,结构补全待书目核验,WL-WORK-R5-032
狼厅.md,狼厅,近代欧洲,2009,T6,T6 当代全球文学,T6,PASS,按 year 与正式 T 轴范围一致,自动通过,WL-WORK-1211
狼牙.md,狼牙,刘猛,,T6,T6 当代全球文学,,REVIEW,缺少可机器读取的 year；需要按成书/定稿/首次发表史人工核验,个人补录,WL-WORK-2768
猎水牛的猎人.md,猎水牛的猎人,斯蒂芬·格雷厄姆·琼斯,,T6,T6 当代全球文学,,REVIEW,缺少可机器读取的 year；需要按成书/定稿/首次发表史人工核验,需复核,WL-WORK-2957
猫头鹰谋杀案.md,猫头鹰谋杀案,安东尼·霍罗维茨,,T6,T6 当代全球文学,,REVIEW,缺少可机器读取的 year；需要按成书/定稿/首次发表史人工核验,需复核,WL-WORK-0143
献给荒野机器人的赞美诗.md,献给荒野机器人的赞美诗,贝姬·钱伯斯,,T6,T6 当代全球文学,,REVIEW,缺少可机器读取的 year；需要按成书/定稿/首次发表史人工核验,自动通过,WL-WORK-0430
猴滩.md,猴滩,Eden Robinson,,T6,T6 当代全球文学,,REVIEW,缺少可机器读取的 year；需要按成书/定稿/首次发表史人工核验,结构补全待书目核验,WL-WORK-R5-003
王国的此世.md,王国的此世,,,T6,T6 当代全球文学,,REVIEW,缺少可机器读取的 year；需要按成书/定稿/首次发表史人工核验,,WL-WORK-R6-024
王润华诗选.md,王润华诗选,王润华,,T6,T6 当代全球文学,,REVIEW,缺少可机器读取的 year；需要按成书/定稿/首次发表史人工核验,书目清理V1：作者已核定，其他字段按现有证据保留,WL-WORK-R8-049
王者之路.md,王者之路,布兰登·桑德森,,T6,T6 当代全球文学,,REVIEW,缺少可机器读取的 year；需要按成书/定稿/首次发表史人工核验,自动通过,WL-WORK-0774
玛丽·罗兰森被俘记.md,玛丽·罗兰森被俘记,Mary Rowlandson,,T6,T6 当代全球文学,,REVIEW,缺少可机器读取的 year；需要按成书/定稿/首次发表史人工核验,结构补全待书目核验,WL-WORK-R5-008
玛丽亚.md,玛丽亚,豪尔赫·伊萨克斯,,T6,T6 当代全球文学,,REVIEW,缺少可机器读取的 year；需要按成书/定稿/首次发表史人工核验,自动通过,WL-WORK-1796
玛丽亚·夏普德兰.md,玛丽亚·夏普德兰,Louis Hémon,,T6,T6 当代全球文学,,REVIEW,缺少可机器读取的 year；需要按成书/定稿/首次发表史人工核验,结构补全待书目核验,WL-WORK-R5-034
玫瑰传奇.md,玫瑰传奇,纪尧姆·德·洛里斯/让·德·默恩,,T6,T6 当代全球文学,,REVIEW,缺少可机器读取的 year；需要按成书/定稿/首次发表史人工核验,structural_backfill_v1,WL-WORK-R4-玫瑰传奇
玫瑰水.md,玫瑰水,塔德·汤普森,,T6,T6 当代全球文学,,REVIEW,缺少可机器读取的 year；需要按成书/定稿/首次发表史人工核验,自动通过,WL-WORK-0475
环境想象.md,环境想象,劳伦斯·布尔,,T6,T6 当代全球文学,,REVIEW,缺少可机器读取的 year；需要按成书/定稿/首次发表史人工核验,metadata_pending,WL-WORK-3264
现实一种.md,现实一种,余华,1988,T6,T6 当代全球文学,T6,PASS,按 year 与正式 T 轴范围一致,个人补录,WL-WORK-2789
玻璃宫.md,玻璃宫,Amitav Ghosh,2000,T6,T6 当代全球文学,T6,PASS,按 year 与正式 T 轴范围一致,手工核验,WL-WORK-R3-05252991
珀涅罗珀记.md,珀涅罗珀记,玛格丽特·阿特伍德,,T6,T6 当代全球文学,,REVIEW,缺少可机器读取的 year；需要按成书/定稿/首次发表史人工核验,自动通过,WL-WORK-0777
珀迪多街车站.md,珀迪多街车站,查纳·米耶维,,T6,T6 当代全球文学,,REVIEW,缺少可机器读取的 year；需要按成书/定稿/首次发表史人工核验,自动通过,WL-WORK-0425
珊瑚岛上的死光.md,珊瑚岛上的死光,童恩正,,T6,T6 当代全球文学,,REVIEW,缺少可机器读取的 year；需要按成书/定稿/首次发表史人工核验,自动通过,WL-WORK-0453
球状闪电.md,球状闪电,刘慈欣,,T6,T6 当代全球文学,,REVIEW,缺少可机器读取的 year；需要按成书/定稿/首次发表史人工核验,自动通过,WL-WORK-0460
理由.md,理由,宫部美雪,,T6,T6 当代全球文学,,REVIEW,缺少可机器读取的 year；需要按成书/定稿/首次发表史人工核验,自动通过,WL-WORK-0169
琉璃宫史.md,琉璃宫史,缅甸皇家历史委员会（编纂）,,T6,T6 当代全球文学,,REVIEW,缺少可机器读取的 year；需要按成书/定稿/首次发表史人工核验,书目清理V1：传统/编纂作者身份已规范,WL-WORK-R8-014
琥珀望远镜.md,琥珀望远镜,菲利普·普尔曼,,T6,T6 当代全球文学,,REVIEW,缺少可机器读取的 year；需要按成书/定稿/首次发表史人工核验,自动通过,WL-WORK-0778
瓜拉尼人.md,瓜拉尼人,若泽·德·阿伦卡尔,,T6,T6 当代全球文学,,REVIEW,缺少可机器读取的 year；需要按成书/定稿/首次发表史人工核验,自动通过,WL-WORK-1799
瓦罗奇里手稿.md,瓦罗奇里手稿,安第斯,,T6,T6 当代全球文学,,REVIEW,缺少可机器读取的 year；需要按成书/定稿/首次发表史人工核验,自动通过,WL-WORK-1488
瓦西蓬戈.md,瓦西蓬戈,豪尔赫·伊卡萨,,T6,T6 当代全球文学,,REVIEW,缺少可机器读取的 year；需要按成书/定稿/首次发表史人工核验,自动通过,WL-WORK-1800
生命中不能承受之轻.md,生命中不能承受之轻,米兰·昆德拉,,T6,T6 当代全球文学,,REVIEW,缺少可机器读取的 year；需要按成书/定稿/首次发表史人工核验,structural_backfill_v1,WL-WORK-R4-生命中不能承受之轻
生命之歌.md,生命之歌,王晋康,,T6,T6 当代全球文学,,REVIEW,缺少可机器读取的 year；需要按成书/定稿/首次发表史人工核验,自动通过,WL-WORK-0455
生命册.md,生命册,李佩甫,,T6,T6 当代全球文学,,REVIEW,缺少可机器读取的 year；需要按成书/定稿/首次发表史人工核验,需复核,WL-WORK-2884
生态批评.md,生态批评,格雷格·加勒德,,T6,T6 当代全球文学,,REVIEW,缺少可机器读取的 year；需要按成书/定稿/首次发表史人工核验,metadata_pending,WL-WORK-3265
生死疲劳.md,生死疲劳,莫言,,T6,T6 当代全球文学,,REVIEW,缺少可机器读取的 year；需要按成书/定稿/首次发表史人工核验,自动通过,WL-WORK-1218
生活与命运.md,生活与命运,瓦西里·格罗斯曼,,T6,T6 当代全球文学,,REVIEW,缺少可机器读取的 year；需要按成书/定稿/首次发表史人工核验,自动通过,WL-WORK-1219
田纳西的伙伴.md,田纳西的伙伴,布雷特·哈特,,T6,T6 当代全球文学,,REVIEW,缺少可机器读取的 year；需要按成书/定稿/首次发表史人工核验,自动通过,WL-WORK-2575
申诉.md,申诉,珍妮丝·哈利特,,T6,T6 当代全球文学,,REVIEW,缺少可机器读取的 year；需要按成书/定稿/首次发表史人工核验,自动通过,WL-WORK-0145
电车83.md,电车83,,,T6,T6 当代全球文学,,REVIEW,缺少可机器读取的 year；需要按成书/定稿/首次发表史人工核验,,WL-WORK-R7-026
男性之间.md,男性之间,伊芙·科索夫斯基·塞奇威克,,T6,T6 当代全球文学,,REVIEW,缺少可机器读取的 year；需要按成书/定稿/首次发表史人工核验,metadata_pending,WL-WORK-3256
疯狂欲望.md,疯狂欲望,佩德罗·莱梅贝尔,,T6,T6 当代全球文学,,REVIEW,缺少可机器读取的 year；需要按成书/定稿/首次发表史人工核验,自动通过,WL-WORK-1805
疯癫亚当.md,疯癫亚当,玛格丽特·阿特伍德,,T6,T6 当代全球文学,,REVIEW,缺少可机器读取的 year；需要按成书/定稿/首次发表史人工核验,自动通过,WL-WORK-1220
疾病解读人.md,疾病解读人,裘帕·拉希莉,,T6,T6 当代全球文学,,REVIEW,缺少可机器读取的 year；需要按成书/定稿/首次发表史人工核验,需复核,WL-WORK-3016
病隙碎笔.md,病隙碎笔,史铁生,,T6,T6 当代全球文学,,REVIEW,缺少可机器读取的 year；需要按成书/定稿/首次发表史人工核验,个人补录,WL-WORK-2674
痛苦.md,痛苦,玛格丽特·杜拉斯,,T6,T6 当代全球文学,,REVIEW,缺少可机器读取的 year；需要按成书/定稿/首次发表史人工核验,自动通过,WL-WORK-2104
癞皮鹦鹉.md,癞皮鹦鹉,费尔南德斯·德·利萨尔迪,,T6,T6 当代全球文学,,REVIEW,缺少可机器读取的 year；需要按成书/定稿/首次发表史人工核验,自动通过,WL-WORK-1809
白夜行.md,白夜行,东野圭吾,,T6,T6 当代全球文学,,REVIEW,缺少可机器读取的 year；需要按成书/定稿/首次发表史人工核验,自动通过,WL-WORK-0212
白虎.md,白虎,阿拉文德·阿迪加,,T6,T6 当代全球文学,,REVIEW,缺少可机器读取的 year；需要按成书/定稿/首次发表史人工核验,需复核,WL-WORK-3067
白门柳.md,白门柳,刘斯奋,1997,T6,T6 当代全球文学,T6,PASS,按 year 与正式 T 轴范围一致,自动通过,WL-WORK-1223
白鹿原.md,白鹿原,陈忠实,1993,T6,T6 当代全球文学,T6,PASS,按 year 与正式 T 轴范围一致,自动通过,WL-WORK-1224
百亿昼与千亿夜.md,百亿昼与千亿夜,光濑龙,,T6,T6 当代全球文学,,REVIEW,缺少可机器读取的 year；需要按成书/定稿/首次发表史人工核验,自动通过,WL-WORK-0445
皇家刺客.md,皇家刺客,罗宾·霍布,,T6,T6 当代全球文学,,REVIEW,缺少可机器读取的 year；需要按成书/定稿/首次发表史人工核验,自动通过,WL-WORK-0786
皮囊.md,皮囊,蔡崇达,,T6,T6 当代全球文学,,REVIEW,缺少可机器读取的 year；需要按成书/定稿/首次发表史人工核验,个人补录,WL-WORK-2710
盆栽.md,盆栽,亚历杭德罗·桑布拉,,T6,T6 当代全球文学,,REVIEW,缺少可机器读取的 year；需要按成书/定稿/首次发表史人工核验,自动通过,WL-WORK-1810
盐城.md,盐城,阿卜杜勒拉赫曼·穆尼夫,,T6,T6 当代全球文学,,REVIEW,缺少可机器读取的 year；需要按成书/定稿/首次发表史人工核验,需复核,WL-WORK-3189
盐屋.md,盐屋,Hala Alyan,,T6,T6 当代全球文学,,REVIEW,缺少可机器读取的 year；需要按成书/定稿/首次发表史人工核验,待书目核验,WL-WORK-R10-028
盗墓笔记.md,盗墓笔记,南派三叔,,T6,T6 当代全球文学,,REVIEW,缺少可机器读取的 year；需要按成书/定稿/首次发表史人工核验,个人补录,WL-WORK-2741
盘龙.md,盘龙,我吃西红柿,,T6,T6 当代全球文学,,REVIEW,缺少可机器读取的 year；需要按成书/定稿/首次发表史人工核验,自动通过,WL-WORK-0787
盛世.md,盛世,陈冠中,,T6,T6 当代全球文学,,REVIEW,缺少可机器读取的 year；需要按成书/定稿/首次发表史人工核验,自动通过,WL-WORK-1226
盛世：中国2013年.md,盛世：中国2013年,陈冠中,,T6,T6 当代全球文学,,REVIEW,缺少可机器读取的 year；需要按成书/定稿/首次发表史人工核验,自动通过,WL-WORK-1227
目送.md,目送,龙应台,,T6,T6 当代全球文学,,REVIEW,缺少可机器读取的 year；需要按成书/定稿/首次发表史人工核验,个人补录,WL-WORK-2704
盲人行路指南.md,盲人行路指南,阿隆索·卡里奥·德拉万德拉,,T6,T6 当代全球文学,,REVIEW,缺少可机器读取的 year；需要按成书/定稿/首次发表史人工核验,自动通过,WL-WORK-1811
盲刺客.md,盲刺客,玛格丽特·阿特伍德,,T6,T6 当代全球文学,,REVIEW,缺少可机器读取的 year；需要按成书/定稿/首次发表史人工核验,需复核,WL-WORK-3061
盲视.md,盲视,彼得·沃茨,,T6,T6 当代全球文学,,REVIEW,缺少可机器读取的 year；需要按成书/定稿/首次发表史人工核验,自动通过,WL-WORK-0381
相似者.md,相似者,塔娜·弗兰奇,,T6,T6 当代全球文学,,REVIEW,缺少可机器读取的 year；需要按成书/定稿/首次发表史人工核验,自动通过,WL-WORK-0114
真主并非必须.md,真主并非必须,艾哈迈杜·库鲁马,,T6,T6 当代全球文学,,REVIEW,缺少可机器读取的 year；需要按成书/定稿/首次发表史人工核验,自动通过,WL-WORK-1229
真名实姓.md,真名实姓,弗诺·文奇,,T6,T6 当代全球文学,,REVIEW,缺少可机器读取的 year；需要按成书/定稿/首次发表史人工核验,自动通过,WL-WORK-0387
真田太平记.md,真田太平记,池波正太郎,1982,T6,T6 当代全球文学,T6,PASS,按 year 与正式 T 轴范围一致,自动通过,WL-WORK-2583
短暂的一生.md,短暂的一生,奥内蒂,,T6,T6 当代全球文学,,REVIEW,缺少可机器读取的 year；需要按成书/定稿/首次发表史人工核验,自动通过,WL-WORK-1814
矮子射上来的小球.md,矮子射上来的小球,赵世熙,,T6,T6 当代全球文学,,REVIEW,缺少可机器读取的 year；需要按成书/定稿/首次发表史人工核验,手工核验,WL-WORK-R2-GAP-13
石天使.md,石天使,Margaret Laurence,,T6,T6 当代全球文学,,REVIEW,缺少可机器读取的 year；需要按成书/定稿/首次发表史人工核验,结构补全待书目核验,WL-WORK-R5-030
石天空.md,石天空,N.K.杰米辛,,T6,T6 当代全球文学,,REVIEW,缺少可机器读取的 year；需要按成书/定稿/首次发表史人工核验,需复核,WL-WORK-2923
石头日记.md,石头日记,卡罗尔·希尔兹,,T6,T6 当代全球文学,,REVIEW,缺少可机器读取的 year；需要按成书/定稿/首次发表史人工核验,需复核,WL-WORK-3011
砖巷.md,砖巷,Monica Ali,,T6,T6 当代全球文学,,REVIEW,缺少可机器读取的 year；需要按成书/定稿/首次发表史人工核验,待书目核验,WL-WORK-R10-021
破狱.md,破狱,吉村昭,,T6,T6 当代全球文学,,REVIEW,缺少可机器读取的 year；需要按成书/定稿/首次发表史人工核验,自动通过,WL-WORK-1230
破碎的四月.md,破碎的四月,伊斯梅尔·卡达莱,,T6,T6 当代全球文学,,REVIEW,缺少可机器读取的 year；需要按成书/定稿/首次发表史人工核验,structural_backfill_v1,WL-WORK-R4-破碎的四月
祖国.md,祖国,罗伯特·哈里斯,,T6,T6 当代全球文学,,REVIEW,缺少可机器读取的 year；需要按成书/定稿/首次发表史人工核验,自动通过,WL-WORK-0436
神圣的饥饿.md,神圣的饥饿,巴里·昂斯沃思,,T6,T6 当代全球文学,,REVIEW,缺少可机器读取的 year；需要按成书/定稿/首次发表史人工核验,需复核,WL-WORK-3055
神秘河.md,神秘河,丹尼斯·勒翰,,T6,T6 当代全球文学,,REVIEW,缺少可机器读取的 year；需要按成书/定稿/首次发表史人工核验,自动通过,WL-WORK-0098
神经漫游者.md,神经漫游者,威廉·吉布森,,T6,T6 当代全球文学,,REVIEW,缺少可机器读取的 year；需要按成书/定稿/首次发表史人工核验,自动通过,WL-WORK-0388
神话史.md,神话史,乔治·塞菲里斯,,T6,T6 当代全球文学,,REVIEW,缺少可机器读取的 year；需要按成书/定稿/首次发表史人工核验,structural_backfill_v1,WL-WORK-R4-神话史
禁卫军之树.md,禁卫军之树,杰森·古德温,,T6,T6 当代全球文学,,REVIEW,缺少可机器读取的 year；需要按成书/定稿/首次发表史人工核验,需复核,WL-WORK-3133
禁闭岛.md,禁闭岛,丹尼斯·勒翰,,T6,T6 当代全球文学,,REVIEW,缺少可机器读取的 year；需要按成书/定稿/首次发表史人工核验,自动通过,WL-WORK-0099
福.md,福,J.M.库切,,T6,T6 当代全球文学,,REVIEW,缺少可机器读取的 year；需要按成书/定稿/首次发表史人工核验,自动通过,WL-WORK-0791
离开者.md,离开者,Lisa Ko,,T6,T6 当代全球文学,,REVIEW,缺少可机器读取的 year；需要按成书/定稿/首次发表史人工核验,待书目核验,WL-WORK-R10-018
私酒贩的女儿.md,私酒贩的女儿,玛格丽特·马伦,,T6,T6 当代全球文学,,REVIEW,缺少可机器读取的 year；需要按成书/定稿/首次发表史人工核验,需复核,WL-WORK-3119
秘鲁传说.md,秘鲁传说,里卡多·帕尔马,,T6,T6 当代全球文学,,REVIEW,缺少可机器读取的 year；需要按成书/定稿/首次发表史人工核验,自动通过,WL-WORK-1822
秦腔.md,秦腔,贾平凹,,T6,T6 当代全球文学,,REVIEW,缺少可机器读取的 year；需要按成书/定稿/首次发表史人工核验,需复核,WL-WORK-2875
移动火星.md,移动火星,格雷格·贝尔,,T6,T6 当代全球文学,,REVIEW,缺少可机器读取的 year；需要按成书/定稿/首次发表史人工核验,需复核,WL-WORK-2941
移民.md,移民,W. G. Sebald,,T6,T6 当代全球文学,,REVIEW,缺少可机器读取的 year；需要按成书/定稿/首次发表史人工核验,待书目核验,WL-WORK-R10-033
穆斯林的葬礼.md,穆斯林的葬礼,霍达,,T6,T6 当代全球文学,,REVIEW,缺少可机器读取的 year；需要按成书/定稿/首次发表史人工核验,个人补录,WL-WORK-2705
穆迪.md,穆迪,,,T6,T6 当代全球文学,,REVIEW,缺少可机器读取的 year；需要按成书/定稿/首次发表史人工核验,,WL-WORK-R7-030
空杯.md,空杯,德尔米拉·阿古斯蒂尼,,T6,T6 当代全球文学,,REVIEW,缺少可机器读取的 year；需要按成书/定稿/首次发表史人工核验,自动通过,WL-WORK-1823
穿越.md,穿越,科马克·麦卡锡,,T6,T6 当代全球文学,,REVIEW,缺少可机器读取的 year；需要按成书/定稿/首次发表史人工核验,自动通过,WL-WORK-2588
穿越时空的少女.md,穿越时空的少女,筒井康隆,,T6,T6 当代全球文学,,REVIEW,缺少可机器读取的 year；需要按成书/定稿/首次发表史人工核验,自动通过,WL-WORK-0443
窗边的小豆豆.md,窗边的小豆豆,黑柳彻子,,T6,T6 当代全球文学,,REVIEW,缺少可机器读取的 year；需要按成书/定稿/首次发表史人工核验,个人补录,WL-WORK-2680
笨伯联盟.md,笨伯联盟,约翰·肯尼迪·图尔,,T6,T6 当代全球文学,,REVIEW,缺少可机器读取的 year；需要按成书/定稿/首次发表史人工核验,需复核,WL-WORK-3001
第七天.md,第七天,余华,2013,T6,T6 当代全球文学,T6,PASS,按 year 与正式 T 轴范围一致,个人补录,WL-WORK-2682
第二个太阳.md,第二个太阳,刘白羽,,T6,T6 当代全球文学,,REVIEW,缺少可机器读取的 year；需要按成书/定稿/首次发表史人工核验,需复核,WL-WORK-2864
第五件事.md,第五件事,Robertson Davies,,T6,T6 当代全球文学,,REVIEW,缺少可机器读取的 year；需要按成书/定稿/首次发表史人工核验,结构补全待书目核验,WL-WORK-R5-031
第五季.md,第五季,N.K.杰米辛,,T6,T6 当代全球文学,,REVIEW,缺少可机器读取的 year；需要按成书/定稿/首次发表史人工核验,自动通过,WL-WORK-0481
第十一站.md,第十一站,艾米莉·圣约翰·曼德尔,,T6,T6 当代全球文学,,REVIEW,缺少可机器读取的 year；需要按成书/定稿/首次发表史人工核验,自动通过,WL-WORK-0434
等待.md,等待,Ha Jin,,T6,T6 当代全球文学,,REVIEW,缺少可机器读取的 year；需要按成书/定稿/首次发表史人工核验,待书目核验,WL-WORK-R10-042
等待野兽投票.md,等待野兽投票,,,T6,T6 当代全球文学,,REVIEW,缺少可机器读取的 year；需要按成书/定稿/首次发表史人工核验,,WL-WORK-R7-015
等待野蛮人.md,等待野蛮人,J.M.库切,,T6,T6 当代全球文学,,REVIEW,缺少可机器读取的 year；需要按成书/定稿/首次发表史人工核验,需复核,WL-WORK-3199
答索尔·菲洛泰亚.md,答索尔·菲洛泰亚,索尔·胡安娜,,T6,T6 当代全球文学,,REVIEW,缺少可机器读取的 year；需要按成书/定稿/首次发表史人工核验,自动通过,WL-WORK-1826
米丽亚玛.md,米丽亚玛,,,T6,T6 当代全球文学,,REVIEW,缺少可机器读取的 year；需要按成书/定稿/首次发表史人工核验,,WL-WORK-R7-014
米尔诗选.md,米尔诗选,米尔·塔基·米尔,,T6,T6 当代全球文学,,REVIEW,缺少可机器读取的 year；需要按成书/定稿/首次发表史人工核验,手工核验,WL-WORK-R3-41934764
米拉拜诗选.md,米拉拜诗选,米拉拜,,T6,T6 当代全球文学,,REVIEW,缺少可机器读取的 year；需要按成书/定稿/首次发表史人工核验,手工核验,WL-WORK-R3-13036246
米格尔街.md,米格尔街,,,T6,T6 当代全球文学,,REVIEW,缺少可机器读取的 year；需要按成书/定稿/首次发表史人工核验,,WL-WORK-R6-028
米泽丽.md,米泽丽,斯蒂芬·金,,T6,T6 当代全球文学,,REVIEW,缺少可机器读取的 year；需要按成书/定稿/首次发表史人工核验,自动通过,WL-WORK-0794
精灵之屋.md,精灵之屋,伊莎贝尔·阿连德,,T6,T6 当代全球文学,,REVIEW,缺少可机器读取的 year；需要按成书/定稿/首次发表史人工核验,自动通过,WL-WORK-1246
精灵守护者.md,精灵守护者,上桥菜穗子,,T6,T6 当代全球文学,,REVIEW,缺少可机器读取的 year；需要按成书/定稿/首次发表史人工核验,自动通过,WL-WORK-0795
素食者.md,素食者,韩江,2007,T6,T6 当代全球文学,T6,PASS,按 year 与正式 T 轴范围一致,个人补录,WL-WORK-2721
索宁克史诗.md,索宁克史诗,,,T6,T6 当代全球文学,,REVIEW,缺少可机器读取的 year；需要按成书/定稿/首次发表史人工核验,,WL-WORK-R7-001
索尔·胡安娜诗选.md,索尔·胡安娜诗选,,,T6,T6 当代全球文学,,REVIEW,缺少可机器读取的 year；需要按成书/定稿/首次发表史人工核验,,WL-WORK-R6-004
紫线镇尼巡逻队.md,紫线镇尼巡逻队,迪帕·阿纳帕拉,,T6,T6 当代全球文学,,REVIEW,缺少可机器读取的 year；需要按成书/定稿/首次发表史人工核验,需复核,WL-WORK-3147
紫色姐妹花.md,紫色姐妹花,爱丽丝·沃克,,T6,T6 当代全球文学,,REVIEW,缺少可机器读取的 year；需要按成书/定稿/首次发表史人工核验,自动通过,WL-WORK-1247
紫色木槿.md,紫色木槿,奇玛曼达·恩戈齐·阿迪奇埃,,T6,T6 当代全球文学,,REVIEW,缺少可机器读取的 year；需要按成书/定稿/首次发表史人工核验,自动通过,WL-WORK-1248
繁花.md,繁花,金宇澄,,T6,T6 当代全球文学,,REVIEW,缺少可机器读取的 year；需要按成书/定稿/首次发表史人工核验,需复核,WL-WORK-2885
红拂夜奔.md,红拂夜奔,王小波,,T6,T6 当代全球文学,,REVIEW,缺少可机器读取的 year；需要按成书/定稿/首次发表史人工核验,个人补录,WL-WORK-2693
红火星.md,红火星,金·斯坦利·罗宾逊,,T6,T6 当代全球文学,,REVIEW,缺少可机器读取的 year；需要按成书/定稿/首次发表史人工核验,自动通过,WL-WORK-0374
红线传.md,红线传,袁郊,,T6,T6 当代全球文学,,REVIEW,缺少可机器读取的 year；需要按成书/定稿/首次发表史人工核验,自动通过,WL-WORK-2594
红色尖叫.md,红色尖叫,玛丽·威利斯·沃克,,T6,T6 当代全球文学,,REVIEW,缺少可机器读取的 year；需要按成书/定稿/首次发表史人工核验,需复核,WL-WORK-3121
红色海洋.md,红色海洋,韩松,,T6,T6 当代全球文学,,REVIEW,缺少可机器读取的 year；需要按成书/定稿/首次发表史人工核验,自动通过,WL-WORK-0457
红花侠.md,红花侠,奥希兹男爵夫人,,T6,T6 当代全球文学,,REVIEW,缺少可机器读取的 year；需要按成书/定稿/首次发表史人工核验,自动通过,WL-WORK-1254
红衫.md,红衫,约翰·斯卡尔齐,,T6,T6 当代全球文学,,REVIEW,缺少可机器读取的 year；需要按成书/定稿/首次发表史人工核验,自动通过,WL-WORK-0486
红辣椒.md,红辣椒,筒井康隆,,T6,T6 当代全球文学,,REVIEW,缺少可机器读取的 year；需要按成书/定稿/首次发表史人工核验,自动通过,WL-WORK-0444
红高粱家族.md,红高粱家族,莫言,,T6,T6 当代全球文学,,REVIEW,缺少可机器读取的 year；需要按成书/定稿/首次发表史人工核验,自动通过,WL-WORK-1255
红龙.md,红龙,托马斯·哈里斯,,T6,T6 当代全球文学,,REVIEW,缺少可机器读取的 year；需要按成书/定稿/首次发表史人工核验,自动通过,WL-WORK-0124
纪尧姆之歌.md,纪尧姆之歌,佚名,,T6,T6 当代全球文学,,REVIEW,缺少可机器读取的 year；需要按成书/定稿/首次发表史人工核验,自动通过,WL-WORK-2595
纯朴的诗.md,纯朴的诗,何塞·马蒂,,T6,T6 当代全球文学,,REVIEW,缺少可机器读取的 year；需要按成书/定稿/首次发表史人工核验,自动通过,WL-WORK-1828
纯洁的血.md,纯洁的血,阿图罗·佩雷斯-雷维特,,T6,T6 当代全球文学,,REVIEW,缺少可机器读取的 year；需要按成书/定稿/首次发表史人工核验,自动通过,WL-WORK-2596
纺银.md,纺银,娜奥米·诺维克,,T6,T6 当代全球文学,,REVIEW,缺少可机器读取的 year；需要按成书/定稿/首次发表史人工核验,自动通过,WL-WORK-0800
纽约2140.md,纽约2140,金·斯坦利·罗宾逊,,T6,T6 当代全球文学,,REVIEW,缺少可机器读取的 year；需要按成书/定稿/首次发表史人工核验,自动通过,WL-WORK-0429
织工.md,织工,克莱夫·巴克,,T6,T6 当代全球文学,,REVIEW,缺少可机器读取的 year；需要按成书/定稿/首次发表史人工核验,自动通过,WL-WORK-0801
终极实验.md,终极实验,罗伯特·J·索耶,,T6,T6 当代全球文学,,REVIEW,缺少可机器读取的 year；需要按成书/定稿/首次发表史人工核验,需复核,WL-WORK-2942
终结的感觉.md,终结的感觉,朱利安·巴恩斯,,T6,T6 当代全球文学,,REVIEW,缺少可机器读取的 year；需要按成书/定稿/首次发表史人工核验,自动通过,WL-WORK-2118
给樱桃以性别.md,给樱桃以性别,珍妮特·温特森,,T6,T6 当代全球文学,,REVIEW,缺少可机器读取的 year；需要按成书/定稿/首次发表史人工核验,个人补录,WL-WORK-2689
绝望.md,绝望,加夫列拉·米斯特拉尔,,T6,T6 当代全球文学,,REVIEW,缺少可机器读取的 year；需要按成书/定稿/首次发表史人工核验,自动通过,WL-WORK-1831
绞刑者之林.md,绞刑者之林,利维乌·雷布雷亚努,,T6,T6 当代全球文学,,REVIEW,缺少可机器读取的 year；需要按成书/定稿/首次发表史人工核验,structural_backfill_v1,WL-WORK-R4-绞刑者之林
绣花大盗.md,绣花大盗,陆小凤,,T6,T6 当代全球文学,,REVIEW,缺少可机器读取的 year；需要按成书/定稿/首次发表史人工核验,自动通过,WL-WORK-2599
绳结与十字架.md,绳结与十字架,伊恩·兰金,,T6,T6 当代全球文学,,REVIEW,缺少可机器读取的 year；需要按成书/定稿/首次发表史人工核验,自动通过,WL-WORK-0111
维克拉玛尔朱那胜利记.md,维克拉玛尔朱那胜利记,Pampa,,T6,T6 当代全球文学,,REVIEW,缺少可机器读取的 year；需要按成书/定稿/首次发表史人工核验,手工核验,WL-WORK-R3-21911142
绿火星.md,绿火星,金·斯坦利·罗宾逊,,T6,T6 当代全球文学,,REVIEW,缺少可机器读取的 year；需要按成书/定稿/首次发表史人工核验,自动通过,WL-WORK-0375
绿草，流水.md,绿草，流水,Thomas King,,T6,T6 当代全球文学,,REVIEW,缺少可机器读取的 year；需要按成书/定稿/首次发表史人工核验,结构补全待书目核验,WL-WORK-R5-002
缓流.md,缓流,尼古拉·格里菲斯,,T6,T6 当代全球文学,,REVIEW,缺少可机器读取的 year；需要按成书/定稿/首次发表史人工核验,需复核,WL-WORK-2943
编织甜草.md,编织甜草,Robin Wall Kimmerer,,T6,T6 当代全球文学,,REVIEW,缺少可机器读取的 year；需要按成书/定稿/首次发表史人工核验,结构补全待书目核验,WL-WORK-R5-004
网络效应.md,网络效应,玛莎·威尔斯,,T6,T6 当代全球文学,,REVIEW,缺少可机器读取的 year；需要按成书/定稿/首次发表史人工核验,需复核,WL-WORK-2925
美丽是一种伤.md,美丽是一种伤,Eka Kurniawan,,T6,T6 当代全球文学,,REVIEW,缺少可机器读取的 year；需要按成书/定稿/首次发表史人工核验,书目清理V1：作者已核定，其他字段按现有证据保留,WL-WORK-R8-038
美丽线.md,美丽线,艾伦·霍林赫斯特,,T6,T6 当代全球文学,,REVIEW,缺少可机器读取的 year；需要按成书/定稿/首次发表史人工核验,需复核,WL-WORK-3063
美国众神.md,美国众神,尼尔·盖曼,,T6,T6 当代全球文学,,REVIEW,缺少可机器读取的 year；需要按成书/定稿/首次发表史人工核验,自动通过,WL-WORK-0809
美国佬.md,美国佬,奇玛曼达·恩戈齐·阿迪奇埃,,T6,T6 当代全球文学,,REVIEW,缺少可机器读取的 year；需要按成书/定稿/首次发表史人工核验,自动通过,WL-WORK-1266
美国牧歌.md,美国牧歌,菲利普·罗斯,,T6,T6 当代全球文学,,REVIEW,缺少可机器读取的 year；需要按成书/定稿/首次发表史人工核验,需复核,WL-WORK-3014
羚羊与秧鸡.md,羚羊与秧鸡,玛格丽特·阿特伍德,,T6,T6 当代全球文学,,REVIEW,缺少可机器读取的 year；需要按成书/定稿/首次发表史人工核验,自动通过,WL-WORK-0364
群山回唱.md,群山回唱,卡勒德·胡赛尼,,T6,T6 当代全球文学,,REVIEW,缺少可机器读取的 year；需要按成书/定稿/首次发表史人工核验,个人补录,WL-WORK-2714
羽化.md,羽化,奥克塔维娅·巴特勒,,T6,T6 当代全球文学,,REVIEW,缺少可机器读取的 year；需要按成书/定稿/首次发表史人工核验,自动通过,WL-WORK-0812
翅膀.md,翅膀,李箱,,T6,T6 当代全球文学,,REVIEW,缺少可机器读取的 year；需要按成书/定稿/首次发表史人工核验,手工核验,WL-WORK-R2-GAP-12
老人的战争.md,老人的战争,约翰·斯卡尔齐,,T6,T6 当代全球文学,,REVIEW,缺少可机器读取的 year；需要按成书/定稿/首次发表史人工核验,自动通过,WL-WORK-0417
老师好美.md,老师好美,严歌苓,,T6,T6 当代全球文学,,REVIEW,缺少可机器读取的 year；需要按成书/定稿/首次发表史人工核验,个人补录,WL-WORK-2767
老无所依.md,老无所依,科马克·麦卡锡,,T6,T6 当代全球文学,,REVIEW,缺少可机器读取的 year；需要按成书/定稿/首次发表史人工核验,自动通过,WL-WORK-2601
老魔鬼.md,老魔鬼,金斯利·艾米斯,,T6,T6 当代全球文学,,REVIEW,缺少可机器读取的 year；需要按成书/定稿/首次发表史人工核验,需复核,WL-WORK-3052
耻.md,耻,J.M.库切,,T6,T6 当代全球文学,,REVIEW,缺少可机器读取的 year；需要按成书/定稿/首次发表史人工核验,需复核,WL-WORK-3060
聂隐娘.md,聂隐娘,裴铏,,T6,T6 当代全球文学,,REVIEW,缺少可机器读取的 year；需要按成书/定稿/首次发表史人工核验,自动通过,WL-WORK-2603
肉桂色铺子.md,肉桂色铺子,布鲁诺·舒尔茨,,T6,T6 当代全球文学,,REVIEW,缺少可机器读取的 year；需要按成书/定稿/首次发表史人工核验,structural_backfill_v1,WL-WORK-R4-肉桂色铺子
胡春香诗选.md,胡春香诗选,胡春香（Hồ Xuân Hương）,,T6,T6 当代全球文学,,REVIEW,缺少可机器读取的 year；需要按成书/定稿/首次发表史人工核验,书目清理V1：作者已核定，其他字段按现有证据保留,WL-WORK-R8-003
脆弱的故事.md,脆弱的故事,曼努埃尔·古铁雷斯·纳赫拉,,T6,T6 当代全球文学,,REVIEW,缺少可机器读取的 year；需要按成书/定稿/首次发表史人工核验,自动通过,WL-WORK-1835
腹地.md,腹地,欧克里德斯·达·库尼亚,,T6,T6 当代全球文学,,REVIEW,缺少可机器读取的 year；需要按成书/定稿/首次发表史人工核验,自动通过,WL-WORK-1836
自然史.md,自然史,墨西哥当代暴力,,T6,T6 当代全球文学,,REVIEW,缺少可机器读取的 year；需要按成书/定稿/首次发表史人工核验,自动通过,WL-WORK-1837
自由坠落.md,自由坠落,洛伊斯·麦克马斯特·比约德,,T6,T6 当代全球文学,,REVIEW,缺少可机器读取的 year；需要按成书/定稿/首次发表史人工核验,需复核,WL-WORK-2937
自由生活.md,自由生活,Ha Jin,,T6,T6 当代全球文学,,REVIEW,缺少可机器读取的 year；需要按成书/定稿/首次发表史人工核验,待书目核验,WL-WORK-R10-017
自由颂.md,自由颂,狄奥尼西奥斯·索洛莫斯,,T6,T6 当代全球文学,,REVIEW,缺少可机器读取的 year；需要按成书/定稿/首次发表史人工核验,structural_backfill_v1,WL-WORK-R4-自由颂
致命教育.md,致命教育,娜奥米·诺维克,,T6,T6 当代全球文学,,REVIEW,缺少可机器读取的 year；需要按成书/定稿/首次发表史人工核验,自动通过,WL-WORK-0817
致我们终将逝去的青春.md,致我们终将逝去的青春,辛夷坞,,T6,T6 当代全球文学,,REVIEW,缺少可机器读取的 year；需要按成书/定稿/首次发表史人工核验,自动通过,WL-WORK-2123
致曼努埃尔一世书.md,致曼努埃尔一世书,佩罗·瓦兹·德·卡米尼亚,,T6,T6 当代全球文学,,REVIEW,缺少可机器读取的 year；需要按成书/定稿/首次发表史人工核验,自动通过,WL-WORK-1838
致青春.md,致青春,辛夷坞,,T6,T6 当代全球文学,,REVIEW,缺少可机器读取的 year；需要按成书/定稿/首次发表史人工核验,个人补录,WL-WORK-2758
舒吉·贝恩.md,舒吉·贝恩,道格拉斯·斯图尔特,,T6,T6 当代全球文学,,REVIEW,缺少可机器读取的 year；需要按成书/定稿/首次发表史人工核验,需复核,WL-WORK-3077
舞论.md,舞论,传婆罗多牟尼,,T6,T6 当代全球文学,,REVIEW,缺少可机器读取的 year；需要按成书/定稿/首次发表史人工核验,手工核验,WL-WORK-R3-19799609
航海日记.md,航海日记,哥伦布,,T6,T6 当代全球文学,,REVIEW,缺少可机器读取的 year；需要按成书/定稿/首次发表史人工核验,自动通过,WL-WORK-1498
航运新闻.md,航运新闻,安妮·普鲁,,T6,T6 当代全球文学,,REVIEW,缺少可机器读取的 year；需要按成书/定稿/首次发表史人工核验,需复核,WL-WORK-3010
艾琳·费尔.md,艾琳·费尔,路易·库佩勒斯,,T6,T6 当代全球文学,,REVIEW,缺少可机器读取的 year；需要按成书/定稿/首次发表史人工核验,structural_backfill_v1,WL-WORK-R4-艾琳费尔
芙蓉镇.md,芙蓉镇,古华,,T6,T6 当代全球文学,,REVIEW,缺少可机器读取的 year；需要按成书/定稿/首次发表史人工核验,需复核,WL-WORK-2858
芬克勒问题.md,芬克勒问题,霍华德·雅各布森,,T6,T6 当代全球文学,,REVIEW,缺少可机器读取的 year；需要按成书/定稿/首次发表史人工核验,需复核,WL-WORK-3068
花与歌.md,花与歌,,,T6,T6 当代全球文学,,REVIEW,缺少可机器读取的 year；需要按成书/定稿/首次发表史人工核验,,WL-WORK-R6-002
花千骨.md,花千骨,果果,,T6,T6 当代全球文学,,REVIEW,缺少可机器读取的 year；需要按成书/定稿/首次发表史人工核验,个人补录,WL-WORK-2744
花园聚会.md,花园聚会,Katherine Mansfield,,T6,T6 当代全球文学,,REVIEW,缺少可机器读取的 year；需要按成书/定稿/首次发表史人工核验,书目清理V1：作者已核定，其他字段按现有证据保留,WL-WORK-R9-012
芳华.md,芳华,严歌苓,,T6,T6 当代全球文学,,REVIEW,缺少可机器读取的 year；需要按成书/定稿/首次发表史人工核验,自动通过,WL-WORK-2125
苏丹娜的梦.md,苏丹娜的梦,罗凯亚·萨哈瓦特·侯赛因,,T6,T6 当代全球文学,,REVIEW,缺少可机器读取的 year；需要按成书/定稿/首次发表史人工核验,自动通过,WL-WORK-0476
苏尔达斯诗选.md,苏尔达斯诗选,苏尔达斯,,T6,T6 当代全球文学,,REVIEW,缺少可机器读取的 year；需要按成书/定稿/首次发表史人工核验,手工核验,WL-WORK-R3-96788662
英国病人.md,英国病人,迈克尔·翁达杰,,T6,T6 当代全球文学,,REVIEW,缺少可机器读取的 year；需要按成书/定稿/首次发表史人工核验,自动通过,WL-WORK-1273
英雄们.md,英雄们,乔·阿伯克龙比,,T6,T6 当代全球文学,,REVIEW,缺少可机器读取的 year；需要按成书/定稿/首次发表史人工核验,自动通过,WL-WORK-0821
英雄志.md,英雄志,孙晓,,T6,T6 当代全球文学,,REVIEW,缺少可机器读取的 year；需要按成书/定稿/首次发表史人工核验,自动通过,WL-WORK-2606
英雄时代.md,英雄时代,柳建伟,,T6,T6 当代全球文学,,REVIEW,缺少可机器读取的 year；需要按成书/定稿/首次发表史人工核验,需复核,WL-WORK-2873
茶人三部曲.md,茶人三部曲,王旭烽,,T6,T6 当代全球文学,,REVIEW,缺少可机器读取的 year；需要按成书/定稿/首次发表史人工核验,需复核,WL-WORK-2869
荆棘与玫瑰之庭.md,荆棘与玫瑰之庭,萨拉·J.马斯,,T6,T6 当代全球文学,,REVIEW,缺少可机器读取的 year；需要按成书/定稿/首次发表史人工核验,自动通过,WL-WORK-0823
荆棘丛.md,荆棘丛,罗斯·托马斯,,T6,T6 当代全球文学,,REVIEW,缺少可机器读取的 year；需要按成书/定稿/首次发表史人工核验,需复核,WL-WORK-3111
荆棘之城.md,荆棘之城,萨拉·沃特斯,,T6,T6 当代全球文学,,REVIEW,缺少可机器读取的 year；需要按成书/定稿/首次发表史人工核验,自动通过,WL-WORK-1274
荆棘鸟.md,荆棘鸟,Colleen McCullough,,T6,T6 当代全球文学,,REVIEW,缺少可机器读取的 year；需要按成书/定稿/首次发表史人工核验,书目清理V1：作者已核定，其他字段按现有证据保留,WL-WORK-R9-004
草.md,草,韩寒,,T6,T6 当代全球文学,,REVIEW,缺少可机器读取的 year；需要按成书/定稿/首次发表史人工核验,个人补录,WL-WORK-2677
荒潮.md,荒潮,陈楸帆,,T6,T6 当代全球文学,,REVIEW,缺少可机器读取的 year；需要按成书/定稿/首次发表史人工核验,自动通过,WL-WORK-0465
荒野侦探.md,荒野侦探,波拉尼奥,,T6,T6 当代全球文学,,REVIEW,缺少可机器读取的 year；需要按成书/定稿/首次发表史人工核验,自动通过,WL-WORK-1846
荨麻与骨头.md,荨麻与骨头,T·金费舍尔,,T6,T6 当代全球文学,,REVIEW,缺少可机器读取的 year；需要按成书/定稿/首次发表史人工核验,需复核,WL-WORK-2927
莉莉安娜不可战胜的夏天.md,莉莉安娜不可战胜的夏天,克里斯蒂娜·里维拉·加尔萨,,T6,T6 当代全球文学,,REVIEW,缺少可机器读取的 year；需要按成书/定稿/首次发表史人工核验,自动通过,WL-WORK-1848
莫斯卡特一家.md,莫斯卡特一家,Isaac Bashevis Singer,,T6,T6 当代全球文学,,REVIEW,缺少可机器读取的 year；需要按成书/定稿/首次发表史人工核验,待书目核验,WL-WORK-R10-009
莫洛伊.md,莫洛伊,Samuel Beckett,,T6,T6 当代全球文学,,REVIEW,缺少可机器读取的 year；需要按成书/定稿/首次发表史人工核验,待书目核验,WL-WORK-R10-039
莱拉.md,莱拉,玛丽莲·罗宾逊,,T6,T6 当代全球文学,,REVIEW,缺少可机器读取的 year；需要按成书/定稿/首次发表史人工核验,自动通过,WL-WORK-1278
营地.md,营地,戏剧线,,T6,T6 当代全球文学,,REVIEW,缺少可机器读取的 year；需要按成书/定稿/首次发表史人工核验,自动通过,WL-WORK-1849
营救距离.md,营救距离,待考,,T6,T6 当代全球文学,,REVIEW,缺少可机器读取的 year；需要按成书/定稿/首次发表史人工核验,自动通过,WL-WORK-1850
萨兰丁之歌.md,萨兰丁之歌,盖伊·加夫里尔·凯,,T6,T6 当代全球文学,,REVIEW,缺少可机器读取的 year；需要按成书/定稿/首次发表史人工核验,自动通过,WL-WORK-0827
萨布.md,萨布,赫特鲁迪斯·戈麦斯·德·阿韦利亚内达,,T6,T6 当代全球文学,,REVIEW,缺少可机器读取的 year；需要按成书/定稿/首次发表史人工核验,自动通过,WL-WORK-1852
萨马.md,萨马,安东尼奥·迪·贝内代托,,T6,T6 当代全球文学,,REVIEW,缺少可机器读取的 year；需要按成书/定稿/首次发表史人工核验,自动通过,WL-WORK-1853
落在愤怒之神手中的罪人.md,落在愤怒之神手中的罪人,Jonathan Edwards,,T6,T6 当代全球文学,,REVIEW,缺少可机器读取的 year；需要按成书/定稿/首次发表史人工核验,结构补全待书目核验,WL-WORK-R5-009
蒙娜丽莎超速档.md,蒙娜丽莎超速档,威廉·吉布森,,T6,T6 当代全球文学,,REVIEW,缺少可机器读取的 year；需要按成书/定稿/首次发表史人工核验,自动通过,WL-WORK-0390
蓝圈人.md,蓝圈人,弗雷德·瓦尔加斯,,T6,T6 当代全球文学,,REVIEW,缺少可机器读取的 year；需要按成书/定稿/首次发表史人工核验,自动通过,WL-WORK-0234
蓝火星.md,蓝火星,金·斯坦利·罗宾逊,,T6,T6 当代全球文学,,REVIEW,缺少可机器读取的 year；需要按成书/定稿/首次发表史人工核验,自动通过,WL-WORK-0376
蓝衣魔鬼.md,蓝衣魔鬼,沃尔特·莫斯利,,T6,T6 当代全球文学,,REVIEW,缺少可机器读取的 year；需要按成书/定稿/首次发表史人工核验,自动通过,WL-WORK-0093
蓝鸟，蓝鸟.md,蓝鸟，蓝鸟,阿蒂卡·洛克,,T6,T6 当代全球文学,,REVIEW,缺少可机器读取的 year；需要按成书/定稿/首次发表史人工核验,需复核,WL-WORK-3144
虐杀器官.md,虐杀器官,伊藤计划,,T6,T6 当代全球文学,,REVIEW,缺少可机器读取的 year；需要按成书/定稿/首次发表史人工核验,自动通过,WL-WORK-0447
虬髯客传.md,虬髯客传,杜光庭,,T6,T6 当代全球文学,,REVIEW,缺少可机器读取的 year；需要按成书/定稿/首次发表史人工核验,自动通过,WL-WORK-2611
蚁生.md,蚁生,王晋康,,T6,T6 当代全球文学,,REVIEW,缺少可机器读取的 year；需要按成书/定稿/首次发表史人工核验,自动通过,WL-WORK-0456
蛙.md,蛙,莫言,,T6,T6 当代全球文学,,REVIEW,缺少可机器读取的 year；需要按成书/定稿/首次发表史人工核验,需复核,WL-WORK-2880
蜀山剑侠传.md,蜀山剑侠传,研究现代中国通俗小说时,,T6,T6 当代全球文学,,REVIEW,缺少可机器读取的 year；需要按成书/定稿/首次发表史人工核验,自动通过,WL-WORK-2612
蜥蜴尾巴.md,蜥蜴尾巴,卢伊莎·巴伦苏埃拉,,T6,T6 当代全球文学,,REVIEW,缺少可机器读取的 year；需要按成书/定稿/首次发表史人工核验,自动通过,WL-WORK-1859
蝉时雨.md,蝉时雨,藤泽周平,,T6,T6 当代全球文学,,REVIEW,缺少可机器读取的 year；需要按成书/定稿/首次发表史人工核验,自动通过,WL-WORK-2613
螺旋.md,螺旋,铃木光司,,T6,T6 当代全球文学,,REVIEW,缺少可机器读取的 year；需要按成书/定稿/首次发表史人工核验,自动通过,WL-WORK-0834
血书.md,血书,克莱夫·巴克,,T6,T6 当代全球文学,,REVIEW,缺少可机器读取的 year；需要按成书/定稿/首次发表史人工核验,自动通过,WL-WORK-0836
血的花瓣.md,血的花瓣,,,T6,T6 当代全球文学,,REVIEW,缺少可机器读取的 year；需要按成书/定稿/首次发表史人工核验,,WL-WORK-R7-018
血色子午线.md,血色子午线,科马克·麦卡锡,,T6,T6 当代全球文学,,REVIEW,缺少可机器读取的 year；需要按成书/定稿/首次发表史人工核验,自动通过,WL-WORK-2615
血音乐.md,血音乐,格雷格·贝尔,,T6,T6 当代全球文学,,REVIEW,缺少可机器读取的 year；需要按成书/定稿/首次发表史人工核验,自动通过,WL-WORK-0372
街角魔族.md,街角魔族,尼尔·盖曼,,T6,T6 当代全球文学,,REVIEW,缺少可机器读取的 year；需要按成书/定稿/首次发表史人工核验,自动通过,WL-WORK-0837
补锅匠.md,补锅匠,保罗·哈丁,,T6,T6 当代全球文学,,REVIEW,缺少可机器读取的 year；需要按成书/定稿/首次发表史人工核验,需复核,WL-WORK-3022
被嫌弃的松子的一生.md,被嫌弃的松子的一生,山田宗树,,T6,T6 当代全球文学,,REVIEW,缺少可机器读取的 year；需要按成书/定稿/首次发表史人工核验,个人补录,WL-WORK-2673
被掩埋的巨人.md,被掩埋的巨人,石黑一雄,,T6,T6 当代全球文学,,REVIEW,缺少可机器读取的 year；需要按成书/定稿/首次发表史人工核验,自动通过,WL-WORK-2131
被玷污的杯子.md,被玷污的杯子,罗伯特·杰克逊·贝内特,,T6,T6 当代全球文学,,REVIEW,缺少可机器读取的 year；需要按成书/定稿/首次发表史人工核验,需复核,WL-WORK-2929
裹尸布.md,裹尸布,玛丽亚·路易莎·邦巴尔,,T6,T6 当代全球文学,,REVIEW,缺少可机器读取的 year；需要按成书/定稿/首次发表史人工核验,自动通过,WL-WORK-1865
西兹韦·班西死了.md,西兹韦·班西死了,,,T6,T6 当代全球文学,,REVIEW,缺少可机器读取的 year；需要按成书/定稿/首次发表史人工核验,,WL-WORK-R7-033
西印度毁灭述略.md,西印度毁灭述略,拉斯·卡萨斯,,T6,T6 当代全球文学,,REVIEW,缺少可机器读取的 year；需要按成书/定稿/首次发表史人工核验,自动通过,WL-WORK-1867
西拉马卡与普尔洛里.md,西拉马卡与普尔洛里,,,T6,T6 当代全球文学,,REVIEW,缺少可机器读取的 year；需要按成书/定稿/首次发表史人工核验,,WL-WORK-R7-004
西方退出.md,西方退出,Mohsin Hamid,,T6,T6 当代全球文学,,REVIEW,缺少可机器读取的 year；需要按成书/定稿/首次发表史人工核验,待书目核验,WL-WORK-R10-027
西蒂·努尔巴雅.md,西蒂·努尔巴雅,Marah Rusli,,T6,T6 当代全球文学,,REVIEW,缺少可机器读取的 year；需要按成书/定稿/首次发表史人工核验,书目清理V1：作者已核定，其他字段按现有证据保留,WL-WORK-R8-035
西马龙玫瑰.md,西马龙玫瑰,詹姆斯·李·伯克,,T6,T6 当代全球文学,,REVIEW,缺少可机器读取的 year；需要按成书/定稿/首次发表史人工核验,需复核,WL-WORK-3124
覆雨翻云.md,覆雨翻云,黄易,,T6,T6 当代全球文学,,REVIEW,缺少可机器读取的 year；需要按成书/定稿/首次发表史人工核验,自动通过,WL-WORK-2617
见红.md,见红,莉娜·梅鲁阿内,,T6,T6 当代全球文学,,REVIEW,缺少可机器读取的 year；需要按成书/定稿/首次发表史人工核验,自动通过,WL-WORK-1868
解密.md,解密,麦家,,T6,T6 当代全球文学,,REVIEW,缺少可机器读取的 year；需要按成书/定稿/首次发表史人工核验,个人补录,WL-WORK-2695
解忧杂货店.md,解忧杂货店,东野圭吾,,T6,T6 当代全球文学,,REVIEW,缺少可机器读取的 year；需要按成书/定稿/首次发表史人工核验,个人补录,WL-WORK-2763
詹姆斯·K·巴克斯特诗选.md,詹姆斯·K·巴克斯特诗选,James K. Baxter,,T6,T6 当代全球文学,,REVIEW,缺少可机器读取的 year；需要按成书/定稿/首次发表史人工核验,书目清理V1：作者已核定，其他字段按现有证据保留,WL-WORK-R9-014
计算星辰.md,计算星辰,玛丽·罗宾内特·科瓦尔,,T6,T6 当代全球文学,,REVIEW,缺少可机器读取的 year；需要按成书/定稿/首次发表史人工核验,需复核,WL-WORK-2924
让我死在他的脚步里.md,让我死在他的脚步里,洛里·罗伊,,T6,T6 当代全球文学,,REVIEW,缺少可机器读取的 year；需要按成书/定稿/首次发表史人工核验,需复核,WL-WORK-3142
记忆传授人.md,记忆传授人,洛伊斯·劳里,,T6,T6 当代全球文学,,REVIEW,缺少可机器读取的 year；需要按成书/定稿/首次发表史人工核验,自动通过,WL-WORK-0483
记忆警察.md,记忆警察,小川洋子,,T6,T6 当代全球文学,,REVIEW,缺少可机器读取的 year；需要按成书/定稿/首次发表史人工核验,自动通过,WL-WORK-1287
许三观卖血记.md,许三观卖血记,余华,1995,T6,T6 当代全球文学,T6,PASS,按 year 与正式 T 轴范围一致,个人补录,WL-WORK-2732
许茂和他的女儿们.md,许茂和他的女儿们,周克芹,,T6,T6 当代全球文学,,REVIEW,缺少可机器读取的 year；需要按成书/定稿/首次发表史人工核验,需复核,WL-WORK-2855
证言.md,证言,玛格丽特·阿特伍德,,T6,T6 当代全球文学,,REVIEW,缺少可机器读取的 year；需要按成书/定稿/首次发表史人工核验,需复核,WL-WORK-3075
诗与反诗.md,诗与反诗,尼卡诺尔·帕拉,,T6,T6 当代全球文学,,REVIEW,缺少可机器读取的 year；需要按成书/定稿/首次发表史人工核验,自动通过,WL-WORK-1870
诛仙.md,诛仙,萧鼎,,T6,T6 当代全球文学,,REVIEW,缺少可机器读取的 year；需要按成书/定稿/首次发表史人工核验,自动通过,WL-WORK-0840
谁惧死亡.md,谁惧死亡,恩涅蒂·奥科拉弗,,T6,T6 当代全球文学,,REVIEW,缺少可机器读取的 year；需要按成书/定稿/首次发表史人工核验,自动通过,WL-WORK-0474
谢小娥传.md,谢小娥传,李公佐,,T6,T6 当代全球文学,,REVIEW,缺少可机器读取的 year；需要按成书/定稿/首次发表史人工核验,自动通过,WL-WORK-2619
负重前行.md,负重前行,蒂姆·奥布莱恩,,T6,T6 当代全球文学,,REVIEW,缺少可机器读取的 year；需要按成书/定稿/首次发表史人工核验,自动通过,WL-WORK-2136
贫民窟.md,贫民窟,阿卢伊西奥·阿泽维多,,T6,T6 当代全球文学,,REVIEW,缺少可机器读取的 year；需要按成书/定稿/首次发表史人工核验,自动通过,WL-WORK-1875
费尔南多·西尔万诗选.md,费尔南多·西尔万诗选,Fernando Sylvan,,T6,T6 当代全球文学,,REVIEW,缺少可机器读取的 year；需要按成书/定稿/首次发表史人工核验,书目清理V1：作者已核定，其他字段按现有证据保留,WL-WORK-R8-048
赎罪.md,赎罪,伊恩·麦克尤恩,,T6,T6 当代全球文学,,REVIEW,缺少可机器读取的 year；需要按成书/定稿/首次发表史人工核验,自动通过,WL-WORK-1293
赛汀.md,赛汀,C.J.切瑞,,T6,T6 当代全球文学,,REVIEW,缺少可机器读取的 year；需要按成书/定稿/首次发表史人工核验,需复核,WL-WORK-2911
赤脚女人.md,赤脚女人,,,T6,T6 当代全球文学,,REVIEW,缺少可机器读取的 year；需要按成书/定稿/首次发表史人工核验,,WL-WORK-R7-027
赤裸的面包.md,赤裸的面包,,,T6,T6 当代全球文学,,REVIEW,缺少可机器读取的 year；需要按成书/定稿/首次发表史人工核验,,WL-WORK-R7-009
赫索格.md,赫索格,Saul Bellow,,T6,T6 当代全球文学,,REVIEW,缺少可机器读取的 year；需要按成书/定稿/首次发表史人工核验,结构补全待书目核验,WL-WORK-R5-022
走向悲伤.md,走向悲伤,迪克·弗朗西斯,,T6,T6 当代全球文学,,REVIEW,缺少可机器读取的 year；需要按成书/定稿/首次发表史人工核验,需复核,WL-WORK-3122
路.md,路,科马克·麦卡锡,,T6,T6 当代全球文学,,REVIEW,缺少可机器读取的 year；需要按成书/定稿/首次发表史人工核验,自动通过,WL-WORK-0435
路易斯·帕莱斯·马托斯诗选.md,路易斯·帕莱斯·马托斯诗选,,,T6,T6 当代全球文学,,REVIEW,缺少可机器读取的 year；需要按成书/定稿/首次发表史人工核验,,WL-WORK-R6-033
身体之重.md,身体之重,朱迪斯·巴特勒,,T6,T6 当代全球文学,,REVIEW,缺少可机器读取的 year；需要按成书/定稿/首次发表史人工核验,metadata_pending,WL-WORK-3254
轨道之云.md,轨道之云,藤井太洋,,T6,T6 当代全球文学,,REVIEW,缺少可机器读取的 year；需要按成书/定稿/首次发表史人工核验,自动通过,WL-WORK-0451
轻舔丝绒.md,轻舔丝绒,萨拉·沃特斯,,T6,T6 当代全球文学,,REVIEW,缺少可机器读取的 year；需要按成书/定稿/首次发表史人工核验,自动通过,WL-WORK-1296
辛德勒方舟.md,辛德勒方舟,托马斯·基尼利,,T6,T6 当代全球文学,,REVIEW,缺少可机器读取的 year；需要按成书/定稿/首次发表史人工核验,需复核,WL-WORK-3048
辛赛.md,辛赛,Pang Kham,,T6,T6 当代全球文学,,REVIEW,缺少可机器读取的 year；需要按成书/定稿/首次发表史人工核验,手工核验,WL-WORK-R8-024
边荒传说.md,边荒传说,黄易,,T6,T6 当代全球文学,,REVIEW,缺少可机器读取的 year；需要按成书/定稿/首次发表史人工核验,自动通过,WL-WORK-2621
达·芬奇密码.md,达·芬奇密码,丹·布朗,,T6,T6 当代全球文学,,REVIEW,缺少可机器读取的 year；需要按成书/定稿/首次发表史人工核验,个人补录,WL-WORK-2764
达尔文电台.md,达尔文电台,格雷格·贝尔,,T6,T6 当代全球文学,,REVIEW,缺少可机器读取的 year；需要按成书/定稿/首次发表史人工核验,需复核,WL-WORK-2945
迁徙.md,迁徙,米洛什·茨尔尼扬斯基,,T6,T6 当代全球文学,,REVIEW,缺少可机器读取的 year；需要按成书/定稿/首次发表史人工核验,structural_backfill_v1,WL-WORK-R4-迁徙
过去的简单.md,过去的简单,,,T6,T6 当代全球文学,,REVIEW,缺少可机器读取的 year；需要按成书/定稿/首次发表史人工核验,,WL-WORK-R7-008
过境.md,过境,Anna Seghers,,T6,T6 当代全球文学,,REVIEW,缺少可机器读取的 year；需要按成书/定稿/首次发表史人工核验,待书目核验,WL-WORK-R10-032
迈克尔·K的生活与时代.md,迈克尔·K的生活与时代,J.M.库切,,T6,T6 当代全球文学,,REVIEW,缺少可机器读取的 year；需要按成书/定稿/首次发表史人工核验,需复核,WL-WORK-3049
近代侠义英雄传.md,近代侠义英雄传,平江不肖生,,T6,T6 当代全球文学,,REVIEW,缺少可机器读取的 year；需要按成书/定稿/首次发表史人工核验,自动通过,WL-WORK-2622
返回故乡札记.md,返回故乡札记,,,T6,T6 当代全球文学,,REVIEW,缺少可机器读取的 year；需要按成书/定稿/首次发表史人工核验,,WL-WORK-R6-027
这样你就输掉时间战争.md,这样你就输掉时间战争,阿马尔·艾尔-莫赫塔尔 / 马克斯·格拉德斯通,,T6,T6 当代全球文学,,REVIEW,缺少可机器读取的 year；需要按成书/定稿/首次发表史人工核验,自动通过,WL-WORK-0439
这边风景.md,这边风景,王蒙,,T6,T6 当代全球文学,,REVIEW,缺少可机器读取的 year；需要按成书/定稿/首次发表史人工核验,需复核,WL-WORK-2883
进军.md,进军,E.L.多克托罗,,T6,T6 当代全球文学,,REVIEW,缺少可机器读取的 year；需要按成书/定稿/首次发表史人工核验,自动通过,WL-WORK-1299
迷宫中的将军.md,迷宫中的将军,加西亚·马尔克斯,,T6,T6 当代全球文学,,REVIEW,缺少可机器读取的 year；需要按成书/定稿/首次发表史人工核验,自动通过,WL-WORK-1302
迷宫馆事件.md,迷宫馆事件,绫辻行人,,T6,T6 当代全球文学,,REVIEW,缺少可机器读取的 year；需要按成书/定稿/首次发表史人工核验,自动通过,WL-WORK-0181
迷雾.md,迷雾,斯蒂芬·金,,T6,T6 当代全球文学,,REVIEW,缺少可机器读取的 year；需要按成书/定稿/首次发表史人工核验,自动通过,WL-WORK-0850
迷雾之子：最后帝国.md,迷雾之子：最后帝国,布兰登·桑德森,,T6,T6 当代全球文学,,REVIEW,缺少可机器读取的 year；需要按成书/定稿/首次发表史人工核验,自动通过,WL-WORK-0851
追风筝的人.md,追风筝的人,卡勒德·胡赛尼,,T6,T6 当代全球文学,,REVIEW,缺少可机器读取的 year；需要按成书/定稿/首次发表史人工核验,自动通过,WL-WORK-2140
逃离.md,逃离,Alice Munro,,T6,T6 当代全球文学,,REVIEW,缺少可机器读取的 year；需要按成书/定稿/首次发表史人工核验,结构补全待书目核验,WL-WORK-R5-033
逆水寒.md,逆水寒,温瑞安,,T6,T6 当代全球文学,,REVIEW,缺少可机器读取的 year；需要按成书/定稿/首次发表史人工核验,自动通过,WL-WORK-2624
通往北方的窄路.md,通往北方的窄路,理查德·弗拉纳根,,T6,T6 当代全球文学,,REVIEW,缺少可机器读取的 year；需要按成书/定稿/首次发表史人工核验,需复核,WL-WORK-3071
通往雨山的路.md,通往雨山的路,N. Scott Momaday,,T6,T6 当代全球文学,,REVIEW,缺少可机器读取的 year；需要按成书/定稿/首次发表史人工核验,结构补全待书目核验,WL-WORK-R5-001
逝去的武林.md,逝去的武林,徐皓峰,,T6,T6 当代全球文学,,REVIEW,缺少可机器读取的 year；需要按成书/定稿/首次发表史人工核验,自动通过,WL-WORK-2625
造船厂.md,造船厂,奥内蒂,,T6,T6 当代全球文学,,REVIEW,缺少可机器读取的 year；需要按成书/定稿/首次发表史人工核验,自动通过,WL-WORK-1884
道士下山.md,道士下山,徐皓峰,,T6,T6 当代全球文学,,REVIEW,缺少可机器读取的 year；需要按成书/定稿/首次发表史人工核验,自动通过,WL-WORK-2626
道德剧.md,道德剧,巴里·昂斯沃思,,T6,T6 当代全球文学,,REVIEW,缺少可机器读取的 year；需要按成书/定稿/首次发表史人工核验,自动通过,WL-WORK-1304
郊区佛爷.md,郊区佛爷,Hanif Kureishi,,T6,T6 当代全球文学,,REVIEW,缺少可机器读取的 year；需要按成书/定稿/首次发表史人工核验,待书目核验,WL-WORK-R10-022
都市风流.md,都市风流,孙力、余小惠,,T6,T6 当代全球文学,,REVIEW,缺少可机器读取的 year；需要按成书/定稿/首次发表史人工核验,需复核,WL-WORK-2863
酷儿理论导论.md,酷儿理论导论,安娜玛丽·雅各斯,,T6,T6 当代全球文学,,REVIEW,缺少可机器读取的 year；需要按成书/定稿/首次发表史人工核验,metadata_pending,WL-WORK-3257
里加之犬.md,里加之犬,亨宁·曼凯尔,,T6,T6 当代全球文学,,REVIEW,缺少可机器读取的 year；需要按成书/定稿/首次发表史人工核验,自动通过,WL-WORK-0221
重生.md,重生,帕特·巴克,,T6,T6 当代全球文学,,REVIEW,缺少可机器读取的 year；需要按成书/定稿/首次发表史人工核验,自动通过,WL-WORK-1305
量子玫瑰.md,量子玫瑰,凯瑟琳·阿萨罗,,T6,T6 当代全球文学,,REVIEW,缺少可机器读取的 year；需要按成书/定稿/首次发表史人工核验,需复核,WL-WORK-2946
量子窃贼.md,量子窃贼,汉努·拉贾涅米,,T6,T6 当代全球文学,,REVIEW,缺少可机器读取的 year；需要按成书/定稿/首次发表史人工核验,自动通过,WL-WORK-0400
金卡斯·博尔巴.md,金卡斯·博尔巴,马沙多·德·阿西斯,,T6,T6 当代全球文学,,REVIEW,缺少可机器读取的 year；需要按成书/定稿/首次发表史人工核验,自动通过,WL-WORK-1891
金属与饥饿.md,金属与饥饿,,,T6,T6 当代全球文学,,REVIEW,缺少可机器读取的 year；需要按成书/定稿/首次发表史人工核验,,WL-WORK-R6-010
金翅雀.md,金翅雀,唐娜·塔特,,T6,T6 当代全球文学,,REVIEW,缺少可机器读取的 year；需要按成书/定稿/首次发表史人工核验,需复核,WL-WORK-3025
金陵十三钗.md,金陵十三钗,严歌苓,,T6,T6 当代全球文学,,REVIEW,缺少可机器读取的 year；需要按成书/定稿/首次发表史人工核验,自动通过,WL-WORK-1310
钟表馆事件.md,钟表馆事件,绫辻行人,,T6,T6 当代全球文学,,REVIEW,缺少可机器读取的 year；需要按成书/定稿/首次发表史人工核验,自动通过,WL-WORK-0182
钟鼓楼.md,钟鼓楼,刘心武,,T6,T6 当代全球文学,,REVIEW,缺少可机器读取的 year；需要按成书/定稿/首次发表史人工核验,需复核,WL-WORK-2862
钻石年代.md,钻石年代,尼尔·斯蒂芬森,,T6,T6 当代全球文学,,REVIEW,缺少可机器读取的 year；需要按成书/定稿/首次发表史人工核验,自动通过,WL-WORK-0395
铁草.md,铁草,威廉·肯尼迪,,T6,T6 当代全球文学,,REVIEW,缺少可机器读取的 year；需要按成书/定稿/首次发表史人工核验,需复核,WL-WORK-3003
锁匠.md,锁匠,史蒂夫·汉密尔顿,,T6,T6 当代全球文学,,REVIEW,缺少可机器读取的 year；需要按成书/定稿/首次发表史人工核验,需复核,WL-WORK-3137
锌皮娃娃兵.md,锌皮娃娃兵,阿列克谢耶维奇,,T6,T6 当代全球文学,,REVIEW,缺少可机器读取的 year；需要按成书/定稿/首次发表史人工核验,自动通过,WL-WORK-2145
锡笛.md,锡笛,Gabrielle Roy,,T6,T6 当代全球文学,,REVIEW,缺少可机器读取的 year；需要按成书/定稿/首次发表史人工核验,结构补全待书目核验,WL-WORK-R5-035
镇尼大师.md,镇尼大师,P·杰利·克拉克,,T6,T6 当代全球文学,,REVIEW,缺少可机器读取的 year；需要按成书/定稿/首次发表史人工核验,需复核,WL-WORK-2954
镍童.md,镍童,科尔森·怀特黑德,,T6,T6 当代全球文学,,REVIEW,缺少可机器读取的 year；需要按成书/定稿/首次发表史人工核验,需复核,WL-WORK-3028
镜与光.md,镜与光,希拉里·曼特尔,,T6,T6 当代全球文学,,REVIEW,缺少可机器读取的 year；需要按成书/定稿/首次发表史人工核验,自动通过,WL-WORK-1313
镜中舞.md,镜中舞,洛伊斯·麦克马斯特·比约德,,T6,T6 当代全球文学,,REVIEW,缺少可机器读取的 year；需要按成书/定稿/首次发表史人工核验,需复核,WL-WORK-2914
镜影.md,镜影,威廉·吉布森,,T6,T6 当代全球文学,,REVIEW,缺少可机器读取的 year；需要按成书/定稿/首次发表史人工核验,需复核,WL-WORK-0392
长夜难明.md,长夜难明,紫金陈,,T6,T6 当代全球文学,,REVIEW,缺少可机器读取的 year；需要按成书/定稿/首次发表史人工核验,自动通过,WL-WORK-0245
长安古意.md,长安古意,小椴,,T6,T6 当代全球文学,,REVIEW,缺少可机器读取的 year；需要按成书/定稿/首次发表史人工核验,自动通过,WL-WORK-2630
长恨歌.md,长恨歌,王安忆,,T6,T6 当代全球文学,,REVIEW,缺少可机器读取的 year；需要按成书/定稿/首次发表史人工核验,需复核,WL-WORK-2868
长日将尽.md,长日将尽,石黑一雄,,T6,T6 当代全球文学,,REVIEW,缺少可机器读取的 year；需要按成书/定稿/首次发表史人工核验,自动通过,WL-WORK-2146
长老偈.md,长老偈,多人,,T6,T6 当代全球文学,,REVIEW,缺少可机器读取的 year；需要按成书/定稿/首次发表史人工核验,手工核验,WL-WORK-R3-69558402
长老尼偈.md,长老尼偈,多人,,T6,T6 当代全球文学,,REVIEW,缺少可机器读取的 year；需要按成书/定稿/首次发表史人工核验,手工核验,WL-WORK-R3-23998050
门中眼.md,门中眼,帕特·巴克,,T6,T6 当代全球文学,,REVIEW,缺少可机器读取的 year；需要按成书/定稿/首次发表史人工核验,自动通过,WL-WORK-1314
队列.md,队列,巴斯玛·阿卜杜勒·阿齐兹,,T6,T6 当代全球文学,,REVIEW,缺少可机器读取的 year；需要按成书/定稿/首次发表史人工核验,自动通过,WL-WORK-0478
阿劳卡纳.md,阿劳卡纳,阿隆索·德·埃尔西利亚,,T6,T6 当代全球文学,,REVIEW,缺少可机器读取的 year；需要按成书/定稿/首次发表史人工核验,自动通过,WL-WORK-1899
阿勒颇养蜂人.md,阿勒颇养蜂人,Christy Lefteri,,T6,T6 当代全球文学,,REVIEW,缺少可机器读取的 year；需要按成书/定稿/首次发表史人工核验,待书目核验,WL-WORK-R10-035
阿卜杜拉游记.md,阿卜杜拉游记,Abdullah bin Abdul Kadir,,T6,T6 当代全球文学,,REVIEW,缺少可机器读取的 year；需要按成书/定稿/首次发表史人工核验,书目清理V1：作者已核定，其他字段按现有证据保留,WL-WORK-R8-030
阿卡塔女巫.md,阿卡塔女巫,恩涅蒂·奥科拉弗,,T6,T6 当代全球文学,,REVIEW,缺少可机器读取的 year；需要按成书/定稿/首次发表史人工核验,自动通过,WL-WORK-0862
阿周那婚礼.md,阿周那婚礼,Mpu Kanwa,,T6,T6 当代全球文学,,REVIEW,缺少可机器读取的 year；需要按成书/定稿/首次发表史人工核验,书目清理V1：作者已核定，其他字段按现有证据保留,WL-WORK-R8-033
阿喀琉斯之歌.md,阿喀琉斯之歌,玛德琳·米勒,,T6,T6 当代全球文学,,REVIEW,缺少可机器读取的 year；需要按成书/定稿/首次发表史人工核验,自动通过,WL-WORK-0863
阿尔-拉桑的雄狮.md,阿尔-拉桑的雄狮,盖伊·加夫里尔·凯,,T6,T6 当代全球文学,,REVIEW,缺少可机器读取的 year；需要按成书/定稿/首次发表史人工核验,自动通过,WL-WORK-0864
阿尔及利亚女人的房间.md,阿尔及利亚女人的房间,,,T6,T6 当代全球文学,,REVIEW,缺少可机器读取的 year；需要按成书/定稿/首次发表史人工核验,,WL-WORK-R7-007
阿尔戈号.md,阿尔戈号,玛吉·尼尔森,,T6,T6 当代全球文学,,REVIEW,缺少可机器读取的 year；需要按成书/定稿/首次发表史人工核验,metadata_pending,WL-WORK-3260
阿戈什蒂纽·内图诗选.md,阿戈什蒂纽·内图诗选,,,T6,T6 当代全球文学,,REVIEW,缺少可机器读取的 year；需要按成书/定稿/首次发表史人工核验,,WL-WORK-R7-040
阿拉伯爵士.md,阿拉伯爵士,Diana Abu-Jaber,,T6,T6 当代全球文学,,REVIEW,缺少可机器读取的 year；需要按成书/定稿/首次发表史人工核验,待书目核验,WL-WORK-R10-029
阿拉特里斯特上尉.md,阿拉特里斯特上尉,阿图罗·佩雷斯-雷维特,,T6,T6 当代全球文学,,REVIEW,缺少可机器读取的 year；需要按成书/定稿/首次发表史人工核验,自动通过,WL-WORK-2631
阿玛利亚.md,阿玛利亚,何塞·马莫尔,,T6,T6 当代全球文学,,REVIEW,缺少可机器读取的 year；需要按成书/定稿/首次发表史人工核验,自动通过,WL-WORK-1901
阿瓦隆迷雾.md,阿瓦隆迷雾,玛丽恩·齐默·布拉德利,,T6,T6 当代全球文学,,REVIEW,缺少可机器读取的 year；需要按成书/定稿/首次发表史人工核验,自动通过,WL-WORK-0866
阿米尔·哈姆扎传.md,阿米尔·哈姆扎传,佚名,,T6,T6 当代全球文学,,REVIEW,缺少可机器读取的 year；需要按成书/定稿/首次发表史人工核验,书目清理V1：传统/编纂作者身份已规范,WL-WORK-R8-028
阿米尔·哈姆扎传奇.md,阿米尔·哈姆扎传奇,多人,,T6,T6 当代全球文学,,REVIEW,缺少可机器读取的 year；需要按成书/定稿/首次发表史人工核验,手工核验,WL-WORK-R3-90235736
阿米尔·霍斯陆诗选.md,阿米尔·霍斯陆诗选,阿米尔·霍斯陆,,T6,T6 当代全球文学,,REVIEW,缺少可机器读取的 year；需要按成书/定稿/首次发表史人工核验,手工核验,WL-WORK-R3-52053434
附属正义.md,附属正义,安·莱姬,,T6,T6 当代全球文学,,REVIEW,缺少可机器读取的 year；需要按成书/定稿/首次发表史人工核验,自动通过,WL-WORK-0411
陆犯焉识.md,陆犯焉识,严歌苓,,T6,T6 当代全球文学,,REVIEW,缺少可机器读取的 year；需要按成书/定稿/首次发表史人工核验,自动通过,WL-WORK-2147
陌生人日记.md,陌生人日记,埃莉·格里菲斯,,T6,T6 当代全球文学,,REVIEW,缺少可机器读取的 year；需要按成书/定稿/首次发表史人工核验,需复核,WL-WORK-3146
除时间外没有敌人.md,除时间外没有敌人,迈克尔·毕晓普,,T6,T6 当代全球文学,,REVIEW,缺少可机器读取的 year；需要按成书/定稿/首次发表史人工核验,需复核,WL-WORK-2935
隐形墨水.md,隐形墨水,帕特里克·莫迪亚诺,2019,T6,T6 当代全球文学,T6,PASS,按 year 与正式 T 轴范围一致,个人补录,WL-WORK-2738
难逃劫数.md,难逃劫数,余华,1988,T6,T6 当代全球文学,T6,PASS,按 year 与正式 T 轴范围一致,个人补录,WL-WORK-2791
雇员们.md,雇员们,奥尔加·拉夫恩,,T6,T6 当代全球文学,,REVIEW,缺少可机器读取的 year；需要按成书/定稿/首次发表史人工核验,自动通过,WL-WORK-0482
雍正皇帝.md,雍正皇帝,二月河,,T6,T6 当代全球文学,,REVIEW,缺少可机器读取的 year；需要按成书/定稿/首次发表史人工核验,自动通过,WL-WORK-1320
雨之赐.md,雨之赐,陈团英（Tan Twan Eng）,,T6,T6 当代全球文学,,REVIEW,缺少可机器读取的 year；需要按成书/定稿/首次发表史人工核验,书目清理V1：作者已核定，其他字段按现有证据保留,WL-WORK-R8-032
雪中悍刀行.md,雪中悍刀行,烽火戏诸侯,,T6,T6 当代全球文学,,REVIEW,缺少可机器读取的 year；需要按成书/定稿/首次发表史人工核验,自动通过,WL-WORK-2636
雪之丞变化.md,雪之丞变化,三上於菟吉,,T6,T6 当代全球文学,,REVIEW,缺少可机器读取的 year；需要按成书/定稿/首次发表史人工核验,自动通过,WL-WORK-2637
雪后.md,雪后,琼·D·文奇,,T6,T6 当代全球文学,,REVIEW,缺少可机器读取的 year；需要按成书/定稿/首次发表史人工核验,需复核,WL-WORK-2906
雪山大地.md,雪山大地,杨志军,,T6,T6 当代全球文学,,REVIEW,缺少可机器读取的 year；需要按成书/定稿/首次发表史人工核验,需复核,WL-WORK-2891
雪崩.md,雪崩,尼尔·斯蒂芬森,,T6,T6 当代全球文学,,REVIEW,缺少可机器读取的 year；需要按成书/定稿/首次发表史人工核验,自动通过,WL-WORK-0394
雪河来客.md,雪河来客,Banjo Paterson,,T6,T6 当代全球文学,,REVIEW,缺少可机器读取的 year；需要按成书/定稿/首次发表史人工核验,书目清理V1：作者已核定，其他字段按现有证据保留,WL-WORK-R9-002
零伯爵.md,零伯爵,威廉·吉布森,,T6,T6 当代全球文学,,REVIEW,缺少可机器读取的 year；需要按成书/定稿/首次发表史人工核验,自动通过,WL-WORK-0389
霍乱时期的爱情.md,霍乱时期的爱情,加西亚·马尔克斯,,T6,T6 当代全球文学,,REVIEW,缺少可机器读取的 year；需要按成书/定稿/首次发表史人工核验,自动通过,WL-WORK-2149
霍内·图法雷诗选.md,霍内·图法雷诗选,Hone Tuwhare,,T6,T6 当代全球文学,,REVIEW,缺少可机器读取的 year；需要按成书/定稿/首次发表史人工核验,书目清理V1：作者已核定，其他字段按现有证据保留,WL-WORK-R9-020
露西.md,露西,,,T6,T6 当代全球文学,,REVIEW,缺少可机器读取的 year；需要按成书/定稿/首次发表史人工核验,,WL-WORK-R6-029
霸王别姬.md,霸王别姬,李碧华,,T6,T6 当代全球文学,,REVIEW,缺少可机器读取的 year；需要按成书/定稿/首次发表史人工核验,个人补录,WL-WORK-2672
青丘永言.md,青丘永言,金天泽编,,T6,T6 当代全球文学,,REVIEW,缺少可机器读取的 year；需要按成书/定稿/首次发表史人工核验,手工核验,WL-WORK-R2-GAP-08
青山别曲.md,青山别曲,佚名,,T6,T6 当代全球文学,,REVIEW,缺少可机器读取的 year；需要按成书/定稿/首次发表史人工核验,手工核验,WL-WORK-R2-GAP-06
青春万岁.md,青春万岁,王蒙,,T6,T6 当代全球文学,,REVIEW,缺少可机器读取的 year；需要按成书/定稿/首次发表史人工核验,自动通过,WL-WORK-1323
顺河入海.md,顺河入海,沃尔特·莫斯利,,T6,T6 当代全球文学,,REVIEW,缺少可机器读取的 year；需要按成书/定稿/首次发表史人工核验,需复核,WL-WORK-3145
额尔古纳河右岸.md,额尔古纳河右岸,迟子建,,T6,T6 当代全球文学,,REVIEW,缺少可机器读取的 year；需要按成书/定稿/首次发表史人工核验,需复核,WL-WORK-2876
风声.md,风声,麦家,,T6,T6 当代全球文学,,REVIEW,缺少可机器读取的 year；需要按成书/定稿/首次发表史人工核验,个人补录,WL-WORK-2686
飓风季节.md,飓风季节,墨西哥当代暴力,,T6,T6 当代全球文学,,REVIEW,缺少可机器读取的 year；需要按成书/定稿/首次发表史人工核验,自动通过,WL-WORK-1910
飞向人马座.md,飞向人马座,郑文光,,T6,T6 当代全球文学,,REVIEW,缺少可机器读取的 year；需要按成书/定稿/首次发表史人工核验,自动通过,WL-WORK-0454
飞行行为.md,飞行行为,芭芭拉·金索沃,,T6,T6 当代全球文学,,REVIEW,缺少可机器读取的 year；需要按成书/定稿/首次发表史人工核验,metadata_pending,WL-WORK-3273
餐后.md,餐后,何塞·亚松森·西尔瓦,,T6,T6 当代全球文学,,REVIEW,缺少可机器读取的 year；需要按成书/定稿/首次发表史人工核验,自动通过,WL-WORK-1912
饥饿游戏.md,饥饿游戏,苏珊·柯林斯,,T6,T6 当代全球文学,,REVIEW,缺少可机器读取的 year；需要按成书/定稿/首次发表史人工核验,自动通过,WL-WORK-0484
饥饿的路.md,饥饿的路,本·奥克瑞,,T6,T6 当代全球文学,,REVIEW,缺少可机器读取的 year；需要按成书/定稿/首次发表史人工核验,需复核,WL-WORK-2854
饥饿者.md,饥饿者,,,T6,T6 当代全球文学,,REVIEW,缺少可机器读取的 year；需要按成书/定稿/首次发表史人工核验,,WL-WORK-R7-039
饺子.md,饺子,李碧华,,T6,T6 当代全球文学,,REVIEW,缺少可机器读取的 year；需要按成书/定稿/首次发表史人工核验,个人补录,WL-WORK-2694
马丁·德雷斯勒.md,马丁·德雷斯勒,史蒂文·米尔豪瑟,,T6,T6 当代全球文学,,REVIEW,缺少可机器读取的 year；需要按成书/定稿/首次发表史人工核验,需复核,WL-WORK-3013
马丁·里瓦斯.md,马丁·里瓦斯,阿尔贝托·布莱斯特·加纳,,T6,T6 当代全球文学,,REVIEW,缺少可机器读取的 year；需要按成书/定稿/首次发表史人工核验,自动通过,WL-WORK-1916
马利·阿尔梅达的七个月亮.md,马利·阿尔梅达的七个月亮,谢汉·卡鲁纳蒂拉卡,,T6,T6 当代全球文学,,REVIEW,缺少可机器读取的 year；需要按成书/定稿/首次发表史人工核验,需复核,WL-WORK-3079
马奇.md,马奇,杰拉尔丁·布鲁克斯,,T6,T6 当代全球文学,,REVIEW,缺少可机器读取的 year；需要按成书/定稿/首次发表史人工核验,需复核,WL-WORK-3020
马来纪年.md,马来纪年,佚名（后世编纂传统）,,T6,T6 当代全球文学,,REVIEW,缺少可机器读取的 year；需要按成书/定稿/首次发表史人工核验,书目清理V1：传统/编纂作者身份已规范,WL-WORK-R8-026
马查多的马车.md,马查多的马车,,,T6,T6 当代全球文学,,REVIEW,缺少可机器读取的 year；需要按成书/定稿/首次发表史人工核验,,WL-WORK-R6-022
马格斯·哈弗拉尔.md,马格斯·哈弗拉尔,穆尔塔图里,,T6,T6 当代全球文学,,REVIEW,缺少可机器读取的 year；需要按成书/定稿/首次发表史人工核验,structural_backfill_v1,WL-WORK-R4-马格斯哈弗拉尔
马永贝.md,马永贝,佩佩特拉,,T6,T6 当代全球文学,,REVIEW,缺少可机器读取的 year；需要按成书/定稿/首次发表史人工核验,需复核,WL-WORK-3204
马鲁.md,马鲁,,,T6,T6 当代全球文学,,REVIEW,缺少可机器读取的 year；需要按成书/定稿/首次发表史人工核验,,WL-WORK-R7-034
驼背人.md,驼背人,保罗·费瓦尔,,T6,T6 当代全球文学,,REVIEW,缺少可机器读取的 year；需要按成书/定稿/首次发表史人工核验,自动通过,WL-WORK-2645
骏马.md,骏马,科马克·麦卡锡,,T6,T6 当代全球文学,,REVIEW,缺少可机器读取的 year；需要按成书/定稿/首次发表史人工核验,自动通过,WL-WORK-2646
骑鹅旅行记.md,骑鹅旅行记,塞尔玛·拉格洛夫,,T6,T6 当代全球文学,,REVIEW,缺少可机器读取的 year；需要按成书/定稿/首次发表史人工核验,structural_backfill_v1,WL-WORK-R4-骑鹅旅行记
骗子.md,骗子,鲁道夫·乌西格利,,T6,T6 当代全球文学,,REVIEW,缺少可机器读取的 year；需要按成书/定稿/首次发表史人工核验,自动通过,WL-WORK-1920
骚动之秋.md,骚动之秋,刘玉民,,T6,T6 当代全球文学,,REVIEW,缺少可机器读取的 year；需要按成书/定稿/首次发表史人工核验,需复核,WL-WORK-2866
骨.md,骨,Fae Myenne Ng,,T6,T6 当代全球文学,,REVIEW,缺少可机器读取的 year；需要按成书/定稿/首次发表史人工核验,待书目核验,WL-WORK-R10-016
骨人.md,骨人,凯里·休姆,,T6,T6 当代全球文学,,REVIEW,缺少可机器读取的 year；需要按成书/定稿/首次发表史人工核验,需复核,WL-WORK-3051
鬼妈妈.md,鬼妈妈,尼尔·盖曼,,T6,T6 当代全球文学,,REVIEW,缺少可机器读取的 year；需要按成书/定稿/首次发表史人工核验,自动通过,WL-WORK-0879
魍魉之匣.md,魍魉之匣,京极夏彦,,T6,T6 当代全球文学,,REVIEW,缺少可机器读取的 year；需要按成书/定稿/首次发表史人工核验,自动通过,WL-WORK-0191
魔法的颜色.md,魔法的颜色,特里·普拉切特,,T6,T6 当代全球文学,,REVIEW,缺少可机器读取的 year；需要按成书/定稿/首次发表史人工核验,自动通过,WL-WORK-0887
魔眼之匣谜案.md,魔眼之匣谜案,今村昌弘,,T6,T6 当代全球文学,,REVIEW,缺少可机器读取的 year；需要按成书/定稿/首次发表史人工核验,自动通过,WL-WORK-0206
魔鬼在十字路口.md,魔鬼在十字路口,,,T6,T6 当代全球文学,,REVIEW,缺少可机器读取的 year；需要按成书/定稿/首次发表史人工核验,,WL-WORK-R7-005
鲁珀特·亨曹.md,鲁珀特·亨曹,安东尼·霍普,,T6,T6 当代全球文学,,REVIEW,缺少可机器读取的 year；需要按成书/定稿/首次发表史人工核验,自动通过,WL-WORK-2651
鲜血梅花.md,鲜血梅花,余华,1989,T6,T6 当代全球文学,T6,PASS,按 year 与正式 T 轴范围一致,自动通过,WL-WORK-2652
鲸骑士.md,鲸骑士,Witi Ihimaera,,T6,T6 当代全球文学,,REVIEW,缺少可机器读取的 year；需要按成书/定稿/首次发表史人工核验,书目清理V1：作者已核定，其他字段按现有证据保留,WL-WORK-R9-017
鳄鱼.md,鳄鱼,Vincent Eri,,T6,T6 当代全球文学,,REVIEW,缺少可机器读取的 year；需要按成书/定稿/首次发表史人工核验,书目清理V1：作者已核定，其他字段按现有证据保留,WL-WORK-R9-022
鸟嘴.md,鸟嘴,待考,,T6,T6 当代全球文学,,REVIEW,缺少可机器读取的 year；需要按成书/定稿/首次发表史人工核验,自动通过,WL-WORK-1925
鸦片战争.md,鸦片战争,匡灵秀,,T6,T6 当代全球文学,,REVIEW,缺少可机器读取的 year；需要按成书/定稿/首次发表史人工核验,自动通过,WL-WORK-0891
鸽使诗.md,鸽使诗,Sri Rahula Thera,,T6,T6 当代全球文学,,REVIEW,缺少可机器读取的 year；需要按成书/定稿/首次发表史人工核验,手工核验,WL-WORK-R3-93366302
鹰爪王.md,鹰爪王,郑证因,,T6,T6 当代全球文学,,REVIEW,缺少可机器读取的 year；需要按成书/定稿/首次发表史人工核验,自动通过,WL-WORK-2654
黄昏清兵卫.md,黄昏清兵卫,藤泽周平,,T6,T6 当代全球文学,,REVIEW,缺少可机器读取的 year；需要按成书/定稿/首次发表史人工核验,自动通过,WL-WORK-2656
黄昏里的男孩.md,黄昏里的男孩,余华,1997,T6,T6 当代全球文学,T6,PASS,按 year 与正式 T 轴范围一致,个人补录,WL-WORK-2808
黄河东流去.md,黄河东流去,李准,,T6,T6 当代全球文学,,REVIEW,缺少可机器读取的 year；需要按成书/定稿/首次发表史人工核验,需复核,WL-WORK-2860
黄色紧身衣骑士.md,黄色紧身衣骑士,阿图罗·佩雷斯-雷维特,,T6,T6 当代全球文学,,REVIEW,缺少可机器读取的 year；需要按成书/定稿/首次发表史人工核验,自动通过,WL-WORK-2657
黄金传说.md,黄金传说,雅各布斯·德·沃拉吉内,,T6,T6 当代全球文学,,REVIEW,缺少可机器读取的 year；需要按成书/定稿/首次发表史人工核验,structural_backfill_v1,WL-WORK-R4-黄金传说
黄金罗盘.md,黄金罗盘,菲利普·普尔曼,,T6,T6 当代全球文学,,REVIEW,缺少可机器读取的 year；需要按成书/定稿/首次发表史人工核验,自动通过,WL-WORK-0896
黄雀记.md,黄雀记,苏童,,T6,T6 当代全球文学,,REVIEW,缺少可机器读取的 year；需要按成书/定稿/首次发表史人工核验,需复核,WL-WORK-2886
黎凡特海盗.md,黎凡特海盗,阿图罗·佩雷斯-雷维特,,T6,T6 当代全球文学,,REVIEW,缺少可机器读取的 year；需要按成书/定稿/首次发表史人工核验,自动通过,WL-WORK-2658
黎明.md,黎明,奥克塔维娅·巴特勒,,T6,T6 当代全球文学,,REVIEW,缺少可机器读取的 year；需要按成书/定稿/首次发表史人工核验,自动通过,WL-WORK-0361
黑与蓝.md,黑与蓝,伊恩·兰金,,T6,T6 当代全球文学,,REVIEW,缺少可机器读取的 year；需要按成书/定稿/首次发表史人工核验,自动通过,WL-WORK-0112
黑人的灵魂.md,黑人的灵魂,W. E. B. Du Bois,,T6,T6 当代全球文学,,REVIEW,缺少可机器读取的 year；需要按成书/定稿/首次发表史人工核验,结构补全待书目核验,WL-WORK-R5-018
黑人诗歌集.md,黑人诗歌集,,,T6,T6 当代全球文学,,REVIEW,缺少可机器读取的 year；需要按成书/定稿/首次发表史人工核验,,WL-WORK-R6-020
黑暗塔I：枪侠.md,黑暗塔I：枪侠,斯蒂芬·金,,T6,T6 当代全球文学,,REVIEW,缺少可机器读取的 year；需要按成书/定稿/首次发表史人工核验,自动通过,WL-WORK-0901
黑暗森林.md,黑暗森林,刘慈欣,,T6,T6 当代全球文学,,REVIEW,缺少可机器读取的 year；需要按成书/定稿/首次发表史人工核验,自动通过,WL-WORK-0463
黑暗生态学.md,黑暗生态学,蒂莫西·莫顿,,T6,T6 当代全球文学,,REVIEW,缺少可机器读取的 year；需要按成书/定稿/首次发表史人工核验,metadata_pending,WL-WORK-3267
黑暗的速度.md,黑暗的速度,伊丽莎白·穆恩,,T6,T6 当代全球文学,,REVIEW,缺少可机器读取的 year；需要按成书/定稿/首次发表史人工核验,需复核,WL-WORK-2947
黑樱桃蓝调.md,黑樱桃蓝调,詹姆斯·李·伯克,,T6,T6 当代全球文学,,REVIEW,缺少可机器读取的 year；需要按成书/定稿/首次发表史人工核验,需复核,WL-WORK-3116
黑牢城.md,黑牢城,米泽穗信,,T6,T6 当代全球文学,,REVIEW,缺少可机器读取的 year；需要按成书/定稿/首次发表史人工核验,自动通过,WL-WORK-0202
黑色回声.md,黑色回声,迈克尔·康奈利,,T6,T6 当代全球文学,,REVIEW,缺少可机器读取的 year；需要按成书/定稿/首次发表史人工核验,自动通过,WL-WORK-0109
黑色大丽花.md,黑色大丽花,詹姆斯·埃尔罗伊,,T6,T6 当代全球文学,,REVIEW,缺少可机器读取的 year；需要按成书/定稿/首次发表史人工核验,自动通过,WL-WORK-0096
黑色的使者.md,黑色的使者,塞萨尔·巴列霍,,T6,T6 当代全球文学,,REVIEW,缺少可机器读取的 year；需要按成书/定稿/首次发表史人工核验,自动通过,WL-WORK-1928
黑豹，红狼.md,黑豹，红狼,马龙·詹姆斯,,T6,T6 当代全球文学,,REVIEW,缺少可机器读取的 year；需要按成书/定稿/首次发表史人工核验,自动通过,WL-WORK-0909
鼠族.md,鼠族,阿特·斯皮格曼,,T6,T6 当代全球文学,,REVIEW,缺少可机器读取的 year；需要按成书/定稿/首次发表史人工核验,自动通过,WL-WORK-1340
龙族.md,龙族,江南,,T6,T6 当代全球文学,,REVIEW,缺少可机器读取的 year；需要按成书/定稿/首次发表史人工核验,个人补录,WL-WORK-2743
龙蛋.md,龙蛋,罗伯特·L.福沃德,,T6,T6 当代全球文学,,REVIEW,缺少可机器读取的 year；需要按成书/定稿/首次发表史人工核验,自动通过,WL-WORK-0370
龙飞御天歌.md,龙飞御天歌,郑麟趾等,,T6,T6 当代全球文学,,REVIEW,缺少可机器读取的 year；需要按成书/定稿/首次发表史人工核验,手工核验,WL-WORK-R2-GAP-07
